"geoid","geolevel","year","level","value"
"29001950100","tract",2023,"transportation_score",84.37
"29001950200","tract",2023,"transportation_score",85.27
"29001950300","tract",2023,"transportation_score",91.59
"29001950400","tract",2023,"transportation_score",88.66
"29001950501","tract",2023,"transportation_score",97.77
"29001950502","tract",2023,"transportation_score",94.16
"29001950900","tract",2023,"transportation_score",95.2
"29001951000","tract",2023,"transportation_score",NA
"29003010100","tract",2023,"transportation_score",84.39
"29003010201","tract",2023,"transportation_score",88.56
"29003010202","tract",2023,"transportation_score",85.17
"29003010300","tract",2023,"transportation_score",83.1
"29003010400","tract",2023,"transportation_score",80.49
"29005950100","tract",2023,"transportation_score",87.85
"29005950200","tract",2023,"transportation_score",87.86
"29007950100","tract",2023,"transportation_score",87.66
"29007950200","tract",2023,"transportation_score",88.46
"29007950300","tract",2023,"transportation_score",89.82
"29007950400","tract",2023,"transportation_score",95.98
"29007950500","tract",2023,"transportation_score",86.17
"29007950600","tract",2023,"transportation_score",90.1
"29007950700","tract",2023,"transportation_score",86.12
"29009960101","tract",2023,"transportation_score",85.28
"29009960102","tract",2023,"transportation_score",87.43
"29009960201","tract",2023,"transportation_score",91.59
"29009960202","tract",2023,"transportation_score",87.75
"29009960301","tract",2023,"transportation_score",89.86
"29009960302","tract",2023,"transportation_score",87.72
"29009960401","tract",2023,"transportation_score",88.95
"29009960402","tract",2023,"transportation_score",84.68
"29009960500","tract",2023,"transportation_score",87.88
"29009960600","tract",2023,"transportation_score",90.7
"29011960100","tract",2023,"transportation_score",85.75
"29011960200","tract",2023,"transportation_score",90.04
"29011960300","tract",2023,"transportation_score",100.66
"29013070100","tract",2023,"transportation_score",88.08
"29013070200","tract",2023,"transportation_score",88.44
"29013070300","tract",2023,"transportation_score",85.88
"29013070400","tract",2023,"transportation_score",87.37
"29015460100","tract",2023,"transportation_score",87.71
"29015460200","tract",2023,"transportation_score",93.37
"29015460300","tract",2023,"transportation_score",86.51
"29015460400","tract",2023,"transportation_score",90.83
"29015460701","tract",2023,"transportation_score",91.72
"29015460702","tract",2023,"transportation_score",96.78
"29015460801","tract",2023,"transportation_score",84.42
"29015460802","tract",2023,"transportation_score",86.42
"29017950100","tract",2023,"transportation_score",86.26
"29017950200","tract",2023,"transportation_score",88.68
"29017950300","tract",2023,"transportation_score",86.38
"29019000200","tract",2023,"transportation_score",120.4
"29019000300","tract",2023,"transportation_score",124.93
"29019000500","tract",2023,"transportation_score",138.52
"29019000600","tract",2023,"transportation_score",108.06
"29019000700","tract",2023,"transportation_score",108.3
"29019000900","tract",2023,"transportation_score",98.46
"29019001001","tract",2023,"transportation_score",109.22
"29019001003","tract",2023,"transportation_score",87.77
"29019001004","tract",2023,"transportation_score",86.58
"29019001105","tract",2023,"transportation_score",107.04
"29019001106","tract",2023,"transportation_score",103.35
"29019001107","tract",2023,"transportation_score",104.32
"29019001108","tract",2023,"transportation_score",101.64
"29019001109","tract",2023,"transportation_score",101.62
"29019001110","tract",2023,"transportation_score",87.48
"29019001201","tract",2023,"transportation_score",103.37
"29019001202","tract",2023,"transportation_score",101.72
"29019001300","tract",2023,"transportation_score",111.91
"29019001401","tract",2023,"transportation_score",100.26
"29019001402","tract",2023,"transportation_score",87
"29019001503","tract",2023,"transportation_score",101.37
"29019001505","tract",2023,"transportation_score",94.99
"29019001506","tract",2023,"transportation_score",111.49
"29019001507","tract",2023,"transportation_score",100.55
"29019001508","tract",2023,"transportation_score",99.88
"29019001602","tract",2023,"transportation_score",88.36
"29019001603","tract",2023,"transportation_score",86.23
"29019001604","tract",2023,"transportation_score",109.33
"29019001702","tract",2023,"transportation_score",83.15
"29019001703","tract",2023,"transportation_score",87.15
"29019001704","tract",2023,"transportation_score",86.09
"29019001803","tract",2023,"transportation_score",86.85
"29019001806","tract",2023,"transportation_score",84.3
"29019001807","tract",2023,"transportation_score",99.92
"29019001901","tract",2023,"transportation_score",86.75
"29019001903","tract",2023,"transportation_score",87.29
"29019001904","tract",2023,"transportation_score",86.37
"29019002000","tract",2023,"transportation_score",90.55
"29019002100","tract",2023,"transportation_score",126.51
"29019002200","tract",2023,"transportation_score",NA
"29021000100","tract",2023,"transportation_score",86.13
"29021000200","tract",2023,"transportation_score",85.12
"29021000300","tract",2023,"transportation_score",88.33
"29021000400","tract",2023,"transportation_score",93.86
"29021000500","tract",2023,"transportation_score",90.48
"29021000600","tract",2023,"transportation_score",99.89
"29021000701","tract",2023,"transportation_score",92.24
"29021000702","tract",2023,"transportation_score",104.42
"29021000900","tract",2023,"transportation_score",90.46
"29021001000","tract",2023,"transportation_score",110.24
"29021001100","tract",2023,"transportation_score",101.97
"29021001200","tract",2023,"transportation_score",105.59
"29021001500","tract",2023,"transportation_score",97.23
"29021001600","tract",2023,"transportation_score",103.85
"29021001700","tract",2023,"transportation_score",90.8
"29021001800","tract",2023,"transportation_score",99.56
"29021002100","tract",2023,"transportation_score",98.97
"29021002200","tract",2023,"transportation_score",83.44
"29021002300","tract",2023,"transportation_score",85.42
"29021002400","tract",2023,"transportation_score",99.64
"29021002500","tract",2023,"transportation_score",95.11
"29021002700","tract",2023,"transportation_score",81.92
"29021002800","tract",2023,"transportation_score",83.67
"29021002900","tract",2023,"transportation_score",87.31
"29021003001","tract",2023,"transportation_score",98.62
"29021003002","tract",2023,"transportation_score",97.08
"29023950101","tract",2023,"transportation_score",89.46
"29023950102","tract",2023,"transportation_score",87.5
"29023950201","tract",2023,"transportation_score",85.04
"29023950202","tract",2023,"transportation_score",89.64
"29023950301","tract",2023,"transportation_score",90.92
"29023950302","tract",2023,"transportation_score",90.63
"29023950400","tract",2023,"transportation_score",91.06
"29023950500","tract",2023,"transportation_score",106.42
"29023950600","tract",2023,"transportation_score",89.51
"29023950700","tract",2023,"transportation_score",90.43
"29023950800","tract",2023,"transportation_score",92.96
"29023950900","tract",2023,"transportation_score",93.52
"29025950100","tract",2023,"transportation_score",89.7
"29025950201","tract",2023,"transportation_score",85.15
"29025950202","tract",2023,"transportation_score",89.02
"29027070100","tract",2023,"transportation_score",87.48
"29027070200","tract",2023,"transportation_score",88.89
"29027070301","tract",2023,"transportation_score",84.69
"29027070302","tract",2023,"transportation_score",98.71
"29027070400","tract",2023,"transportation_score",101.68
"29027070500","tract",2023,"transportation_score",84.94
"29027070601","tract",2023,"transportation_score",82.41
"29027070602","tract",2023,"transportation_score",81.95
"29027070701","tract",2023,"transportation_score",85.37
"29027070702","tract",2023,"transportation_score",84.83
"29027070800","tract",2023,"transportation_score",84.75
"29029950101","tract",2023,"transportation_score",88.7
"29029950102","tract",2023,"transportation_score",86.99
"29029950201","tract",2023,"transportation_score",92.16
"29029950202","tract",2023,"transportation_score",87.25
"29029950301","tract",2023,"transportation_score",87.09
"29029950302","tract",2023,"transportation_score",92.53
"29029950401","tract",2023,"transportation_score",86.52
"29029950402","tract",2023,"transportation_score",93.34
"29029950500","tract",2023,"transportation_score",92.2
"29029950600","tract",2023,"transportation_score",84.06
"29029950701","tract",2023,"transportation_score",88.24
"29029950702","tract",2023,"transportation_score",99.84
"29029950801","tract",2023,"transportation_score",87.92
"29029950802","tract",2023,"transportation_score",85.63
"29029950900","tract",2023,"transportation_score",86.04
"29029951101","tract",2023,"transportation_score",90.19
"29029951102","tract",2023,"transportation_score",90.79
"29029951201","tract",2023,"transportation_score",96.53
"29029951202","tract",2023,"transportation_score",97.03
"29031880100","tract",2023,"transportation_score",82.88
"29031880200","tract",2023,"transportation_score",83.79
"29031880300","tract",2023,"transportation_score",87.26
"29031880401","tract",2023,"transportation_score",85.62
"29031880402","tract",2023,"transportation_score",98.89
"29031880501","tract",2023,"transportation_score",85.74
"29031880502","tract",2023,"transportation_score",97.57
"29031880600","tract",2023,"transportation_score",93.9
"29031880700","tract",2023,"transportation_score",96.6
"29031880800","tract",2023,"transportation_score",NA
"29031880900","tract",2023,"transportation_score",88.05
"29031881000","tract",2023,"transportation_score",100.3
"29031881100","tract",2023,"transportation_score",97.24
"29031881200","tract",2023,"transportation_score",95.32
"29031881301","tract",2023,"transportation_score",91.6
"29031881302","tract",2023,"transportation_score",94.44
"29031881400","tract",2023,"transportation_score",111.62
"29031881500","tract",2023,"transportation_score",86.23
"29031881600","tract",2023,"transportation_score",102.97
"29033960100","tract",2023,"transportation_score",85.45
"29033960200","tract",2023,"transportation_score",87.01
"29033960300","tract",2023,"transportation_score",97.56
"29035960100","tract",2023,"transportation_score",88.11
"29035960200","tract",2023,"transportation_score",98.15
"29037060001","tract",2023,"transportation_score",96.6
"29037060003","tract",2023,"transportation_score",101.36
"29037060004","tract",2023,"transportation_score",101.6
"29037060100","tract",2023,"transportation_score",105
"29037060202","tract",2023,"transportation_score",100.06
"29037060305","tract",2023,"transportation_score",87.43
"29037060306","tract",2023,"transportation_score",98.25
"29037060307","tract",2023,"transportation_score",99.46
"29037060308","tract",2023,"transportation_score",87.16
"29037060309","tract",2023,"transportation_score",87.57
"29037060401","tract",2023,"transportation_score",87.26
"29037060402","tract",2023,"transportation_score",83.43
"29037060500","tract",2023,"transportation_score",84.25
"29037060601","tract",2023,"transportation_score",86.06
"29037060602","tract",2023,"transportation_score",87.53
"29037060700","tract",2023,"transportation_score",84.66
"29037060800","tract",2023,"transportation_score",84.26
"29037060904","tract",2023,"transportation_score",89.27
"29037061001","tract",2023,"transportation_score",84.45
"29037061002","tract",2023,"transportation_score",86.33
"29037061100","tract",2023,"transportation_score",85.28
"29037061200","tract",2023,"transportation_score",83.87
"29037061300","tract",2023,"transportation_score",101.76
"29037061400","tract",2023,"transportation_score",87.41
"29039870101","tract",2023,"transportation_score",86.86
"29039870102","tract",2023,"transportation_score",88.24
"29039870200","tract",2023,"transportation_score",92.04
"29039870300","tract",2023,"transportation_score",88.83
"29041470100","tract",2023,"transportation_score",89
"29041470200","tract",2023,"transportation_score",88.05
"29041470300","tract",2023,"transportation_score",89.29
"29043020101","tract",2023,"transportation_score",85.71
"29043020102","tract",2023,"transportation_score",85.77
"29043020201","tract",2023,"transportation_score",84.79
"29043020202","tract",2023,"transportation_score",102.9
"29043020204","tract",2023,"transportation_score",103.79
"29043020205","tract",2023,"transportation_score",86.35
"29043020206","tract",2023,"transportation_score",105.63
"29043020207","tract",2023,"transportation_score",98.07
"29043020302","tract",2023,"transportation_score",104.4
"29043020303","tract",2023,"transportation_score",89.1
"29043020304","tract",2023,"transportation_score",92.59
"29043020307","tract",2023,"transportation_score",86.61
"29043020308","tract",2023,"transportation_score",98.94
"29043020309","tract",2023,"transportation_score",89.62
"29043020310","tract",2023,"transportation_score",84.51
"29043020401","tract",2023,"transportation_score",85.61
"29043020402","tract",2023,"transportation_score",84.48
"29043020501","tract",2023,"transportation_score",83.5
"29043020502","tract",2023,"transportation_score",81.13
"29045950100","tract",2023,"transportation_score",90.66
"29045950200","tract",2023,"transportation_score",81.34
"29045950300","tract",2023,"transportation_score",91.05
"29047020201","tract",2023,"transportation_score",100.58
"29047020202","tract",2023,"transportation_score",106.43
"29047020300","tract",2023,"transportation_score",102.51
"29047020400","tract",2023,"transportation_score",91.87
"29047020500","tract",2023,"transportation_score",99.26
"29047020602","tract",2023,"transportation_score",108.47
"29047020603","tract",2023,"transportation_score",87.84
"29047020604","tract",2023,"transportation_score",100
"29047020802","tract",2023,"transportation_score",101.88
"29047020803","tract",2023,"transportation_score",99.27
"29047020901","tract",2023,"transportation_score",100.22
"29047020902","tract",2023,"transportation_score",99.96
"29047021001","tract",2023,"transportation_score",103.88
"29047021003","tract",2023,"transportation_score",101.11
"29047021004","tract",2023,"transportation_score",104.78
"29047021101","tract",2023,"transportation_score",104.97
"29047021103","tract",2023,"transportation_score",102.43
"29047021104","tract",2023,"transportation_score",105.46
"29047021105","tract",2023,"transportation_score",99.64
"29047021204","tract",2023,"transportation_score",101.41
"29047021208","tract",2023,"transportation_score",106.61
"29047021209","tract",2023,"transportation_score",84.54
"29047021210","tract",2023,"transportation_score",100.98
"29047021211","tract",2023,"transportation_score",87.4
"29047021212","tract",2023,"transportation_score",101.23
"29047021213","tract",2023,"transportation_score",103.95
"29047021214","tract",2023,"transportation_score",87.84
"29047021303","tract",2023,"transportation_score",87.52
"29047021307","tract",2023,"transportation_score",89.24
"29047021309","tract",2023,"transportation_score",99.53
"29047021311","tract",2023,"transportation_score",96.92
"29047021312","tract",2023,"transportation_score",99.21
"29047021313","tract",2023,"transportation_score",100.37
"29047021314","tract",2023,"transportation_score",100.01
"29047021401","tract",2023,"transportation_score",100.14
"29047021403","tract",2023,"transportation_score",100.75
"29047021404","tract",2023,"transportation_score",101.49
"29047021601","tract",2023,"transportation_score",95.9
"29047021602","tract",2023,"transportation_score",86.76
"29047021701","tract",2023,"transportation_score",94.17
"29047021703","tract",2023,"transportation_score",96.28
"29047021704","tract",2023,"transportation_score",89.85
"29047021806","tract",2023,"transportation_score",86.26
"29047021807","tract",2023,"transportation_score",86.25
"29047021808","tract",2023,"transportation_score",99.15
"29047021809","tract",2023,"transportation_score",81.73
"29047021810","tract",2023,"transportation_score",86.04
"29047021811","tract",2023,"transportation_score",89.21
"29047021812","tract",2023,"transportation_score",83.45
"29047021900","tract",2023,"transportation_score",84.03
"29047022000","tract",2023,"transportation_score",89.79
"29047022100","tract",2023,"transportation_score",104.46
"29047022200","tract",2023,"transportation_score",100.55
"29047022301","tract",2023,"transportation_score",102.03
"29047022302","tract",2023,"transportation_score",97.49
"29049960100","tract",2023,"transportation_score",91.25
"29049960201","tract",2023,"transportation_score",85.39
"29049960202","tract",2023,"transportation_score",83.98
"29049960300","tract",2023,"transportation_score",87.01
"29049960400","tract",2023,"transportation_score",87.1
"29051010300","tract",2023,"transportation_score",97.02
"29051010401","tract",2023,"transportation_score",94.43
"29051010402","tract",2023,"transportation_score",100.77
"29051010500","tract",2023,"transportation_score",103.88
"29051010600","tract",2023,"transportation_score",103.06
"29051010701","tract",2023,"transportation_score",102.63
"29051010702","tract",2023,"transportation_score",98.76
"29051010801","tract",2023,"transportation_score",88.45
"29051010802","tract",2023,"transportation_score",96.95
"29051010901","tract",2023,"transportation_score",96.65
"29051010902","tract",2023,"transportation_score",102.73
"29051020198","tract",2023,"transportation_score",NA
"29051020200","tract",2023,"transportation_score",86.22
"29051020300","tract",2023,"transportation_score",84.29
"29051020400","tract",2023,"transportation_score",85.49
"29051020500","tract",2023,"transportation_score",86.81
"29051020600","tract",2023,"transportation_score",82.95
"29051020700","tract",2023,"transportation_score",116.85
"29053950100","tract",2023,"transportation_score",86.33
"29053950200","tract",2023,"transportation_score",NA
"29053950300","tract",2023,"transportation_score",89.45
"29053950400","tract",2023,"transportation_score",92.44
"29053950500","tract",2023,"transportation_score",86.73
"29055450101","tract",2023,"transportation_score",88.42
"29055450103","tract",2023,"transportation_score",95.44
"29055450104","tract",2023,"transportation_score",85.9
"29055450200","tract",2023,"transportation_score",87.18
"29055450301","tract",2023,"transportation_score",89.46
"29055450302","tract",2023,"transportation_score",84.71
"29055450401","tract",2023,"transportation_score",86.95
"29055450402","tract",2023,"transportation_score",88.84
"29057480100","tract",2023,"transportation_score",89.38
"29057480200","tract",2023,"transportation_score",86.86
"29059480100","tract",2023,"transportation_score",89.19
"29059480200","tract",2023,"transportation_score",85.31
"29059480301","tract",2023,"transportation_score",88.67
"29059480302","tract",2023,"transportation_score",88.47
"29061470100","tract",2023,"transportation_score",88.97
"29061470200","tract",2023,"transportation_score",95.59
"29063080101","tract",2023,"transportation_score",88.85
"29063080102","tract",2023,"transportation_score",NA
"29063080200","tract",2023,"transportation_score",86.69
"29065960100","tract",2023,"transportation_score",87.4
"29065960200","tract",2023,"transportation_score",87.74
"29065960300","tract",2023,"transportation_score",86.21
"29065960400","tract",2023,"transportation_score",86.37
"29067950100","tract",2023,"transportation_score",86.24
"29067950200","tract",2023,"transportation_score",88.22
"29067950500","tract",2023,"transportation_score",86.69
"29069360100","tract",2023,"transportation_score",93.63
"29069360200","tract",2023,"transportation_score",89.05
"29069360300","tract",2023,"transportation_score",88.28
"29069360400","tract",2023,"transportation_score",87.87
"29069360500","tract",2023,"transportation_score",92.88
"29069360600","tract",2023,"transportation_score",94.05
"29069360700","tract",2023,"transportation_score",89.57
"29069360800","tract",2023,"transportation_score",90.89
"29069360900","tract",2023,"transportation_score",90.96
"29069361000","tract",2023,"transportation_score",85.47
"29071800101","tract",2023,"transportation_score",85.09
"29071800102","tract",2023,"transportation_score",81.97
"29071800103","tract",2023,"transportation_score",89.65
"29071800104","tract",2023,"transportation_score",80.82
"29071800201","tract",2023,"transportation_score",93.15
"29071800202","tract",2023,"transportation_score",87.28
"29071800301","tract",2023,"transportation_score",84.16
"29071800302","tract",2023,"transportation_score",92.43
"29071800401","tract",2023,"transportation_score",91.27
"29071800403","tract",2023,"transportation_score",83.94
"29071800404","tract",2023,"transportation_score",86.38
"29071800501","tract",2023,"transportation_score",88.17
"29071800502","tract",2023,"transportation_score",87.47
"29071800603","tract",2023,"transportation_score",91.06
"29071800604","tract",2023,"transportation_score",90.76
"29071800605","tract",2023,"transportation_score",89.08
"29071800606","tract",2023,"transportation_score",87.86
"29071800702","tract",2023,"transportation_score",84.6
"29071800703","tract",2023,"transportation_score",87.51
"29071800704","tract",2023,"transportation_score",91.25
"29071800801","tract",2023,"transportation_score",84.76
"29071800802","tract",2023,"transportation_score",85.33
"29071800901","tract",2023,"transportation_score",88.35
"29071800903","tract",2023,"transportation_score",93.04
"29071800904","tract",2023,"transportation_score",85.68
"29071801000","tract",2023,"transportation_score",83.1
"29071801101","tract",2023,"transportation_score",93.5
"29071801102","tract",2023,"transportation_score",87.47
"29073960100","tract",2023,"transportation_score",87.39
"29073960200","tract",2023,"transportation_score",85.76
"29073960300","tract",2023,"transportation_score",85.06
"29073960400","tract",2023,"transportation_score",87.24
"29073960500","tract",2023,"transportation_score",81.61
"29075960100","tract",2023,"transportation_score",86.48
"29075960200","tract",2023,"transportation_score",93.54
"29077000101","tract",2023,"transportation_score",123.62
"29077000102","tract",2023,"transportation_score",109.47
"29077000200","tract",2023,"transportation_score",NA
"29077000300","tract",2023,"transportation_score",104.61
"29077000400","tract",2023,"transportation_score",106.75
"29077000501","tract",2023,"transportation_score",90.84
"29077000502","tract",2023,"transportation_score",118.73
"29077000600","tract",2023,"transportation_score",111.77
"29077000700","tract",2023,"transportation_score",NA
"29077000800","tract",2023,"transportation_score",92.58
"29077000900","tract",2023,"transportation_score",110.13
"29077001000","tract",2023,"transportation_score",110.1
"29077001100","tract",2023,"transportation_score",93.63
"29077001200","tract",2023,"transportation_score",106.34
"29077001301","tract",2023,"transportation_score",107.57
"29077001302","tract",2023,"transportation_score",106.41
"29077001401","tract",2023,"transportation_score",109.84
"29077001402","tract",2023,"transportation_score",105.53
"29077001500","tract",2023,"transportation_score",105.48
"29077001700","tract",2023,"transportation_score",92.91
"29077001800","tract",2023,"transportation_score",110.51
"29077001900","tract",2023,"transportation_score",108.39
"29077002200","tract",2023,"transportation_score",108.4
"29077002300","tract",2023,"transportation_score",106.52
"29077002402","tract",2023,"transportation_score",102.1
"29077002502","tract",2023,"transportation_score",105.9
"29077002600","tract",2023,"transportation_score",106.68
"29077002700","tract",2023,"transportation_score",107.27
"29077002800","tract",2023,"transportation_score",103.84
"29077002900","tract",2023,"transportation_score",103.43
"29077003003","tract",2023,"transportation_score",122.38
"29077003004","tract",2023,"transportation_score",101.59
"29077003100","tract",2023,"transportation_score",100.14
"29077003200","tract",2023,"transportation_score",103.88
"29077003300","tract",2023,"transportation_score",106.54
"29077003600","tract",2023,"transportation_score",105.82
"29077003701","tract",2023,"transportation_score",86.85
"29077003702","tract",2023,"transportation_score",91.26
"29077003801","tract",2023,"transportation_score",86.52
"29077003802","tract",2023,"transportation_score",98.7
"29077003900","tract",2023,"transportation_score",104.67
"29077004002","tract",2023,"transportation_score",101.21
"29077004003","tract",2023,"transportation_score",88.9
"29077004004","tract",2023,"transportation_score",91.76
"29077004005","tract",2023,"transportation_score",104.28
"29077004104","tract",2023,"transportation_score",101.06
"29077004105","tract",2023,"transportation_score",86.21
"29077004106","tract",2023,"transportation_score",85.74
"29077004107","tract",2023,"transportation_score",97.77
"29077004108","tract",2023,"transportation_score",89.72
"29077004109","tract",2023,"transportation_score",100.33
"29077004201","tract",2023,"transportation_score",103.09
"29077004202","tract",2023,"transportation_score",101.55
"29077004303","tract",2023,"transportation_score",81.43
"29077004304","tract",2023,"transportation_score",89.6
"29077004305","tract",2023,"transportation_score",87.52
"29077004306","tract",2023,"transportation_score",100.48
"29077004401","tract",2023,"transportation_score",112.39
"29077004402","tract",2023,"transportation_score",102.82
"29077004500","tract",2023,"transportation_score",100.6
"29077004601","tract",2023,"transportation_score",85.23
"29077004602","tract",2023,"transportation_score",87.5
"29077004700","tract",2023,"transportation_score",87.12
"29077004802","tract",2023,"transportation_score",103.74
"29077004803","tract",2023,"transportation_score",100.38
"29077004804","tract",2023,"transportation_score",88.32
"29077004805","tract",2023,"transportation_score",85.67
"29077004900","tract",2023,"transportation_score",85.3
"29077005001","tract",2023,"transportation_score",90.91
"29077005002","tract",2023,"transportation_score",84.86
"29077005100","tract",2023,"transportation_score",85.46
"29077005201","tract",2023,"transportation_score",93.23
"29077005202","tract",2023,"transportation_score",84.81
"29077005500","tract",2023,"transportation_score",109.01
"29077005600","tract",2023,"transportation_score",108.69
"29077005700","tract",2023,"transportation_score",106.14
"29077005801","tract",2023,"transportation_score",103.81
"29077005802","tract",2023,"transportation_score",107.13
"29079960100","tract",2023,"transportation_score",85.53
"29079960200","tract",2023,"transportation_score",95.93
"29079960300","tract",2023,"transportation_score",87.36
"29079960400","tract",2023,"transportation_score",97.52
"29081950100","tract",2023,"transportation_score",86.5
"29081950200","tract",2023,"transportation_score",85.97
"29081950300","tract",2023,"transportation_score",90.45
"29083950100","tract",2023,"transportation_score",86.59
"29083950200","tract",2023,"transportation_score",84.72
"29083950300","tract",2023,"transportation_score",86.16
"29083950400","tract",2023,"transportation_score",86.71
"29083950500","tract",2023,"transportation_score",87.12
"29083950600","tract",2023,"transportation_score",104.78
"29085470100","tract",2023,"transportation_score",91.69
"29085470300","tract",2023,"transportation_score",85.94
"29085470501","tract",2023,"transportation_score",89.83
"29085470502","tract",2023,"transportation_score",90.97
"29087960100","tract",2023,"transportation_score",87.81
"29087960200","tract",2023,"transportation_score",88.6
"29087960300","tract",2023,"transportation_score",87.64
"29089960100","tract",2023,"transportation_score",85.76
"29089960200","tract",2023,"transportation_score",88.31
"29089960300","tract",2023,"transportation_score",91.16
"29091090101","tract",2023,"transportation_score",87.17
"29091090102","tract",2023,"transportation_score",85.91
"29091090200","tract",2023,"transportation_score",88.81
"29091090300","tract",2023,"transportation_score",86.65
"29091090400","tract",2023,"transportation_score",83.8
"29091090500","tract",2023,"transportation_score",85.66
"29091090600","tract",2023,"transportation_score",89.81
"29091090700","tract",2023,"transportation_score",105.63
"29091090801","tract",2023,"transportation_score",101.81
"29091090802","tract",2023,"transportation_score",89.78
"29093950100","tract",2023,"transportation_score",89.6
"29093950200","tract",2023,"transportation_score",85.63
"29093950300","tract",2023,"transportation_score",87.96
"29093950400","tract",2023,"transportation_score",86.85
"29095000300","tract",2023,"transportation_score",112.07
"29095000600","tract",2023,"transportation_score",104.5
"29095000700","tract",2023,"transportation_score",91.61
"29095000800","tract",2023,"transportation_score",112.5
"29095000900","tract",2023,"transportation_score",118.96
"29095001000","tract",2023,"transportation_score",94.32
"29095001100","tract",2023,"transportation_score",95
"29095001800","tract",2023,"transportation_score",124.58
"29095001900","tract",2023,"transportation_score",108.79
"29095002000","tract",2023,"transportation_score",96.67
"29095002100","tract",2023,"transportation_score",99.92
"29095002200","tract",2023,"transportation_score",109.77
"29095002300","tract",2023,"transportation_score",106.92
"29095003400","tract",2023,"transportation_score",108.64
"29095003700","tract",2023,"transportation_score",90.92
"29095003800","tract",2023,"transportation_score",112.67
"29095004300","tract",2023,"transportation_score",99.2
"29095004400","tract",2023,"transportation_score",94.06
"29095004600","tract",2023,"transportation_score",107.8
"29095005100","tract",2023,"transportation_score",93.06
"29095005200","tract",2023,"transportation_score",119.72
"29095005300","tract",2023,"transportation_score",110.65
"29095005400","tract",2023,"transportation_score",124.01
"29095005500","tract",2023,"transportation_score",94.25
"29095005601","tract",2023,"transportation_score",111.89
"29095005602","tract",2023,"transportation_score",99.52
"29095005700","tract",2023,"transportation_score",105.46
"29095005801","tract",2023,"transportation_score",110.51
"29095006000","tract",2023,"transportation_score",87.93
"29095006100","tract",2023,"transportation_score",104.65
"29095006300","tract",2023,"transportation_score",121.51
"29095006500","tract",2023,"transportation_score",105.83
"29095006600","tract",2023,"transportation_score",100.34
"29095006700","tract",2023,"transportation_score",98.9
"29095006900","tract",2023,"transportation_score",98.46
"29095007100","tract",2023,"transportation_score",104.36
"29095007200","tract",2023,"transportation_score",104.66
"29095007301","tract",2023,"transportation_score",115.48
"29095007302","tract",2023,"transportation_score",111.5
"29095007400","tract",2023,"transportation_score",109.48
"29095007500","tract",2023,"transportation_score",106.53
"29095007600","tract",2023,"transportation_score",107.3
"29095007700","tract",2023,"transportation_score",117.57
"29095007802","tract",2023,"transportation_score",118.65
"29095007900","tract",2023,"transportation_score",104.91
"29095008000","tract",2023,"transportation_score",92.71
"29095008100","tract",2023,"transportation_score",107.44
"29095008200","tract",2023,"transportation_score",93.02
"29095008300","tract",2023,"transportation_score",89.8
"29095008400","tract",2023,"transportation_score",98.76
"29095008500","tract",2023,"transportation_score",99.73
"29095008600","tract",2023,"transportation_score",91.58
"29095008700","tract",2023,"transportation_score",105.94
"29095008800","tract",2023,"transportation_score",114.77
"29095008900","tract",2023,"transportation_score",108.59
"29095009000","tract",2023,"transportation_score",104.68
"29095009100","tract",2023,"transportation_score",102.6
"29095009200","tract",2023,"transportation_score",102.36
"29095009300","tract",2023,"transportation_score",100.4
"29095009400","tract",2023,"transportation_score",108.62
"29095009500","tract",2023,"transportation_score",104.75
"29095009600","tract",2023,"transportation_score",103.48
"29095009700","tract",2023,"transportation_score",117.41
"29095009800","tract",2023,"transportation_score",91.9
"29095009900","tract",2023,"transportation_score",104.3
"29095010001","tract",2023,"transportation_score",104.63
"29095010002","tract",2023,"transportation_score",100.55
"29095010103","tract",2023,"transportation_score",107.82
"29095010105","tract",2023,"transportation_score",103.65
"29095010201","tract",2023,"transportation_score",96.89
"29095010203","tract",2023,"transportation_score",102.53
"29095010204","tract",2023,"transportation_score",102.89
"29095010500","tract",2023,"transportation_score",107.41
"29095010600","tract",2023,"transportation_score",97.71
"29095010702","tract",2023,"transportation_score",111.64
"29095011001","tract",2023,"transportation_score",106.78
"29095011002","tract",2023,"transportation_score",87.02
"29095011100","tract",2023,"transportation_score",92.2
"29095011200","tract",2023,"transportation_score",100.4
"29095011300","tract",2023,"transportation_score",98.61
"29095011405","tract",2023,"transportation_score",104.49
"29095011406","tract",2023,"transportation_score",96.53
"29095011407","tract",2023,"transportation_score",89.01
"29095011408","tract",2023,"transportation_score",123.13
"29095011409","tract",2023,"transportation_score",89.71
"29095011410","tract",2023,"transportation_score",87.93
"29095011501","tract",2023,"transportation_score",97.72
"29095011502","tract",2023,"transportation_score",101.3
"29095011601","tract",2023,"transportation_score",108.06
"29095011602","tract",2023,"transportation_score",102.45
"29095011701","tract",2023,"transportation_score",87.33
"29095011702","tract",2023,"transportation_score",87.04
"29095011800","tract",2023,"transportation_score",101.3
"29095011900","tract",2023,"transportation_score",98.16
"29095012000","tract",2023,"transportation_score",89.47
"29095012100","tract",2023,"transportation_score",101.49
"29095012200","tract",2023,"transportation_score",99.73
"29095012300","tract",2023,"transportation_score",100
"29095012400","tract",2023,"transportation_score",103.82
"29095012501","tract",2023,"transportation_score",98.1
"29095012502","tract",2023,"transportation_score",99.59
"29095012600","tract",2023,"transportation_score",103.06
"29095012702","tract",2023,"transportation_score",102.84
"29095012703","tract",2023,"transportation_score",97.73
"29095012802","tract",2023,"transportation_score",98.99
"29095012803","tract",2023,"transportation_score",91.36
"29095012804","tract",2023,"transportation_score",100.3
"29095012903","tract",2023,"transportation_score",102.38
"29095012904","tract",2023,"transportation_score",102.53
"29095012906","tract",2023,"transportation_score",104.9
"29095013003","tract",2023,"transportation_score",100.35
"29095013100","tract",2023,"transportation_score",114.85
"29095013203","tract",2023,"transportation_score",98.57
"29095013208","tract",2023,"transportation_score",88.77
"29095013210","tract",2023,"transportation_score",105.94
"29095013301","tract",2023,"transportation_score",103.25
"29095013307","tract",2023,"transportation_score",88.2
"29095013309","tract",2023,"transportation_score",101.11
"29095013313","tract",2023,"transportation_score",100.36
"29095013401","tract",2023,"transportation_score",97.15
"29095013405","tract",2023,"transportation_score",97.53
"29095013407","tract",2023,"transportation_score",91.06
"29095013410","tract",2023,"transportation_score",102.47
"29095013416","tract",2023,"transportation_score",92.86
"29095013417","tract",2023,"transportation_score",93.3
"29095013418","tract",2023,"transportation_score",98.9
"29095013502","tract",2023,"transportation_score",86.52
"29095013504","tract",2023,"transportation_score",87.79
"29095013606","tract",2023,"transportation_score",86.42
"29095013612","tract",2023,"transportation_score",87.82
"29095013613","tract",2023,"transportation_score",90.23
"29095013614","tract",2023,"transportation_score",107.76
"29095013615","tract",2023,"transportation_score",89.82
"29095013705","tract",2023,"transportation_score",90.69
"29095013706","tract",2023,"transportation_score",94.45
"29095013707","tract",2023,"transportation_score",88.67
"29095013708","tract",2023,"transportation_score",87.39
"29095013801","tract",2023,"transportation_score",89.22
"29095013803","tract",2023,"transportation_score",87.3
"29095013804","tract",2023,"transportation_score",86.2
"29095013902","tract",2023,"transportation_score",84.48
"29095013904","tract",2023,"transportation_score",84.09
"29095013916","tract",2023,"transportation_score",85.25
"29095013917","tract",2023,"transportation_score",84.85
"29095013918","tract",2023,"transportation_score",87.17
"29095014002","tract",2023,"transportation_score",89.3
"29095014004","tract",2023,"transportation_score",90.66
"29095014005","tract",2023,"transportation_score",96.84
"29095014006","tract",2023,"transportation_score",98.62
"29095014008","tract",2023,"transportation_score",103.57
"29095014009","tract",2023,"transportation_score",86.94
"29095014111","tract",2023,"transportation_score",90.05
"29095014112","tract",2023,"transportation_score",88.25
"29095014120","tract",2023,"transportation_score",86.45
"29095014121","tract",2023,"transportation_score",98.73
"29095014122","tract",2023,"transportation_score",85.78
"29095014123","tract",2023,"transportation_score",99.88
"29095014124","tract",2023,"transportation_score",104.44
"29095014125","tract",2023,"transportation_score",83.11
"29095014126","tract",2023,"transportation_score",101.62
"29095014127","tract",2023,"transportation_score",95.92
"29095014128","tract",2023,"transportation_score",100.03
"29095014203","tract",2023,"transportation_score",97.28
"29095014205","tract",2023,"transportation_score",99.54
"29095014206","tract",2023,"transportation_score",99.26
"29095014300","tract",2023,"transportation_score",85.51
"29095014400","tract",2023,"transportation_score",88.02
"29095014501","tract",2023,"transportation_score",101.65
"29095014503","tract",2023,"transportation_score",90.34
"29095014504","tract",2023,"transportation_score",88.09
"29095014601","tract",2023,"transportation_score",101.47
"29095014603","tract",2023,"transportation_score",98.96
"29095014604","tract",2023,"transportation_score",102
"29095014701","tract",2023,"transportation_score",103.03
"29095014702","tract",2023,"transportation_score",95.46
"29095014804","tract",2023,"transportation_score",85.92
"29095014806","tract",2023,"transportation_score",96.38
"29095014902","tract",2023,"transportation_score",88.21
"29095014903","tract",2023,"transportation_score",85.03
"29095014904","tract",2023,"transportation_score",98.55
"29095014905","tract",2023,"transportation_score",96.41
"29095015000","tract",2023,"transportation_score",86.68
"29095015100","tract",2023,"transportation_score",97.2
"29095015200","tract",2023,"transportation_score",100.85
"29095015300","tract",2023,"transportation_score",112.12
"29095015401","tract",2023,"transportation_score",136.69
"29095015402","tract",2023,"transportation_score",93.18
"29095015500","tract",2023,"transportation_score",105.25
"29095015600","tract",2023,"transportation_score",96.04
"29095015701","tract",2023,"transportation_score",107.3
"29095015702","tract",2023,"transportation_score",124.41
"29095015800","tract",2023,"transportation_score",111.16
"29095015900","tract",2023,"transportation_score",NA
"29095016000","tract",2023,"transportation_score",117.87
"29095016100","tract",2023,"transportation_score",95.39
"29095016200","tract",2023,"transportation_score",106.26
"29095016300","tract",2023,"transportation_score",120.1
"29095016400","tract",2023,"transportation_score",89.41
"29095016500","tract",2023,"transportation_score",94.42
"29095016600","tract",2023,"transportation_score",104.43
"29095016700","tract",2023,"transportation_score",116.04
"29095016801","tract",2023,"transportation_score",114.57
"29095016802","tract",2023,"transportation_score",111.4
"29095016900","tract",2023,"transportation_score",102.03
"29095017000","tract",2023,"transportation_score",98.61
"29095017100","tract",2023,"transportation_score",115.25
"29095017200","tract",2023,"transportation_score",104.24
"29095017300","tract",2023,"transportation_score",102.97
"29095017400","tract",2023,"transportation_score",112.97
"29095017500","tract",2023,"transportation_score",94.05
"29095017600","tract",2023,"transportation_score",97.85
"29095017700","tract",2023,"transportation_score",98.87
"29095017800","tract",2023,"transportation_score",103.3
"29095017900","tract",2023,"transportation_score",88.75
"29095018000","tract",2023,"transportation_score",89.86
"29095018101","tract",2023,"transportation_score",86.79
"29095018102","tract",2023,"transportation_score",93.8
"29095018200","tract",2023,"transportation_score",87.67
"29095018500","tract",2023,"transportation_score",101.83
"29095018600","tract",2023,"transportation_score",88.17
"29095019301","tract",2023,"transportation_score",96.96
"29095019302","tract",2023,"transportation_score",102.75
"29095980101","tract",2023,"transportation_score",NA
"29095980802","tract",2023,"transportation_score",NA
"29095988300","tract",2023,"transportation_score",87.71
"29095989100","tract",2023,"transportation_score",NA
"29095989200","tract",2023,"transportation_score",NA
"29097010100","tract",2023,"transportation_score",104.62
"29097010200","tract",2023,"transportation_score",97.15
"29097010301","tract",2023,"transportation_score",101.8
"29097010302","tract",2023,"transportation_score",97.93
"29097010400","tract",2023,"transportation_score",98.97
"29097010500","tract",2023,"transportation_score",102.39
"29097010601","tract",2023,"transportation_score",101.08
"29097010602","tract",2023,"transportation_score",96.84
"29097010700","tract",2023,"transportation_score",97.1
"29097010800","tract",2023,"transportation_score",101.16
"29097010901","tract",2023,"transportation_score",86.86
"29097010902","tract",2023,"transportation_score",101.81
"29097011000","tract",2023,"transportation_score",110.38
"29097011100","tract",2023,"transportation_score",94.78
"29097011201","tract",2023,"transportation_score",84.39
"29097011202","tract",2023,"transportation_score",97.16
"29097011301","tract",2023,"transportation_score",84.6
"29097011302","tract",2023,"transportation_score",89.04
"29097011400","tract",2023,"transportation_score",96.84
"29097011501","tract",2023,"transportation_score",83.94
"29097011502","tract",2023,"transportation_score",86.71
"29097011600","tract",2023,"transportation_score",104.27
"29097011700","tract",2023,"transportation_score",106.48
"29097011800","tract",2023,"transportation_score",101.06
"29097011900","tract",2023,"transportation_score",87.97
"29097012000","tract",2023,"transportation_score",83.78
"29097012100","tract",2023,"transportation_score",82.06
"29097012201","tract",2023,"transportation_score",89.14
"29097012202","tract",2023,"transportation_score",85.31
"29099700107","tract",2023,"transportation_score",86.9
"29099700111","tract",2023,"transportation_score",94.56
"29099700113","tract",2023,"transportation_score",88.27
"29099700114","tract",2023,"transportation_score",85.04
"29099700115","tract",2023,"transportation_score",85.87
"29099700116","tract",2023,"transportation_score",85.01
"29099700117","tract",2023,"transportation_score",88.45
"29099700118","tract",2023,"transportation_score",93.71
"29099700119","tract",2023,"transportation_score",95.39
"29099700120","tract",2023,"transportation_score",101.41
"29099700121","tract",2023,"transportation_score",95.05
"29099700122","tract",2023,"transportation_score",94.98
"29099700123","tract",2023,"transportation_score",89.16
"29099700124","tract",2023,"transportation_score",85.69
"29099700206","tract",2023,"transportation_score",85.03
"29099700207","tract",2023,"transportation_score",93.61
"29099700208","tract",2023,"transportation_score",97.4
"29099700209","tract",2023,"transportation_score",85.67
"29099700210","tract",2023,"transportation_score",98.64
"29099700211","tract",2023,"transportation_score",87.58
"29099700212","tract",2023,"transportation_score",97.73
"29099700213","tract",2023,"transportation_score",92.87
"29099700302","tract",2023,"transportation_score",96.11
"29099700303","tract",2023,"transportation_score",86.78
"29099700305","tract",2023,"transportation_score",91.43
"29099700306","tract",2023,"transportation_score",93.75
"29099700401","tract",2023,"transportation_score",85.22
"29099700402","tract",2023,"transportation_score",87.4
"29099700502","tract",2023,"transportation_score",87.53
"29099700503","tract",2023,"transportation_score",86.41
"29099700504","tract",2023,"transportation_score",84.02
"29099700603","tract",2023,"transportation_score",93.83
"29099700604","tract",2023,"transportation_score",85.32
"29099700605","tract",2023,"transportation_score",88.11
"29099700606","tract",2023,"transportation_score",95.36
"29099700607","tract",2023,"transportation_score",88.74
"29099700700","tract",2023,"transportation_score",97.64
"29099700801","tract",2023,"transportation_score",95.58
"29099700802","tract",2023,"transportation_score",87.7
"29099700900","tract",2023,"transportation_score",99.77
"29099701001","tract",2023,"transportation_score",84.74
"29099701002","tract",2023,"transportation_score",85.12
"29099701101","tract",2023,"transportation_score",83.29
"29099701102","tract",2023,"transportation_score",82.15
"29099701200","tract",2023,"transportation_score",91.3
"29099701300","tract",2023,"transportation_score",87.39
"29099701401","tract",2023,"transportation_score",85.52
"29099701403","tract",2023,"transportation_score",84.35
"29099701404","tract",2023,"transportation_score",83.6
"29101960101","tract",2023,"transportation_score",86.18
"29101960102","tract",2023,"transportation_score",84.32
"29101960200","tract",2023,"transportation_score",86.65
"29101960301","tract",2023,"transportation_score",86.28
"29101960302","tract",2023,"transportation_score",84.53
"29101960401","tract",2023,"transportation_score",NA
"29101960402","tract",2023,"transportation_score",93.6
"29101960501","tract",2023,"transportation_score",94.01
"29101960502","tract",2023,"transportation_score",91.05
"29101960600","tract",2023,"transportation_score",91.05
"29101960701","tract",2023,"transportation_score",87.67
"29101960702","tract",2023,"transportation_score",87.49
"29101960900","tract",2023,"transportation_score",90.62
"29101980000","tract",2023,"transportation_score",80.71
"29103960100","tract",2023,"transportation_score",95.07
"29103960200","tract",2023,"transportation_score",91.12
"29105960101","tract",2023,"transportation_score",85.69
"29105960102","tract",2023,"transportation_score",90.73
"29105960201","tract",2023,"transportation_score",82.9
"29105960202","tract",2023,"transportation_score",87.59
"29105960301","tract",2023,"transportation_score",89.52
"29105960302","tract",2023,"transportation_score",85.17
"29105960400","tract",2023,"transportation_score",92.34
"29105960500","tract",2023,"transportation_score",91.14
"29105960600","tract",2023,"transportation_score",93.24
"29107090100","tract",2023,"transportation_score",88.88
"29107090200","tract",2023,"transportation_score",86.63
"29107090300","tract",2023,"transportation_score",88.92
"29107090401","tract",2023,"transportation_score",87.07
"29107090402","tract",2023,"transportation_score",88.06
"29107090500","tract",2023,"transportation_score",89.3
"29107090601","tract",2023,"transportation_score",82.75
"29107090602","tract",2023,"transportation_score",85.51
"29109470100","tract",2023,"transportation_score",86.13
"29109470201","tract",2023,"transportation_score",86.15
"29109470202","tract",2023,"transportation_score",94.53
"29109470300","tract",2023,"transportation_score",87.13
"29109470401","tract",2023,"transportation_score",87.48
"29109470402","tract",2023,"transportation_score",89.99
"29109470501","tract",2023,"transportation_score",90.54
"29109470502","tract",2023,"transportation_score",90.3
"29109470601","tract",2023,"transportation_score",89.76
"29109470602","tract",2023,"transportation_score",97.25
"29111970100","tract",2023,"transportation_score",92.15
"29111970200","tract",2023,"transportation_score",87.74
"29111970300","tract",2023,"transportation_score",87.56
"29111970400","tract",2023,"transportation_score",88.31
"29113810100","tract",2023,"transportation_score",86.23
"29113810203","tract",2023,"transportation_score",86.92
"29113810204","tract",2023,"transportation_score",85.93
"29113810205","tract",2023,"transportation_score",85.46
"29113810206","tract",2023,"transportation_score",86.19
"29113810305","tract",2023,"transportation_score",89.38
"29113810306","tract",2023,"transportation_score",95.48
"29113810307","tract",2023,"transportation_score",85.18
"29113810308","tract",2023,"transportation_score",92.76
"29113810309","tract",2023,"transportation_score",83.21
"29113810310","tract",2023,"transportation_score",84.62
"29113810401","tract",2023,"transportation_score",86.66
"29113810402","tract",2023,"transportation_score",85.97
"29115490100","tract",2023,"transportation_score",90.18
"29115490200","tract",2023,"transportation_score",94.22
"29115490300","tract",2023,"transportation_score",84.19
"29115490400","tract",2023,"transportation_score",94.47
"29115490500","tract",2023,"transportation_score",86.8
"29117480100","tract",2023,"transportation_score",85.39
"29117480200","tract",2023,"transportation_score",86.97
"29117480300","tract",2023,"transportation_score",89.56
"29117480400","tract",2023,"transportation_score",87.11
"29117480500","tract",2023,"transportation_score",86.69
"29119070101","tract",2023,"transportation_score",88.34
"29119070102","tract",2023,"transportation_score",88.87
"29119070200","tract",2023,"transportation_score",86.2
"29119070300","tract",2023,"transportation_score",92.63
"29119070401","tract",2023,"transportation_score",91.01
"29119070402","tract",2023,"transportation_score",88.4
"29121960100","tract",2023,"transportation_score",89.32
"29121960200","tract",2023,"transportation_score",94.78
"29121960300","tract",2023,"transportation_score",86.5
"29121960400","tract",2023,"transportation_score",86.74
"29121960500","tract",2023,"transportation_score",88.66
"29123960100","tract",2023,"transportation_score",89.87
"29123960201","tract",2023,"transportation_score",94.93
"29123960202","tract",2023,"transportation_score",86.67
"29123960300","tract",2023,"transportation_score",84.87
"29125880100","tract",2023,"transportation_score",87.77
"29125880298","tract",2023,"transportation_score",90.31
"29125880300","tract",2023,"transportation_score",86.81
"29127960100","tract",2023,"transportation_score",87.29
"29127960200","tract",2023,"transportation_score",83.43
"29127960300","tract",2023,"transportation_score",88.24
"29127960400","tract",2023,"transportation_score",97.29
"29127960500","tract",2023,"transportation_score",95.6
"29127960600","tract",2023,"transportation_score",90.7
"29127960800","tract",2023,"transportation_score",93.02
"29127960900","tract",2023,"transportation_score",91.78
"29129470100","tract",2023,"transportation_score",89.39
"29129470200","tract",2023,"transportation_score",89.4
"29131962501","tract",2023,"transportation_score",83.59
"29131962502","tract",2023,"transportation_score",86.76
"29131962600","tract",2023,"transportation_score",87.33
"29131962701","tract",2023,"transportation_score",86.91
"29131962702","tract",2023,"transportation_score",89.29
"29131962801","tract",2023,"transportation_score",88.15
"29131962802","tract",2023,"transportation_score",83.11
"29131962901","tract",2023,"transportation_score",90.47
"29131962902","tract",2023,"transportation_score",85.35
"29133950100","tract",2023,"transportation_score",NA
"29133950200","tract",2023,"transportation_score",93.72
"29133950300","tract",2023,"transportation_score",82.73
"29133950400","tract",2023,"transportation_score",97.26
"29135385100","tract",2023,"transportation_score",84.73
"29135385200","tract",2023,"transportation_score",88.31
"29135385300","tract",2023,"transportation_score",100.17
"29135385400","tract",2023,"transportation_score",NA
"29137960100","tract",2023,"transportation_score",88.68
"29137960200","tract",2023,"transportation_score",88.32
"29137960300","tract",2023,"transportation_score",98.74
"29139970100","tract",2023,"transportation_score",90.45
"29139970200","tract",2023,"transportation_score",87.77
"29139970300","tract",2023,"transportation_score",84.1
"29139970400","tract",2023,"transportation_score",91.18
"29141470100","tract",2023,"transportation_score",94.95
"29141470200","tract",2023,"transportation_score",87.45
"29141470300","tract",2023,"transportation_score",94.19
"29141470401","tract",2023,"transportation_score",92.6
"29141470402","tract",2023,"transportation_score",87.36
"29141470501","tract",2023,"transportation_score",91.48
"29141470502","tract",2023,"transportation_score",111.43
"29141470503","tract",2023,"transportation_score",91.25
"29143960100","tract",2023,"transportation_score",87.87
"29143960200","tract",2023,"transportation_score",89.49
"29143960300","tract",2023,"transportation_score",87.31
"29143960400","tract",2023,"transportation_score",86.57
"29143960500","tract",2023,"transportation_score",84.66
"29143960600","tract",2023,"transportation_score",87.27
"29145020100","tract",2023,"transportation_score",90.39
"29145020200","tract",2023,"transportation_score",86.29
"29145020300","tract",2023,"transportation_score",86
"29145020401","tract",2023,"transportation_score",86.36
"29145020402","tract",2023,"transportation_score",83.63
"29145020501","tract",2023,"transportation_score",99.28
"29145020502","tract",2023,"transportation_score",97.84
"29145020601","tract",2023,"transportation_score",86.21
"29145020602","tract",2023,"transportation_score",84.49
"29145020700","tract",2023,"transportation_score",88.98
"29145020800","tract",2023,"transportation_score",86.8
"29145020900","tract",2023,"transportation_score",87.88
"29145021000","tract",2023,"transportation_score",89.25
"29147470100","tract",2023,"transportation_score",85.32
"29147470200","tract",2023,"transportation_score",86.54
"29147470301","tract",2023,"transportation_score",93.18
"29147470302","tract",2023,"transportation_score",NA
"29147470400","tract",2023,"transportation_score",87.92
"29147470500","tract",2023,"transportation_score",85.64
"29149480100","tract",2023,"transportation_score",89.83
"29149480200","tract",2023,"transportation_score",85.34
"29149480300","tract",2023,"transportation_score",86.81
"29151490100","tract",2023,"transportation_score",86.96
"29151490200","tract",2023,"transportation_score",87.46
"29151490300","tract",2023,"transportation_score",85.04
"29151490400","tract",2023,"transportation_score",86.79
"29153470101","tract",2023,"transportation_score",91.6
"29153470102","tract",2023,"transportation_score",92.3
"29153470200","tract",2023,"transportation_score",87.31
"29155470100","tract",2023,"transportation_score",85.17
"29155470200","tract",2023,"transportation_score",97.07
"29155470300","tract",2023,"transportation_score",91.57
"29155470400","tract",2023,"transportation_score",95.12
"29155470500","tract",2023,"transportation_score",83.27
"29155470600","tract",2023,"transportation_score",92.59
"29157470100","tract",2023,"transportation_score",78.92
"29157470200","tract",2023,"transportation_score",88.07
"29157470300","tract",2023,"transportation_score",95.27
"29157470400","tract",2023,"transportation_score",97.31
"29157470500","tract",2023,"transportation_score",83.67
"29159480100","tract",2023,"transportation_score",85.11
"29159480200","tract",2023,"transportation_score",87.58
"29159480300","tract",2023,"transportation_score",86.05
"29159480400","tract",2023,"transportation_score",85.77
"29159480500","tract",2023,"transportation_score",87.08
"29159480600","tract",2023,"transportation_score",99.57
"29159480700","tract",2023,"transportation_score",91.66
"29159480800","tract",2023,"transportation_score",87.05
"29159480900","tract",2023,"transportation_score",93.12
"29159481000","tract",2023,"transportation_score",85.69
"29159481100","tract",2023,"transportation_score",92.84
"29161890100","tract",2023,"transportation_score",87.82
"29161890200","tract",2023,"transportation_score",89.74
"29161890301","tract",2023,"transportation_score",88.29
"29161890302","tract",2023,"transportation_score",101.37
"29161890401","tract",2023,"transportation_score",99.46
"29161890402","tract",2023,"transportation_score",NA
"29161890500","tract",2023,"transportation_score",97.83
"29161890600","tract",2023,"transportation_score",88.37
"29161890700","tract",2023,"transportation_score",84.2
"29161890800","tract",2023,"transportation_score",95.48
"29161890900","tract",2023,"transportation_score",89.17
"29161891000","tract",2023,"transportation_score",89.57
"29163460100","tract",2023,"transportation_score",86.25
"29163460200","tract",2023,"transportation_score",84.78
"29163460300","tract",2023,"transportation_score",88.55
"29163460400","tract",2023,"transportation_score",93.56
"29163460500","tract",2023,"transportation_score",86.19
"29165030002","tract",2023,"transportation_score",93.32
"29165030003","tract",2023,"transportation_score",85.33
"29165030004","tract",2023,"transportation_score",103.26
"29165030101","tract",2023,"transportation_score",86.95
"29165030102","tract",2023,"transportation_score",98.26
"29165030103","tract",2023,"transportation_score",88.1
"29165030201","tract",2023,"transportation_score",89.8
"29165030207","tract",2023,"transportation_score",100.18
"29165030208","tract",2023,"transportation_score",85.77
"29165030210","tract",2023,"transportation_score",90.68
"29165030211","tract",2023,"transportation_score",100.48
"29165030212","tract",2023,"transportation_score",103.03
"29165030213","tract",2023,"transportation_score",88.15
"29165030214","tract",2023,"transportation_score",86.99
"29165030215","tract",2023,"transportation_score",87.34
"29165030216","tract",2023,"transportation_score",91.79
"29165030306","tract",2023,"transportation_score",99
"29165030308","tract",2023,"transportation_score",89.27
"29165030309","tract",2023,"transportation_score",100.17
"29165030310","tract",2023,"transportation_score",99.16
"29165030401","tract",2023,"transportation_score",88.19
"29165030501","tract",2023,"transportation_score",90.75
"29165030502","tract",2023,"transportation_score",90.36
"29165030601","tract",2023,"transportation_score",86.21
"29165030602","tract",2023,"transportation_score",83.75
"29165030700","tract",2023,"transportation_score",85.36
"29165980000","tract",2023,"transportation_score",NA
"29167960101","tract",2023,"transportation_score",90.56
"29167960102","tract",2023,"transportation_score",85.83
"29167960201","tract",2023,"transportation_score",84.82
"29167960202","tract",2023,"transportation_score",92.12
"29167960301","tract",2023,"transportation_score",86.61
"29167960302","tract",2023,"transportation_score",87.36
"29167960401","tract",2023,"transportation_score",95.7
"29167960402","tract",2023,"transportation_score",85.69
"29169470101","tract",2023,"transportation_score",84.88
"29169470102","tract",2023,"transportation_score",81.57
"29169470286","tract",2023,"transportation_score",95.97
"29169470288","tract",2023,"transportation_score",87.49
"29169470289","tract",2023,"transportation_score",91.16
"29169470389","tract",2023,"transportation_score",NA
"29169470390","tract",2023,"transportation_score",84.97
"29169470401","tract",2023,"transportation_score",84.43
"29169470402","tract",2023,"transportation_score",88.13
"29169470501","tract",2023,"transportation_score",85.62
"29169470502","tract",2023,"transportation_score",85.5
"29169470601","tract",2023,"transportation_score",NA
"29169470602","tract",2023,"transportation_score",NA
"29171960100","tract",2023,"transportation_score",86.89
"29171960200","tract",2023,"transportation_score",90.76
"29173470100","tract",2023,"transportation_score",88.17
"29173470200","tract",2023,"transportation_score",83.83
"29173470300","tract",2023,"transportation_score",90.61
"29175490100","tract",2023,"transportation_score",82.98
"29175490200","tract",2023,"transportation_score",86.71
"29175490300","tract",2023,"transportation_score",96.53
"29175490400","tract",2023,"transportation_score",86.62
"29175490500","tract",2023,"transportation_score",89.6
"29175490600","tract",2023,"transportation_score",83.25
"29177080001","tract",2023,"transportation_score",86.51
"29177080002","tract",2023,"transportation_score",88.32
"29177080100","tract",2023,"transportation_score",88.07
"29177080201","tract",2023,"transportation_score",100.21
"29177080202","tract",2023,"transportation_score",106.5
"29177080300","tract",2023,"transportation_score",83.81
"29179380100","tract",2023,"transportation_score",89.21
"29179380200","tract",2023,"transportation_score",88.93
"29181870100","tract",2023,"transportation_score",85.83
"29181870200","tract",2023,"transportation_score",88.98
"29181870300","tract",2023,"transportation_score",93.38
"29181870400","tract",2023,"transportation_score",88.67
"29183310100","tract",2023,"transportation_score",83.68
"29183310201","tract",2023,"transportation_score",100.43
"29183310202","tract",2023,"transportation_score",94.88
"29183310301","tract",2023,"transportation_score",97.1
"29183310302","tract",2023,"transportation_score",97.12
"29183310400","tract",2023,"transportation_score",89.76
"29183310501","tract",2023,"transportation_score",107.62
"29183310502","tract",2023,"transportation_score",88.05
"29183310601","tract",2023,"transportation_score",NA
"29183310602","tract",2023,"transportation_score",96.51
"29183310700","tract",2023,"transportation_score",100
"29183310801","tract",2023,"transportation_score",88.88
"29183310802","tract",2023,"transportation_score",98.82
"29183310901","tract",2023,"transportation_score",93.85
"29183310902","tract",2023,"transportation_score",97.15
"29183310903","tract",2023,"transportation_score",97.78
"29183311001","tract",2023,"transportation_score",97.08
"29183311003","tract",2023,"transportation_score",96.85
"29183311004","tract",2023,"transportation_score",96.32
"29183311103","tract",2023,"transportation_score",96.47
"29183311114","tract",2023,"transportation_score",93.62
"29183311122","tract",2023,"transportation_score",96.26
"29183311124","tract",2023,"transportation_score",86.99
"29183311132","tract",2023,"transportation_score",90.22
"29183311145","tract",2023,"transportation_score",95.37
"29183311146","tract",2023,"transportation_score",98.2
"29183311147","tract",2023,"transportation_score",99.08
"29183311148","tract",2023,"transportation_score",95.25
"29183311149","tract",2023,"transportation_score",93.93
"29183311150","tract",2023,"transportation_score",94.71
"29183311151","tract",2023,"transportation_score",87.21
"29183311152","tract",2023,"transportation_score",96.09
"29183311153","tract",2023,"transportation_score",98.26
"29183311154","tract",2023,"transportation_score",97.41
"29183311203","tract",2023,"transportation_score",98.93
"29183311211","tract",2023,"transportation_score",89.39
"29183311212","tract",2023,"transportation_score",96.6
"29183311221","tract",2023,"transportation_score",88.13
"29183311294","tract",2023,"transportation_score",96.9
"29183311296","tract",2023,"transportation_score",95.76
"29183311311","tract",2023,"transportation_score",97.39
"29183311312","tract",2023,"transportation_score",98.04
"29183311322","tract",2023,"transportation_score",97.36
"29183311331","tract",2023,"transportation_score",95.77
"29183311391","tract",2023,"transportation_score",98.68
"29183311422","tract",2023,"transportation_score",97.13
"29183311500","tract",2023,"transportation_score",98.7
"29183311602","tract",2023,"transportation_score",96.97
"29183311603","tract",2023,"transportation_score",93.15
"29183311604","tract",2023,"transportation_score",93.98
"29183311712","tract",2023,"transportation_score",98.86
"29183311721","tract",2023,"transportation_score",94.66
"29183311732","tract",2023,"transportation_score",94.19
"29183311733","tract",2023,"transportation_score",87.34
"29183311734","tract",2023,"transportation_score",86.75
"29183311735","tract",2023,"transportation_score",97.32
"29183311737","tract",2023,"transportation_score",86.41
"29183311738","tract",2023,"transportation_score",92.54
"29183311739","tract",2023,"transportation_score",95.4
"29183311740","tract",2023,"transportation_score",82.27
"29183311801","tract",2023,"transportation_score",94.7
"29183311802","tract",2023,"transportation_score",105.13
"29183311903","tract",2023,"transportation_score",97.22
"29183311904","tract",2023,"transportation_score",87.46
"29183311907","tract",2023,"transportation_score",95.58
"29183311908","tract",2023,"transportation_score",89.47
"29183311909","tract",2023,"transportation_score",87.45
"29183312001","tract",2023,"transportation_score",85.64
"29183312002","tract",2023,"transportation_score",85.22
"29183312003","tract",2023,"transportation_score",86.45
"29183312094","tract",2023,"transportation_score",85.28
"29183312095","tract",2023,"transportation_score",95.39
"29183312096","tract",2023,"transportation_score",96.66
"29183312192","tract",2023,"transportation_score",88.69
"29183312193","tract",2023,"transportation_score",88.38
"29183312194","tract",2023,"transportation_score",94.04
"29183312195","tract",2023,"transportation_score",98.75
"29183312204","tract",2023,"transportation_score",86.56
"29183312206","tract",2023,"transportation_score",81.67
"29183312207","tract",2023,"transportation_score",94.02
"29183312208","tract",2023,"transportation_score",96.88
"29183312209","tract",2023,"transportation_score",86.85
"29183312300","tract",2023,"transportation_score",87.39
"29183312400","tract",2023,"transportation_score",99.74
"29183980000","tract",2023,"transportation_score",NA
"29185480100","tract",2023,"transportation_score",88.07
"29185480200","tract",2023,"transportation_score",88.19
"29185480300","tract",2023,"transportation_score",94.7
"29186960101","tract",2023,"transportation_score",84.52
"29186960102","tract",2023,"transportation_score",82.66
"29186960200","tract",2023,"transportation_score",90.65
"29186960300","tract",2023,"transportation_score",82.6
"29186960400","tract",2023,"transportation_score",83.14
"29187950103","tract",2023,"transportation_score",84.9
"29187950104","tract",2023,"transportation_score",86.58
"29187950105","tract",2023,"transportation_score",86.73
"29187950106","tract",2023,"transportation_score",82.49
"29187950300","tract",2023,"transportation_score",91.73
"29187950401","tract",2023,"transportation_score",86.17
"29187950402","tract",2023,"transportation_score",91.29
"29187950600","tract",2023,"transportation_score",87.7
"29187950701","tract",2023,"transportation_score",84.27
"29187950702","tract",2023,"transportation_score",83.9
"29187950703","tract",2023,"transportation_score",90.21
"29187950801","tract",2023,"transportation_score",87.44
"29187950802","tract",2023,"transportation_score",87.24
"29187950901","tract",2023,"transportation_score",96.23
"29187950902","tract",2023,"transportation_score",NA
"29187951001","tract",2023,"transportation_score",89.14
"29187951002","tract",2023,"transportation_score",86.55
"29187951101","tract",2023,"transportation_score",91.54
"29187951102","tract",2023,"transportation_score",88.94
"29189210101","tract",2023,"transportation_score",95.5
"29189210102","tract",2023,"transportation_score",94.68
"29189210200","tract",2023,"transportation_score",104.83
"29189210300","tract",2023,"transportation_score",106.38
"29189210400","tract",2023,"transportation_score",106.99
"29189210501","tract",2023,"transportation_score",107.18
"29189210502","tract",2023,"transportation_score",113
"29189210600","tract",2023,"transportation_score",107.25
"29189210702","tract",2023,"transportation_score",106.18
"29189210703","tract",2023,"transportation_score",101.05
"29189210704","tract",2023,"transportation_score",103.1
"29189210803","tract",2023,"transportation_score",93.03
"29189210805","tract",2023,"transportation_score",102.32
"29189210806","tract",2023,"transportation_score",97.35
"29189210807","tract",2023,"transportation_score",102.1
"29189210808","tract",2023,"transportation_score",89.88
"29189210912","tract",2023,"transportation_score",101.4
"29189210921","tract",2023,"transportation_score",94.51
"29189210923","tract",2023,"transportation_score",98.37
"29189210924","tract",2023,"transportation_score",101.1
"29189210925","tract",2023,"transportation_score",94.12
"29189210926","tract",2023,"transportation_score",104.6
"29189210927","tract",2023,"transportation_score",94.45
"29189210928","tract",2023,"transportation_score",98.24
"29189211001","tract",2023,"transportation_score",98.55
"29189211002","tract",2023,"transportation_score",97.68
"29189211101","tract",2023,"transportation_score",108.35
"29189211102","tract",2023,"transportation_score",104.24
"29189211201","tract",2023,"transportation_score",105.46
"29189211202","tract",2023,"transportation_score",92.35
"29189211301","tract",2023,"transportation_score",99.59
"29189211331","tract",2023,"transportation_score",98.18
"29189211332","tract",2023,"transportation_score",101.54
"29189211333","tract",2023,"transportation_score",101
"29189211334","tract",2023,"transportation_score",96.96
"29189211401","tract",2023,"transportation_score",97.06
"29189211402","tract",2023,"transportation_score",105.9
"29189211500","tract",2023,"transportation_score",106.71
"29189211600","tract",2023,"transportation_score",89.42
"29189211700","tract",2023,"transportation_score",106.62
"29189211801","tract",2023,"transportation_score",102.71
"29189211802","tract",2023,"transportation_score",102.99
"29189211900","tract",2023,"transportation_score",129.47
"29189212002","tract",2023,"transportation_score",113.91
"29189212003","tract",2023,"transportation_score",111.89
"29189212004","tract",2023,"transportation_score",113.75
"29189212101","tract",2023,"transportation_score",127.5
"29189212102","tract",2023,"transportation_score",114.76
"29189212201","tract",2023,"transportation_score",107.71
"29189212202","tract",2023,"transportation_score",100.7
"29189212300","tract",2023,"transportation_score",102.63
"29189212400","tract",2023,"transportation_score",89.9
"29189212500","tract",2023,"transportation_score",107.16
"29189212600","tract",2023,"transportation_score",100.54
"29189212701","tract",2023,"transportation_score",90.18
"29189212702","tract",2023,"transportation_score",101.48
"29189213102","tract",2023,"transportation_score",66.68
"29189213103","tract",2023,"transportation_score",94.61
"29189213104","tract",2023,"transportation_score",98.04
"29189213202","tract",2023,"transportation_score",100.02
"29189213203","tract",2023,"transportation_score",88.05
"29189213204","tract",2023,"transportation_score",93.38
"29189213301","tract",2023,"transportation_score",106.13
"29189213302","tract",2023,"transportation_score",96
"29189213401","tract",2023,"transportation_score",101.62
"29189213402","tract",2023,"transportation_score",96.87
"29189213500","tract",2023,"transportation_score",100.12
"29189213600","tract",2023,"transportation_score",106.54
"29189213701","tract",2023,"transportation_score",120.4
"29189213702","tract",2023,"transportation_score",111.71
"29189213800","tract",2023,"transportation_score",108.57
"29189213900","tract",2023,"transportation_score",100.96
"29189214100","tract",2023,"transportation_score",106.66
"29189214200","tract",2023,"transportation_score",96.35
"29189214300","tract",2023,"transportation_score",109.74
"29189214400","tract",2023,"transportation_score",102.87
"29189214500","tract",2023,"transportation_score",97.05
"29189214601","tract",2023,"transportation_score",98.26
"29189214602","tract",2023,"transportation_score",100.22
"29189214700","tract",2023,"transportation_score",95.66
"29189214800","tract",2023,"transportation_score",99.36
"29189214901","tract",2023,"transportation_score",89.97
"29189214902","tract",2023,"transportation_score",99.35
"29189215001","tract",2023,"transportation_score",96.39
"29189215003","tract",2023,"transportation_score",100.95
"29189215004","tract",2023,"transportation_score",101.52
"29189215005","tract",2023,"transportation_score",90.82
"29189215102","tract",2023,"transportation_score",92.08
"29189215103","tract",2023,"transportation_score",93.72
"29189215105","tract",2023,"transportation_score",88.25
"29189215141","tract",2023,"transportation_score",98.78
"29189215143","tract",2023,"transportation_score",101.1
"29189215144","tract",2023,"transportation_score",99.87
"29189215145","tract",2023,"transportation_score",107.43
"29189215146","tract",2023,"transportation_score",98.05
"29189215201","tract",2023,"transportation_score",101.25
"29189215231","tract",2023,"transportation_score",99.34
"29189215233","tract",2023,"transportation_score",96.12
"29189215234","tract",2023,"transportation_score",96.76
"29189215235","tract",2023,"transportation_score",102.73
"29189215236","tract",2023,"transportation_score",98.67
"29189215301","tract",2023,"transportation_score",100.75
"29189215302","tract",2023,"transportation_score",87.84
"29189215400","tract",2023,"transportation_score",93.18
"29189215500","tract",2023,"transportation_score",99.28
"29189215600","tract",2023,"transportation_score",96.57
"29189215700","tract",2023,"transportation_score",109.83
"29189215801","tract",2023,"transportation_score",89.92
"29189215802","tract",2023,"transportation_score",96.84
"29189215803","tract",2023,"transportation_score",90.18
"29189215901","tract",2023,"transportation_score",102.45
"29189215902","tract",2023,"transportation_score",105.92
"29189216000","tract",2023,"transportation_score",101.4
"29189216101","tract",2023,"transportation_score",119.67
"29189216102","tract",2023,"transportation_score",137.64
"29189216201","tract",2023,"transportation_score",98.48
"29189216202","tract",2023,"transportation_score",107.63
"29189216300","tract",2023,"transportation_score",NA
"29189216401","tract",2023,"transportation_score",108.62
"29189216402","tract",2023,"transportation_score",101.43
"29189216500","tract",2023,"transportation_score",105.58
"29189216600","tract",2023,"transportation_score",90.07
"29189216700","tract",2023,"transportation_score",88.83
"29189216800","tract",2023,"transportation_score",107.08
"29189216900","tract",2023,"transportation_score",103.01
"29189217000","tract",2023,"transportation_score",106.42
"29189217200","tract",2023,"transportation_score",91.06
"29189217300","tract",2023,"transportation_score",102.53
"29189217400","tract",2023,"transportation_score",100.06
"29189217500","tract",2023,"transportation_score",88.64
"29189217600","tract",2023,"transportation_score",96.69
"29189217701","tract",2023,"transportation_score",85.79
"29189217702","tract",2023,"transportation_score",95.76
"29189217802","tract",2023,"transportation_score",95.93
"29189217806","tract",2023,"transportation_score",90.03
"29189217807","tract",2023,"transportation_score",99.37
"29189217841","tract",2023,"transportation_score",97.67
"29189217851","tract",2023,"transportation_score",100.7
"29189217852","tract",2023,"transportation_score",87.35
"29189217853","tract",2023,"transportation_score",97.29
"29189217854","tract",2023,"transportation_score",92.75
"29189217921","tract",2023,"transportation_score",87.78
"29189217923","tract",2023,"transportation_score",94.93
"29189217931","tract",2023,"transportation_score",95.85
"29189217932","tract",2023,"transportation_score",93.94
"29189217941","tract",2023,"transportation_score",99.95
"29189217942","tract",2023,"transportation_score",96.97
"29189217943","tract",2023,"transportation_score",87.42
"29189217944","tract",2023,"transportation_score",98.36
"29189218012","tract",2023,"transportation_score",87.79
"29189218013","tract",2023,"transportation_score",88.44
"29189218014","tract",2023,"transportation_score",86.47
"29189218015","tract",2023,"transportation_score",86.81
"29189218016","tract",2023,"transportation_score",90.51
"29189218102","tract",2023,"transportation_score",98.71
"29189218104","tract",2023,"transportation_score",89.86
"29189218105","tract",2023,"transportation_score",93.23
"29189218201","tract",2023,"transportation_score",98.32
"29189218300","tract",2023,"transportation_score",103.64
"29189218401","tract",2023,"transportation_score",96.2
"29189218402","tract",2023,"transportation_score",98.25
"29189218500","tract",2023,"transportation_score",97.41
"29189218600","tract",2023,"transportation_score",105.85
"29189218800","tract",2023,"transportation_score",103.27
"29189218901","tract",2023,"transportation_score",98.69
"29189218902","tract",2023,"transportation_score",89.71
"29189219100","tract",2023,"transportation_score",101.75
"29189219200","tract",2023,"transportation_score",105.73
"29189219300","tract",2023,"transportation_score",101.16
"29189219400","tract",2023,"transportation_score",96.3
"29189219501","tract",2023,"transportation_score",100.59
"29189219502","tract",2023,"transportation_score",104.41
"29189219601","tract",2023,"transportation_score",107.1
"29189219602","tract",2023,"transportation_score",101.04
"29189219700","tract",2023,"transportation_score",101.8
"29189219801","tract",2023,"transportation_score",99.5
"29189219802","tract",2023,"transportation_score",105.11
"29189219900","tract",2023,"transportation_score",94.15
"29189220001","tract",2023,"transportation_score",100.43
"29189220002","tract",2023,"transportation_score",99.41
"29189220101","tract",2023,"transportation_score",97.89
"29189220102","tract",2023,"transportation_score",98.52
"29189220200","tract",2023,"transportation_score",100.75
"29189220300","tract",2023,"transportation_score",95.55
"29189220441","tract",2023,"transportation_score",99.46
"29189220442","tract",2023,"transportation_score",97.14
"29189220443","tract",2023,"transportation_score",98.26
"29189220445","tract",2023,"transportation_score",97.1
"29189220446","tract",2023,"transportation_score",96.9
"29189220447","tract",2023,"transportation_score",98.78
"29189220448","tract",2023,"transportation_score",98.42
"29189220449","tract",2023,"transportation_score",93.4
"29189220450","tract",2023,"transportation_score",97.71
"29189220451","tract",2023,"transportation_score",97.71
"29189220452","tract",2023,"transportation_score",93.51
"29189220501","tract",2023,"transportation_score",100.5
"29189220503","tract",2023,"transportation_score",95.14
"29189220504","tract",2023,"transportation_score",100.62
"29189220601","tract",2023,"transportation_score",96.8
"29189220602","tract",2023,"transportation_score",101.48
"29189220701","tract",2023,"transportation_score",99.4
"29189220702","tract",2023,"transportation_score",86.91
"29189220703","tract",2023,"transportation_score",87.9
"29189220801","tract",2023,"transportation_score",99.44
"29189220802","tract",2023,"transportation_score",98.32
"29189220803","tract",2023,"transportation_score",96.77
"29189221000","tract",2023,"transportation_score",104.84
"29189221100","tract",2023,"transportation_score",90.28
"29189221201","tract",2023,"transportation_score",88.47
"29189221202","tract",2023,"transportation_score",96.22
"29189221332","tract",2023,"transportation_score",88.3
"29189221335","tract",2023,"transportation_score",96.47
"29189221336","tract",2023,"transportation_score",98.44
"29189221337","tract",2023,"transportation_score",88.09
"29189221338","tract",2023,"transportation_score",99.23
"29189221339","tract",2023,"transportation_score",95.19
"29189221421","tract",2023,"transportation_score",97.88
"29189221423","tract",2023,"transportation_score",96.15
"29189221424","tract",2023,"transportation_score",98.03
"29189221425","tract",2023,"transportation_score",94.66
"29189221426","tract",2023,"transportation_score",97.93
"29189221502","tract",2023,"transportation_score",89.84
"29189221503","tract",2023,"transportation_score",86.13
"29189221506","tract",2023,"transportation_score",94.66
"29189221621","tract",2023,"transportation_score",88.18
"29189221624","tract",2023,"transportation_score",87.98
"29189221625","tract",2023,"transportation_score",100.42
"29189221626","tract",2023,"transportation_score",86.17
"29189221627","tract",2023,"transportation_score",98.39
"29189221629","tract",2023,"transportation_score",96.95
"29189221630","tract",2023,"transportation_score",96.29
"29189221631","tract",2023,"transportation_score",104.29
"29189221800","tract",2023,"transportation_score",100.82
"29189221900","tract",2023,"transportation_score",97.51
"29189222000","tract",2023,"transportation_score",99.4
"29189222100","tract",2023,"transportation_score",96.72
"29195090100","tract",2023,"transportation_score",91.31
"29195090200","tract",2023,"transportation_score",84.08
"29195090300","tract",2023,"transportation_score",86.06
"29195090400","tract",2023,"transportation_score",87.39
"29195090500","tract",2023,"transportation_score",99.07
"29195090600","tract",2023,"transportation_score",89.42
"29195090700","tract",2023,"transportation_score",90.96
"29195090800","tract",2023,"transportation_score",83.53
"29197470100","tract",2023,"transportation_score",87.75
"29197470200","tract",2023,"transportation_score",83.51
"29199480100","tract",2023,"transportation_score",83.54
"29199480200","tract",2023,"transportation_score",86.37
"29201780100","tract",2023,"transportation_score",87.25
"29201780200","tract",2023,"transportation_score",88.06
"29201780300","tract",2023,"transportation_score",85.9
"29201780400","tract",2023,"transportation_score",81.78
"29201780600","tract",2023,"transportation_score",101.49
"29201780700","tract",2023,"transportation_score",89.55
"29201781000","tract",2023,"transportation_score",83.97
"29201781100","tract",2023,"transportation_score",84.07
"29201781201","tract",2023,"transportation_score",110.39
"29201781202","tract",2023,"transportation_score",105.24
"29201781300","tract",2023,"transportation_score",100.35
"29203470100","tract",2023,"transportation_score",87.89
"29203470200","tract",2023,"transportation_score",89.31
"29205450100","tract",2023,"transportation_score",87.91
"29205450200","tract",2023,"transportation_score",90.5
"29205450300","tract",2023,"transportation_score",87.26
"29207470100","tract",2023,"transportation_score",87.85
"29207470200","tract",2023,"transportation_score",86.34
"29207470300","tract",2023,"transportation_score",85.1
"29207470400","tract",2023,"transportation_score",84.17
"29207470500","tract",2023,"transportation_score",90.84
"29207470600","tract",2023,"transportation_score",84.48
"29207470700","tract",2023,"transportation_score",86.47
"29207470800","tract",2023,"transportation_score",84.25
"29209090101","tract",2023,"transportation_score",84.25
"29209090102","tract",2023,"transportation_score",86.23
"29209090201","tract",2023,"transportation_score",84.81
"29209090202","tract",2023,"transportation_score",92.75
"29209090401","tract",2023,"transportation_score",89.4
"29209090402","tract",2023,"transportation_score",89.04
"29209090501","tract",2023,"transportation_score",92.79
"29209090502","tract",2023,"transportation_score",91.53
"29209090603","tract",2023,"transportation_score",96.3
"29209090604","tract",2023,"transportation_score",90.54
"29209090605","tract",2023,"transportation_score",90.91
"29209090606","tract",2023,"transportation_score",86.46
"29211480100","tract",2023,"transportation_score",90.07
"29211480200","tract",2023,"transportation_score",86.74
"29211480300","tract",2023,"transportation_score",94.69
"29213480106","tract",2023,"transportation_score",91.9
"29213480107","tract",2023,"transportation_score",89.76
"29213480108","tract",2023,"transportation_score",94.82
"29213480109","tract",2023,"transportation_score",93.35
"29213480203","tract",2023,"transportation_score",90.75
"29213480204","tract",2023,"transportation_score",87.2
"29213480205","tract",2023,"transportation_score",97.27
"29213480206","tract",2023,"transportation_score",90.47
"29213480207","tract",2023,"transportation_score",88.03
"29213480208","tract",2023,"transportation_score",87.1
"29213480301","tract",2023,"transportation_score",88.09
"29213480302","tract",2023,"transportation_score",87.59
"29213480402","tract",2023,"transportation_score",90.85
"29213480403","tract",2023,"transportation_score",89.93
"29213480404","tract",2023,"transportation_score",90.91
"29213480501","tract",2023,"transportation_score",89.9
"29213480503","tract",2023,"transportation_score",NA
"29213480504","tract",2023,"transportation_score",90.54
"29215480101","tract",2023,"transportation_score",90.53
"29215480102","tract",2023,"transportation_score",93.53
"29215480201","tract",2023,"transportation_score",91.47
"29215480202","tract",2023,"transportation_score",85.36
"29215480301","tract",2023,"transportation_score",84.64
"29215480302","tract",2023,"transportation_score",90.36
"29215480401","tract",2023,"transportation_score",89.5
"29215480402","tract",2023,"transportation_score",88.96
"29217950100","tract",2023,"transportation_score",92.64
"29217950200","tract",2023,"transportation_score",89.83
"29217950300","tract",2023,"transportation_score",112.47
"29217950400","tract",2023,"transportation_score",108.32
"29217950500","tract",2023,"transportation_score",85.86
"29217950600","tract",2023,"transportation_score",86.53
"29219820104","tract",2023,"transportation_score",85.11
"29219820105","tract",2023,"transportation_score",85.8
"29219820106","tract",2023,"transportation_score",85.64
"29219820107","tract",2023,"transportation_score",88.8
"29219820108","tract",2023,"transportation_score",88.68
"29219820109","tract",2023,"transportation_score",85.3
"29219820201","tract",2023,"transportation_score",85
"29219820203","tract",2023,"transportation_score",90.33
"29219820204","tract",2023,"transportation_score",83.09
"29221460101","tract",2023,"transportation_score",90.91
"29221460102","tract",2023,"transportation_score",89.72
"29221460200","tract",2023,"transportation_score",84.76
"29221460300","tract",2023,"transportation_score",89.35
"29221460400","tract",2023,"transportation_score",85.86
"29221460500","tract",2023,"transportation_score",85.55
"29223690100","tract",2023,"transportation_score",91.01
"29223690200","tract",2023,"transportation_score",87.05
"29223690300","tract",2023,"transportation_score",89.98
"29223690400","tract",2023,"transportation_score",87.21
"29225470101","tract",2023,"transportation_score",90.25
"29225470102","tract",2023,"transportation_score",86.11
"29225470201","tract",2023,"transportation_score",86.14
"29225470202","tract",2023,"transportation_score",89.41
"29225470301","tract",2023,"transportation_score",85.24
"29225470302","tract",2023,"transportation_score",90.87
"29225470401","tract",2023,"transportation_score",89.22
"29225470402","tract",2023,"transportation_score",87.47
"29227960100","tract",2023,"transportation_score",88.27
"29229490100","tract",2023,"transportation_score",83.87
"29229490200","tract",2023,"transportation_score",89.56
"29229490300","tract",2023,"transportation_score",91.51
"29229490400","tract",2023,"transportation_score",89.31
"29510101100","tract",2023,"transportation_score",86.83
"29510101200","tract",2023,"transportation_score",96.9
"29510101300","tract",2023,"transportation_score",100.57
"29510101400","tract",2023,"transportation_score",105.34
"29510101500","tract",2023,"transportation_score",96.35
"29510101800","tract",2023,"transportation_score",109
"29510102100","tract",2023,"transportation_score",96.19
"29510102200","tract",2023,"transportation_score",99.83
"29510102300","tract",2023,"transportation_score",99.45
"29510102400","tract",2023,"transportation_score",106.96
"29510102500","tract",2023,"transportation_score",102.25
"29510103100","tract",2023,"transportation_score",102.78
"29510103400","tract",2023,"transportation_score",99.97
"29510103600","tract",2023,"transportation_score",90.84
"29510103700","tract",2023,"transportation_score",100.62
"29510103800","tract",2023,"transportation_score",98.98
"29510104200","tract",2023,"transportation_score",91.04
"29510104500","tract",2023,"transportation_score",94.54
"29510105198","tract",2023,"transportation_score",127.12
"29510105200","tract",2023,"transportation_score",110.21
"29510105300","tract",2023,"transportation_score",121.51
"29510105400","tract",2023,"transportation_score",92.07
"29510105500","tract",2023,"transportation_score",112.62
"29510106100","tract",2023,"transportation_score",108.75
"29510106200","tract",2023,"transportation_score",108.47
"29510106300","tract",2023,"transportation_score",119.56
"29510106400","tract",2023,"transportation_score",129.66
"29510106500","tract",2023,"transportation_score",124.25
"29510106600","tract",2023,"transportation_score",141.47
"29510106700","tract",2023,"transportation_score",120.69
"29510107200","tract",2023,"transportation_score",113.63
"29510107300","tract",2023,"transportation_score",103.69
"29510107400","tract",2023,"transportation_score",105.56
"29510107500","tract",2023,"transportation_score",109.85
"29510107600","tract",2023,"transportation_score",128.92
"29510108100","tract",2023,"transportation_score",114.57
"29510108200","tract",2023,"transportation_score",114.47
"29510108300","tract",2023,"transportation_score",122.03
"29510109600","tract",2023,"transportation_score",126.36
"29510109700","tract",2023,"transportation_score",111.99
"29510110100","tract",2023,"transportation_score",114.28
"29510110200","tract",2023,"transportation_score",128.36
"29510110300","tract",2023,"transportation_score",126.18
"29510110400","tract",2023,"transportation_score",119.46
"29510110500","tract",2023,"transportation_score",120.59
"29510111100","tract",2023,"transportation_score",104.93
"29510111200","tract",2023,"transportation_score",101.78
"29510111300","tract",2023,"transportation_score",102.78
"29510112100","tract",2023,"transportation_score",102.09
"29510112200","tract",2023,"transportation_score",103.35
"29510112300","tract",2023,"transportation_score",114.16
"29510112400","tract",2023,"transportation_score",125.04
"29510113500","tract",2023,"transportation_score",102.03
"29510114101","tract",2023,"transportation_score",103.4
"29510114102","tract",2023,"transportation_score",99.87
"29510114200","tract",2023,"transportation_score",102.99
"29510114300","tract",2023,"transportation_score",105.74
"29510115100","tract",2023,"transportation_score",103.82
"29510115200","tract",2023,"transportation_score",117.1
"29510115300","tract",2023,"transportation_score",107.1
"29510115400","tract",2023,"transportation_score",110.81
"29510115500","tract",2023,"transportation_score",109.23
"29510115600","tract",2023,"transportation_score",113
"29510115700","tract",2023,"transportation_score",98.77
"29510116100","tract",2023,"transportation_score",108.54
"29510116200","tract",2023,"transportation_score",98.12
"29510116301","tract",2023,"transportation_score",92.68
"29510116302","tract",2023,"transportation_score",117.69
"29510116400","tract",2023,"transportation_score",110.13
"29510116500","tract",2023,"transportation_score",105.87
"29510117100","tract",2023,"transportation_score",105.26
"29510117200","tract",2023,"transportation_score",106.64
"29510117400","tract",2023,"transportation_score",104.49
"29510118100","tract",2023,"transportation_score",107.44
"29510118600","tract",2023,"transportation_score",117.59
"29510119101","tract",2023,"transportation_score",124.78
"29510119102","tract",2023,"transportation_score",120.47
"29510119200","tract",2023,"transportation_score",110.33
"29510119300","tract",2023,"transportation_score",NA
"29510120200","tract",2023,"transportation_score",108.47
"29510121200","tract",2023,"transportation_score",107.09
"29510123100","tract",2023,"transportation_score",104.86
"29510123200","tract",2023,"transportation_score",107.57
"29510123300","tract",2023,"transportation_score",90.84
"29510124100","tract",2023,"transportation_score",113.74
"29510124200","tract",2023,"transportation_score",122.45
"29510124300","tract",2023,"transportation_score",101.72
"29510124600","tract",2023,"transportation_score",116.17
"29510125500","tract",2023,"transportation_score",109.6
"29510125600","tract",2023,"transportation_score",118.26
"29510125700","tract",2023,"transportation_score",107.16
"29510126600","tract",2023,"transportation_score",126.21
"29510126700","tract",2023,"transportation_score",110.84
"29510126800","tract",2023,"transportation_score",91.21
"29510126900","tract",2023,"transportation_score",112.66
"29510127000","tract",2023,"transportation_score",106.16
"29510127100","tract",2023,"transportation_score",104.99
"29510127200","tract",2023,"transportation_score",108.92
"29510127300","tract",2023,"transportation_score",107.59
"29510127400","tract",2023,"transportation_score",101.8
"29510127500","tract",2023,"transportation_score",110.19
"29510127600","tract",2023,"transportation_score",103.6
"29510127700","tract",2023,"transportation_score",120.71
"29510127800","tract",2023,"transportation_score",NA
"29001950100","tract",2023,"transportation_rnk",4.6465
"29001950200","tract",2023,"transportation_rnk",7.9049
"29001950300","tract",2023,"transportation_rnk",40.019
"29001950400","tract",2023,"transportation_rnk",25.85
"29001950501","tract",2023,"transportation_rnk",60.3814
"29001950502","tract",2023,"transportation_rnk",49.1204
"29001950900","tract",2023,"transportation_rnk",52.4203
"29001951000","tract",2023,"transportation_rnk",NA
"29003010100","tract",2023,"transportation_rnk",4.7075
"29003010201","tract",2023,"transportation_rnk",25.3067
"29003010202","tract",2023,"transportation_rnk",7.5057
"29003010300","tract",2023,"transportation_rnk",1.935
"29003010400","tract",2023,"transportation_rnk",0.2124
"29005950100","tract",2023,"transportation_rnk",21.2169
"29005950200","tract",2023,"transportation_rnk",21.278
"29007950100","tract",2023,"transportation_rnk",20.1109
"29007950200","tract",2023,"transportation_rnk",24.7696
"29007950300","tract",2023,"transportation_rnk",31.8748
"29007950400","tract",2023,"transportation_rnk",54.7985
"29007950500","tract",2023,"transportation_rnk",11.9227
"29007950600","tract",2023,"transportation_rnk",33.269
"29007950700","tract",2023,"transportation_rnk",11.6773
"29009960101","tract",2023,"transportation_rnk",7.9415
"29009960102","tract",2023,"transportation_rnk",18.8546
"29009960201","tract",2023,"transportation_rnk",40.019
"29009960202","tract",2023,"transportation_rnk",20.6541
"29009960301","tract",2023,"transportation_rnk",32.0885
"29009960302","tract",2023,"transportation_rnk",20.4856
"29009960401","tract",2023,"transportation_rnk",27.3883
"29009960402","tract",2023,"transportation_rnk",5.6732
"29009960500","tract",2023,"transportation_rnk",21.4025
"29009960600","tract",2023,"transportation_rnk",36.1966
"29011960100","tract",2023,"transportation_rnk",9.9022
"29011960200","tract",2023,"transportation_rnk",32.9541
"29011960300","tract",2023,"transportation_rnk",68.489
"29013070100","tract",2023,"transportation_rnk",22.5306
"29013070200","tract",2023,"transportation_rnk",24.656
"29013070300","tract",2023,"transportation_rnk",10.5273
"29013070400","tract",2023,"transportation_rnk",18.4823
"29015460100","tract",2023,"transportation_rnk",20.4258
"29015460200","tract",2023,"transportation_rnk",46.5359
"29015460300","tract",2023,"transportation_rnk",13.6551
"29015460400","tract",2023,"transportation_rnk",36.7606
"29015460701","tract",2023,"transportation_rnk",40.4952
"29015460702","tract",2023,"transportation_rnk",57.3403
"29015460801","tract",2023,"transportation_rnk",4.7918
"29015460802","tract",2023,"transportation_rnk",13.1948
"29017950100","tract",2023,"transportation_rnk",12.3683
"29017950200","tract",2023,"transportation_rnk",25.9672
"29017950300","tract",2023,"transportation_rnk",13.0007
"29019000200","tract",2023,"transportation_rnk",91.0098
"29019000300","tract",2023,"transportation_rnk",92.6823
"29019000500","tract",2023,"transportation_rnk",95.4109
"29019000600","tract",2023,"transportation_rnk",81.4567
"29019000700","tract",2023,"transportation_rnk",81.7412
"29019000900","tract",2023,"transportation_rnk",62.3311
"29019001001","tract",2023,"transportation_rnk",82.7532
"29019001003","tract",2023,"transportation_rnk",20.764
"29019001004","tract",2023,"transportation_rnk",13.9981
"29019001105","tract",2023,"transportation_rnk",80.2578
"29019001106","tract",2023,"transportation_rnk",74.4979
"29019001107","tract",2023,"transportation_rnk",76.2279
"29019001108","tract",2023,"transportation_rnk",70.8379
"29019001109","tract",2023,"transportation_rnk",70.789
"29019001110","tract",2023,"transportation_rnk",19.1537
"29019001201","tract",2023,"transportation_rnk",74.5309
"29019001202","tract",2023,"transportation_rnk",71.0246
"29019001300","tract",2023,"transportation_rnk",85.3768
"29019001401","tract",2023,"transportation_rnk",67.4549
"29019001402","tract",2023,"transportation_rnk",16.325
"29019001503","tract",2023,"transportation_rnk",70.1908
"29019001505","tract",2023,"transportation_rnk",51.7513
"29019001506","tract",2023,"transportation_rnk",84.9898
"29019001507","tract",2023,"transportation_rnk",68.196
"29019001508","tract",2023,"transportation_rnk",66.4233
"29019001602","tract",2023,"transportation_rnk",24.1982
"29019001603","tract",2023,"transportation_rnk",12.2157
"29019001604","tract",2023,"transportation_rnk",82.857
"29019001702","tract",2023,"transportation_rnk",2.0083
"29019001703","tract",2023,"transportation_rnk",17.176
"29019001704","tract",2023,"transportation_rnk",11.5406
"29019001803","tract",2023,"transportation_rnk",15.4839
"29019001806","tract",2023,"transportation_rnk",4.4695
"29019001807","tract",2023,"transportation_rnk",66.5369
"29019001901","tract",2023,"transportation_rnk",14.9223
"29019001903","tract",2023,"transportation_rnk",18.0073
"29019001904","tract",2023,"transportation_rnk",12.9506
"29019002000","tract",2023,"transportation_rnk",35.4861
"29019002100","tract",2023,"transportation_rnk",93.1426
"29019002200","tract",2023,"transportation_rnk",NA
"29021000100","tract",2023,"transportation_rnk",11.7286
"29021000200","tract",2023,"transportation_rnk",7.2921
"29021000300","tract",2023,"transportation_rnk",24.02
"29021000400","tract",2023,"transportation_rnk",48.1681
"29021000500","tract",2023,"transportation_rnk",35.1308
"29021000600","tract",2023,"transportation_rnk",66.4465
"29021000701","tract",2023,"transportation_rnk",42.4741
"29021000702","tract",2023,"transportation_rnk",76.4085
"29021000900","tract",2023,"transportation_rnk",35.0356
"29021001000","tract",2023,"transportation_rnk",83.7995
"29021001100","tract",2023,"transportation_rnk",71.6216
"29021001200","tract",2023,"transportation_rnk",78.2667
"29021001500","tract",2023,"transportation_rnk",58.7211
"29021001600","tract",2023,"transportation_rnk",75.405
"29021001700","tract",2023,"transportation_rnk",36.6312
"29021001800","tract",2023,"transportation_rnk",65.5431
"29021002100","tract",2023,"transportation_rnk",63.7973
"29021002200","tract",2023,"transportation_rnk",2.4209
"29021002300","tract",2023,"transportation_rnk",8.5129
"29021002400","tract",2023,"transportation_rnk",65.7885
"29021002500","tract",2023,"transportation_rnk",52.131
"29021002700","tract",2023,"transportation_rnk",0.7008
"29021002800","tract",2023,"transportation_rnk",2.93
"29021002900","tract",2023,"transportation_rnk",18.1221
"29021003001","tract",2023,"transportation_rnk",62.7449
"29021003002","tract",2023,"transportation_rnk",58.2754
"29023950101","tract",2023,"transportation_rnk",30.057
"29023950102","tract",2023,"transportation_rnk",19.2636
"29023950201","tract",2023,"transportation_rnk",6.9783
"29023950202","tract",2023,"transportation_rnk",30.9617
"29023950301","tract",2023,"transportation_rnk",37.183
"29023950302","tract",2023,"transportation_rnk",35.8181
"29023950400","tract",2023,"transportation_rnk",37.8252
"29023950500","tract",2023,"transportation_rnk",79.3959
"29023950600","tract",2023,"transportation_rnk",30.3048
"29023950700","tract",2023,"transportation_rnk",34.8793
"29023950800","tract",2023,"transportation_rnk",45.0745
"29023950900","tract",2023,"transportation_rnk",47.0462
"29025950100","tract",2023,"transportation_rnk",31.2559
"29025950201","tract",2023,"transportation_rnk",7.4178
"29025950202","tract",2023,"transportation_rnk",27.785
"29027070100","tract",2023,"transportation_rnk",19.1537
"29027070200","tract",2023,"transportation_rnk",27.0892
"29027070301","tract",2023,"transportation_rnk",5.7062
"29027070302","tract",2023,"transportation_rnk",62.9891
"29027070400","tract",2023,"transportation_rnk",70.9355
"29027070500","tract",2023,"transportation_rnk",6.6133
"29027070601","tract",2023,"transportation_rnk",1.1085
"29027070602","tract",2023,"transportation_rnk",0.7203
"29027070701","tract",2023,"transportation_rnk",8.3102
"29027070702","tract",2023,"transportation_rnk",6.1957
"29027070800","tract",2023,"transportation_rnk",5.9101
"29029950101","tract",2023,"transportation_rnk",26.0576
"29029950102","tract",2023,"transportation_rnk",16.2628
"29029950201","tract",2023,"transportation_rnk",42.186
"29029950202","tract",2023,"transportation_rnk",17.7778
"29029950301","tract",2023,"transportation_rnk",16.85
"29029950302","tract",2023,"transportation_rnk",43.5741
"29029950401","tract",2023,"transportation_rnk",13.7015
"29029950402","tract",2023,"transportation_rnk",46.4309
"29029950500","tract",2023,"transportation_rnk",42.3423
"29029950600","tract",2023,"transportation_rnk",3.842
"29029950701","tract",2023,"transportation_rnk",23.4987
"29029950702","tract",2023,"transportation_rnk",66.3293
"29029950801","tract",2023,"transportation_rnk",21.621
"29029950802","tract",2023,"transportation_rnk",9.3919
"29029950900","tract",2023,"transportation_rnk",11.2952
"29029951101","tract",2023,"transportation_rnk",33.6975
"29029951102","tract",2023,"transportation_rnk",36.5958
"29029951201","tract",2023,"transportation_rnk",56.537
"29029951202","tract",2023,"transportation_rnk",58.135
"29031880100","tract",2023,"transportation_rnk",1.6359
"29031880200","tract",2023,"transportation_rnk",3.1791
"29031880300","tract",2023,"transportation_rnk",17.8352
"29031880401","tract",2023,"transportation_rnk",9.3553
"29031880402","tract",2023,"transportation_rnk",63.5348
"29031880501","tract",2023,"transportation_rnk",9.8546
"29031880502","tract",2023,"transportation_rnk",59.727
"29031880600","tract",2023,"transportation_rnk",48.2743
"29031880700","tract",2023,"transportation_rnk",56.7445
"29031880800","tract",2023,"transportation_rnk",NA
"29031880900","tract",2023,"transportation_rnk",22.3523
"29031881000","tract",2023,"transportation_rnk",67.5563
"29031881100","tract",2023,"transportation_rnk",58.7577
"29031881200","tract",2023,"transportation_rnk",52.7768
"29031881301","tract",2023,"transportation_rnk",40.0544
"29031881302","tract",2023,"transportation_rnk",49.9957
"29031881400","tract",2023,"transportation_rnk",85.1143
"29031881500","tract",2023,"transportation_rnk",12.2157
"29031881600","tract",2023,"transportation_rnk",73.8277
"29033960100","tract",2023,"transportation_rnk",8.6655
"29033960200","tract",2023,"transportation_rnk",16.391
"29033960300","tract",2023,"transportation_rnk",59.705
"29035960100","tract",2023,"transportation_rnk",22.7125
"29035960200","tract",2023,"transportation_rnk",61.4545
"29037060001","tract",2023,"transportation_rnk",56.7445
"29037060003","tract",2023,"transportation_rnk",70.1603
"29037060004","tract",2023,"transportation_rnk",70.7353
"29037060100","tract",2023,"transportation_rnk",77.4011
"29037060202","tract",2023,"transportation_rnk",66.8921
"29037060305","tract",2023,"transportation_rnk",18.8546
"29037060306","tract",2023,"transportation_rnk",61.739
"29037060307","tract",2023,"transportation_rnk",65.2415
"29037060308","tract",2023,"transportation_rnk",17.2492
"29037060309","tract",2023,"transportation_rnk",19.6262
"29037060401","tract",2023,"transportation_rnk",17.8352
"29037060402","tract",2023,"transportation_rnk",2.4026
"29037060500","tract",2023,"transportation_rnk",4.3205
"29037060601","tract",2023,"transportation_rnk",11.3929
"29037060602","tract",2023,"transportation_rnk",19.4174
"29037060700","tract",2023,"transportation_rnk",5.6171
"29037060800","tract",2023,"transportation_rnk",4.3584
"29037060904","tract",2023,"transportation_rnk",29.0645
"29037061001","tract",2023,"transportation_rnk",4.8736
"29037061002","tract",2023,"transportation_rnk",12.7346
"29037061100","tract",2023,"transportation_rnk",7.9415
"29037061200","tract",2023,"transportation_rnk",3.3634
"29037061300","tract",2023,"transportation_rnk",71.1235
"29037061400","tract",2023,"transportation_rnk",18.7386
"29039870101","tract",2023,"transportation_rnk",15.5681
"29039870102","tract",2023,"transportation_rnk",23.4987
"29039870200","tract",2023,"transportation_rnk",41.7648
"29039870300","tract",2023,"transportation_rnk",26.74
"29041470100","tract",2023,"transportation_rnk",27.6434
"29041470200","tract",2023,"transportation_rnk",22.3523
"29041470300","tract",2023,"transportation_rnk",29.1707
"29043020101","tract",2023,"transportation_rnk",9.735
"29043020102","tract",2023,"transportation_rnk",9.984
"29043020201","tract",2023,"transportation_rnk",6.059
"29043020202","tract",2023,"transportation_rnk",73.669
"29043020204","tract",2023,"transportation_rnk",75.2841
"29043020205","tract",2023,"transportation_rnk",12.853
"29043020206","tract",2023,"transportation_rnk",78.3143
"29043020207","tract",2023,"transportation_rnk",61.2335
"29043020302","tract",2023,"transportation_rnk",76.3719
"29043020303","tract",2023,"transportation_rnk",28.1977
"29043020304","tract",2023,"transportation_rnk",43.8122
"29043020307","tract",2023,"transportation_rnk",14.1458
"29043020308","tract",2023,"transportation_rnk",63.6972
"29043020309","tract",2023,"transportation_rnk",30.8725
"29043020310","tract",2023,"transportation_rnk",5.064
"29043020401","tract",2023,"transportation_rnk",9.3211
"29043020402","tract",2023,"transportation_rnk",4.9688
"29043020501","tract",2023,"transportation_rnk",2.5552
"29043020502","tract",2023,"transportation_rnk",0.365
"29045950100","tract",2023,"transportation_rnk",35.9756
"29045950200","tract",2023,"transportation_rnk",0.4322
"29045950300","tract",2023,"transportation_rnk",37.7678
"29047020201","tract",2023,"transportation_rnk",68.2839
"29047020202","tract",2023,"transportation_rnk",79.4155
"29047020300","tract",2023,"transportation_rnk",72.8522
"29047020400","tract",2023,"transportation_rnk",41.0897
"29047020500","tract",2023,"transportation_rnk",64.6348
"29047020602","tract",2023,"transportation_rnk",81.9353
"29047020603","tract",2023,"transportation_rnk",21.1632
"29047020604","tract",2023,"transportation_rnk",66.7407
"29047020802","tract",2023,"transportation_rnk",71.4092
"29047020803","tract",2023,"transportation_rnk",64.68
"29047020901","tract",2023,"transportation_rnk",67.3353
"29047020902","tract",2023,"transportation_rnk",66.6443
"29047021001","tract",2023,"transportation_rnk",75.449
"29047021003","tract",2023,"transportation_rnk",69.5963
"29047021004","tract",2023,"transportation_rnk",77.0629
"29047021101","tract",2023,"transportation_rnk",77.351
"29047021103","tract",2023,"transportation_rnk",72.6496
"29047021104","tract",2023,"transportation_rnk",78.0664
"29047021105","tract",2023,"transportation_rnk",65.7885
"29047021204","tract",2023,"transportation_rnk",70.2873
"29047021208","tract",2023,"transportation_rnk",79.6779
"29047021209","tract",2023,"transportation_rnk",5.1702
"29047021210","tract",2023,"transportation_rnk",69.2837
"29047021211","tract",2023,"transportation_rnk",18.6751
"29047021212","tract",2023,"transportation_rnk",69.8685
"29047021213","tract",2023,"transportation_rnk",75.5796
"29047021214","tract",2023,"transportation_rnk",21.1632
"29047021303","tract",2023,"transportation_rnk",19.3674
"29047021307","tract",2023,"transportation_rnk",28.9192
"29047021309","tract",2023,"transportation_rnk",65.4564
"29047021311","tract",2023,"transportation_rnk",57.7712
"29047021312","tract",2023,"transportation_rnk",64.5164
"29047021313","tract",2023,"transportation_rnk",67.7394
"29047021314","tract",2023,"transportation_rnk",66.7725
"29047021401","tract",2023,"transportation_rnk",67.1106
"29047021403","tract",2023,"transportation_rnk",68.7026
"29047021404","tract",2023,"transportation_rnk",70.4667
"29047021601","tract",2023,"transportation_rnk",54.5446
"29047021602","tract",2023,"transportation_rnk",14.976
"29047021701","tract",2023,"transportation_rnk",49.1448
"29047021703","tract",2023,"transportation_rnk",55.7227
"29047021704","tract",2023,"transportation_rnk",32.0274
"29047021806","tract",2023,"transportation_rnk",12.3683
"29047021807","tract",2023,"transportation_rnk",12.3158
"29047021808","tract",2023,"transportation_rnk",64.3393
"29047021809","tract",2023,"transportation_rnk",0.597
"29047021810","tract",2023,"transportation_rnk",11.2952
"29047021811","tract",2023,"transportation_rnk",28.7605
"29047021812","tract",2023,"transportation_rnk",2.4392
"29047021900","tract",2023,"transportation_rnk",3.7748
"29047022000","tract",2023,"transportation_rnk",31.7344
"29047022100","tract",2023,"transportation_rnk",76.483
"29047022200","tract",2023,"transportation_rnk",68.196
"29047022301","tract",2023,"transportation_rnk",71.7608
"29047022302","tract",2023,"transportation_rnk",59.4951
"29049960100","tract",2023,"transportation_rnk",38.6126
"29049960201","tract",2023,"transportation_rnk",8.3957
"29049960202","tract",2023,"transportation_rnk",3.6466
"29049960300","tract",2023,"transportation_rnk",16.391
"29049960400","tract",2023,"transportation_rnk",16.8988
"29051010300","tract",2023,"transportation_rnk",58.0887
"29051010401","tract",2023,"transportation_rnk",49.9738
"29051010402","tract",2023,"transportation_rnk",68.749
"29051010500","tract",2023,"transportation_rnk",75.449
"29051010600","tract",2023,"transportation_rnk",74.0242
"29051010701","tract",2023,"transportation_rnk",73.1074
"29051010702","tract",2023,"transportation_rnk",63.1515
"29051010801","tract",2023,"transportation_rnk",24.7073
"29051010802","tract",2023,"transportation_rnk",57.8701
"29051010901","tract",2023,"transportation_rnk",56.9264
"29051010902","tract",2023,"transportation_rnk",73.3113
"29051020198","tract",2023,"transportation_rnk",NA
"29051020200","tract",2023,"transportation_rnk",12.1632
"29051020300","tract",2023,"transportation_rnk",4.4402
"29051020400","tract",2023,"transportation_rnk",8.8291
"29051020500","tract",2023,"transportation_rnk",15.258
"29051020600","tract",2023,"transportation_rnk",1.736
"29051020700","tract",2023,"transportation_rnk",89.1419
"29053950100","tract",2023,"transportation_rnk",12.7346
"29053950200","tract",2023,"transportation_rnk",NA
"29053950300","tract",2023,"transportation_rnk",30.0033
"29053950400","tract",2023,"transportation_rnk",43.2665
"29053950500","tract",2023,"transportation_rnk",14.8124
"29055450101","tract",2023,"transportation_rnk",24.5498
"29055450103","tract",2023,"transportation_rnk",53.1601
"29055450104","tract",2023,"transportation_rnk",10.6469
"29055450200","tract",2023,"transportation_rnk",17.3774
"29055450301","tract",2023,"transportation_rnk",30.057
"29055450302","tract",2023,"transportation_rnk",5.7611
"29055450401","tract",2023,"transportation_rnk",16.0516
"29055450402","tract",2023,"transportation_rnk",26.8023
"29057480100","tract",2023,"transportation_rnk",29.6358
"29057480200","tract",2023,"transportation_rnk",15.5681
"29059480100","tract",2023,"transportation_rnk",28.6518
"29059480200","tract",2023,"transportation_rnk",8.0673
"29059480301","tract",2023,"transportation_rnk",25.9196
"29059480302","tract",2023,"transportation_rnk",24.8184
"29061470100","tract",2023,"transportation_rnk",27.4908
"29061470200","tract",2023,"transportation_rnk",53.618
"29063080101","tract",2023,"transportation_rnk",26.867
"29063080102","tract",2023,"transportation_rnk",NA
"29063080200","tract",2023,"transportation_rnk",14.5841
"29065960100","tract",2023,"transportation_rnk",18.6751
"29065960200","tract",2023,"transportation_rnk",20.5955
"29065960300","tract",2023,"transportation_rnk",12.0973
"29065960400","tract",2023,"transportation_rnk",12.9506
"29067950100","tract",2023,"transportation_rnk",12.2719
"29067950200","tract",2023,"transportation_rnk",23.3888
"29067950500","tract",2023,"transportation_rnk",14.5841
"29069360100","tract",2023,"transportation_rnk",47.4051
"29069360200","tract",2023,"transportation_rnk",27.9315
"29069360300","tract",2023,"transportation_rnk",23.7441
"29069360400","tract",2023,"transportation_rnk",21.3415
"29069360500","tract",2023,"transportation_rnk",44.834
"29069360600","tract",2023,"transportation_rnk",48.7224
"29069360700","tract",2023,"transportation_rnk",30.6223
"29069360800","tract",2023,"transportation_rnk",37.0463
"29069360900","tract",2023,"transportation_rnk",37.3613
"29069361000","tract",2023,"transportation_rnk",8.7497
"29071800101","tract",2023,"transportation_rnk",7.181
"29071800102","tract",2023,"transportation_rnk",0.7337
"29071800103","tract",2023,"transportation_rnk",31.0129
"29071800104","tract",2023,"transportation_rnk",0.2784
"29071800201","tract",2023,"transportation_rnk",45.7143
"29071800202","tract",2023,"transportation_rnk",17.9524
"29071800301","tract",2023,"transportation_rnk",4.0922
"29071800302","tract",2023,"transportation_rnk",43.2311
"29071800401","tract",2023,"transportation_rnk",38.6981
"29071800403","tract",2023,"transportation_rnk",3.5368
"29071800404","tract",2023,"transportation_rnk",13.0007
"29071800501","tract",2023,"transportation_rnk",23.086
"29071800502","tract",2023,"transportation_rnk",19.0963
"29071800603","tract",2023,"transportation_rnk",37.8252
"29071800604","tract",2023,"transportation_rnk",36.453
"29071800605","tract",2023,"transportation_rnk",28.0805
"29071800606","tract",2023,"transportation_rnk",21.278
"29071800702","tract",2023,"transportation_rnk",5.4034
"29071800703","tract",2023,"transportation_rnk",19.3112
"29071800704","tract",2023,"transportation_rnk",38.6126
"29071800801","tract",2023,"transportation_rnk",5.9479
"29071800802","tract",2023,"transportation_rnk",8.1479
"29071800901","tract",2023,"transportation_rnk",24.1555
"29071800903","tract",2023,"transportation_rnk",45.3456
"29071800904","tract",2023,"transportation_rnk",9.6129
"29071801000","tract",2023,"transportation_rnk",1.935
"29071801101","tract",2023,"transportation_rnk",46.9717
"29071801102","tract",2023,"transportation_rnk",19.0963
"29073960100","tract",2023,"transportation_rnk",18.6165
"29073960200","tract",2023,"transportation_rnk",9.9413
"29073960300","tract",2023,"transportation_rnk",7.0601
"29073960400","tract",2023,"transportation_rnk",17.7143
"29073960500","tract",2023,"transportation_rnk",0.5469
"29075960100","tract",2023,"transportation_rnk",13.5025
"29075960200","tract",2023,"transportation_rnk",47.1109
"29077000101","tract",2023,"transportation_rnk",92.2794
"29077000102","tract",2023,"transportation_rnk",83.0059
"29077000200","tract",2023,"transportation_rnk",NA
"29077000300","tract",2023,"transportation_rnk",76.7492
"29077000400","tract",2023,"transportation_rnk",79.8891
"29077000501","tract",2023,"transportation_rnk",36.7997
"29077000502","tract",2023,"transportation_rnk",90.2016
"29077000600","tract",2023,"transportation_rnk",85.2498
"29077000700","tract",2023,"transportation_rnk",NA
"29077000800","tract",2023,"transportation_rnk",43.7621
"29077000900","tract",2023,"transportation_rnk",83.6921
"29077001000","tract",2023,"transportation_rnk",83.6603
"29077001100","tract",2023,"transportation_rnk",47.4051
"29077001200","tract",2023,"transportation_rnk",79.308
"29077001301","tract",2023,"transportation_rnk",80.878
"29077001302","tract",2023,"transportation_rnk",79.3837
"29077001401","tract",2023,"transportation_rnk",83.3905
"29077001402","tract",2023,"transportation_rnk",78.1665
"29077001500","tract",2023,"transportation_rnk",78.0933
"29077001700","tract",2023,"transportation_rnk",44.9341
"29077001800","tract",2023,"transportation_rnk",84.04
"29077001900","tract",2023,"transportation_rnk",81.851
"29077002200","tract",2023,"transportation_rnk",81.8657
"29077002300","tract",2023,"transportation_rnk",79.5559
"29077002402","tract",2023,"transportation_rnk",71.9171
"29077002502","tract",2023,"transportation_rnk",78.6903
"29077002600","tract",2023,"transportation_rnk",79.7939
"29077002700","tract",2023,"transportation_rnk",80.5313
"29077002800","tract",2023,"transportation_rnk",75.383
"29077002900","tract",2023,"transportation_rnk",74.6432
"29077003003","tract",2023,"transportation_rnk",91.8265
"29077003004","tract",2023,"transportation_rnk",70.7194
"29077003100","tract",2023,"transportation_rnk",67.1106
"29077003200","tract",2023,"transportation_rnk",75.449
"29077003300","tract",2023,"transportation_rnk",79.59
"29077003600","tract",2023,"transportation_rnk",78.5731
"29077003701","tract",2023,"transportation_rnk",15.4839
"29077003702","tract",2023,"transportation_rnk",38.648
"29077003801","tract",2023,"transportation_rnk",13.7015
"29077003802","tract",2023,"transportation_rnk",62.9561
"29077003900","tract",2023,"transportation_rnk",76.8761
"29077004002","tract",2023,"transportation_rnk",69.8185
"29077004003","tract",2023,"transportation_rnk",27.1392
"29077004004","tract",2023,"transportation_rnk",40.6343
"29077004005","tract",2023,"transportation_rnk",76.1387
"29077004104","tract",2023,"transportation_rnk",69.4778
"29077004105","tract",2023,"transportation_rnk",12.0973
"29077004106","tract",2023,"transportation_rnk",9.8546
"29077004107","tract",2023,"transportation_rnk",60.3814
"29077004108","tract",2023,"transportation_rnk",31.3694
"29077004109","tract",2023,"transportation_rnk",67.6295
"29077004201","tract",2023,"transportation_rnk",74.078
"29077004202","tract",2023,"transportation_rnk",70.612
"29077004303","tract",2023,"transportation_rnk",0.4639
"29077004304","tract",2023,"transportation_rnk",30.7834
"29077004305","tract",2023,"transportation_rnk",19.3674
"29077004306","tract",2023,"transportation_rnk",68.0128
"29077004401","tract",2023,"transportation_rnk",85.8212
"29077004402","tract",2023,"transportation_rnk",73.4883
"29077004500","tract",2023,"transportation_rnk",68.3339
"29077004601","tract",2023,"transportation_rnk",7.7523
"29077004602","tract",2023,"transportation_rnk",19.2636
"29077004700","tract",2023,"transportation_rnk",17.0038
"29077004802","tract",2023,"transportation_rnk",75.2036
"29077004803","tract",2023,"transportation_rnk",67.7699
"29077004804","tract",2023,"transportation_rnk",23.9638
"29077004805","tract",2023,"transportation_rnk",9.5616
"29077004900","tract",2023,"transportation_rnk",8.0197
"29077005001","tract",2023,"transportation_rnk",37.1318
"29077005002","tract",2023,"transportation_rnk",6.3044
"29077005100","tract",2023,"transportation_rnk",8.707
"29077005201","tract",2023,"transportation_rnk",46.017
"29077005202","tract",2023,"transportation_rnk",6.1201
"29077005500","tract",2023,"transportation_rnk",82.5152
"29077005600","tract",2023,"transportation_rnk",82.166
"29077005700","tract",2023,"transportation_rnk",79.0199
"29077005801","tract",2023,"transportation_rnk",75.3183
"29077005802","tract",2023,"transportation_rnk",80.3872
"29079960100","tract",2023,"transportation_rnk",8.9829
"29079960200","tract",2023,"transportation_rnk",54.6337
"29079960300","tract",2023,"transportation_rnk",18.4139
"29079960400","tract",2023,"transportation_rnk",59.5744
"29081950100","tract",2023,"transportation_rnk",13.6099
"29081950200","tract",2023,"transportation_rnk",10.9631
"29081950300","tract",2023,"transportation_rnk",34.9831
"29083950100","tract",2023,"transportation_rnk",14.0372
"29083950200","tract",2023,"transportation_rnk",5.8014
"29083950300","tract",2023,"transportation_rnk",11.8775
"29083950400","tract",2023,"transportation_rnk",14.705
"29083950500","tract",2023,"transportation_rnk",17.0038
"29083950600","tract",2023,"transportation_rnk",77.0629
"29085470100","tract",2023,"transportation_rnk",40.4036
"29085470300","tract",2023,"transportation_rnk",10.8313
"29085470501","tract",2023,"transportation_rnk",31.9249
"29085470502","tract",2023,"transportation_rnk",37.4052
"29087960100","tract",2023,"transportation_rnk",21.0008
"29087960200","tract",2023,"transportation_rnk",25.5167
"29087960300","tract",2023,"transportation_rnk",20.0046
"29089960100","tract",2023,"transportation_rnk",9.9413
"29089960200","tract",2023,"transportation_rnk",23.9052
"29089960300","tract",2023,"transportation_rnk",38.261
"29091090101","tract",2023,"transportation_rnk",17.3041
"29091090102","tract",2023,"transportation_rnk",10.6921
"29091090200","tract",2023,"transportation_rnk",26.6252
"29091090300","tract",2023,"transportation_rnk",14.3607
"29091090400","tract",2023,"transportation_rnk",3.1937
"29091090500","tract",2023,"transportation_rnk",9.5115
"29091090600","tract",2023,"transportation_rnk",31.8138
"29091090700","tract",2023,"transportation_rnk",78.3143
"29091090801","tract",2023,"transportation_rnk",71.2713
"29091090802","tract",2023,"transportation_rnk",31.6844
"29093950100","tract",2023,"transportation_rnk",30.7834
"29093950200","tract",2023,"transportation_rnk",9.3919
"29093950300","tract",2023,"transportation_rnk",21.8615
"29093950400","tract",2023,"transportation_rnk",15.4839
"29095000300","tract",2023,"transportation_rnk",85.5343
"29095000600","tract",2023,"transportation_rnk",76.555
"29095000700","tract",2023,"transportation_rnk",40.0996
"29095000800","tract",2023,"transportation_rnk",85.9103
"29095000900","tract",2023,"transportation_rnk",90.3102
"29095001000","tract",2023,"transportation_rnk",49.6466
"29095001100","tract",2023,"transportation_rnk",51.7818
"29095001800","tract",2023,"transportation_rnk",92.5883
"29095001900","tract",2023,"transportation_rnk",82.2808
"29095002000","tract",2023,"transportation_rnk",57.0009
"29095002100","tract",2023,"transportation_rnk",66.5369
"29095002200","tract",2023,"transportation_rnk",83.3087
"29095002300","tract",2023,"transportation_rnk",80.1113
"29095003400","tract",2023,"transportation_rnk",82.1111
"29095003700","tract",2023,"transportation_rnk",37.183
"29095003800","tract",2023,"transportation_rnk",86.0776
"29095004300","tract",2023,"transportation_rnk",64.4968
"29095004400","tract",2023,"transportation_rnk",48.7493
"29095004600","tract",2023,"transportation_rnk",81.1344
"29095005100","tract",2023,"transportation_rnk",45.4029
"29095005200","tract",2023,"transportation_rnk",90.6911
"29095005300","tract",2023,"transportation_rnk",84.1767
"29095005400","tract",2023,"transportation_rnk",92.4101
"29095005500","tract",2023,"transportation_rnk",49.4097
"29095005601","tract",2023,"transportation_rnk",85.3573
"29095005602","tract",2023,"transportation_rnk",65.4283
"29095005700","tract",2023,"transportation_rnk",78.0664
"29095005801","tract",2023,"transportation_rnk",84.04
"29095006000","tract",2023,"transportation_rnk",21.687
"29095006100","tract",2023,"transportation_rnk",76.8273
"29095006300","tract",2023,"transportation_rnk",91.4944
"29095006500","tract",2023,"transportation_rnk",78.5877
"29095006600","tract",2023,"transportation_rnk",67.649
"29095006700","tract",2023,"transportation_rnk",63.5641
"29095006900","tract",2023,"transportation_rnk",62.3311
"29095007100","tract",2023,"transportation_rnk",76.3109
"29095007200","tract",2023,"transportation_rnk",76.8578
"29095007301","tract",2023,"transportation_rnk",88.28
"29095007302","tract",2023,"transportation_rnk",85.002
"29095007400","tract",2023,"transportation_rnk",83.023
"29095007500","tract",2023,"transportation_rnk",79.5681
"29095007600","tract",2023,"transportation_rnk",80.5716
"29095007700","tract",2023,"transportation_rnk",89.5594
"29095007802","tract",2023,"transportation_rnk",90.1613
"29095007900","tract",2023,"transportation_rnk",77.2656
"29095008000","tract",2023,"transportation_rnk",44.2956
"29095008100","tract",2023,"transportation_rnk",80.7254
"29095008200","tract",2023,"transportation_rnk",45.2784
"29095008300","tract",2023,"transportation_rnk",31.7674
"29095008400","tract",2023,"transportation_rnk",63.1515
"29095008500","tract",2023,"transportation_rnk",66.0363
"29095008600","tract",2023,"transportation_rnk",39.9824
"29095008700","tract",2023,"transportation_rnk",78.7489
"29095008800","tract",2023,"transportation_rnk",87.7733
"29095008900","tract",2023,"transportation_rnk",82.0647
"29095009000","tract",2023,"transportation_rnk",76.8932
"29095009100","tract",2023,"transportation_rnk",73.039
"29095009200","tract",2023,"transportation_rnk",72.4689
"29095009300","tract",2023,"transportation_rnk",67.8114
"29095009400","tract",2023,"transportation_rnk",82.0928
"29095009500","tract",2023,"transportation_rnk",77.019
"29095009600","tract",2023,"transportation_rnk",74.7274
"29095009700","tract",2023,"transportation_rnk",89.48
"29095009800","tract",2023,"transportation_rnk",41.2057
"29095009900","tract",2023,"transportation_rnk",76.1754
"29095010001","tract",2023,"transportation_rnk",76.7992
"29095010002","tract",2023,"transportation_rnk",68.196
"29095010103","tract",2023,"transportation_rnk",81.1625
"29095010105","tract",2023,"transportation_rnk",75.062
"29095010201","tract",2023,"transportation_rnk",57.6699
"29095010203","tract",2023,"transportation_rnk",72.8901
"29095010204","tract",2023,"transportation_rnk",73.6494
"29095010500","tract",2023,"transportation_rnk",80.6912
"29095010600","tract",2023,"transportation_rnk",60.1861
"29095010702","tract",2023,"transportation_rnk",85.1387
"29095011001","tract",2023,"transportation_rnk",79.9209
"29095011002","tract",2023,"transportation_rnk",16.4557
"29095011100","tract",2023,"transportation_rnk",42.3423
"29095011200","tract",2023,"transportation_rnk",67.8114
"29095011300","tract",2023,"transportation_rnk",62.7144
"29095011405","tract",2023,"transportation_rnk",76.5392
"29095011406","tract",2023,"transportation_rnk",56.537
"29095011407","tract",2023,"transportation_rnk",27.724
"29095011408","tract",2023,"transportation_rnk",92.1109
"29095011409","tract",2023,"transportation_rnk",31.323
"29095011410","tract",2023,"transportation_rnk",21.687
"29095011501","tract",2023,"transportation_rnk",60.2215
"29095011502","tract",2023,"transportation_rnk",70.0126
"29095011601","tract",2023,"transportation_rnk",81.4567
"29095011602","tract",2023,"transportation_rnk",72.696
"29095011701","tract",2023,"transportation_rnk",18.2405
"29095011702","tract",2023,"transportation_rnk",16.5643
"29095011800","tract",2023,"transportation_rnk",70.0126
"29095011900","tract",2023,"transportation_rnk",61.4924
"29095012000","tract",2023,"transportation_rnk",30.1193
"29095012100","tract",2023,"transportation_rnk",70.4667
"29095012200","tract",2023,"transportation_rnk",66.0363
"29095012300","tract",2023,"transportation_rnk",66.7407
"29095012400","tract",2023,"transportation_rnk",75.3476
"29095012501","tract",2023,"transportation_rnk",61.3092
"29095012502","tract",2023,"transportation_rnk",65.6444
"29095012600","tract",2023,"transportation_rnk",74.0242
"29095012702","tract",2023,"transportation_rnk",73.5457
"29095012703","tract",2023,"transportation_rnk",60.2459
"29095012802","tract",2023,"transportation_rnk",63.8571
"29095012803","tract",2023,"transportation_rnk",39.0595
"29095012804","tract",2023,"transportation_rnk",67.5563
"29095012903","tract",2023,"transportation_rnk",72.5226
"29095012904","tract",2023,"transportation_rnk",72.8901
"29095012906","tract",2023,"transportation_rnk",77.2534
"29095013003","tract",2023,"transportation_rnk",67.6783
"29095013100","tract",2023,"transportation_rnk",87.827
"29095013203","tract",2023,"transportation_rnk",62.6009
"29095013208","tract",2023,"transportation_rnk",26.4372
"29095013210","tract",2023,"transportation_rnk",78.7489
"29095013301","tract",2023,"transportation_rnk",74.3441
"29095013307","tract",2023,"transportation_rnk",23.2777
"29095013309","tract",2023,"transportation_rnk",69.5963
"29095013313","tract",2023,"transportation_rnk",67.7137
"29095013401","tract",2023,"transportation_rnk",58.516
"29095013405","tract",2023,"transportation_rnk",59.611
"29095013407","tract",2023,"transportation_rnk",37.8252
"29095013410","tract",2023,"transportation_rnk",72.7436
"29095013416","tract",2023,"transportation_rnk",44.7681
"29095013417","tract",2023,"transportation_rnk",46.2954
"29095013418","tract",2023,"transportation_rnk",63.5641
"29095013502","tract",2023,"transportation_rnk",13.7015
"29095013504","tract",2023,"transportation_rnk",20.8934
"29095013606","tract",2023,"transportation_rnk",13.1948
"29095013612","tract",2023,"transportation_rnk",21.0509
"29095013613","tract",2023,"transportation_rnk",33.9002
"29095013614","tract",2023,"transportation_rnk",81.0758
"29095013615","tract",2023,"transportation_rnk",31.8748
"29095013705","tract",2023,"transportation_rnk",36.1453
"29095013706","tract",2023,"transportation_rnk",50.0397
"29095013707","tract",2023,"transportation_rnk",25.9196
"29095013708","tract",2023,"transportation_rnk",18.6165
"29095013801","tract",2023,"transportation_rnk",28.8093
"29095013803","tract",2023,"transportation_rnk",18.0745
"29095013804","tract",2023,"transportation_rnk",12.0668
"29095013902","tract",2023,"transportation_rnk",4.9688
"29095013904","tract",2023,"transportation_rnk",3.914
"29095013916","tract",2023,"transportation_rnk",7.8292
"29095013917","tract",2023,"transportation_rnk",6.2653
"29095013918","tract",2023,"transportation_rnk",17.3041
"29095014002","tract",2023,"transportation_rnk",29.2281
"29095014004","tract",2023,"transportation_rnk",35.9756
"29095014005","tract",2023,"transportation_rnk",57.51
"29095014006","tract",2023,"transportation_rnk",62.7449
"29095014008","tract",2023,"transportation_rnk",74.8971
"29095014009","tract",2023,"transportation_rnk",16.0125
"29095014111","tract",2023,"transportation_rnk",33.009
"29095014112","tract",2023,"transportation_rnk",23.5597
"29095014120","tract",2023,"transportation_rnk",13.3376
"29095014121","tract",2023,"transportation_rnk",63.0489
"29095014122","tract",2023,"transportation_rnk",10.0365
"29095014123","tract",2023,"transportation_rnk",66.4233
"29095014124","tract",2023,"transportation_rnk",76.4476
"29095014125","tract",2023,"transportation_rnk",1.9448
"29095014126","tract",2023,"transportation_rnk",70.789
"29095014127","tract",2023,"transportation_rnk",54.6056
"29095014128","tract",2023,"transportation_rnk",66.8262
"29095014203","tract",2023,"transportation_rnk",58.8602
"29095014205","tract",2023,"transportation_rnk",65.4808
"29095014206","tract",2023,"transportation_rnk",64.6348
"29095014300","tract",2023,"transportation_rnk",8.9097
"29095014400","tract",2023,"transportation_rnk",22.1899
"29095014501","tract",2023,"transportation_rnk",70.8623
"29095014503","tract",2023,"transportation_rnk",34.4386
"29095014504","tract",2023,"transportation_rnk",22.5953
"29095014601","tract",2023,"transportation_rnk",70.4313
"29095014603","tract",2023,"transportation_rnk",63.768
"29095014604","tract",2023,"transportation_rnk",71.6912
"29095014701","tract",2023,"transportation_rnk",73.973
"29095014702","tract",2023,"transportation_rnk",53.2065
"29095014804","tract",2023,"transportation_rnk",10.736
"29095014806","tract",2023,"transportation_rnk",56.0572
"29095014902","tract",2023,"transportation_rnk",23.3363
"29095014903","tract",2023,"transportation_rnk",6.9368
"29095014904","tract",2023,"transportation_rnk",62.552
"29095014905","tract",2023,"transportation_rnk",56.1549
"29095015000","tract",2023,"transportation_rnk",14.5219
"29095015100","tract",2023,"transportation_rnk",58.6368
"29095015200","tract",2023,"transportation_rnk",68.9517
"29095015300","tract",2023,"transportation_rnk",85.5746
"29095015401","tract",2023,"transportation_rnk",95.1545
"29095015402","tract",2023,"transportation_rnk",45.8168
"29095015500","tract",2023,"transportation_rnk",77.7661
"29095015600","tract",2023,"transportation_rnk",54.9853
"29095015701","tract",2023,"transportation_rnk",80.5716
"29095015702","tract",2023,"transportation_rnk",92.5334
"29095015800","tract",2023,"transportation_rnk",84.6736
"29095015900","tract",2023,"transportation_rnk",NA
"29095016000","tract",2023,"transportation_rnk",89.7462
"29095016100","tract",2023,"transportation_rnk",53.0185
"29095016200","tract",2023,"transportation_rnk",79.2018
"29095016300","tract",2023,"transportation_rnk",90.873
"29095016400","tract",2023,"transportation_rnk",29.8202
"29095016500","tract",2023,"transportation_rnk",49.9506
"29095016600","tract",2023,"transportation_rnk",76.4269
"29095016700","tract",2023,"transportation_rnk",88.656
"29095016801","tract",2023,"transportation_rnk",87.6341
"29095016802","tract",2023,"transportation_rnk",84.9129
"29095016900","tract",2023,"transportation_rnk",71.7608
"29095017000","tract",2023,"transportation_rnk",62.7144
"29095017100","tract",2023,"transportation_rnk",88.1188
"29095017200","tract",2023,"transportation_rnk",76.0679
"29095017300","tract",2023,"transportation_rnk",73.8277
"29095017400","tract",2023,"transportation_rnk",86.3596
"29095017500","tract",2023,"transportation_rnk",48.7224
"29095017600","tract",2023,"transportation_rnk",60.628
"29095017700","tract",2023,"transportation_rnk",63.4799
"29095017800","tract",2023,"transportation_rnk",74.4247
"29095017900","tract",2023,"transportation_rnk",26.3408
"29095018000","tract",2023,"transportation_rnk",32.0885
"29095018101","tract",2023,"transportation_rnk",15.1518
"29095018102","tract",2023,"transportation_rnk",47.9899
"29095018200","tract",2023,"transportation_rnk",20.1817
"29095018500","tract",2023,"transportation_rnk",71.3201
"29095018600","tract",2023,"transportation_rnk",23.086
"29095019301","tract",2023,"transportation_rnk",57.9092
"29095019302","tract",2023,"transportation_rnk",73.3564
"29095980101","tract",2023,"transportation_rnk",NA
"29095980802","tract",2023,"transportation_rnk",NA
"29095988300","tract",2023,"transportation_rnk",20.4258
"29095989100","tract",2023,"transportation_rnk",NA
"29095989200","tract",2023,"transportation_rnk",NA
"29097010100","tract",2023,"transportation_rnk",76.7699
"29097010200","tract",2023,"transportation_rnk",58.516
"29097010301","tract",2023,"transportation_rnk",71.2395
"29097010302","tract",2023,"transportation_rnk",60.8258
"29097010400","tract",2023,"transportation_rnk",63.7973
"29097010500","tract",2023,"transportation_rnk",72.5409
"29097010601","tract",2023,"transportation_rnk",69.5218
"29097010602","tract",2023,"transportation_rnk",57.51
"29097010700","tract",2023,"transportation_rnk",58.3401
"29097010800","tract",2023,"transportation_rnk",69.7074
"29097010901","tract",2023,"transportation_rnk",15.5681
"29097010902","tract",2023,"transportation_rnk",71.2713
"29097011000","tract",2023,"transportation_rnk",83.9252
"29097011100","tract",2023,"transportation_rnk",51.0847
"29097011201","tract",2023,"transportation_rnk",4.7075
"29097011202","tract",2023,"transportation_rnk",58.5379
"29097011301","tract",2023,"transportation_rnk",5.4034
"29097011302","tract",2023,"transportation_rnk",27.8803
"29097011400","tract",2023,"transportation_rnk",57.51
"29097011501","tract",2023,"transportation_rnk",3.5368
"29097011502","tract",2023,"transportation_rnk",14.705
"29097011600","tract",2023,"transportation_rnk",76.118
"29097011700","tract",2023,"transportation_rnk",79.4936
"29097011800","tract",2023,"transportation_rnk",69.4778
"29097011900","tract",2023,"transportation_rnk",21.9189
"29097012000","tract",2023,"transportation_rnk",3.1583
"29097012100","tract",2023,"transportation_rnk",0.8106
"29097012201","tract",2023,"transportation_rnk",28.3857
"29097012202","tract",2023,"transportation_rnk",8.0673
"29099700107","tract",2023,"transportation_rnk",15.7903
"29099700111","tract",2023,"transportation_rnk",50.3803
"29099700113","tract",2023,"transportation_rnk",23.6916
"29099700114","tract",2023,"transportation_rnk",6.9783
"29099700115","tract",2023,"transportation_rnk",10.476
"29099700116","tract",2023,"transportation_rnk",6.8623
"29099700117","tract",2023,"transportation_rnk",24.7073
"29099700118","tract",2023,"transportation_rnk",47.6835
"29099700119","tract",2023,"transportation_rnk",53.0185
"29099700120","tract",2023,"transportation_rnk",70.2873
"29099700121","tract",2023,"transportation_rnk",51.9564
"29099700122","tract",2023,"transportation_rnk",51.7195
"29099700123","tract",2023,"transportation_rnk",28.5065
"29099700124","tract",2023,"transportation_rnk",9.6483
"29099700206","tract",2023,"transportation_rnk",6.9368
"29099700207","tract",2023,"transportation_rnk",47.3477
"29099700208","tract",2023,"transportation_rnk",59.2094
"29099700209","tract",2023,"transportation_rnk",9.5616
"29099700210","tract",2023,"transportation_rnk",62.7999
"29099700211","tract",2023,"transportation_rnk",19.6921
"29099700212","tract",2023,"transportation_rnk",60.2459
"29099700213","tract",2023,"transportation_rnk",44.7986
"29099700302","tract",2023,"transportation_rnk",55.1879
"29099700303","tract",2023,"transportation_rnk",15.0981
"29099700305","tract",2023,"transportation_rnk",39.3854
"29099700306","tract",2023,"transportation_rnk",47.8202
"29099700401","tract",2023,"transportation_rnk",7.7145
"29099700402","tract",2023,"transportation_rnk",18.6751
"29099700502","tract",2023,"transportation_rnk",19.4174
"29099700503","tract",2023,"transportation_rnk",13.1557
"29099700504","tract",2023,"transportation_rnk",3.748
"29099700603","tract",2023,"transportation_rnk",48.0631
"29099700604","tract",2023,"transportation_rnk",8.1039
"29099700605","tract",2023,"transportation_rnk",22.7125
"29099700606","tract",2023,"transportation_rnk",52.9172
"29099700607","tract",2023,"transportation_rnk",26.2858
"29099700700","tract",2023,"transportation_rnk",59.9639
"29099700801","tract",2023,"transportation_rnk",53.5838
"29099700802","tract",2023,"transportation_rnk",20.3599
"29099700900","tract",2023,"transportation_rnk",66.134
"29099701001","tract",2023,"transportation_rnk",5.8722
"29099701002","tract",2023,"transportation_rnk",7.2921
"29099701101","tract",2023,"transportation_rnk",2.1755
"29099701102","tract",2023,"transportation_rnk",0.8888
"29099701200","tract",2023,"transportation_rnk",38.8263
"29099701300","tract",2023,"transportation_rnk",18.6165
"29099701401","tract",2023,"transportation_rnk",8.9524
"29099701403","tract",2023,"transportation_rnk",4.5916
"29099701404","tract",2023,"transportation_rnk",2.775
"29101960101","tract",2023,"transportation_rnk",11.9618
"29101960102","tract",2023,"transportation_rnk",4.5269
"29101960200","tract",2023,"transportation_rnk",14.3607
"29101960301","tract",2023,"transportation_rnk",12.4745
"29101960302","tract",2023,"transportation_rnk",5.1397
"29101960401","tract",2023,"transportation_rnk",NA
"29101960402","tract",2023,"transportation_rnk",47.3087
"29101960501","tract",2023,"transportation_rnk",48.5832
"29101960502","tract",2023,"transportation_rnk",37.7678
"29101960600","tract",2023,"transportation_rnk",37.7678
"29101960701","tract",2023,"transportation_rnk",20.1817
"29101960702","tract",2023,"transportation_rnk",19.2099
"29101960900","tract",2023,"transportation_rnk",35.7815
"29101980000","tract",2023,"transportation_rnk",0.26
"29103960100","tract",2023,"transportation_rnk",52.0235
"29103960200","tract",2023,"transportation_rnk",38.0852
"29105960101","tract",2023,"transportation_rnk",9.6483
"29105960102","tract",2023,"transportation_rnk",36.3358
"29105960201","tract",2023,"transportation_rnk",1.6567
"29105960202","tract",2023,"transportation_rnk",19.7446
"29105960301","tract",2023,"transportation_rnk",30.3622
"29105960302","tract",2023,"transportation_rnk",7.5057
"29105960400","tract",2023,"transportation_rnk",42.8807
"29105960500","tract",2023,"transportation_rnk",38.189
"29105960600","tract",2023,"transportation_rnk",46.061
"29107090100","tract",2023,"transportation_rnk",27.0391
"29107090200","tract",2023,"transportation_rnk",14.2582
"29107090300","tract",2023,"transportation_rnk",27.2418
"29107090401","tract",2023,"transportation_rnk",16.7438
"29107090402","tract",2023,"transportation_rnk",22.4121
"29107090500","tract",2023,"transportation_rnk",29.2281
"29107090601","tract",2023,"transportation_rnk",1.4845
"29107090602","tract",2023,"transportation_rnk",8.9097
"29109470100","tract",2023,"transportation_rnk",11.7286
"29109470201","tract",2023,"transportation_rnk",11.8263
"29109470202","tract",2023,"transportation_rnk",50.2777
"29109470300","tract",2023,"transportation_rnk",17.0514
"29109470401","tract",2023,"transportation_rnk",19.1537
"29109470402","tract",2023,"transportation_rnk",32.7343
"29109470501","tract",2023,"transportation_rnk",35.4385
"29109470502","tract",2023,"transportation_rnk",34.2591
"29109470601","tract",2023,"transportation_rnk",31.5599
"29109470602","tract",2023,"transportation_rnk",58.7894
"29111970100","tract",2023,"transportation_rnk",42.1494
"29111970200","tract",2023,"transportation_rnk",20.5955
"29111970300","tract",2023,"transportation_rnk",19.5749
"29111970400","tract",2023,"transportation_rnk",23.9052
"29113810100","tract",2023,"transportation_rnk",12.2157
"29113810203","tract",2023,"transportation_rnk",15.8977
"29113810204","tract",2023,"transportation_rnk",10.791
"29113810205","tract",2023,"transportation_rnk",8.707
"29113810206","tract",2023,"transportation_rnk",12.0057
"29113810305","tract",2023,"transportation_rnk",29.6358
"29113810306","tract",2023,"transportation_rnk",53.2786
"29113810307","tract",2023,"transportation_rnk",7.557
"29113810308","tract",2023,"transportation_rnk",44.4568
"29113810309","tract",2023,"transportation_rnk",2.0705
"29113810310","tract",2023,"transportation_rnk",5.4767
"29113810401","tract",2023,"transportation_rnk",14.4218
"29113810402","tract",2023,"transportation_rnk",10.9631
"29115490100","tract",2023,"transportation_rnk",33.6414
"29115490200","tract",2023,"transportation_rnk",49.3108
"29115490300","tract",2023,"transportation_rnk",4.1692
"29115490400","tract",2023,"transportation_rnk",50.0946
"29115490500","tract",2023,"transportation_rnk",15.2031
"29117480100","tract",2023,"transportation_rnk",8.3957
"29117480200","tract",2023,"transportation_rnk",16.1553
"29117480300","tract",2023,"transportation_rnk",30.5722
"29117480400","tract",2023,"transportation_rnk",16.9452
"29117480500","tract",2023,"transportation_rnk",14.5841
"29119070101","tract",2023,"transportation_rnk",24.0932
"29119070102","tract",2023,"transportation_rnk",26.9903
"29119070200","tract",2023,"transportation_rnk",12.0668
"29119070300","tract",2023,"transportation_rnk",43.9709
"29119070401","tract",2023,"transportation_rnk",37.5896
"29119070402","tract",2023,"transportation_rnk",24.4497
"29121960100","tract",2023,"transportation_rnk",29.3257
"29121960200","tract",2023,"transportation_rnk",51.0847
"29121960300","tract",2023,"transportation_rnk",13.6099
"29121960400","tract",2023,"transportation_rnk",14.8674
"29121960500","tract",2023,"transportation_rnk",25.85
"29123960100","tract",2023,"transportation_rnk",32.1471
"29123960201","tract",2023,"transportation_rnk",51.5511
"29123960202","tract",2023,"transportation_rnk",14.4767
"29123960300","tract",2023,"transportation_rnk",6.3545
"29125880100","tract",2023,"transportation_rnk",20.764
"29125880298","tract",2023,"transportation_rnk",34.2958
"29125880300","tract",2023,"transportation_rnk",15.258
"29127960100","tract",2023,"transportation_rnk",18.0073
"29127960200","tract",2023,"transportation_rnk",2.4026
"29127960300","tract",2023,"transportation_rnk",23.4987
"29127960400","tract",2023,"transportation_rnk",58.9005
"29127960500","tract",2023,"transportation_rnk",53.6497
"29127960600","tract",2023,"transportation_rnk",36.1966
"29127960800","tract",2023,"transportation_rnk",45.2784
"29127960900","tract",2023,"transportation_rnk",40.71
"29129470100","tract",2023,"transportation_rnk",29.7103
"29129470200","tract",2023,"transportation_rnk",29.7677
"29131962501","tract",2023,"transportation_rnk",2.7444
"29131962502","tract",2023,"transportation_rnk",14.976
"29131962600","tract",2023,"transportation_rnk",18.2405
"29131962701","tract",2023,"transportation_rnk",15.8452
"29131962702","tract",2023,"transportation_rnk",29.1707
"29131962801","tract",2023,"transportation_rnk",22.9408
"29131962802","tract",2023,"transportation_rnk",1.9448
"29131962901","tract",2023,"transportation_rnk",35.0795
"29131962902","tract",2023,"transportation_rnk",8.2407
"29133950100","tract",2023,"transportation_rnk",NA
"29133950200","tract",2023,"transportation_rnk",47.7103
"29133950300","tract",2023,"transportation_rnk",1.4601
"29133950400","tract",2023,"transportation_rnk",58.8151
"29135385100","tract",2023,"transportation_rnk",5.8332
"29135385200","tract",2023,"transportation_rnk",23.9052
"29135385300","tract",2023,"transportation_rnk",67.1924
"29135385400","tract",2023,"transportation_rnk",NA
"29137960100","tract",2023,"transportation_rnk",25.9672
"29137960200","tract",2023,"transportation_rnk",23.9638
"29137960300","tract",2023,"transportation_rnk",63.0794
"29139970100","tract",2023,"transportation_rnk",34.9831
"29139970200","tract",2023,"transportation_rnk",20.764
"29139970300","tract",2023,"transportation_rnk",3.9457
"29139970400","tract",2023,"transportation_rnk",38.3636
"29141470100","tract",2023,"transportation_rnk",51.6109
"29141470200","tract",2023,"transportation_rnk",18.9743
"29141470300","tract",2023,"transportation_rnk",49.2181
"29141470401","tract",2023,"transportation_rnk",43.8488
"29141470402","tract",2023,"transportation_rnk",18.4139
"29141470501","tract",2023,"transportation_rnk",39.5893
"29141470502","tract",2023,"transportation_rnk",84.9373
"29141470503","tract",2023,"transportation_rnk",38.6126
"29143960100","tract",2023,"transportation_rnk",21.3415
"29143960200","tract",2023,"transportation_rnk",30.2035
"29143960300","tract",2023,"transportation_rnk",18.1221
"29143960400","tract",2023,"transportation_rnk",13.9383
"29143960500","tract",2023,"transportation_rnk",5.6171
"29143960600","tract",2023,"transportation_rnk",17.8987
"29145020100","tract",2023,"transportation_rnk",34.6925
"29145020200","tract",2023,"transportation_rnk",12.5295
"29145020300","tract",2023,"transportation_rnk",11.1157
"29145020401","tract",2023,"transportation_rnk",12.9006
"29145020402","tract",2023,"transportation_rnk",2.8299
"29145020501","tract",2023,"transportation_rnk",64.7093
"29145020502","tract",2023,"transportation_rnk",60.5963
"29145020601","tract",2023,"transportation_rnk",12.0973
"29145020602","tract",2023,"transportation_rnk",5.003
"29145020700","tract",2023,"transportation_rnk",27.5396
"29145020800","tract",2023,"transportation_rnk",15.2031
"29145020900","tract",2023,"transportation_rnk",21.4025
"29145021000","tract",2023,"transportation_rnk",28.9668
"29147470100","tract",2023,"transportation_rnk",8.1039
"29147470200","tract",2023,"transportation_rnk",13.7906
"29147470301","tract",2023,"transportation_rnk",45.8168
"29147470302","tract",2023,"transportation_rnk",NA
"29147470400","tract",2023,"transportation_rnk",21.621
"29147470500","tract",2023,"transportation_rnk",9.4249
"29149480100","tract",2023,"transportation_rnk",31.9249
"29149480200","tract",2023,"transportation_rnk",8.204
"29149480300","tract",2023,"transportation_rnk",15.258
"29151490100","tract",2023,"transportation_rnk",16.1041
"29151490200","tract",2023,"transportation_rnk",19.0402
"29151490300","tract",2023,"transportation_rnk",6.9783
"29151490400","tract",2023,"transportation_rnk",15.1518
"29153470101","tract",2023,"transportation_rnk",40.0544
"29153470102","tract",2023,"transportation_rnk",42.7049
"29153470200","tract",2023,"transportation_rnk",18.1221
"29155470100","tract",2023,"transportation_rnk",7.5057
"29155470200","tract",2023,"transportation_rnk",58.2535
"29155470300","tract",2023,"transportation_rnk",39.9421
"29155470400","tract",2023,"transportation_rnk",52.1554
"29155470500","tract",2023,"transportation_rnk",2.1499
"29155470600","tract",2023,"transportation_rnk",43.8122
"29157470100","tract",2023,"transportation_rnk",0.0842
"29157470200","tract",2023,"transportation_rnk",22.4781
"29157470300","tract",2023,"transportation_rnk",52.6217
"29157470400","tract",2023,"transportation_rnk",58.9713
"29157470500","tract",2023,"transportation_rnk",2.93
"29159480100","tract",2023,"transportation_rnk",7.2579
"29159480200","tract",2023,"transportation_rnk",19.6921
"29159480300","tract",2023,"transportation_rnk",11.3343
"29159480400","tract",2023,"transportation_rnk",9.984
"29159480500","tract",2023,"transportation_rnk",16.8012
"29159480600","tract",2023,"transportation_rnk",65.5785
"29159480700","tract",2023,"transportation_rnk",40.2766
"29159480800","tract",2023,"transportation_rnk",16.6205
"29159480900","tract",2023,"transportation_rnk",45.6105
"29159481000","tract",2023,"transportation_rnk",9.6483
"29159481100","tract",2023,"transportation_rnk",44.7071
"29161890100","tract",2023,"transportation_rnk",21.0509
"29161890200","tract",2023,"transportation_rnk",31.472
"29161890301","tract",2023,"transportation_rnk",23.7892
"29161890302","tract",2023,"transportation_rnk",70.1908
"29161890401","tract",2023,"transportation_rnk",65.2415
"29161890402","tract",2023,"transportation_rnk",NA
"29161890500","tract",2023,"transportation_rnk",60.5645
"29161890600","tract",2023,"transportation_rnk",24.2556
"29161890700","tract",2023,"transportation_rnk",4.2058
"29161890800","tract",2023,"transportation_rnk",53.2786
"29161890900","tract",2023,"transportation_rnk",28.5542
"29161891000","tract",2023,"transportation_rnk",30.6223
"29163460100","tract",2023,"transportation_rnk",12.3158
"29163460200","tract",2023,"transportation_rnk",6.0248
"29163460300","tract",2023,"transportation_rnk",25.2567
"29163460400","tract",2023,"transportation_rnk",47.1829
"29163460500","tract",2023,"transportation_rnk",12.0057
"29165030002","tract",2023,"transportation_rnk",46.3601
"29165030003","tract",2023,"transportation_rnk",8.1479
"29165030004","tract",2023,"transportation_rnk",74.3514
"29165030101","tract",2023,"transportation_rnk",16.0516
"29165030102","tract",2023,"transportation_rnk",61.7683
"29165030103","tract",2023,"transportation_rnk",22.6514
"29165030201","tract",2023,"transportation_rnk",31.7674
"29165030207","tract",2023,"transportation_rnk",67.2108
"29165030208","tract",2023,"transportation_rnk",9.984
"29165030210","tract",2023,"transportation_rnk",36.1026
"29165030211","tract",2023,"transportation_rnk",68.0128
"29165030212","tract",2023,"transportation_rnk",73.973
"29165030213","tract",2023,"transportation_rnk",22.9408
"29165030214","tract",2023,"transportation_rnk",16.2628
"29165030215","tract",2023,"transportation_rnk",18.3028
"29165030216","tract",2023,"transportation_rnk",40.743
"29165030306","tract",2023,"transportation_rnk",63.8913
"29165030308","tract",2023,"transportation_rnk",29.0645
"29165030309","tract",2023,"transportation_rnk",67.1924
"29165030310","tract",2023,"transportation_rnk",64.3784
"29165030401","tract",2023,"transportation_rnk",23.2191
"29165030501","tract",2023,"transportation_rnk",36.4005
"29165030502","tract",2023,"transportation_rnk",34.5277
"29165030601","tract",2023,"transportation_rnk",12.0973
"29165030602","tract",2023,"transportation_rnk",3.1009
"29165030700","tract",2023,"transportation_rnk",8.2761
"29165980000","tract",2023,"transportation_rnk",NA
"29167960101","tract",2023,"transportation_rnk",35.5312
"29167960102","tract",2023,"transportation_rnk",10.2746
"29167960201","tract",2023,"transportation_rnk",6.153
"29167960202","tract",2023,"transportation_rnk",42.0578
"29167960301","tract",2023,"transportation_rnk",14.1458
"29167960302","tract",2023,"transportation_rnk",18.4139
"29167960401","tract",2023,"transportation_rnk",53.9244
"29167960402","tract",2023,"transportation_rnk",9.6483
"29169470101","tract",2023,"transportation_rnk",6.3874
"29169470102","tract",2023,"transportation_rnk",0.5213
"29169470286","tract",2023,"transportation_rnk",54.768
"29169470288","tract",2023,"transportation_rnk",19.2099
"29169470289","tract",2023,"transportation_rnk",38.261
"29169470389","tract",2023,"transportation_rnk",NA
"29169470390","tract",2023,"transportation_rnk",6.7341
"29169470401","tract",2023,"transportation_rnk",4.8186
"29169470402","tract",2023,"transportation_rnk",22.8333
"29169470501","tract",2023,"transportation_rnk",9.3553
"29169470502","tract",2023,"transportation_rnk",8.8694
"29169470601","tract",2023,"transportation_rnk",NA
"29169470602","tract",2023,"transportation_rnk",NA
"29171960100","tract",2023,"transportation_rnk",15.7378
"29171960200","tract",2023,"transportation_rnk",36.453
"29173470100","tract",2023,"transportation_rnk",23.086
"29173470200","tract",2023,"transportation_rnk",3.2572
"29173470300","tract",2023,"transportation_rnk",35.7351
"29175490100","tract",2023,"transportation_rnk",1.7763
"29175490200","tract",2023,"transportation_rnk",14.705
"29175490300","tract",2023,"transportation_rnk",56.537
"29175490400","tract",2023,"transportation_rnk",14.2044
"29175490500","tract",2023,"transportation_rnk",30.7834
"29175490600","tract",2023,"transportation_rnk",2.1194
"29177080001","tract",2023,"transportation_rnk",13.6551
"29177080002","tract",2023,"transportation_rnk",23.9638
"29177080100","tract",2023,"transportation_rnk",22.4781
"29177080201","tract",2023,"transportation_rnk",67.2974
"29177080202","tract",2023,"transportation_rnk",79.5241
"29177080300","tract",2023,"transportation_rnk",3.212
"29179380100","tract",2023,"transportation_rnk",28.7605
"29179380200","tract",2023,"transportation_rnk",27.2906
"29181870100","tract",2023,"transportation_rnk",10.2746
"29181870200","tract",2023,"transportation_rnk",27.5396
"29181870300","tract",2023,"transportation_rnk",46.5762
"29181870400","tract",2023,"transportation_rnk",25.9196
"29183310100","tract",2023,"transportation_rnk",2.9544
"29183310201","tract",2023,"transportation_rnk",67.892
"29183310202","tract",2023,"transportation_rnk",51.4168
"29183310301","tract",2023,"transportation_rnk",58.3401
"29183310302","tract",2023,"transportation_rnk",58.4036
"29183310400","tract",2023,"transportation_rnk",31.5599
"29183310501","tract",2023,"transportation_rnk",80.9232
"29183310502","tract",2023,"transportation_rnk",22.3523
"29183310601","tract",2023,"transportation_rnk",NA
"29183310602","tract",2023,"transportation_rnk",56.4613
"29183310700","tract",2023,"transportation_rnk",66.7407
"29183310801","tract",2023,"transportation_rnk",27.0391
"29183310802","tract",2023,"transportation_rnk",63.309
"29183310901","tract",2023,"transportation_rnk",48.1437
"29183310902","tract",2023,"transportation_rnk",58.516
"29183310903","tract",2023,"transportation_rnk",60.4205
"29183311001","tract",2023,"transportation_rnk",58.2754
"29183311003","tract",2023,"transportation_rnk",57.5466
"29183311004","tract",2023,"transportation_rnk",55.8765
"29183311103","tract",2023,"transportation_rnk",56.3465
"29183311114","tract",2023,"transportation_rnk",47.3685
"29183311122","tract",2023,"transportation_rnk",55.6653
"29183311124","tract",2023,"transportation_rnk",16.2628
"29183311132","tract",2023,"transportation_rnk",33.8514
"29183311145","tract",2023,"transportation_rnk",52.9502
"29183311146","tract",2023,"transportation_rnk",61.59
"29183311147","tract",2023,"transportation_rnk",64.1367
"29183311148","tract",2023,"transportation_rnk",52.5619
"29183311149","tract",2023,"transportation_rnk",48.3452
"29183311150","tract",2023,"transportation_rnk",50.8613
"29183311151","tract",2023,"transportation_rnk",17.5349
"29183311152","tract",2023,"transportation_rnk",55.1184
"29183311153","tract",2023,"transportation_rnk",61.7683
"29183311154","tract",2023,"transportation_rnk",59.2326
"29183311203","tract",2023,"transportation_rnk",63.6618
"29183311211","tract",2023,"transportation_rnk",29.7103
"29183311212","tract",2023,"transportation_rnk",56.7445
"29183311221","tract",2023,"transportation_rnk",22.8333
"29183311294","tract",2023,"transportation_rnk",57.7017
"29183311296","tract",2023,"transportation_rnk",54.1148
"29183311311","tract",2023,"transportation_rnk",59.1789
"29183311312","tract",2023,"transportation_rnk",61.1481
"29183311322","tract",2023,"transportation_rnk",59.091
"29183311331","tract",2023,"transportation_rnk",54.1527
"29183311391","tract",2023,"transportation_rnk",62.9024
"29183311422","tract",2023,"transportation_rnk",58.4427
"29183311500","tract",2023,"transportation_rnk",62.9561
"29183311602","tract",2023,"transportation_rnk",57.9263
"29183311603","tract",2023,"transportation_rnk",45.7143
"29183311604","tract",2023,"transportation_rnk",48.4904
"29183311712","tract",2023,"transportation_rnk",63.4396
"29183311721","tract",2023,"transportation_rnk",50.7002
"29183311732","tract",2023,"transportation_rnk",49.2181
"29183311733","tract",2023,"transportation_rnk",18.3028
"29183311734","tract",2023,"transportation_rnk",14.9223
"29183311735","tract",2023,"transportation_rnk",58.9933
"29183311737","tract",2023,"transportation_rnk",13.1557
"29183311738","tract",2023,"transportation_rnk",43.623
"29183311739","tract",2023,"transportation_rnk",53.0515
"29183311740","tract",2023,"transportation_rnk",0.9791
"29183311801","tract",2023,"transportation_rnk",50.8357
"29183311802","tract",2023,"transportation_rnk",77.583
"29183311903","tract",2023,"transportation_rnk",58.6954
"29183311904","tract",2023,"transportation_rnk",19.0402
"29183311907","tract",2023,"transportation_rnk",53.5838
"29183311908","tract",2023,"transportation_rnk",30.1193
"29183311909","tract",2023,"transportation_rnk",18.9743
"29183312001","tract",2023,"transportation_rnk",9.4249
"29183312002","tract",2023,"transportation_rnk",7.7145
"29183312003","tract",2023,"transportation_rnk",13.3376
"29183312094","tract",2023,"transportation_rnk",7.9415
"29183312095","tract",2023,"transportation_rnk",53.0185
"29183312096","tract",2023,"transportation_rnk",56.9679
"29183312192","tract",2023,"transportation_rnk",26.0112
"29183312193","tract",2023,"transportation_rnk",24.3166
"29183312194","tract",2023,"transportation_rnk",48.6894
"29183312195","tract",2023,"transportation_rnk",63.1014
"29183312204","tract",2023,"transportation_rnk",13.8858
"29183312206","tract",2023,"transportation_rnk",0.5652
"29183312207","tract",2023,"transportation_rnk",48.6113
"29183312208","tract",2023,"transportation_rnk",57.6504
"29183312209","tract",2023,"transportation_rnk",15.4839
"29183312300","tract",2023,"transportation_rnk",18.6165
"29183312400","tract",2023,"transportation_rnk",66.0619
"29183980000","tract",2023,"transportation_rnk",NA
"29185480100","tract",2023,"transportation_rnk",22.4781
"29185480200","tract",2023,"transportation_rnk",23.2191
"29185480300","tract",2023,"transportation_rnk",50.8357
"29186960101","tract",2023,"transportation_rnk",5.1019
"29186960102","tract",2023,"transportation_rnk",1.3722
"29186960200","tract",2023,"transportation_rnk",35.9256
"29186960300","tract",2023,"transportation_rnk",1.3002
"29186960400","tract",2023,"transportation_rnk",1.9924
"29187950103","tract",2023,"transportation_rnk",6.4717
"29187950104","tract",2023,"transportation_rnk",13.9981
"29187950105","tract",2023,"transportation_rnk",14.8124
"29187950106","tract",2023,"transportation_rnk",1.1732
"29187950300","tract",2023,"transportation_rnk",40.5318
"29187950401","tract",2023,"transportation_rnk",11.9227
"29187950402","tract",2023,"transportation_rnk",38.7872
"29187950600","tract",2023,"transportation_rnk",20.3599
"29187950701","tract",2023,"transportation_rnk",4.3865
"29187950702","tract",2023,"transportation_rnk",3.4306
"29187950703","tract",2023,"transportation_rnk",33.7952
"29187950801","tract",2023,"transportation_rnk",18.9181
"29187950802","tract",2023,"transportation_rnk",17.7143
"29187950901","tract",2023,"transportation_rnk",55.5774
"29187950902","tract",2023,"transportation_rnk",NA
"29187951001","tract",2023,"transportation_rnk",28.3857
"29187951002","tract",2023,"transportation_rnk",13.8382
"29187951101","tract",2023,"transportation_rnk",39.8237
"29187951102","tract",2023,"transportation_rnk",27.3223
"29189210101","tract",2023,"transportation_rnk",53.3359
"29189210102","tract",2023,"transportation_rnk",50.7783
"29189210200","tract",2023,"transportation_rnk",77.1459
"29189210300","tract",2023,"transportation_rnk",79.3447
"29189210400","tract",2023,"transportation_rnk",80.1944
"29189210501","tract",2023,"transportation_rnk",80.4446
"29189210502","tract",2023,"transportation_rnk",86.395
"29189210600","tract",2023,"transportation_rnk",80.5142
"29189210702","tract",2023,"transportation_rnk",79.0834
"29189210703","tract",2023,"transportation_rnk",69.4522
"29189210704","tract",2023,"transportation_rnk",74.0914
"29189210803","tract",2023,"transportation_rnk",45.3077
"29189210805","tract",2023,"transportation_rnk",72.392
"29189210806","tract",2023,"transportation_rnk",59.069
"29189210807","tract",2023,"transportation_rnk",71.9171
"29189210808","tract",2023,"transportation_rnk",32.1959
"29189210912","tract",2023,"transportation_rnk",70.2641
"29189210921","tract",2023,"transportation_rnk",50.2057
"29189210923","tract",2023,"transportation_rnk",62.0918
"29189210924","tract",2023,"transportation_rnk",69.5755
"29189210925","tract",2023,"transportation_rnk",48.9617
"29189210926","tract",2023,"transportation_rnk",76.7357
"29189210927","tract",2023,"transportation_rnk",50.0397
"29189210928","tract",2023,"transportation_rnk",61.7158
"29189211001","tract",2023,"transportation_rnk",62.552
"29189211002","tract",2023,"transportation_rnk",60.1055
"29189211101","tract",2023,"transportation_rnk",81.7961
"29189211102","tract",2023,"transportation_rnk",76.0679
"29189211201","tract",2023,"transportation_rnk",78.0664
"29189211202","tract",2023,"transportation_rnk",42.9222
"29189211301","tract",2023,"transportation_rnk",65.6444
"29189211331","tract",2023,"transportation_rnk",61.5436
"29189211332","tract",2023,"transportation_rnk",70.5839
"29189211333","tract",2023,"transportation_rnk",69.3326
"29189211334","tract",2023,"transportation_rnk",57.9092
"29189211401","tract",2023,"transportation_rnk",58.2291
"29189211402","tract",2023,"transportation_rnk",78.6903
"29189211500","tract",2023,"transportation_rnk",79.8403
"29189211600","tract",2023,"transportation_rnk",29.8568
"29189211700","tract",2023,"transportation_rnk",79.695
"29189211801","tract",2023,"transportation_rnk",73.2759
"29189211802","tract",2023,"transportation_rnk",73.8826
"29189211900","tract",2023,"transportation_rnk",93.8555
"29189212002","tract",2023,"transportation_rnk",87.1409
"29189212003","tract",2023,"transportation_rnk",85.3573
"29189212004","tract",2023,"transportation_rnk",87.0127
"29189212101","tract",2023,"transportation_rnk",93.4246
"29189212102","tract",2023,"transportation_rnk",87.7697
"29189212201","tract",2023,"transportation_rnk",81.0062
"29189212202","tract",2023,"transportation_rnk",68.5805
"29189212300","tract",2023,"transportation_rnk",73.1074
"29189212400","tract",2023,"transportation_rnk",32.2948
"29189212500","tract",2023,"transportation_rnk",80.4202
"29189212600","tract",2023,"transportation_rnk",68.1667
"29189212701","tract",2023,"transportation_rnk",33.6414
"29189212702","tract",2023,"transportation_rnk",70.4448
"29189213102","tract",2023,"transportation_rnk",0.0244
"29189213103","tract",2023,"transportation_rnk",50.5243
"29189213104","tract",2023,"transportation_rnk",61.1481
"29189213202","tract",2023,"transportation_rnk",66.7969
"29189213203","tract",2023,"transportation_rnk",22.3523
"29189213204","tract",2023,"transportation_rnk",46.5762
"29189213301","tract",2023,"transportation_rnk",79.0004
"29189213302","tract",2023,"transportation_rnk",54.8681
"29189213401","tract",2023,"transportation_rnk",70.789
"29189213402","tract",2023,"transportation_rnk",57.6223
"29189213500","tract",2023,"transportation_rnk",67.0533
"29189213600","tract",2023,"transportation_rnk",79.59
"29189213701","tract",2023,"transportation_rnk",91.0098
"29189213702","tract",2023,"transportation_rnk",85.1961
"29189213800","tract",2023,"transportation_rnk",82.0488
"29189213900","tract",2023,"transportation_rnk",69.2264
"29189214100","tract",2023,"transportation_rnk",79.7634
"29189214200","tract",2023,"transportation_rnk",55.9668
"29189214300","tract",2023,"transportation_rnk",83.2733
"29189214400","tract",2023,"transportation_rnk",73.6165
"29189214500","tract",2023,"transportation_rnk",58.1875
"29189214601","tract",2023,"transportation_rnk",61.7683
"29189214602","tract",2023,"transportation_rnk",67.3353
"29189214700","tract",2023,"transportation_rnk",53.8279
"29189214800","tract",2023,"transportation_rnk",64.9498
"29189214901","tract",2023,"transportation_rnk",32.6427
"29189214902","tract",2023,"transportation_rnk",64.9241
"29189215001","tract",2023,"transportation_rnk",56.084
"29189215003","tract",2023,"transportation_rnk",69.2007
"29189215004","tract",2023,"transportation_rnk",70.5461
"29189215005","tract",2023,"transportation_rnk",36.7155
"29189215102","tract",2023,"transportation_rnk",41.8881
"29189215103","tract",2023,"transportation_rnk",47.7103
"29189215105","tract",2023,"transportation_rnk",23.5597
"29189215141","tract",2023,"transportation_rnk",63.2088
"29189215143","tract",2023,"transportation_rnk",69.5755
"29189215144","tract",2023,"transportation_rnk",66.3977
"29189215145","tract",2023,"transportation_rnk",80.7132
"29189215146","tract",2023,"transportation_rnk",61.1713
"29189215201","tract",2023,"transportation_rnk",69.9051
"29189215231","tract",2023,"transportation_rnk",64.8887
"29189215233","tract",2023,"transportation_rnk",55.2221
"29189215234","tract",2023,"transportation_rnk",57.278
"29189215235","tract",2023,"transportation_rnk",73.3113
"29189215236","tract",2023,"transportation_rnk",62.878
"29189215301","tract",2023,"transportation_rnk",68.7026
"29189215302","tract",2023,"transportation_rnk",21.1632
"29189215400","tract",2023,"transportation_rnk",45.8168
"29189215500","tract",2023,"transportation_rnk",64.7093
"29189215600","tract",2023,"transportation_rnk",56.6603
"29189215700","tract",2023,"transportation_rnk",83.3746
"29189215801","tract",2023,"transportation_rnk",32.4059
"29189215802","tract",2023,"transportation_rnk",57.51
"29189215803","tract",2023,"transportation_rnk",33.6414
"29189215901","tract",2023,"transportation_rnk",72.696
"29189215902","tract",2023,"transportation_rnk",78.7257
"29189216000","tract",2023,"transportation_rnk",70.2641
"29189216101","tract",2023,"transportation_rnk",90.674
"29189216102","tract",2023,"transportation_rnk",95.2973
"29189216201","tract",2023,"transportation_rnk",62.3872
"29189216202","tract",2023,"transportation_rnk",80.9391
"29189216300","tract",2023,"transportation_rnk",NA
"29189216401","tract",2023,"transportation_rnk",82.0928
"29189216402","tract",2023,"transportation_rnk",70.3422
"29189216500","tract",2023,"transportation_rnk",78.2459
"29189216600","tract",2023,"transportation_rnk",33.1164
"29189216700","tract",2023,"transportation_rnk",26.74
"29189216800","tract",2023,"transportation_rnk",80.3189
"29189216900","tract",2023,"transportation_rnk",73.929
"29189217000","tract",2023,"transportation_rnk",79.3959
"29189217200","tract",2023,"transportation_rnk",37.8252
"29189217300","tract",2023,"transportation_rnk",72.8901
"29189217400","tract",2023,"transportation_rnk",66.8921
"29189217500","tract",2023,"transportation_rnk",25.7401
"29189217600","tract",2023,"transportation_rnk",57.0705
"29189217701","tract",2023,"transportation_rnk",10.089
"29189217702","tract",2023,"transportation_rnk",54.1148
"29189217802","tract",2023,"transportation_rnk",54.6337
"29189217806","tract",2023,"transportation_rnk",32.9028
"29189217807","tract",2023,"transportation_rnk",64.9717
"29189217841","tract",2023,"transportation_rnk",60.0689
"29189217851","tract",2023,"transportation_rnk",68.5805
"29189217852","tract",2023,"transportation_rnk",18.3577
"29189217853","tract",2023,"transportation_rnk",58.9005
"29189217854","tract",2023,"transportation_rnk",44.4263
"29189217921","tract",2023,"transportation_rnk",20.8263
"29189217923","tract",2023,"transportation_rnk",51.5511
"29189217931","tract",2023,"transportation_rnk",54.3993
"29189217932","tract",2023,"transportation_rnk",48.3781
"29189217941","tract",2023,"transportation_rnk",66.6223
"29189217942","tract",2023,"transportation_rnk",57.9263
"29189217943","tract",2023,"transportation_rnk",18.796
"29189217944","tract",2023,"transportation_rnk",62.071
"29189218012","tract",2023,"transportation_rnk",20.8934
"29189218013","tract",2023,"transportation_rnk",24.656
"29189218014","tract",2023,"transportation_rnk",13.45
"29189218015","tract",2023,"transportation_rnk",15.258
"29189218016","tract",2023,"transportation_rnk",35.2822
"29189218102","tract",2023,"transportation_rnk",62.9891
"29189218104","tract",2023,"transportation_rnk",32.0885
"29189218105","tract",2023,"transportation_rnk",46.017
"29189218201","tract",2023,"transportation_rnk",61.9624
"29189218300","tract",2023,"transportation_rnk",75.051
"29189218401","tract",2023,"transportation_rnk",55.4846
"29189218402","tract",2023,"transportation_rnk",61.739
"29189218500","tract",2023,"transportation_rnk",59.2326
"29189218600","tract",2023,"transportation_rnk",78.6219
"29189218800","tract",2023,"transportation_rnk",74.3734
"29189218901","tract",2023,"transportation_rnk",62.9268
"29189218902","tract",2023,"transportation_rnk",31.323
"29189219100","tract",2023,"transportation_rnk",71.0991
"29189219200","tract",2023,"transportation_rnk",78.4486
"29189219300","tract",2023,"transportation_rnk",69.7074
"29189219400","tract",2023,"transportation_rnk",55.7984
"29189219501","tract",2023,"transportation_rnk",68.3156
"29189219502","tract",2023,"transportation_rnk",76.3878
"29189219601","tract",2023,"transportation_rnk",80.3433
"29189219602","tract",2023,"transportation_rnk",69.4217
"29189219700","tract",2023,"transportation_rnk",71.2395
"29189219801","tract",2023,"transportation_rnk",65.36
"29189219802","tract",2023,"transportation_rnk",77.5561
"29189219900","tract",2023,"transportation_rnk",49.0703
"29189220001","tract",2023,"transportation_rnk",67.892
"29189220002","tract",2023,"transportation_rnk",65.0889
"29189220101","tract",2023,"transportation_rnk",60.733
"29189220102","tract",2023,"transportation_rnk",62.458
"29189220200","tract",2023,"transportation_rnk",68.7026
"29189220300","tract",2023,"transportation_rnk",53.4885
"29189220441","tract",2023,"transportation_rnk",65.2415
"29189220442","tract",2023,"transportation_rnk",58.4744
"29189220443","tract",2023,"transportation_rnk",61.7683
"29189220445","tract",2023,"transportation_rnk",58.3401
"29189220446","tract",2023,"transportation_rnk",57.7017
"29189220447","tract",2023,"transportation_rnk",63.2088
"29189220448","tract",2023,"transportation_rnk",62.2236
"29189220449","tract",2023,"transportation_rnk",46.6567
"29189220450","tract",2023,"transportation_rnk",60.1861
"29189220451","tract",2023,"transportation_rnk",60.1861
"29189220452","tract",2023,"transportation_rnk",47.012
"29189220501","tract",2023,"transportation_rnk",68.0714
"29189220503","tract",2023,"transportation_rnk",52.2164
"29189220504","tract",2023,"transportation_rnk",68.3718
"29189220601","tract",2023,"transportation_rnk",57.3928
"29189220602","tract",2023,"transportation_rnk",70.4448
"29189220701","tract",2023,"transportation_rnk",65.0535
"29189220702","tract",2023,"transportation_rnk",15.8452
"29189220703","tract",2023,"transportation_rnk",21.5136
"29189220801","tract",2023,"transportation_rnk",65.1817
"29189220802","tract",2023,"transportation_rnk",61.9624
"29189220803","tract",2023,"transportation_rnk",57.3122
"29189221000","tract",2023,"transportation_rnk",77.1606
"29189221100","tract",2023,"transportation_rnk",34.1541
"29189221201","tract",2023,"transportation_rnk",24.8184
"29189221202","tract",2023,"transportation_rnk",55.5469
"29189221332","tract",2023,"transportation_rnk",23.8466
"29189221335","tract",2023,"transportation_rnk",56.3465
"29189221336","tract",2023,"transportation_rnk",62.2871
"29189221337","tract",2023,"transportation_rnk",22.5953
"29189221338","tract",2023,"transportation_rnk",64.5591
"29189221339","tract",2023,"transportation_rnk",52.3861
"29189221421","tract",2023,"transportation_rnk",60.7074
"29189221423","tract",2023,"transportation_rnk",55.3174
"29189221424","tract",2023,"transportation_rnk",61.12
"29189221425","tract",2023,"transportation_rnk",50.7002
"29189221426","tract",2023,"transportation_rnk",60.8258
"29189221502","tract",2023,"transportation_rnk",31.9664
"29189221503","tract",2023,"transportation_rnk",11.7286
"29189221506","tract",2023,"transportation_rnk",50.7002
"29189221621","tract",2023,"transportation_rnk",23.1495
"29189221624","tract",2023,"transportation_rnk",22.0007
"29189221625","tract",2023,"transportation_rnk",67.8651
"29189221626","tract",2023,"transportation_rnk",11.9227
"29189221627","tract",2023,"transportation_rnk",62.1443
"29189221629","tract",2023,"transportation_rnk",57.8701
"29189221630","tract",2023,"transportation_rnk",55.7617
"29189221631","tract",2023,"transportation_rnk",76.1534
"29189221800","tract",2023,"transportation_rnk",68.876
"29189221900","tract",2023,"transportation_rnk",59.5451
"29189222000","tract",2023,"transportation_rnk",65.0535
"29189222100","tract",2023,"transportation_rnk",57.1376
"29195090100","tract",2023,"transportation_rnk",38.8678
"29195090200","tract",2023,"transportation_rnk",3.8932
"29195090300","tract",2023,"transportation_rnk",11.3929
"29195090400","tract",2023,"transportation_rnk",18.6165
"29195090500","tract",2023,"transportation_rnk",64.1037
"29195090600","tract",2023,"transportation_rnk",29.8568
"29195090700","tract",2023,"transportation_rnk",37.3613
"29195090800","tract",2023,"transportation_rnk",2.615
"29197470100","tract",2023,"transportation_rnk",20.6541
"29197470200","tract",2023,"transportation_rnk",2.5772
"29199480100","tract",2023,"transportation_rnk",2.637
"29199480200","tract",2023,"transportation_rnk",12.9506
"29201780100","tract",2023,"transportation_rnk",17.7778
"29201780200","tract",2023,"transportation_rnk",22.4121
"29201780300","tract",2023,"transportation_rnk",10.6469
"29201780400","tract",2023,"transportation_rnk",0.6287
"29201780600","tract",2023,"transportation_rnk",70.4667
"29201780700","tract",2023,"transportation_rnk",30.5197
"29201781000","tract",2023,"transportation_rnk",3.6198
"29201781100","tract",2023,"transportation_rnk",3.8701
"29201781201","tract",2023,"transportation_rnk",83.9313
"29201781202","tract",2023,"transportation_rnk",77.749
"29201781300","tract",2023,"transportation_rnk",67.6783
"29203470100","tract",2023,"transportation_rnk",21.4721
"29203470200","tract",2023,"transportation_rnk",29.2745
"29205450100","tract",2023,"transportation_rnk",21.5673
"29205450200","tract",2023,"transportation_rnk",35.2334
"29205450300","tract",2023,"transportation_rnk",17.8352
"29207470100","tract",2023,"transportation_rnk",21.2169
"29207470200","tract",2023,"transportation_rnk",12.7895
"29207470300","tract",2023,"transportation_rnk",7.2213
"29207470400","tract",2023,"transportation_rnk",4.1154
"29207470500","tract",2023,"transportation_rnk",36.7997
"29207470600","tract",2023,"transportation_rnk",4.9688
"29207470700","tract",2023,"transportation_rnk",13.45
"29207470800","tract",2023,"transportation_rnk",4.3205
"29209090101","tract",2023,"transportation_rnk",4.3205
"29209090102","tract",2023,"transportation_rnk",12.2157
"29209090201","tract",2023,"transportation_rnk",6.1201
"29209090202","tract",2023,"transportation_rnk",44.4263
"29209090401","tract",2023,"transportation_rnk",29.7677
"29209090402","tract",2023,"transportation_rnk",27.8803
"29209090501","tract",2023,"transportation_rnk",44.5435
"29209090502","tract",2023,"transportation_rnk",39.7859
"29209090603","tract",2023,"transportation_rnk",55.7984
"29209090604","tract",2023,"transportation_rnk",35.4385
"29209090605","tract",2023,"transportation_rnk",37.1318
"29209090606","tract",2023,"transportation_rnk",13.3865
"29211480100","tract",2023,"transportation_rnk",33.1164
"29211480200","tract",2023,"transportation_rnk",14.8674
"29211480300","tract",2023,"transportation_rnk",50.8027
"29213480106","tract",2023,"transportation_rnk",41.2057
"29213480107","tract",2023,"transportation_rnk",31.5599
"29213480108","tract",2023,"transportation_rnk",51.2263
"29213480109","tract",2023,"transportation_rnk",46.4675
"29213480203","tract",2023,"transportation_rnk",36.4005
"29213480204","tract",2023,"transportation_rnk",17.4885
"29213480205","tract",2023,"transportation_rnk",58.8407
"29213480206","tract",2023,"transportation_rnk",35.0795
"29213480207","tract",2023,"transportation_rnk",22.2449
"29213480208","tract",2023,"transportation_rnk",16.8988
"29213480301","tract",2023,"transportation_rnk",22.5953
"29213480302","tract",2023,"transportation_rnk",19.7446
"29213480402","tract",2023,"transportation_rnk",36.84
"29213480403","tract",2023,"transportation_rnk",32.4474
"29213480404","tract",2023,"transportation_rnk",37.1318
"29213480501","tract",2023,"transportation_rnk",32.2948
"29213480503","tract",2023,"transportation_rnk",NA
"29213480504","tract",2023,"transportation_rnk",35.4385
"29215480101","tract",2023,"transportation_rnk",35.3823
"29215480102","tract",2023,"transportation_rnk",47.0779
"29215480201","tract",2023,"transportation_rnk",39.538
"29215480202","tract",2023,"transportation_rnk",8.2761
"29215480301","tract",2023,"transportation_rnk",5.5475
"29215480302","tract",2023,"transportation_rnk",34.5277
"29215480401","tract",2023,"transportation_rnk",30.2548
"29215480402","tract",2023,"transportation_rnk",27.4347
"29217950100","tract",2023,"transportation_rnk",44.0148
"29217950200","tract",2023,"transportation_rnk",31.9249
"29217950300","tract",2023,"transportation_rnk",85.8944
"29217950400","tract",2023,"transportation_rnk",81.7644
"29217950500","tract",2023,"transportation_rnk",10.4211
"29217950600","tract",2023,"transportation_rnk",13.7466
"29219820104","tract",2023,"transportation_rnk",7.2579
"29219820105","tract",2023,"transportation_rnk",10.1366
"29219820106","tract",2023,"transportation_rnk",9.4249
"29219820107","tract",2023,"transportation_rnk",26.5837
"29219820108","tract",2023,"transportation_rnk",25.9672
"29219820109","tract",2023,"transportation_rnk",8.0197
"29219820201","tract",2023,"transportation_rnk",6.8318
"29219820203","tract",2023,"transportation_rnk",34.3824
"29219820204","tract",2023,"transportation_rnk",1.9192
"29221460101","tract",2023,"transportation_rnk",37.1318
"29221460102","tract",2023,"transportation_rnk",31.3694
"29221460200","tract",2023,"transportation_rnk",5.9479
"29221460300","tract",2023,"transportation_rnk",29.5015
"29221460400","tract",2023,"transportation_rnk",10.4211
"29221460500","tract",2023,"transportation_rnk",9.0659
"29223690100","tract",2023,"transportation_rnk",37.5896
"29223690200","tract",2023,"transportation_rnk",16.6205
"29223690300","tract",2023,"transportation_rnk",32.6916
"29223690400","tract",2023,"transportation_rnk",17.5349
"29225470101","tract",2023,"transportation_rnk",33.9881
"29225470102","tract",2023,"transportation_rnk",11.6334
"29225470201","tract",2023,"transportation_rnk",11.7774
"29225470202","tract",2023,"transportation_rnk",29.8202
"29225470301","tract",2023,"transportation_rnk",7.7889
"29225470302","tract",2023,"transportation_rnk",36.956
"29225470401","tract",2023,"transportation_rnk",28.8093
"29225470402","tract",2023,"transportation_rnk",19.0963
"29227960100","tract",2023,"transportation_rnk",23.6916
"29229490100","tract",2023,"transportation_rnk",3.3634
"29229490200","tract",2023,"transportation_rnk",30.5722
"29229490300","tract",2023,"transportation_rnk",39.7028
"29229490400","tract",2023,"transportation_rnk",29.2745
"29510101100","tract",2023,"transportation_rnk",15.3862
"29510101200","tract",2023,"transportation_rnk",57.7017
"29510101300","tract",2023,"transportation_rnk",68.2607
"29510101400","tract",2023,"transportation_rnk",77.8845
"29510101500","tract",2023,"transportation_rnk",55.9668
"29510101800","tract",2023,"transportation_rnk",82.5042
"29510102100","tract",2023,"transportation_rnk",55.4407
"29510102200","tract",2023,"transportation_rnk",66.2963
"29510102300","tract",2023,"transportation_rnk",65.211
"29510102400","tract",2023,"transportation_rnk",80.1602
"29510102500","tract",2023,"transportation_rnk",72.226
"29510103100","tract",2023,"transportation_rnk",73.4163
"29510103400","tract",2023,"transportation_rnk",66.6736
"29510103600","tract",2023,"transportation_rnk",36.7997
"29510103700","tract",2023,"transportation_rnk",68.3718
"29510103800","tract",2023,"transportation_rnk",63.829
"29510104200","tract",2023,"transportation_rnk",37.7288
"29510104500","tract",2023,"transportation_rnk",50.3131
"29510105198","tract",2023,"transportation_rnk",93.3184
"29510105200","tract",2023,"transportation_rnk",83.7763
"29510105300","tract",2023,"transportation_rnk",91.4944
"29510105400","tract",2023,"transportation_rnk",41.8601
"29510105500","tract",2023,"transportation_rnk",86.0251
"29510106100","tract",2023,"transportation_rnk",82.2356
"29510106200","tract",2023,"transportation_rnk",81.9353
"29510106300","tract",2023,"transportation_rnk",90.6203
"29510106400","tract",2023,"transportation_rnk",93.897
"29510106500","tract",2023,"transportation_rnk",92.4845
"29510106600","tract",2023,"transportation_rnk",95.7954
"29510106700","tract",2023,"transportation_rnk",91.1477
"29510107200","tract",2023,"transportation_rnk",86.9126
"29510107300","tract",2023,"transportation_rnk",75.1254
"29510107400","tract",2023,"transportation_rnk",78.2239
"29510107500","tract",2023,"transportation_rnk",83.3991
"29510107600","tract",2023,"transportation_rnk",93.7347
"29510108100","tract",2023,"transportation_rnk",87.6341
"29510108200","tract",2023,"transportation_rnk",87.5646
"29510108300","tract",2023,"transportation_rnk",91.6995
"29510109600","tract",2023,"transportation_rnk",93.1035
"29510109700","tract",2023,"transportation_rnk",85.4403
"29510110100","tract",2023,"transportation_rnk",87.4242
"29510110200","tract",2023,"transportation_rnk",93.6175
"29510110300","tract",2023,"transportation_rnk",93.0559
"29510110400","tract",2023,"transportation_rnk",90.5739
"29510110500","tract",2023,"transportation_rnk",91.1001
"29510111100","tract",2023,"transportation_rnk",77.2924
"29510111200","tract",2023,"transportation_rnk",71.1797
"29510111300","tract",2023,"transportation_rnk",73.4163
"29510112100","tract",2023,"transportation_rnk",71.8914
"29510112200","tract",2023,"transportation_rnk",74.4979
"29510112300","tract",2023,"transportation_rnk",87.3265
"29510112400","tract",2023,"transportation_rnk",92.7128
"29510113500","tract",2023,"transportation_rnk",71.7608
"29510114101","tract",2023,"transportation_rnk",74.5895
"29510114102","tract",2023,"transportation_rnk",66.3977
"29510114200","tract",2023,"transportation_rnk",73.8826
"29510114300","tract",2023,"transportation_rnk",78.4657
"29510115100","tract",2023,"transportation_rnk",75.3476
"29510115200","tract",2023,"transportation_rnk",89.2896
"29510115300","tract",2023,"transportation_rnk",80.3433
"29510115400","tract",2023,"transportation_rnk",84.3403
"29510115500","tract",2023,"transportation_rnk",82.7667
"29510115600","tract",2023,"transportation_rnk",86.395
"29510115700","tract",2023,"transportation_rnk",63.1783
"29510116100","tract",2023,"transportation_rnk",82.011
"29510116200","tract",2023,"transportation_rnk",61.3617
"29510116301","tract",2023,"transportation_rnk",44.1626
"29510116302","tract",2023,"transportation_rnk",89.6314
"29510116400","tract",2023,"transportation_rnk",83.6921
"29510116500","tract",2023,"transportation_rnk",78.6537
"29510117100","tract",2023,"transportation_rnk",77.7808
"29510117200","tract",2023,"transportation_rnk",79.7292
"29510117400","tract",2023,"transportation_rnk",76.5392
"29510118100","tract",2023,"transportation_rnk",80.7254
"29510118600","tract",2023,"transportation_rnk",89.5692
"29510119101","tract",2023,"transportation_rnk",92.6396
"29510119102","tract",2023,"transportation_rnk",91.0403
"29510119200","tract",2023,"transportation_rnk",83.8825
"29510119300","tract",2023,"transportation_rnk",NA
"29510120200","tract",2023,"transportation_rnk",81.9353
"29510121200","tract",2023,"transportation_rnk",80.3323
"29510123100","tract",2023,"transportation_rnk",77.1899
"29510123200","tract",2023,"transportation_rnk",80.878
"29510123300","tract",2023,"transportation_rnk",36.7997
"29510124100","tract",2023,"transportation_rnk",87.0054
"29510124200","tract",2023,"transportation_rnk",91.8619
"29510124300","tract",2023,"transportation_rnk",71.0246
"29510124600","tract",2023,"transportation_rnk",88.739
"29510125500","tract",2023,"transportation_rnk",83.1439
"29510125600","tract",2023,"transportation_rnk",89.9672
"29510125700","tract",2023,"transportation_rnk",80.4202
"29510126600","tract",2023,"transportation_rnk",93.0669
"29510126700","tract",2023,"transportation_rnk",84.3733
"29510126800","tract",2023,"transportation_rnk",38.4869
"29510126900","tract",2023,"transportation_rnk",86.0666
"29510127000","tract",2023,"transportation_rnk",79.0394
"29510127100","tract",2023,"transportation_rnk",77.3852
"29510127200","tract",2023,"transportation_rnk",82.4138
"29510127300","tract",2023,"transportation_rnk",80.8963
"29510127400","tract",2023,"transportation_rnk",71.2395
"29510127500","tract",2023,"transportation_rnk",83.7555
"29510127600","tract",2023,"transportation_rnk",74.9582
"29510127700","tract",2023,"transportation_rnk",91.1575
"29510127800","tract",2023,"transportation_rnk",NA
"29001950100","tract",2023,"transportation_state_rnk",5.3571
"29001950200","tract",2023,"transportation_state_rnk",9.4212
"29001950300","tract",2023,"transportation_state_rnk",47.8756
"29001950400","tract",2023,"transportation_state_rnk",33.7746
"29001950501","tract",2023,"transportation_state_rnk",65.3633
"29001950502","tract",2023,"transportation_state_rnk",54.1256
"29001950900","tract",2023,"transportation_state_rnk",56.7118
"29001951000","tract",2023,"transportation_state_rnk",NA
"29003010100","tract",2023,"transportation_state_rnk",5.4495
"29003010201","tract",2023,"transportation_state_rnk",33.5591
"29003010202","tract",2023,"transportation_state_rnk",8.9286
"29003010300","tract",2023,"transportation_state_rnk",1.8781
"29003010400","tract",2023,"transportation_state_rnk",0.1232
"29005950100","tract",2023,"transportation_state_rnk",28.6022
"29005950200","tract",2023,"transportation_state_rnk",28.7254
"29007950100","tract",2023,"transportation_state_rnk",27.0936
"29007950200","tract",2023,"transportation_state_rnk",33.3128
"29007950300","tract",2023,"transportation_state_rnk",40.2401
"29007950400","tract",2023,"transportation_state_rnk",58.6207
"29007950500","tract",2023,"transportation_state_rnk",14.9015
"29007950600","tract",2023,"transportation_state_rnk",41.6872
"29007950700","tract",2023,"transportation_state_rnk",14.4089
"29009960101","tract",2023,"transportation_state_rnk",9.5443
"29009960102","tract",2023,"transportation_state_rnk",25.3387
"29009960201","tract",2023,"transportation_state_rnk",47.8756
"29009960202","tract",2023,"transportation_state_rnk",27.7401
"29009960301","tract",2023,"transportation_state_rnk",40.702
"29009960302","tract",2023,"transportation_state_rnk",27.5246
"29009960401","tract",2023,"transportation_state_rnk",35.4064
"29009960402","tract",2023,"transportation_state_rnk",6.5887
"29009960500","tract",2023,"transportation_state_rnk",28.9717
"29009960600","tract",2023,"transportation_state_rnk",44.181
"29011960100","tract",2023,"transportation_state_rnk",12.5
"29011960200","tract",2023,"transportation_state_rnk",41.4409
"29011960300","tract",2023,"transportation_state_rnk",75.8621
"29013070100","tract",2023,"transportation_state_rnk",30.3571
"29013070200","tract",2023,"transportation_state_rnk",33.0973
"29013070300","tract",2023,"transportation_state_rnk",13.3621
"29013070400","tract",2023,"transportation_state_rnk",24.6305
"29015460100","tract",2023,"transportation_state_rnk",27.4323
"29015460200","tract",2023,"transportation_state_rnk",51.9704
"29015460300","tract",2023,"transportation_state_rnk",17.7032
"29015460400","tract",2023,"transportation_state_rnk",44.766
"29015460701","tract",2023,"transportation_state_rnk",48.2759
"29015460702","tract",2023,"transportation_state_rnk",61.0222
"29015460801","tract",2023,"transportation_state_rnk",5.5419
"29015460802","tract",2023,"transportation_state_rnk",17.0874
"29017950100","tract",2023,"transportation_state_rnk",16.1022
"29017950200","tract",2023,"transportation_state_rnk",34.1133
"29017950300","tract",2023,"transportation_state_rnk",16.8411
"29019000200","tract",2023,"transportation_state_rnk",97.9988
"29019000300","tract",2023,"transportation_state_rnk",99.0764
"29019000500","tract",2023,"transportation_state_rnk",99.9384
"29019000600","tract",2023,"transportation_state_rnk",91.6564
"29019000700","tract",2023,"transportation_state_rnk",91.7488
"29019000900","tract",2023,"transportation_state_rnk",67.5185
"29019001001","tract",2023,"transportation_state_rnk",92.9803
"29019001003","tract",2023,"transportation_state_rnk",27.8941
"29019001004","tract",2023,"transportation_state_rnk",18.319
"29019001105","tract",2023,"transportation_state_rnk",90.0246
"29019001106","tract",2023,"transportation_state_rnk",83.0357
"29019001107","tract",2023,"transportation_state_rnk",84.7291
"29019001108","tract",2023,"transportation_state_rnk",79.0025
"29019001109","tract",2023,"transportation_state_rnk",78.8793
"29019001110","tract",2023,"transportation_state_rnk",25.9852
"29019001201","tract",2023,"transportation_state_rnk",83.1281
"29019001202","tract",2023,"transportation_state_rnk",79.218
"29019001300","tract",2023,"transportation_state_rnk",95.197
"29019001401","tract",2023,"transportation_state_rnk",74.1379
"29019001402","tract",2023,"transportation_state_rnk",21.7365
"29019001503","tract",2023,"transportation_state_rnk",77.7401
"29019001505","tract",2023,"transportation_state_rnk",56.2192
"29019001506","tract",2023,"transportation_state_rnk",94.7044
"29019001507","tract",2023,"transportation_state_rnk",75.3695
"29019001508","tract",2023,"transportation_state_rnk",72.6293
"29019001602","tract",2023,"transportation_state_rnk",32.7586
"29019001603","tract",2023,"transportation_state_rnk",15.7328
"29019001604","tract",2023,"transportation_state_rnk",93.1034
"29019001702","tract",2023,"transportation_state_rnk",2.1552
"29019001703","tract",2023,"transportation_state_rnk",22.7217
"29019001704","tract",2023,"transportation_state_rnk",14.2857
"29019001803","tract",2023,"transportation_state_rnk",20.5973
"29019001806","tract",2023,"transportation_state_rnk",5.1724
"29019001807","tract",2023,"transportation_state_rnk",72.814
"29019001901","tract",2023,"transportation_state_rnk",19.6736
"29019001903","tract",2023,"transportation_state_rnk",23.7993
"29019001904","tract",2023,"transportation_state_rnk",16.6872
"29019002000","tract",2023,"transportation_state_rnk",43.5345
"29019002100","tract",2023,"transportation_state_rnk",99.3842
"29019002200","tract",2023,"transportation_state_rnk",NA
"29021000100","tract",2023,"transportation_state_rnk",14.532
"29021000200","tract",2023,"transportation_state_rnk",8.7131
"29021000300","tract",2023,"transportation_state_rnk",32.5739
"29021000400","tract",2023,"transportation_state_rnk",53.3251
"29021000500","tract",2023,"transportation_state_rnk",43.1034
"29021000600","tract",2023,"transportation_state_rnk",72.7217
"29021000701","tract",2023,"transportation_state_rnk",49.2611
"29021000702","tract",2023,"transportation_state_rnk",84.9754
"29021000900","tract",2023,"transportation_state_rnk",42.9187
"29021001000","tract",2023,"transportation_state_rnk",93.9655
"29021001100","tract",2023,"transportation_state_rnk",79.9261
"29021001200","tract",2023,"transportation_state_rnk",87.4384
"29021001500","tract",2023,"transportation_state_rnk",63.4236
"29021001600","tract",2023,"transportation_state_rnk",84.0517
"29021001700","tract",2023,"transportation_state_rnk",44.6429
"29021001800","tract",2023,"transportation_state_rnk",71.7365
"29021002100","tract",2023,"transportation_state_rnk",69.7352
"29021002200","tract",2023,"transportation_state_rnk",2.5862
"29021002300","tract",2023,"transportation_state_rnk",10.5911
"29021002400","tract",2023,"transportation_state_rnk",72.0135
"29021002500","tract",2023,"transportation_state_rnk",56.4655
"29021002700","tract",2023,"transportation_state_rnk",0.8005
"29021002800","tract",2023,"transportation_state_rnk",3.1712
"29021002900","tract",2023,"transportation_state_rnk",24.0148
"29021003001","tract",2023,"transportation_state_rnk",68.0727
"29021003002","tract",2023,"transportation_state_rnk",62.5924
"29023950101","tract",2023,"transportation_state_rnk",38.2081
"29023950102","tract",2023,"transportation_state_rnk",26.2623
"29023950201","tract",2023,"transportation_state_rnk",8.2512
"29023950202","tract",2023,"transportation_state_rnk",39.2241
"29023950301","tract",2023,"transportation_state_rnk",45.5357
"29023950302","tract",2023,"transportation_state_rnk",43.7808
"29023950400","tract",2023,"transportation_state_rnk",46.2746
"29023950500","tract",2023,"transportation_state_rnk",88.8239
"29023950600","tract",2023,"transportation_state_rnk",38.5468
"29023950700","tract",2023,"transportation_state_rnk",42.734
"29023950800","tract",2023,"transportation_state_rnk",50.8005
"29023950900","tract",2023,"transportation_state_rnk",52.3399
"29025950100","tract",2023,"transportation_state_rnk",39.3473
"29025950201","tract",2023,"transportation_state_rnk",8.8054
"29025950202","tract",2023,"transportation_state_rnk",35.8374
"29027070100","tract",2023,"transportation_state_rnk",25.9852
"29027070200","tract",2023,"transportation_state_rnk",35.0985
"29027070301","tract",2023,"transportation_state_rnk",6.6502
"29027070302","tract",2023,"transportation_state_rnk",68.5653
"29027070400","tract",2023,"transportation_state_rnk",79.1256
"29027070500","tract",2023,"transportation_state_rnk",7.8202
"29027070601","tract",2023,"transportation_state_rnk",1.17
"29027070602","tract",2023,"transportation_state_rnk",0.8621
"29027070701","tract",2023,"transportation_state_rnk",10.4064
"29027070702","tract",2023,"transportation_state_rnk",7.4507
"29027070800","tract",2023,"transportation_state_rnk",6.9581
"29029950101","tract",2023,"transportation_state_rnk",34.298
"29029950102","tract",2023,"transportation_state_rnk",21.6133
"29029950201","tract",2023,"transportation_state_rnk",49.0764
"29029950202","tract",2023,"transportation_state_rnk",23.3682
"29029950301","tract",2023,"transportation_state_rnk",22.2906
"29029950302","tract",2023,"transportation_state_rnk",49.6305
"29029950401","tract",2023,"transportation_state_rnk",17.8571
"29029950402","tract",2023,"transportation_state_rnk",51.8473
"29029950500","tract",2023,"transportation_state_rnk",49.1687
"29029950600","tract",2023,"transportation_state_rnk",4.2488
"29029950701","tract",2023,"transportation_state_rnk",31.6502
"29029950702","tract",2023,"transportation_state_rnk",72.4138
"29029950801","tract",2023,"transportation_state_rnk",29.2796
"29029950802","tract",2023,"transportation_state_rnk",11.5456
"29029950900","tract",2023,"transportation_state_rnk",14.0086
"29029951101","tract",2023,"transportation_state_rnk",41.9335
"29029951102","tract",2023,"transportation_state_rnk",44.5813
"29029951201","tract",2023,"transportation_state_rnk",60.2217
"29029951202","tract",2023,"transportation_state_rnk",62.3153
"29031880100","tract",2023,"transportation_state_rnk",1.5394
"29031880200","tract",2023,"transportation_state_rnk",3.4483
"29031880300","tract",2023,"transportation_state_rnk",23.5222
"29031880401","tract",2023,"transportation_state_rnk",11.4224
"29031880402","tract",2023,"transportation_state_rnk",69.335
"29031880501","tract",2023,"transportation_state_rnk",12.4076
"29031880502","tract",2023,"transportation_state_rnk",64.7167
"29031880600","tract",2023,"transportation_state_rnk",53.3867
"29031880700","tract",2023,"transportation_state_rnk",60.468
"29031880800","tract",2023,"transportation_state_rnk",NA
"29031880900","tract",2023,"transportation_state_rnk",29.8953
"29031881000","tract",2023,"transportation_state_rnk",74.2303
"29031881100","tract",2023,"transportation_state_rnk",63.4852
"29031881200","tract",2023,"transportation_state_rnk",56.8966
"29031881301","tract",2023,"transportation_state_rnk",47.9988
"29031881302","tract",2023,"transportation_state_rnk",54.6798
"29031881400","tract",2023,"transportation_state_rnk",94.8276
"29031881500","tract",2023,"transportation_state_rnk",15.7328
"29031881600","tract",2023,"transportation_state_rnk",82.1121
"29033960100","tract",2023,"transportation_state_rnk",10.6527
"29033960200","tract",2023,"transportation_state_rnk",21.8288
"29033960300","tract",2023,"transportation_state_rnk",64.6552
"29035960100","tract",2023,"transportation_state_rnk",30.6958
"29035960200","tract",2023,"transportation_state_rnk",66.3793
"29037060001","tract",2023,"transportation_state_rnk",60.468
"29037060003","tract",2023,"transportation_state_rnk",77.6478
"29037060004","tract",2023,"transportation_state_rnk",78.7562
"29037060100","tract",2023,"transportation_state_rnk",86.5764
"29037060202","tract",2023,"transportation_state_rnk",73.4914
"29037060305","tract",2023,"transportation_state_rnk",25.3387
"29037060306","tract",2023,"transportation_state_rnk",66.718
"29037060307","tract",2023,"transportation_state_rnk",71.367
"29037060308","tract",2023,"transportation_state_rnk",22.7833
"29037060309","tract",2023,"transportation_state_rnk",26.7241
"29037060401","tract",2023,"transportation_state_rnk",23.5222
"29037060402","tract",2023,"transportation_state_rnk",2.4938
"29037060500","tract",2023,"transportation_state_rnk",4.8645
"29037060601","tract",2023,"transportation_state_rnk",14.1933
"29037060602","tract",2023,"transportation_state_rnk",26.5702
"29037060700","tract",2023,"transportation_state_rnk",6.4963
"29037060800","tract",2023,"transportation_state_rnk",4.9877
"29037060904","tract",2023,"transportation_state_rnk",36.915
"29037061001","tract",2023,"transportation_state_rnk",5.665
"29037061002","tract",2023,"transportation_state_rnk",16.3485
"29037061100","tract",2023,"transportation_state_rnk",9.5443
"29037061200","tract",2023,"transportation_state_rnk",3.7254
"29037061300","tract",2023,"transportation_state_rnk",79.3719
"29037061400","tract",2023,"transportation_state_rnk",25.1847
"29039870101","tract",2023,"transportation_state_rnk",20.8128
"29039870102","tract",2023,"transportation_state_rnk",31.6502
"29039870200","tract",2023,"transportation_state_rnk",48.7685
"29039870300","tract",2023,"transportation_state_rnk",34.6983
"29041470100","tract",2023,"transportation_state_rnk",35.7143
"29041470200","tract",2023,"transportation_state_rnk",29.8953
"29041470300","tract",2023,"transportation_state_rnk",37.0382
"29043020101","tract",2023,"transportation_state_rnk",12.3153
"29043020102","tract",2023,"transportation_state_rnk",12.7463
"29043020201","tract",2023,"transportation_state_rnk",7.2044
"29043020202","tract",2023,"transportation_state_rnk",82.0197
"29043020204","tract",2023,"transportation_state_rnk",83.7438
"29043020205","tract",2023,"transportation_state_rnk",16.5025
"29043020206","tract",2023,"transportation_state_rnk",87.5308
"29043020207","tract",2023,"transportation_state_rnk",66.1946
"29043020302","tract",2023,"transportation_state_rnk",84.8522
"29043020303","tract",2023,"transportation_state_rnk",36.1453
"29043020304","tract",2023,"transportation_state_rnk",49.8461
"29043020307","tract",2023,"transportation_state_rnk",18.5037
"29043020308","tract",2023,"transportation_state_rnk",69.5813
"29043020309","tract",2023,"transportation_state_rnk",39.1626
"29043020310","tract",2023,"transportation_state_rnk",5.9729
"29043020401","tract",2023,"transportation_state_rnk",11.33
"29043020402","tract",2023,"transportation_state_rnk",5.7882
"29043020501","tract",2023,"transportation_state_rnk",2.7094
"29043020502","tract",2023,"transportation_state_rnk",0.3079
"29045950100","tract",2023,"transportation_state_rnk",43.9347
"29045950200","tract",2023,"transportation_state_rnk",0.3695
"29045950300","tract",2023,"transportation_state_rnk",46.0591
"29047020201","tract",2023,"transportation_state_rnk",75.5542
"29047020202","tract",2023,"transportation_state_rnk",88.9163
"29047020300","tract",2023,"transportation_state_rnk",80.9729
"29047020400","tract",2023,"transportation_state_rnk",48.5837
"29047020500","tract",2023,"transportation_state_rnk",70.4741
"29047020602","tract",2023,"transportation_state_rnk",92.1182
"29047020603","tract",2023,"transportation_state_rnk",28.4483
"29047020604","tract",2023,"transportation_state_rnk",73.1527
"29047020802","tract",2023,"transportation_state_rnk",79.8645
"29047020803","tract",2023,"transportation_state_rnk",70.5665
"29047020901","tract",2023,"transportation_state_rnk",74.0456
"29047020902","tract",2023,"transportation_state_rnk",72.968
"29047021001","tract",2023,"transportation_state_rnk",84.1749
"29047021003","tract",2023,"transportation_state_rnk",77.1244
"29047021004","tract",2023,"transportation_state_rnk",85.9914
"29047021101","tract",2023,"transportation_state_rnk",86.4532
"29047021103","tract",2023,"transportation_state_rnk",80.7266
"29047021104","tract",2023,"transportation_state_rnk",87.069
"29047021105","tract",2023,"transportation_state_rnk",72.0135
"29047021204","tract",2023,"transportation_state_rnk",77.9865
"29047021208","tract",2023,"transportation_state_rnk",89.3473
"29047021209","tract",2023,"transportation_state_rnk",6.1576
"29047021210","tract",2023,"transportation_state_rnk",76.5394
"29047021211","tract",2023,"transportation_state_rnk",25.0616
"29047021212","tract",2023,"transportation_state_rnk",77.4015
"29047021213","tract",2023,"transportation_state_rnk",84.298
"29047021214","tract",2023,"transportation_state_rnk",28.4483
"29047021303","tract",2023,"transportation_state_rnk",26.447
"29047021307","tract",2023,"transportation_state_rnk",36.7611
"29047021309","tract",2023,"transportation_state_rnk",71.6133
"29047021311","tract",2023,"transportation_state_rnk",61.8227
"29047021312","tract",2023,"transportation_state_rnk",70.3202
"29047021313","tract",2023,"transportation_state_rnk",74.6305
"29047021314","tract",2023,"transportation_state_rnk",73.2759
"29047021401","tract",2023,"transportation_state_rnk",73.6761
"29047021403","tract",2023,"transportation_state_rnk",76.1084
"29047021404","tract",2023,"transportation_state_rnk",78.3867
"29047021601","tract",2023,"transportation_state_rnk",58.3128
"29047021602","tract",2023,"transportation_state_rnk",19.7968
"29047021701","tract",2023,"transportation_state_rnk",54.1872
"29047021703","tract",2023,"transportation_state_rnk",59.3596
"29047021704","tract",2023,"transportation_state_rnk",40.5788
"29047021806","tract",2023,"transportation_state_rnk",16.1022
"29047021807","tract",2023,"transportation_state_rnk",15.9791
"29047021808","tract",2023,"transportation_state_rnk",70.1355
"29047021809","tract",2023,"transportation_state_rnk",0.6773
"29047021810","tract",2023,"transportation_state_rnk",14.0086
"29047021811","tract",2023,"transportation_state_rnk",36.5456
"29047021812","tract",2023,"transportation_state_rnk",2.6478
"29047021900","tract",2023,"transportation_state_rnk",4.1872
"29047022000","tract",2023,"transportation_state_rnk",39.9631
"29047022100","tract",2023,"transportation_state_rnk",85.1601
"29047022200","tract",2023,"transportation_state_rnk",75.3695
"29047022301","tract",2023,"transportation_state_rnk",80.1108
"29047022302","tract",2023,"transportation_state_rnk",64.4089
"29049960100","tract",2023,"transportation_state_rnk",46.8596
"29049960201","tract",2023,"transportation_state_rnk",10.4988
"29049960202","tract",2023,"transportation_state_rnk",4.064
"29049960300","tract",2023,"transportation_state_rnk",21.8288
"29049960400","tract",2023,"transportation_state_rnk",22.383
"29051010300","tract",2023,"transportation_state_rnk",62.2537
"29051010401","tract",2023,"transportation_state_rnk",54.6182
"29051010402","tract",2023,"transportation_state_rnk",76.2315
"29051010500","tract",2023,"transportation_state_rnk",84.1749
"29051010600","tract",2023,"transportation_state_rnk",82.5431
"29051010701","tract",2023,"transportation_state_rnk",81.3116
"29051010702","tract",2023,"transportation_state_rnk",68.8732
"29051010801","tract",2023,"transportation_state_rnk",33.2204
"29051010802","tract",2023,"transportation_state_rnk",61.915
"29051010901","tract",2023,"transportation_state_rnk",60.5911
"29051010902","tract",2023,"transportation_state_rnk",81.4963
"29051020198","tract",2023,"transportation_state_rnk",NA
"29051020200","tract",2023,"transportation_state_rnk",15.5788
"29051020300","tract",2023,"transportation_state_rnk",5.1108
"29051020400","tract",2023,"transportation_state_rnk",10.899
"29051020500","tract",2023,"transportation_state_rnk",20.2894
"29051020600","tract",2023,"transportation_state_rnk",1.6626
"29051020700","tract",2023,"transportation_state_rnk",96.9828
"29053950100","tract",2023,"transportation_state_rnk",16.3485
"29053950200","tract",2023,"transportation_state_rnk",NA
"29053950300","tract",2023,"transportation_state_rnk",38.1158
"29053950400","tract",2023,"transportation_state_rnk",49.569
"29053950500","tract",2023,"transportation_state_rnk",19.4273
"29055450101","tract",2023,"transportation_state_rnk",33.0049
"29055450103","tract",2023,"transportation_state_rnk",57.3276
"29055450104","tract",2023,"transportation_state_rnk",13.4544
"29055450200","tract",2023,"transportation_state_rnk",22.968
"29055450301","tract",2023,"transportation_state_rnk",38.2081
"29055450302","tract",2023,"transportation_state_rnk",6.7118
"29055450401","tract",2023,"transportation_state_rnk",21.3362
"29055450402","tract",2023,"transportation_state_rnk",34.7906
"29057480100","tract",2023,"transportation_state_rnk",37.5308
"29057480200","tract",2023,"transportation_state_rnk",20.8128
"29059480100","tract",2023,"transportation_state_rnk",36.4532
"29059480200","tract",2023,"transportation_state_rnk",9.8214
"29059480301","tract",2023,"transportation_state_rnk",33.9286
"29059480302","tract",2023,"transportation_state_rnk",33.4052
"29061470100","tract",2023,"transportation_state_rnk",35.5296
"29061470200","tract",2023,"transportation_state_rnk",57.8202
"29063080101","tract",2023,"transportation_state_rnk",34.8522
"29063080102","tract",2023,"transportation_state_rnk",NA
"29063080200","tract",2023,"transportation_state_rnk",19.0887
"29065960100","tract",2023,"transportation_state_rnk",25.0616
"29065960200","tract",2023,"transportation_state_rnk",27.617
"29065960300","tract",2023,"transportation_state_rnk",15.4249
"29065960400","tract",2023,"transportation_state_rnk",16.6872
"29067950100","tract",2023,"transportation_state_rnk",15.8867
"29067950200","tract",2023,"transportation_state_rnk",31.5271
"29067950500","tract",2023,"transportation_state_rnk",19.0887
"29069360100","tract",2023,"transportation_state_rnk",52.8017
"29069360200","tract",2023,"transportation_state_rnk",36.0222
"29069360300","tract",2023,"transportation_state_rnk",32.0197
"29069360400","tract",2023,"transportation_state_rnk",28.8485
"29069360500","tract",2023,"transportation_state_rnk",50.6773
"29069360600","tract",2023,"transportation_state_rnk",53.8485
"29069360700","tract",2023,"transportation_state_rnk",38.8855
"29069360800","tract",2023,"transportation_state_rnk",45.197
"29069360900","tract",2023,"transportation_state_rnk",45.6589
"29069361000","tract",2023,"transportation_state_rnk",10.8374
"29071800101","tract",2023,"transportation_state_rnk",8.436
"29071800102","tract",2023,"transportation_state_rnk",0.9236
"29071800103","tract",2023,"transportation_state_rnk",39.2857
"29071800104","tract",2023,"transportation_state_rnk",0.2463
"29071800201","tract",2023,"transportation_state_rnk",51.2623
"29071800202","tract",2023,"transportation_state_rnk",23.7069
"29071800301","tract",2023,"transportation_state_rnk",4.5567
"29071800302","tract",2023,"transportation_state_rnk",49.5074
"29071800401","tract",2023,"transportation_state_rnk",47.0443
"29071800403","tract",2023,"transportation_state_rnk",3.9101
"29071800404","tract",2023,"transportation_state_rnk",16.8411
"29071800501","tract",2023,"transportation_state_rnk",31.0961
"29071800502","tract",2023,"transportation_state_rnk",25.8005
"29071800603","tract",2023,"transportation_state_rnk",46.2746
"29071800604","tract",2023,"transportation_state_rnk",44.4889
"29071800605","tract",2023,"transportation_state_rnk",36.0837
"29071800606","tract",2023,"transportation_state_rnk",28.7254
"29071800702","tract",2023,"transportation_state_rnk",6.25
"29071800703","tract",2023,"transportation_state_rnk",26.3547
"29071800704","tract",2023,"transportation_state_rnk",46.8596
"29071800801","tract",2023,"transportation_state_rnk",7.0505
"29071800802","tract",2023,"transportation_state_rnk",10.0677
"29071800901","tract",2023,"transportation_state_rnk",32.697
"29071800903","tract",2023,"transportation_state_rnk",51.0468
"29071800904","tract",2023,"transportation_state_rnk",12.0074
"29071801000","tract",2023,"transportation_state_rnk",1.8781
"29071801101","tract",2023,"transportation_state_rnk",52.2167
"29071801102","tract",2023,"transportation_state_rnk",25.8005
"29073960100","tract",2023,"transportation_state_rnk",24.8153
"29073960200","tract",2023,"transportation_state_rnk",12.5924
"29073960300","tract",2023,"transportation_state_rnk",8.3744
"29073960400","tract",2023,"transportation_state_rnk",23.2451
"29073960500","tract",2023,"transportation_state_rnk",0.5542
"29075960100","tract",2023,"transportation_state_rnk",17.4877
"29075960200","tract",2023,"transportation_state_rnk",52.4631
"29077000101","tract",2023,"transportation_state_rnk",98.7069
"29077000102","tract",2023,"transportation_state_rnk",93.165
"29077000200","tract",2023,"transportation_state_rnk",NA
"29077000300","tract",2023,"transportation_state_rnk",85.468
"29077000400","tract",2023,"transportation_state_rnk",89.7167
"29077000501","tract",2023,"transportation_state_rnk",44.92
"29077000502","tract",2023,"transportation_state_rnk",97.5369
"29077000600","tract",2023,"transportation_state_rnk",95.0123
"29077000700","tract",2023,"transportation_state_rnk",NA
"29077000800","tract",2023,"transportation_state_rnk",49.7537
"29077000900","tract",2023,"transportation_state_rnk",93.75
"29077001000","tract",2023,"transportation_state_rnk",93.6576
"29077001100","tract",2023,"transportation_state_rnk",52.8017
"29077001200","tract",2023,"transportation_state_rnk",88.6084
"29077001301","tract",2023,"transportation_state_rnk",91.1022
"29077001302","tract",2023,"transportation_state_rnk",88.7315
"29077001401","tract",2023,"transportation_state_rnk",93.5345
"29077001402","tract",2023,"transportation_state_rnk",87.2537
"29077001500","tract",2023,"transportation_state_rnk",87.1921
"29077001700","tract",2023,"transportation_state_rnk",50.7389
"29077001800","tract",2023,"transportation_state_rnk",94.2426
"29077001900","tract",2023,"transportation_state_rnk",91.9335
"29077002200","tract",2023,"transportation_state_rnk",91.9951
"29077002300","tract",2023,"transportation_state_rnk",89.101
"29077002402","tract",2023,"transportation_state_rnk",80.3264
"29077002502","tract",2023,"transportation_state_rnk",88.0234
"29077002600","tract",2023,"transportation_state_rnk",89.5936
"29077002700","tract",2023,"transportation_state_rnk",90.6404
"29077002800","tract",2023,"transportation_state_rnk",83.9901
"29077002900","tract",2023,"transportation_state_rnk",83.2512
"29077003003","tract",2023,"transportation_state_rnk",98.5222
"29077003004","tract",2023,"transportation_state_rnk",78.6946
"29077003100","tract",2023,"transportation_state_rnk",73.6761
"29077003200","tract",2023,"transportation_state_rnk",84.1749
"29077003300","tract",2023,"transportation_state_rnk",89.2549
"29077003600","tract",2023,"transportation_state_rnk",87.7463
"29077003701","tract",2023,"transportation_state_rnk",20.5973
"29077003702","tract",2023,"transportation_state_rnk",46.9828
"29077003801","tract",2023,"transportation_state_rnk",17.8571
"29077003802","tract",2023,"transportation_state_rnk",68.4421
"29077003900","tract",2023,"transportation_state_rnk",85.7759
"29077004002","tract",2023,"transportation_state_rnk",77.3399
"29077004003","tract",2023,"transportation_state_rnk",35.1601
"29077004004","tract",2023,"transportation_state_rnk",48.399
"29077004005","tract",2023,"transportation_state_rnk",84.5443
"29077004104","tract",2023,"transportation_state_rnk",76.8165
"29077004105","tract",2023,"transportation_state_rnk",15.4249
"29077004106","tract",2023,"transportation_state_rnk",12.4076
"29077004107","tract",2023,"transportation_state_rnk",65.3633
"29077004108","tract",2023,"transportation_state_rnk",39.5628
"29077004109","tract",2023,"transportation_state_rnk",74.3227
"29077004201","tract",2023,"transportation_state_rnk",82.6355
"29077004202","tract",2023,"transportation_state_rnk",78.633
"29077004303","tract",2023,"transportation_state_rnk",0.431
"29077004304","tract",2023,"transportation_state_rnk",39.0394
"29077004305","tract",2023,"transportation_state_rnk",26.447
"29077004306","tract",2023,"transportation_state_rnk",75.0924
"29077004401","tract",2023,"transportation_state_rnk",95.4433
"29077004402","tract",2023,"transportation_state_rnk",81.7734
"29077004500","tract",2023,"transportation_state_rnk",75.6773
"29077004601","tract",2023,"transportation_state_rnk",9.2365
"29077004602","tract",2023,"transportation_state_rnk",26.2623
"29077004700","tract",2023,"transportation_state_rnk",22.5677
"29077004802","tract",2023,"transportation_state_rnk",83.6823
"29077004803","tract",2023,"transportation_state_rnk",74.6921
"29077004804","tract",2023,"transportation_state_rnk",32.4507
"29077004805","tract",2023,"transportation_state_rnk",11.915
"29077004900","tract",2023,"transportation_state_rnk",9.6983
"29077005001","tract",2023,"transportation_state_rnk",45.351
"29077005002","tract",2023,"transportation_state_rnk",7.5739
"29077005100","tract",2023,"transportation_state_rnk",10.7451
"29077005201","tract",2023,"transportation_state_rnk",51.5702
"29077005202","tract",2023,"transportation_state_rnk",7.2968
"29077005500","tract",2023,"transportation_state_rnk",92.9187
"29077005600","tract",2023,"transportation_state_rnk",92.6108
"29077005700","tract",2023,"transportation_state_rnk",88.3621
"29077005801","tract",2023,"transportation_state_rnk",83.8054
"29077005802","tract",2023,"transportation_state_rnk",90.3325
"29079960100","tract",2023,"transportation_state_rnk",11.2069
"29079960200","tract",2023,"transportation_state_rnk",58.4667
"29079960300","tract",2023,"transportation_state_rnk",24.5074
"29079960400","tract",2023,"transportation_state_rnk",64.532
"29081950100","tract",2023,"transportation_state_rnk",17.58
"29081950200","tract",2023,"transportation_state_rnk",13.8239
"29081950300","tract",2023,"transportation_state_rnk",42.8264
"29083950100","tract",2023,"transportation_state_rnk",18.4113
"29083950200","tract",2023,"transportation_state_rnk",6.7734
"29083950300","tract",2023,"transportation_state_rnk",14.7783
"29083950400","tract",2023,"transportation_state_rnk",19.2734
"29083950500","tract",2023,"transportation_state_rnk",22.5677
"29083950600","tract",2023,"transportation_state_rnk",85.9914
"29085470100","tract",2023,"transportation_state_rnk",48.2143
"29085470300","tract",2023,"transportation_state_rnk",13.7315
"29085470501","tract",2023,"transportation_state_rnk",40.3941
"29085470502","tract",2023,"transportation_state_rnk",45.7512
"29087960100","tract",2023,"transportation_state_rnk",28.202
"29087960200","tract",2023,"transportation_state_rnk",33.6207
"29087960300","tract",2023,"transportation_state_rnk",27.032
"29089960100","tract",2023,"transportation_state_rnk",12.5924
"29089960200","tract",2023,"transportation_state_rnk",32.266
"29089960300","tract",2023,"transportation_state_rnk",46.5825
"29091090101","tract",2023,"transportation_state_rnk",22.8756
"29091090102","tract",2023,"transportation_state_rnk",13.5468
"29091090200","tract",2023,"transportation_state_rnk",34.6059
"29091090300","tract",2023,"transportation_state_rnk",18.75
"29091090400","tract",2023,"transportation_state_rnk",3.5099
"29091090500","tract",2023,"transportation_state_rnk",11.8227
"29091090600","tract",2023,"transportation_state_rnk",40.1478
"29091090700","tract",2023,"transportation_state_rnk",87.5308
"29091090801","tract",2023,"transportation_state_rnk",79.7106
"29091090802","tract",2023,"transportation_state_rnk",39.9015
"29093950100","tract",2023,"transportation_state_rnk",39.0394
"29093950200","tract",2023,"transportation_state_rnk",11.5456
"29093950300","tract",2023,"transportation_state_rnk",29.4951
"29093950400","tract",2023,"transportation_state_rnk",20.5973
"29095000300","tract",2023,"transportation_state_rnk",95.3202
"29095000600","tract",2023,"transportation_state_rnk",85.3448
"29095000700","tract",2023,"transportation_state_rnk",48.0911
"29095000800","tract",2023,"transportation_state_rnk",95.5665
"29095000900","tract",2023,"transportation_state_rnk",97.5985
"29095001000","tract",2023,"transportation_state_rnk",54.4951
"29095001100","tract",2023,"transportation_state_rnk",56.2808
"29095001800","tract",2023,"transportation_state_rnk",98.9532
"29095001900","tract",2023,"transportation_state_rnk",92.734
"29095002000","tract",2023,"transportation_state_rnk",60.7143
"29095002100","tract",2023,"transportation_state_rnk",72.814
"29095002200","tract",2023,"transportation_state_rnk",93.4113
"29095002300","tract",2023,"transportation_state_rnk",89.8399
"29095003400","tract",2023,"transportation_state_rnk",92.5493
"29095003700","tract",2023,"transportation_state_rnk",45.5357
"29095003800","tract",2023,"transportation_state_rnk",95.7512
"29095004300","tract",2023,"transportation_state_rnk",70.2586
"29095004400","tract",2023,"transportation_state_rnk",53.9409
"29095004600","tract",2023,"transportation_state_rnk",91.5025
"29095005100","tract",2023,"transportation_state_rnk",51.1084
"29095005200","tract",2023,"transportation_state_rnk",97.8448
"29095005300","tract",2023,"transportation_state_rnk",94.335
"29095005400","tract",2023,"transportation_state_rnk",98.7685
"29095005500","tract",2023,"transportation_state_rnk",54.4335
"29095005601","tract",2023,"transportation_state_rnk",95.1047
"29095005602","tract",2023,"transportation_state_rnk",71.5517
"29095005700","tract",2023,"transportation_state_rnk",87.069
"29095005801","tract",2023,"transportation_state_rnk",94.2426
"29095006000","tract",2023,"transportation_state_rnk",29.4027
"29095006100","tract",2023,"transportation_state_rnk",85.6527
"29095006300","tract",2023,"transportation_state_rnk",98.3682
"29095006500","tract",2023,"transportation_state_rnk",87.8079
"29095006600","tract",2023,"transportation_state_rnk",74.3842
"29095006700","tract",2023,"transportation_state_rnk",69.4273
"29095006900","tract",2023,"transportation_state_rnk",67.5185
"29095007100","tract",2023,"transportation_state_rnk",84.7906
"29095007200","tract",2023,"transportation_state_rnk",85.7143
"29095007301","tract",2023,"transportation_state_rnk",96.798
"29095007302","tract",2023,"transportation_state_rnk",94.766
"29095007400","tract",2023,"transportation_state_rnk",93.2266
"29095007500","tract",2023,"transportation_state_rnk",89.1626
"29095007600","tract",2023,"transportation_state_rnk",90.7328
"29095007700","tract",2023,"transportation_state_rnk",97.1675
"29095007802","tract",2023,"transportation_state_rnk",97.4754
"29095007900","tract",2023,"transportation_state_rnk",86.33
"29095008000","tract",2023,"transportation_state_rnk",50.1847
"29095008100","tract",2023,"transportation_state_rnk",90.9791
"29095008200","tract",2023,"transportation_state_rnk",50.8929
"29095008300","tract",2023,"transportation_state_rnk",40.0554
"29095008400","tract",2023,"transportation_state_rnk",68.8732
"29095008500","tract",2023,"transportation_state_rnk",72.1367
"29095008600","tract",2023,"transportation_state_rnk",47.7833
"29095008700","tract",2023,"transportation_state_rnk",88.2081
"29095008800","tract",2023,"transportation_state_rnk",96.6133
"29095008900","tract",2023,"transportation_state_rnk",92.3645
"29095009000","tract",2023,"transportation_state_rnk",85.8374
"29095009100","tract",2023,"transportation_state_rnk",81.2192
"29095009200","tract",2023,"transportation_state_rnk",80.5419
"29095009300","tract",2023,"transportation_state_rnk",74.7845
"29095009400","tract",2023,"transportation_state_rnk",92.4569
"29095009500","tract",2023,"transportation_state_rnk",85.899
"29095009600","tract",2023,"transportation_state_rnk",83.3128
"29095009700","tract",2023,"transportation_state_rnk",97.1059
"29095009800","tract",2023,"transportation_state_rnk",48.6761
"29095009900","tract",2023,"transportation_state_rnk",84.6675
"29095010001","tract",2023,"transportation_state_rnk",85.5911
"29095010002","tract",2023,"transportation_state_rnk",75.3695
"29095010103","tract",2023,"transportation_state_rnk",91.564
"29095010105","tract",2023,"transportation_state_rnk",83.5591
"29095010201","tract",2023,"transportation_state_rnk",61.5764
"29095010203","tract",2023,"transportation_state_rnk",81.0961
"29095010204","tract",2023,"transportation_state_rnk",81.9581
"29095010500","tract",2023,"transportation_state_rnk",90.8251
"29095010600","tract",2023,"transportation_state_rnk",65.0246
"29095010702","tract",2023,"transportation_state_rnk",94.8892
"29095011001","tract",2023,"transportation_state_rnk",89.7783
"29095011002","tract",2023,"transportation_state_rnk",21.9212
"29095011100","tract",2023,"transportation_state_rnk",49.1687
"29095011200","tract",2023,"transportation_state_rnk",74.7845
"29095011300","tract",2023,"transportation_state_rnk",67.9495
"29095011405","tract",2023,"transportation_state_rnk",85.2525
"29095011406","tract",2023,"transportation_state_rnk",60.2217
"29095011407","tract",2023,"transportation_state_rnk",35.7759
"29095011408","tract",2023,"transportation_state_rnk",98.6453
"29095011409","tract",2023,"transportation_state_rnk",39.4397
"29095011410","tract",2023,"transportation_state_rnk",29.4027
"29095011501","tract",2023,"transportation_state_rnk",65.1478
"29095011502","tract",2023,"transportation_state_rnk",77.5554
"29095011601","tract",2023,"transportation_state_rnk",91.6564
"29095011602","tract",2023,"transportation_state_rnk",80.819
"29095011701","tract",2023,"transportation_state_rnk",24.1687
"29095011702","tract",2023,"transportation_state_rnk",21.9828
"29095011800","tract",2023,"transportation_state_rnk",77.5554
"29095011900","tract",2023,"transportation_state_rnk",66.4409
"29095012000","tract",2023,"transportation_state_rnk",38.3313
"29095012100","tract",2023,"transportation_state_rnk",78.3867
"29095012200","tract",2023,"transportation_state_rnk",72.1367
"29095012300","tract",2023,"transportation_state_rnk",73.1527
"29095012400","tract",2023,"transportation_state_rnk",83.8978
"29095012501","tract",2023,"transportation_state_rnk",66.2562
"29095012502","tract",2023,"transportation_state_rnk",71.8904
"29095012600","tract",2023,"transportation_state_rnk",82.5431
"29095012702","tract",2023,"transportation_state_rnk",81.835
"29095012703","tract",2023,"transportation_state_rnk",65.2401
"29095012802","tract",2023,"transportation_state_rnk",69.8892
"29095012803","tract",2023,"transportation_state_rnk",47.2906
"29095012804","tract",2023,"transportation_state_rnk",74.2303
"29095012903","tract",2023,"transportation_state_rnk",80.6034
"29095012904","tract",2023,"transportation_state_rnk",81.0961
"29095012906","tract",2023,"transportation_state_rnk",86.2685
"29095013003","tract",2023,"transportation_state_rnk",74.4766
"29095013100","tract",2023,"transportation_state_rnk",96.6749
"29095013203","tract",2023,"transportation_state_rnk",67.8571
"29095013208","tract",2023,"transportation_state_rnk",34.4828
"29095013210","tract",2023,"transportation_state_rnk",88.2081
"29095013301","tract",2023,"transportation_state_rnk",82.7586
"29095013307","tract",2023,"transportation_state_rnk",31.4039
"29095013309","tract",2023,"transportation_state_rnk",77.1244
"29095013313","tract",2023,"transportation_state_rnk",74.569
"29095013401","tract",2023,"transportation_state_rnk",63.1158
"29095013405","tract",2023,"transportation_state_rnk",64.5936
"29095013407","tract",2023,"transportation_state_rnk",46.2746
"29095013410","tract",2023,"transportation_state_rnk",80.9113
"29095013416","tract",2023,"transportation_state_rnk",50.5542
"29095013417","tract",2023,"transportation_state_rnk",51.7241
"29095013418","tract",2023,"transportation_state_rnk",69.4273
"29095013502","tract",2023,"transportation_state_rnk",17.8571
"29095013504","tract",2023,"transportation_state_rnk",28.1096
"29095013606","tract",2023,"transportation_state_rnk",17.0874
"29095013612","tract",2023,"transportation_state_rnk",28.2943
"29095013613","tract",2023,"transportation_state_rnk",42.1182
"29095013614","tract",2023,"transportation_state_rnk",91.4409
"29095013615","tract",2023,"transportation_state_rnk",40.2401
"29095013705","tract",2023,"transportation_state_rnk",44.0887
"29095013706","tract",2023,"transportation_state_rnk",54.7722
"29095013707","tract",2023,"transportation_state_rnk",33.9286
"29095013708","tract",2023,"transportation_state_rnk",24.8153
"29095013801","tract",2023,"transportation_state_rnk",36.6687
"29095013803","tract",2023,"transportation_state_rnk",23.8916
"29095013804","tract",2023,"transportation_state_rnk",15.2401
"29095013902","tract",2023,"transportation_state_rnk",5.7882
"29095013904","tract",2023,"transportation_state_rnk",4.4335
"29095013916","tract",2023,"transportation_state_rnk",9.3596
"29095013917","tract",2023,"transportation_state_rnk",7.5123
"29095013918","tract",2023,"transportation_state_rnk",22.8756
"29095014002","tract",2023,"transportation_state_rnk",37.1613
"29095014004","tract",2023,"transportation_state_rnk",43.9347
"29095014005","tract",2023,"transportation_state_rnk",61.2377
"29095014006","tract",2023,"transportation_state_rnk",68.0727
"29095014008","tract",2023,"transportation_state_rnk",83.3744
"29095014009","tract",2023,"transportation_state_rnk",21.2438
"29095014111","tract",2023,"transportation_state_rnk",41.5025
"29095014112","tract",2023,"transportation_state_rnk",31.8042
"29095014120","tract",2023,"transportation_state_rnk",17.2106
"29095014121","tract",2023,"transportation_state_rnk",68.6576
"29095014122","tract",2023,"transportation_state_rnk",12.8695
"29095014123","tract",2023,"transportation_state_rnk",72.6293
"29095014124","tract",2023,"transportation_state_rnk",85.0985
"29095014125","tract",2023,"transportation_state_rnk",2.0012
"29095014126","tract",2023,"transportation_state_rnk",78.8793
"29095014127","tract",2023,"transportation_state_rnk",58.3744
"29095014128","tract",2023,"transportation_state_rnk",73.399
"29095014203","tract",2023,"transportation_state_rnk",63.7315
"29095014205","tract",2023,"transportation_state_rnk",71.6749
"29095014206","tract",2023,"transportation_state_rnk",70.4741
"29095014300","tract",2023,"transportation_state_rnk",11.053
"29095014400","tract",2023,"transportation_state_rnk",29.6798
"29095014501","tract",2023,"transportation_state_rnk",79.064
"29095014503","tract",2023,"transportation_state_rnk",42.4877
"29095014504","tract",2023,"transportation_state_rnk",30.4803
"29095014601","tract",2023,"transportation_state_rnk",78.1404
"29095014603","tract",2023,"transportation_state_rnk",69.6429
"29095014604","tract",2023,"transportation_state_rnk",79.9877
"29095014701","tract",2023,"transportation_state_rnk",82.42
"29095014702","tract",2023,"transportation_state_rnk",57.3892
"29095014804","tract",2023,"transportation_state_rnk",13.6084
"29095014806","tract",2023,"transportation_state_rnk",59.7906
"29095014902","tract",2023,"transportation_state_rnk",31.4655
"29095014903","tract",2023,"transportation_state_rnk",8.0973
"29095014904","tract",2023,"transportation_state_rnk",67.7648
"29095014905","tract",2023,"transportation_state_rnk",59.9138
"29095015000","tract",2023,"transportation_state_rnk",18.9655
"29095015100","tract",2023,"transportation_state_rnk",63.3005
"29095015200","tract",2023,"transportation_state_rnk",76.3547
"29095015300","tract",2023,"transportation_state_rnk",95.3818
"29095015401","tract",2023,"transportation_state_rnk",99.8153
"29095015402","tract",2023,"transportation_state_rnk",51.4163
"29095015500","tract",2023,"transportation_state_rnk",86.8227
"29095015600","tract",2023,"transportation_state_rnk",58.7438
"29095015701","tract",2023,"transportation_state_rnk",90.7328
"29095015702","tract",2023,"transportation_state_rnk",98.8916
"29095015800","tract",2023,"transportation_state_rnk",94.5197
"29095015900","tract",2023,"transportation_state_rnk",NA
"29095016000","tract",2023,"transportation_state_rnk",97.3522
"29095016100","tract",2023,"transportation_state_rnk",57.1429
"29095016200","tract",2023,"transportation_state_rnk",88.5468
"29095016300","tract",2023,"transportation_state_rnk",97.9064
"29095016400","tract",2023,"transportation_state_rnk",37.9002
"29095016500","tract",2023,"transportation_state_rnk",54.5567
"29095016600","tract",2023,"transportation_state_rnk",85.0369
"29095016700","tract",2023,"transportation_state_rnk",96.8596
"29095016801","tract",2023,"transportation_state_rnk",96.4594
"29095016802","tract",2023,"transportation_state_rnk",94.5813
"29095016900","tract",2023,"transportation_state_rnk",80.1108
"29095017000","tract",2023,"transportation_state_rnk",67.9495
"29095017100","tract",2023,"transportation_state_rnk",96.7365
"29095017200","tract",2023,"transportation_state_rnk",84.3904
"29095017300","tract",2023,"transportation_state_rnk",82.1121
"29095017400","tract",2023,"transportation_state_rnk",95.8128
"29095017500","tract",2023,"transportation_state_rnk",53.8485
"29095017600","tract",2023,"transportation_state_rnk",65.6404
"29095017700","tract",2023,"transportation_state_rnk",69.2734
"29095017800","tract",2023,"transportation_state_rnk",82.9433
"29095017900","tract",2023,"transportation_state_rnk",34.4212
"29095018000","tract",2023,"transportation_state_rnk",40.702
"29095018101","tract",2023,"transportation_state_rnk",19.9815
"29095018102","tract",2023,"transportation_state_rnk",53.1404
"29095018200","tract",2023,"transportation_state_rnk",27.186
"29095018500","tract",2023,"transportation_state_rnk",79.803
"29095018600","tract",2023,"transportation_state_rnk",31.0961
"29095019301","tract",2023,"transportation_state_rnk",62.0382
"29095019302","tract",2023,"transportation_state_rnk",81.5887
"29095980101","tract",2023,"transportation_state_rnk",NA
"29095980802","tract",2023,"transportation_state_rnk",NA
"29095988300","tract",2023,"transportation_state_rnk",27.4323
"29095989100","tract",2023,"transportation_state_rnk",NA
"29095989200","tract",2023,"transportation_state_rnk",NA
"29097010100","tract",2023,"transportation_state_rnk",85.5296
"29097010200","tract",2023,"transportation_state_rnk",63.1158
"29097010301","tract",2023,"transportation_state_rnk",79.5567
"29097010302","tract",2023,"transportation_state_rnk",65.8559
"29097010400","tract",2023,"transportation_state_rnk",69.7352
"29097010500","tract",2023,"transportation_state_rnk",80.665
"29097010601","tract",2023,"transportation_state_rnk",76.9089
"29097010602","tract",2023,"transportation_state_rnk",61.2377
"29097010700","tract",2023,"transportation_state_rnk",62.7463
"29097010800","tract",2023,"transportation_state_rnk",77.2475
"29097010901","tract",2023,"transportation_state_rnk",20.8128
"29097010902","tract",2023,"transportation_state_rnk",79.7106
"29097011000","tract",2023,"transportation_state_rnk",94.0887
"29097011100","tract",2023,"transportation_state_rnk",55.7574
"29097011201","tract",2023,"transportation_state_rnk",5.4495
"29097011202","tract",2023,"transportation_state_rnk",63.2389
"29097011301","tract",2023,"transportation_state_rnk",6.25
"29097011302","tract",2023,"transportation_state_rnk",35.9298
"29097011400","tract",2023,"transportation_state_rnk",61.2377
"29097011501","tract",2023,"transportation_state_rnk",3.9101
"29097011502","tract",2023,"transportation_state_rnk",19.2734
"29097011600","tract",2023,"transportation_state_rnk",84.4828
"29097011700","tract",2023,"transportation_state_rnk",88.9778
"29097011800","tract",2023,"transportation_state_rnk",76.8165
"29097011900","tract",2023,"transportation_state_rnk",29.5567
"29097012000","tract",2023,"transportation_state_rnk",3.3867
"29097012100","tract",2023,"transportation_state_rnk",0.9852
"29097012201","tract",2023,"transportation_state_rnk",36.2377
"29097012202","tract",2023,"transportation_state_rnk",9.8214
"29099700107","tract",2023,"transportation_state_rnk",20.9975
"29099700111","tract",2023,"transportation_state_rnk",55.1108
"29099700113","tract",2023,"transportation_state_rnk",31.9273
"29099700114","tract",2023,"transportation_state_rnk",8.2512
"29099700115","tract",2023,"transportation_state_rnk",13.3005
"29099700116","tract",2023,"transportation_state_rnk",8.0049
"29099700117","tract",2023,"transportation_state_rnk",33.2204
"29099700118","tract",2023,"transportation_state_rnk",52.8941
"29099700119","tract",2023,"transportation_state_rnk",57.1429
"29099700120","tract",2023,"transportation_state_rnk",77.9865
"29099700121","tract",2023,"transportation_state_rnk",56.3424
"29099700122","tract",2023,"transportation_state_rnk",56.1576
"29099700123","tract",2023,"transportation_state_rnk",36.33
"29099700124","tract",2023,"transportation_state_rnk",12.1613
"29099700206","tract",2023,"transportation_state_rnk",8.0973
"29099700207","tract",2023,"transportation_state_rnk",52.6478
"29099700208","tract",2023,"transportation_state_rnk",64.2241
"29099700209","tract",2023,"transportation_state_rnk",11.915
"29099700210","tract",2023,"transportation_state_rnk",68.165
"29099700211","tract",2023,"transportation_state_rnk",26.8165
"29099700212","tract",2023,"transportation_state_rnk",65.2401
"29099700213","tract",2023,"transportation_state_rnk",50.6158
"29099700302","tract",2023,"transportation_state_rnk",58.867
"29099700303","tract",2023,"transportation_state_rnk",19.8892
"29099700305","tract",2023,"transportation_state_rnk",47.3522
"29099700306","tract",2023,"transportation_state_rnk",53.0788
"29099700401","tract",2023,"transportation_state_rnk",9.1441
"29099700402","tract",2023,"transportation_state_rnk",25.0616
"29099700502","tract",2023,"transportation_state_rnk",26.5702
"29099700503","tract",2023,"transportation_state_rnk",16.9643
"29099700504","tract",2023,"transportation_state_rnk",4.1256
"29099700603","tract",2023,"transportation_state_rnk",53.202
"29099700604","tract",2023,"transportation_state_rnk",9.9446
"29099700605","tract",2023,"transportation_state_rnk",30.6958
"29099700606","tract",2023,"transportation_state_rnk",56.9581
"29099700607","tract",2023,"transportation_state_rnk",34.3596
"29099700700","tract",2023,"transportation_state_rnk",64.7783
"29099700801","tract",2023,"transportation_state_rnk",57.7278
"29099700802","tract",2023,"transportation_state_rnk",27.3091
"29099700900","tract",2023,"transportation_state_rnk",72.2906
"29099701001","tract",2023,"transportation_state_rnk",6.8966
"29099701002","tract",2023,"transportation_state_rnk",8.7131
"29099701101","tract",2023,"transportation_state_rnk",2.4015
"29099701102","tract",2023,"transportation_state_rnk",1.0468
"29099701200","tract",2023,"transportation_state_rnk",47.1675
"29099701300","tract",2023,"transportation_state_rnk",24.8153
"29099701401","tract",2023,"transportation_state_rnk",11.1453
"29099701403","tract",2023,"transportation_state_rnk",5.2956
"29099701404","tract",2023,"transportation_state_rnk",3.0172
"29101960101","tract",2023,"transportation_state_rnk",15.0246
"29101960102","tract",2023,"transportation_state_rnk",5.234
"29101960200","tract",2023,"transportation_state_rnk",18.75
"29101960301","tract",2023,"transportation_state_rnk",16.1946
"29101960302","tract",2023,"transportation_state_rnk",6.0961
"29101960401","tract",2023,"transportation_state_rnk",NA
"29101960402","tract",2023,"transportation_state_rnk",52.5862
"29101960501","tract",2023,"transportation_state_rnk",53.633
"29101960502","tract",2023,"transportation_state_rnk",46.0591
"29101960600","tract",2023,"transportation_state_rnk",46.0591
"29101960701","tract",2023,"transportation_state_rnk",27.186
"29101960702","tract",2023,"transportation_state_rnk",26.1392
"29101960900","tract",2023,"transportation_state_rnk",43.7192
"29101980000","tract",2023,"transportation_state_rnk",0.1847
"29103960100","tract",2023,"transportation_state_rnk",56.4039
"29103960200","tract",2023,"transportation_state_rnk",46.4286
"29105960101","tract",2023,"transportation_state_rnk",12.1613
"29105960102","tract",2023,"transportation_state_rnk",44.2734
"29105960201","tract",2023,"transportation_state_rnk",1.601
"29105960202","tract",2023,"transportation_state_rnk",26.9397
"29105960301","tract",2023,"transportation_state_rnk",38.6084
"29105960302","tract",2023,"transportation_state_rnk",8.9286
"29105960400","tract",2023,"transportation_state_rnk",49.3842
"29105960500","tract",2023,"transportation_state_rnk",46.4901
"29105960600","tract",2023,"transportation_state_rnk",51.6626
"29107090100","tract",2023,"transportation_state_rnk",35.0062
"29107090200","tract",2023,"transportation_state_rnk",18.6576
"29107090300","tract",2023,"transportation_state_rnk",35.2217
"29107090401","tract",2023,"transportation_state_rnk",22.1675
"29107090402","tract",2023,"transportation_state_rnk",30.08
"29107090500","tract",2023,"transportation_state_rnk",37.1613
"29107090601","tract",2023,"transportation_state_rnk",1.4778
"29107090602","tract",2023,"transportation_state_rnk",11.053
"29109470100","tract",2023,"transportation_state_rnk",14.532
"29109470201","tract",2023,"transportation_state_rnk",14.7167
"29109470202","tract",2023,"transportation_state_rnk",54.9877
"29109470300","tract",2023,"transportation_state_rnk",22.6601
"29109470401","tract",2023,"transportation_state_rnk",25.9852
"29109470402","tract",2023,"transportation_state_rnk",41.3177
"29109470501","tract",2023,"transportation_state_rnk",43.4113
"29109470502","tract",2023,"transportation_state_rnk",42.303
"29109470601","tract",2023,"transportation_state_rnk",39.7783
"29109470602","tract",2023,"transportation_state_rnk",63.5468
"29111970100","tract",2023,"transportation_state_rnk",49.0148
"29111970200","tract",2023,"transportation_state_rnk",27.617
"29111970300","tract",2023,"transportation_state_rnk",26.6626
"29111970400","tract",2023,"transportation_state_rnk",32.266
"29113810100","tract",2023,"transportation_state_rnk",15.7328
"29113810203","tract",2023,"transportation_state_rnk",21.1823
"29113810204","tract",2023,"transportation_state_rnk",13.67
"29113810205","tract",2023,"transportation_state_rnk",10.7451
"29113810206","tract",2023,"transportation_state_rnk",15.117
"29113810305","tract",2023,"transportation_state_rnk",37.5308
"29113810306","tract",2023,"transportation_state_rnk",57.4815
"29113810307","tract",2023,"transportation_state_rnk",9.0517
"29113810308","tract",2023,"transportation_state_rnk",50.3695
"29113810309","tract",2023,"transportation_state_rnk",2.2167
"29113810310","tract",2023,"transportation_state_rnk",6.3424
"29113810401","tract",2023,"transportation_state_rnk",18.8424
"29113810402","tract",2023,"transportation_state_rnk",13.8239
"29115490100","tract",2023,"transportation_state_rnk",41.8103
"29115490200","tract",2023,"transportation_state_rnk",54.3719
"29115490300","tract",2023,"transportation_state_rnk",4.6798
"29115490400","tract",2023,"transportation_state_rnk",54.8645
"29115490500","tract",2023,"transportation_state_rnk",20.1047
"29117480100","tract",2023,"transportation_state_rnk",10.4988
"29117480200","tract",2023,"transportation_state_rnk",21.4901
"29117480300","tract",2023,"transportation_state_rnk",38.7623
"29117480400","tract",2023,"transportation_state_rnk",22.4754
"29117480500","tract",2023,"transportation_state_rnk",19.0887
"29119070101","tract",2023,"transportation_state_rnk",32.6355
"29119070102","tract",2023,"transportation_state_rnk",34.9138
"29119070200","tract",2023,"transportation_state_rnk",15.2401
"29119070300","tract",2023,"transportation_state_rnk",50
"29119070401","tract",2023,"transportation_state_rnk",45.8436
"29119070402","tract",2023,"transportation_state_rnk",32.9433
"29121960100","tract",2023,"transportation_state_rnk",37.3768
"29121960200","tract",2023,"transportation_state_rnk",55.7574
"29121960300","tract",2023,"transportation_state_rnk",17.58
"29121960400","tract",2023,"transportation_state_rnk",19.5505
"29121960500","tract",2023,"transportation_state_rnk",33.7746
"29123960100","tract",2023,"transportation_state_rnk",40.8251
"29123960201","tract",2023,"transportation_state_rnk",56.0037
"29123960202","tract",2023,"transportation_state_rnk",18.9039
"29123960300","tract",2023,"transportation_state_rnk",7.6355
"29125880100","tract",2023,"transportation_state_rnk",27.8941
"29125880298","tract",2023,"transportation_state_rnk",42.3645
"29125880300","tract",2023,"transportation_state_rnk",20.2894
"29127960100","tract",2023,"transportation_state_rnk",23.7993
"29127960200","tract",2023,"transportation_state_rnk",2.4938
"29127960300","tract",2023,"transportation_state_rnk",31.6502
"29127960400","tract",2023,"transportation_state_rnk",63.8239
"29127960500","tract",2023,"transportation_state_rnk",57.8818
"29127960600","tract",2023,"transportation_state_rnk",44.181
"29127960800","tract",2023,"transportation_state_rnk",50.8929
"29127960900","tract",2023,"transportation_state_rnk",48.4606
"29129470100","tract",2023,"transportation_state_rnk",37.6539
"29129470200","tract",2023,"transportation_state_rnk",37.7771
"29131962501","tract",2023,"transportation_state_rnk",2.9557
"29131962502","tract",2023,"transportation_state_rnk",19.7968
"29131962600","tract",2023,"transportation_state_rnk",24.1687
"29131962701","tract",2023,"transportation_state_rnk",21.0899
"29131962702","tract",2023,"transportation_state_rnk",37.0382
"29131962801","tract",2023,"transportation_state_rnk",30.9421
"29131962802","tract",2023,"transportation_state_rnk",2.0012
"29131962901","tract",2023,"transportation_state_rnk",43.0111
"29131962902","tract",2023,"transportation_state_rnk",10.2217
"29133950100","tract",2023,"transportation_state_rnk",NA
"29133950200","tract",2023,"transportation_state_rnk",52.9865
"29133950300","tract",2023,"transportation_state_rnk",1.4163
"29133950400","tract",2023,"transportation_state_rnk",63.6084
"29135385100","tract",2023,"transportation_state_rnk",6.835
"29135385200","tract",2023,"transportation_state_rnk",32.266
"29135385300","tract",2023,"transportation_state_rnk",73.7993
"29135385400","tract",2023,"transportation_state_rnk",NA
"29137960100","tract",2023,"transportation_state_rnk",34.1133
"29137960200","tract",2023,"transportation_state_rnk",32.4507
"29137960300","tract",2023,"transportation_state_rnk",68.7192
"29139970100","tract",2023,"transportation_state_rnk",42.8264
"29139970200","tract",2023,"transportation_state_rnk",27.8941
"29139970300","tract",2023,"transportation_state_rnk",4.4951
"29139970400","tract",2023,"transportation_state_rnk",46.6749
"29141470100","tract",2023,"transportation_state_rnk",56.0961
"29141470200","tract",2023,"transportation_state_rnk",25.5234
"29141470300","tract",2023,"transportation_state_rnk",54.2796
"29141470401","tract",2023,"transportation_state_rnk",49.9384
"29141470402","tract",2023,"transportation_state_rnk",24.5074
"29141470501","tract",2023,"transportation_state_rnk",47.4754
"29141470502","tract",2023,"transportation_state_rnk",94.6429
"29141470503","tract",2023,"transportation_state_rnk",46.8596
"29143960100","tract",2023,"transportation_state_rnk",28.8485
"29143960200","tract",2023,"transportation_state_rnk",38.4236
"29143960300","tract",2023,"transportation_state_rnk",24.0148
"29143960400","tract",2023,"transportation_state_rnk",18.2266
"29143960500","tract",2023,"transportation_state_rnk",6.4963
"29143960600","tract",2023,"transportation_state_rnk",23.6453
"29145020100","tract",2023,"transportation_state_rnk",42.6724
"29145020200","tract",2023,"transportation_state_rnk",16.2562
"29145020300","tract",2023,"transportation_state_rnk",13.9163
"29145020401","tract",2023,"transportation_state_rnk",16.564
"29145020402","tract",2023,"transportation_state_rnk",3.0788
"29145020501","tract",2023,"transportation_state_rnk",70.6589
"29145020502","tract",2023,"transportation_state_rnk",65.5788
"29145020601","tract",2023,"transportation_state_rnk",15.4249
"29145020602","tract",2023,"transportation_state_rnk",5.9113
"29145020700","tract",2023,"transportation_state_rnk",35.6219
"29145020800","tract",2023,"transportation_state_rnk",20.1047
"29145020900","tract",2023,"transportation_state_rnk",28.9717
"29145021000","tract",2023,"transportation_state_rnk",36.8227
"29147470100","tract",2023,"transportation_state_rnk",9.9446
"29147470200","tract",2023,"transportation_state_rnk",18.0419
"29147470301","tract",2023,"transportation_state_rnk",51.4163
"29147470302","tract",2023,"transportation_state_rnk",NA
"29147470400","tract",2023,"transportation_state_rnk",29.2796
"29147470500","tract",2023,"transportation_state_rnk",11.6995
"29149480100","tract",2023,"transportation_state_rnk",40.3941
"29149480200","tract",2023,"transportation_state_rnk",10.1601
"29149480300","tract",2023,"transportation_state_rnk",20.2894
"29151490100","tract",2023,"transportation_state_rnk",21.4286
"29151490200","tract",2023,"transportation_state_rnk",25.6466
"29151490300","tract",2023,"transportation_state_rnk",8.2512
"29151490400","tract",2023,"transportation_state_rnk",19.9815
"29153470101","tract",2023,"transportation_state_rnk",47.9988
"29153470102","tract",2023,"transportation_state_rnk",49.3227
"29153470200","tract",2023,"transportation_state_rnk",24.0148
"29155470100","tract",2023,"transportation_state_rnk",8.9286
"29155470200","tract",2023,"transportation_state_rnk",62.5
"29155470300","tract",2023,"transportation_state_rnk",47.7217
"29155470400","tract",2023,"transportation_state_rnk",56.5271
"29155470500","tract",2023,"transportation_state_rnk",2.3399
"29155470600","tract",2023,"transportation_state_rnk",49.8461
"29157470100","tract",2023,"transportation_state_rnk",0.0616
"29157470200","tract",2023,"transportation_state_rnk",30.234
"29157470300","tract",2023,"transportation_state_rnk",56.835
"29157470400","tract",2023,"transportation_state_rnk",63.9163
"29157470500","tract",2023,"transportation_state_rnk",3.1712
"29159480100","tract",2023,"transportation_state_rnk",8.5899
"29159480200","tract",2023,"transportation_state_rnk",26.8165
"29159480300","tract",2023,"transportation_state_rnk",14.101
"29159480400","tract",2023,"transportation_state_rnk",12.7463
"29159480500","tract",2023,"transportation_state_rnk",22.2291
"29159480600","tract",2023,"transportation_state_rnk",71.798
"29159480700","tract",2023,"transportation_state_rnk",48.1527
"29159480800","tract",2023,"transportation_state_rnk",22.0751
"29159480900","tract",2023,"transportation_state_rnk",51.17
"29159481000","tract",2023,"transportation_state_rnk",12.1613
"29159481100","tract",2023,"transportation_state_rnk",50.4926
"29161890100","tract",2023,"transportation_state_rnk",28.2943
"29161890200","tract",2023,"transportation_state_rnk",39.6552
"29161890301","tract",2023,"transportation_state_rnk",32.0813
"29161890302","tract",2023,"transportation_state_rnk",77.7401
"29161890401","tract",2023,"transportation_state_rnk",71.367
"29161890402","tract",2023,"transportation_state_rnk",NA
"29161890500","tract",2023,"transportation_state_rnk",65.5172
"29161890600","tract",2023,"transportation_state_rnk",32.8202
"29161890700","tract",2023,"transportation_state_rnk",4.7414
"29161890800","tract",2023,"transportation_state_rnk",57.4815
"29161890900","tract",2023,"transportation_state_rnk",36.3916
"29161891000","tract",2023,"transportation_state_rnk",38.8855
"29163460100","tract",2023,"transportation_state_rnk",15.9791
"29163460200","tract",2023,"transportation_state_rnk",7.1429
"29163460300","tract",2023,"transportation_state_rnk",33.4975
"29163460400","tract",2023,"transportation_state_rnk",52.5246
"29163460500","tract",2023,"transportation_state_rnk",15.117
"29165030002","tract",2023,"transportation_state_rnk",51.7857
"29165030003","tract",2023,"transportation_state_rnk",10.0677
"29165030004","tract",2023,"transportation_state_rnk",82.8202
"29165030101","tract",2023,"transportation_state_rnk",21.3362
"29165030102","tract",2023,"transportation_state_rnk",66.9027
"29165030103","tract",2023,"transportation_state_rnk",30.6034
"29165030201","tract",2023,"transportation_state_rnk",40.0554
"29165030207","tract",2023,"transportation_state_rnk",73.8916
"29165030208","tract",2023,"transportation_state_rnk",12.7463
"29165030210","tract",2023,"transportation_state_rnk",44.0271
"29165030211","tract",2023,"transportation_state_rnk",75.0924
"29165030212","tract",2023,"transportation_state_rnk",82.42
"29165030213","tract",2023,"transportation_state_rnk",30.9421
"29165030214","tract",2023,"transportation_state_rnk",21.6133
"29165030215","tract",2023,"transportation_state_rnk",24.2919
"29165030216","tract",2023,"transportation_state_rnk",48.5222
"29165030306","tract",2023,"transportation_state_rnk",69.9507
"29165030308","tract",2023,"transportation_state_rnk",36.915
"29165030309","tract",2023,"transportation_state_rnk",73.7993
"29165030310","tract",2023,"transportation_state_rnk",70.197
"29165030401","tract",2023,"transportation_state_rnk",31.3116
"29165030501","tract",2023,"transportation_state_rnk",44.3658
"29165030502","tract",2023,"transportation_state_rnk",42.58
"29165030601","tract",2023,"transportation_state_rnk",15.4249
"29165030602","tract",2023,"transportation_state_rnk",3.3251
"29165030700","tract",2023,"transportation_state_rnk",10.314
"29165980000","tract",2023,"transportation_state_rnk",NA
"29167960101","tract",2023,"transportation_state_rnk",43.5961
"29167960102","tract",2023,"transportation_state_rnk",13.085
"29167960201","tract",2023,"transportation_state_rnk",7.3892
"29167960202","tract",2023,"transportation_state_rnk",48.9532
"29167960301","tract",2023,"transportation_state_rnk",18.5037
"29167960302","tract",2023,"transportation_state_rnk",24.5074
"29167960401","tract",2023,"transportation_state_rnk",58.0049
"29167960402","tract",2023,"transportation_state_rnk",12.1613
"29169470101","tract",2023,"transportation_state_rnk",7.697
"29169470102","tract",2023,"transportation_state_rnk",0.4926
"29169470286","tract",2023,"transportation_state_rnk",58.5591
"29169470288","tract",2023,"transportation_state_rnk",26.1392
"29169470289","tract",2023,"transportation_state_rnk",46.5825
"29169470389","tract",2023,"transportation_state_rnk",NA
"29169470390","tract",2023,"transportation_state_rnk",7.8818
"29169470401","tract",2023,"transportation_state_rnk",5.6034
"29169470402","tract",2023,"transportation_state_rnk",30.819
"29169470501","tract",2023,"transportation_state_rnk",11.4224
"29169470502","tract",2023,"transportation_state_rnk",10.9606
"29169470601","tract",2023,"transportation_state_rnk",NA
"29169470602","tract",2023,"transportation_state_rnk",NA
"29171960100","tract",2023,"transportation_state_rnk",20.936
"29171960200","tract",2023,"transportation_state_rnk",44.4889
"29173470100","tract",2023,"transportation_state_rnk",31.0961
"29173470200","tract",2023,"transportation_state_rnk",3.633
"29173470300","tract",2023,"transportation_state_rnk",43.6576
"29175490100","tract",2023,"transportation_state_rnk",1.7241
"29175490200","tract",2023,"transportation_state_rnk",19.2734
"29175490300","tract",2023,"transportation_state_rnk",60.2217
"29175490400","tract",2023,"transportation_state_rnk",18.5961
"29175490500","tract",2023,"transportation_state_rnk",39.0394
"29175490600","tract",2023,"transportation_state_rnk",2.2783
"29177080001","tract",2023,"transportation_state_rnk",17.7032
"29177080002","tract",2023,"transportation_state_rnk",32.4507
"29177080100","tract",2023,"transportation_state_rnk",30.234
"29177080201","tract",2023,"transportation_state_rnk",73.9532
"29177080202","tract",2023,"transportation_state_rnk",89.0394
"29177080300","tract",2023,"transportation_state_rnk",3.5714
"29179380100","tract",2023,"transportation_state_rnk",36.5456
"29179380200","tract",2023,"transportation_state_rnk",35.2833
"29181870100","tract",2023,"transportation_state_rnk",13.085
"29181870200","tract",2023,"transportation_state_rnk",35.6219
"29181870300","tract",2023,"transportation_state_rnk",52.0628
"29181870400","tract",2023,"transportation_state_rnk",33.9286
"29183310100","tract",2023,"transportation_state_rnk",3.2635
"29183310201","tract",2023,"transportation_state_rnk",74.9692
"29183310202","tract",2023,"transportation_state_rnk",55.9113
"29183310301","tract",2023,"transportation_state_rnk",62.7463
"29183310302","tract",2023,"transportation_state_rnk",62.8695
"29183310400","tract",2023,"transportation_state_rnk",39.7783
"29183310501","tract",2023,"transportation_state_rnk",91.2562
"29183310502","tract",2023,"transportation_state_rnk",29.8953
"29183310601","tract",2023,"transportation_state_rnk",NA
"29183310602","tract",2023,"transportation_state_rnk",60.0985
"29183310700","tract",2023,"transportation_state_rnk",73.1527
"29183310801","tract",2023,"transportation_state_rnk",35.0062
"29183310802","tract",2023,"transportation_state_rnk",69.1502
"29183310901","tract",2023,"transportation_state_rnk",53.2635
"29183310902","tract",2023,"transportation_state_rnk",63.1158
"29183310903","tract",2023,"transportation_state_rnk",65.4557
"29183311001","tract",2023,"transportation_state_rnk",62.5924
"29183311003","tract",2023,"transportation_state_rnk",61.3916
"29183311004","tract",2023,"transportation_state_rnk",59.6059
"29183311103","tract",2023,"transportation_state_rnk",60.0062
"29183311114","tract",2023,"transportation_state_rnk",52.7094
"29183311122","tract",2023,"transportation_state_rnk",59.298
"29183311124","tract",2023,"transportation_state_rnk",21.6133
"29183311132","tract",2023,"transportation_state_rnk",42.0567
"29183311145","tract",2023,"transportation_state_rnk",57.0197
"29183311146","tract",2023,"transportation_state_rnk",66.564
"29183311147","tract",2023,"transportation_state_rnk",70.0739
"29183311148","tract",2023,"transportation_state_rnk",56.7734
"29183311149","tract",2023,"transportation_state_rnk",53.4483
"29183311150","tract",2023,"transportation_state_rnk",55.665
"29183311151","tract",2023,"transportation_state_rnk",23.1219
"29183311152","tract",2023,"transportation_state_rnk",58.8054
"29183311153","tract",2023,"transportation_state_rnk",66.9027
"29183311154","tract",2023,"transportation_state_rnk",64.3165
"29183311203","tract",2023,"transportation_state_rnk",69.5197
"29183311211","tract",2023,"transportation_state_rnk",37.6539
"29183311212","tract",2023,"transportation_state_rnk",60.468
"29183311221","tract",2023,"transportation_state_rnk",30.819
"29183311294","tract",2023,"transportation_state_rnk",61.6995
"29183311296","tract",2023,"transportation_state_rnk",58.0973
"29183311311","tract",2023,"transportation_state_rnk",64.1626
"29183311312","tract",2023,"transportation_state_rnk",66.0406
"29183311322","tract",2023,"transportation_state_rnk",64.101
"29183311331","tract",2023,"transportation_state_rnk",58.1897
"29183311391","tract",2023,"transportation_state_rnk",68.2882
"29183311422","tract",2023,"transportation_state_rnk",62.931
"29183311500","tract",2023,"transportation_state_rnk",68.4421
"29183311602","tract",2023,"transportation_state_rnk",62.1613
"29183311603","tract",2023,"transportation_state_rnk",51.2623
"29183311604","tract",2023,"transportation_state_rnk",53.5714
"29183311712","tract",2023,"transportation_state_rnk",69.2118
"29183311721","tract",2023,"transportation_state_rnk",55.2956
"29183311732","tract",2023,"transportation_state_rnk",54.2796
"29183311733","tract",2023,"transportation_state_rnk",24.2919
"29183311734","tract",2023,"transportation_state_rnk",19.6736
"29183311735","tract",2023,"transportation_state_rnk",63.9778
"29183311737","tract",2023,"transportation_state_rnk",16.9643
"29183311738","tract",2023,"transportation_state_rnk",49.6921
"29183311739","tract",2023,"transportation_state_rnk",57.266
"29183311740","tract",2023,"transportation_state_rnk",1.1084
"29183311801","tract",2023,"transportation_state_rnk",55.5727
"29183311802","tract",2023,"transportation_state_rnk",86.6995
"29183311903","tract",2023,"transportation_state_rnk",63.3621
"29183311904","tract",2023,"transportation_state_rnk",25.6466
"29183311907","tract",2023,"transportation_state_rnk",57.7278
"29183311908","tract",2023,"transportation_state_rnk",38.3313
"29183311909","tract",2023,"transportation_state_rnk",25.5234
"29183312001","tract",2023,"transportation_state_rnk",11.6995
"29183312002","tract",2023,"transportation_state_rnk",9.1441
"29183312003","tract",2023,"transportation_state_rnk",17.2106
"29183312094","tract",2023,"transportation_state_rnk",9.5443
"29183312095","tract",2023,"transportation_state_rnk",57.1429
"29183312096","tract",2023,"transportation_state_rnk",60.6527
"29183312192","tract",2023,"transportation_state_rnk",34.2365
"29183312193","tract",2023,"transportation_state_rnk",32.8818
"29183312194","tract",2023,"transportation_state_rnk",53.7562
"29183312195","tract",2023,"transportation_state_rnk",68.7808
"29183312204","tract",2023,"transportation_state_rnk",18.165
"29183312206","tract",2023,"transportation_state_rnk",0.6158
"29183312207","tract",2023,"transportation_state_rnk",53.6946
"29183312208","tract",2023,"transportation_state_rnk",61.5148
"29183312209","tract",2023,"transportation_state_rnk",20.5973
"29183312300","tract",2023,"transportation_state_rnk",24.8153
"29183312400","tract",2023,"transportation_state_rnk",72.2291
"29183980000","tract",2023,"transportation_state_rnk",NA
"29185480100","tract",2023,"transportation_state_rnk",30.234
"29185480200","tract",2023,"transportation_state_rnk",31.3116
"29185480300","tract",2023,"transportation_state_rnk",55.5727
"29186960101","tract",2023,"transportation_state_rnk",6.0345
"29186960102","tract",2023,"transportation_state_rnk",1.3547
"29186960200","tract",2023,"transportation_state_rnk",43.8424
"29186960300","tract",2023,"transportation_state_rnk",1.2931
"29186960400","tract",2023,"transportation_state_rnk",2.0936
"29187950103","tract",2023,"transportation_state_rnk",7.7586
"29187950104","tract",2023,"transportation_state_rnk",18.319
"29187950105","tract",2023,"transportation_state_rnk",19.4273
"29187950106","tract",2023,"transportation_state_rnk",1.2315
"29187950300","tract",2023,"transportation_state_rnk",48.3374
"29187950401","tract",2023,"transportation_state_rnk",14.9015
"29187950402","tract",2023,"transportation_state_rnk",47.1059
"29187950600","tract",2023,"transportation_state_rnk",27.3091
"29187950701","tract",2023,"transportation_state_rnk",5.0493
"29187950702","tract",2023,"transportation_state_rnk",3.8177
"29187950703","tract",2023,"transportation_state_rnk",41.9951
"29187950801","tract",2023,"transportation_state_rnk",25.431
"29187950802","tract",2023,"transportation_state_rnk",23.2451
"29187950901","tract",2023,"transportation_state_rnk",59.2365
"29187950902","tract",2023,"transportation_state_rnk",NA
"29187951001","tract",2023,"transportation_state_rnk",36.2377
"29187951002","tract",2023,"transportation_state_rnk",18.1034
"29187951101","tract",2023,"transportation_state_rnk",47.6601
"29187951102","tract",2023,"transportation_state_rnk",35.3448
"29189210101","tract",2023,"transportation_state_rnk",57.5739
"29189210102","tract",2023,"transportation_state_rnk",55.4187
"29189210200","tract",2023,"transportation_state_rnk",86.0837
"29189210300","tract",2023,"transportation_state_rnk",88.67
"29189210400","tract",2023,"transportation_state_rnk",89.9631
"29189210501","tract",2023,"transportation_state_rnk",90.5172
"29189210502","tract",2023,"transportation_state_rnk",95.9052
"29189210600","tract",2023,"transportation_state_rnk",90.5788
"29189210702","tract",2023,"transportation_state_rnk",88.4852
"29189210703","tract",2023,"transportation_state_rnk",76.7241
"29189210704","tract",2023,"transportation_state_rnk",82.697
"29189210803","tract",2023,"transportation_state_rnk",50.9852
"29189210805","tract",2023,"transportation_state_rnk",80.4803
"29189210806","tract",2023,"transportation_state_rnk",64.0394
"29189210807","tract",2023,"transportation_state_rnk",80.3264
"29189210808","tract",2023,"transportation_state_rnk",40.8867
"29189210912","tract",2023,"transportation_state_rnk",77.8633
"29189210921","tract",2023,"transportation_state_rnk",54.9261
"29189210923","tract",2023,"transportation_state_rnk",67.2414
"29189210924","tract",2023,"transportation_state_rnk",77.0012
"29189210925","tract",2023,"transportation_state_rnk",54.0025
"29189210926","tract",2023,"transportation_state_rnk",85.4064
"29189210927","tract",2023,"transportation_state_rnk",54.7722
"29189210928","tract",2023,"transportation_state_rnk",66.6256
"29189211001","tract",2023,"transportation_state_rnk",67.7648
"29189211002","tract",2023,"transportation_state_rnk",64.9015
"29189211101","tract",2023,"transportation_state_rnk",91.8719
"29189211102","tract",2023,"transportation_state_rnk",84.3904
"29189211201","tract",2023,"transportation_state_rnk",87.069
"29189211202","tract",2023,"transportation_state_rnk",49.4458
"29189211301","tract",2023,"transportation_state_rnk",71.8904
"29189211331","tract",2023,"transportation_state_rnk",66.5025
"29189211332","tract",2023,"transportation_state_rnk",78.5714
"29189211333","tract",2023,"transportation_state_rnk",76.601
"29189211334","tract",2023,"transportation_state_rnk",62.0382
"29189211401","tract",2023,"transportation_state_rnk",62.4384
"29189211402","tract",2023,"transportation_state_rnk",88.0234
"29189211500","tract",2023,"transportation_state_rnk",89.6552
"29189211600","tract",2023,"transportation_state_rnk",38.0234
"29189211700","tract",2023,"transportation_state_rnk",89.4089
"29189211801","tract",2023,"transportation_state_rnk",81.4039
"29189211802","tract",2023,"transportation_state_rnk",82.2352
"29189211900","tract",2023,"transportation_state_rnk",99.6921
"29189212002","tract",2023,"transportation_state_rnk",96.1823
"29189212003","tract",2023,"transportation_state_rnk",95.1047
"29189212004","tract",2023,"transportation_state_rnk",96.1207
"29189212101","tract",2023,"transportation_state_rnk",99.5074
"29189212102","tract",2023,"transportation_state_rnk",96.5517
"29189212201","tract",2023,"transportation_state_rnk",91.3793
"29189212202","tract",2023,"transportation_state_rnk",75.9544
"29189212300","tract",2023,"transportation_state_rnk",81.3116
"29189212400","tract",2023,"transportation_state_rnk",40.9791
"29189212500","tract",2023,"transportation_state_rnk",90.4249
"29189212600","tract",2023,"transportation_state_rnk",75.2463
"29189212701","tract",2023,"transportation_state_rnk",41.8103
"29189212702","tract",2023,"transportation_state_rnk",78.2328
"29189213102","tract",2023,"transportation_state_rnk",0
"29189213103","tract",2023,"transportation_state_rnk",55.1724
"29189213104","tract",2023,"transportation_state_rnk",66.0406
"29189213202","tract",2023,"transportation_state_rnk",73.3374
"29189213203","tract",2023,"transportation_state_rnk",29.8953
"29189213204","tract",2023,"transportation_state_rnk",52.0628
"29189213301","tract",2023,"transportation_state_rnk",88.3005
"29189213302","tract",2023,"transportation_state_rnk",58.6823
"29189213401","tract",2023,"transportation_state_rnk",78.8793
"29189213402","tract",2023,"transportation_state_rnk",61.4532
"29189213500","tract",2023,"transportation_state_rnk",73.5837
"29189213600","tract",2023,"transportation_state_rnk",89.2549
"29189213701","tract",2023,"transportation_state_rnk",97.9988
"29189213702","tract",2023,"transportation_state_rnk",94.9507
"29189213800","tract",2023,"transportation_state_rnk",92.303
"29189213900","tract",2023,"transportation_state_rnk",76.4778
"29189214100","tract",2023,"transportation_state_rnk",89.532
"29189214200","tract",2023,"transportation_state_rnk",59.6983
"29189214300","tract",2023,"transportation_state_rnk",93.3498
"29189214400","tract",2023,"transportation_state_rnk",81.8966
"29189214500","tract",2023,"transportation_state_rnk",62.3768
"29189214601","tract",2023,"transportation_state_rnk",66.9027
"29189214602","tract",2023,"transportation_state_rnk",74.0456
"29189214700","tract",2023,"transportation_state_rnk",57.9433
"29189214800","tract",2023,"transportation_state_rnk",70.8744
"29189214901","tract",2023,"transportation_state_rnk",41.1946
"29189214902","tract",2023,"transportation_state_rnk",70.8128
"29189215001","tract",2023,"transportation_state_rnk",59.8522
"29189215003","tract",2023,"transportation_state_rnk",76.4163
"29189215004","tract",2023,"transportation_state_rnk",78.5099
"29189215005","tract",2023,"transportation_state_rnk",44.7044
"29189215102","tract",2023,"transportation_state_rnk",48.8916
"29189215103","tract",2023,"transportation_state_rnk",52.9865
"29189215105","tract",2023,"transportation_state_rnk",31.8042
"29189215141","tract",2023,"transportation_state_rnk",69.0579
"29189215143","tract",2023,"transportation_state_rnk",77.0012
"29189215144","tract",2023,"transportation_state_rnk",72.5062
"29189215145","tract",2023,"transportation_state_rnk",90.8867
"29189215146","tract",2023,"transportation_state_rnk",66.133
"29189215201","tract",2023,"transportation_state_rnk",77.4631
"29189215231","tract",2023,"transportation_state_rnk",70.7512
"29189215233","tract",2023,"transportation_state_rnk",58.9286
"29189215234","tract",2023,"transportation_state_rnk",60.899
"29189215235","tract",2023,"transportation_state_rnk",81.4963
"29189215236","tract",2023,"transportation_state_rnk",68.2266
"29189215301","tract",2023,"transportation_state_rnk",76.1084
"29189215302","tract",2023,"transportation_state_rnk",28.4483
"29189215400","tract",2023,"transportation_state_rnk",51.4163
"29189215500","tract",2023,"transportation_state_rnk",70.6589
"29189215600","tract",2023,"transportation_state_rnk",60.3448
"29189215700","tract",2023,"transportation_state_rnk",93.4729
"29189215801","tract",2023,"transportation_state_rnk",41.0714
"29189215802","tract",2023,"transportation_state_rnk",61.2377
"29189215803","tract",2023,"transportation_state_rnk",41.8103
"29189215901","tract",2023,"transportation_state_rnk",80.819
"29189215902","tract",2023,"transportation_state_rnk",88.1158
"29189216000","tract",2023,"transportation_state_rnk",77.8633
"29189216101","tract",2023,"transportation_state_rnk",97.7833
"29189216102","tract",2023,"transportation_state_rnk",99.8768
"29189216201","tract",2023,"transportation_state_rnk",67.6108
"29189216202","tract",2023,"transportation_state_rnk",91.3177
"29189216300","tract",2023,"transportation_state_rnk",NA
"29189216401","tract",2023,"transportation_state_rnk",92.4569
"29189216402","tract",2023,"transportation_state_rnk",78.0788
"29189216500","tract",2023,"transportation_state_rnk",87.3768
"29189216600","tract",2023,"transportation_state_rnk",41.5948
"29189216700","tract",2023,"transportation_state_rnk",34.6983
"29189216800","tract",2023,"transportation_state_rnk",90.0862
"29189216900","tract",2023,"transportation_state_rnk",82.3276
"29189217000","tract",2023,"transportation_state_rnk",88.8239
"29189217200","tract",2023,"transportation_state_rnk",46.2746
"29189217300","tract",2023,"transportation_state_rnk",81.0961
"29189217400","tract",2023,"transportation_state_rnk",73.4914
"29189217500","tract",2023,"transportation_state_rnk",33.6823
"29189217600","tract",2023,"transportation_state_rnk",60.7759
"29189217701","tract",2023,"transportation_state_rnk",12.931
"29189217702","tract",2023,"transportation_state_rnk",58.0973
"29189217802","tract",2023,"transportation_state_rnk",58.4667
"29189217806","tract",2023,"transportation_state_rnk",41.3793
"29189217807","tract",2023,"transportation_state_rnk",70.936
"29189217841","tract",2023,"transportation_state_rnk",64.8399
"29189217851","tract",2023,"transportation_state_rnk",75.9544
"29189217852","tract",2023,"transportation_state_rnk",24.3842
"29189217853","tract",2023,"transportation_state_rnk",63.8239
"29189217854","tract",2023,"transportation_state_rnk",50.2771
"29189217921","tract",2023,"transportation_state_rnk",28.0172
"29189217923","tract",2023,"transportation_state_rnk",56.0037
"29189217931","tract",2023,"transportation_state_rnk",58.2512
"29189217932","tract",2023,"transportation_state_rnk",53.5099
"29189217941","tract",2023,"transportation_state_rnk",72.9064
"29189217942","tract",2023,"transportation_state_rnk",62.1613
"29189217943","tract",2023,"transportation_state_rnk",25.2463
"29189217944","tract",2023,"transportation_state_rnk",67.1798
"29189218012","tract",2023,"transportation_state_rnk",28.1096
"29189218013","tract",2023,"transportation_state_rnk",33.0973
"29189218014","tract",2023,"transportation_state_rnk",17.3953
"29189218015","tract",2023,"transportation_state_rnk",20.2894
"29189218016","tract",2023,"transportation_state_rnk",43.2266
"29189218102","tract",2023,"transportation_state_rnk",68.5653
"29189218104","tract",2023,"transportation_state_rnk",40.702
"29189218105","tract",2023,"transportation_state_rnk",51.5702
"29189218201","tract",2023,"transportation_state_rnk",67.0874
"29189218300","tract",2023,"transportation_state_rnk",83.4975
"29189218401","tract",2023,"transportation_state_rnk",59.1133
"29189218402","tract",2023,"transportation_state_rnk",66.718
"29189218500","tract",2023,"transportation_state_rnk",64.3165
"29189218600","tract",2023,"transportation_state_rnk",87.8695
"29189218800","tract",2023,"transportation_state_rnk",82.8818
"29189218901","tract",2023,"transportation_state_rnk",68.3498
"29189218902","tract",2023,"transportation_state_rnk",39.4397
"29189219100","tract",2023,"transportation_state_rnk",79.3103
"29189219200","tract",2023,"transportation_state_rnk",87.6232
"29189219300","tract",2023,"transportation_state_rnk",77.2475
"29189219400","tract",2023,"transportation_state_rnk",59.5135
"29189219501","tract",2023,"transportation_state_rnk",75.6158
"29189219502","tract",2023,"transportation_state_rnk",84.9138
"29189219601","tract",2023,"transportation_state_rnk",90.2401
"29189219602","tract",2023,"transportation_state_rnk",76.6626
"29189219700","tract",2023,"transportation_state_rnk",79.5567
"29189219801","tract",2023,"transportation_state_rnk",71.4901
"29189219802","tract",2023,"transportation_state_rnk",86.6379
"29189219900","tract",2023,"transportation_state_rnk",54.064
"29189220001","tract",2023,"transportation_state_rnk",74.9692
"29189220002","tract",2023,"transportation_state_rnk",71.1207
"29189220101","tract",2023,"transportation_state_rnk",65.7635
"29189220102","tract",2023,"transportation_state_rnk",67.6724
"29189220200","tract",2023,"transportation_state_rnk",76.1084
"29189220300","tract",2023,"transportation_state_rnk",57.6355
"29189220441","tract",2023,"transportation_state_rnk",71.367
"29189220442","tract",2023,"transportation_state_rnk",62.9926
"29189220443","tract",2023,"transportation_state_rnk",66.9027
"29189220445","tract",2023,"transportation_state_rnk",62.7463
"29189220446","tract",2023,"transportation_state_rnk",61.6995
"29189220447","tract",2023,"transportation_state_rnk",69.0579
"29189220448","tract",2023,"transportation_state_rnk",67.3645
"29189220449","tract",2023,"transportation_state_rnk",52.1552
"29189220450","tract",2023,"transportation_state_rnk",65.0246
"29189220451","tract",2023,"transportation_state_rnk",65.0246
"29189220452","tract",2023,"transportation_state_rnk",52.2783
"29189220501","tract",2023,"transportation_state_rnk",75.1847
"29189220503","tract",2023,"transportation_state_rnk",56.5887
"29189220504","tract",2023,"transportation_state_rnk",75.7697
"29189220601","tract",2023,"transportation_state_rnk",61.0837
"29189220602","tract",2023,"transportation_state_rnk",78.2328
"29189220701","tract",2023,"transportation_state_rnk",71.0283
"29189220702","tract",2023,"transportation_state_rnk",21.0899
"29189220703","tract",2023,"transportation_state_rnk",29.1256
"29189220801","tract",2023,"transportation_state_rnk",71.1823
"29189220802","tract",2023,"transportation_state_rnk",67.0874
"29189220803","tract",2023,"transportation_state_rnk",60.9606
"29189221000","tract",2023,"transportation_state_rnk",86.1453
"29189221100","tract",2023,"transportation_state_rnk",42.2414
"29189221201","tract",2023,"transportation_state_rnk",33.4052
"29189221202","tract",2023,"transportation_state_rnk",59.1749
"29189221332","tract",2023,"transportation_state_rnk",32.1429
"29189221335","tract",2023,"transportation_state_rnk",60.0062
"29189221336","tract",2023,"transportation_state_rnk",67.4261
"29189221337","tract",2023,"transportation_state_rnk",30.4803
"29189221338","tract",2023,"transportation_state_rnk",70.3818
"29189221339","tract",2023,"transportation_state_rnk",56.6502
"29189221421","tract",2023,"transportation_state_rnk",65.702
"29189221423","tract",2023,"transportation_state_rnk",58.9901
"29189221424","tract",2023,"transportation_state_rnk",65.9483
"29189221425","tract",2023,"transportation_state_rnk",55.2956
"29189221426","tract",2023,"transportation_state_rnk",65.8559
"29189221502","tract",2023,"transportation_state_rnk",40.5172
"29189221503","tract",2023,"transportation_state_rnk",14.532
"29189221506","tract",2023,"transportation_state_rnk",55.2956
"29189221621","tract",2023,"transportation_state_rnk",31.2192
"29189221624","tract",2023,"transportation_state_rnk",29.6182
"29189221625","tract",2023,"transportation_state_rnk",74.8768
"29189221626","tract",2023,"transportation_state_rnk",14.9015
"29189221627","tract",2023,"transportation_state_rnk",67.303
"29189221629","tract",2023,"transportation_state_rnk",61.915
"29189221630","tract",2023,"transportation_state_rnk",59.4212
"29189221631","tract",2023,"transportation_state_rnk",84.6059
"29189221800","tract",2023,"transportation_state_rnk",76.2931
"29189221900","tract",2023,"transportation_state_rnk",64.4704
"29189222000","tract",2023,"transportation_state_rnk",71.0283
"29189222100","tract",2023,"transportation_state_rnk",60.8374
"29195090100","tract",2023,"transportation_state_rnk",47.2291
"29195090200","tract",2023,"transportation_state_rnk",4.3719
"29195090300","tract",2023,"transportation_state_rnk",14.1933
"29195090400","tract",2023,"transportation_state_rnk",24.8153
"29195090500","tract",2023,"transportation_state_rnk",70.0123
"29195090600","tract",2023,"transportation_state_rnk",38.0234
"29195090700","tract",2023,"transportation_state_rnk",45.6589
"29195090800","tract",2023,"transportation_state_rnk",2.8325
"29197470100","tract",2023,"transportation_state_rnk",27.7401
"29197470200","tract",2023,"transportation_state_rnk",2.7709
"29199480100","tract",2023,"transportation_state_rnk",2.8941
"29199480200","tract",2023,"transportation_state_rnk",16.6872
"29201780100","tract",2023,"transportation_state_rnk",23.3682
"29201780200","tract",2023,"transportation_state_rnk",30.08
"29201780300","tract",2023,"transportation_state_rnk",13.4544
"29201780400","tract",2023,"transportation_state_rnk",0.7389
"29201780600","tract",2023,"transportation_state_rnk",78.3867
"29201780700","tract",2023,"transportation_state_rnk",38.67
"29201781000","tract",2023,"transportation_state_rnk",4.0025
"29201781100","tract",2023,"transportation_state_rnk",4.3103
"29201781201","tract",2023,"transportation_state_rnk",94.1502
"29201781202","tract",2023,"transportation_state_rnk",86.7611
"29201781300","tract",2023,"transportation_state_rnk",74.4766
"29203470100","tract",2023,"transportation_state_rnk",29.064
"29203470200","tract",2023,"transportation_state_rnk",37.2845
"29205450100","tract",2023,"transportation_state_rnk",29.1872
"29205450200","tract",2023,"transportation_state_rnk",43.165
"29205450300","tract",2023,"transportation_state_rnk",23.5222
"29207470100","tract",2023,"transportation_state_rnk",28.6022
"29207470200","tract",2023,"transportation_state_rnk",16.4409
"29207470300","tract",2023,"transportation_state_rnk",8.4975
"29207470400","tract",2023,"transportation_state_rnk",4.6182
"29207470500","tract",2023,"transportation_state_rnk",44.92
"29207470600","tract",2023,"transportation_state_rnk",5.7882
"29207470700","tract",2023,"transportation_state_rnk",17.3953
"29207470800","tract",2023,"transportation_state_rnk",4.8645
"29209090101","tract",2023,"transportation_state_rnk",4.8645
"29209090102","tract",2023,"transportation_state_rnk",15.7328
"29209090201","tract",2023,"transportation_state_rnk",7.2968
"29209090202","tract",2023,"transportation_state_rnk",50.2771
"29209090401","tract",2023,"transportation_state_rnk",37.7771
"29209090402","tract",2023,"transportation_state_rnk",35.9298
"29209090501","tract",2023,"transportation_state_rnk",50.431
"29209090502","tract",2023,"transportation_state_rnk",47.5985
"29209090603","tract",2023,"transportation_state_rnk",59.5135
"29209090604","tract",2023,"transportation_state_rnk",43.4113
"29209090605","tract",2023,"transportation_state_rnk",45.351
"29209090606","tract",2023,"transportation_state_rnk",17.303
"29211480100","tract",2023,"transportation_state_rnk",41.5948
"29211480200","tract",2023,"transportation_state_rnk",19.5505
"29211480300","tract",2023,"transportation_state_rnk",55.4803
"29213480106","tract",2023,"transportation_state_rnk",48.6761
"29213480107","tract",2023,"transportation_state_rnk",39.7783
"29213480108","tract",2023,"transportation_state_rnk",55.8498
"29213480109","tract",2023,"transportation_state_rnk",51.9089
"29213480203","tract",2023,"transportation_state_rnk",44.3658
"29213480204","tract",2023,"transportation_state_rnk",23.0296
"29213480205","tract",2023,"transportation_state_rnk",63.67
"29213480206","tract",2023,"transportation_state_rnk",43.0111
"29213480207","tract",2023,"transportation_state_rnk",29.7414
"29213480208","tract",2023,"transportation_state_rnk",22.383
"29213480301","tract",2023,"transportation_state_rnk",30.4803
"29213480302","tract",2023,"transportation_state_rnk",26.9397
"29213480402","tract",2023,"transportation_state_rnk",45.0739
"29213480403","tract",2023,"transportation_state_rnk",41.133
"29213480404","tract",2023,"transportation_state_rnk",45.351
"29213480501","tract",2023,"transportation_state_rnk",40.9791
"29213480503","tract",2023,"transportation_state_rnk",NA
"29213480504","tract",2023,"transportation_state_rnk",43.4113
"29215480101","tract",2023,"transportation_state_rnk",43.2882
"29215480102","tract",2023,"transportation_state_rnk",52.4015
"29215480201","tract",2023,"transportation_state_rnk",47.4138
"29215480202","tract",2023,"transportation_state_rnk",10.314
"29215480301","tract",2023,"transportation_state_rnk",6.4039
"29215480302","tract",2023,"transportation_state_rnk",42.58
"29215480401","tract",2023,"transportation_state_rnk",38.4852
"29215480402","tract",2023,"transportation_state_rnk",35.468
"29217950100","tract",2023,"transportation_state_rnk",50.0616
"29217950200","tract",2023,"transportation_state_rnk",40.3941
"29217950300","tract",2023,"transportation_state_rnk",95.5049
"29217950400","tract",2023,"transportation_state_rnk",91.8103
"29217950500","tract",2023,"transportation_state_rnk",13.2081
"29217950600","tract",2023,"transportation_state_rnk",17.9803
"29219820104","tract",2023,"transportation_state_rnk",8.5899
"29219820105","tract",2023,"transportation_state_rnk",12.9926
"29219820106","tract",2023,"transportation_state_rnk",11.6995
"29219820107","tract",2023,"transportation_state_rnk",34.5443
"29219820108","tract",2023,"transportation_state_rnk",34.1133
"29219820109","tract",2023,"transportation_state_rnk",9.6983
"29219820201","tract",2023,"transportation_state_rnk",7.9433
"29219820203","tract",2023,"transportation_state_rnk",42.4261
"29219820204","tract",2023,"transportation_state_rnk",1.7857
"29221460101","tract",2023,"transportation_state_rnk",45.351
"29221460102","tract",2023,"transportation_state_rnk",39.5628
"29221460200","tract",2023,"transportation_state_rnk",7.0505
"29221460300","tract",2023,"transportation_state_rnk",37.4384
"29221460400","tract",2023,"transportation_state_rnk",13.2081
"29221460500","tract",2023,"transportation_state_rnk",11.2685
"29223690100","tract",2023,"transportation_state_rnk",45.8436
"29223690200","tract",2023,"transportation_state_rnk",22.0751
"29223690300","tract",2023,"transportation_state_rnk",41.2562
"29223690400","tract",2023,"transportation_state_rnk",23.1219
"29225470101","tract",2023,"transportation_state_rnk",42.1798
"29225470102","tract",2023,"transportation_state_rnk",14.3473
"29225470201","tract",2023,"transportation_state_rnk",14.6552
"29225470202","tract",2023,"transportation_state_rnk",37.9002
"29225470301","tract",2023,"transportation_state_rnk",9.298
"29225470302","tract",2023,"transportation_state_rnk",45.1355
"29225470401","tract",2023,"transportation_state_rnk",36.6687
"29225470402","tract",2023,"transportation_state_rnk",25.8005
"29227960100","tract",2023,"transportation_state_rnk",31.9273
"29229490100","tract",2023,"transportation_state_rnk",3.7254
"29229490200","tract",2023,"transportation_state_rnk",38.7623
"29229490300","tract",2023,"transportation_state_rnk",47.5369
"29229490400","tract",2023,"transportation_state_rnk",37.2845
"29510101100","tract",2023,"transportation_state_rnk",20.4433
"29510101200","tract",2023,"transportation_state_rnk",61.6995
"29510101300","tract",2023,"transportation_state_rnk",75.4926
"29510101400","tract",2023,"transportation_state_rnk",86.9458
"29510101500","tract",2023,"transportation_state_rnk",59.6983
"29510101800","tract",2023,"transportation_state_rnk",92.8571
"29510102100","tract",2023,"transportation_state_rnk",59.0517
"29510102200","tract",2023,"transportation_state_rnk",72.3522
"29510102300","tract",2023,"transportation_state_rnk",71.2438
"29510102400","tract",2023,"transportation_state_rnk",89.9015
"29510102500","tract",2023,"transportation_state_rnk",80.4187
"29510103100","tract",2023,"transportation_state_rnk",81.681
"29510103400","tract",2023,"transportation_state_rnk",73.0296
"29510103600","tract",2023,"transportation_state_rnk",44.92
"29510103700","tract",2023,"transportation_state_rnk",75.7697
"29510103800","tract",2023,"transportation_state_rnk",69.8276
"29510104200","tract",2023,"transportation_state_rnk",45.936
"29510104500","tract",2023,"transportation_state_rnk",55.0493
"29510105198","tract",2023,"transportation_state_rnk",99.4458
"29510105200","tract",2023,"transportation_state_rnk",93.9039
"29510105300","tract",2023,"transportation_state_rnk",98.3682
"29510105400","tract",2023,"transportation_state_rnk",48.83
"29510105500","tract",2023,"transportation_state_rnk",95.6281
"29510106100","tract",2023,"transportation_state_rnk",92.6724
"29510106200","tract",2023,"transportation_state_rnk",92.1182
"29510106300","tract",2023,"transportation_state_rnk",97.7217
"29510106400","tract",2023,"transportation_state_rnk",99.7537
"29510106500","tract",2023,"transportation_state_rnk",98.83
"29510106600","tract",2023,"transportation_state_rnk",100
"29510106700","tract",2023,"transportation_state_rnk",98.2143
"29510107200","tract",2023,"transportation_state_rnk",95.9975
"29510107300","tract",2023,"transportation_state_rnk",83.6207
"29510107400","tract",2023,"transportation_state_rnk",87.3153
"29510107500","tract",2023,"transportation_state_rnk",93.5961
"29510107600","tract",2023,"transportation_state_rnk",99.6305
"29510108100","tract",2023,"transportation_state_rnk",96.4594
"29510108200","tract",2023,"transportation_state_rnk",96.367
"29510108300","tract",2023,"transportation_state_rnk",98.4606
"29510109600","tract",2023,"transportation_state_rnk",99.3227
"29510109700","tract",2023,"transportation_state_rnk",95.2586
"29510110100","tract",2023,"transportation_state_rnk",96.3054
"29510110200","tract",2023,"transportation_state_rnk",99.569
"29510110300","tract",2023,"transportation_state_rnk",99.1995
"29510110400","tract",2023,"transportation_state_rnk",97.6601
"29510110500","tract",2023,"transportation_state_rnk",98.1527
"29510111100","tract",2023,"transportation_state_rnk",86.3916
"29510111200","tract",2023,"transportation_state_rnk",79.4335
"29510111300","tract",2023,"transportation_state_rnk",81.681
"29510112100","tract",2023,"transportation_state_rnk",80.234
"29510112200","tract",2023,"transportation_state_rnk",83.0357
"29510112300","tract",2023,"transportation_state_rnk",96.2438
"29510112400","tract",2023,"transportation_state_rnk",99.1379
"29510113500","tract",2023,"transportation_state_rnk",80.1108
"29510114101","tract",2023,"transportation_state_rnk",83.1897
"29510114102","tract",2023,"transportation_state_rnk",72.5062
"29510114200","tract",2023,"transportation_state_rnk",82.2352
"29510114300","tract",2023,"transportation_state_rnk",87.6847
"29510115100","tract",2023,"transportation_state_rnk",83.8978
"29510115200","tract",2023,"transportation_state_rnk",97.0443
"29510115300","tract",2023,"transportation_state_rnk",90.2401
"29510115400","tract",2023,"transportation_state_rnk",94.3966
"29510115500","tract",2023,"transportation_state_rnk",93.0419
"29510115600","tract",2023,"transportation_state_rnk",95.9052
"29510115700","tract",2023,"transportation_state_rnk",68.9655
"29510116100","tract",2023,"transportation_state_rnk",92.2414
"29510116200","tract",2023,"transportation_state_rnk",66.3177
"29510116301","tract",2023,"transportation_state_rnk",50.1232
"29510116302","tract",2023,"transportation_state_rnk",97.2906
"29510116400","tract",2023,"transportation_state_rnk",93.75
"29510116500","tract",2023,"transportation_state_rnk",87.931
"29510117100","tract",2023,"transportation_state_rnk",86.8842
"29510117200","tract",2023,"transportation_state_rnk",89.4704
"29510117400","tract",2023,"transportation_state_rnk",85.2525
"29510118100","tract",2023,"transportation_state_rnk",90.9791
"29510118600","tract",2023,"transportation_state_rnk",97.2291
"29510119101","tract",2023,"transportation_state_rnk",99.0148
"29510119102","tract",2023,"transportation_state_rnk",98.0911
"29510119200","tract",2023,"transportation_state_rnk",94.0271
"29510119300","tract",2023,"transportation_state_rnk",NA
"29510120200","tract",2023,"transportation_state_rnk",92.1182
"29510121200","tract",2023,"transportation_state_rnk",90.1478
"29510123100","tract",2023,"transportation_state_rnk",86.2069
"29510123200","tract",2023,"transportation_state_rnk",91.1022
"29510123300","tract",2023,"transportation_state_rnk",44.92
"29510124100","tract",2023,"transportation_state_rnk",96.0591
"29510124200","tract",2023,"transportation_state_rnk",98.5837
"29510124300","tract",2023,"transportation_state_rnk",79.218
"29510124600","tract",2023,"transportation_state_rnk",96.9212
"29510125500","tract",2023,"transportation_state_rnk",93.2882
"29510125600","tract",2023,"transportation_state_rnk",97.4138
"29510125700","tract",2023,"transportation_state_rnk",90.4249
"29510126600","tract",2023,"transportation_state_rnk",99.2611
"29510126700","tract",2023,"transportation_state_rnk",94.4581
"29510126800","tract",2023,"transportation_state_rnk",46.7365
"29510126900","tract",2023,"transportation_state_rnk",95.6897
"29510127000","tract",2023,"transportation_state_rnk",88.4236
"29510127100","tract",2023,"transportation_state_rnk",86.5148
"29510127200","tract",2023,"transportation_state_rnk",92.7956
"29510127300","tract",2023,"transportation_state_rnk",91.1946
"29510127400","tract",2023,"transportation_state_rnk",79.5567
"29510127500","tract",2023,"transportation_state_rnk",93.8424
"29510127600","tract",2023,"transportation_state_rnk",83.436
"29510127700","tract",2023,"transportation_state_rnk",98.2759
"29510127800","tract",2023,"transportation_state_rnk",NA
