"geoid","geolevel","year","level","value"
"18001030100","tract",2023,"transportation_score",85.09
"18001030200","tract",2023,"transportation_score",91.42
"18001030300","tract",2023,"transportation_score",86.84
"18001030400","tract",2023,"transportation_score",93.83
"18001030500","tract",2023,"transportation_score",112.11
"18001030600","tract",2023,"transportation_score",91.72
"18001030700","tract",2023,"transportation_score",115.38
"18003000100","tract",2023,"transportation_score",108.09
"18003000300","tract",2023,"transportation_score",107.07
"18003000400","tract",2023,"transportation_score",95.12
"18003000500","tract",2023,"transportation_score",90.01
"18003000600","tract",2023,"transportation_score",92.67
"18003000701","tract",2023,"transportation_score",113.41
"18003000704","tract",2023,"transportation_score",114.65
"18003000800","tract",2023,"transportation_score",107.26
"18003000900","tract",2023,"transportation_score",109.1
"18003001000","tract",2023,"transportation_score",92.09
"18003001100","tract",2023,"transportation_score",110.7
"18003001200","tract",2023,"transportation_score",110.78
"18003001300","tract",2023,"transportation_score",NA
"18003001600","tract",2023,"transportation_score",116.81
"18003001700","tract",2023,"transportation_score",110.74
"18003002000","tract",2023,"transportation_score",96.28
"18003002100","tract",2023,"transportation_score",113.95
"18003002200","tract",2023,"transportation_score",90.35
"18003002300","tract",2023,"transportation_score",106.4
"18003002500","tract",2023,"transportation_score",113.28
"18003002600","tract",2023,"transportation_score",114.21
"18003002800","tract",2023,"transportation_score",128.94
"18003002900","tract",2023,"transportation_score",91.79
"18003003000","tract",2023,"transportation_score",110.77
"18003003100","tract",2023,"transportation_score",93.37
"18003003200","tract",2023,"transportation_score",111.7
"18003003301","tract",2023,"transportation_score",105.43
"18003003304","tract",2023,"transportation_score",115.21
"18003003400","tract",2023,"transportation_score",108.62
"18003003500","tract",2023,"transportation_score",113.56
"18003003600","tract",2023,"transportation_score",93.21
"18003003700","tract",2023,"transportation_score",84.16
"18003003800","tract",2023,"transportation_score",111.22
"18003003901","tract",2023,"transportation_score",85.38
"18003003902","tract",2023,"transportation_score",90.97
"18003004000","tract",2023,"transportation_score",108.25
"18003004101","tract",2023,"transportation_score",85.17
"18003004103","tract",2023,"transportation_score",115.35
"18003004300","tract",2023,"transportation_score",128.46
"18003004400","tract",2023,"transportation_score",95.46
"18003010100","tract",2023,"transportation_score",100.28
"18003010201","tract",2023,"transportation_score",84.77
"18003010202","tract",2023,"transportation_score",93.28
"18003010304","tract",2023,"transportation_score",108.16
"18003010305","tract",2023,"transportation_score",85.03
"18003010306","tract",2023,"transportation_score",87.22
"18003010307","tract",2023,"transportation_score",103.65
"18003010308","tract",2023,"transportation_score",85.69
"18003010400","tract",2023,"transportation_score",82.69
"18003010500","tract",2023,"transportation_score",91.1
"18003010601","tract",2023,"transportation_score",103.62
"18003010602","tract",2023,"transportation_score",106.77
"18003010603","tract",2023,"transportation_score",85.51
"18003010604","tract",2023,"transportation_score",92.53
"18003010705","tract",2023,"transportation_score",109
"18003010706","tract",2023,"transportation_score",107.1
"18003010707","tract",2023,"transportation_score",104.7
"18003010803","tract",2023,"transportation_score",104.15
"18003010804","tract",2023,"transportation_score",105.31
"18003010807","tract",2023,"transportation_score",106.1
"18003010808","tract",2023,"transportation_score",85.75
"18003010809","tract",2023,"transportation_score",104.29
"18003010811","tract",2023,"transportation_score",106.65
"18003010812","tract",2023,"transportation_score",86.19
"18003010813","tract",2023,"transportation_score",88.03
"18003010815","tract",2023,"transportation_score",102.49
"18003010816","tract",2023,"transportation_score",105.1
"18003010817","tract",2023,"transportation_score",106.44
"18003010819","tract",2023,"transportation_score",106.06
"18003010821","tract",2023,"transportation_score",107.85
"18003010900","tract",2023,"transportation_score",94.66
"18003011000","tract",2023,"transportation_score",81.31
"18003011100","tract",2023,"transportation_score",103.99
"18003011201","tract",2023,"transportation_score",98.37
"18003011202","tract",2023,"transportation_score",85.63
"18003011204","tract",2023,"transportation_score",104.08
"18003011205","tract",2023,"transportation_score",103.9
"18003011302","tract",2023,"transportation_score",111.41
"18003011303","tract",2023,"transportation_score",118.75
"18003011304","tract",2023,"transportation_score",110
"18003011501","tract",2023,"transportation_score",110.46
"18003011502","tract",2023,"transportation_score",86.92
"18003011603","tract",2023,"transportation_score",105.92
"18003011604","tract",2023,"transportation_score",103.84
"18003011605","tract",2023,"transportation_score",85.83
"18003011606","tract",2023,"transportation_score",107.07
"18003011607","tract",2023,"transportation_score",103.51
"18003011608","tract",2023,"transportation_score",102.65
"18003011609","tract",2023,"transportation_score",85.04
"18003011701","tract",2023,"transportation_score",82.92
"18003011702","tract",2023,"transportation_score",83.74
"18003011801","tract",2023,"transportation_score",82.1
"18003011802","tract",2023,"transportation_score",82.58
"18003011900","tract",2023,"transportation_score",87.47
"18003980001","tract",2023,"transportation_score",NA
"18003980002","tract",2023,"transportation_score",NA
"18005010100","tract",2023,"transportation_score",113.63
"18005010200","tract",2023,"transportation_score",105.05
"18005010300","tract",2023,"transportation_score",103.87
"18005010400","tract",2023,"transportation_score",103.14
"18005010500","tract",2023,"transportation_score",104.59
"18005010600","tract",2023,"transportation_score",106.54
"18005010700","tract",2023,"transportation_score",93.42
"18005010800","tract",2023,"transportation_score",107.68
"18005010900","tract",2023,"transportation_score",89.65
"18005011000","tract",2023,"transportation_score",85.53
"18005011101","tract",2023,"transportation_score",86.22
"18005011102","tract",2023,"transportation_score",83.63
"18005011200","tract",2023,"transportation_score",84.08
"18005011300","tract",2023,"transportation_score",83.23
"18005011400","tract",2023,"transportation_score",84.06
"18005011500","tract",2023,"transportation_score",85.1
"18007100100","tract",2023,"transportation_score",86.73
"18007100200","tract",2023,"transportation_score",87.44
"18007100300","tract",2023,"transportation_score",89.95
"18009975100","tract",2023,"transportation_score",88.69
"18009975200","tract",2023,"transportation_score",88.8
"18009975300","tract",2023,"transportation_score",95.83
"18009975400","tract",2023,"transportation_score",87.13
"18011810100","tract",2023,"transportation_score",84.49
"18011810200","tract",2023,"transportation_score",86.92
"18011810300","tract",2023,"transportation_score",85.78
"18011810400","tract",2023,"transportation_score",99.47
"18011810500","tract",2023,"transportation_score",103.89
"18011810601","tract",2023,"transportation_score",87.23
"18011810604","tract",2023,"transportation_score",95.43
"18011810605","tract",2023,"transportation_score",99.73
"18011810606","tract",2023,"transportation_score",86.85
"18011810607","tract",2023,"transportation_score",90.49
"18011810700","tract",2023,"transportation_score",86.11
"18013974600","tract",2023,"transportation_score",84.31
"18013974700","tract",2023,"transportation_score",85.87
"18013974800","tract",2023,"transportation_score",89.95
"18013974901","tract",2023,"transportation_score",92.45
"18013974902","tract",2023,"transportation_score",89.01
"18015959300","tract",2023,"transportation_score",86.64
"18015959400","tract",2023,"transportation_score",84.71
"18015959500","tract",2023,"transportation_score",82.45
"18015959600","tract",2023,"transportation_score",85.19
"18015959700","tract",2023,"transportation_score",84.14
"18015959800","tract",2023,"transportation_score",89.23
"18015959900","tract",2023,"transportation_score",83.95
"18017950900","tract",2023,"transportation_score",86.7
"18017951000","tract",2023,"transportation_score",85.83
"18017951100","tract",2023,"transportation_score",83.63
"18017951200","tract",2023,"transportation_score",108.59
"18017951300","tract",2023,"transportation_score",112.17
"18017951400","tract",2023,"transportation_score",110.04
"18017951500","tract",2023,"transportation_score",112.73
"18017951600","tract",2023,"transportation_score",109.28
"18017951700","tract",2023,"transportation_score",85.45
"18017951800","tract",2023,"transportation_score",88.66
"18017951900","tract",2023,"transportation_score",84.12
"18019050100","tract",2023,"transportation_score",100.74
"18019050200","tract",2023,"transportation_score",105.93
"18019050303","tract",2023,"transportation_score",101.58
"18019050304","tract",2023,"transportation_score",99.88
"18019050305","tract",2023,"transportation_score",91.59
"18019050306","tract",2023,"transportation_score",101.51
"18019050401","tract",2023,"transportation_score",91.6
"18019050403","tract",2023,"transportation_score",100.73
"18019050404","tract",2023,"transportation_score",98.15
"18019050503","tract",2023,"transportation_score",101.03
"18019050504","tract",2023,"transportation_score",104.71
"18019050505","tract",2023,"transportation_score",84.44
"18019050603","tract",2023,"transportation_score",102.97
"18019050604","tract",2023,"transportation_score",99.87
"18019050605","tract",2023,"transportation_score",99.94
"18019050606","tract",2023,"transportation_score",98.16
"18019050703","tract",2023,"transportation_score",90.27
"18019050704","tract",2023,"transportation_score",87.59
"18019050705","tract",2023,"transportation_score",90.94
"18019050706","tract",2023,"transportation_score",87.72
"18019050801","tract",2023,"transportation_score",84.5
"18019050803","tract",2023,"transportation_score",87.38
"18019050804","tract",2023,"transportation_score",84.64
"18019050902","tract",2023,"transportation_score",86.8
"18019050903","tract",2023,"transportation_score",94.06
"18019050904","tract",2023,"transportation_score",84.71
"18019051000","tract",2023,"transportation_score",83.93
"18021040100","tract",2023,"transportation_score",98.07
"18021040200","tract",2023,"transportation_score",100.31
"18021040300","tract",2023,"transportation_score",83.27
"18021040400","tract",2023,"transportation_score",85.08
"18021040500","tract",2023,"transportation_score",85.32
"18021040600","tract",2023,"transportation_score",88.75
"18023950100","tract",2023,"transportation_score",88.81
"18023950200","tract",2023,"transportation_score",86.1
"18023950300","tract",2023,"transportation_score",84.98
"18023950400","tract",2023,"transportation_score",86.95
"18023950500","tract",2023,"transportation_score",98.61
"18023950600","tract",2023,"transportation_score",96.8
"18023950700","tract",2023,"transportation_score",102.08
"18023950800","tract",2023,"transportation_score",100.06
"18025951900","tract",2023,"transportation_score",92.94
"18025952000","tract",2023,"transportation_score",86.36
"18025952100","tract",2023,"transportation_score",88.29
"18027954300","tract",2023,"transportation_score",89.21
"18027954400","tract",2023,"transportation_score",94.9
"18027954501","tract",2023,"transportation_score",130.51
"18027954502","tract",2023,"transportation_score",94.8
"18027954600","tract",2023,"transportation_score",85.37
"18027954700","tract",2023,"transportation_score",99.39
"18027954800","tract",2023,"transportation_score",96.55
"18027954900","tract",2023,"transportation_score",94.37
"18029080101","tract",2023,"transportation_score",80.07
"18029080103","tract",2023,"transportation_score",100.9
"18029080104","tract",2023,"transportation_score",84.79
"18029080201","tract",2023,"transportation_score",80.47
"18029080203","tract",2023,"transportation_score",85.26
"18029080204","tract",2023,"transportation_score",82.81
"18029080301","tract",2023,"transportation_score",87.61
"18029080302","tract",2023,"transportation_score",107.67
"18029080400","tract",2023,"transportation_score",88.58
"18029080500","tract",2023,"transportation_score",89.49
"18029080601","tract",2023,"transportation_score",89.65
"18029080602","tract",2023,"transportation_score",85.36
"18029080700","tract",2023,"transportation_score",84.47
"18031969000","tract",2023,"transportation_score",88.22
"18031969100","tract",2023,"transportation_score",84.46
"18031969200","tract",2023,"transportation_score",88.71
"18031969300","tract",2023,"transportation_score",87.39
"18031969400","tract",2023,"transportation_score",90.3
"18031969500","tract",2023,"transportation_score",86.46
"18033020100","tract",2023,"transportation_score",85.3
"18033020200","tract",2023,"transportation_score",82.71
"18033020300","tract",2023,"transportation_score",85.39
"18033020400","tract",2023,"transportation_score",87.83
"18033020500","tract",2023,"transportation_score",93.22
"18033020601","tract",2023,"transportation_score",84.82
"18033020602","tract",2023,"transportation_score",85.92
"18033020700","tract",2023,"transportation_score",84.57
"18033020800","tract",2023,"transportation_score",85.2
"18035000300","tract",2023,"transportation_score",109.98
"18035000400","tract",2023,"transportation_score",108.24
"18035000500","tract",2023,"transportation_score",103.63
"18035000600","tract",2023,"transportation_score",107
"18035000700","tract",2023,"transportation_score",97.36
"18035000800","tract",2023,"transportation_score",94.78
"18035000902","tract",2023,"transportation_score",NA
"18035000903","tract",2023,"transportation_score",105.44
"18035000904","tract",2023,"transportation_score",103.42
"18035001000","tract",2023,"transportation_score",98.16
"18035001100","tract",2023,"transportation_score",106.17
"18035001200","tract",2023,"transportation_score",101
"18035001300","tract",2023,"transportation_score",103.58
"18035001400","tract",2023,"transportation_score",99.74
"18035001500","tract",2023,"transportation_score",103.61
"18035001600","tract",2023,"transportation_score",103
"18035001700","tract",2023,"transportation_score",90.72
"18035002000","tract",2023,"transportation_score",97.51
"18035002100","tract",2023,"transportation_score",89.73
"18035002201","tract",2023,"transportation_score",87.57
"18035002202","tract",2023,"transportation_score",91.14
"18035002301","tract",2023,"transportation_score",83.5
"18035002302","tract",2023,"transportation_score",86.1
"18035002401","tract",2023,"transportation_score",97.09
"18035002403","tract",2023,"transportation_score",84.84
"18035002404","tract",2023,"transportation_score",85.74
"18035002501","tract",2023,"transportation_score",88.31
"18035002502","tract",2023,"transportation_score",85.72
"18035002602","tract",2023,"transportation_score",83.65
"18035002603","tract",2023,"transportation_score",84.41
"18035002604","tract",2023,"transportation_score",93.76
"18035002700","tract",2023,"transportation_score",84.13
"18035002800","tract",2023,"transportation_score",98.34
"18035002900","tract",2023,"transportation_score",102.89
"18037953200","tract",2023,"transportation_score",84.8
"18037953301","tract",2023,"transportation_score",88.26
"18037953302","tract",2023,"transportation_score",88.62
"18037953400","tract",2023,"transportation_score",88.44
"18037953500","tract",2023,"transportation_score",80.92
"18037953600","tract",2023,"transportation_score",85.85
"18037953701","tract",2023,"transportation_score",85.02
"18037953702","tract",2023,"transportation_score",83.13
"18037953800","tract",2023,"transportation_score",90.46
"18039000100","tract",2023,"transportation_score",99.21
"18039000201","tract",2023,"transportation_score",84.09
"18039000202","tract",2023,"transportation_score",99.75
"18039000301","tract",2023,"transportation_score",89.56
"18039000302","tract",2023,"transportation_score",102.61
"18039000400","tract",2023,"transportation_score",94.48
"18039000501","tract",2023,"transportation_score",90.86
"18039000502","tract",2023,"transportation_score",91.84
"18039000601","tract",2023,"transportation_score",83.06
"18039000602","tract",2023,"transportation_score",85.64
"18039000701","tract",2023,"transportation_score",87.66
"18039000702","tract",2023,"transportation_score",95.51
"18039000801","tract",2023,"transportation_score",105.75
"18039000803","tract",2023,"transportation_score",88.66
"18039000804","tract",2023,"transportation_score",99.7
"18039000901","tract",2023,"transportation_score",102.93
"18039000902","tract",2023,"transportation_score",118.25
"18039001000","tract",2023,"transportation_score",88.25
"18039001100","tract",2023,"transportation_score",105.06
"18039001200","tract",2023,"transportation_score",90.09
"18039001301","tract",2023,"transportation_score",88.26
"18039001302","tract",2023,"transportation_score",103.53
"18039001401","tract",2023,"transportation_score",87.73
"18039001402","tract",2023,"transportation_score",86.51
"18039001501","tract",2023,"transportation_score",91.83
"18039001502","tract",2023,"transportation_score",90.09
"18039001601","tract",2023,"transportation_score",101.36
"18039001602","tract",2023,"transportation_score",90.14
"18039001701","tract",2023,"transportation_score",91.54
"18039001702","tract",2023,"transportation_score",98.73
"18039001801","tract",2023,"transportation_score",91.14
"18039001802","tract",2023,"transportation_score",91.11
"18039001901","tract",2023,"transportation_score",89.33
"18039001902","tract",2023,"transportation_score",84.31
"18039002001","tract",2023,"transportation_score",88.47
"18039002002","tract",2023,"transportation_score",87.64
"18039002101","tract",2023,"transportation_score",87.99
"18039002102","tract",2023,"transportation_score",102.3
"18039002201","tract",2023,"transportation_score",94.27
"18039002202","tract",2023,"transportation_score",97.68
"18039002300","tract",2023,"transportation_score",97.55
"18039002400","tract",2023,"transportation_score",95.33
"18039002600","tract",2023,"transportation_score",103.52
"18039002700","tract",2023,"transportation_score",99.02
"18039002900","tract",2023,"transportation_score",95.68
"18041954000","tract",2023,"transportation_score",83.42
"18041954100","tract",2023,"transportation_score",106.37
"18041954200","tract",2023,"transportation_score",84.09
"18041954300","tract",2023,"transportation_score",97.57
"18041954400","tract",2023,"transportation_score",110.54
"18041954500","tract",2023,"transportation_score",90.07
"18041954600","tract",2023,"transportation_score",82.36
"18043070200","tract",2023,"transportation_score",104.25
"18043070301","tract",2023,"transportation_score",97.22
"18043070302","tract",2023,"transportation_score",99.7
"18043070400","tract",2023,"transportation_score",104.15
"18043070500","tract",2023,"transportation_score",104.82
"18043070600","tract",2023,"transportation_score",99.94
"18043070700","tract",2023,"transportation_score",104.89
"18043070801","tract",2023,"transportation_score",115.9
"18043070802","tract",2023,"transportation_score",106.23
"18043070901","tract",2023,"transportation_score",102.21
"18043070902","tract",2023,"transportation_score",112.17
"18043071003","tract",2023,"transportation_score",83.7
"18043071004","tract",2023,"transportation_score",84.48
"18043071005","tract",2023,"transportation_score",84.57
"18043071006","tract",2023,"transportation_score",101.08
"18043071007","tract",2023,"transportation_score",97.73
"18043071101","tract",2023,"transportation_score",83.54
"18043071103","tract",2023,"transportation_score",82.96
"18043071104","tract",2023,"transportation_score",87.96
"18043071200","tract",2023,"transportation_score",81.85
"18045957600","tract",2023,"transportation_score",87.15
"18045957700","tract",2023,"transportation_score",91.62
"18045957800","tract",2023,"transportation_score",92.56
"18045957900","tract",2023,"transportation_score",85.71
"18045958000","tract",2023,"transportation_score",86.48
"18047960100","tract",2023,"transportation_score",86.6
"18047969600","tract",2023,"transportation_score",86.9
"18047969700","tract",2023,"transportation_score",99.03
"18047969800","tract",2023,"transportation_score",84.57
"18047969900","tract",2023,"transportation_score",85.47
"18049953000","tract",2023,"transportation_score",89.25
"18049953100","tract",2023,"transportation_score",105.13
"18049953200","tract",2023,"transportation_score",83.85
"18049953300","tract",2023,"transportation_score",87.82
"18049953400","tract",2023,"transportation_score",88.74
"18049953500","tract",2023,"transportation_score",88.07
"18051050100","tract",2023,"transportation_score",84.84
"18051050201","tract",2023,"transportation_score",87.06
"18051050202","tract",2023,"transportation_score",86.87
"18051050300","tract",2023,"transportation_score",88.72
"18051050401","tract",2023,"transportation_score",82.36
"18051050402","tract",2023,"transportation_score",82.66
"18051050501","tract",2023,"transportation_score",92.67
"18051050502","tract",2023,"transportation_score",89.99
"18053000100","tract",2023,"transportation_score",102.11
"18053000200","tract",2023,"transportation_score",100.1
"18053000400","tract",2023,"transportation_score",103.19
"18053000500","tract",2023,"transportation_score",98.86
"18053000600","tract",2023,"transportation_score",104.07
"18053000700","tract",2023,"transportation_score",89.99
"18053000800","tract",2023,"transportation_score",NA
"18053000900","tract",2023,"transportation_score",101.77
"18053010100","tract",2023,"transportation_score",84.78
"18053010200","tract",2023,"transportation_score",89.67
"18053010300","tract",2023,"transportation_score",88.38
"18053010400","tract",2023,"transportation_score",87.78
"18053010500","tract",2023,"transportation_score",96.4
"18053010600","tract",2023,"transportation_score",85.28
"18053010700","tract",2023,"transportation_score",100.97
"18053010800","tract",2023,"transportation_score",83.29
"18055954701","tract",2023,"transportation_score",84.96
"18055954702","tract",2023,"transportation_score",92.29
"18055954800","tract",2023,"transportation_score",88.07
"18055954900","tract",2023,"transportation_score",85.15
"18055955000","tract",2023,"transportation_score",90.84
"18055955100","tract",2023,"transportation_score",90.01
"18055955200","tract",2023,"transportation_score",88.77
"18055955300","tract",2023,"transportation_score",84.59
"18055955400","tract",2023,"transportation_score",89.81
"18057110101","tract",2023,"transportation_score",97.58
"18057110102","tract",2023,"transportation_score",85.87
"18057110201","tract",2023,"transportation_score",85.43
"18057110202","tract",2023,"transportation_score",88.44
"18057110301","tract",2023,"transportation_score",102.74
"18057110302","tract",2023,"transportation_score",88.36
"18057110303","tract",2023,"transportation_score",90.37
"18057110401","tract",2023,"transportation_score",99.38
"18057110404","tract",2023,"transportation_score",91.34
"18057110405","tract",2023,"transportation_score",92.45
"18057110406","tract",2023,"transportation_score",96.75
"18057110505","tract",2023,"transportation_score",85.56
"18057110509","tract",2023,"transportation_score",93.93
"18057110511","tract",2023,"transportation_score",93.06
"18057110512","tract",2023,"transportation_score",88.73
"18057110513","tract",2023,"transportation_score",98.68
"18057110514","tract",2023,"transportation_score",91.94
"18057110515","tract",2023,"transportation_score",88.46
"18057110516","tract",2023,"transportation_score",96.28
"18057110517","tract",2023,"transportation_score",88.17
"18057110518","tract",2023,"transportation_score",87.11
"18057110600","tract",2023,"transportation_score",100.48
"18057110700","tract",2023,"transportation_score",100.39
"18057110805","tract",2023,"transportation_score",94.02
"18057110807","tract",2023,"transportation_score",101.76
"18057110810","tract",2023,"transportation_score",99.21
"18057110811","tract",2023,"transportation_score",97.95
"18057110812","tract",2023,"transportation_score",97.03
"18057110813","tract",2023,"transportation_score",87.33
"18057110814","tract",2023,"transportation_score",93.08
"18057110815","tract",2023,"transportation_score",95.44
"18057110816","tract",2023,"transportation_score",100.59
"18057110817","tract",2023,"transportation_score",98.02
"18057110818","tract",2023,"transportation_score",95.8
"18057110819","tract",2023,"transportation_score",95.77
"18057110820","tract",2023,"transportation_score",99.26
"18057110821","tract",2023,"transportation_score",96.48
"18057110822","tract",2023,"transportation_score",95.13
"18057110904","tract",2023,"transportation_score",95.37
"18057110905","tract",2023,"transportation_score",102.46
"18057110906","tract",2023,"transportation_score",99.34
"18057110907","tract",2023,"transportation_score",97.97
"18057110909","tract",2023,"transportation_score",87.47
"18057110910","tract",2023,"transportation_score",87.24
"18057110911","tract",2023,"transportation_score",87.93
"18057110912","tract",2023,"transportation_score",99.78
"18057111003","tract",2023,"transportation_score",100.92
"18057111004","tract",2023,"transportation_score",98.76
"18057111006","tract",2023,"transportation_score",92.08
"18057111007","tract",2023,"transportation_score",102.21
"18057111009","tract",2023,"transportation_score",94.53
"18057111010","tract",2023,"transportation_score",86.3
"18057111011","tract",2023,"transportation_score",102.45
"18057111012","tract",2023,"transportation_score",101.06
"18057111101","tract",2023,"transportation_score",86.47
"18057111103","tract",2023,"transportation_score",84.86
"18057111104","tract",2023,"transportation_score",90.25
"18059410100","tract",2023,"transportation_score",84.65
"18059410201","tract",2023,"transportation_score",92.33
"18059410202","tract",2023,"transportation_score",100.34
"18059410301","tract",2023,"transportation_score",85.27
"18059410302","tract",2023,"transportation_score",84.15
"18059410401","tract",2023,"transportation_score",103.24
"18059410402","tract",2023,"transportation_score",97.65
"18059410500","tract",2023,"transportation_score",85.98
"18059410600","tract",2023,"transportation_score",99.98
"18059410700","tract",2023,"transportation_score",85.35
"18059410801","tract",2023,"transportation_score",85.24
"18059410802","tract",2023,"transportation_score",84.61
"18059410901","tract",2023,"transportation_score",87.4
"18059410902","tract",2023,"transportation_score",96.93
"18059411000","tract",2023,"transportation_score",85.57
"18061060100","tract",2023,"transportation_score",83.21
"18061060201","tract",2023,"transportation_score",86.57
"18061060202","tract",2023,"transportation_score",83.98
"18061060300","tract",2023,"transportation_score",89.46
"18061060401","tract",2023,"transportation_score",90.22
"18061060402","tract",2023,"transportation_score",83.69
"18061060500","tract",2023,"transportation_score",84.89
"18061060601","tract",2023,"transportation_score",84.51
"18061060602","tract",2023,"transportation_score",82.54
"18063210103","tract",2023,"transportation_score",83.43
"18063210105","tract",2023,"transportation_score",85.97
"18063210106","tract",2023,"transportation_score",95.2
"18063210107","tract",2023,"transportation_score",82.1
"18063210108","tract",2023,"transportation_score",100.66
"18063210109","tract",2023,"transportation_score",93.65
"18063210201","tract",2023,"transportation_score",97.43
"18063210203","tract",2023,"transportation_score",97.07
"18063210204","tract",2023,"transportation_score",95.38
"18063210300","tract",2023,"transportation_score",83.94
"18063210400","tract",2023,"transportation_score",85.49
"18063210501","tract",2023,"transportation_score",86.19
"18063210502","tract",2023,"transportation_score",95.08
"18063210607","tract",2023,"transportation_score",103.96
"18063210608","tract",2023,"transportation_score",84.66
"18063210609","tract",2023,"transportation_score",97.04
"18063210610","tract",2023,"transportation_score",93.93
"18063210611","tract",2023,"transportation_score",96.88
"18063210612","tract",2023,"transportation_score",91.75
"18063210613","tract",2023,"transportation_score",94.47
"18063210614","tract",2023,"transportation_score",94.26
"18063210615","tract",2023,"transportation_score",89.09
"18063210616","tract",2023,"transportation_score",98.08
"18063210617","tract",2023,"transportation_score",95.01
"18063210701","tract",2023,"transportation_score",NA
"18063210702","tract",2023,"transportation_score",97.32
"18063210801","tract",2023,"transportation_score",94.81
"18063210802","tract",2023,"transportation_score",98.71
"18063210900","tract",2023,"transportation_score",97.65
"18063211000","tract",2023,"transportation_score",85.03
"18063211100","tract",2023,"transportation_score",86.23
"18065975500","tract",2023,"transportation_score",NA
"18065975600","tract",2023,"transportation_score",88.2
"18065975700","tract",2023,"transportation_score",86.31
"18065975800","tract",2023,"transportation_score",85.95
"18065975900","tract",2023,"transportation_score",85.18
"18065976000","tract",2023,"transportation_score",104.45
"18065976100","tract",2023,"transportation_score",102.14
"18065976300","tract",2023,"transportation_score",107.38
"18065976400","tract",2023,"transportation_score",96.75
"18065976500","tract",2023,"transportation_score",101.25
"18065976600","tract",2023,"transportation_score",101.02
"18065976700","tract",2023,"transportation_score",86.55
"18065976800","tract",2023,"transportation_score",84.28
"18067000200","tract",2023,"transportation_score",106.53
"18067000300","tract",2023,"transportation_score",100.94
"18067000400","tract",2023,"transportation_score",101.77
"18067000500","tract",2023,"transportation_score",104.66
"18067000600","tract",2023,"transportation_score",96.26
"18067000700","tract",2023,"transportation_score",99.21
"18067000800","tract",2023,"transportation_score",96.34
"18067000900","tract",2023,"transportation_score",88.9
"18067001000","tract",2023,"transportation_score",96.74
"18067001100","tract",2023,"transportation_score",101.23
"18067001200","tract",2023,"transportation_score",94.5
"18067001300","tract",2023,"transportation_score",90.49
"18067001400","tract",2023,"transportation_score",98.35
"18067001500","tract",2023,"transportation_score",95.4
"18067010100","tract",2023,"transportation_score",91.26
"18067010201","tract",2023,"transportation_score",87.7
"18067010202","tract",2023,"transportation_score",79.73
"18067010300","tract",2023,"transportation_score",84.58
"18067010400","tract",2023,"transportation_score",86.68
"18067010500","tract",2023,"transportation_score",85
"18067010600","tract",2023,"transportation_score",84.34
"18069961300","tract",2023,"transportation_score",86.74
"18069961400","tract",2023,"transportation_score",115.34
"18069961500","tract",2023,"transportation_score",121.01
"18069961600","tract",2023,"transportation_score",112.68
"18069961700","tract",2023,"transportation_score",87.17
"18069961800","tract",2023,"transportation_score",114.12
"18069961900","tract",2023,"transportation_score",113.06
"18069962000","tract",2023,"transportation_score",84.91
"18069962100","tract",2023,"transportation_score",84.22
"18071967501","tract",2023,"transportation_score",86.63
"18071967502","tract",2023,"transportation_score",85.16
"18071967600","tract",2023,"transportation_score",101.83
"18071967700","tract",2023,"transportation_score",100.81
"18071967800","tract",2023,"transportation_score",109.48
"18071967901","tract",2023,"transportation_score",112.05
"18071967902","tract",2023,"transportation_score",100.22
"18071968000","tract",2023,"transportation_score",83.87
"18071968100","tract",2023,"transportation_score",85.15
"18071968200","tract",2023,"transportation_score",85.33
"18071968300","tract",2023,"transportation_score",85.03
"18073100400","tract",2023,"transportation_score",86.34
"18073100800","tract",2023,"transportation_score",84.31
"18073100901","tract",2023,"transportation_score",84.1
"18073100902","tract",2023,"transportation_score",87.82
"18073101000","tract",2023,"transportation_score",83.09
"18073101100","tract",2023,"transportation_score",87.97
"18073101200","tract",2023,"transportation_score",86.21
"18073101300","tract",2023,"transportation_score",87.22
"18075962700","tract",2023,"transportation_score",89.41
"18075962800","tract",2023,"transportation_score",98.65
"18075962900","tract",2023,"transportation_score",90.82
"18075963000","tract",2023,"transportation_score",89.45
"18075963100","tract",2023,"transportation_score",90.66
"18075963200","tract",2023,"transportation_score",89
"18075963300","tract",2023,"transportation_score",87.22
"18077966000","tract",2023,"transportation_score",84.93
"18077966100","tract",2023,"transportation_score",82.94
"18077966200","tract",2023,"transportation_score",82.72
"18077966300","tract",2023,"transportation_score",99.04
"18077966400","tract",2023,"transportation_score",86.02
"18077966500","tract",2023,"transportation_score",84.59
"18077966600","tract",2023,"transportation_score",94.87
"18079960200","tract",2023,"transportation_score",84.52
"18079960301","tract",2023,"transportation_score",82.6
"18079960302","tract",2023,"transportation_score",84.62
"18079960400","tract",2023,"transportation_score",86.66
"18079960500","tract",2023,"transportation_score",90
"18079960600","tract",2023,"transportation_score",82.69
"18081610101","tract",2023,"transportation_score",88.38
"18081610102","tract",2023,"transportation_score",86.34
"18081610201","tract",2023,"transportation_score",86.85
"18081610203","tract",2023,"transportation_score",94.29
"18081610204","tract",2023,"transportation_score",99.75
"18081610300","tract",2023,"transportation_score",91.92
"18081610401","tract",2023,"transportation_score",99.59
"18081610403","tract",2023,"transportation_score",100.2
"18081610404","tract",2023,"transportation_score",87.53
"18081610501","tract",2023,"transportation_score",83.7
"18081610502","tract",2023,"transportation_score",85.08
"18081610603","tract",2023,"transportation_score",95.58
"18081610605","tract",2023,"transportation_score",89.55
"18081610606","tract",2023,"transportation_score",95.46
"18081610607","tract",2023,"transportation_score",93.28
"18081610608","tract",2023,"transportation_score",89.41
"18081610703","tract",2023,"transportation_score",95.27
"18081610704","tract",2023,"transportation_score",96.96
"18081610705","tract",2023,"transportation_score",87.86
"18081610706","tract",2023,"transportation_score",88.73
"18081610801","tract",2023,"transportation_score",85.62
"18081610802","tract",2023,"transportation_score",94.43
"18081610900","tract",2023,"transportation_score",97.81
"18081611000","tract",2023,"transportation_score",103.91
"18081611100","tract",2023,"transportation_score",85.2
"18081611200","tract",2023,"transportation_score",84.66
"18081611300","tract",2023,"transportation_score",109.89
"18081611400","tract",2023,"transportation_score",84.48
"18083955000","tract",2023,"transportation_score",91.57
"18083955100","tract",2023,"transportation_score",83.39
"18083955201","tract",2023,"transportation_score",87.08
"18083955202","tract",2023,"transportation_score",85.4
"18083955300","tract",2023,"transportation_score",131.05
"18083955400","tract",2023,"transportation_score",109.54
"18083955500","tract",2023,"transportation_score",103.99
"18083955600","tract",2023,"transportation_score",98.1
"18083955700","tract",2023,"transportation_score",97
"18083955800","tract",2023,"transportation_score",83.31
"18083955900","tract",2023,"transportation_score",84.54
"18085960900","tract",2023,"transportation_score",87.96
"18085961001","tract",2023,"transportation_score",89.45
"18085961002","tract",2023,"transportation_score",91.48
"18085961100","tract",2023,"transportation_score",96.19
"18085961200","tract",2023,"transportation_score",100.68
"18085961300","tract",2023,"transportation_score",83.52
"18085961400","tract",2023,"transportation_score",86.17
"18085961500","tract",2023,"transportation_score",86.24
"18085961600","tract",2023,"transportation_score",88.51
"18085961700","tract",2023,"transportation_score",112.76
"18085961800","tract",2023,"transportation_score",112.97
"18085961900","tract",2023,"transportation_score",120.24
"18085962000","tract",2023,"transportation_score",121.28
"18085962101","tract",2023,"transportation_score",92.5
"18085962102","tract",2023,"transportation_score",89.32
"18085962200","tract",2023,"transportation_score",87.56
"18085962300","tract",2023,"transportation_score",83.73
"18085962400","tract",2023,"transportation_score",86.55
"18085962500","tract",2023,"transportation_score",87.26
"18085962600","tract",2023,"transportation_score",80.46
"18085962700","tract",2023,"transportation_score",88.07
"18087970100","tract",2023,"transportation_score",93.24
"18087970200","tract",2023,"transportation_score",110.95
"18087970301","tract",2023,"transportation_score",117.16
"18087970302","tract",2023,"transportation_score",116.94
"18087970401","tract",2023,"transportation_score",135.38
"18087970402","tract",2023,"transportation_score",127.2
"18087970500","tract",2023,"transportation_score",113.4
"18087970600","tract",2023,"transportation_score",96.37
"18087970700","tract",2023,"transportation_score",89.92
"18089010100","tract",2023,"transportation_score",115.06
"18089010203","tract",2023,"transportation_score",124.06
"18089010205","tract",2023,"transportation_score",118.76
"18089010206","tract",2023,"transportation_score",116.47
"18089010207","tract",2023,"transportation_score",119.93
"18089010302","tract",2023,"transportation_score",90.36
"18089010304","tract",2023,"transportation_score",93.99
"18089010400","tract",2023,"transportation_score",102.23
"18089010500","tract",2023,"transportation_score",128.45
"18089010600","tract",2023,"transportation_score",112.6
"18089010900","tract",2023,"transportation_score",117.17
"18089011000","tract",2023,"transportation_score",102.94
"18089011100","tract",2023,"transportation_score",116.71
"18089011200","tract",2023,"transportation_score",113.56
"18089011300","tract",2023,"transportation_score",105.54
"18089011400","tract",2023,"transportation_score",113.77
"18089011500","tract",2023,"transportation_score",121.01
"18089011600","tract",2023,"transportation_score",111.34
"18089011700","tract",2023,"transportation_score",147.47
"18089011800","tract",2023,"transportation_score",110.52
"18089011900","tract",2023,"transportation_score",126.9
"18089012000","tract",2023,"transportation_score",114.32
"18089012100","tract",2023,"transportation_score",104.73
"18089012200","tract",2023,"transportation_score",115.61
"18089012300","tract",2023,"transportation_score",91.68
"18089012400","tract",2023,"transportation_score",111.32
"18089012500","tract",2023,"transportation_score",109.48
"18089012600","tract",2023,"transportation_score",91.58
"18089012700","tract",2023,"transportation_score",120.28
"18089012800","tract",2023,"transportation_score",92.71
"18089020100","tract",2023,"transportation_score",108.85
"18089020200","tract",2023,"transportation_score",93.03
"18089020300","tract",2023,"transportation_score",107.68
"18089020400","tract",2023,"transportation_score",93.49
"18089020500","tract",2023,"transportation_score",110.47
"18089020600","tract",2023,"transportation_score",111.71
"18089020700","tract",2023,"transportation_score",120.56
"18089020800","tract",2023,"transportation_score",109.79
"18089020900","tract",2023,"transportation_score",116.06
"18089021000","tract",2023,"transportation_score",111.44
"18089021100","tract",2023,"transportation_score",115.33
"18089021300","tract",2023,"transportation_score",122.9
"18089021400","tract",2023,"transportation_score",114.47
"18089021500","tract",2023,"transportation_score",90.17
"18089021600","tract",2023,"transportation_score",114.3
"18089021700","tract",2023,"transportation_score",115.78
"18089021800","tract",2023,"transportation_score",111.88
"18089021900","tract",2023,"transportation_score",109.33
"18089022000","tract",2023,"transportation_score",110.64
"18089030100","tract",2023,"transportation_score",115.57
"18089030200","tract",2023,"transportation_score",118.8
"18089030300","tract",2023,"transportation_score",124.11
"18089030400","tract",2023,"transportation_score",112.6
"18089030500","tract",2023,"transportation_score",110.8
"18089030600","tract",2023,"transportation_score",111.1
"18089030700","tract",2023,"transportation_score",116.02
"18089030800","tract",2023,"transportation_score",105.19
"18089030900","tract",2023,"transportation_score",109.86
"18089031000","tract",2023,"transportation_score",127.7
"18089040100","tract",2023,"transportation_score",107.48
"18089040200","tract",2023,"transportation_score",119.32
"18089040301","tract",2023,"transportation_score",112.98
"18089040302","tract",2023,"transportation_score",112.3
"18089040401","tract",2023,"transportation_score",107.92
"18089040402","tract",2023,"transportation_score",89.7
"18089040403","tract",2023,"transportation_score",115.64
"18089040501","tract",2023,"transportation_score",113.85
"18089040502","tract",2023,"transportation_score",88.44
"18089040600","tract",2023,"transportation_score",114.19
"18089040700","tract",2023,"transportation_score",104.27
"18089040801","tract",2023,"transportation_score",106.01
"18089040802","tract",2023,"transportation_score",106.24
"18089040900","tract",2023,"transportation_score",105.9
"18089041001","tract",2023,"transportation_score",93.11
"18089041002","tract",2023,"transportation_score",107.94
"18089041100","tract",2023,"transportation_score",109.18
"18089041200","tract",2023,"transportation_score",98.7
"18089041302","tract",2023,"transportation_score",106.95
"18089041400","tract",2023,"transportation_score",88.01
"18089041500","tract",2023,"transportation_score",91.2
"18089041600","tract",2023,"transportation_score",87.09
"18089041700","tract",2023,"transportation_score",110.34
"18089041800","tract",2023,"transportation_score",86.24
"18089041900","tract",2023,"transportation_score",102.28
"18089042000","tract",2023,"transportation_score",102.04
"18089042100","tract",2023,"transportation_score",107.28
"18089042200","tract",2023,"transportation_score",103.84
"18089042301","tract",2023,"transportation_score",89.62
"18089042302","tract",2023,"transportation_score",109.3
"18089042401","tract",2023,"transportation_score",111.58
"18089042403","tract",2023,"transportation_score",119.26
"18089042404","tract",2023,"transportation_score",110.05
"18089042405","tract",2023,"transportation_score",110.81
"18089042501","tract",2023,"transportation_score",105.32
"18089042503","tract",2023,"transportation_score",108.45
"18089042506","tract",2023,"transportation_score",106.22
"18089042507","tract",2023,"transportation_score",106.18
"18089042508","tract",2023,"transportation_score",115.23
"18089042509","tract",2023,"transportation_score",109.76
"18089042602","tract",2023,"transportation_score",89.35
"18089042606","tract",2023,"transportation_score",109.13
"18089042607","tract",2023,"transportation_score",103.54
"18089042608","tract",2023,"transportation_score",107.14
"18089042610","tract",2023,"transportation_score",86.83
"18089042611","tract",2023,"transportation_score",88.63
"18089042612","tract",2023,"transportation_score",85.24
"18089042613","tract",2023,"transportation_score",103.71
"18089042702","tract",2023,"transportation_score",107.66
"18089042703","tract",2023,"transportation_score",112.07
"18089042704","tract",2023,"transportation_score",113.08
"18089042802","tract",2023,"transportation_score",105.3
"18089042803","tract",2023,"transportation_score",111.21
"18089042804","tract",2023,"transportation_score",104.83
"18089042901","tract",2023,"transportation_score",104.79
"18089042903","tract",2023,"transportation_score",86.97
"18089042904","tract",2023,"transportation_score",87.88
"18089043001","tract",2023,"transportation_score",104.25
"18089043003","tract",2023,"transportation_score",107.04
"18089043004","tract",2023,"transportation_score",113.28
"18089043101","tract",2023,"transportation_score",85.25
"18089043103","tract",2023,"transportation_score",107.17
"18089043104","tract",2023,"transportation_score",104.88
"18089043201","tract",2023,"transportation_score",105.84
"18089043203","tract",2023,"transportation_score",106.9
"18089043204","tract",2023,"transportation_score",103.71
"18089043301","tract",2023,"transportation_score",102.32
"18089043302","tract",2023,"transportation_score",104.17
"18089043401","tract",2023,"transportation_score",85.66
"18089043403","tract",2023,"transportation_score",86.94
"18089043404","tract",2023,"transportation_score",86.39
"18089043405","tract",2023,"transportation_score",83.97
"18089990000","tract",2023,"transportation_score",NA
"18091040100","tract",2023,"transportation_score",NA
"18091040300","tract",2023,"transportation_score",109.45
"18091040400","tract",2023,"transportation_score",104.1
"18091040500","tract",2023,"transportation_score",113.55
"18091040600","tract",2023,"transportation_score",113.01
"18091040700","tract",2023,"transportation_score",105.44
"18091040800","tract",2023,"transportation_score",111.61
"18091040900","tract",2023,"transportation_score",112.33
"18091041100","tract",2023,"transportation_score",116.15
"18091041200","tract",2023,"transportation_score",90.88
"18091041300","tract",2023,"transportation_score",90
"18091041400","tract",2023,"transportation_score",91.24
"18091041500","tract",2023,"transportation_score",81.42
"18091041600","tract",2023,"transportation_score",80.41
"18091041700","tract",2023,"transportation_score",84.35
"18091041800","tract",2023,"transportation_score",81.98
"18091041900","tract",2023,"transportation_score",87.97
"18091042000","tract",2023,"transportation_score",112.9
"18091042100","tract",2023,"transportation_score",107.13
"18091042200","tract",2023,"transportation_score",86.11
"18091042300","tract",2023,"transportation_score",122.87
"18091042401","tract",2023,"transportation_score",110.15
"18091042402","tract",2023,"transportation_score",106.5
"18091042500","tract",2023,"transportation_score",109.82
"18091042601","tract",2023,"transportation_score",84.38
"18091042602","tract",2023,"transportation_score",NA
"18091042700","tract",2023,"transportation_score",83.78
"18091042800","tract",2023,"transportation_score",84.16
"18091042900","tract",2023,"transportation_score",85.64
"18091043000","tract",2023,"transportation_score",120.36
"18091990000","tract",2023,"transportation_score",NA
"18093950400","tract",2023,"transportation_score",82.04
"18093950500","tract",2023,"transportation_score",92.29
"18093950601","tract",2023,"transportation_score",82.12
"18093950602","tract",2023,"transportation_score",84.29
"18093950701","tract",2023,"transportation_score",84.4
"18093950702","tract",2023,"transportation_score",87.69
"18093950800","tract",2023,"transportation_score",95.3
"18093950900","tract",2023,"transportation_score",95.81
"18093951000","tract",2023,"transportation_score",84.88
"18093951100","tract",2023,"transportation_score",86.57
"18093951201","tract",2023,"transportation_score",82.03
"18093951202","tract",2023,"transportation_score",86.76
"18093951300","tract",2023,"transportation_score",93.17
"18095000300","tract",2023,"transportation_score",102.4
"18095000400","tract",2023,"transportation_score",96.57
"18095000500","tract",2023,"transportation_score",94.17
"18095000800","tract",2023,"transportation_score",92.68
"18095000900","tract",2023,"transportation_score",92.93
"18095001000","tract",2023,"transportation_score",95.89
"18095001100","tract",2023,"transportation_score",110.77
"18095001200","tract",2023,"transportation_score",88.13
"18095001300","tract",2023,"transportation_score",90.22
"18095001400","tract",2023,"transportation_score",90.58
"18095001500","tract",2023,"transportation_score",87.69
"18095001600","tract",2023,"transportation_score",86.83
"18095001700","tract",2023,"transportation_score",89.7
"18095001801","tract",2023,"transportation_score",91.84
"18095001802","tract",2023,"transportation_score",90.44
"18095001901","tract",2023,"transportation_score",90.01
"18095001902","tract",2023,"transportation_score",94.28
"18095002000","tract",2023,"transportation_score",90.77
"18095010100","tract",2023,"transportation_score",84.84
"18095010200","tract",2023,"transportation_score",89.69
"18095010300","tract",2023,"transportation_score",91.73
"18095010400","tract",2023,"transportation_score",86.36
"18095010500","tract",2023,"transportation_score",86.35
"18095010600","tract",2023,"transportation_score",89.97
"18095010700","tract",2023,"transportation_score",88.31
"18095010800","tract",2023,"transportation_score",90.36
"18095010900","tract",2023,"transportation_score",84.21
"18095011000","tract",2023,"transportation_score",85.34
"18095011100","tract",2023,"transportation_score",89.46
"18095011200","tract",2023,"transportation_score",84.8
"18095011300","tract",2023,"transportation_score",92.65
"18095011400","tract",2023,"transportation_score",84.77
"18095011501","tract",2023,"transportation_score",85.14
"18095011502","tract",2023,"transportation_score",87.06
"18095011600","tract",2023,"transportation_score",NA
"18095011700","tract",2023,"transportation_score",91.23
"18095011800","tract",2023,"transportation_score",87.9
"18095011900","tract",2023,"transportation_score",100.16
"18095012000","tract",2023,"transportation_score",97.08
"18097310104","tract",2023,"transportation_score",87.38
"18097310105","tract",2023,"transportation_score",99.7
"18097310106","tract",2023,"transportation_score",102.68
"18097310108","tract",2023,"transportation_score",89.13
"18097310110","tract",2023,"transportation_score",99.04
"18097310111","tract",2023,"transportation_score",97.79
"18097310112","tract",2023,"transportation_score",95.13
"18097310113","tract",2023,"transportation_score",86.89
"18097310201","tract",2023,"transportation_score",96.61
"18097310203","tract",2023,"transportation_score",90.92
"18097310204","tract",2023,"transportation_score",87.92
"18097310305","tract",2023,"transportation_score",103.69
"18097310306","tract",2023,"transportation_score",98.27
"18097310308","tract",2023,"transportation_score",86.58
"18097310309","tract",2023,"transportation_score",100.86
"18097310310","tract",2023,"transportation_score",104.87
"18097310311","tract",2023,"transportation_score",93.38
"18097310312","tract",2023,"transportation_score",103.26
"18097320105","tract",2023,"transportation_score",99.28
"18097320106","tract",2023,"transportation_score",101.53
"18097320107","tract",2023,"transportation_score",87.05
"18097320108","tract",2023,"transportation_score",110.62
"18097320109","tract",2023,"transportation_score",99.74
"18097320202","tract",2023,"transportation_score",99.14
"18097320203","tract",2023,"transportation_score",101.86
"18097320205","tract",2023,"transportation_score",99.8
"18097320206","tract",2023,"transportation_score",110.91
"18097320301","tract",2023,"transportation_score",99.4
"18097320303","tract",2023,"transportation_score",105.64
"18097320305","tract",2023,"transportation_score",101.3
"18097320306","tract",2023,"transportation_score",89.53
"18097320400","tract",2023,"transportation_score",99.26
"18097320500","tract",2023,"transportation_score",100.63
"18097320600","tract",2023,"transportation_score",88.4
"18097320700","tract",2023,"transportation_score",93.53
"18097320800","tract",2023,"transportation_score",88.62
"18097320901","tract",2023,"transportation_score",99.71
"18097320902","tract",2023,"transportation_score",102.79
"18097320903","tract",2023,"transportation_score",98.63
"18097321001","tract",2023,"transportation_score",84.48
"18097321002","tract",2023,"transportation_score",101.13
"18097321100","tract",2023,"transportation_score",99.61
"18097321200","tract",2023,"transportation_score",101.64
"18097321300","tract",2023,"transportation_score",101.88
"18097321400","tract",2023,"transportation_score",100.49
"18097321600","tract",2023,"transportation_score",115.48
"18097321700","tract",2023,"transportation_score",98.73
"18097321800","tract",2023,"transportation_score",100.62
"18097321900","tract",2023,"transportation_score",NA
"18097322000","tract",2023,"transportation_score",102.04
"18097322100","tract",2023,"transportation_score",103.86
"18097322200","tract",2023,"transportation_score",97.64
"18097322300","tract",2023,"transportation_score",96.18
"18097322400","tract",2023,"transportation_score",97.48
"18097322500","tract",2023,"transportation_score",101.76
"18097322601","tract",2023,"transportation_score",103.97
"18097322602","tract",2023,"transportation_score",98.33
"18097322700","tract",2023,"transportation_score",92.15
"18097330103","tract",2023,"transportation_score",99.17
"18097330105","tract",2023,"transportation_score",98.87
"18097330106","tract",2023,"transportation_score",101.8
"18097330107","tract",2023,"transportation_score",97.05
"18097330108","tract",2023,"transportation_score",90.97
"18097330109","tract",2023,"transportation_score",99.03
"18097330203","tract",2023,"transportation_score",96.87
"18097330204","tract",2023,"transportation_score",87.07
"18097330206","tract",2023,"transportation_score",97.14
"18097330208","tract",2023,"transportation_score",95.05
"18097330210","tract",2023,"transportation_score",96.26
"18097330211","tract",2023,"transportation_score",106.66
"18097330212","tract",2023,"transportation_score",87.3
"18097330213","tract",2023,"transportation_score",86.64
"18097330401","tract",2023,"transportation_score",84.31
"18097330500","tract",2023,"transportation_score",97.06
"18097330600","tract",2023,"transportation_score",102.12
"18097330701","tract",2023,"transportation_score",104.45
"18097330702","tract",2023,"transportation_score",89.13
"18097330803","tract",2023,"transportation_score",102.35
"18097330804","tract",2023,"transportation_score",103.2
"18097330805","tract",2023,"transportation_score",113.45
"18097330806","tract",2023,"transportation_score",102.64
"18097330900","tract",2023,"transportation_score",109.37
"18097331000","tract",2023,"transportation_score",101.08
"18097340101","tract",2023,"transportation_score",96.42
"18097340102","tract",2023,"transportation_score",99.99
"18097340108","tract",2023,"transportation_score",104.42
"18097340111","tract",2023,"transportation_score",99.33
"18097340112","tract",2023,"transportation_score",95.89
"18097340113","tract",2023,"transportation_score",97.17
"18097340114","tract",2023,"transportation_score",96.37
"18097340115","tract",2023,"transportation_score",99.87
"18097340201","tract",2023,"transportation_score",95.99
"18097340202","tract",2023,"transportation_score",103.65
"18097340301","tract",2023,"transportation_score",93.3
"18097340302","tract",2023,"transportation_score",100.92
"18097340400","tract",2023,"transportation_score",93.86
"18097340500","tract",2023,"transportation_score",105.94
"18097340600","tract",2023,"transportation_score",106.72
"18097340700","tract",2023,"transportation_score",97.97
"18097340800","tract",2023,"transportation_score",90.19
"18097340901","tract",2023,"transportation_score",83.82
"18097340903","tract",2023,"transportation_score",88.33
"18097340904","tract",2023,"transportation_score",104.57
"18097341000","tract",2023,"transportation_score",102.09
"18097341100","tract",2023,"transportation_score",106.33
"18097341200","tract",2023,"transportation_score",105.48
"18097341600","tract",2023,"transportation_score",118.82
"18097341701","tract",2023,"transportation_score",99.47
"18097341702","tract",2023,"transportation_score",94.51
"18097341902","tract",2023,"transportation_score",96.28
"18097341903","tract",2023,"transportation_score",96.71
"18097341904","tract",2023,"transportation_score",96.85
"18097342000","tract",2023,"transportation_score",84.37
"18097342101","tract",2023,"transportation_score",88.94
"18097342200","tract",2023,"transportation_score",98.97
"18097342300","tract",2023,"transportation_score",97.02
"18097342400","tract",2023,"transportation_score",86.73
"18097342500","tract",2023,"transportation_score",95.72
"18097342600","tract",2023,"transportation_score",99.27
"18097350100","tract",2023,"transportation_score",97.85
"18097350300","tract",2023,"transportation_score",116.84
"18097350400","tract",2023,"transportation_score",102.16
"18097350500","tract",2023,"transportation_score",111.43
"18097350600","tract",2023,"transportation_score",100.65
"18097350700","tract",2023,"transportation_score",105.39
"18097350800","tract",2023,"transportation_score",116.45
"18097350900","tract",2023,"transportation_score",101.91
"18097351000","tract",2023,"transportation_score",100.2
"18097351200","tract",2023,"transportation_score",102.86
"18097351500","tract",2023,"transportation_score",97.58
"18097351600","tract",2023,"transportation_score",93.74
"18097351700","tract",2023,"transportation_score",108.67
"18097351900","tract",2023,"transportation_score",107.8
"18097352100","tract",2023,"transportation_score",119.34
"18097352300","tract",2023,"transportation_score",99
"18097352400","tract",2023,"transportation_score",103.62
"18097352500","tract",2023,"transportation_score",102.4
"18097352600","tract",2023,"transportation_score",101.35
"18097352700","tract",2023,"transportation_score",102.47
"18097352800","tract",2023,"transportation_score",92.09
"18097353300","tract",2023,"transportation_score",113.28
"18097353500","tract",2023,"transportation_score",130.33
"18097353600","tract",2023,"transportation_score",103.43
"18097354201","tract",2023,"transportation_score",110.43
"18097354202","tract",2023,"transportation_score",106.58
"18097354400","tract",2023,"transportation_score",95.81
"18097354500","tract",2023,"transportation_score",107.51
"18097354700","tract",2023,"transportation_score",97.87
"18097354800","tract",2023,"transportation_score",102.12
"18097354900","tract",2023,"transportation_score",108.71
"18097355000","tract",2023,"transportation_score",113.96
"18097355100","tract",2023,"transportation_score",117.07
"18097355300","tract",2023,"transportation_score",108.9
"18097355400","tract",2023,"transportation_score",116.28
"18097355500","tract",2023,"transportation_score",95.19
"18097355600","tract",2023,"transportation_score",101.94
"18097355700","tract",2023,"transportation_score",99.75
"18097355900","tract",2023,"transportation_score",106.3
"18097356200","tract",2023,"transportation_score",NA
"18097356400","tract",2023,"transportation_score",101.31
"18097356900","tract",2023,"transportation_score",106.56
"18097357000","tract",2023,"transportation_score",98.91
"18097357100","tract",2023,"transportation_score",100.69
"18097357200","tract",2023,"transportation_score",102.89
"18097357300","tract",2023,"transportation_score",107.75
"18097357400","tract",2023,"transportation_score",110.03
"18097357500","tract",2023,"transportation_score",94.62
"18097357601","tract",2023,"transportation_score",101.94
"18097357602","tract",2023,"transportation_score",92.87
"18097357800","tract",2023,"transportation_score",102.63
"18097357900","tract",2023,"transportation_score",102.61
"18097358000","tract",2023,"transportation_score",104.01
"18097358100","tract",2023,"transportation_score",102.28
"18097360101","tract",2023,"transportation_score",110.64
"18097360102","tract",2023,"transportation_score",104.37
"18097360201","tract",2023,"transportation_score",108.58
"18097360202","tract",2023,"transportation_score",89.37
"18097360301","tract",2023,"transportation_score",90.2
"18097360302","tract",2023,"transportation_score",93.49
"18097360401","tract",2023,"transportation_score",100.38
"18097360402","tract",2023,"transportation_score",89.27
"18097360405","tract",2023,"transportation_score",97.2
"18097360406","tract",2023,"transportation_score",112.14
"18097360407","tract",2023,"transportation_score",91.96
"18097360501","tract",2023,"transportation_score",93.9
"18097360502","tract",2023,"transportation_score",95.7
"18097360601","tract",2023,"transportation_score",95.24
"18097360602","tract",2023,"transportation_score",113.8
"18097360700","tract",2023,"transportation_score",104.62
"18097360800","tract",2023,"transportation_score",104.79
"18097360900","tract",2023,"transportation_score",107.21
"18097361000","tract",2023,"transportation_score",100.98
"18097361100","tract",2023,"transportation_score",104.5
"18097361200","tract",2023,"transportation_score",101.21
"18097361300","tract",2023,"transportation_score",99.39
"18097361401","tract",2023,"transportation_score",99.55
"18097361402","tract",2023,"transportation_score",93.3
"18097361601","tract",2023,"transportation_score",91.38
"18097361602","tract",2023,"transportation_score",84.89
"18097370201","tract",2023,"transportation_score",95.9
"18097370203","tract",2023,"transportation_score",93
"18097370204","tract",2023,"transportation_score",94.42
"18097370303","tract",2023,"transportation_score",94.35
"18097370304","tract",2023,"transportation_score",88.82
"18097370305","tract",2023,"transportation_score",114.77
"18097370306","tract",2023,"transportation_score",91.39
"18097380101","tract",2023,"transportation_score",94.78
"18097380102","tract",2023,"transportation_score",100.02
"18097380103","tract",2023,"transportation_score",94.53
"18097380200","tract",2023,"transportation_score",100.62
"18097380301","tract",2023,"transportation_score",86.34
"18097380302","tract",2023,"transportation_score",106.15
"18097380402","tract",2023,"transportation_score",95.46
"18097380403","tract",2023,"transportation_score",96.65
"18097380404","tract",2023,"transportation_score",87.66
"18097380501","tract",2023,"transportation_score",98.57
"18097380502","tract",2023,"transportation_score",104.59
"18097380600","tract",2023,"transportation_score",97.01
"18097380700","tract",2023,"transportation_score",102.36
"18097380800","tract",2023,"transportation_score",94.99
"18097380901","tract",2023,"transportation_score",88.66
"18097380902","tract",2023,"transportation_score",97.66
"18097381002","tract",2023,"transportation_score",93.62
"18097381003","tract",2023,"transportation_score",102.37
"18097381004","tract",2023,"transportation_score",98.51
"18097381101","tract",2023,"transportation_score",99.54
"18097381102","tract",2023,"transportation_score",95.19
"18097381203","tract",2023,"transportation_score",102.01
"18097381204","tract",2023,"transportation_score",96.29
"18097381205","tract",2023,"transportation_score",99.17
"18097381206","tract",2023,"transportation_score",99.45
"18097381207","tract",2023,"transportation_score",89.38
"18097390102","tract",2023,"transportation_score",86.49
"18097390103","tract",2023,"transportation_score",89.09
"18097390104","tract",2023,"transportation_score",97.78
"18097390200","tract",2023,"transportation_score",94.04
"18097390300","tract",2023,"transportation_score",86.61
"18097390405","tract",2023,"transportation_score",100.86
"18097390406","tract",2023,"transportation_score",86.75
"18097390407","tract",2023,"transportation_score",94.79
"18097390408","tract",2023,"transportation_score",84.23
"18097390409","tract",2023,"transportation_score",87.72
"18097390410","tract",2023,"transportation_score",97.2
"18097390411","tract",2023,"transportation_score",97.29
"18097390500","tract",2023,"transportation_score",106.53
"18097390601","tract",2023,"transportation_score",101.45
"18097390602","tract",2023,"transportation_score",97.24
"18097390700","tract",2023,"transportation_score",98.1
"18097390801","tract",2023,"transportation_score",NA
"18097390802","tract",2023,"transportation_score",94.16
"18097390900","tract",2023,"transportation_score",108.49
"18097391001","tract",2023,"transportation_score",NA
"18097391002","tract",2023,"transportation_score",113.87
"18099020101","tract",2023,"transportation_score",89.7
"18099020102","tract",2023,"transportation_score",104.71
"18099020201","tract",2023,"transportation_score",83.13
"18099020202","tract",2023,"transportation_score",83.74
"18099020301","tract",2023,"transportation_score",85.8
"18099020302","tract",2023,"transportation_score",94.07
"18099020400","tract",2023,"transportation_score",89.08
"18099020500","tract",2023,"transportation_score",105.07
"18099020600","tract",2023,"transportation_score",87.37
"18099020701","tract",2023,"transportation_score",89.04
"18099020702","tract",2023,"transportation_score",90.96
"18099020800","tract",2023,"transportation_score",88.82
"18101950100","tract",2023,"transportation_score",81.49
"18101950200","tract",2023,"transportation_score",98.13
"18101950300","tract",2023,"transportation_score",86.28
"18103952000","tract",2023,"transportation_score",86.46
"18103952100","tract",2023,"transportation_score",84.59
"18103952200","tract",2023,"transportation_score",100.5
"18103952300","tract",2023,"transportation_score",108.8
"18103952400","tract",2023,"transportation_score",102.62
"18103952500","tract",2023,"transportation_score",102.37
"18103952600","tract",2023,"transportation_score",83.86
"18103952700","tract",2023,"transportation_score",87.29
"18103952800","tract",2023,"transportation_score",87.76
"18103952900","tract",2023,"transportation_score",89.57
"18105000100","tract",2023,"transportation_score",125.95
"18105000201","tract",2023,"transportation_score",NA
"18105000202","tract",2023,"transportation_score",NA
"18105000301","tract",2023,"transportation_score",119.93
"18105000302","tract",2023,"transportation_score",111.43
"18105000401","tract",2023,"transportation_score",94.49
"18105000402","tract",2023,"transportation_score",91.64
"18105000501","tract",2023,"transportation_score",90.09
"18105000502","tract",2023,"transportation_score",89.85
"18105000601","tract",2023,"transportation_score",112.41
"18105000602","tract",2023,"transportation_score",97.54
"18105000700","tract",2023,"transportation_score",86.26
"18105000801","tract",2023,"transportation_score",93.68
"18105000802","tract",2023,"transportation_score",101.33
"18105000901","tract",2023,"transportation_score",104.03
"18105000903","tract",2023,"transportation_score",102.88
"18105000904","tract",2023,"transportation_score",101.9
"18105001001","tract",2023,"transportation_score",96.26
"18105001002","tract",2023,"transportation_score",95.48
"18105001101","tract",2023,"transportation_score",99.33
"18105001102","tract",2023,"transportation_score",93.08
"18105001103","tract",2023,"transportation_score",86.47
"18105001200","tract",2023,"transportation_score",82.51
"18105001301","tract",2023,"transportation_score",89.7
"18105001303","tract",2023,"transportation_score",87.35
"18105001304","tract",2023,"transportation_score",85.73
"18105001305","tract",2023,"transportation_score",85.86
"18105001401","tract",2023,"transportation_score",87.17
"18105001403","tract",2023,"transportation_score",85.21
"18105001404","tract",2023,"transportation_score",89.01
"18105001501","tract",2023,"transportation_score",85.5
"18105001502","tract",2023,"transportation_score",91.47
"18105001600","tract",2023,"transportation_score",103.68
"18107956700","tract",2023,"transportation_score",85.29
"18107956800","tract",2023,"transportation_score",85.17
"18107956900","tract",2023,"transportation_score",87.81
"18107957000","tract",2023,"transportation_score",104.2
"18107957100","tract",2023,"transportation_score",90.8
"18107957200","tract",2023,"transportation_score",93.82
"18107957300","tract",2023,"transportation_score",83.47
"18107957400","tract",2023,"transportation_score",85.66
"18107957500","tract",2023,"transportation_score",85.2
"18109510101","tract",2023,"transportation_score",93.25
"18109510102","tract",2023,"transportation_score",84.13
"18109510201","tract",2023,"transportation_score",93.56
"18109510202","tract",2023,"transportation_score",86.34
"18109510300","tract",2023,"transportation_score",96.56
"18109510401","tract",2023,"transportation_score",86.35
"18109510402","tract",2023,"transportation_score",84.85
"18109510500","tract",2023,"transportation_score",86.97
"18109510601","tract",2023,"transportation_score",83.39
"18109510602","tract",2023,"transportation_score",87.86
"18109510701","tract",2023,"transportation_score",88.33
"18109510703","tract",2023,"transportation_score",83.67
"18109510704","tract",2023,"transportation_score",88.07
"18109510800","tract",2023,"transportation_score",91.88
"18109510900","tract",2023,"transportation_score",87.37
"18109511001","tract",2023,"transportation_score",85.61
"18109511002","tract",2023,"transportation_score",86.32
"18111100400","tract",2023,"transportation_score",87.29
"18111100500","tract",2023,"transportation_score",87.53
"18111100600","tract",2023,"transportation_score",88.72
"18111100700","tract",2023,"transportation_score",90.63
"18113971700","tract",2023,"transportation_score",88.2
"18113971800","tract",2023,"transportation_score",94
"18113971900","tract",2023,"transportation_score",88.96
"18113972000","tract",2023,"transportation_score",87.48
"18113972100","tract",2023,"transportation_score",99.03
"18113972200","tract",2023,"transportation_score",103.56
"18113972300","tract",2023,"transportation_score",86.91
"18113972400","tract",2023,"transportation_score",90.66
"18113972500","tract",2023,"transportation_score",85.87
"18113972600","tract",2023,"transportation_score",84.86
"18115965700","tract",2023,"transportation_score",88.38
"18115965800","tract",2023,"transportation_score",84.57
"18117951300","tract",2023,"transportation_score",86.86
"18117951400","tract",2023,"transportation_score",89.92
"18117951500","tract",2023,"transportation_score",91.59
"18117951600","tract",2023,"transportation_score",83.64
"18117951700","tract",2023,"transportation_score",101.88
"18117951800","tract",2023,"transportation_score",87.45
"18119955500","tract",2023,"transportation_score",84.45
"18119955600","tract",2023,"transportation_score",88.94
"18119955701","tract",2023,"transportation_score",87.9
"18119955702","tract",2023,"transportation_score",93.67
"18119955800","tract",2023,"transportation_score",91.79
"18119955900","tract",2023,"transportation_score",83.11
"18121030100","tract",2023,"transportation_score",105.5
"18121030200","tract",2023,"transportation_score",87.51
"18121030300","tract",2023,"transportation_score",93.89
"18121030401","tract",2023,"transportation_score",99.58
"18121030402","tract",2023,"transportation_score",85.78
"18123952200","tract",2023,"transportation_score",82.07
"18123952300","tract",2023,"transportation_score",84.14
"18123952400","tract",2023,"transportation_score",88.18
"18123952500","tract",2023,"transportation_score",85.65
"18123952600","tract",2023,"transportation_score",90.6
"18125953900","tract",2023,"transportation_score",87.36
"18125954000","tract",2023,"transportation_score",86.14
"18125954100","tract",2023,"transportation_score",81.69
"18125954200","tract",2023,"transportation_score",86.91
"18127050104","tract",2023,"transportation_score",91.16
"18127050105","tract",2023,"transportation_score",84.5
"18127050106","tract",2023,"transportation_score",84.21
"18127050107","tract",2023,"transportation_score",88.27
"18127050202","tract",2023,"transportation_score",109.95
"18127050203","tract",2023,"transportation_score",116.67
"18127050301","tract",2023,"transportation_score",105.34
"18127050302","tract",2023,"transportation_score",108.03
"18127050405","tract",2023,"transportation_score",90.1
"18127050407","tract",2023,"transportation_score",103.65
"18127050408","tract",2023,"transportation_score",106.12
"18127050409","tract",2023,"transportation_score",104.79
"18127050501","tract",2023,"transportation_score",103.77
"18127050503","tract",2023,"transportation_score",102.78
"18127050505","tract",2023,"transportation_score",84.88
"18127050506","tract",2023,"transportation_score",111.06
"18127050507","tract",2023,"transportation_score",87.8
"18127050508","tract",2023,"transportation_score",102.85
"18127050509","tract",2023,"transportation_score",89.11
"18127050602","tract",2023,"transportation_score",105.73
"18127050603","tract",2023,"transportation_score",103.81
"18127050605","tract",2023,"transportation_score",87.03
"18127050606","tract",2023,"transportation_score",90.72
"18127050703","tract",2023,"transportation_score",89.55
"18127050704","tract",2023,"transportation_score",86.45
"18127050705","tract",2023,"transportation_score",105.86
"18127050706","tract",2023,"transportation_score",112.58
"18127050801","tract",2023,"transportation_score",117.51
"18127050802","tract",2023,"transportation_score",114.17
"18127050901","tract",2023,"transportation_score",96.44
"18127050902","tract",2023,"transportation_score",NA
"18127051005","tract",2023,"transportation_score",86.22
"18127051006","tract",2023,"transportation_score",104.46
"18127051008","tract",2023,"transportation_score",80.83
"18127051009","tract",2023,"transportation_score",87.75
"18127051010","tract",2023,"transportation_score",81.73
"18127051011","tract",2023,"transportation_score",86.79
"18127051012","tract",2023,"transportation_score",82.8
"18127051101","tract",2023,"transportation_score",85
"18127051102","tract",2023,"transportation_score",83.96
"18127980001","tract",2023,"transportation_score",NA
"18127980002","tract",2023,"transportation_score",NA
"18127990000","tract",2023,"transportation_score",NA
"18129040100","tract",2023,"transportation_score",88.99
"18129040200","tract",2023,"transportation_score",87.1
"18129040300","tract",2023,"transportation_score",84.68
"18129040400","tract",2023,"transportation_score",83.46
"18129040500","tract",2023,"transportation_score",84.04
"18129040600","tract",2023,"transportation_score",89.2
"18129040700","tract",2023,"transportation_score",87.67
"18131958900","tract",2023,"transportation_score",93.26
"18131959000","tract",2023,"transportation_score",92.64
"18131959100","tract",2023,"transportation_score",87.91
"18131959200","tract",2023,"transportation_score",84.52
"18133956000","tract",2023,"transportation_score",84.88
"18133956100","tract",2023,"transportation_score",83.25
"18133956200","tract",2023,"transportation_score",95.28
"18133956301","tract",2023,"transportation_score",99.73
"18133956302","tract",2023,"transportation_score",85.6
"18133956401","tract",2023,"transportation_score",84.19
"18133956402","tract",2023,"transportation_score",86.14
"18133956500","tract",2023,"transportation_score",89.46
"18133956600","tract",2023,"transportation_score",NA
"18135951400","tract",2023,"transportation_score",85.3
"18135951500","tract",2023,"transportation_score",87.31
"18135951600","tract",2023,"transportation_score",87.53
"18135951700","tract",2023,"transportation_score",89.19
"18135951800","tract",2023,"transportation_score",91.97
"18135951900","tract",2023,"transportation_score",88
"18135952000","tract",2023,"transportation_score",88.17
"18135952100","tract",2023,"transportation_score",90.17
"18137968401","tract",2023,"transportation_score",95.99
"18137968402","tract",2023,"transportation_score",89.62
"18137968500","tract",2023,"transportation_score",84.1
"18137968600","tract",2023,"transportation_score",86.19
"18137968700","tract",2023,"transportation_score",85.57
"18137968800","tract",2023,"transportation_score",89.59
"18137968900","tract",2023,"transportation_score",83.26
"18139974100","tract",2023,"transportation_score",83.85
"18139974200","tract",2023,"transportation_score",85.82
"18139974300","tract",2023,"transportation_score",101.96
"18139974400","tract",2023,"transportation_score",87.62
"18139974500","tract",2023,"transportation_score",87.99
"18141000100","tract",2023,"transportation_score",108.01
"18141000200","tract",2023,"transportation_score",106.22
"18141000301","tract",2023,"transportation_score",88.44
"18141000302","tract",2023,"transportation_score",119.2
"18141000400","tract",2023,"transportation_score",116.51
"18141000500","tract",2023,"transportation_score",111.35
"18141000600","tract",2023,"transportation_score",101.79
"18141000700","tract",2023,"transportation_score",94.36
"18141000800","tract",2023,"transportation_score",108.99
"18141000900","tract",2023,"transportation_score",100.92
"18141001000","tract",2023,"transportation_score",116.83
"18141001100","tract",2023,"transportation_score",99.41
"18141001200","tract",2023,"transportation_score",90.98
"18141001300","tract",2023,"transportation_score",101.49
"18141001400","tract",2023,"transportation_score",103.43
"18141001500","tract",2023,"transportation_score",101.61
"18141001600","tract",2023,"transportation_score",91.15
"18141001700","tract",2023,"transportation_score",107.43
"18141001900","tract",2023,"transportation_score",114.31
"18141002000","tract",2023,"transportation_score",125.83
"18141002100","tract",2023,"transportation_score",106.92
"18141002200","tract",2023,"transportation_score",103.02
"18141002300","tract",2023,"transportation_score",105.61
"18141002400","tract",2023,"transportation_score",109.36
"18141002500","tract",2023,"transportation_score",95.75
"18141002600","tract",2023,"transportation_score",106.65
"18141002700","tract",2023,"transportation_score",NA
"18141002800","tract",2023,"transportation_score",95.06
"18141002900","tract",2023,"transportation_score",91.81
"18141003000","tract",2023,"transportation_score",98.59
"18141003100","tract",2023,"transportation_score",108
"18141003200","tract",2023,"transportation_score",101.98
"18141003300","tract",2023,"transportation_score",100.57
"18141003400","tract",2023,"transportation_score",102.98
"18141003500","tract",2023,"transportation_score",98.38
"18141010100","tract",2023,"transportation_score",102.58
"18141010201","tract",2023,"transportation_score",100.61
"18141010202","tract",2023,"transportation_score",114.18
"18141010300","tract",2023,"transportation_score",101.32
"18141010400","tract",2023,"transportation_score",97.48
"18141010500","tract",2023,"transportation_score",97.84
"18141010600","tract",2023,"transportation_score",97.86
"18141010700","tract",2023,"transportation_score",95.31
"18141010800","tract",2023,"transportation_score",87.32
"18141010901","tract",2023,"transportation_score",86.66
"18141010902","tract",2023,"transportation_score",84.44
"18141011001","tract",2023,"transportation_score",88.45
"18141011002","tract",2023,"transportation_score",88.54
"18141011100","tract",2023,"transportation_score",97.59
"18141011203","tract",2023,"transportation_score",NA
"18141011303","tract",2023,"transportation_score",94.98
"18141011304","tract",2023,"transportation_score",88.84
"18141011305","tract",2023,"transportation_score",85.88
"18141011306","tract",2023,"transportation_score",94.66
"18141011307","tract",2023,"transportation_score",86.77
"18141011308","tract",2023,"transportation_score",87.85
"18141011309","tract",2023,"transportation_score",92.47
"18141011310","tract",2023,"transportation_score",101.93
"18141011403","tract",2023,"transportation_score",96.55
"18141011404","tract",2023,"transportation_score",94.02
"18141011405","tract",2023,"transportation_score",95.24
"18141011406","tract",2023,"transportation_score",95.95
"18141011501","tract",2023,"transportation_score",102.62
"18141011503","tract",2023,"transportation_score",84.24
"18141011504","tract",2023,"transportation_score",86.8
"18141011505","tract",2023,"transportation_score",95.61
"18141011506","tract",2023,"transportation_score",104.15
"18141011602","tract",2023,"transportation_score",87.63
"18141011603","tract",2023,"transportation_score",88.6
"18141011604","tract",2023,"transportation_score",94.52
"18141011701","tract",2023,"transportation_score",96.42
"18141011703","tract",2023,"transportation_score",101.3
"18141011704","tract",2023,"transportation_score",102.62
"18141011801","tract",2023,"transportation_score",87.53
"18141011803","tract",2023,"transportation_score",98.16
"18141011804","tract",2023,"transportation_score",101.13
"18141011900","tract",2023,"transportation_score",97.53
"18141012000","tract",2023,"transportation_score",86.05
"18141012100","tract",2023,"transportation_score",85.32
"18141012200","tract",2023,"transportation_score",88.65
"18141012300","tract",2023,"transportation_score",86.64
"18141012400","tract",2023,"transportation_score",90.49
"18143966700","tract",2023,"transportation_score",86.33
"18143966800","tract",2023,"transportation_score",87.43
"18143966900","tract",2023,"transportation_score",86.74
"18143967000","tract",2023,"transportation_score",87.24
"18143967100","tract",2023,"transportation_score",89
"18145710100","tract",2023,"transportation_score",86.47
"18145710200","tract",2023,"transportation_score",82.78
"18145710300","tract",2023,"transportation_score",87.85
"18145710400","tract",2023,"transportation_score",88.95
"18145710500","tract",2023,"transportation_score",91.4
"18145710601","tract",2023,"transportation_score",109.62
"18145710602","tract",2023,"transportation_score",107.68
"18145710700","tract",2023,"transportation_score",98.89
"18145710800","tract",2023,"transportation_score",87.36
"18145710900","tract",2023,"transportation_score",84.38
"18147952701","tract",2023,"transportation_score",83.86
"18147952702","tract",2023,"transportation_score",82.91
"18147952800","tract",2023,"transportation_score",84.57
"18147952900","tract",2023,"transportation_score",82.74
"18147953000","tract",2023,"transportation_score",84.05
"18147953100","tract",2023,"transportation_score",88.74
"18149953600","tract",2023,"transportation_score",92.72
"18149953700","tract",2023,"transportation_score",83.49
"18149953800","tract",2023,"transportation_score",88.06
"18149953900","tract",2023,"transportation_score",83.79
"18149954000","tract",2023,"transportation_score",93.57
"18149954100","tract",2023,"transportation_score",86.46
"18149954200","tract",2023,"transportation_score",86.27
"18151970800","tract",2023,"transportation_score",87.61
"18151970900","tract",2023,"transportation_score",90.38
"18151971000","tract",2023,"transportation_score",86.3
"18151971100","tract",2023,"transportation_score",84.97
"18151971200","tract",2023,"transportation_score",82.14
"18151971300","tract",2023,"transportation_score",91.45
"18151971400","tract",2023,"transportation_score",93.98
"18151971500","tract",2023,"transportation_score",85.07
"18151971600","tract",2023,"transportation_score",85.76
"18153050101","tract",2023,"transportation_score",85.7
"18153050102","tract",2023,"transportation_score",91.55
"18153050200","tract",2023,"transportation_score",82.63
"18153050301","tract",2023,"transportation_score",89.36
"18153050302","tract",2023,"transportation_score",80.28
"18153050400","tract",2023,"transportation_score",86.39
"18153050501","tract",2023,"transportation_score",NA
"18153050502","tract",2023,"transportation_score",86.77
"18155965700","tract",2023,"transportation_score",83.71
"18155965800","tract",2023,"transportation_score",86.74
"18155965900","tract",2023,"transportation_score",90.27
"18157000100","tract",2023,"transportation_score",105.36
"18157000200","tract",2023,"transportation_score",104.31
"18157000300","tract",2023,"transportation_score",104.2
"18157000400","tract",2023,"transportation_score",126.9
"18157000700","tract",2023,"transportation_score",100.89
"18157000800","tract",2023,"transportation_score",89.63
"18157001000","tract",2023,"transportation_score",95.56
"18157001100","tract",2023,"transportation_score",106.56
"18157001200","tract",2023,"transportation_score",89.11
"18157001300","tract",2023,"transportation_score",102.92
"18157001400","tract",2023,"transportation_score",103.32
"18157001501","tract",2023,"transportation_score",110.75
"18157001502","tract",2023,"transportation_score",101.92
"18157001601","tract",2023,"transportation_score",87.05
"18157001602","tract",2023,"transportation_score",98.73
"18157001603","tract",2023,"transportation_score",101.5
"18157001701","tract",2023,"transportation_score",106.81
"18157001702","tract",2023,"transportation_score",89.55
"18157001800","tract",2023,"transportation_score",101.37
"18157001900","tract",2023,"transportation_score",102.22
"18157005101","tract",2023,"transportation_score",125.51
"18157005102","tract",2023,"transportation_score",105.93
"18157005200","tract",2023,"transportation_score",115.87
"18157005401","tract",2023,"transportation_score",133.5
"18157005402","tract",2023,"transportation_score",141.09
"18157005500","tract",2023,"transportation_score",156.85
"18157010100","tract",2023,"transportation_score",86.65
"18157010201","tract",2023,"transportation_score",85.44
"18157010205","tract",2023,"transportation_score",111.04
"18157010206","tract",2023,"transportation_score",104.69
"18157010207","tract",2023,"transportation_score",84.3
"18157010208","tract",2023,"transportation_score",109.6
"18157010209","tract",2023,"transportation_score",103.91
"18157010400","tract",2023,"transportation_score",NA
"18157010500","tract",2023,"transportation_score",NA
"18157010600","tract",2023,"transportation_score",84.46
"18157010700","tract",2023,"transportation_score",83.02
"18157010800","tract",2023,"transportation_score",85.14
"18157010901","tract",2023,"transportation_score",86.34
"18157010902","tract",2023,"transportation_score",83.37
"18157011000","tract",2023,"transportation_score",82.72
"18157011100","tract",2023,"transportation_score",123.44
"18157011200","tract",2023,"transportation_score",NA
"18159020100","tract",2023,"transportation_score",84.87
"18159020200","tract",2023,"transportation_score",82.12
"18159020300","tract",2023,"transportation_score",85.8
"18159020401","tract",2023,"transportation_score",92.61
"18159020402","tract",2023,"transportation_score",88.28
"18161960700","tract",2023,"transportation_score",86.94
"18161960800","tract",2023,"transportation_score",81.91
"18163000100","tract",2023,"transportation_score",103.85
"18163000203","tract",2023,"transportation_score",85.69
"18163000204","tract",2023,"transportation_score",101.35
"18163000205","tract",2023,"transportation_score",101.41
"18163000300","tract",2023,"transportation_score",116.57
"18163000400","tract",2023,"transportation_score",103.49
"18163000500","tract",2023,"transportation_score",96.62
"18163000600","tract",2023,"transportation_score",94.27
"18163000800","tract",2023,"transportation_score",95.97
"18163000900","tract",2023,"transportation_score",98.32
"18163001000","tract",2023,"transportation_score",100.17
"18163001101","tract",2023,"transportation_score",110.82
"18163001200","tract",2023,"transportation_score",109.13
"18163001300","tract",2023,"transportation_score",107.94
"18163001400","tract",2023,"transportation_score",98.05
"18163001500","tract",2023,"transportation_score",97.45
"18163001700","tract",2023,"transportation_score",90.6
"18163001800","tract",2023,"transportation_score",105.5
"18163001900","tract",2023,"transportation_score",90.08
"18163002000","tract",2023,"transportation_score",93.84
"18163002100","tract",2023,"transportation_score",96.9
"18163002300","tract",2023,"transportation_score",108.61
"18163002400","tract",2023,"transportation_score",101.22
"18163002500","tract",2023,"transportation_score",103.03
"18163002600","tract",2023,"transportation_score",102.16
"18163003000","tract",2023,"transportation_score",96.86
"18163003100","tract",2023,"transportation_score",99.17
"18163003200","tract",2023,"transportation_score",104.04
"18163003300","tract",2023,"transportation_score",100.53
"18163003400","tract",2023,"transportation_score",90.48
"18163003500","tract",2023,"transportation_score",93.92
"18163003600","tract",2023,"transportation_score",101.38
"18163003701","tract",2023,"transportation_score",89.7
"18163003702","tract",2023,"transportation_score",117.7
"18163003801","tract",2023,"transportation_score",111.92
"18163003803","tract",2023,"transportation_score",96.38
"18163003805","tract",2023,"transportation_score",97.77
"18163003900","tract",2023,"transportation_score",88.26
"18163010101","tract",2023,"transportation_score",115.17
"18163010102","tract",2023,"transportation_score",102.23
"18163010204","tract",2023,"transportation_score",95.4
"18163010205","tract",2023,"transportation_score",84.89
"18163010206","tract",2023,"transportation_score",84.05
"18163010207","tract",2023,"transportation_score",86.88
"18163010208","tract",2023,"transportation_score",85.65
"18163010404","tract",2023,"transportation_score",94.44
"18163010405","tract",2023,"transportation_score",NA
"18163010406","tract",2023,"transportation_score",86.23
"18163010501","tract",2023,"transportation_score",82.66
"18163010502","tract",2023,"transportation_score",84.8
"18163010600","tract",2023,"transportation_score",83.92
"18163010701","tract",2023,"transportation_score",87.79
"18163010702","tract",2023,"transportation_score",86.33
"18163010800","tract",2023,"transportation_score",90.52
"18163980100","tract",2023,"transportation_score",NA
"18163980200","tract",2023,"transportation_score",NA
"18163980300","tract",2023,"transportation_score",NA
"18163980500","tract",2023,"transportation_score",NA
"18163980600","tract",2023,"transportation_score",NA
"18165020100","tract",2023,"transportation_score",86.33
"18165020200","tract",2023,"transportation_score",83.67
"18165020300","tract",2023,"transportation_score",84.51
"18165020400","tract",2023,"transportation_score",83.82
"18165020500","tract",2023,"transportation_score",94.02
"18167000300","tract",2023,"transportation_score",112.2
"18167000400","tract",2023,"transportation_score",113.61
"18167000500","tract",2023,"transportation_score",110.06
"18167000600","tract",2023,"transportation_score",106.81
"18167000700","tract",2023,"transportation_score",93.17
"18167000900","tract",2023,"transportation_score",93.48
"18167001000","tract",2023,"transportation_score",96.66
"18167001100","tract",2023,"transportation_score",109.89
"18167001200","tract",2023,"transportation_score",93.08
"18167001300","tract",2023,"transportation_score",88.49
"18167001400","tract",2023,"transportation_score",97.72
"18167001500","tract",2023,"transportation_score",97.55
"18167001600","tract",2023,"transportation_score",100.84
"18167001700","tract",2023,"transportation_score",102.67
"18167001800","tract",2023,"transportation_score",109.87
"18167001900","tract",2023,"transportation_score",107.94
"18167010100","tract",2023,"transportation_score",91.83
"18167010201","tract",2023,"transportation_score",96.18
"18167010202","tract",2023,"transportation_score",98.39
"18167010300","tract",2023,"transportation_score",87.49
"18167010400","tract",2023,"transportation_score",83.03
"18167010500","tract",2023,"transportation_score",108.22
"18167010601","tract",2023,"transportation_score",86.58
"18167010602","tract",2023,"transportation_score",85.99
"18167010702","tract",2023,"transportation_score",85.54
"18167010703","tract",2023,"transportation_score",98.46
"18167010704","tract",2023,"transportation_score",91.55
"18167011000","tract",2023,"transportation_score",85.68
"18167011101","tract",2023,"transportation_score",106.76
"18167011102","tract",2023,"transportation_score",NA
"18167011201","tract",2023,"transportation_score",NA
"18167011202","tract",2023,"transportation_score",87.05
"18169102200","tract",2023,"transportation_score",92.21
"18169102300","tract",2023,"transportation_score",82.54
"18169102400","tract",2023,"transportation_score",86.94
"18169102500","tract",2023,"transportation_score",84.99
"18169102600","tract",2023,"transportation_score",102.01
"18169102700","tract",2023,"transportation_score",99.96
"18169102800","tract",2023,"transportation_score",103.62
"18169102900","tract",2023,"transportation_score",86.96
"18171951001","tract",2023,"transportation_score",85.32
"18171951002","tract",2023,"transportation_score",87.43
"18171951100","tract",2023,"transportation_score",87.51
"18173030100","tract",2023,"transportation_score",85.91
"18173030200","tract",2023,"transportation_score",86.23
"18173030300","tract",2023,"transportation_score",87.33
"18173030400","tract",2023,"transportation_score",99.43
"18173030501","tract",2023,"transportation_score",85.85
"18173030502","tract",2023,"transportation_score",82.55
"18173030601","tract",2023,"transportation_score",86.27
"18173030602","tract",2023,"transportation_score",89.18
"18173030703","tract",2023,"transportation_score",98.72
"18173030704","tract",2023,"transportation_score",85.59
"18173030706","tract",2023,"transportation_score",84.28
"18173030707","tract",2023,"transportation_score",92.54
"18173030708","tract",2023,"transportation_score",95.38
"18173030709","tract",2023,"transportation_score",95.83
"18173030801","tract",2023,"transportation_score",84.3
"18173030802","tract",2023,"transportation_score",89.11
"18175967200","tract",2023,"transportation_score",83.64
"18175967300","tract",2023,"transportation_score",87.53
"18175967400","tract",2023,"transportation_score",88.04
"18175967500","tract",2023,"transportation_score",93.43
"18175967600","tract",2023,"transportation_score",84.53
"18175967701","tract",2023,"transportation_score",87.44
"18175967702","tract",2023,"transportation_score",91.28
"18177000200","tract",2023,"transportation_score",120.91
"18177000400","tract",2023,"transportation_score",91.28
"18177000500","tract",2023,"transportation_score",101.9
"18177000600","tract",2023,"transportation_score",89.7
"18177000700","tract",2023,"transportation_score",87.2
"18177000800","tract",2023,"transportation_score",107.87
"18177000900","tract",2023,"transportation_score",102.21
"18177001000","tract",2023,"transportation_score",99.84
"18177001101","tract",2023,"transportation_score",93.98
"18177001102","tract",2023,"transportation_score",92.56
"18177010100","tract",2023,"transportation_score",86.29
"18177010200","tract",2023,"transportation_score",92.81
"18177010300","tract",2023,"transportation_score",89.38
"18177010400","tract",2023,"transportation_score",88.33
"18177010500","tract",2023,"transportation_score",84.57
"18177010600","tract",2023,"transportation_score",86.49
"18177010700","tract",2023,"transportation_score",82.77
"18177010800","tract",2023,"transportation_score",86.39
"18179040100","tract",2023,"transportation_score",85.14
"18179040200","tract",2023,"transportation_score",83.84
"18179040300","tract",2023,"transportation_score",82.97
"18179040400","tract",2023,"transportation_score",88.06
"18179040500","tract",2023,"transportation_score",87.73
"18179040600","tract",2023,"transportation_score",87.74
"18179040700","tract",2023,"transportation_score",81.47
"18181958100","tract",2023,"transportation_score",88.2
"18181958200","tract",2023,"transportation_score",85.78
"18181958300","tract",2023,"transportation_score",85.43
"18181958400","tract",2023,"transportation_score",84.59
"18181958501","tract",2023,"transportation_score",88.82
"18181958502","tract",2023,"transportation_score",84.67
"18181958600","tract",2023,"transportation_score",101.36
"18181958700","tract",2023,"transportation_score",88.83
"18181958800","tract",2023,"transportation_score",87.34
"18183050100","tract",2023,"transportation_score",87.74
"18183050200","tract",2023,"transportation_score",84.44
"18183050300","tract",2023,"transportation_score",91.2
"18183050401","tract",2023,"transportation_score",99.65
"18183050402","tract",2023,"transportation_score",86.56
"18183050500","tract",2023,"transportation_score",88.25
"18183050600","tract",2023,"transportation_score",80.5
"18183050700","tract",2023,"transportation_score",81.97
"18001030100","tract",2023,"transportation_rnk",7.181
"18001030200","tract",2023,"transportation_rnk",39.3439
"18001030300","tract",2023,"transportation_rnk",15.4314
"18001030400","tract",2023,"transportation_rnk",48.0631
"18001030500","tract",2023,"transportation_rnk",85.5673
"18001030600","tract",2023,"transportation_rnk",40.4952
"18001030700","tract",2023,"transportation_rnk",88.2128
"18003000100","tract",2023,"transportation_rnk",81.4982
"18003000300","tract",2023,"transportation_rnk",80.3006
"18003000400","tract",2023,"transportation_rnk",52.1554
"18003000500","tract",2023,"transportation_rnk",32.8332
"18003000600","tract",2023,"transportation_rnk",44.1284
"18003000701","tract",2023,"transportation_rnk",86.749
"18003000704","tract",2023,"transportation_rnk",87.6964
"18003000800","tract",2023,"transportation_rnk",80.524
"18003000900","tract",2023,"transportation_rnk",82.6104
"18003001000","tract",2023,"transportation_rnk",41.9236
"18003001100","tract",2023,"transportation_rnk",84.2341
"18003001200","tract",2023,"transportation_rnk",84.3098
"18003001300","tract",2023,"transportation_rnk",NA
"18003001600","tract",2023,"transportation_rnk",89.1187
"18003001700","tract",2023,"transportation_rnk",84.2744
"18003002000","tract",2023,"transportation_rnk",55.7227
"18003002100","tract",2023,"transportation_rnk",87.158
"18003002200","tract",2023,"transportation_rnk",34.4777
"18003002300","tract",2023,"transportation_rnk",79.3703
"18003002500","tract",2023,"transportation_rnk",86.6379
"18003002600","tract",2023,"transportation_rnk",87.379
"18003002800","tract",2023,"transportation_rnk",93.7444
"18003002900","tract",2023,"transportation_rnk",40.743
"18003003000","tract",2023,"transportation_rnk",84.2988
"18003003100","tract",2023,"transportation_rnk",46.5359
"18003003200","tract",2023,"transportation_rnk",85.1876
"18003003301","tract",2023,"transportation_rnk",78.0152
"18003003304","tract",2023,"transportation_rnk",88.0932
"18003003400","tract",2023,"transportation_rnk",82.0928
"18003003500","tract",2023,"transportation_rnk",86.8613
"18003003600","tract",2023,"transportation_rnk",45.9279
"18003003700","tract",2023,"transportation_rnk",4.0922
"18003003800","tract",2023,"transportation_rnk",84.7359
"18003003901","tract",2023,"transportation_rnk",8.3566
"18003003902","tract",2023,"transportation_rnk",37.4052
"18003004000","tract",2023,"transportation_rnk",81.6838
"18003004101","tract",2023,"transportation_rnk",7.5057
"18003004103","tract",2023,"transportation_rnk",88.1921
"18003004300","tract",2023,"transportation_rnk",93.6321
"18003004400","tract",2023,"transportation_rnk",53.2065
"18003010100","tract",2023,"transportation_rnk",67.4989
"18003010201","tract",2023,"transportation_rnk",5.9931
"18003010202","tract",2023,"transportation_rnk",46.2111
"18003010304","tract",2023,"transportation_rnk",81.5702
"18003010305","tract",2023,"transportation_rnk",6.9368
"18003010306","tract",2023,"transportation_rnk",17.5862
"18003010307","tract",2023,"transportation_rnk",75.062
"18003010308","tract",2023,"transportation_rnk",9.6483
"18003010400","tract",2023,"transportation_rnk",1.4027
"18003010500","tract",2023,"transportation_rnk",37.9973
"18003010601","tract",2023,"transportation_rnk",75.0009
"18003010602","tract",2023,"transportation_rnk",79.9136
"18003010603","tract",2023,"transportation_rnk",8.9097
"18003010604","tract",2023,"transportation_rnk",43.5741
"18003010705","tract",2023,"transportation_rnk",82.5042
"18003010706","tract",2023,"transportation_rnk",80.3433
"18003010707","tract",2023,"transportation_rnk",76.9323
"18003010803","tract",2023,"transportation_rnk",75.9104
"18003010804","tract",2023,"transportation_rnk",77.8442
"18003010807","tract",2023,"transportation_rnk",78.9589
"18003010808","tract",2023,"transportation_rnk",9.9022
"18003010809","tract",2023,"transportation_rnk",76.1534
"18003010811","tract",2023,"transportation_rnk",79.75
"18003010812","tract",2023,"transportation_rnk",12.0057
"18003010813","tract",2023,"transportation_rnk",22.2449
"18003010815","tract",2023,"transportation_rnk",72.7949
"18003010816","tract",2023,"transportation_rnk",77.539
"18003010817","tract",2023,"transportation_rnk",79.4301
"18003010819","tract",2023,"transportation_rnk",78.9052
"18003010821","tract",2023,"transportation_rnk",81.2003
"18003010900","tract",2023,"transportation_rnk",50.7002
"18003011000","tract",2023,"transportation_rnk",0.4187
"18003011100","tract",2023,"transportation_rnk",75.637
"18003011201","tract",2023,"transportation_rnk",62.0918
"18003011202","tract",2023,"transportation_rnk",9.3919
"18003011204","tract",2023,"transportation_rnk",75.7871
"18003011205","tract",2023,"transportation_rnk",75.488
"18003011302","tract",2023,"transportation_rnk",84.9202
"18003011303","tract",2023,"transportation_rnk",90.2113
"18003011304","tract",2023,"transportation_rnk",83.5651
"18003011501","tract",2023,"transportation_rnk",83.9948
"18003011502","tract",2023,"transportation_rnk",15.8977
"18003011603","tract",2023,"transportation_rnk",78.7257
"18003011604","tract",2023,"transportation_rnk",75.383
"18003011605","tract",2023,"transportation_rnk",10.2746
"18003011606","tract",2023,"transportation_rnk",80.3006
"18003011607","tract",2023,"transportation_rnk",74.7775
"18003011608","tract",2023,"transportation_rnk",73.1477
"18003011609","tract",2023,"transportation_rnk",6.9783
"18003011701","tract",2023,"transportation_rnk",1.686
"18003011702","tract",2023,"transportation_rnk",3.0851
"18003011801","tract",2023,"transportation_rnk",0.8534
"18003011802","tract",2023,"transportation_rnk",1.2807
"18003011900","tract",2023,"transportation_rnk",19.0963
"18003980001","tract",2023,"transportation_rnk",NA
"18003980002","tract",2023,"transportation_rnk",NA
"18005010100","tract",2023,"transportation_rnk",86.9126
"18005010200","tract",2023,"transportation_rnk",77.4743
"18005010300","tract",2023,"transportation_rnk",75.4343
"18005010400","tract",2023,"transportation_rnk",74.15
"18005010500","tract",2023,"transportation_rnk",76.7162
"18005010600","tract",2023,"transportation_rnk",79.59
"18005010700","tract",2023,"transportation_rnk",46.7129
"18005010800","tract",2023,"transportation_rnk",80.9818
"18005010900","tract",2023,"transportation_rnk",31.0129
"18005011000","tract",2023,"transportation_rnk",8.9829
"18005011101","tract",2023,"transportation_rnk",12.1632
"18005011102","tract",2023,"transportation_rnk",2.8299
"18005011200","tract",2023,"transportation_rnk",3.8932
"18005011300","tract",2023,"transportation_rnk",2.1011
"18005011400","tract",2023,"transportation_rnk",3.842
"18005011500","tract",2023,"transportation_rnk",7.2213
"18007100100","tract",2023,"transportation_rnk",14.8124
"18007100200","tract",2023,"transportation_rnk",18.9181
"18007100300","tract",2023,"transportation_rnk",32.5365
"18009975100","tract",2023,"transportation_rnk",26.0112
"18009975200","tract",2023,"transportation_rnk",26.5837
"18009975300","tract",2023,"transportation_rnk",54.3346
"18009975400","tract",2023,"transportation_rnk",17.0514
"18011810100","tract",2023,"transportation_rnk",5.003
"18011810200","tract",2023,"transportation_rnk",15.8977
"18011810300","tract",2023,"transportation_rnk",10.0365
"18011810400","tract",2023,"transportation_rnk",65.2769
"18011810500","tract",2023,"transportation_rnk",75.4673
"18011810601","tract",2023,"transportation_rnk",17.6448
"18011810604","tract",2023,"transportation_rnk",53.1406
"18011810605","tract",2023,"transportation_rnk",66.0363
"18011810606","tract",2023,"transportation_rnk",15.4839
"18011810607","tract",2023,"transportation_rnk",35.1687
"18011810700","tract",2023,"transportation_rnk",11.6334
"18013974600","tract",2023,"transportation_rnk",4.4902
"18013974700","tract",2023,"transportation_rnk",10.476
"18013974800","tract",2023,"transportation_rnk",32.5365
"18013974901","tract",2023,"transportation_rnk",43.3043
"18013974902","tract",2023,"transportation_rnk",27.724
"18015959300","tract",2023,"transportation_rnk",14.3058
"18015959400","tract",2023,"transportation_rnk",5.7611
"18015959500","tract",2023,"transportation_rnk",1.1439
"18015959600","tract",2023,"transportation_rnk",7.5912
"18015959700","tract",2023,"transportation_rnk",4.0459
"18015959800","tract",2023,"transportation_rnk",28.8557
"18015959900","tract",2023,"transportation_rnk",3.5685
"18017950900","tract",2023,"transportation_rnk",14.6439
"18017951000","tract",2023,"transportation_rnk",10.2746
"18017951100","tract",2023,"transportation_rnk",2.8299
"18017951200","tract",2023,"transportation_rnk",82.0647
"18017951300","tract",2023,"transportation_rnk",85.6173
"18017951400","tract",2023,"transportation_rnk",83.6042
"18017951500","tract",2023,"transportation_rnk",86.1325
"18017951600","tract",2023,"transportation_rnk",82.8008
"18017951700","tract",2023,"transportation_rnk",8.6655
"18017951800","tract",2023,"transportation_rnk",25.85
"18017951900","tract",2023,"transportation_rnk",3.9958
"18019050100","tract",2023,"transportation_rnk",68.677
"18019050200","tract",2023,"transportation_rnk",78.733
"18019050303","tract",2023,"transportation_rnk",70.6962
"18019050304","tract",2023,"transportation_rnk",66.4233
"18019050305","tract",2023,"transportation_rnk",40.019
"18019050306","tract",2023,"transportation_rnk",70.5168
"18019050401","tract",2023,"transportation_rnk",40.0544
"18019050403","tract",2023,"transportation_rnk",68.6489
"18019050404","tract",2023,"transportation_rnk",61.4545
"18019050503","tract",2023,"transportation_rnk",69.3924
"18019050504","tract",2023,"transportation_rnk",76.9433
"18019050505","tract",2023,"transportation_rnk",4.8553
"18019050603","tract",2023,"transportation_rnk",73.8277
"18019050604","tract",2023,"transportation_rnk",66.3977
"18019050605","tract",2023,"transportation_rnk",66.5918
"18019050606","tract",2023,"transportation_rnk",61.4924
"18019050703","tract",2023,"transportation_rnk",34.1016
"18019050704","tract",2023,"transportation_rnk",19.7446
"18019050705","tract",2023,"transportation_rnk",37.2722
"18019050706","tract",2023,"transportation_rnk",20.4856
"18019050801","tract",2023,"transportation_rnk",5.0311
"18019050803","tract",2023,"transportation_rnk",18.547
"18019050804","tract",2023,"transportation_rnk",5.5475
"18019050902","tract",2023,"transportation_rnk",15.2031
"18019050903","tract",2023,"transportation_rnk",48.7493
"18019050904","tract",2023,"transportation_rnk",5.7611
"18019051000","tract",2023,"transportation_rnk",3.5026
"18021040100","tract",2023,"transportation_rnk",61.2335
"18021040200","tract",2023,"transportation_rnk",67.5904
"18021040300","tract",2023,"transportation_rnk",2.1499
"18021040400","tract",2023,"transportation_rnk",7.148
"18021040500","tract",2023,"transportation_rnk",8.1039
"18021040600","tract",2023,"transportation_rnk",26.3408
"18023950100","tract",2023,"transportation_rnk",26.6252
"18023950200","tract",2023,"transportation_rnk",11.5918
"18023950300","tract",2023,"transportation_rnk",6.7695
"18023950400","tract",2023,"transportation_rnk",16.0516
"18023950500","tract",2023,"transportation_rnk",62.7144
"18023950600","tract",2023,"transportation_rnk",57.3928
"18023950700","tract",2023,"transportation_rnk",71.8597
"18023950800","tract",2023,"transportation_rnk",66.8921
"18025951900","tract",2023,"transportation_rnk",45.0245
"18025952000","tract",2023,"transportation_rnk",12.9006
"18025952100","tract",2023,"transportation_rnk",23.7892
"18027954300","tract",2023,"transportation_rnk",28.7605
"18027954400","tract",2023,"transportation_rnk",51.4705
"18027954501","tract",2023,"transportation_rnk",94.0741
"18027954502","tract",2023,"transportation_rnk",51.1555
"18027954600","tract",2023,"transportation_rnk",8.3102
"18027954700","tract",2023,"transportation_rnk",65.0303
"18027954800","tract",2023,"transportation_rnk",56.5944
"18027954900","tract",2023,"transportation_rnk",49.7882
"18029080101","tract",2023,"transportation_rnk",0.1526
"18029080103","tract",2023,"transportation_rnk",69.086
"18029080104","tract",2023,"transportation_rnk",6.059
"18029080201","tract",2023,"transportation_rnk",0.2075
"18029080203","tract",2023,"transportation_rnk",7.8768
"18029080204","tract",2023,"transportation_rnk",1.5578
"18029080301","tract",2023,"transportation_rnk",19.8484
"18029080302","tract",2023,"transportation_rnk",80.9733
"18029080400","tract",2023,"transportation_rnk",25.4166
"18029080500","tract",2023,"transportation_rnk",30.2035
"18029080601","tract",2023,"transportation_rnk",31.0129
"18029080602","tract",2023,"transportation_rnk",8.2761
"18029080700","tract",2023,"transportation_rnk",4.9358
"18031969000","tract",2023,"transportation_rnk",23.3888
"18031969100","tract",2023,"transportation_rnk",4.898
"18031969200","tract",2023,"transportation_rnk",26.1052
"18031969300","tract",2023,"transportation_rnk",18.6165
"18031969400","tract",2023,"transportation_rnk",34.2591
"18031969500","tract",2023,"transportation_rnk",13.3865
"18033020100","tract",2023,"transportation_rnk",8.0197
"18033020200","tract",2023,"transportation_rnk",1.432
"18033020300","tract",2023,"transportation_rnk",8.3957
"18033020400","tract",2023,"transportation_rnk",21.1156
"18033020500","tract",2023,"transportation_rnk",45.9792
"18033020601","tract",2023,"transportation_rnk",6.153
"18033020602","tract",2023,"transportation_rnk",10.736
"18033020700","tract",2023,"transportation_rnk",5.2777
"18033020800","tract",2023,"transportation_rnk",7.6266
"18035000300","tract",2023,"transportation_rnk",83.5456
"18035000400","tract",2023,"transportation_rnk",81.6728
"18035000500","tract",2023,"transportation_rnk",75.0266
"18035000600","tract",2023,"transportation_rnk",80.2066
"18035000700","tract",2023,"transportation_rnk",59.091
"18035000800","tract",2023,"transportation_rnk",51.0847
"18035000902","tract",2023,"transportation_rnk",NA
"18035000903","tract",2023,"transportation_rnk",78.031
"18035000904","tract",2023,"transportation_rnk",74.6188
"18035001000","tract",2023,"transportation_rnk",61.4924
"18035001100","tract",2023,"transportation_rnk",79.059
"18035001200","tract",2023,"transportation_rnk",69.3326
"18035001300","tract",2023,"transportation_rnk",74.9155
"18035001400","tract",2023,"transportation_rnk",66.0619
"18035001500","tract",2023,"transportation_rnk",74.9777
"18035001600","tract",2023,"transportation_rnk",73.9058
"18035001700","tract",2023,"transportation_rnk",36.2918
"18035002000","tract",2023,"transportation_rnk",59.5451
"18035002100","tract",2023,"transportation_rnk",31.4195
"18035002201","tract",2023,"transportation_rnk",19.6262
"18035002202","tract",2023,"transportation_rnk",38.189
"18035002301","tract",2023,"transportation_rnk",2.5552
"18035002302","tract",2023,"transportation_rnk",11.5918
"18035002401","tract",2023,"transportation_rnk",58.306
"18035002403","tract",2023,"transportation_rnk",6.2312
"18035002404","tract",2023,"transportation_rnk",9.8546
"18035002501","tract",2023,"transportation_rnk",23.9052
"18035002502","tract",2023,"transportation_rnk",9.7691
"18035002602","tract",2023,"transportation_rnk",2.8873
"18035002603","tract",2023,"transportation_rnk",4.7613
"18035002604","tract",2023,"transportation_rnk",47.858
"18035002700","tract",2023,"transportation_rnk",4.0239
"18035002800","tract",2023,"transportation_rnk",62.0259
"18035002900","tract",2023,"transportation_rnk",73.6494
"18037953200","tract",2023,"transportation_rnk",6.0871
"18037953301","tract",2023,"transportation_rnk",23.622
"18037953302","tract",2023,"transportation_rnk",25.6205
"18037953400","tract",2023,"transportation_rnk",24.656
"18037953500","tract",2023,"transportation_rnk",0.3089
"18037953600","tract",2023,"transportation_rnk",10.3771
"18037953701","tract",2023,"transportation_rnk",6.8965
"18037953702","tract",2023,"transportation_rnk",1.9802
"18037953800","tract",2023,"transportation_rnk",35.0356
"18039000100","tract",2023,"transportation_rnk",64.5164
"18039000201","tract",2023,"transportation_rnk",3.914
"18039000202","tract",2023,"transportation_rnk",66.0912
"18039000301","tract",2023,"transportation_rnk",30.5722
"18039000302","tract",2023,"transportation_rnk",73.0573
"18039000400","tract",2023,"transportation_rnk",50.13
"18039000501","tract",2023,"transportation_rnk",36.901
"18039000502","tract",2023,"transportation_rnk",40.9481
"18039000601","tract",2023,"transportation_rnk",1.8764
"18039000602","tract",2023,"transportation_rnk",9.4249
"18039000701","tract",2023,"transportation_rnk",20.1109
"18039000702","tract",2023,"transportation_rnk",53.364
"18039000801","tract",2023,"transportation_rnk",78.4827
"18039000803","tract",2023,"transportation_rnk",25.85
"18039000804","tract",2023,"transportation_rnk",65.957
"18039000901","tract",2023,"transportation_rnk",73.7349
"18039000902","tract",2023,"transportation_rnk",89.9574
"18039001000","tract",2023,"transportation_rnk",23.5597
"18039001100","tract",2023,"transportation_rnk",77.4829
"18039001200","tract",2023,"transportation_rnk",33.2092
"18039001301","tract",2023,"transportation_rnk",23.622
"18039001302","tract",2023,"transportation_rnk",74.8276
"18039001401","tract",2023,"transportation_rnk",20.543
"18039001402","tract",2023,"transportation_rnk",13.6551
"18039001501","tract",2023,"transportation_rnk",40.9139
"18039001502","tract",2023,"transportation_rnk",33.2092
"18039001601","tract",2023,"transportation_rnk",70.1603
"18039001602","tract",2023,"transportation_rnk",33.4534
"18039001701","tract",2023,"transportation_rnk",39.8237
"18039001702","tract",2023,"transportation_rnk",63.0489
"18039001801","tract",2023,"transportation_rnk",38.189
"18039001802","tract",2023,"transportation_rnk",38.045
"18039001901","tract",2023,"transportation_rnk",29.3758
"18039001902","tract",2023,"transportation_rnk",4.4902
"18039002001","tract",2023,"transportation_rnk",24.8184
"18039002002","tract",2023,"transportation_rnk",20.0046
"18039002101","tract",2023,"transportation_rnk",22.0398
"18039002102","tract",2023,"transportation_rnk",72.3468
"18039002201","tract",2023,"transportation_rnk",49.4708
"18039002202","tract",2023,"transportation_rnk",60.1055
"18039002300","tract",2023,"transportation_rnk",59.6733
"18039002400","tract",2023,"transportation_rnk",52.8134
"18039002600","tract",2023,"transportation_rnk",74.8105
"18039002700","tract",2023,"transportation_rnk",63.9401
"18039002900","tract",2023,"transportation_rnk",53.878
"18041954000","tract",2023,"transportation_rnk",2.388
"18041954100","tract",2023,"transportation_rnk",79.3361
"18041954200","tract",2023,"transportation_rnk",3.914
"18041954300","tract",2023,"transportation_rnk",59.727
"18041954400","tract",2023,"transportation_rnk",84.0778
"18041954500","tract",2023,"transportation_rnk",33.1164
"18041954600","tract",2023,"transportation_rnk",1.0658
"18043070200","tract",2023,"transportation_rnk",76.0814
"18043070301","tract",2023,"transportation_rnk",58.6954
"18043070302","tract",2023,"transportation_rnk",65.957
"18043070400","tract",2023,"transportation_rnk",75.9104
"18043070500","tract",2023,"transportation_rnk",77.1313
"18043070600","tract",2023,"transportation_rnk",66.5918
"18043070700","tract",2023,"transportation_rnk",77.2424
"18043070801","tract",2023,"transportation_rnk",88.5656
"18043070802","tract",2023,"transportation_rnk",79.1591
"18043070901","tract",2023,"transportation_rnk",72.1405
"18043070902","tract",2023,"transportation_rnk",85.6173
"18043071003","tract",2023,"transportation_rnk",3.013
"18043071004","tract",2023,"transportation_rnk",4.9688
"18043071005","tract",2023,"transportation_rnk",5.2777
"18043071006","tract",2023,"transportation_rnk",69.5218
"18043071007","tract",2023,"transportation_rnk",60.2459
"18043071101","tract",2023,"transportation_rnk",2.637
"18043071103","tract",2023,"transportation_rnk",1.7519
"18043071104","tract",2023,"transportation_rnk",21.8615
"18043071200","tract",2023,"transportation_rnk",0.6593
"18045957600","tract",2023,"transportation_rnk",17.176
"18045957700","tract",2023,"transportation_rnk",40.135
"18045957800","tract",2023,"transportation_rnk",43.6913
"18045957900","tract",2023,"transportation_rnk",9.735
"18045958000","tract",2023,"transportation_rnk",13.5025
"18047960100","tract",2023,"transportation_rnk",14.0872
"18047969600","tract",2023,"transportation_rnk",15.7903
"18047969700","tract",2023,"transportation_rnk",63.9707
"18047969800","tract",2023,"transportation_rnk",5.2777
"18047969900","tract",2023,"transportation_rnk",8.7497
"18049953000","tract",2023,"transportation_rnk",28.9668
"18049953100","tract",2023,"transportation_rnk",77.583
"18049953200","tract",2023,"transportation_rnk",3.3146
"18049953300","tract",2023,"transportation_rnk",21.0509
"18049953400","tract",2023,"transportation_rnk",26.2858
"18049953500","tract",2023,"transportation_rnk",22.4781
"18051050100","tract",2023,"transportation_rnk",6.2312
"18051050201","tract",2023,"transportation_rnk",16.6901
"18051050202","tract",2023,"transportation_rnk",15.6231
"18051050300","tract",2023,"transportation_rnk",26.1638
"18051050401","tract",2023,"transportation_rnk",1.0658
"18051050402","tract",2023,"transportation_rnk",1.3722
"18051050501","tract",2023,"transportation_rnk",44.1284
"18051050502","tract",2023,"transportation_rnk",32.7343
"18053000100","tract",2023,"transportation_rnk",71.9452
"18053000200","tract",2023,"transportation_rnk",67.0008
"18053000400","tract",2023,"transportation_rnk",74.2428
"18053000500","tract",2023,"transportation_rnk",63.4396
"18053000600","tract",2023,"transportation_rnk",75.7725
"18053000700","tract",2023,"transportation_rnk",32.7343
"18053000800","tract",2023,"transportation_rnk",NA
"18053000900","tract",2023,"transportation_rnk",71.1528
"18053010100","tract",2023,"transportation_rnk",6.0248
"18053010200","tract",2023,"transportation_rnk",31.1118
"18053010300","tract",2023,"transportation_rnk",24.3166
"18053010400","tract",2023,"transportation_rnk",20.8263
"18053010500","tract",2023,"transportation_rnk",56.1292
"18053010600","tract",2023,"transportation_rnk",7.9415
"18053010700","tract",2023,"transportation_rnk",69.2532
"18053010800","tract",2023,"transportation_rnk",2.1755
"18055954701","tract",2023,"transportation_rnk",6.6841
"18055954702","tract",2023,"transportation_rnk",42.6658
"18055954800","tract",2023,"transportation_rnk",22.4781
"18055954900","tract",2023,"transportation_rnk",7.4178
"18055955000","tract",2023,"transportation_rnk",36.7997
"18055955100","tract",2023,"transportation_rnk",32.8332
"18055955200","tract",2023,"transportation_rnk",26.4372
"18055955300","tract",2023,"transportation_rnk",5.3595
"18055955400","tract",2023,"transportation_rnk",31.8138
"18057110101","tract",2023,"transportation_rnk",59.7624
"18057110102","tract",2023,"transportation_rnk",10.476
"18057110201","tract",2023,"transportation_rnk",8.5703
"18057110202","tract",2023,"transportation_rnk",24.656
"18057110301","tract",2023,"transportation_rnk",73.3369
"18057110302","tract",2023,"transportation_rnk",24.1982
"18057110303","tract",2023,"transportation_rnk",34.5778
"18057110401","tract",2023,"transportation_rnk",64.9986
"18057110404","tract",2023,"transportation_rnk",38.9838
"18057110405","tract",2023,"transportation_rnk",43.3043
"18057110406","tract",2023,"transportation_rnk",57.2426
"18057110505","tract",2023,"transportation_rnk",9.1136
"18057110509","tract",2023,"transportation_rnk",48.3452
"18057110511","tract",2023,"transportation_rnk",45.4029
"18057110512","tract",2023,"transportation_rnk",26.2248
"18057110513","tract",2023,"transportation_rnk",62.9024
"18057110514","tract",2023,"transportation_rnk",41.362
"18057110515","tract",2023,"transportation_rnk",24.7696
"18057110516","tract",2023,"transportation_rnk",55.7227
"18057110517","tract",2023,"transportation_rnk",23.086
"18057110518","tract",2023,"transportation_rnk",16.9452
"18057110600","tract",2023,"transportation_rnk",68.0128
"18057110700","tract",2023,"transportation_rnk",67.7919
"18057110805","tract",2023,"transportation_rnk",48.6113
"18057110807","tract",2023,"transportation_rnk",71.1235
"18057110810","tract",2023,"transportation_rnk",64.5164
"18057110811","tract",2023,"transportation_rnk",60.8783
"18057110812","tract",2023,"transportation_rnk",58.135
"18057110813","tract",2023,"transportation_rnk",18.2405
"18057110814","tract",2023,"transportation_rnk",45.4701
"18057110815","tract",2023,"transportation_rnk",53.1601
"18057110816","tract",2023,"transportation_rnk",68.3156
"18057110817","tract",2023,"transportation_rnk",61.0883
"18057110818","tract",2023,"transportation_rnk",54.2442
"18057110819","tract",2023,"transportation_rnk",54.1527
"18057110820","tract",2023,"transportation_rnk",64.6348
"18057110821","tract",2023,"transportation_rnk",56.3685
"18057110822","tract",2023,"transportation_rnk",52.1896
"18057110904","tract",2023,"transportation_rnk",52.9502
"18057110905","tract",2023,"transportation_rnk",72.7241
"18057110906","tract",2023,"transportation_rnk",64.8887
"18057110907","tract",2023,"transportation_rnk",60.9308
"18057110909","tract",2023,"transportation_rnk",19.0963
"18057110910","tract",2023,"transportation_rnk",17.7143
"18057110911","tract",2023,"transportation_rnk",21.687
"18057110912","tract",2023,"transportation_rnk",66.1559
"18057111003","tract",2023,"transportation_rnk",69.1336
"18057111004","tract",2023,"transportation_rnk",63.1515
"18057111006","tract",2023,"transportation_rnk",41.8881
"18057111007","tract",2023,"transportation_rnk",72.1405
"18057111009","tract",2023,"transportation_rnk",50.2777
"18057111010","tract",2023,"transportation_rnk",12.5783
"18057111011","tract",2023,"transportation_rnk",72.696
"18057111012","tract",2023,"transportation_rnk",69.4778
"18057111101","tract",2023,"transportation_rnk",13.45
"18057111103","tract",2023,"transportation_rnk",6.3044
"18057111104","tract",2023,"transportation_rnk",33.9881
"18059410100","tract",2023,"transportation_rnk",5.5817
"18059410201","tract",2023,"transportation_rnk",42.8392
"18059410202","tract",2023,"transportation_rnk",67.649
"18059410301","tract",2023,"transportation_rnk",7.9049
"18059410302","tract",2023,"transportation_rnk",4.0691
"18059410401","tract",2023,"transportation_rnk",74.3295
"18059410402","tract",2023,"transportation_rnk",59.998
"18059410500","tract",2023,"transportation_rnk",11.0242
"18059410600","tract",2023,"transportation_rnk",66.6956
"18059410700","tract",2023,"transportation_rnk",8.2407
"18059410801","tract",2023,"transportation_rnk",7.7889
"18059410802","tract",2023,"transportation_rnk",5.4388
"18059410901","tract",2023,"transportation_rnk",18.6751
"18059410902","tract",2023,"transportation_rnk",57.7969
"18059411000","tract",2023,"transportation_rnk",9.1526
"18061060100","tract",2023,"transportation_rnk",2.0705
"18061060201","tract",2023,"transportation_rnk",13.9383
"18061060202","tract",2023,"transportation_rnk",3.6466
"18061060300","tract",2023,"transportation_rnk",30.057
"18061060401","tract",2023,"transportation_rnk",33.8514
"18061060402","tract",2023,"transportation_rnk",2.9849
"18061060500","tract",2023,"transportation_rnk",6.4277
"18061060601","tract",2023,"transportation_rnk",5.064
"18061060602","tract",2023,"transportation_rnk",1.2269
"18063210103","tract",2023,"transportation_rnk",2.4026
"18063210105","tract",2023,"transportation_rnk",10.9631
"18063210106","tract",2023,"transportation_rnk",52.4203
"18063210107","tract",2023,"transportation_rnk",0.8534
"18063210108","tract",2023,"transportation_rnk",68.489
"18063210109","tract",2023,"transportation_rnk",47.4771
"18063210201","tract",2023,"transportation_rnk",59.2863
"18063210203","tract",2023,"transportation_rnk",58.2535
"18063210204","tract",2023,"transportation_rnk",52.9868
"18063210300","tract",2023,"transportation_rnk",3.5368
"18063210400","tract",2023,"transportation_rnk",8.8291
"18063210501","tract",2023,"transportation_rnk",12.0057
"18063210502","tract",2023,"transportation_rnk",52.0431
"18063210607","tract",2023,"transportation_rnk",75.593
"18063210608","tract",2023,"transportation_rnk",5.6171
"18063210609","tract",2023,"transportation_rnk",58.1668
"18063210610","tract",2023,"transportation_rnk",48.3452
"18063210611","tract",2023,"transportation_rnk",57.6504
"18063210612","tract",2023,"transportation_rnk",40.6014
"18063210613","tract",2023,"transportation_rnk",50.0946
"18063210614","tract",2023,"transportation_rnk",49.4476
"18063210615","tract",2023,"transportation_rnk",28.1403
"18063210616","tract",2023,"transportation_rnk",61.258
"18063210617","tract",2023,"transportation_rnk",51.8099
"18063210701","tract",2023,"transportation_rnk",NA
"18063210702","tract",2023,"transportation_rnk",58.9933
"18063210801","tract",2023,"transportation_rnk",51.1873
"18063210802","tract",2023,"transportation_rnk",62.9891
"18063210900","tract",2023,"transportation_rnk",59.998
"18063211000","tract",2023,"transportation_rnk",6.9368
"18063211100","tract",2023,"transportation_rnk",12.2157
"18065975500","tract",2023,"transportation_rnk",NA
"18065975600","tract",2023,"transportation_rnk",23.2777
"18065975700","tract",2023,"transportation_rnk",12.6283
"18065975800","tract",2023,"transportation_rnk",10.8825
"18065975900","tract",2023,"transportation_rnk",7.557
"18065976000","tract",2023,"transportation_rnk",76.4696
"18065976100","tract",2023,"transportation_rnk",72.005
"18065976300","tract",2023,"transportation_rnk",80.6534
"18065976400","tract",2023,"transportation_rnk",57.2426
"18065976500","tract",2023,"transportation_rnk",69.9051
"18065976600","tract",2023,"transportation_rnk",69.3716
"18065976700","tract",2023,"transportation_rnk",13.8382
"18065976800","tract",2023,"transportation_rnk",4.4072
"18067000200","tract",2023,"transportation_rnk",79.5681
"18067000300","tract",2023,"transportation_rnk",69.1836
"18067000400","tract",2023,"transportation_rnk",71.1528
"18067000500","tract",2023,"transportation_rnk",76.8578
"18067000600","tract",2023,"transportation_rnk",55.6653
"18067000700","tract",2023,"transportation_rnk",64.5164
"18067000800","tract",2023,"transportation_rnk",55.9412
"18067000900","tract",2023,"transportation_rnk",27.1392
"18067001000","tract",2023,"transportation_rnk",57.2084
"18067001100","tract",2023,"transportation_rnk",69.8685
"18067001200","tract",2023,"transportation_rnk",50.1789
"18067001300","tract",2023,"transportation_rnk",35.1687
"18067001400","tract",2023,"transportation_rnk",62.0515
"18067001500","tract",2023,"transportation_rnk",53.0515
"18067010100","tract",2023,"transportation_rnk",38.648
"18067010201","tract",2023,"transportation_rnk",20.3599
"18067010202","tract",2023,"transportation_rnk",0.1184
"18067010300","tract",2023,"transportation_rnk",5.3216
"18067010400","tract",2023,"transportation_rnk",14.5219
"18067010500","tract",2023,"transportation_rnk",6.8318
"18067010600","tract",2023,"transportation_rnk",4.5696
"18069961300","tract",2023,"transportation_rnk",14.8674
"18069961400","tract",2023,"transportation_rnk",88.1835
"18069961500","tract",2023,"transportation_rnk",91.2967
"18069961600","tract",2023,"transportation_rnk",86.0898
"18069961700","tract",2023,"transportation_rnk",17.3041
"18069961800","tract",2023,"transportation_rnk",87.2947
"18069961900","tract",2023,"transportation_rnk",86.4414
"18069962000","tract",2023,"transportation_rnk",6.5095
"18069962100","tract",2023,"transportation_rnk",4.2449
"18071967501","tract",2023,"transportation_rnk",14.2582
"18071967502","tract",2023,"transportation_rnk",7.4569
"18071967600","tract",2023,"transportation_rnk",71.3201
"18071967700","tract",2023,"transportation_rnk",68.8503
"18071967800","tract",2023,"transportation_rnk",83.023
"18071967901","tract",2023,"transportation_rnk",85.5123
"18071967902","tract",2023,"transportation_rnk",67.3353
"18071968000","tract",2023,"transportation_rnk",3.3634
"18071968100","tract",2023,"transportation_rnk",7.4178
"18071968200","tract",2023,"transportation_rnk",8.1479
"18071968300","tract",2023,"transportation_rnk",6.9368
"18073100400","tract",2023,"transportation_rnk",12.7895
"18073100800","tract",2023,"transportation_rnk",4.4902
"18073100901","tract",2023,"transportation_rnk",3.9457
"18073100902","tract",2023,"transportation_rnk",21.0509
"18073101000","tract",2023,"transportation_rnk",1.9192
"18073101100","tract",2023,"transportation_rnk",21.9189
"18073101200","tract",2023,"transportation_rnk",12.0973
"18073101300","tract",2023,"transportation_rnk",17.5862
"18075962700","tract",2023,"transportation_rnk",29.8202
"18075962800","tract",2023,"transportation_rnk",62.8292
"18075962900","tract",2023,"transportation_rnk",36.7155
"18075963000","tract",2023,"transportation_rnk",30.0033
"18075963100","tract",2023,"transportation_rnk",35.9756
"18075963200","tract",2023,"transportation_rnk",27.6434
"18075963300","tract",2023,"transportation_rnk",17.5862
"18077966000","tract",2023,"transportation_rnk",6.5754
"18077966100","tract",2023,"transportation_rnk",1.7177
"18077966200","tract",2023,"transportation_rnk",1.4455
"18077966300","tract",2023,"transportation_rnk",64.0036
"18077966400","tract",2023,"transportation_rnk",11.2097
"18077966500","tract",2023,"transportation_rnk",5.3595
"18077966600","tract",2023,"transportation_rnk",51.3802
"18079960200","tract",2023,"transportation_rnk",5.1019
"18079960301","tract",2023,"transportation_rnk",1.3002
"18079960302","tract",2023,"transportation_rnk",5.4767
"18079960400","tract",2023,"transportation_rnk",14.4218
"18079960500","tract",2023,"transportation_rnk",32.7831
"18079960600","tract",2023,"transportation_rnk",1.4027
"18081610101","tract",2023,"transportation_rnk",24.3166
"18081610102","tract",2023,"transportation_rnk",12.7895
"18081610201","tract",2023,"transportation_rnk",15.4839
"18081610203","tract",2023,"transportation_rnk",49.544
"18081610204","tract",2023,"transportation_rnk",66.0912
"18081610300","tract",2023,"transportation_rnk",41.3058
"18081610401","tract",2023,"transportation_rnk",65.6444
"18081610403","tract",2023,"transportation_rnk",67.2706
"18081610404","tract",2023,"transportation_rnk",19.4174
"18081610501","tract",2023,"transportation_rnk",3.013
"18081610502","tract",2023,"transportation_rnk",7.148
"18081610603","tract",2023,"transportation_rnk",53.5838
"18081610605","tract",2023,"transportation_rnk",30.5197
"18081610606","tract",2023,"transportation_rnk",53.2065
"18081610607","tract",2023,"transportation_rnk",46.2111
"18081610608","tract",2023,"transportation_rnk",29.8202
"18081610703","tract",2023,"transportation_rnk",52.6217
"18081610704","tract",2023,"transportation_rnk",57.9092
"18081610705","tract",2023,"transportation_rnk",21.278
"18081610706","tract",2023,"transportation_rnk",26.2248
"18081610801","tract",2023,"transportation_rnk",9.3553
"18081610802","tract",2023,"transportation_rnk",49.9738
"18081610900","tract",2023,"transportation_rnk",60.5181
"18081611000","tract",2023,"transportation_rnk",75.5088
"18081611100","tract",2023,"transportation_rnk",7.6266
"18081611200","tract",2023,"transportation_rnk",5.6171
"18081611300","tract",2023,"transportation_rnk",83.4406
"18081611400","tract",2023,"transportation_rnk",4.9688
"18083955000","tract",2023,"transportation_rnk",39.9421
"18083955100","tract",2023,"transportation_rnk",2.3403
"18083955201","tract",2023,"transportation_rnk",16.8012
"18083955202","tract",2023,"transportation_rnk",8.4323
"18083955300","tract",2023,"transportation_rnk",94.1974
"18083955400","tract",2023,"transportation_rnk",83.0914
"18083955500","tract",2023,"transportation_rnk",75.637
"18083955600","tract",2023,"transportation_rnk",61.3092
"18083955700","tract",2023,"transportation_rnk",58.0191
"18083955800","tract",2023,"transportation_rnk",2.2012
"18083955900","tract",2023,"transportation_rnk",5.1702
"18085960900","tract",2023,"transportation_rnk",21.8615
"18085961001","tract",2023,"transportation_rnk",30.0033
"18085961002","tract",2023,"transportation_rnk",39.5893
"18085961100","tract",2023,"transportation_rnk",55.4407
"18085961200","tract",2023,"transportation_rnk",68.5427
"18085961300","tract",2023,"transportation_rnk",2.6016
"18085961400","tract",2023,"transportation_rnk",11.9227
"18085961500","tract",2023,"transportation_rnk",12.2719
"18085961600","tract",2023,"transportation_rnk",25.0198
"18085961700","tract",2023,"transportation_rnk",86.1618
"18085961800","tract",2023,"transportation_rnk",86.3596
"18085961900","tract",2023,"transportation_rnk",90.9365
"18085962000","tract",2023,"transportation_rnk",91.4065
"18085962101","tract",2023,"transportation_rnk",43.4813
"18085962102","tract",2023,"transportation_rnk",29.3257
"18085962200","tract",2023,"transportation_rnk",19.5749
"18085962300","tract",2023,"transportation_rnk",3.0667
"18085962400","tract",2023,"transportation_rnk",13.8382
"18085962500","tract",2023,"transportation_rnk",17.8352
"18085962600","tract",2023,"transportation_rnk",0.2051
"18085962700","tract",2023,"transportation_rnk",22.4781
"18087970100","tract",2023,"transportation_rnk",46.061
"18087970200","tract",2023,"transportation_rnk",84.4832
"18087970301","tract",2023,"transportation_rnk",89.3274
"18087970302","tract",2023,"transportation_rnk",89.1895
"18087970401","tract",2023,"transportation_rnk",94.9702
"18087970402","tract",2023,"transportation_rnk",93.3391
"18087970500","tract",2023,"transportation_rnk",86.7368
"18087970600","tract",2023,"transportation_rnk",56.0267
"18087970700","tract",2023,"transportation_rnk",32.4059
"18089010100","tract",2023,"transportation_rnk",87.9918
"18089010203","tract",2023,"transportation_rnk",92.4284
"18089010205","tract",2023,"transportation_rnk",90.2174
"18089010206","tract",2023,"transportation_rnk",88.9221
"18089010207","tract",2023,"transportation_rnk",90.7839
"18089010302","tract",2023,"transportation_rnk",34.5277
"18089010304","tract",2023,"transportation_rnk",48.5234
"18089010400","tract",2023,"transportation_rnk",72.1869
"18089010500","tract",2023,"transportation_rnk",93.6309
"18089010600","tract",2023,"transportation_rnk",86.0104
"18089010900","tract",2023,"transportation_rnk",89.336
"18089011000","tract",2023,"transportation_rnk",73.763
"18089011100","tract",2023,"transportation_rnk",89.0637
"18089011200","tract",2023,"transportation_rnk",86.8613
"18089011300","tract",2023,"transportation_rnk",78.1873
"18089011400","tract",2023,"transportation_rnk",87.031
"18089011500","tract",2023,"transportation_rnk",91.2967
"18089011600","tract",2023,"transportation_rnk",84.8543
"18089011700","tract",2023,"transportation_rnk",96.3851
"18089011800","tract",2023,"transportation_rnk",84.0571
"18089011900","tract",2023,"transportation_rnk",93.2414
"18089012000","tract",2023,"transportation_rnk",87.451
"18089012100","tract",2023,"transportation_rnk",76.9872
"18089012200","tract",2023,"transportation_rnk",88.3801
"18089012300","tract",2023,"transportation_rnk",40.3633
"18089012400","tract",2023,"transportation_rnk",84.8335
"18089012500","tract",2023,"transportation_rnk",83.023
"18089012600","tract",2023,"transportation_rnk",39.9824
"18089012700","tract",2023,"transportation_rnk",90.956
"18089012800","tract",2023,"transportation_rnk",44.2956
"18089020100","tract",2023,"transportation_rnk",82.3369
"18089020200","tract",2023,"transportation_rnk",45.3077
"18089020300","tract",2023,"transportation_rnk",80.9818
"18089020400","tract",2023,"transportation_rnk",46.9278
"18089020500","tract",2023,"transportation_rnk",84.0034
"18089020600","tract",2023,"transportation_rnk",85.1961
"18089020700","tract",2023,"transportation_rnk",91.0891
"18089020800","tract",2023,"transportation_rnk",83.3295
"18089020900","tract",2023,"transportation_rnk",88.6682
"18089021000","tract",2023,"transportation_rnk",84.9459
"18089021100","tract",2023,"transportation_rnk",88.1762
"18089021300","tract",2023,"transportation_rnk",92.0304
"18089021400","tract",2023,"transportation_rnk",87.5646
"18089021500","tract",2023,"transportation_rnk",33.5889
"18089021600","tract",2023,"transportation_rnk",87.4388
"18089021700","tract",2023,"transportation_rnk",88.4741
"18089021800","tract",2023,"transportation_rnk",85.3475
"18089021900","tract",2023,"transportation_rnk",82.857
"18089022000","tract",2023,"transportation_rnk",84.1706
"18089030100","tract",2023,"transportation_rnk",88.3581
"18089030200","tract",2023,"transportation_rnk",90.237
"18089030300","tract",2023,"transportation_rnk",92.443
"18089030400","tract",2023,"transportation_rnk",86.0104
"18089030500","tract",2023,"transportation_rnk",84.3244
"18089030600","tract",2023,"transportation_rnk",84.6175
"18089030700","tract",2023,"transportation_rnk",88.6401
"18089030800","tract",2023,"transportation_rnk",77.6807
"18089030900","tract",2023,"transportation_rnk",83.4088
"18089031000","tract",2023,"transportation_rnk",93.4612
"18089040100","tract",2023,"transportation_rnk",80.7682
"18089040200","tract",2023,"transportation_rnk",90.4982
"18089040301","tract",2023,"transportation_rnk",86.373
"18089040302","tract",2023,"transportation_rnk",85.7504
"18089040401","tract",2023,"transportation_rnk",81.276
"18089040402","tract",2023,"transportation_rnk",31.2559
"18089040403","tract",2023,"transportation_rnk",88.4008
"18089040501","tract",2023,"transportation_rnk",87.097
"18089040502","tract",2023,"transportation_rnk",24.656
"18089040600","tract",2023,"transportation_rnk",87.357
"18089040700","tract",2023,"transportation_rnk",76.118
"18089040801","tract",2023,"transportation_rnk",78.8368
"18089040802","tract",2023,"transportation_rnk",79.1713
"18089040900","tract",2023,"transportation_rnk",78.6903
"18089041001","tract",2023,"transportation_rnk",45.5787
"18089041002","tract",2023,"transportation_rnk",81.2968
"18089041100","tract",2023,"transportation_rnk",82.7105
"18089041200","tract",2023,"transportation_rnk",62.9561
"18089041302","tract",2023,"transportation_rnk",80.1455
"18089041400","tract",2023,"transportation_rnk",22.1423
"18089041500","tract",2023,"transportation_rnk",38.4429
"18089041600","tract",2023,"transportation_rnk",16.85
"18089041700","tract",2023,"transportation_rnk",83.8947
"18089041800","tract",2023,"transportation_rnk",12.2719
"18089041900","tract",2023,"transportation_rnk",72.2858
"18089042000","tract",2023,"transportation_rnk",71.7852
"18089042100","tract",2023,"transportation_rnk",80.5423
"18089042200","tract",2023,"transportation_rnk",75.383
"18089042301","tract",2023,"transportation_rnk",30.8725
"18089042302","tract",2023,"transportation_rnk",82.8216
"18089042401","tract",2023,"transportation_rnk",85.0728
"18089042403","tract",2023,"transportation_rnk",90.4653
"18089042404","tract",2023,"transportation_rnk",83.6164
"18089042405","tract",2023,"transportation_rnk",84.3403
"18089042501","tract",2023,"transportation_rnk",77.8577
"18089042503","tract",2023,"transportation_rnk",81.906
"18089042506","tract",2023,"transportation_rnk",79.142
"18089042507","tract",2023,"transportation_rnk",79.0834
"18089042508","tract",2023,"transportation_rnk",88.1017
"18089042509","tract",2023,"transportation_rnk",83.2928
"18089042602","tract",2023,"transportation_rnk",29.5015
"18089042606","tract",2023,"transportation_rnk",82.6482
"18089042607","tract",2023,"transportation_rnk",74.8459
"18089042608","tract",2023,"transportation_rnk",80.3995
"18089042610","tract",2023,"transportation_rnk",15.3862
"18089042611","tract",2023,"transportation_rnk",25.684
"18089042612","tract",2023,"transportation_rnk",7.7889
"18089042613","tract",2023,"transportation_rnk",75.1608
"18089042702","tract",2023,"transportation_rnk",80.9671
"18089042703","tract",2023,"transportation_rnk",85.5343
"18089042704","tract",2023,"transportation_rnk",86.4658
"18089042802","tract",2023,"transportation_rnk",77.8369
"18089042803","tract",2023,"transportation_rnk",84.7261
"18089042804","tract",2023,"transportation_rnk",77.1459
"18089042901","tract",2023,"transportation_rnk",77.0763
"18089042903","tract",2023,"transportation_rnk",16.1553
"18089042904","tract",2023,"transportation_rnk",21.4025
"18089043001","tract",2023,"transportation_rnk",76.0814
"18089043003","tract",2023,"transportation_rnk",80.2578
"18089043004","tract",2023,"transportation_rnk",86.6379
"18089043101","tract",2023,"transportation_rnk",7.8292
"18089043103","tract",2023,"transportation_rnk",80.4324
"18089043104","tract",2023,"transportation_rnk",77.2253
"18089043201","tract",2023,"transportation_rnk",78.6073
"18089043203","tract",2023,"transportation_rnk",80.0881
"18089043204","tract",2023,"transportation_rnk",75.1608
"18089043301","tract",2023,"transportation_rnk",72.392
"18089043302","tract",2023,"transportation_rnk",75.9629
"18089043401","tract",2023,"transportation_rnk",9.5115
"18089043403","tract",2023,"transportation_rnk",16.0125
"18089043404","tract",2023,"transportation_rnk",13.0398
"18089043405","tract",2023,"transportation_rnk",3.6198
"18089990000","tract",2023,"transportation_rnk",NA
"18091040100","tract",2023,"transportation_rnk",NA
"18091040300","tract",2023,"transportation_rnk",82.9791
"18091040400","tract",2023,"transportation_rnk",75.8177
"18091040500","tract",2023,"transportation_rnk",86.8552
"18091040600","tract",2023,"transportation_rnk",86.4023
"18091040700","tract",2023,"transportation_rnk",78.031
"18091040800","tract",2023,"transportation_rnk",85.0948
"18091040900","tract",2023,"transportation_rnk",85.776
"18091041100","tract",2023,"transportation_rnk",88.7292
"18091041200","tract",2023,"transportation_rnk",37.006
"18091041300","tract",2023,"transportation_rnk",32.7831
"18091041400","tract",2023,"transportation_rnk",38.5797
"18091041500","tract",2023,"transportation_rnk",0.4578
"18091041600","tract",2023,"transportation_rnk",0.1929
"18091041700","tract",2023,"transportation_rnk",4.5916
"18091041800","tract",2023,"transportation_rnk",0.7447
"18091041900","tract",2023,"transportation_rnk",21.9189
"18091042000","tract",2023,"transportation_rnk",86.2961
"18091042100","tract",2023,"transportation_rnk",80.3872
"18091042200","tract",2023,"transportation_rnk",11.6334
"18091042300","tract",2023,"transportation_rnk",92.0206
"18091042401","tract",2023,"transportation_rnk",83.7079
"18091042402","tract",2023,"transportation_rnk",79.5241
"18091042500","tract",2023,"transportation_rnk",83.3661
"18091042601","tract",2023,"transportation_rnk",4.6734
"18091042602","tract",2023,"transportation_rnk",NA
"18091042700","tract",2023,"transportation_rnk",3.1583
"18091042800","tract",2023,"transportation_rnk",4.0922
"18091042900","tract",2023,"transportation_rnk",9.4249
"18091043000","tract",2023,"transportation_rnk",90.9841
"18091990000","tract",2023,"transportation_rnk",NA
"18093950400","tract",2023,"transportation_rnk",0.7948
"18093950500","tract",2023,"transportation_rnk",42.6658
"18093950601","tract",2023,"transportation_rnk",0.8668
"18093950602","tract",2023,"transportation_rnk",4.4402
"18093950701","tract",2023,"transportation_rnk",4.7356
"18093950702","tract",2023,"transportation_rnk",20.305
"18093950800","tract",2023,"transportation_rnk",52.7145
"18093950900","tract",2023,"transportation_rnk",54.2784
"18093951000","tract",2023,"transportation_rnk",6.3874
"18093951100","tract",2023,"transportation_rnk",13.9383
"18093951201","tract",2023,"transportation_rnk",0.785
"18093951202","tract",2023,"transportation_rnk",14.976
"18093951300","tract",2023,"transportation_rnk",45.7814
"18095000300","tract",2023,"transportation_rnk",72.569
"18095000400","tract",2023,"transportation_rnk",56.6603
"18095000500","tract",2023,"transportation_rnk",49.1448
"18095000800","tract",2023,"transportation_rnk",44.1626
"18095000900","tract",2023,"transportation_rnk",44.9854
"18095001000","tract",2023,"transportation_rnk",54.5128
"18095001100","tract",2023,"transportation_rnk",84.2988
"18095001200","tract",2023,"transportation_rnk",22.8333
"18095001300","tract",2023,"transportation_rnk",33.8514
"18095001400","tract",2023,"transportation_rnk",35.6082
"18095001500","tract",2023,"transportation_rnk",20.305
"18095001600","tract",2023,"transportation_rnk",15.3862
"18095001700","tract",2023,"transportation_rnk",31.2559
"18095001801","tract",2023,"transportation_rnk",40.9481
"18095001802","tract",2023,"transportation_rnk",34.9318
"18095001901","tract",2023,"transportation_rnk",32.8332
"18095001902","tract",2023,"transportation_rnk",49.5074
"18095002000","tract",2023,"transportation_rnk",36.5006
"18095010100","tract",2023,"transportation_rnk",6.2312
"18095010200","tract",2023,"transportation_rnk",31.2046
"18095010300","tract",2023,"transportation_rnk",40.5318
"18095010400","tract",2023,"transportation_rnk",12.9006
"18095010500","tract",2023,"transportation_rnk",12.853
"18095010600","tract",2023,"transportation_rnk",32.6427
"18095010700","tract",2023,"transportation_rnk",23.9052
"18095010800","tract",2023,"transportation_rnk",34.5277
"18095010900","tract",2023,"transportation_rnk",4.2253
"18095011000","tract",2023,"transportation_rnk",8.204
"18095011100","tract",2023,"transportation_rnk",30.057
"18095011200","tract",2023,"transportation_rnk",6.0871
"18095011300","tract",2023,"transportation_rnk",44.0515
"18095011400","tract",2023,"transportation_rnk",5.9931
"18095011501","tract",2023,"transportation_rnk",7.3702
"18095011502","tract",2023,"transportation_rnk",16.6901
"18095011600","tract",2023,"transportation_rnk",NA
"18095011700","tract",2023,"transportation_rnk",38.5455
"18095011800","tract",2023,"transportation_rnk",21.5136
"18095011900","tract",2023,"transportation_rnk",67.1558
"18095012000","tract",2023,"transportation_rnk",58.2754
"18097310104","tract",2023,"transportation_rnk",18.547
"18097310105","tract",2023,"transportation_rnk",65.957
"18097310106","tract",2023,"transportation_rnk",73.2099
"18097310108","tract",2023,"transportation_rnk",28.3527
"18097310110","tract",2023,"transportation_rnk",64.0036
"18097310111","tract",2023,"transportation_rnk",60.4546
"18097310112","tract",2023,"transportation_rnk",52.1896
"18097310113","tract",2023,"transportation_rnk",15.7378
"18097310201","tract",2023,"transportation_rnk",56.7799
"18097310203","tract",2023,"transportation_rnk",37.183
"18097310204","tract",2023,"transportation_rnk",21.621
"18097310305","tract",2023,"transportation_rnk",75.1254
"18097310306","tract",2023,"transportation_rnk",61.8049
"18097310308","tract",2023,"transportation_rnk",13.9981
"18097310309","tract",2023,"transportation_rnk",68.9773
"18097310310","tract",2023,"transportation_rnk",77.2094
"18097310311","tract",2023,"transportation_rnk",46.5762
"18097310312","tract",2023,"transportation_rnk",74.3514
"18097320105","tract",2023,"transportation_rnk",64.7093
"18097320106","tract",2023,"transportation_rnk",70.5571
"18097320107","tract",2023,"transportation_rnk",16.6205
"18097320108","tract",2023,"transportation_rnk",84.145
"18097320109","tract",2023,"transportation_rnk",66.0619
"18097320202","tract",2023,"transportation_rnk",64.3137
"18097320203","tract",2023,"transportation_rnk",71.3689
"18097320205","tract",2023,"transportation_rnk",66.2194
"18097320206","tract",2023,"transportation_rnk",84.438
"18097320301","tract",2023,"transportation_rnk",65.0535
"18097320303","tract",2023,"transportation_rnk",78.3277
"18097320305","tract",2023,"transportation_rnk",70.0126
"18097320306","tract",2023,"transportation_rnk",30.4147
"18097320400","tract",2023,"transportation_rnk",64.6348
"18097320500","tract",2023,"transportation_rnk",68.4072
"18097320600","tract",2023,"transportation_rnk",24.4497
"18097320700","tract",2023,"transportation_rnk",47.0779
"18097320800","tract",2023,"transportation_rnk",25.6205
"18097320901","tract",2023,"transportation_rnk",65.9826
"18097320902","tract",2023,"transportation_rnk",73.437
"18097320903","tract",2023,"transportation_rnk",62.7767
"18097321001","tract",2023,"transportation_rnk",4.9688
"18097321002","tract",2023,"transportation_rnk",69.6439
"18097321100","tract",2023,"transportation_rnk",65.703
"18097321200","tract",2023,"transportation_rnk",70.8379
"18097321300","tract",2023,"transportation_rnk",71.4092
"18097321400","tract",2023,"transportation_rnk",68.0458
"18097321600","tract",2023,"transportation_rnk",88.28
"18097321700","tract",2023,"transportation_rnk",63.0489
"18097321800","tract",2023,"transportation_rnk",68.3718
"18097321900","tract",2023,"transportation_rnk",NA
"18097322000","tract",2023,"transportation_rnk",71.7852
"18097322100","tract",2023,"transportation_rnk",75.4184
"18097322200","tract",2023,"transportation_rnk",59.9639
"18097322300","tract",2023,"transportation_rnk",55.4101
"18097322400","tract",2023,"transportation_rnk",59.4658
"18097322500","tract",2023,"transportation_rnk",71.1235
"18097322601","tract",2023,"transportation_rnk",75.6113
"18097322602","tract",2023,"transportation_rnk",61.9929
"18097322700","tract",2023,"transportation_rnk",42.1494
"18097330103","tract",2023,"transportation_rnk",64.4065
"18097330105","tract",2023,"transportation_rnk",63.4799
"18097330106","tract",2023,"transportation_rnk",71.2395
"18097330107","tract",2023,"transportation_rnk",58.1875
"18097330108","tract",2023,"transportation_rnk",37.4052
"18097330109","tract",2023,"transportation_rnk",63.9707
"18097330203","tract",2023,"transportation_rnk",57.6223
"18097330204","tract",2023,"transportation_rnk",16.7438
"18097330206","tract",2023,"transportation_rnk",58.4744
"18097330208","tract",2023,"transportation_rnk",51.9564
"18097330210","tract",2023,"transportation_rnk",55.6653
"18097330211","tract",2023,"transportation_rnk",79.7634
"18097330212","tract",2023,"transportation_rnk",18.0745
"18097330213","tract",2023,"transportation_rnk",14.3058
"18097330401","tract",2023,"transportation_rnk",4.4902
"18097330500","tract",2023,"transportation_rnk",58.2291
"18097330600","tract",2023,"transportation_rnk",71.9623
"18097330701","tract",2023,"transportation_rnk",76.4696
"18097330702","tract",2023,"transportation_rnk",28.3527
"18097330803","tract",2023,"transportation_rnk",72.4457
"18097330804","tract",2023,"transportation_rnk",74.255
"18097330805","tract",2023,"transportation_rnk",86.782
"18097330806","tract",2023,"transportation_rnk",73.1257
"18097330900","tract",2023,"transportation_rnk",82.8997
"18097331000","tract",2023,"transportation_rnk",69.5218
"18097340101","tract",2023,"transportation_rnk",56.1927
"18097340102","tract",2023,"transportation_rnk",66.72
"18097340108","tract",2023,"transportation_rnk",76.4085
"18097340111","tract",2023,"transportation_rnk",64.8655
"18097340112","tract",2023,"transportation_rnk",54.5128
"18097340113","tract",2023,"transportation_rnk",58.5648
"18097340114","tract",2023,"transportation_rnk",56.0267
"18097340115","tract",2023,"transportation_rnk",66.3977
"18097340201","tract",2023,"transportation_rnk",54.8278
"18097340202","tract",2023,"transportation_rnk",75.062
"18097340301","tract",2023,"transportation_rnk",46.2954
"18097340302","tract",2023,"transportation_rnk",69.1336
"18097340400","tract",2023,"transportation_rnk",48.1681
"18097340500","tract",2023,"transportation_rnk",78.7489
"18097340600","tract",2023,"transportation_rnk",79.8562
"18097340700","tract",2023,"transportation_rnk",60.9308
"18097340800","tract",2023,"transportation_rnk",33.6975
"18097340901","tract",2023,"transportation_rnk",3.234
"18097340903","tract",2023,"transportation_rnk",24.02
"18097340904","tract",2023,"transportation_rnk",76.682
"18097341000","tract",2023,"transportation_rnk",71.8914
"18097341100","tract",2023,"transportation_rnk",79.2958
"18097341200","tract",2023,"transportation_rnk",78.0933
"18097341600","tract",2023,"transportation_rnk",90.2504
"18097341701","tract",2023,"transportation_rnk",65.2769
"18097341702","tract",2023,"transportation_rnk",50.2057
"18097341902","tract",2023,"transportation_rnk",55.7227
"18097341903","tract",2023,"transportation_rnk",57.1156
"18097341904","tract",2023,"transportation_rnk",57.5466
"18097342000","tract",2023,"transportation_rnk",4.6465
"18097342101","tract",2023,"transportation_rnk",27.3223
"18097342200","tract",2023,"transportation_rnk",63.7973
"18097342300","tract",2023,"transportation_rnk",58.0887
"18097342400","tract",2023,"transportation_rnk",14.8124
"18097342500","tract",2023,"transportation_rnk",53.9952
"18097342600","tract",2023,"transportation_rnk",64.68
"18097350100","tract",2023,"transportation_rnk",60.628
"18097350300","tract",2023,"transportation_rnk",89.1382
"18097350400","tract",2023,"transportation_rnk",72.0514
"18097350500","tract",2023,"transportation_rnk",84.9373
"18097350600","tract",2023,"transportation_rnk",68.4633
"18097350700","tract",2023,"transportation_rnk",77.9553
"18097350800","tract",2023,"transportation_rnk",88.9038
"18097350900","tract",2023,"transportation_rnk",71.4788
"18097351000","tract",2023,"transportation_rnk",67.2706
"18097351200","tract",2023,"transportation_rnk",73.5933
"18097351500","tract",2023,"transportation_rnk",59.7624
"18097351600","tract",2023,"transportation_rnk",47.7848
"18097351700","tract",2023,"transportation_rnk",82.1428
"18097351900","tract",2023,"transportation_rnk",81.1344
"18097352100","tract",2023,"transportation_rnk",90.5068
"18097352300","tract",2023,"transportation_rnk",63.8913
"18097352400","tract",2023,"transportation_rnk",75.0009
"18097352500","tract",2023,"transportation_rnk",72.569
"18097352600","tract",2023,"transportation_rnk",70.1347
"18097352700","tract",2023,"transportation_rnk",72.7436
"18097352800","tract",2023,"transportation_rnk",41.9236
"18097353300","tract",2023,"transportation_rnk",86.6379
"18097353500","tract",2023,"transportation_rnk",94.0362
"18097353600","tract",2023,"transportation_rnk",74.6432
"18097354201","tract",2023,"transportation_rnk",83.9643
"18097354202","tract",2023,"transportation_rnk",79.645
"18097354400","tract",2023,"transportation_rnk",54.2784
"18097354500","tract",2023,"transportation_rnk",80.8036
"18097354700","tract",2023,"transportation_rnk",60.6732
"18097354800","tract",2023,"transportation_rnk",71.9623
"18097354900","tract",2023,"transportation_rnk",82.1941
"18097355000","tract",2023,"transportation_rnk",87.1666
"18097355100","tract",2023,"transportation_rnk",89.2713
"18097355300","tract",2023,"transportation_rnk",82.3931
"18097355400","tract",2023,"transportation_rnk",88.8147
"18097355500","tract",2023,"transportation_rnk",52.3861
"18097355600","tract",2023,"transportation_rnk",71.5545
"18097355700","tract",2023,"transportation_rnk",66.0912
"18097355900","tract",2023,"transportation_rnk",79.2543
"18097356200","tract",2023,"transportation_rnk",NA
"18097356400","tract",2023,"transportation_rnk",70.0504
"18097356900","tract",2023,"transportation_rnk",79.6242
"18097357000","tract",2023,"transportation_rnk",63.6044
"18097357100","tract",2023,"transportation_rnk",68.5647
"18097357200","tract",2023,"transportation_rnk",73.6494
"18097357300","tract",2023,"transportation_rnk",81.0648
"18097357400","tract",2023,"transportation_rnk",83.5956
"18097357500","tract",2023,"transportation_rnk",50.5683
"18097357601","tract",2023,"transportation_rnk",71.5545
"18097357602","tract",2023,"transportation_rnk",44.7986
"18097357800","tract",2023,"transportation_rnk",73.1074
"18097357900","tract",2023,"transportation_rnk",73.0573
"18097358000","tract",2023,"transportation_rnk",75.6821
"18097358100","tract",2023,"transportation_rnk",72.2858
"18097360101","tract",2023,"transportation_rnk",84.1706
"18097360102","tract",2023,"transportation_rnk",76.3243
"18097360201","tract",2023,"transportation_rnk",82.0537
"18097360202","tract",2023,"transportation_rnk",29.5919
"18097360301","tract",2023,"transportation_rnk",33.7513
"18097360302","tract",2023,"transportation_rnk",46.9278
"18097360401","tract",2023,"transportation_rnk",67.7699
"18097360402","tract",2023,"transportation_rnk",29.0645
"18097360405","tract",2023,"transportation_rnk",58.6368
"18097360406","tract",2023,"transportation_rnk",85.5844
"18097360407","tract",2023,"transportation_rnk",41.4499
"18097360501","tract",2023,"transportation_rnk",48.2743
"18097360502","tract",2023,"transportation_rnk",53.9244
"18097360601","tract",2023,"transportation_rnk",52.5424
"18097360602","tract",2023,"transportation_rnk",87.0518
"18097360700","tract",2023,"transportation_rnk",76.7699
"18097360800","tract",2023,"transportation_rnk",77.0763
"18097360900","tract",2023,"transportation_rnk",80.4739
"18097361000","tract",2023,"transportation_rnk",69.2837
"18097361100","tract",2023,"transportation_rnk",76.555
"18097361200","tract",2023,"transportation_rnk",69.8185
"18097361300","tract",2023,"transportation_rnk",65.0303
"18097361401","tract",2023,"transportation_rnk",65.5101
"18097361402","tract",2023,"transportation_rnk",46.2954
"18097361601","tract",2023,"transportation_rnk",39.1547
"18097361602","tract",2023,"transportation_rnk",6.4277
"18097370201","tract",2023,"transportation_rnk",54.5446
"18097370203","tract",2023,"transportation_rnk",45.2174
"18097370204","tract",2023,"transportation_rnk",49.9506
"18097370303","tract",2023,"transportation_rnk",49.7345
"18097370304","tract",2023,"transportation_rnk",26.6814
"18097370305","tract",2023,"transportation_rnk",87.7733
"18097370306","tract",2023,"transportation_rnk",39.2072
"18097380101","tract",2023,"transportation_rnk",51.0847
"18097380102","tract",2023,"transportation_rnk",66.7969
"18097380103","tract",2023,"transportation_rnk",50.2777
"18097380200","tract",2023,"transportation_rnk",68.3718
"18097380301","tract",2023,"transportation_rnk",12.7895
"18097380302","tract",2023,"transportation_rnk",79.0297
"18097380402","tract",2023,"transportation_rnk",53.2065
"18097380403","tract",2023,"transportation_rnk",56.9264
"18097380404","tract",2023,"transportation_rnk",20.1109
"18097380501","tract",2023,"transportation_rnk",62.6009
"18097380502","tract",2023,"transportation_rnk",76.7162
"18097380600","tract",2023,"transportation_rnk",58.0581
"18097380700","tract",2023,"transportation_rnk",72.4689
"18097380800","tract",2023,"transportation_rnk",51.7513
"18097380901","tract",2023,"transportation_rnk",25.85
"18097380902","tract",2023,"transportation_rnk",60.0335
"18097381002","tract",2023,"transportation_rnk",47.3685
"18097381003","tract",2023,"transportation_rnk",72.4945
"18097381004","tract",2023,"transportation_rnk",62.4397
"18097381101","tract",2023,"transportation_rnk",65.4808
"18097381102","tract",2023,"transportation_rnk",52.3861
"18097381203","tract",2023,"transportation_rnk",71.7193
"18097381204","tract",2023,"transportation_rnk",55.7617
"18097381205","tract",2023,"transportation_rnk",64.4065
"18097381206","tract",2023,"transportation_rnk",65.211
"18097381207","tract",2023,"transportation_rnk",29.6358
"18097390102","tract",2023,"transportation_rnk",13.5513
"18097390103","tract",2023,"transportation_rnk",28.1403
"18097390104","tract",2023,"transportation_rnk",60.4205
"18097390200","tract",2023,"transportation_rnk",48.6894
"18097390300","tract",2023,"transportation_rnk",14.1458
"18097390405","tract",2023,"transportation_rnk",68.9773
"18097390406","tract",2023,"transportation_rnk",14.9223
"18097390407","tract",2023,"transportation_rnk",51.1238
"18097390408","tract",2023,"transportation_rnk",4.2729
"18097390409","tract",2023,"transportation_rnk",20.4856
"18097390410","tract",2023,"transportation_rnk",58.6368
"18097390411","tract",2023,"transportation_rnk",58.9005
"18097390500","tract",2023,"transportation_rnk",79.5681
"18097390601","tract",2023,"transportation_rnk",70.3776
"18097390602","tract",2023,"transportation_rnk",58.7577
"18097390700","tract",2023,"transportation_rnk",61.3092
"18097390801","tract",2023,"transportation_rnk",NA
"18097390802","tract",2023,"transportation_rnk",49.1204
"18097390900","tract",2023,"transportation_rnk",81.9511
"18097391001","tract",2023,"transportation_rnk",NA
"18097391002","tract",2023,"transportation_rnk",87.1153
"18099020101","tract",2023,"transportation_rnk",31.2559
"18099020102","tract",2023,"transportation_rnk",76.9433
"18099020201","tract",2023,"transportation_rnk",1.9802
"18099020202","tract",2023,"transportation_rnk",3.0851
"18099020301","tract",2023,"transportation_rnk",10.1366
"18099020302","tract",2023,"transportation_rnk",48.7944
"18099020400","tract",2023,"transportation_rnk",28.0805
"18099020500","tract",2023,"transportation_rnk",77.4963
"18099020600","tract",2023,"transportation_rnk",18.4823
"18099020701","tract",2023,"transportation_rnk",27.8803
"18099020702","tract",2023,"transportation_rnk",37.3613
"18099020800","tract",2023,"transportation_rnk",26.6814
"18101950100","tract",2023,"transportation_rnk",0.4859
"18101950200","tract",2023,"transportation_rnk",61.3874
"18101950300","tract",2023,"transportation_rnk",12.4745
"18103952000","tract",2023,"transportation_rnk",13.3865
"18103952100","tract",2023,"transportation_rnk",5.3595
"18103952200","tract",2023,"transportation_rnk",68.0714
"18103952300","tract",2023,"transportation_rnk",82.293
"18103952400","tract",2023,"transportation_rnk",73.0744
"18103952500","tract",2023,"transportation_rnk",72.4945
"18103952600","tract",2023,"transportation_rnk",3.3414
"18103952700","tract",2023,"transportation_rnk",18.0073
"18103952800","tract",2023,"transportation_rnk",20.7176
"18103952900","tract",2023,"transportation_rnk",30.6223
"18105000100","tract",2023,"transportation_rnk",92.9851
"18105000201","tract",2023,"transportation_rnk",NA
"18105000202","tract",2023,"transportation_rnk",NA
"18105000301","tract",2023,"transportation_rnk",90.7839
"18105000302","tract",2023,"transportation_rnk",84.9373
"18105000401","tract",2023,"transportation_rnk",50.1544
"18105000402","tract",2023,"transportation_rnk",40.2144
"18105000501","tract",2023,"transportation_rnk",33.2092
"18105000502","tract",2023,"transportation_rnk",32.0274
"18105000601","tract",2023,"transportation_rnk",85.8383
"18105000602","tract",2023,"transportation_rnk",59.6379
"18105000700","tract",2023,"transportation_rnk",12.3683
"18105000801","tract",2023,"transportation_rnk",47.5858
"18105000802","tract",2023,"transportation_rnk",70.0931
"18105000901","tract",2023,"transportation_rnk",75.7139
"18105000903","tract",2023,"transportation_rnk",73.6348
"18105000904","tract",2023,"transportation_rnk",71.4495
"18105001001","tract",2023,"transportation_rnk",55.6653
"18105001002","tract",2023,"transportation_rnk",53.2786
"18105001101","tract",2023,"transportation_rnk",64.8655
"18105001102","tract",2023,"transportation_rnk",45.4701
"18105001103","tract",2023,"transportation_rnk",13.45
"18105001200","tract",2023,"transportation_rnk",1.1879
"18105001301","tract",2023,"transportation_rnk",31.2559
"18105001303","tract",2023,"transportation_rnk",18.3577
"18105001304","tract",2023,"transportation_rnk",9.8106
"18105001305","tract",2023,"transportation_rnk",10.4211
"18105001401","tract",2023,"transportation_rnk",17.3041
"18105001403","tract",2023,"transportation_rnk",7.6656
"18105001404","tract",2023,"transportation_rnk",27.724
"18105001501","tract",2023,"transportation_rnk",8.8694
"18105001502","tract",2023,"transportation_rnk",39.538
"18105001600","tract",2023,"transportation_rnk",75.1132
"18107956700","tract",2023,"transportation_rnk",7.977
"18107956800","tract",2023,"transportation_rnk",7.5057
"18107956900","tract",2023,"transportation_rnk",21.0008
"18107957000","tract",2023,"transportation_rnk",76.0093
"18107957100","tract",2023,"transportation_rnk",36.6312
"18107957200","tract",2023,"transportation_rnk",48.0387
"18107957300","tract",2023,"transportation_rnk",2.4893
"18107957400","tract",2023,"transportation_rnk",9.5115
"18107957500","tract",2023,"transportation_rnk",7.6266
"18109510101","tract",2023,"transportation_rnk",46.0952
"18109510102","tract",2023,"transportation_rnk",4.0239
"18109510201","tract",2023,"transportation_rnk",47.1829
"18109510202","tract",2023,"transportation_rnk",12.7895
"18109510300","tract",2023,"transportation_rnk",56.6273
"18109510401","tract",2023,"transportation_rnk",12.853
"18109510402","tract",2023,"transportation_rnk",6.2653
"18109510500","tract",2023,"transportation_rnk",16.1553
"18109510601","tract",2023,"transportation_rnk",2.3403
"18109510602","tract",2023,"transportation_rnk",21.278
"18109510701","tract",2023,"transportation_rnk",24.02
"18109510703","tract",2023,"transportation_rnk",2.93
"18109510704","tract",2023,"transportation_rnk",22.4781
"18109510800","tract",2023,"transportation_rnk",41.1337
"18109510900","tract",2023,"transportation_rnk",18.4823
"18109511001","tract",2023,"transportation_rnk",9.3211
"18109511002","tract",2023,"transportation_rnk",12.6747
"18111100400","tract",2023,"transportation_rnk",18.0073
"18111100500","tract",2023,"transportation_rnk",19.4174
"18111100600","tract",2023,"transportation_rnk",26.1638
"18111100700","tract",2023,"transportation_rnk",35.8181
"18113971700","tract",2023,"transportation_rnk",23.2777
"18113971800","tract",2023,"transportation_rnk",48.5564
"18113971900","tract",2023,"transportation_rnk",27.4347
"18113972000","tract",2023,"transportation_rnk",19.1537
"18113972100","tract",2023,"transportation_rnk",63.9707
"18113972200","tract",2023,"transportation_rnk",74.8764
"18113972300","tract",2023,"transportation_rnk",15.8452
"18113972400","tract",2023,"transportation_rnk",35.9756
"18113972500","tract",2023,"transportation_rnk",10.476
"18113972600","tract",2023,"transportation_rnk",6.3044
"18115965700","tract",2023,"transportation_rnk",24.3166
"18115965800","tract",2023,"transportation_rnk",5.2777
"18117951300","tract",2023,"transportation_rnk",15.5681
"18117951400","tract",2023,"transportation_rnk",32.4059
"18117951500","tract",2023,"transportation_rnk",40.019
"18117951600","tract",2023,"transportation_rnk",2.8641
"18117951700","tract",2023,"transportation_rnk",71.4092
"18117951800","tract",2023,"transportation_rnk",18.9743
"18119955500","tract",2023,"transportation_rnk",4.8736
"18119955600","tract",2023,"transportation_rnk",27.3223
"18119955701","tract",2023,"transportation_rnk",21.5136
"18119955702","tract",2023,"transportation_rnk",47.5467
"18119955800","tract",2023,"transportation_rnk",40.743
"18119955900","tract",2023,"transportation_rnk",1.9448
"18121030100","tract",2023,"transportation_rnk",78.1287
"18121030200","tract",2023,"transportation_rnk",19.3112
"18121030300","tract",2023,"transportation_rnk",48.2499
"18121030401","tract",2023,"transportation_rnk",65.6078
"18121030402","tract",2023,"transportation_rnk",10.0365
"18123952200","tract",2023,"transportation_rnk",0.8241
"18123952300","tract",2023,"transportation_rnk",4.0459
"18123952400","tract",2023,"transportation_rnk",23.1495
"18123952500","tract",2023,"transportation_rnk",9.4627
"18123952600","tract",2023,"transportation_rnk",35.6973
"18125953900","tract",2023,"transportation_rnk",18.4139
"18125954000","tract",2023,"transportation_rnk",11.7774
"18125954100","tract",2023,"transportation_rnk",0.5762
"18125954200","tract",2023,"transportation_rnk",15.8452
"18127050104","tract",2023,"transportation_rnk",38.261
"18127050105","tract",2023,"transportation_rnk",5.0311
"18127050106","tract",2023,"transportation_rnk",4.2253
"18127050107","tract",2023,"transportation_rnk",23.6916
"18127050202","tract",2023,"transportation_rnk",83.504
"18127050203","tract",2023,"transportation_rnk",89.0442
"18127050301","tract",2023,"transportation_rnk",77.8845
"18127050302","tract",2023,"transportation_rnk",81.4201
"18127050405","tract",2023,"transportation_rnk",33.269
"18127050407","tract",2023,"transportation_rnk",75.062
"18127050408","tract",2023,"transportation_rnk",78.9869
"18127050409","tract",2023,"transportation_rnk",77.0763
"18127050501","tract",2023,"transportation_rnk",75.2512
"18127050503","tract",2023,"transportation_rnk",73.4163
"18127050505","tract",2023,"transportation_rnk",6.3874
"18127050506","tract",2023,"transportation_rnk",84.5869
"18127050507","tract",2023,"transportation_rnk",20.9447
"18127050508","tract",2023,"transportation_rnk",73.5701
"18127050509","tract",2023,"transportation_rnk",28.2453
"18127050602","tract",2023,"transportation_rnk",78.4486
"18127050603","tract",2023,"transportation_rnk",75.3183
"18127050605","tract",2023,"transportation_rnk",16.5143
"18127050606","tract",2023,"transportation_rnk",36.2918
"18127050703","tract",2023,"transportation_rnk",30.5197
"18127050704","tract",2023,"transportation_rnk",13.3376
"18127050705","tract",2023,"transportation_rnk",78.6366
"18127050706","tract",2023,"transportation_rnk",85.9958
"18127050801","tract",2023,"transportation_rnk",89.5313
"18127050802","tract",2023,"transportation_rnk",87.3363
"18127050901","tract",2023,"transportation_rnk",56.2611
"18127050902","tract",2023,"transportation_rnk",NA
"18127051005","tract",2023,"transportation_rnk",12.1632
"18127051006","tract",2023,"transportation_rnk",76.483
"18127051008","tract",2023,"transportation_rnk",0.2845
"18127051009","tract",2023,"transportation_rnk",20.6541
"18127051010","tract",2023,"transportation_rnk",0.597
"18127051011","tract",2023,"transportation_rnk",15.1518
"18127051012","tract",2023,"transportation_rnk",1.548
"18127051101","tract",2023,"transportation_rnk",6.8318
"18127051102","tract",2023,"transportation_rnk",3.5954
"18127980001","tract",2023,"transportation_rnk",NA
"18127980002","tract",2023,"transportation_rnk",NA
"18127990000","tract",2023,"transportation_rnk",NA
"18129040100","tract",2023,"transportation_rnk",27.597
"18129040200","tract",2023,"transportation_rnk",16.8988
"18129040300","tract",2023,"transportation_rnk",5.6732
"18129040400","tract",2023,"transportation_rnk",2.4575
"18129040500","tract",2023,"transportation_rnk",3.7968
"18129040600","tract",2023,"transportation_rnk",28.7104
"18129040700","tract",2023,"transportation_rnk",20.1817
"18131958900","tract",2023,"transportation_rnk",46.1354
"18131959000","tract",2023,"transportation_rnk",44.0148
"18131959100","tract",2023,"transportation_rnk",21.5673
"18131959200","tract",2023,"transportation_rnk",5.1019
"18133956000","tract",2023,"transportation_rnk",6.3874
"18133956100","tract",2023,"transportation_rnk",2.1194
"18133956200","tract",2023,"transportation_rnk",52.6449
"18133956301","tract",2023,"transportation_rnk",66.0363
"18133956302","tract",2023,"transportation_rnk",9.2869
"18133956401","tract",2023,"transportation_rnk",4.1692
"18133956402","tract",2023,"transportation_rnk",11.7774
"18133956500","tract",2023,"transportation_rnk",30.057
"18133956600","tract",2023,"transportation_rnk",NA
"18135951400","tract",2023,"transportation_rnk",8.0197
"18135951500","tract",2023,"transportation_rnk",18.1221
"18135951600","tract",2023,"transportation_rnk",19.4174
"18135951700","tract",2023,"transportation_rnk",28.6518
"18135951800","tract",2023,"transportation_rnk",41.4865
"18135951900","tract",2023,"transportation_rnk",22.0984
"18135952000","tract",2023,"transportation_rnk",23.086
"18135952100","tract",2023,"transportation_rnk",33.5889
"18137968401","tract",2023,"transportation_rnk",54.8278
"18137968402","tract",2023,"transportation_rnk",30.8725
"18137968500","tract",2023,"transportation_rnk",3.9457
"18137968600","tract",2023,"transportation_rnk",12.0057
"18137968700","tract",2023,"transportation_rnk",9.1526
"18137968800","tract",2023,"transportation_rnk",30.7382
"18137968900","tract",2023,"transportation_rnk",2.1328
"18139974100","tract",2023,"transportation_rnk",3.3146
"18139974200","tract",2023,"transportation_rnk",10.2318
"18139974300","tract",2023,"transportation_rnk",71.6009
"18139974400","tract",2023,"transportation_rnk",19.9058
"18139974500","tract",2023,"transportation_rnk",22.0398
"18141000100","tract",2023,"transportation_rnk",81.3957
"18141000200","tract",2023,"transportation_rnk",79.142
"18141000301","tract",2023,"transportation_rnk",24.656
"18141000302","tract",2023,"transportation_rnk",90.4396
"18141000400","tract",2023,"transportation_rnk",88.938
"18141000500","tract",2023,"transportation_rnk",84.8641
"18141000600","tract",2023,"transportation_rnk",71.2163
"18141000700","tract",2023,"transportation_rnk",49.7564
"18141000800","tract",2023,"transportation_rnk",82.4956
"18141000900","tract",2023,"transportation_rnk",69.1336
"18141001000","tract",2023,"transportation_rnk",89.1345
"18141001100","tract",2023,"transportation_rnk",65.0889
"18141001200","tract",2023,"transportation_rnk",37.4589
"18141001300","tract",2023,"transportation_rnk",70.4667
"18141001400","tract",2023,"transportation_rnk",74.6432
"18141001500","tract",2023,"transportation_rnk",70.7585
"18141001600","tract",2023,"transportation_rnk",38.222
"18141001700","tract",2023,"transportation_rnk",80.7132
"18141001900","tract",2023,"transportation_rnk",87.4425
"18141002000","tract",2023,"transportation_rnk",92.9521
"18141002100","tract",2023,"transportation_rnk",80.1113
"18141002200","tract",2023,"transportation_rnk",73.9547
"18141002300","tract",2023,"transportation_rnk",78.2899
"18141002400","tract",2023,"transportation_rnk",82.8924
"18141002500","tract",2023,"transportation_rnk",54.0843
"18141002600","tract",2023,"transportation_rnk",79.75
"18141002700","tract",2023,"transportation_rnk",NA
"18141002800","tract",2023,"transportation_rnk",51.982
"18141002900","tract",2023,"transportation_rnk",40.8346
"18141003000","tract",2023,"transportation_rnk",62.6631
"18141003100","tract",2023,"transportation_rnk",81.3725
"18141003200","tract",2023,"transportation_rnk",71.6448
"18141003300","tract",2023,"transportation_rnk",68.2607
"18141003400","tract",2023,"transportation_rnk",73.8558
"18141003500","tract",2023,"transportation_rnk",62.1162
"18141010100","tract",2023,"transportation_rnk",73.0012
"18141010201","tract",2023,"transportation_rnk",68.3535
"18141010202","tract",2023,"transportation_rnk",87.346
"18141010300","tract",2023,"transportation_rnk",70.0724
"18141010400","tract",2023,"transportation_rnk",59.4658
"18141010500","tract",2023,"transportation_rnk",60.5963
"18141010600","tract",2023,"transportation_rnk",60.6536
"18141010700","tract",2023,"transportation_rnk",52.7426
"18141010800","tract",2023,"transportation_rnk",18.1832
"18141010901","tract",2023,"transportation_rnk",14.4218
"18141010902","tract",2023,"transportation_rnk",4.8553
"18141011001","tract",2023,"transportation_rnk",24.7073
"18141011002","tract",2023,"transportation_rnk",25.1908
"18141011100","tract",2023,"transportation_rnk",59.7832
"18141011203","tract",2023,"transportation_rnk",NA
"18141011303","tract",2023,"transportation_rnk",51.7195
"18141011304","tract",2023,"transportation_rnk",26.8023
"18141011305","tract",2023,"transportation_rnk",10.5273
"18141011306","tract",2023,"transportation_rnk",50.7002
"18141011307","tract",2023,"transportation_rnk",15.0383
"18141011308","tract",2023,"transportation_rnk",21.2169
"18141011309","tract",2023,"transportation_rnk",43.3641
"18141011310","tract",2023,"transportation_rnk",71.5337
"18141011403","tract",2023,"transportation_rnk",56.5944
"18141011404","tract",2023,"transportation_rnk",48.6113
"18141011405","tract",2023,"transportation_rnk",52.5424
"18141011406","tract",2023,"transportation_rnk",54.7021
"18141011501","tract",2023,"transportation_rnk",73.0744
"18141011503","tract",2023,"transportation_rnk",4.3022
"18141011504","tract",2023,"transportation_rnk",15.2031
"18141011505","tract",2023,"transportation_rnk",53.6814
"18141011506","tract",2023,"transportation_rnk",75.9104
"18141011602","tract",2023,"transportation_rnk",19.9582
"18141011603","tract",2023,"transportation_rnk",25.5167
"18141011604","tract",2023,"transportation_rnk",50.2375
"18141011701","tract",2023,"transportation_rnk",56.1927
"18141011703","tract",2023,"transportation_rnk",70.0126
"18141011704","tract",2023,"transportation_rnk",73.0744
"18141011801","tract",2023,"transportation_rnk",19.4174
"18141011803","tract",2023,"transportation_rnk",61.4924
"18141011804","tract",2023,"transportation_rnk",69.6439
"18141011900","tract",2023,"transportation_rnk",59.611
"18141012000","tract",2023,"transportation_rnk",11.3343
"18141012100","tract",2023,"transportation_rnk",8.1039
"18141012200","tract",2023,"transportation_rnk",25.8
"18141012300","tract",2023,"transportation_rnk",14.3058
"18141012400","tract",2023,"transportation_rnk",35.1687
"18143966700","tract",2023,"transportation_rnk",12.7346
"18143966800","tract",2023,"transportation_rnk",18.8546
"18143966900","tract",2023,"transportation_rnk",14.8674
"18143967000","tract",2023,"transportation_rnk",17.7143
"18143967100","tract",2023,"transportation_rnk",27.6434
"18145710100","tract",2023,"transportation_rnk",13.45
"18145710200","tract",2023,"transportation_rnk",1.5224
"18145710300","tract",2023,"transportation_rnk",21.2169
"18145710400","tract",2023,"transportation_rnk",27.3883
"18145710500","tract",2023,"transportation_rnk",39.2524
"18145710601","tract",2023,"transportation_rnk",83.1561
"18145710602","tract",2023,"transportation_rnk",80.9818
"18145710700","tract",2023,"transportation_rnk",63.5348
"18145710800","tract",2023,"transportation_rnk",18.4139
"18145710900","tract",2023,"transportation_rnk",4.6734
"18147952701","tract",2023,"transportation_rnk",3.3414
"18147952702","tract",2023,"transportation_rnk",1.6725
"18147952800","tract",2023,"transportation_rnk",5.2777
"18147952900","tract",2023,"transportation_rnk",1.4711
"18147953000","tract",2023,"transportation_rnk",3.8188
"18147953100","tract",2023,"transportation_rnk",26.2858
"18149953600","tract",2023,"transportation_rnk",44.3188
"18149953700","tract",2023,"transportation_rnk",2.5308
"18149953800","tract",2023,"transportation_rnk",22.4121
"18149953900","tract",2023,"transportation_rnk",3.1791
"18149954000","tract",2023,"transportation_rnk",47.2171
"18149954100","tract",2023,"transportation_rnk",13.3865
"18149954200","tract",2023,"transportation_rnk",12.4245
"18151970800","tract",2023,"transportation_rnk",19.8484
"18151970900","tract",2023,"transportation_rnk",34.6388
"18151971000","tract",2023,"transportation_rnk",12.5783
"18151971100","tract",2023,"transportation_rnk",6.7341
"18151971200","tract",2023,"transportation_rnk",0.8766
"18151971300","tract",2023,"transportation_rnk",39.4697
"18151971400","tract",2023,"transportation_rnk",48.4904
"18151971500","tract",2023,"transportation_rnk",7.1028
"18151971600","tract",2023,"transportation_rnk",9.9413
"18153050101","tract",2023,"transportation_rnk",9.6983
"18153050102","tract",2023,"transportation_rnk",39.8664
"18153050200","tract",2023,"transportation_rnk",1.3441
"18153050301","tract",2023,"transportation_rnk",29.5443
"18153050302","tract",2023,"transportation_rnk",0.1782
"18153050400","tract",2023,"transportation_rnk",13.0398
"18153050501","tract",2023,"transportation_rnk",NA
"18153050502","tract",2023,"transportation_rnk",15.0383
"18155965700","tract",2023,"transportation_rnk",3.0362
"18155965800","tract",2023,"transportation_rnk",14.8674
"18155965900","tract",2023,"transportation_rnk",34.1016
"18157000100","tract",2023,"transportation_rnk",77.9065
"18157000200","tract",2023,"transportation_rnk",76.201
"18157000300","tract",2023,"transportation_rnk",76.0093
"18157000400","tract",2023,"transportation_rnk",93.2414
"18157000700","tract",2023,"transportation_rnk",69.0615
"18157000800","tract",2023,"transportation_rnk",30.925
"18157001000","tract",2023,"transportation_rnk",53.5166
"18157001100","tract",2023,"transportation_rnk",79.6242
"18157001200","tract",2023,"transportation_rnk",28.2453
"18157001300","tract",2023,"transportation_rnk",73.7093
"18157001400","tract",2023,"transportation_rnk",74.4601
"18157001501","tract",2023,"transportation_rnk",84.2829
"18157001502","tract",2023,"transportation_rnk",71.5105
"18157001601","tract",2023,"transportation_rnk",16.6205
"18157001602","tract",2023,"transportation_rnk",63.0489
"18157001603","tract",2023,"transportation_rnk",70.4936
"18157001701","tract",2023,"transportation_rnk",79.96
"18157001702","tract",2023,"transportation_rnk",30.5197
"18157001800","tract",2023,"transportation_rnk",70.1908
"18157001900","tract",2023,"transportation_rnk",72.1698
"18157005101","tract",2023,"transportation_rnk",92.8544
"18157005102","tract",2023,"transportation_rnk",78.733
"18157005200","tract",2023,"transportation_rnk",88.5388
"18157005401","tract",2023,"transportation_rnk",94.6466
"18157005402","tract",2023,"transportation_rnk",95.7613
"18157005500","tract",2023,"transportation_rnk",97.2604
"18157010100","tract",2023,"transportation_rnk",14.3607
"18157010201","tract",2023,"transportation_rnk",8.6179
"18157010205","tract",2023,"transportation_rnk",84.5625
"18157010206","tract",2023,"transportation_rnk",76.9152
"18157010207","tract",2023,"transportation_rnk",4.4695
"18157010208","tract",2023,"transportation_rnk",83.1439
"18157010209","tract",2023,"transportation_rnk",75.5088
"18157010400","tract",2023,"transportation_rnk",NA
"18157010500","tract",2023,"transportation_rnk",NA
"18157010600","tract",2023,"transportation_rnk",4.898
"18157010700","tract",2023,"transportation_rnk",1.8264
"18157010800","tract",2023,"transportation_rnk",7.3702
"18157010901","tract",2023,"transportation_rnk",12.7895
"18157010902","tract",2023,"transportation_rnk",2.3001
"18157011000","tract",2023,"transportation_rnk",1.4455
"18157011100","tract",2023,"transportation_rnk",92.222
"18157011200","tract",2023,"transportation_rnk",NA
"18159020100","tract",2023,"transportation_rnk",6.3545
"18159020200","tract",2023,"transportation_rnk",0.8668
"18159020300","tract",2023,"transportation_rnk",10.1366
"18159020401","tract",2023,"transportation_rnk",43.8976
"18159020402","tract",2023,"transportation_rnk",23.7441
"18161960700","tract",2023,"transportation_rnk",16.0125
"18161960800","tract",2023,"transportation_rnk",0.6959
"18163000100","tract",2023,"transportation_rnk",75.405
"18163000203","tract",2023,"transportation_rnk",9.6483
"18163000204","tract",2023,"transportation_rnk",70.1347
"18163000205","tract",2023,"transportation_rnk",70.2873
"18163000300","tract",2023,"transportation_rnk",88.9832
"18163000400","tract",2023,"transportation_rnk",74.7506
"18163000500","tract",2023,"transportation_rnk",56.819
"18163000600","tract",2023,"transportation_rnk",49.4708
"18163000800","tract",2023,"transportation_rnk",54.768
"18163000900","tract",2023,"transportation_rnk",61.9624
"18163001000","tract",2023,"transportation_rnk",67.1924
"18163001101","tract",2023,"transportation_rnk",84.3513
"18163001200","tract",2023,"transportation_rnk",82.6482
"18163001300","tract",2023,"transportation_rnk",81.2968
"18163001400","tract",2023,"transportation_rnk",61.1713
"18163001500","tract",2023,"transportation_rnk",59.3522
"18163001700","tract",2023,"transportation_rnk",35.6973
"18163001800","tract",2023,"transportation_rnk",78.1287
"18163001900","tract",2023,"transportation_rnk",33.1714
"18163002000","tract",2023,"transportation_rnk",48.1022
"18163002100","tract",2023,"transportation_rnk",57.7017
"18163002300","tract",2023,"transportation_rnk",82.0806
"18163002400","tract",2023,"transportation_rnk",69.8417
"18163002500","tract",2023,"transportation_rnk",73.973
"18163002600","tract",2023,"transportation_rnk",72.0514
"18163003000","tract",2023,"transportation_rnk",57.5796
"18163003100","tract",2023,"transportation_rnk",64.4065
"18163003200","tract",2023,"transportation_rnk",75.7298
"18163003300","tract",2023,"transportation_rnk",68.1398
"18163003400","tract",2023,"transportation_rnk",35.1308
"18163003500","tract",2023,"transportation_rnk",48.3232
"18163003600","tract",2023,"transportation_rnk",70.2226
"18163003701","tract",2023,"transportation_rnk",31.2559
"18163003702","tract",2023,"transportation_rnk",89.6449
"18163003801","tract",2023,"transportation_rnk",85.3841
"18163003803","tract",2023,"transportation_rnk",56.0572
"18163003805","tract",2023,"transportation_rnk",60.3814
"18163003900","tract",2023,"transportation_rnk",23.622
"18163010101","tract",2023,"transportation_rnk",88.0651
"18163010102","tract",2023,"transportation_rnk",72.1869
"18163010204","tract",2023,"transportation_rnk",53.0515
"18163010205","tract",2023,"transportation_rnk",6.4277
"18163010206","tract",2023,"transportation_rnk",3.8188
"18163010207","tract",2023,"transportation_rnk",15.6731
"18163010208","tract",2023,"transportation_rnk",9.4627
"18163010404","tract",2023,"transportation_rnk",49.9957
"18163010405","tract",2023,"transportation_rnk",NA
"18163010406","tract",2023,"transportation_rnk",12.2157
"18163010501","tract",2023,"transportation_rnk",1.3722
"18163010502","tract",2023,"transportation_rnk",6.0871
"18163010600","tract",2023,"transportation_rnk",3.483
"18163010701","tract",2023,"transportation_rnk",20.8934
"18163010702","tract",2023,"transportation_rnk",12.7346
"18163010800","tract",2023,"transportation_rnk",35.3347
"18163980100","tract",2023,"transportation_rnk",NA
"18163980200","tract",2023,"transportation_rnk",NA
"18163980300","tract",2023,"transportation_rnk",NA
"18163980500","tract",2023,"transportation_rnk",NA
"18163980600","tract",2023,"transportation_rnk",NA
"18165020100","tract",2023,"transportation_rnk",12.7346
"18165020200","tract",2023,"transportation_rnk",2.93
"18165020300","tract",2023,"transportation_rnk",5.064
"18165020400","tract",2023,"transportation_rnk",3.234
"18165020500","tract",2023,"transportation_rnk",48.6113
"18167000300","tract",2023,"transportation_rnk",85.6503
"18167000400","tract",2023,"transportation_rnk",86.898
"18167000500","tract",2023,"transportation_rnk",83.6286
"18167000600","tract",2023,"transportation_rnk",79.96
"18167000700","tract",2023,"transportation_rnk",45.7814
"18167000900","tract",2023,"transportation_rnk",46.8948
"18167001000","tract",2023,"transportation_rnk",56.9679
"18167001100","tract",2023,"transportation_rnk",83.4406
"18167001200","tract",2023,"transportation_rnk",45.4701
"18167001300","tract",2023,"transportation_rnk",24.9222
"18167001400","tract",2023,"transportation_rnk",60.2215
"18167001500","tract",2023,"transportation_rnk",59.6733
"18167001600","tract",2023,"transportation_rnk",68.9236
"18167001700","tract",2023,"transportation_rnk",73.1868
"18167001800","tract",2023,"transportation_rnk",83.4174
"18167001900","tract",2023,"transportation_rnk",81.2968
"18167010100","tract",2023,"transportation_rnk",40.9139
"18167010201","tract",2023,"transportation_rnk",55.4101
"18167010202","tract",2023,"transportation_rnk",62.1443
"18167010300","tract",2023,"transportation_rnk",19.2099
"18167010400","tract",2023,"transportation_rnk",1.8471
"18167010500","tract",2023,"transportation_rnk",81.6447
"18167010601","tract",2023,"transportation_rnk",13.9981
"18167010602","tract",2023,"transportation_rnk",11.0583
"18167010702","tract",2023,"transportation_rnk",9.0305
"18167010703","tract",2023,"transportation_rnk",62.3311
"18167010704","tract",2023,"transportation_rnk",39.8664
"18167011000","tract",2023,"transportation_rnk",9.6129
"18167011101","tract",2023,"transportation_rnk",79.905
"18167011102","tract",2023,"transportation_rnk",NA
"18167011201","tract",2023,"transportation_rnk",NA
"18167011202","tract",2023,"transportation_rnk",16.6205
"18169102200","tract",2023,"transportation_rnk",42.3801
"18169102300","tract",2023,"transportation_rnk",1.2269
"18169102400","tract",2023,"transportation_rnk",16.0125
"18169102500","tract",2023,"transportation_rnk",6.7988
"18169102600","tract",2023,"transportation_rnk",71.7193
"18169102700","tract",2023,"transportation_rnk",66.6443
"18169102800","tract",2023,"transportation_rnk",75.0009
"18169102900","tract",2023,"transportation_rnk",16.1041
"18171951001","tract",2023,"transportation_rnk",8.1039
"18171951002","tract",2023,"transportation_rnk",18.8546
"18171951100","tract",2023,"transportation_rnk",19.3112
"18173030100","tract",2023,"transportation_rnk",10.6921
"18173030200","tract",2023,"transportation_rnk",12.2157
"18173030300","tract",2023,"transportation_rnk",18.2405
"18173030400","tract",2023,"transportation_rnk",65.1463
"18173030501","tract",2023,"transportation_rnk",10.3771
"18173030502","tract",2023,"transportation_rnk",1.2391
"18173030601","tract",2023,"transportation_rnk",12.4245
"18173030602","tract",2023,"transportation_rnk",28.5969
"18173030703","tract",2023,"transportation_rnk",63.0208
"18173030704","tract",2023,"transportation_rnk",9.2478
"18173030706","tract",2023,"transportation_rnk",4.4072
"18173030707","tract",2023,"transportation_rnk",43.623
"18173030708","tract",2023,"transportation_rnk",52.9868
"18173030709","tract",2023,"transportation_rnk",54.3346
"18173030801","tract",2023,"transportation_rnk",4.4695
"18173030802","tract",2023,"transportation_rnk",28.2453
"18175967200","tract",2023,"transportation_rnk",2.8641
"18175967300","tract",2023,"transportation_rnk",19.4174
"18175967400","tract",2023,"transportation_rnk",22.301
"18175967500","tract",2023,"transportation_rnk",46.7446
"18175967600","tract",2023,"transportation_rnk",5.1397
"18175967701","tract",2023,"transportation_rnk",18.9181
"18175967702","tract",2023,"transportation_rnk",38.7408
"18177000200","tract",2023,"transportation_rnk",91.2515
"18177000400","tract",2023,"transportation_rnk",38.7408
"18177000500","tract",2023,"transportation_rnk",71.4495
"18177000600","tract",2023,"transportation_rnk",31.2559
"18177000700","tract",2023,"transportation_rnk",17.4885
"18177000800","tract",2023,"transportation_rnk",81.215
"18177000900","tract",2023,"transportation_rnk",72.1405
"18177001000","tract",2023,"transportation_rnk",66.3293
"18177001101","tract",2023,"transportation_rnk",48.4904
"18177001102","tract",2023,"transportation_rnk",43.6913
"18177010100","tract",2023,"transportation_rnk",12.5295
"18177010200","tract",2023,"transportation_rnk",44.6167
"18177010300","tract",2023,"transportation_rnk",29.6358
"18177010400","tract",2023,"transportation_rnk",24.02
"18177010500","tract",2023,"transportation_rnk",5.2777
"18177010600","tract",2023,"transportation_rnk",13.5513
"18177010700","tract",2023,"transportation_rnk",1.5016
"18177010800","tract",2023,"transportation_rnk",13.0398
"18179040100","tract",2023,"transportation_rnk",7.3702
"18179040200","tract",2023,"transportation_rnk",3.2865
"18179040300","tract",2023,"transportation_rnk",1.7666
"18179040400","tract",2023,"transportation_rnk",22.4121
"18179040500","tract",2023,"transportation_rnk",20.543
"18179040600","tract",2023,"transportation_rnk",20.5955
"18179040700","tract",2023,"transportation_rnk",0.481
"18181958100","tract",2023,"transportation_rnk",23.2777
"18181958200","tract",2023,"transportation_rnk",10.0365
"18181958300","tract",2023,"transportation_rnk",8.5703
"18181958400","tract",2023,"transportation_rnk",5.3595
"18181958501","tract",2023,"transportation_rnk",26.6814
"18181958502","tract",2023,"transportation_rnk",5.6427
"18181958600","tract",2023,"transportation_rnk",70.1603
"18181958700","tract",2023,"transportation_rnk",26.74
"18181958800","tract",2023,"transportation_rnk",18.3028
"18183050100","tract",2023,"transportation_rnk",20.5955
"18183050200","tract",2023,"transportation_rnk",4.8553
"18183050300","tract",2023,"transportation_rnk",38.4429
"18183050401","tract",2023,"transportation_rnk",65.8178
"18183050402","tract",2023,"transportation_rnk",13.8858
"18183050500","tract",2023,"transportation_rnk",23.5597
"18183050600","tract",2023,"transportation_rnk",0.2149
"18183050700","tract",2023,"transportation_rnk",0.7337
"18001030100","tract",2023,"transportation_state_rnk",13.6309
"18001030200","tract",2023,"transportation_state_rnk",44.5115
"18001030300","tract",2023,"transportation_state_rnk",24.3667
"18001030400","tract",2023,"transportation_state_rnk",50.1206
"18001030500","tract",2023,"transportation_state_rnk",92.5814
"18001030600","tract",2023,"transportation_state_rnk",45.4162
"18001030700","tract",2023,"transportation_state_rnk",95.8987
"18003000100","tract",2023,"transportation_state_rnk",87.2738
"18003000300","tract",2023,"transportation_state_rnk",85.5549
"18003000400","tract",2023,"transportation_state_rnk",53.4379
"18003000500","tract",2023,"transportation_state_rnk",40.4101
"18003000600","tract",2023,"transportation_state_rnk",47.497
"18003000701","tract",2023,"transportation_state_rnk",94.029
"18003000704","tract",2023,"transportation_state_rnk",95.3559
"18003000800","tract",2023,"transportation_state_rnk",85.9469
"18003000900","tract",2023,"transportation_state_rnk",88.3595
"18003001000","tract",2023,"transportation_state_rnk",46.4113
"18003001100","tract",2023,"transportation_state_rnk",90.7117
"18003001200","tract",2023,"transportation_state_rnk",91.0133
"18003001300","tract",2023,"transportation_state_rnk",NA
"18003001600","tract",2023,"transportation_state_rnk",96.9843
"18003001700","tract",2023,"transportation_state_rnk",90.772
"18003002000","tract",2023,"transportation_state_rnk",56.5742
"18003002100","tract",2023,"transportation_state_rnk",94.6924
"18003002200","tract",2023,"transportation_state_rnk",41.5561
"18003002300","tract",2023,"transportation_state_rnk",84.1978
"18003002500","tract",2023,"transportation_state_rnk",93.848
"18003002600","tract",2023,"transportation_state_rnk",95.0543
"18003002800","tract",2023,"transportation_state_rnk",99.5175
"18003002900","tract",2023,"transportation_state_rnk",45.6273
"18003003000","tract",2023,"transportation_state_rnk",90.9228
"18003003100","tract",2023,"transportation_state_rnk",49.0953
"18003003200","tract",2023,"transportation_state_rnk",92.2195
"18003003301","tract",2023,"transportation_state_rnk",82.2678
"18003003304","tract",2023,"transportation_state_rnk",95.5971
"18003003400","tract",2023,"transportation_state_rnk",87.877
"18003003500","tract",2023,"transportation_state_rnk",94.24
"18003003600","tract",2023,"transportation_state_rnk",48.5525
"18003003700","tract",2023,"transportation_state_rnk",7.5694
"18003003800","tract",2023,"transportation_state_rnk",91.6164
"18003003901","tract",2023,"transportation_state_rnk",15.6212
"18003003902","tract",2023,"transportation_state_rnk",43.3353
"18003004000","tract",2023,"transportation_state_rnk",87.5151
"18003004101","tract",2023,"transportation_state_rnk",14.1435
"18003004103","tract",2023,"transportation_state_rnk",95.8384
"18003004300","tract",2023,"transportation_state_rnk",99.4572
"18003004400","tract",2023,"transportation_state_rnk",54.7045
"18003010100","tract",2023,"transportation_state_rnk",67.8528
"18003010201","tract",2023,"transportation_state_rnk",11.4294
"18003010202","tract",2023,"transportation_state_rnk",48.8842
"18003010304","tract",2023,"transportation_state_rnk",87.3341
"18003010305","tract",2023,"transportation_state_rnk",13.269
"18003010306","tract",2023,"transportation_state_rnk",26.538
"18003010307","tract",2023,"transportation_state_rnk",77.8046
"18003010308","tract",2023,"transportation_state_rnk",17.3402
"18003010400","tract",2023,"transportation_state_rnk",2.3824
"18003010500","tract",2023,"transportation_state_rnk",43.4861
"18003010601","tract",2023,"transportation_state_rnk",77.5633
"18003010602","tract",2023,"transportation_state_rnk",85.0422
"18003010603","tract",2023,"transportation_state_rnk",16.2244
"18003010604","tract",2023,"transportation_state_rnk",47.0446
"18003010705","tract",2023,"transportation_state_rnk",88.2992
"18003010706","tract",2023,"transportation_state_rnk",85.6454
"18003010707","tract",2023,"transportation_state_rnk",80.8203
"18003010803","tract",2023,"transportation_state_rnk",79.4934
"18003010804","tract",2023,"transportation_state_rnk",81.9662
"18003010807","tract",2023,"transportation_state_rnk",83.4741
"18003010808","tract",2023,"transportation_state_rnk",17.7322
"18003010809","tract",2023,"transportation_state_rnk",79.9759
"18003010811","tract",2023,"transportation_state_rnk",84.7708
"18003010812","tract",2023,"transportation_state_rnk",19.7226
"18003010813","tract",2023,"transportation_state_rnk",31.725
"18003010815","tract",2023,"transportation_state_rnk",74.7889
"18003010816","tract",2023,"transportation_state_rnk",81.725
"18003010817","tract",2023,"transportation_state_rnk",84.2581
"18003010819","tract",2023,"transportation_state_rnk",83.4138
"18003010821","tract",2023,"transportation_state_rnk",86.731
"18003010900","tract",2023,"transportation_state_rnk",52.5633
"18003011000","tract",2023,"transportation_state_rnk",0.5428
"18003011100","tract",2023,"transportation_state_rnk",78.9807
"18003011201","tract",2023,"transportation_state_rnk",62.4849
"18003011202","tract",2023,"transportation_state_rnk",16.8275
"18003011204","tract",2023,"transportation_state_rnk",79.3124
"18003011205","tract",2023,"transportation_state_rnk",78.649
"18003011302","tract",2023,"transportation_state_rnk",91.8577
"18003011303","tract",2023,"transportation_state_rnk",97.5875
"18003011304","tract",2023,"transportation_state_rnk",89.807
"18003011501","tract",2023,"transportation_state_rnk",90.2895
"18003011502","tract",2023,"transportation_state_rnk",25
"18003011603","tract",2023,"transportation_state_rnk",83.1122
"18003011604","tract",2023,"transportation_state_rnk",78.3172
"18003011605","tract",2023,"transportation_state_rnk",18.2449
"18003011606","tract",2023,"transportation_state_rnk",85.5549
"18003011607","tract",2023,"transportation_state_rnk",77.0808
"18003011608","tract",2023,"transportation_state_rnk",75.3317
"18003011609","tract",2023,"transportation_state_rnk",13.3896
"18003011701","tract",2023,"transportation_state_rnk",3.0157
"18003011702","tract",2023,"transportation_state_rnk",5.5187
"18003011801","tract",2023,"transportation_state_rnk",1.3571
"18003011802","tract",2023,"transportation_state_rnk",2.0507
"18003011900","tract",2023,"transportation_state_rnk",28.2569
"18003980001","tract",2023,"transportation_state_rnk",NA
"18003980002","tract",2023,"transportation_state_rnk",NA
"18005010100","tract",2023,"transportation_state_rnk",94.3908
"18005010200","tract",2023,"transportation_state_rnk",81.544
"18005010300","tract",2023,"transportation_state_rnk",78.5283
"18005010400","tract",2023,"transportation_state_rnk",76.4777
"18005010500","tract",2023,"transportation_state_rnk",80.5489
"18005010600","tract",2023,"transportation_state_rnk",84.4994
"18005010700","tract",2023,"transportation_state_rnk",49.2159
"18005010800","tract",2023,"transportation_state_rnk",86.4897
"18005010900","tract",2023,"transportation_state_rnk",39.0531
"18005011000","tract",2023,"transportation_state_rnk",16.2847
"18005011101","tract",2023,"transportation_state_rnk",19.9337
"18005011102","tract",2023,"transportation_state_rnk",4.7949
"18005011200","tract",2023,"transportation_state_rnk",6.8758
"18005011300","tract",2023,"transportation_state_rnk",3.7394
"18005011400","tract",2023,"transportation_state_rnk",6.8154
"18005011500","tract",2023,"transportation_state_rnk",13.6912
"18007100100","tract",2023,"transportation_state_rnk",23.5525
"18007100200","tract",2023,"transportation_state_rnk",28.076
"18007100300","tract",2023,"transportation_state_rnk",39.9578
"18009975100","tract",2023,"transportation_state_rnk",34.9216
"18009975200","tract",2023,"transportation_state_rnk",35.5247
"18009975300","tract",2023,"transportation_state_rnk",55.6393
"18009975400","tract",2023,"transportation_state_rnk",26.1761
"18011810100","tract",2023,"transportation_state_rnk",9.5899
"18011810200","tract",2023,"transportation_state_rnk",25
"18011810300","tract",2023,"transportation_state_rnk",17.9131
"18011810400","tract",2023,"transportation_state_rnk",65.5911
"18011810500","tract",2023,"transportation_state_rnk",78.5887
"18011810601","tract",2023,"transportation_state_rnk",26.6586
"18011810604","tract",2023,"transportation_state_rnk",54.5235
"18011810605","tract",2023,"transportation_state_rnk",66.3148
"18011810606","tract",2023,"transportation_state_rnk",24.4572
"18011810607","tract",2023,"transportation_state_rnk",42.0989
"18011810700","tract",2023,"transportation_state_rnk",19.3908
"18013974600","tract",2023,"transportation_state_rnk",8.4138
"18013974700","tract",2023,"transportation_state_rnk",18.5766
"18013974800","tract",2023,"transportation_state_rnk",39.9578
"18013974901","tract",2023,"transportation_state_rnk",46.8335
"18013974902","tract",2023,"transportation_state_rnk",36.4596
"18015959300","tract",2023,"transportation_state_rnk",23.1001
"18015959400","tract",2023,"transportation_state_rnk",11.3088
"18015959500","tract",2023,"transportation_state_rnk",1.7491
"18015959600","tract",2023,"transportation_state_rnk",14.2943
"18015959700","tract",2023,"transportation_state_rnk",7.3884
"18015959800","tract",2023,"transportation_state_rnk",37.3341
"18015959900","tract",2023,"transportation_state_rnk",6.3932
"18017950900","tract",2023,"transportation_state_rnk",23.462
"18017951000","tract",2023,"transportation_state_rnk",18.2449
"18017951100","tract",2023,"transportation_state_rnk",4.7949
"18017951200","tract",2023,"transportation_state_rnk",87.7563
"18017951300","tract",2023,"transportation_state_rnk",92.7322
"18017951400","tract",2023,"transportation_state_rnk",89.9276
"18017951500","tract",2023,"transportation_state_rnk",93.3052
"18017951600","tract",2023,"transportation_state_rnk",88.6007
"18017951700","tract",2023,"transportation_state_rnk",15.9831
"18017951800","tract",2023,"transportation_state_rnk",34.801
"18017951900","tract",2023,"transportation_state_rnk",7.1773
"18019050100","tract",2023,"transportation_state_rnk",69.0591
"18019050200","tract",2023,"transportation_state_rnk",83.2027
"18019050303","tract",2023,"transportation_state_rnk",71.5923
"18019050304","tract",2023,"transportation_state_rnk",67.0084
"18019050305","tract",2023,"transportation_state_rnk",45.0844
"18019050306","tract",2023,"transportation_state_rnk",71.4717
"18019050401","tract",2023,"transportation_state_rnk",45.1749
"18019050403","tract",2023,"transportation_state_rnk",68.9988
"18019050404","tract",2023,"transportation_state_rnk",61.9421
"18019050503","tract",2023,"transportation_state_rnk",69.9638
"18019050504","tract",2023,"transportation_state_rnk",80.9107
"18019050505","tract",2023,"transportation_state_rnk",9.047
"18019050603","tract",2023,"transportation_state_rnk",76.1761
"18019050604","tract",2023,"transportation_state_rnk",66.918
"18019050605","tract",2023,"transportation_state_rnk",67.0989
"18019050606","tract",2023,"transportation_state_rnk",62.0627
"18019050703","tract",2023,"transportation_state_rnk",41.4053
"18019050704","tract",2023,"transportation_state_rnk",29.0109
"18019050705","tract",2023,"transportation_state_rnk",43.1846
"18019050706","tract",2023,"transportation_state_rnk",29.7648
"18019050801","tract",2023,"transportation_state_rnk",9.6803
"18019050803","tract",2023,"transportation_state_rnk",27.7141
"18019050804","tract",2023,"transportation_state_rnk",10.9168
"18019050902","tract",2023,"transportation_state_rnk",24.1556
"18019050903","tract",2023,"transportation_state_rnk",51.0856
"18019050904","tract",2023,"transportation_state_rnk",11.3088
"18019051000","tract",2023,"transportation_state_rnk",6.2726
"18021040100","tract",2023,"transportation_state_rnk",61.6405
"18021040200","tract",2023,"transportation_state_rnk",67.9131
"18021040300","tract",2023,"transportation_state_rnk",3.9204
"18021040400","tract",2023,"transportation_state_rnk",13.5404
"18021040500","tract",2023,"transportation_state_rnk",15.199
"18021040600","tract",2023,"transportation_state_rnk",35.4041
"18023950100","tract",2023,"transportation_state_rnk",35.585
"18023950200","tract",2023,"transportation_state_rnk",19.2702
"18023950300","tract",2023,"transportation_state_rnk",12.9071
"18023950400","tract",2023,"transportation_state_rnk",25.2714
"18023950500","tract",2023,"transportation_state_rnk",62.9071
"18023950600","tract",2023,"transportation_state_rnk",58.0217
"18023950700","tract",2023,"transportation_state_rnk",73.1604
"18023950800","tract",2023,"transportation_state_rnk",67.4306
"18025951900","tract",2023,"transportation_state_rnk",47.9493
"18025952000","tract",2023,"transportation_state_rnk",21.5018
"18025952100","tract",2023,"transportation_state_rnk",33.1122
"18027954300","tract",2023,"transportation_state_rnk",37.2738
"18027954400","tract",2023,"transportation_state_rnk",53.0157
"18027954501","tract",2023,"transportation_state_rnk",99.6381
"18027954502","tract",2023,"transportation_state_rnk",52.8347
"18027954600","tract",2023,"transportation_state_rnk",15.5609
"18027954700","tract",2023,"transportation_state_rnk",65.2292
"18027954800","tract",2023,"transportation_state_rnk",57.3281
"18027954900","tract",2023,"transportation_state_rnk",51.7491
"18029080101","tract",2023,"transportation_state_rnk",0.0603
"18029080103","tract",2023,"transportation_state_rnk",69.421
"18029080104","tract",2023,"transportation_state_rnk",11.5802
"18029080201","tract",2023,"transportation_state_rnk",0.3016
"18029080203","tract",2023,"transportation_state_rnk",14.7768
"18029080204","tract",2023,"transportation_state_rnk",2.8951
"18029080301","tract",2023,"transportation_state_rnk",29.1013
"18029080302","tract",2023,"transportation_state_rnk",86.3691
"18029080400","tract",2023,"transportation_state_rnk",34.3788
"18029080500","tract",2023,"transportation_state_rnk",38.3595
"18029080601","tract",2023,"transportation_state_rnk",39.0531
"18029080602","tract",2023,"transportation_state_rnk",15.5006
"18029080700","tract",2023,"transportation_state_rnk",9.3486
"18031969000","tract",2023,"transportation_state_rnk",32.6297
"18031969100","tract",2023,"transportation_state_rnk",9.2581
"18031969200","tract",2023,"transportation_state_rnk",34.9819
"18031969300","tract",2023,"transportation_state_rnk",27.8046
"18031969400","tract",2023,"transportation_state_rnk",41.4958
"18031969500","tract",2023,"transportation_state_rnk",21.8938
"18033020100","tract",2023,"transportation_state_rnk",15.0483
"18033020200","tract",2023,"transportation_state_rnk",2.4729
"18033020300","tract",2023,"transportation_state_rnk",15.6815
"18033020400","tract",2023,"transportation_state_rnk",30.579
"18033020500","tract",2023,"transportation_state_rnk",48.6128
"18033020601","tract",2023,"transportation_state_rnk",11.8215
"18033020602","tract",2023,"transportation_state_rnk",18.8179
"18033020700","tract",2023,"transportation_state_rnk",10.2835
"18033020800","tract",2023,"transportation_state_rnk",14.415
"18035000300","tract",2023,"transportation_state_rnk",89.7467
"18035000400","tract",2023,"transportation_state_rnk",87.4548
"18035000500","tract",2023,"transportation_state_rnk",77.684
"18035000600","tract",2023,"transportation_state_rnk",85.4041
"18035000700","tract",2023,"transportation_state_rnk",59.5899
"18035000800","tract",2023,"transportation_state_rnk",52.684
"18035000902","tract",2023,"transportation_state_rnk",NA
"18035000903","tract",2023,"transportation_state_rnk",82.3583
"18035000904","tract",2023,"transportation_state_rnk",76.8396
"18035001000","tract",2023,"transportation_state_rnk",62.0627
"18035001100","tract",2023,"transportation_state_rnk",83.655
"18035001200","tract",2023,"transportation_state_rnk",69.8432
"18035001300","tract",2023,"transportation_state_rnk",77.3824
"18035001400","tract",2023,"transportation_state_rnk",66.4355
"18035001500","tract",2023,"transportation_state_rnk",77.4427
"18035001600","tract",2023,"transportation_state_rnk",76.2967
"18035001700","tract",2023,"transportation_state_rnk",42.6719
"18035002000","tract",2023,"transportation_state_rnk",59.8914
"18035002100","tract",2023,"transportation_state_rnk",39.6261
"18035002201","tract",2023,"transportation_state_rnk",28.9505
"18035002202","tract",2023,"transportation_state_rnk",43.6369
"18035002301","tract",2023,"transportation_state_rnk",4.5838
"18035002302","tract",2023,"transportation_state_rnk",19.2702
"18035002401","tract",2023,"transportation_state_rnk",59.047
"18035002403","tract",2023,"transportation_state_rnk",11.9421
"18035002404","tract",2023,"transportation_state_rnk",17.6719
"18035002501","tract",2023,"transportation_state_rnk",33.2027
"18035002502","tract",2023,"transportation_state_rnk",17.5513
"18035002602","tract",2023,"transportation_state_rnk",5.006
"18035002603","tract",2023,"transportation_state_rnk",8.9264
"18035002604","tract",2023,"transportation_state_rnk",50
"18035002700","tract",2023,"transportation_state_rnk",7.2678
"18035002800","tract",2023,"transportation_state_rnk",62.3643
"18035002900","tract",2023,"transportation_state_rnk",75.9047
"18037953200","tract",2023,"transportation_state_rnk",11.7008
"18037953301","tract",2023,"transportation_state_rnk",32.8709
"18037953302","tract",2023,"transportation_state_rnk",34.5296
"18037953400","tract",2023,"transportation_state_rnk",33.8661
"18037953500","tract",2023,"transportation_state_rnk",0.4825
"18037953600","tract",2023,"transportation_state_rnk",18.3655
"18037953701","tract",2023,"transportation_state_rnk",13.1484
"18037953702","tract",2023,"transportation_state_rnk",3.5887
"18037953800","tract",2023,"transportation_state_rnk",41.918
"18039000100","tract",2023,"transportation_state_rnk",64.5959
"18039000201","tract",2023,"transportation_state_rnk",6.9662
"18039000202","tract",2023,"transportation_state_rnk",66.5862
"18039000301","tract",2023,"transportation_state_rnk",38.661
"18039000302","tract",2023,"transportation_state_rnk",74.9397
"18039000400","tract",2023,"transportation_state_rnk",52.0507
"18039000501","tract",2023,"transportation_state_rnk",43.0036
"18039000502","tract",2023,"transportation_state_rnk",45.9288
"18039000601","tract",2023,"transportation_state_rnk",3.3776
"18039000602","tract",2023,"transportation_state_rnk",16.918
"18039000701","tract",2023,"transportation_state_rnk",29.4029
"18039000702","tract",2023,"transportation_state_rnk",54.8854
"18039000801","tract",2023,"transportation_state_rnk",82.8709
"18039000803","tract",2023,"transportation_state_rnk",34.801
"18039000804","tract",2023,"transportation_state_rnk",66.1037
"18039000901","tract",2023,"transportation_state_rnk",76.0555
"18039000902","tract",2023,"transportation_state_rnk",97.5271
"18039001000","tract",2023,"transportation_state_rnk",32.7201
"18039001100","tract",2023,"transportation_state_rnk",81.6043
"18039001200","tract",2023,"transportation_state_rnk",40.7117
"18039001301","tract",2023,"transportation_state_rnk",32.8709
"18039001302","tract",2023,"transportation_state_rnk",77.2014
"18039001401","tract",2023,"transportation_state_rnk",29.8854
"18039001402","tract",2023,"transportation_state_rnk",22.3764
"18039001501","tract",2023,"transportation_state_rnk",45.8082
"18039001502","tract",2023,"transportation_state_rnk",40.7117
"18039001601","tract",2023,"transportation_state_rnk",71.0193
"18039001602","tract",2023,"transportation_state_rnk",40.8926
"18039001701","tract",2023,"transportation_state_rnk",44.7527
"18039001702","tract",2023,"transportation_state_rnk",63.3896
"18039001801","tract",2023,"transportation_state_rnk",43.6369
"18039001802","tract",2023,"transportation_state_rnk",43.5464
"18039001901","tract",2023,"transportation_state_rnk",37.5754
"18039001902","tract",2023,"transportation_state_rnk",8.4138
"18039002001","tract",2023,"transportation_state_rnk",34.1375
"18039002002","tract",2023,"transportation_state_rnk",29.3124
"18039002101","tract",2023,"transportation_state_rnk",31.5139
"18039002102","tract",2023,"transportation_state_rnk",74.1255
"18039002201","tract",2023,"transportation_state_rnk",51.4174
"18039002202","tract",2023,"transportation_state_rnk",60.6755
"18039002300","tract",2023,"transportation_state_rnk",60.1025
"18039002400","tract",2023,"transportation_state_rnk",54.1616
"18039002600","tract",2023,"transportation_state_rnk",77.1411
"18039002700","tract",2023,"transportation_state_rnk",63.9324
"18039002900","tract",2023,"transportation_state_rnk",55.1267
"18041954000","tract",2023,"transportation_state_rnk",4.2823
"18041954100","tract",2023,"transportation_state_rnk",84.1375
"18041954200","tract",2023,"transportation_state_rnk",6.9662
"18041954300","tract",2023,"transportation_state_rnk",60.193
"18041954400","tract",2023,"transportation_state_rnk",90.4704
"18041954500","tract",2023,"transportation_state_rnk",40.5308
"18041954600","tract",2023,"transportation_state_rnk",1.6586
"18043070200","tract",2023,"transportation_state_rnk",79.8251
"18043070301","tract",2023,"transportation_state_rnk",59.3486
"18043070302","tract",2023,"transportation_state_rnk",66.1037
"18043070400","tract",2023,"transportation_state_rnk",79.4934
"18043070500","tract",2023,"transportation_state_rnk",81.2425
"18043070600","tract",2023,"transportation_state_rnk",67.0989
"18043070700","tract",2023,"transportation_state_rnk",81.4837
"18043070801","tract",2023,"transportation_state_rnk",96.3209
"18043070802","tract",2023,"transportation_state_rnk",83.8963
"18043070901","tract",2023,"transportation_state_rnk",73.7033
"18043070902","tract",2023,"transportation_state_rnk",92.7322
"18043071003","tract",2023,"transportation_state_rnk",5.2774
"18043071004","tract",2023,"transportation_state_rnk",9.4692
"18043071005","tract",2023,"transportation_state_rnk",10.2835
"18043071006","tract",2023,"transportation_state_rnk",70.1146
"18043071007","tract",2023,"transportation_state_rnk",60.7961
"18043071101","tract",2023,"transportation_state_rnk",4.7045
"18043071103","tract",2023,"transportation_state_rnk",3.1363
"18043071104","tract",2023,"transportation_state_rnk",31.2726
"18043071200","tract",2023,"transportation_state_rnk",0.9047
"18045957600","tract",2023,"transportation_state_rnk",26.2364
"18045957700","tract",2023,"transportation_state_rnk",45.2352
"18045957800","tract",2023,"transportation_state_rnk",47.1954
"18045957900","tract",2023,"transportation_state_rnk",17.491
"18045958000","tract",2023,"transportation_state_rnk",22.1954
"18047960100","tract",2023,"transportation_state_rnk",22.8589
"18047969600","tract",2023,"transportation_state_rnk",24.7889
"18047969700","tract",2023,"transportation_state_rnk",64.0531
"18047969800","tract",2023,"transportation_state_rnk",10.2835
"18047969900","tract",2023,"transportation_state_rnk",16.0434
"18049953000","tract",2023,"transportation_state_rnk",37.3945
"18049953100","tract",2023,"transportation_state_rnk",81.7853
"18049953200","tract",2023,"transportation_state_rnk",5.9409
"18049953300","tract",2023,"transportation_state_rnk",30.4885
"18049953400","tract",2023,"transportation_state_rnk",35.3136
"18049953500","tract",2023,"transportation_state_rnk",32.0567
"18051050100","tract",2023,"transportation_state_rnk",11.9421
"18051050201","tract",2023,"transportation_state_rnk",25.7841
"18051050202","tract",2023,"transportation_state_rnk",24.608
"18051050300","tract",2023,"transportation_state_rnk",35.0724
"18051050401","tract",2023,"transportation_state_rnk",1.6586
"18051050402","tract",2023,"transportation_state_rnk",2.2618
"18051050501","tract",2023,"transportation_state_rnk",47.497
"18051050502","tract",2023,"transportation_state_rnk",40.1387
"18053000100","tract",2023,"transportation_state_rnk",73.2811
"18053000200","tract",2023,"transportation_state_rnk",67.491
"18053000400","tract",2023,"transportation_state_rnk",76.538
"18053000500","tract",2023,"transportation_state_rnk",63.5706
"18053000600","tract",2023,"transportation_state_rnk",79.2521
"18053000700","tract",2023,"transportation_state_rnk",40.1387
"18053000800","tract",2023,"transportation_state_rnk",NA
"18053000900","tract",2023,"transportation_state_rnk",71.924
"18053010100","tract",2023,"transportation_state_rnk",11.5199
"18053010200","tract",2023,"transportation_state_rnk",39.1435
"18053010300","tract",2023,"transportation_state_rnk",33.5947
"18053010400","tract",2023,"transportation_state_rnk",30.2171
"18053010500","tract",2023,"transportation_state_rnk",56.9964
"18053010600","tract",2023,"transportation_state_rnk",14.8975
"18053010700","tract",2023,"transportation_state_rnk",69.7226
"18053010800","tract",2023,"transportation_state_rnk",3.9807
"18055954701","tract",2023,"transportation_state_rnk",12.7865
"18055954702","tract",2023,"transportation_state_rnk",46.6526
"18055954800","tract",2023,"transportation_state_rnk",32.0567
"18055954900","tract",2023,"transportation_state_rnk",13.9626
"18055955000","tract",2023,"transportation_state_rnk",42.9433
"18055955100","tract",2023,"transportation_state_rnk",40.4101
"18055955200","tract",2023,"transportation_state_rnk",35.4644
"18055955300","tract",2023,"transportation_state_rnk",10.6454
"18055955400","tract",2023,"transportation_state_rnk",39.6864
"18057110101","tract",2023,"transportation_state_rnk",60.2835
"18057110102","tract",2023,"transportation_state_rnk",18.5766
"18057110201","tract",2023,"transportation_state_rnk",15.8323
"18057110202","tract",2023,"transportation_state_rnk",33.8661
"18057110301","tract",2023,"transportation_state_rnk",75.5127
"18057110302","tract",2023,"transportation_state_rnk",33.4741
"18057110303","tract",2023,"transportation_state_rnk",41.737
"18057110401","tract",2023,"transportation_state_rnk",65.1387
"18057110404","tract",2023,"transportation_state_rnk",44.2702
"18057110405","tract",2023,"transportation_state_rnk",46.8335
"18057110406","tract",2023,"transportation_state_rnk",57.9312
"18057110505","tract",2023,"transportation_state_rnk",16.4053
"18057110509","tract",2023,"transportation_state_rnk",50.5127
"18057110511","tract",2023,"transportation_state_rnk",48.1303
"18057110512","tract",2023,"transportation_state_rnk",35.193
"18057110513","tract",2023,"transportation_state_rnk",63.0881
"18057110514","tract",2023,"transportation_state_rnk",46.1399
"18057110515","tract",2023,"transportation_state_rnk",34.0772
"18057110516","tract",2023,"transportation_state_rnk",56.5742
"18057110517","tract",2023,"transportation_state_rnk",32.2979
"18057110518","tract",2023,"transportation_state_rnk",26.1158
"18057110600","tract",2023,"transportation_state_rnk",68.1544
"18057110700","tract",2023,"transportation_state_rnk",68.0941
"18057110805","tract",2023,"transportation_state_rnk",50.9047
"18057110807","tract",2023,"transportation_state_rnk",71.8034
"18057110810","tract",2023,"transportation_state_rnk",64.5959
"18057110811","tract",2023,"transportation_state_rnk",61.339
"18057110812","tract",2023,"transportation_state_rnk",58.6852
"18057110813","tract",2023,"transportation_state_rnk",27.2316
"18057110814","tract",2023,"transportation_state_rnk",48.2509
"18057110815","tract",2023,"transportation_state_rnk",54.5838
"18057110816","tract",2023,"transportation_state_rnk",68.456
"18057110817","tract",2023,"transportation_state_rnk",61.5199
"18057110818","tract",2023,"transportation_state_rnk",55.4282
"18057110819","tract",2023,"transportation_state_rnk",55.3679
"18057110820","tract",2023,"transportation_state_rnk",64.7467
"18057110821","tract",2023,"transportation_state_rnk",57.2376
"18057110822","tract",2023,"transportation_state_rnk",53.5283
"18057110904","tract",2023,"transportation_state_rnk",54.222
"18057110905","tract",2023,"transportation_state_rnk",74.6683
"18057110906","tract",2023,"transportation_state_rnk",65.0784
"18057110907","tract",2023,"transportation_state_rnk",61.4294
"18057110909","tract",2023,"transportation_state_rnk",28.2569
"18057110910","tract",2023,"transportation_state_rnk",26.7491
"18057110911","tract",2023,"transportation_state_rnk",31.1821
"18057110912","tract",2023,"transportation_state_rnk",66.7069
"18057111003","tract",2023,"transportation_state_rnk",69.5416
"18057111004","tract",2023,"transportation_state_rnk",63.5103
"18057111006","tract",2023,"transportation_state_rnk",46.3209
"18057111007","tract",2023,"transportation_state_rnk",73.7033
"18057111009","tract",2023,"transportation_state_rnk",52.3824
"18057111010","tract",2023,"transportation_state_rnk",20.6574
"18057111011","tract",2023,"transportation_state_rnk",74.608
"18057111012","tract",2023,"transportation_state_rnk",70.0241
"18057111101","tract",2023,"transportation_state_rnk",22.0748
"18057111103","tract",2023,"transportation_state_rnk",12.1532
"18057111104","tract",2023,"transportation_state_rnk",41.3148
"18059410100","tract",2023,"transportation_state_rnk",10.9771
"18059410201","tract",2023,"transportation_state_rnk",46.7431
"18059410202","tract",2023,"transportation_state_rnk",67.9735
"18059410301","tract",2023,"transportation_state_rnk",14.8372
"18059410302","tract",2023,"transportation_state_rnk",7.4789
"18059410401","tract",2023,"transportation_state_rnk",76.6586
"18059410402","tract",2023,"transportation_state_rnk",60.5247
"18059410500","tract",2023,"transportation_state_rnk",18.9988
"18059410600","tract",2023,"transportation_state_rnk",67.2497
"18059410700","tract",2023,"transportation_state_rnk",15.4403
"18059410801","tract",2023,"transportation_state_rnk",14.6261
"18059410802","tract",2023,"transportation_state_rnk",10.7961
"18059410901","tract",2023,"transportation_state_rnk",27.8649
"18059410902","tract",2023,"transportation_state_rnk",58.3836
"18059411000","tract",2023,"transportation_state_rnk",16.4958
"18061060100","tract",2023,"transportation_state_rnk",3.6791
"18061060201","tract",2023,"transportation_state_rnk",22.6478
"18061060202","tract",2023,"transportation_state_rnk",6.5742
"18061060300","tract",2023,"transportation_state_rnk",38.2388
"18061060401","tract",2023,"transportation_state_rnk",41.2244
"18061060402","tract",2023,"transportation_state_rnk",5.187
"18061060500","tract",2023,"transportation_state_rnk",12.5452
"18061060601","tract",2023,"transportation_state_rnk",9.801
"18061060602","tract",2023,"transportation_state_rnk",1.8999
"18063210103","tract",2023,"transportation_state_rnk",4.3426
"18063210105","tract",2023,"transportation_state_rnk",18.9385
"18063210106","tract",2023,"transportation_state_rnk",53.7394
"18063210107","tract",2023,"transportation_state_rnk",1.3571
"18063210108","tract",2023,"transportation_state_rnk",68.8179
"18063210109","tract",2023,"transportation_state_rnk",49.7587
"18063210201","tract",2023,"transportation_state_rnk",59.6502
"18063210203","tract",2023,"transportation_state_rnk",58.9264
"18063210204","tract",2023,"transportation_state_rnk",54.3124
"18063210300","tract",2023,"transportation_state_rnk",6.3329
"18063210400","tract",2023,"transportation_state_rnk",16.1037
"18063210501","tract",2023,"transportation_state_rnk",19.7226
"18063210502","tract",2023,"transportation_state_rnk",53.3776
"18063210607","tract",2023,"transportation_state_rnk",78.8299
"18063210608","tract",2023,"transportation_state_rnk",11.0676
"18063210609","tract",2023,"transportation_state_rnk",58.7455
"18063210610","tract",2023,"transportation_state_rnk",50.5127
"18063210611","tract",2023,"transportation_state_rnk",58.263
"18063210612","tract",2023,"transportation_state_rnk",45.5368
"18063210613","tract",2023,"transportation_state_rnk",51.9903
"18063210614","tract",2023,"transportation_state_rnk",51.3269
"18063210615","tract",2023,"transportation_state_rnk",36.7008
"18063210616","tract",2023,"transportation_state_rnk",61.7008
"18063210617","tract",2023,"transportation_state_rnk",53.1966
"18063210701","tract",2023,"transportation_state_rnk",NA
"18063210702","tract",2023,"transportation_state_rnk",59.5296
"18063210801","tract",2023,"transportation_state_rnk",52.8951
"18063210802","tract",2023,"transportation_state_rnk",63.2087
"18063210900","tract",2023,"transportation_state_rnk",60.5247
"18063211000","tract",2023,"transportation_state_rnk",13.269
"18063211100","tract",2023,"transportation_state_rnk",20.0844
"18065975500","tract",2023,"transportation_state_rnk",NA
"18065975600","tract",2023,"transportation_state_rnk",32.509
"18065975700","tract",2023,"transportation_state_rnk",20.7479
"18065975800","tract",2023,"transportation_state_rnk",18.8782
"18065975900","tract",2023,"transportation_state_rnk",14.234
"18065976000","tract",2023,"transportation_state_rnk",80.2473
"18065976100","tract",2023,"transportation_state_rnk",73.462
"18065976300","tract",2023,"transportation_state_rnk",86.0676
"18065976400","tract",2023,"transportation_state_rnk",57.9312
"18065976500","tract",2023,"transportation_state_rnk",70.5066
"18065976600","tract",2023,"transportation_state_rnk",69.9035
"18065976700","tract",2023,"transportation_state_rnk",22.4668
"18065976800","tract",2023,"transportation_state_rnk",8.0519
"18067000200","tract",2023,"transportation_state_rnk",84.4089
"18067000300","tract",2023,"transportation_state_rnk",69.6622
"18067000400","tract",2023,"transportation_state_rnk",71.924
"18067000500","tract",2023,"transportation_state_rnk",80.6996
"18067000600","tract",2023,"transportation_state_rnk",56.3932
"18067000700","tract",2023,"transportation_state_rnk",64.5959
"18067000800","tract",2023,"transportation_state_rnk",56.7551
"18067000900","tract",2023,"transportation_state_rnk",35.9469
"18067001000","tract",2023,"transportation_state_rnk",57.8408
"18067001100","tract",2023,"transportation_state_rnk",70.4463
"18067001200","tract",2023,"transportation_state_rnk",52.1713
"18067001300","tract",2023,"transportation_state_rnk",42.0989
"18067001400","tract",2023,"transportation_state_rnk",62.4246
"18067001500","tract",2023,"transportation_state_rnk",54.4331
"18067010100","tract",2023,"transportation_state_rnk",44.0893
"18067010201","tract",2023,"transportation_state_rnk",29.6743
"18067010202","tract",2023,"transportation_state_rnk",0
"18067010300","tract",2023,"transportation_state_rnk",10.4946
"18067010400","tract",2023,"transportation_state_rnk",23.4017
"18067010500","tract",2023,"transportation_state_rnk",13.0579
"18067010600","tract",2023,"transportation_state_rnk",8.5645
"18069961300","tract",2023,"transportation_state_rnk",23.7033
"18069961400","tract",2023,"transportation_state_rnk",95.778
"18069961500","tract",2023,"transportation_state_rnk",98.5223
"18069961600","tract",2023,"transportation_state_rnk",93.2449
"18069961700","tract",2023,"transportation_state_rnk",26.3269
"18069961800","tract",2023,"transportation_state_rnk",94.813
"18069961900","tract",2023,"transportation_state_rnk",93.6671
"18069962000","tract",2023,"transportation_state_rnk",12.6659
"18069962100","tract",2023,"transportation_state_rnk",7.8408
"18071967501","tract",2023,"transportation_state_rnk",22.9795
"18071967502","tract",2023,"transportation_state_rnk",14.0531
"18071967600","tract",2023,"transportation_state_rnk",72.1351
"18071967700","tract",2023,"transportation_state_rnk",69.1194
"18071967800","tract",2023,"transportation_state_rnk",88.9928
"18071967901","tract",2023,"transportation_state_rnk",92.4608
"18071967902","tract",2023,"transportation_state_rnk",67.7925
"18071968000","tract",2023,"transportation_state_rnk",6.152
"18071968100","tract",2023,"transportation_state_rnk",13.9626
"18071968200","tract",2023,"transportation_state_rnk",15.3197
"18071968300","tract",2023,"transportation_state_rnk",13.269
"18073100400","tract",2023,"transportation_state_rnk",21.1701
"18073100800","tract",2023,"transportation_state_rnk",8.4138
"18073100901","tract",2023,"transportation_state_rnk",7.0869
"18073100902","tract",2023,"transportation_state_rnk",30.4885
"18073101000","tract",2023,"transportation_state_rnk",3.4379
"18073101100","tract",2023,"transportation_state_rnk",31.3932
"18073101200","tract",2023,"transportation_state_rnk",19.8432
"18073101300","tract",2023,"transportation_state_rnk",26.538
"18075962700","tract",2023,"transportation_state_rnk",37.9674
"18075962800","tract",2023,"transportation_state_rnk",63.0277
"18075962900","tract",2023,"transportation_state_rnk",42.883
"18075963000","tract",2023,"transportation_state_rnk",38.0881
"18075963100","tract",2023,"transportation_state_rnk",42.5513
"18075963200","tract",2023,"transportation_state_rnk",36.339
"18075963300","tract",2023,"transportation_state_rnk",26.538
"18077966000","tract",2023,"transportation_state_rnk",12.7262
"18077966100","tract",2023,"transportation_state_rnk",3.076
"18077966200","tract",2023,"transportation_state_rnk",2.5633
"18077966300","tract",2023,"transportation_state_rnk",64.2039
"18077966400","tract",2023,"transportation_state_rnk",19.1194
"18077966500","tract",2023,"transportation_state_rnk",10.6454
"18077966600","tract",2023,"transportation_state_rnk",52.9554
"18079960200","tract",2023,"transportation_state_rnk",9.9216
"18079960301","tract",2023,"transportation_state_rnk",2.111
"18079960302","tract",2023,"transportation_state_rnk",10.8565
"18079960400","tract",2023,"transportation_state_rnk",23.3112
"18079960500","tract",2023,"transportation_state_rnk",40.2593
"18079960600","tract",2023,"transportation_state_rnk",2.3824
"18081610101","tract",2023,"transportation_state_rnk",33.5947
"18081610102","tract",2023,"transportation_state_rnk",21.1701
"18081610201","tract",2023,"transportation_state_rnk",24.4572
"18081610203","tract",2023,"transportation_state_rnk",51.5682
"18081610204","tract",2023,"transportation_state_rnk",66.5862
"18081610300","tract",2023,"transportation_state_rnk",46.0796
"18081610401","tract",2023,"transportation_state_rnk",65.8625
"18081610403","tract",2023,"transportation_state_rnk",67.7021
"18081610404","tract",2023,"transportation_state_rnk",28.7093
"18081610501","tract",2023,"transportation_state_rnk",5.2774
"18081610502","tract",2023,"transportation_state_rnk",13.5404
"18081610603","tract",2023,"transportation_state_rnk",55.006
"18081610605","tract",2023,"transportation_state_rnk",38.5404
"18081610606","tract",2023,"transportation_state_rnk",54.7045
"18081610607","tract",2023,"transportation_state_rnk",48.8842
"18081610608","tract",2023,"transportation_state_rnk",37.9674
"18081610703","tract",2023,"transportation_state_rnk",53.9204
"18081610704","tract",2023,"transportation_state_rnk",58.4439
"18081610705","tract",2023,"transportation_state_rnk",30.7901
"18081610706","tract",2023,"transportation_state_rnk",35.193
"18081610801","tract",2023,"transportation_state_rnk",16.7672
"18081610802","tract",2023,"transportation_state_rnk",51.8697
"18081610900","tract",2023,"transportation_state_rnk",61.0374
"18081611000","tract",2023,"transportation_state_rnk",78.7394
"18081611100","tract",2023,"transportation_state_rnk",14.415
"18081611200","tract",2023,"transportation_state_rnk",11.0676
"18081611300","tract",2023,"transportation_state_rnk",89.5959
"18081611400","tract",2023,"transportation_state_rnk",9.4692
"18083955000","tract",2023,"transportation_state_rnk",44.9337
"18083955100","tract",2023,"transportation_state_rnk",4.1918
"18083955201","tract",2023,"transportation_state_rnk",25.9349
"18083955202","tract",2023,"transportation_state_rnk",15.7419
"18083955300","tract",2023,"transportation_state_rnk",99.6984
"18083955400","tract",2023,"transportation_state_rnk",89.0832
"18083955500","tract",2023,"transportation_state_rnk",78.9807
"18083955600","tract",2023,"transportation_state_rnk",61.7913
"18083955700","tract",2023,"transportation_state_rnk",58.5042
"18083955800","tract",2023,"transportation_state_rnk",4.041
"18083955900","tract",2023,"transportation_state_rnk",10.0724
"18085960900","tract",2023,"transportation_state_rnk",31.2726
"18085961001","tract",2023,"transportation_state_rnk",38.0881
"18085961002","tract",2023,"transportation_state_rnk",44.6924
"18085961100","tract",2023,"transportation_state_rnk",56.2726
"18085961200","tract",2023,"transportation_state_rnk",68.8782
"18085961300","tract",2023,"transportation_state_rnk",4.6441
"18085961400","tract",2023,"transportation_state_rnk",19.6019
"18085961500","tract",2023,"transportation_state_rnk",20.2352
"18085961600","tract",2023,"transportation_state_rnk",34.2581
"18085961700","tract",2023,"transportation_state_rnk",93.3655
"18085961800","tract",2023,"transportation_state_rnk",93.4861
"18085961900","tract",2023,"transportation_state_rnk",98.1906
"18085962000","tract",2023,"transportation_state_rnk",98.6128
"18085962101","tract",2023,"transportation_state_rnk",46.9843
"18085962102","tract",2023,"transportation_state_rnk",37.5151
"18085962200","tract",2023,"transportation_state_rnk",28.8902
"18085962300","tract",2023,"transportation_state_rnk",5.4282
"18085962400","tract",2023,"transportation_state_rnk",22.4668
"18085962500","tract",2023,"transportation_state_rnk",26.8396
"18085962600","tract",2023,"transportation_state_rnk",0.2413
"18085962700","tract",2023,"transportation_state_rnk",32.0567
"18087970100","tract",2023,"transportation_state_rnk",48.6731
"18087970200","tract",2023,"transportation_state_rnk",91.3148
"18087970301","tract",2023,"transportation_state_rnk",97.2859
"18087970302","tract",2023,"transportation_state_rnk",97.1653
"18087970401","tract",2023,"transportation_state_rnk",99.8191
"18087970402","tract",2023,"transportation_state_rnk",99.2762
"18087970500","tract",2023,"transportation_state_rnk",93.9686
"18087970600","tract",2023,"transportation_state_rnk",56.8456
"18087970700","tract",2023,"transportation_state_rnk",39.8372
"18089010100","tract",2023,"transportation_state_rnk",95.4765
"18089010203","tract",2023,"transportation_state_rnk",98.854
"18089010205","tract",2023,"transportation_state_rnk",97.6478
"18089010206","tract",2023,"transportation_state_rnk",96.6828
"18089010207","tract",2023,"transportation_state_rnk",98.1001
"18089010302","tract",2023,"transportation_state_rnk",41.6466
"18089010304","tract",2023,"transportation_state_rnk",50.7238
"18089010400","tract",2023,"transportation_state_rnk",73.9144
"18089010500","tract",2023,"transportation_state_rnk",99.3969
"18089010600","tract",2023,"transportation_state_rnk",93.1544
"18089010900","tract",2023,"transportation_state_rnk",97.3462
"18089011000","tract",2023,"transportation_state_rnk",76.1158
"18089011100","tract",2023,"transportation_state_rnk",96.924
"18089011200","tract",2023,"transportation_state_rnk",94.24
"18089011300","tract",2023,"transportation_state_rnk",82.6297
"18089011400","tract",2023,"transportation_state_rnk",94.4511
"18089011500","tract",2023,"transportation_state_rnk",98.5223
"18089011600","tract",2023,"transportation_state_rnk",91.737
"18089011700","tract",2023,"transportation_state_rnk",99.9397
"18089011800","tract",2023,"transportation_state_rnk",90.4101
"18089011900","tract",2023,"transportation_state_rnk",99.1858
"18089012000","tract",2023,"transportation_state_rnk",95.2352
"18089012100","tract",2023,"transportation_state_rnk",81.0012
"18089012200","tract",2023,"transportation_state_rnk",96.0796
"18089012300","tract",2023,"transportation_state_rnk",45.3559
"18089012400","tract",2023,"transportation_state_rnk",91.6767
"18089012500","tract",2023,"transportation_state_rnk",88.9928
"18089012600","tract",2023,"transportation_state_rnk",44.994
"18089012700","tract",2023,"transportation_state_rnk",98.2509
"18089012800","tract",2023,"transportation_state_rnk",47.6478
"18089020100","tract",2023,"transportation_state_rnk",88.1182
"18089020200","tract",2023,"transportation_state_rnk",48.07
"18089020300","tract",2023,"transportation_state_rnk",86.4897
"18089020400","tract",2023,"transportation_state_rnk",49.427
"18089020500","tract",2023,"transportation_state_rnk",90.3498
"18089020600","tract",2023,"transportation_state_rnk",92.2799
"18089020700","tract",2023,"transportation_state_rnk",98.3715
"18089020800","tract",2023,"transportation_state_rnk",89.3245
"18089020900","tract",2023,"transportation_state_rnk",96.4415
"18089021000","tract",2023,"transportation_state_rnk",92.0386
"18089021100","tract",2023,"transportation_state_rnk",95.7177
"18089021300","tract",2023,"transportation_state_rnk",98.7334
"18089021400","tract",2023,"transportation_state_rnk",95.2955
"18089021500","tract",2023,"transportation_state_rnk",40.9831
"18089021600","tract",2023,"transportation_state_rnk",95.1146
"18089021700","tract",2023,"transportation_state_rnk",96.2002
"18089021800","tract",2023,"transportation_state_rnk",92.3402
"18089021900","tract",2023,"transportation_state_rnk",88.7214
"18089022000","tract",2023,"transportation_state_rnk",90.6212
"18089030100","tract",2023,"transportation_state_rnk",96.0193
"18089030200","tract",2023,"transportation_state_rnk",97.7081
"18089030300","tract",2023,"transportation_state_rnk",98.9144
"18089030400","tract",2023,"transportation_state_rnk",93.1544
"18089030500","tract",2023,"transportation_state_rnk",91.0736
"18089030600","tract",2023,"transportation_state_rnk",91.4958
"18089030700","tract",2023,"transportation_state_rnk",96.3812
"18089030800","tract",2023,"transportation_state_rnk",81.8456
"18089030900","tract",2023,"transportation_state_rnk",89.4451
"18089031000","tract",2023,"transportation_state_rnk",99.3366
"18089040100","tract",2023,"transportation_state_rnk",86.1882
"18089040200","tract",2023,"transportation_state_rnk",97.9493
"18089040301","tract",2023,"transportation_state_rnk",93.5464
"18089040302","tract",2023,"transportation_state_rnk",92.883
"18089040401","tract",2023,"transportation_state_rnk",86.8516
"18089040402","tract",2023,"transportation_state_rnk",39.415
"18089040403","tract",2023,"transportation_state_rnk",96.1399
"18089040501","tract",2023,"transportation_state_rnk",94.5718
"18089040502","tract",2023,"transportation_state_rnk",33.8661
"18089040600","tract",2023,"transportation_state_rnk",94.994
"18089040700","tract",2023,"transportation_state_rnk",79.9156
"18089040801","tract",2023,"transportation_state_rnk",83.3534
"18089040802","tract",2023,"transportation_state_rnk",83.9566
"18089040900","tract",2023,"transportation_state_rnk",83.0519
"18089041001","tract",2023,"transportation_state_rnk",48.3715
"18089041002","tract",2023,"transportation_state_rnk",86.9723
"18089041100","tract",2023,"transportation_state_rnk",88.5404
"18089041200","tract",2023,"transportation_state_rnk",63.1484
"18089041302","tract",2023,"transportation_state_rnk",85.3438
"18089041400","tract",2023,"transportation_state_rnk",31.6647
"18089041500","tract",2023,"transportation_state_rnk",43.8782
"18089041600","tract",2023,"transportation_state_rnk",25.9952
"18089041700","tract",2023,"transportation_state_rnk",90.1689
"18089041800","tract",2023,"transportation_state_rnk",20.2352
"18089041900","tract",2023,"transportation_state_rnk",74.035
"18089042000","tract",2023,"transportation_state_rnk",73.07
"18089042100","tract",2023,"transportation_state_rnk",86.0072
"18089042200","tract",2023,"transportation_state_rnk",78.3172
"18089042301","tract",2023,"transportation_state_rnk",38.8721
"18089042302","tract",2023,"transportation_state_rnk",88.661
"18089042401","tract",2023,"transportation_state_rnk",92.0989
"18089042403","tract",2023,"transportation_state_rnk",97.889
"18089042404","tract",2023,"transportation_state_rnk",89.9879
"18089042405","tract",2023,"transportation_state_rnk",91.1339
"18089042501","tract",2023,"transportation_state_rnk",82.0265
"18089042503","tract",2023,"transportation_state_rnk",87.5754
"18089042506","tract",2023,"transportation_state_rnk",83.8058
"18089042507","tract",2023,"transportation_state_rnk",83.7153
"18089042508","tract",2023,"transportation_state_rnk",95.6574
"18089042509","tract",2023,"transportation_state_rnk",89.2642
"18089042602","tract",2023,"transportation_state_rnk",37.6357
"18089042606","tract",2023,"transportation_state_rnk",88.4499
"18089042607","tract",2023,"transportation_state_rnk",77.2618
"18089042608","tract",2023,"transportation_state_rnk",85.766
"18089042610","tract",2023,"transportation_state_rnk",24.2762
"18089042611","tract",2023,"transportation_state_rnk",34.62
"18089042612","tract",2023,"transportation_state_rnk",14.6261
"18089042613","tract",2023,"transportation_state_rnk",78.076
"18089042702","tract",2023,"transportation_state_rnk",86.3088
"18089042703","tract",2023,"transportation_state_rnk",92.5211
"18089042704","tract",2023,"transportation_state_rnk",93.7274
"18089042802","tract",2023,"transportation_state_rnk",81.9059
"18089042803","tract",2023,"transportation_state_rnk",91.5561
"18089042804","tract",2023,"transportation_state_rnk",81.3028
"18089042901","tract",2023,"transportation_state_rnk",81.1218
"18089042903","tract",2023,"transportation_state_rnk",25.4222
"18089042904","tract",2023,"transportation_state_rnk",30.8806
"18089043001","tract",2023,"transportation_state_rnk",79.8251
"18089043003","tract",2023,"transportation_state_rnk",85.4644
"18089043004","tract",2023,"transportation_state_rnk",93.848
"18089043101","tract",2023,"transportation_state_rnk",14.7165
"18089043103","tract",2023,"transportation_state_rnk",85.8263
"18089043104","tract",2023,"transportation_state_rnk",81.4234
"18089043201","tract",2023,"transportation_state_rnk",82.9312
"18089043203","tract",2023,"transportation_state_rnk",85.2232
"18089043204","tract",2023,"transportation_state_rnk",78.076
"18089043301","tract",2023,"transportation_state_rnk",74.1858
"18089043302","tract",2023,"transportation_state_rnk",79.614
"18089043401","tract",2023,"transportation_state_rnk",17.1592
"18089043403","tract",2023,"transportation_state_rnk",25.1508
"18089043404","tract",2023,"transportation_state_rnk",21.6526
"18089043405","tract",2023,"transportation_state_rnk",6.5139
"18089990000","tract",2023,"transportation_state_rnk",NA
"18091040100","tract",2023,"transportation_state_rnk",NA
"18091040300","tract",2023,"transportation_state_rnk",88.9023
"18091040400","tract",2023,"transportation_state_rnk",79.3727
"18091040500","tract",2023,"transportation_state_rnk",94.1496
"18091040600","tract",2023,"transportation_state_rnk",93.6068
"18091040700","tract",2023,"transportation_state_rnk",82.3583
"18091040800","tract",2023,"transportation_state_rnk",92.1592
"18091040900","tract",2023,"transportation_state_rnk",92.9433
"18091041100","tract",2023,"transportation_state_rnk",96.5018
"18091041200","tract",2023,"transportation_state_rnk",43.0639
"18091041300","tract",2023,"transportation_state_rnk",40.2593
"18091041400","tract",2023,"transportation_state_rnk",44.029
"18091041500","tract",2023,"transportation_state_rnk",0.6031
"18091041600","tract",2023,"transportation_state_rnk",0.1809
"18091041700","tract",2023,"transportation_state_rnk",8.6248
"18091041800","tract",2023,"transportation_state_rnk",1.0856
"18091041900","tract",2023,"transportation_state_rnk",31.3932
"18091042000","tract",2023,"transportation_state_rnk",93.4258
"18091042100","tract",2023,"transportation_state_rnk",85.7057
"18091042200","tract",2023,"transportation_state_rnk",19.3908
"18091042300","tract",2023,"transportation_state_rnk",98.6731
"18091042401","tract",2023,"transportation_state_rnk",90.1086
"18091042402","tract",2023,"transportation_state_rnk",84.3185
"18091042500","tract",2023,"transportation_state_rnk",89.3848
"18091042601","tract",2023,"transportation_state_rnk",8.7756
"18091042602","tract",2023,"transportation_state_rnk",NA
"18091042700","tract",2023,"transportation_state_rnk",5.6092
"18091042800","tract",2023,"transportation_state_rnk",7.5694
"18091042900","tract",2023,"transportation_state_rnk",16.918
"18091043000","tract",2023,"transportation_state_rnk",98.3112
"18091990000","tract",2023,"transportation_state_rnk",NA
"18093950400","tract",2023,"transportation_state_rnk",1.2063
"18093950500","tract",2023,"transportation_state_rnk",46.6526
"18093950601","tract",2023,"transportation_state_rnk",1.4777
"18093950602","tract",2023,"transportation_state_rnk",8.1423
"18093950701","tract",2023,"transportation_state_rnk",8.8661
"18093950702","tract",2023,"transportation_state_rnk",29.5838
"18093950800","tract",2023,"transportation_state_rnk",54.041
"18093950900","tract",2023,"transportation_state_rnk",55.5187
"18093951000","tract",2023,"transportation_state_rnk",12.3643
"18093951100","tract",2023,"transportation_state_rnk",22.6478
"18093951201","tract",2023,"transportation_state_rnk",1.146
"18093951202","tract",2023,"transportation_state_rnk",23.8842
"18093951300","tract",2023,"transportation_state_rnk",48.462
"18095000300","tract",2023,"transportation_state_rnk",74.5175
"18095000400","tract",2023,"transportation_state_rnk",57.4789
"18095000500","tract",2023,"transportation_state_rnk",51.2666
"18095000800","tract",2023,"transportation_state_rnk",47.5875
"18095000900","tract",2023,"transportation_state_rnk",47.889
"18095001000","tract",2023,"transportation_state_rnk",55.76
"18095001100","tract",2023,"transportation_state_rnk",90.9228
"18095001200","tract",2023,"transportation_state_rnk",32.2075
"18095001300","tract",2023,"transportation_state_rnk",41.2244
"18095001400","tract",2023,"transportation_state_rnk",42.2799
"18095001500","tract",2023,"transportation_state_rnk",29.5838
"18095001600","tract",2023,"transportation_state_rnk",24.2762
"18095001700","tract",2023,"transportation_state_rnk",39.415
"18095001801","tract",2023,"transportation_state_rnk",45.9288
"18095001802","tract",2023,"transportation_state_rnk",41.8577
"18095001901","tract",2023,"transportation_state_rnk",40.4101
"18095001902","tract",2023,"transportation_state_rnk",51.5078
"18095002000","tract",2023,"transportation_state_rnk",42.7624
"18095010100","tract",2023,"transportation_state_rnk",11.9421
"18095010200","tract",2023,"transportation_state_rnk",39.2039
"18095010300","tract",2023,"transportation_state_rnk",45.4765
"18095010400","tract",2023,"transportation_state_rnk",21.5018
"18095010500","tract",2023,"transportation_state_rnk",21.3812
"18095010600","tract",2023,"transportation_state_rnk",40.0483
"18095010700","tract",2023,"transportation_state_rnk",33.2027
"18095010800","tract",2023,"transportation_state_rnk",41.6466
"18095010900","tract",2023,"transportation_state_rnk",7.7503
"18095011000","tract",2023,"transportation_state_rnk",15.38
"18095011100","tract",2023,"transportation_state_rnk",38.2388
"18095011200","tract",2023,"transportation_state_rnk",11.7008
"18095011300","tract",2023,"transportation_state_rnk",47.4065
"18095011400","tract",2023,"transportation_state_rnk",11.4294
"18095011501","tract",2023,"transportation_state_rnk",13.8118
"18095011502","tract",2023,"transportation_state_rnk",25.7841
"18095011600","tract",2023,"transportation_state_rnk",NA
"18095011700","tract",2023,"transportation_state_rnk",43.9686
"18095011800","tract",2023,"transportation_state_rnk",30.971
"18095011900","tract",2023,"transportation_state_rnk",67.5513
"18095012000","tract",2023,"transportation_state_rnk",58.9867
"18097310104","tract",2023,"transportation_state_rnk",27.7141
"18097310105","tract",2023,"transportation_state_rnk",66.1037
"18097310106","tract",2023,"transportation_state_rnk",75.4524
"18097310108","tract",2023,"transportation_state_rnk",37.0024
"18097310110","tract",2023,"transportation_state_rnk",64.2039
"18097310111","tract",2023,"transportation_state_rnk",60.9771
"18097310112","tract",2023,"transportation_state_rnk",53.5283
"18097310113","tract",2023,"transportation_state_rnk",24.7286
"18097310201","tract",2023,"transportation_state_rnk",57.5392
"18097310203","tract",2023,"transportation_state_rnk",43.1242
"18097310204","tract",2023,"transportation_state_rnk",31.1218
"18097310305","tract",2023,"transportation_state_rnk",77.9855
"18097310306","tract",2023,"transportation_state_rnk",62.1834
"18097310308","tract",2023,"transportation_state_rnk",22.7684
"18097310309","tract",2023,"transportation_state_rnk",69.2702
"18097310310","tract",2023,"transportation_state_rnk",81.3631
"18097310311","tract",2023,"transportation_state_rnk",49.1556
"18097310312","tract",2023,"transportation_state_rnk",76.7189
"18097320105","tract",2023,"transportation_state_rnk",64.8975
"18097320106","tract",2023,"transportation_state_rnk",71.532
"18097320107","tract",2023,"transportation_state_rnk",25.6333
"18097320108","tract",2023,"transportation_state_rnk",90.5308
"18097320109","tract",2023,"transportation_state_rnk",66.4355
"18097320202","tract",2023,"transportation_state_rnk",64.2943
"18097320203","tract",2023,"transportation_state_rnk",72.1954
"18097320205","tract",2023,"transportation_state_rnk",66.7672
"18097320206","tract",2023,"transportation_state_rnk",91.2545
"18097320301","tract",2023,"transportation_state_rnk",65.3197
"18097320303","tract",2023,"transportation_state_rnk",82.7503
"18097320305","tract",2023,"transportation_state_rnk",70.5971
"18097320306","tract",2023,"transportation_state_rnk",38.4198
"18097320400","tract",2023,"transportation_state_rnk",64.7467
"18097320500","tract",2023,"transportation_state_rnk",68.6972
"18097320600","tract",2023,"transportation_state_rnk",33.7153
"18097320700","tract",2023,"transportation_state_rnk",49.5175
"18097320800","tract",2023,"transportation_state_rnk",34.5296
"18097320901","tract",2023,"transportation_state_rnk",66.2244
"18097320902","tract",2023,"transportation_state_rnk",75.6333
"18097320903","tract",2023,"transportation_state_rnk",62.9674
"18097321001","tract",2023,"transportation_state_rnk",9.4692
"18097321002","tract",2023,"transportation_state_rnk",70.2352
"18097321100","tract",2023,"transportation_state_rnk",65.9228
"18097321200","tract",2023,"transportation_state_rnk",71.7129
"18097321300","tract",2023,"transportation_state_rnk",72.2859
"18097321400","tract",2023,"transportation_state_rnk",68.2147
"18097321600","tract",2023,"transportation_state_rnk",95.959
"18097321700","tract",2023,"transportation_state_rnk",63.3896
"18097321800","tract",2023,"transportation_state_rnk",68.6068
"18097321900","tract",2023,"transportation_state_rnk",NA
"18097322000","tract",2023,"transportation_state_rnk",73.07
"18097322100","tract",2023,"transportation_state_rnk",78.468
"18097322200","tract",2023,"transportation_state_rnk",60.4343
"18097322300","tract",2023,"transportation_state_rnk",56.1821
"18097322400","tract",2023,"transportation_state_rnk",59.801
"18097322500","tract",2023,"transportation_state_rnk",71.8034
"18097322601","tract",2023,"transportation_state_rnk",78.8902
"18097322602","tract",2023,"transportation_state_rnk",62.304
"18097322700","tract",2023,"transportation_state_rnk",46.5018
"18097330103","tract",2023,"transportation_state_rnk",64.415
"18097330105","tract",2023,"transportation_state_rnk",63.6309
"18097330106","tract",2023,"transportation_state_rnk",72.0748
"18097330107","tract",2023,"transportation_state_rnk",58.8058
"18097330108","tract",2023,"transportation_state_rnk",43.3353
"18097330109","tract",2023,"transportation_state_rnk",64.0531
"18097330203","tract",2023,"transportation_state_rnk",58.2027
"18097330204","tract",2023,"transportation_state_rnk",25.8745
"18097330206","tract",2023,"transportation_state_rnk",59.1074
"18097330208","tract",2023,"transportation_state_rnk",53.2569
"18097330210","tract",2023,"transportation_state_rnk",56.3932
"18097330211","tract",2023,"transportation_state_rnk",84.8613
"18097330212","tract",2023,"transportation_state_rnk",27.0205
"18097330213","tract",2023,"transportation_state_rnk",23.1001
"18097330401","tract",2023,"transportation_state_rnk",8.4138
"18097330500","tract",2023,"transportation_state_rnk",58.8661
"18097330600","tract",2023,"transportation_state_rnk",73.3715
"18097330701","tract",2023,"transportation_state_rnk",80.2473
"18097330702","tract",2023,"transportation_state_rnk",37.0024
"18097330803","tract",2023,"transportation_state_rnk",74.2461
"18097330804","tract",2023,"transportation_state_rnk",76.5983
"18097330805","tract",2023,"transportation_state_rnk",94.0893
"18097330806","tract",2023,"transportation_state_rnk",75.2714
"18097330900","tract",2023,"transportation_state_rnk",88.842
"18097331000","tract",2023,"transportation_state_rnk",70.1146
"18097340101","tract",2023,"transportation_state_rnk",57.0869
"18097340102","tract",2023,"transportation_state_rnk",67.31
"18097340108","tract",2023,"transportation_state_rnk",80.1568
"18097340111","tract",2023,"transportation_state_rnk",64.9879
"18097340112","tract",2023,"transportation_state_rnk",55.76
"18097340113","tract",2023,"transportation_state_rnk",59.1677
"18097340114","tract",2023,"transportation_state_rnk",56.8456
"18097340115","tract",2023,"transportation_state_rnk",66.918
"18097340201","tract",2023,"transportation_state_rnk",56.0615
"18097340202","tract",2023,"transportation_state_rnk",77.8046
"18097340301","tract",2023,"transportation_state_rnk",49.0048
"18097340302","tract",2023,"transportation_state_rnk",69.5416
"18097340400","tract",2023,"transportation_state_rnk",50.2413
"18097340500","tract",2023,"transportation_state_rnk",83.2931
"18097340600","tract",2023,"transportation_state_rnk",84.9216
"18097340700","tract",2023,"transportation_state_rnk",61.4294
"18097340800","tract",2023,"transportation_state_rnk",41.0736
"18097340901","tract",2023,"transportation_state_rnk",5.76
"18097340903","tract",2023,"transportation_state_rnk",33.3534
"18097340904","tract",2023,"transportation_state_rnk",80.4584
"18097341000","tract",2023,"transportation_state_rnk",73.2207
"18097341100","tract",2023,"transportation_state_rnk",84.0772
"18097341200","tract",2023,"transportation_state_rnk",82.4487
"18097341600","tract",2023,"transportation_state_rnk",97.7684
"18097341701","tract",2023,"transportation_state_rnk",65.5911
"18097341702","tract",2023,"transportation_state_rnk",52.2316
"18097341902","tract",2023,"transportation_state_rnk",56.5742
"18097341903","tract",2023,"transportation_state_rnk",57.7805
"18097341904","tract",2023,"transportation_state_rnk",58.082
"18097342000","tract",2023,"transportation_state_rnk",8.6852
"18097342101","tract",2023,"transportation_state_rnk",36.0374
"18097342200","tract",2023,"transportation_state_rnk",63.8118
"18097342300","tract",2023,"transportation_state_rnk",58.6248
"18097342400","tract",2023,"transportation_state_rnk",23.5525
"18097342500","tract",2023,"transportation_state_rnk",55.2473
"18097342600","tract",2023,"transportation_state_rnk",64.8372
"18097350100","tract",2023,"transportation_state_rnk",61.158
"18097350300","tract",2023,"transportation_state_rnk",97.1049
"18097350400","tract",2023,"transportation_state_rnk",73.5525
"18097350500","tract",2023,"transportation_state_rnk",91.9481
"18097350600","tract",2023,"transportation_state_rnk",68.7575
"18097350700","tract",2023,"transportation_state_rnk",82.2075
"18097350800","tract",2023,"transportation_state_rnk",96.6224
"18097350900","tract",2023,"transportation_state_rnk",72.497
"18097351000","tract",2023,"transportation_state_rnk",67.7021
"18097351200","tract",2023,"transportation_state_rnk",75.7539
"18097351500","tract",2023,"transportation_state_rnk",60.2835
"18097351600","tract",2023,"transportation_state_rnk",49.9397
"18097351700","tract",2023,"transportation_state_rnk",87.9373
"18097351900","tract",2023,"transportation_state_rnk",86.6707
"18097352100","tract",2023,"transportation_state_rnk",98.0097
"18097352300","tract",2023,"transportation_state_rnk",63.8721
"18097352400","tract",2023,"transportation_state_rnk",77.5633
"18097352500","tract",2023,"transportation_state_rnk",74.5175
"18097352600","tract",2023,"transportation_state_rnk",70.8987
"18097352700","tract",2023,"transportation_state_rnk",74.7286
"18097352800","tract",2023,"transportation_state_rnk",46.4113
"18097353300","tract",2023,"transportation_state_rnk",93.848
"18097353500","tract",2023,"transportation_state_rnk",99.5778
"18097353600","tract",2023,"transportation_state_rnk",76.93
"18097354201","tract",2023,"transportation_state_rnk",90.2292
"18097354202","tract",2023,"transportation_state_rnk",84.6803
"18097354400","tract",2023,"transportation_state_rnk",55.5187
"18097354500","tract",2023,"transportation_state_rnk",86.2485
"18097354700","tract",2023,"transportation_state_rnk",61.2786
"18097354800","tract",2023,"transportation_state_rnk",73.3715
"18097354900","tract",2023,"transportation_state_rnk",87.9976
"18097355000","tract",2023,"transportation_state_rnk",94.7527
"18097355100","tract",2023,"transportation_state_rnk",97.2256
"18097355300","tract",2023,"transportation_state_rnk",88.1785
"18097355400","tract",2023,"transportation_state_rnk",96.5621
"18097355500","tract",2023,"transportation_state_rnk",53.649
"18097355600","tract",2023,"transportation_state_rnk",72.7081
"18097355700","tract",2023,"transportation_state_rnk",66.5862
"18097355900","tract",2023,"transportation_state_rnk",84.0169
"18097356200","tract",2023,"transportation_state_rnk",NA
"18097356400","tract",2023,"transportation_state_rnk",70.6876
"18097356900","tract",2023,"transportation_state_rnk",84.5899
"18097357000","tract",2023,"transportation_state_rnk",63.7515
"18097357100","tract",2023,"transportation_state_rnk",68.9385
"18097357200","tract",2023,"transportation_state_rnk",75.9047
"18097357300","tract",2023,"transportation_state_rnk",86.6104
"18097357400","tract",2023,"transportation_state_rnk",89.8673
"18097357500","tract",2023,"transportation_state_rnk",52.4729
"18097357601","tract",2023,"transportation_state_rnk",72.7081
"18097357602","tract",2023,"transportation_state_rnk",47.8287
"18097357800","tract",2023,"transportation_state_rnk",75.2111
"18097357900","tract",2023,"transportation_state_rnk",74.9397
"18097358000","tract",2023,"transportation_state_rnk",79.0712
"18097358100","tract",2023,"transportation_state_rnk",74.035
"18097360101","tract",2023,"transportation_state_rnk",90.6212
"18097360102","tract",2023,"transportation_state_rnk",80.0965
"18097360201","tract",2023,"transportation_state_rnk",87.696
"18097360202","tract",2023,"transportation_state_rnk",37.7563
"18097360301","tract",2023,"transportation_state_rnk",41.1339
"18097360302","tract",2023,"transportation_state_rnk",49.427
"18097360401","tract",2023,"transportation_state_rnk",68.0338
"18097360402","tract",2023,"transportation_state_rnk",37.4548
"18097360405","tract",2023,"transportation_state_rnk",59.2581
"18097360406","tract",2023,"transportation_state_rnk",92.6417
"18097360407","tract",2023,"transportation_state_rnk",46.2002
"18097360501","tract",2023,"transportation_state_rnk",50.3619
"18097360502","tract",2023,"transportation_state_rnk",55.187
"18097360601","tract",2023,"transportation_state_rnk",53.8299
"18097360602","tract",2023,"transportation_state_rnk",94.5115
"18097360700","tract",2023,"transportation_state_rnk",80.6393
"18097360800","tract",2023,"transportation_state_rnk",81.1218
"18097360900","tract",2023,"transportation_state_rnk",85.8866
"18097361000","tract",2023,"transportation_state_rnk",69.7829
"18097361100","tract",2023,"transportation_state_rnk",80.3981
"18097361200","tract",2023,"transportation_state_rnk",70.3257
"18097361300","tract",2023,"transportation_state_rnk",65.2292
"18097361401","tract",2023,"transportation_state_rnk",65.7419
"18097361402","tract",2023,"transportation_state_rnk",49.0048
"18097361601","tract",2023,"transportation_state_rnk",44.3305
"18097361602","tract",2023,"transportation_state_rnk",12.5452
"18097370201","tract",2023,"transportation_state_rnk",55.8504
"18097370203","tract",2023,"transportation_state_rnk",48.0097
"18097370204","tract",2023,"transportation_state_rnk",51.8094
"18097370303","tract",2023,"transportation_state_rnk",51.6285
"18097370304","tract",2023,"transportation_state_rnk",35.7057
"18097370305","tract",2023,"transportation_state_rnk",95.4162
"18097370306","tract",2023,"transportation_state_rnk",44.3908
"18097380101","tract",2023,"transportation_state_rnk",52.684
"18097380102","tract",2023,"transportation_state_rnk",67.3703
"18097380103","tract",2023,"transportation_state_rnk",52.3824
"18097380200","tract",2023,"transportation_state_rnk",68.6068
"18097380301","tract",2023,"transportation_state_rnk",21.1701
"18097380302","tract",2023,"transportation_state_rnk",83.5947
"18097380402","tract",2023,"transportation_state_rnk",54.7045
"18097380403","tract",2023,"transportation_state_rnk",57.6598
"18097380404","tract",2023,"transportation_state_rnk",29.4029
"18097380501","tract",2023,"transportation_state_rnk",62.7865
"18097380502","tract",2023,"transportation_state_rnk",80.5489
"18097380600","tract",2023,"transportation_state_rnk",58.5645
"18097380700","tract",2023,"transportation_state_rnk",74.3064
"18097380800","tract",2023,"transportation_state_rnk",53.1363
"18097380901","tract",2023,"transportation_state_rnk",34.801
"18097380902","tract",2023,"transportation_state_rnk",60.6152
"18097381002","tract",2023,"transportation_state_rnk",49.6984
"18097381003","tract",2023,"transportation_state_rnk",74.3969
"18097381004","tract",2023,"transportation_state_rnk",62.7262
"18097381101","tract",2023,"transportation_state_rnk",65.6815
"18097381102","tract",2023,"transportation_state_rnk",53.649
"18097381203","tract",2023,"transportation_state_rnk",72.9493
"18097381204","tract",2023,"transportation_state_rnk",56.6948
"18097381205","tract",2023,"transportation_state_rnk",64.415
"18097381206","tract",2023,"transportation_state_rnk",65.5006
"18097381207","tract",2023,"transportation_state_rnk",37.8468
"18097390102","tract",2023,"transportation_state_rnk",22.2859
"18097390103","tract",2023,"transportation_state_rnk",36.7008
"18097390104","tract",2023,"transportation_state_rnk",60.9168
"18097390200","tract",2023,"transportation_state_rnk",51.0253
"18097390300","tract",2023,"transportation_state_rnk",22.9192
"18097390405","tract",2023,"transportation_state_rnk",69.2702
"18097390406","tract",2023,"transportation_state_rnk",23.8239
"18097390407","tract",2023,"transportation_state_rnk",52.7744
"18097390408","tract",2023,"transportation_state_rnk",7.9011
"18097390409","tract",2023,"transportation_state_rnk",29.7648
"18097390410","tract",2023,"transportation_state_rnk",59.2581
"18097390411","tract",2023,"transportation_state_rnk",59.4692
"18097390500","tract",2023,"transportation_state_rnk",84.4089
"18097390601","tract",2023,"transportation_state_rnk",71.2907
"18097390602","tract",2023,"transportation_state_rnk",59.4089
"18097390700","tract",2023,"transportation_state_rnk",61.7913
"18097390801","tract",2023,"transportation_state_rnk",NA
"18097390802","tract",2023,"transportation_state_rnk",51.2063
"18097390900","tract",2023,"transportation_state_rnk",87.6357
"18097391001","tract",2023,"transportation_state_rnk",NA
"18097391002","tract",2023,"transportation_state_rnk",94.6321
"18099020101","tract",2023,"transportation_state_rnk",39.415
"18099020102","tract",2023,"transportation_state_rnk",80.9107
"18099020201","tract",2023,"transportation_state_rnk",3.5887
"18099020202","tract",2023,"transportation_state_rnk",5.5187
"18099020301","tract",2023,"transportation_state_rnk",18.0639
"18099020302","tract",2023,"transportation_state_rnk",51.146
"18099020400","tract",2023,"transportation_state_rnk",36.6104
"18099020500","tract",2023,"transportation_state_rnk",81.6647
"18099020600","tract",2023,"transportation_state_rnk",27.5935
"18099020701","tract",2023,"transportation_state_rnk",36.5501
"18099020702","tract",2023,"transportation_state_rnk",43.2449
"18099020800","tract",2023,"transportation_state_rnk",35.7057
"18101950100","tract",2023,"transportation_state_rnk",0.7238
"18101950200","tract",2023,"transportation_state_rnk",61.8818
"18101950300","tract",2023,"transportation_state_rnk",20.5066
"18103952000","tract",2023,"transportation_state_rnk",21.8938
"18103952100","tract",2023,"transportation_state_rnk",10.6454
"18103952200","tract",2023,"transportation_state_rnk",68.275
"18103952300","tract",2023,"transportation_state_rnk",88.0579
"18103952400","tract",2023,"transportation_state_rnk",75.0905
"18103952500","tract",2023,"transportation_state_rnk",74.3969
"18103952600","tract",2023,"transportation_state_rnk",6.0615
"18103952700","tract",2023,"transportation_state_rnk",26.93
"18103952800","tract",2023,"transportation_state_rnk",30.1568
"18103952900","tract",2023,"transportation_state_rnk",38.7214
"18105000100","tract",2023,"transportation_state_rnk",99.0953
"18105000201","tract",2023,"transportation_state_rnk",NA
"18105000202","tract",2023,"transportation_state_rnk",NA
"18105000301","tract",2023,"transportation_state_rnk",98.1001
"18105000302","tract",2023,"transportation_state_rnk",91.9481
"18105000401","tract",2023,"transportation_state_rnk",52.111
"18105000402","tract",2023,"transportation_state_rnk",45.2955
"18105000501","tract",2023,"transportation_state_rnk",40.7117
"18105000502","tract",2023,"transportation_state_rnk",39.7467
"18105000601","tract",2023,"transportation_state_rnk",93.0036
"18105000602","tract",2023,"transportation_state_rnk",60.0121
"18105000700","tract",2023,"transportation_state_rnk",20.3257
"18105000801","tract",2023,"transportation_state_rnk",49.8794
"18105000802","tract",2023,"transportation_state_rnk",70.8082
"18105000901","tract",2023,"transportation_state_rnk",79.1315
"18105000903","tract",2023,"transportation_state_rnk",75.8142
"18105000904","tract",2023,"transportation_state_rnk",72.4065
"18105001001","tract",2023,"transportation_state_rnk",56.3932
"18105001002","tract",2023,"transportation_state_rnk",54.8251
"18105001101","tract",2023,"transportation_state_rnk",64.9879
"18105001102","tract",2023,"transportation_state_rnk",48.2509
"18105001103","tract",2023,"transportation_state_rnk",22.0748
"18105001200","tract",2023,"transportation_state_rnk",1.8094
"18105001301","tract",2023,"transportation_state_rnk",39.415
"18105001303","tract",2023,"transportation_state_rnk",27.3824
"18105001304","tract",2023,"transportation_state_rnk",17.6116
"18105001305","tract",2023,"transportation_state_rnk",18.456
"18105001401","tract",2023,"transportation_state_rnk",26.3269
"18105001403","tract",2023,"transportation_state_rnk",14.5356
"18105001404","tract",2023,"transportation_state_rnk",36.4596
"18105001501","tract",2023,"transportation_state_rnk",16.1641
"18105001502","tract",2023,"transportation_state_rnk",44.6321
"18105001600","tract",2023,"transportation_state_rnk",77.9252
"18107956700","tract",2023,"transportation_state_rnk",14.9578
"18107956800","tract",2023,"transportation_state_rnk",14.1435
"18107956900","tract",2023,"transportation_state_rnk",30.3981
"18107957000","tract",2023,"transportation_state_rnk",79.7045
"18107957100","tract",2023,"transportation_state_rnk",42.8227
"18107957200","tract",2023,"transportation_state_rnk",50.0603
"18107957300","tract",2023,"transportation_state_rnk",4.4632
"18107957400","tract",2023,"transportation_state_rnk",17.1592
"18107957500","tract",2023,"transportation_state_rnk",14.415
"18109510101","tract",2023,"transportation_state_rnk",48.7334
"18109510102","tract",2023,"transportation_state_rnk",7.2678
"18109510201","tract",2023,"transportation_state_rnk",49.5778
"18109510202","tract",2023,"transportation_state_rnk",21.1701
"18109510300","tract",2023,"transportation_state_rnk",57.4186
"18109510401","tract",2023,"transportation_state_rnk",21.3812
"18109510402","tract",2023,"transportation_state_rnk",12.0627
"18109510500","tract",2023,"transportation_state_rnk",25.4222
"18109510601","tract",2023,"transportation_state_rnk",4.1918
"18109510602","tract",2023,"transportation_state_rnk",30.7901
"18109510701","tract",2023,"transportation_state_rnk",33.3534
"18109510703","tract",2023,"transportation_state_rnk",5.0965
"18109510704","tract",2023,"transportation_state_rnk",32.0567
"18109510800","tract",2023,"transportation_state_rnk",46.0193
"18109510900","tract",2023,"transportation_state_rnk",27.5935
"18109511001","tract",2023,"transportation_state_rnk",16.7069
"18109511002","tract",2023,"transportation_state_rnk",20.8082
"18111100400","tract",2023,"transportation_state_rnk",26.93
"18111100500","tract",2023,"transportation_state_rnk",28.7093
"18111100600","tract",2023,"transportation_state_rnk",35.0724
"18111100700","tract",2023,"transportation_state_rnk",42.4608
"18113971700","tract",2023,"transportation_state_rnk",32.509
"18113971800","tract",2023,"transportation_state_rnk",50.7841
"18113971900","tract",2023,"transportation_state_rnk",36.1882
"18113972000","tract",2023,"transportation_state_rnk",28.3474
"18113972100","tract",2023,"transportation_state_rnk",64.0531
"18113972200","tract",2023,"transportation_state_rnk",77.3221
"18113972300","tract",2023,"transportation_state_rnk",24.8794
"18113972400","tract",2023,"transportation_state_rnk",42.5513
"18113972500","tract",2023,"transportation_state_rnk",18.5766
"18113972600","tract",2023,"transportation_state_rnk",12.1532
"18115965700","tract",2023,"transportation_state_rnk",33.5947
"18115965800","tract",2023,"transportation_state_rnk",10.2835
"18117951300","tract",2023,"transportation_state_rnk",24.5476
"18117951400","tract",2023,"transportation_state_rnk",39.8372
"18117951500","tract",2023,"transportation_state_rnk",45.0844
"18117951600","tract",2023,"transportation_state_rnk",4.9156
"18117951700","tract",2023,"transportation_state_rnk",72.2859
"18117951800","tract",2023,"transportation_state_rnk",28.1665
"18119955500","tract",2023,"transportation_state_rnk",9.1677
"18119955600","tract",2023,"transportation_state_rnk",36.0374
"18119955701","tract",2023,"transportation_state_rnk",30.971
"18119955702","tract",2023,"transportation_state_rnk",49.8191
"18119955800","tract",2023,"transportation_state_rnk",45.6273
"18119955900","tract",2023,"transportation_state_rnk",3.4982
"18121030100","tract",2023,"transportation_state_rnk",82.5392
"18121030200","tract",2023,"transportation_state_rnk",28.4982
"18121030300","tract",2023,"transportation_state_rnk",50.3016
"18121030401","tract",2023,"transportation_state_rnk",65.8022
"18121030402","tract",2023,"transportation_state_rnk",17.9131
"18123952200","tract",2023,"transportation_state_rnk",1.2666
"18123952300","tract",2023,"transportation_state_rnk",7.3884
"18123952400","tract",2023,"transportation_state_rnk",32.3884
"18123952500","tract",2023,"transportation_state_rnk",17.0386
"18123952600","tract",2023,"transportation_state_rnk",42.3703
"18125953900","tract",2023,"transportation_state_rnk",27.4729
"18125954000","tract",2023,"transportation_state_rnk",19.5115
"18125954100","tract",2023,"transportation_state_rnk",0.7841
"18125954200","tract",2023,"transportation_state_rnk",24.8794
"18127050104","tract",2023,"transportation_state_rnk",43.7877
"18127050105","tract",2023,"transportation_state_rnk",9.6803
"18127050106","tract",2023,"transportation_state_rnk",7.7503
"18127050107","tract",2023,"transportation_state_rnk",32.9916
"18127050202","tract",2023,"transportation_state_rnk",89.6864
"18127050203","tract",2023,"transportation_state_rnk",96.8637
"18127050301","tract",2023,"transportation_state_rnk",82.0869
"18127050302","tract",2023,"transportation_state_rnk",87.2135
"18127050405","tract",2023,"transportation_state_rnk",40.8323
"18127050407","tract",2023,"transportation_state_rnk",77.8046
"18127050408","tract",2023,"transportation_state_rnk",83.5344
"18127050409","tract",2023,"transportation_state_rnk",81.1218
"18127050501","tract",2023,"transportation_state_rnk",78.1665
"18127050503","tract",2023,"transportation_state_rnk",75.573
"18127050505","tract",2023,"transportation_state_rnk",12.3643
"18127050506","tract",2023,"transportation_state_rnk",91.4355
"18127050507","tract",2023,"transportation_state_rnk",30.3378
"18127050508","tract",2023,"transportation_state_rnk",75.6936
"18127050509","tract",2023,"transportation_state_rnk",36.8516
"18127050602","tract",2023,"transportation_state_rnk",82.8106
"18127050603","tract",2023,"transportation_state_rnk",78.2268
"18127050605","tract",2023,"transportation_state_rnk",25.5127
"18127050606","tract",2023,"transportation_state_rnk",42.6719
"18127050703","tract",2023,"transportation_state_rnk",38.5404
"18127050704","tract",2023,"transportation_state_rnk",21.7732
"18127050705","tract",2023,"transportation_state_rnk",82.9916
"18127050706","tract",2023,"transportation_state_rnk",93.0639
"18127050801","tract",2023,"transportation_state_rnk",97.4065
"18127050802","tract",2023,"transportation_state_rnk",94.8733
"18127050901","tract",2023,"transportation_state_rnk",57.1773
"18127050902","tract",2023,"transportation_state_rnk",NA
"18127051005","tract",2023,"transportation_state_rnk",19.9337
"18127051006","tract",2023,"transportation_state_rnk",80.3378
"18127051008","tract",2023,"transportation_state_rnk",0.4222
"18127051009","tract",2023,"transportation_state_rnk",30.0965
"18127051010","tract",2023,"transportation_state_rnk",0.8444
"18127051011","tract",2023,"transportation_state_rnk",24.0651
"18127051012","tract",2023,"transportation_state_rnk",2.8347
"18127051101","tract",2023,"transportation_state_rnk",13.0579
"18127051102","tract",2023,"transportation_state_rnk",6.4536
"18127980001","tract",2023,"transportation_state_rnk",NA
"18127980002","tract",2023,"transportation_state_rnk",NA
"18127990000","tract",2023,"transportation_state_rnk",NA
"18129040100","tract",2023,"transportation_state_rnk",36.2485
"18129040200","tract",2023,"transportation_state_rnk",26.0555
"18129040300","tract",2023,"transportation_state_rnk",11.2183
"18129040400","tract",2023,"transportation_state_rnk",4.4029
"18129040500","tract",2023,"transportation_state_rnk",6.6345
"18129040600","tract",2023,"transportation_state_rnk",37.2135
"18129040700","tract",2023,"transportation_state_rnk",29.4934
"18131958900","tract",2023,"transportation_state_rnk",48.7937
"18131959000","tract",2023,"transportation_state_rnk",47.3462
"18131959100","tract",2023,"transportation_state_rnk",31.0615
"18131959200","tract",2023,"transportation_state_rnk",9.9216
"18133956000","tract",2023,"transportation_state_rnk",12.3643
"18133956100","tract",2023,"transportation_state_rnk",3.7998
"18133956200","tract",2023,"transportation_state_rnk",53.9807
"18133956301","tract",2023,"transportation_state_rnk",66.3148
"18133956302","tract",2023,"transportation_state_rnk",16.6466
"18133956401","tract",2023,"transportation_state_rnk",7.6598
"18133956402","tract",2023,"transportation_state_rnk",19.5115
"18133956500","tract",2023,"transportation_state_rnk",38.2388
"18133956600","tract",2023,"transportation_state_rnk",NA
"18135951400","tract",2023,"transportation_state_rnk",15.0483
"18135951500","tract",2023,"transportation_state_rnk",27.0808
"18135951600","tract",2023,"transportation_state_rnk",28.7093
"18135951700","tract",2023,"transportation_state_rnk",37.1532
"18135951800","tract",2023,"transportation_state_rnk",46.2606
"18135951900","tract",2023,"transportation_state_rnk",31.6043
"18135952000","tract",2023,"transportation_state_rnk",32.2979
"18135952100","tract",2023,"transportation_state_rnk",40.9831
"18137968401","tract",2023,"transportation_state_rnk",56.0615
"18137968402","tract",2023,"transportation_state_rnk",38.8721
"18137968500","tract",2023,"transportation_state_rnk",7.0869
"18137968600","tract",2023,"transportation_state_rnk",19.7226
"18137968700","tract",2023,"transportation_state_rnk",16.4958
"18137968800","tract",2023,"transportation_state_rnk",38.7817
"18137968900","tract",2023,"transportation_state_rnk",3.8601
"18139974100","tract",2023,"transportation_state_rnk",5.9409
"18139974200","tract",2023,"transportation_state_rnk",18.1544
"18139974300","tract",2023,"transportation_state_rnk",72.7986
"18139974400","tract",2023,"transportation_state_rnk",29.1918
"18139974500","tract",2023,"transportation_state_rnk",31.5139
"18141000100","tract",2023,"transportation_state_rnk",87.1532
"18141000200","tract",2023,"transportation_state_rnk",83.8058
"18141000301","tract",2023,"transportation_state_rnk",33.8661
"18141000302","tract",2023,"transportation_state_rnk",97.8287
"18141000400","tract",2023,"transportation_state_rnk",96.7431
"18141000500","tract",2023,"transportation_state_rnk",91.7973
"18141000600","tract",2023,"transportation_state_rnk",72.0145
"18141000700","tract",2023,"transportation_state_rnk",51.6888
"18141000800","tract",2023,"transportation_state_rnk",88.2388
"18141000900","tract",2023,"transportation_state_rnk",69.5416
"18141001000","tract",2023,"transportation_state_rnk",97.0446
"18141001100","tract",2023,"transportation_state_rnk",65.38
"18141001200","tract",2023,"transportation_state_rnk",43.4258
"18141001300","tract",2023,"transportation_state_rnk",71.351
"18141001400","tract",2023,"transportation_state_rnk",76.93
"18141001500","tract",2023,"transportation_state_rnk",71.6526
"18141001600","tract",2023,"transportation_state_rnk",43.7274
"18141001700","tract",2023,"transportation_state_rnk",86.1279
"18141001900","tract",2023,"transportation_state_rnk",95.1749
"18141002000","tract",2023,"transportation_state_rnk",99.035
"18141002100","tract",2023,"transportation_state_rnk",85.2835
"18141002200","tract",2023,"transportation_state_rnk",76.3571
"18141002300","tract",2023,"transportation_state_rnk",82.69
"18141002400","tract",2023,"transportation_state_rnk",88.7817
"18141002500","tract",2023,"transportation_state_rnk",55.3076
"18141002600","tract",2023,"transportation_state_rnk",84.7708
"18141002700","tract",2023,"transportation_state_rnk",NA
"18141002800","tract",2023,"transportation_state_rnk",53.3172
"18141002900","tract",2023,"transportation_state_rnk",45.7177
"18141003000","tract",2023,"transportation_state_rnk",62.8468
"18141003100","tract",2023,"transportation_state_rnk",87.0929
"18141003200","tract",2023,"transportation_state_rnk",72.8589
"18141003300","tract",2023,"transportation_state_rnk",68.3957
"18141003400","tract",2023,"transportation_state_rnk",76.2364
"18141003500","tract",2023,"transportation_state_rnk",62.5452
"18141010100","tract",2023,"transportation_state_rnk",74.8492
"18141010201","tract",2023,"transportation_state_rnk",68.5163
"18141010202","tract",2023,"transportation_state_rnk",94.9337
"18141010300","tract",2023,"transportation_state_rnk",70.7479
"18141010400","tract",2023,"transportation_state_rnk",59.801
"18141010500","tract",2023,"transportation_state_rnk",61.0977
"18141010600","tract",2023,"transportation_state_rnk",61.2183
"18141010700","tract",2023,"transportation_state_rnk",54.1013
"18141010800","tract",2023,"transportation_state_rnk",27.1411
"18141010901","tract",2023,"transportation_state_rnk",23.3112
"18141010902","tract",2023,"transportation_state_rnk",9.047
"18141011001","tract",2023,"transportation_state_rnk",34.0169
"18141011002","tract",2023,"transportation_state_rnk",34.3185
"18141011100","tract",2023,"transportation_state_rnk",60.3739
"18141011203","tract",2023,"transportation_state_rnk",NA
"18141011303","tract",2023,"transportation_state_rnk",53.076
"18141011304","tract",2023,"transportation_state_rnk",35.8866
"18141011305","tract",2023,"transportation_state_rnk",18.6972
"18141011306","tract",2023,"transportation_state_rnk",52.5633
"18141011307","tract",2023,"transportation_state_rnk",23.9747
"18141011308","tract",2023,"transportation_state_rnk",30.6695
"18141011309","tract",2023,"transportation_state_rnk",46.924
"18141011310","tract",2023,"transportation_state_rnk",72.6176
"18141011403","tract",2023,"transportation_state_rnk",57.3281
"18141011404","tract",2023,"transportation_state_rnk",50.9047
"18141011405","tract",2023,"transportation_state_rnk",53.8299
"18141011406","tract",2023,"transportation_state_rnk",55.9107
"18141011501","tract",2023,"transportation_state_rnk",75.0905
"18141011503","tract",2023,"transportation_state_rnk",7.9614
"18141011504","tract",2023,"transportation_state_rnk",24.1556
"18141011505","tract",2023,"transportation_state_rnk",55.0663
"18141011506","tract",2023,"transportation_state_rnk",79.4934
"18141011602","tract",2023,"transportation_state_rnk",29.2521
"18141011603","tract",2023,"transportation_state_rnk",34.4391
"18141011604","tract",2023,"transportation_state_rnk",52.2919
"18141011701","tract",2023,"transportation_state_rnk",57.0869
"18141011703","tract",2023,"transportation_state_rnk",70.5971
"18141011704","tract",2023,"transportation_state_rnk",75.0905
"18141011801","tract",2023,"transportation_state_rnk",28.7093
"18141011803","tract",2023,"transportation_state_rnk",62.0627
"18141011804","tract",2023,"transportation_state_rnk",70.2352
"18141011900","tract",2023,"transportation_state_rnk",59.9517
"18141012000","tract",2023,"transportation_state_rnk",19.1797
"18141012100","tract",2023,"transportation_state_rnk",15.199
"18141012200","tract",2023,"transportation_state_rnk",34.6803
"18141012300","tract",2023,"transportation_state_rnk",23.1001
"18141012400","tract",2023,"transportation_state_rnk",42.0989
"18143966700","tract",2023,"transportation_state_rnk",20.9288
"18143966800","tract",2023,"transportation_state_rnk",27.9554
"18143966900","tract",2023,"transportation_state_rnk",23.7033
"18143967000","tract",2023,"transportation_state_rnk",26.7491
"18143967100","tract",2023,"transportation_state_rnk",36.339
"18145710100","tract",2023,"transportation_state_rnk",22.0748
"18145710200","tract",2023,"transportation_state_rnk",2.7744
"18145710300","tract",2023,"transportation_state_rnk",30.6695
"18145710400","tract",2023,"transportation_state_rnk",36.1279
"18145710500","tract",2023,"transportation_state_rnk",44.4511
"18145710601","tract",2023,"transportation_state_rnk",89.2039
"18145710602","tract",2023,"transportation_state_rnk",86.4897
"18145710700","tract",2023,"transportation_state_rnk",63.6912
"18145710800","tract",2023,"transportation_state_rnk",27.4729
"18145710900","tract",2023,"transportation_state_rnk",8.7756
"18147952701","tract",2023,"transportation_state_rnk",6.0615
"18147952702","tract",2023,"transportation_state_rnk",2.9554
"18147952800","tract",2023,"transportation_state_rnk",10.2835
"18147952900","tract",2023,"transportation_state_rnk",2.6538
"18147953000","tract",2023,"transportation_state_rnk",6.725
"18147953100","tract",2023,"transportation_state_rnk",35.3136
"18149953600","tract",2023,"transportation_state_rnk",47.7081
"18149953700","tract",2023,"transportation_state_rnk",4.5235
"18149953800","tract",2023,"transportation_state_rnk",31.8758
"18149953900","tract",2023,"transportation_state_rnk",5.6695
"18149954000","tract",2023,"transportation_state_rnk",49.6381
"18149954100","tract",2023,"transportation_state_rnk",21.8938
"18149954200","tract",2023,"transportation_state_rnk",20.4162
"18151970800","tract",2023,"transportation_state_rnk",29.1013
"18151970900","tract",2023,"transportation_state_rnk",41.7973
"18151971000","tract",2023,"transportation_state_rnk",20.6574
"18151971100","tract",2023,"transportation_state_rnk",12.8468
"18151971200","tract",2023,"transportation_state_rnk",1.5682
"18151971300","tract",2023,"transportation_state_rnk",44.5718
"18151971400","tract",2023,"transportation_state_rnk",50.6333
"18151971500","tract",2023,"transportation_state_rnk",13.4499
"18151971600","tract",2023,"transportation_state_rnk",17.7925
"18153050101","tract",2023,"transportation_state_rnk",17.4306
"18153050102","tract",2023,"transportation_state_rnk",44.8432
"18153050200","tract",2023,"transportation_state_rnk",2.1713
"18153050301","tract",2023,"transportation_state_rnk",37.696
"18153050302","tract",2023,"transportation_state_rnk",0.1206
"18153050400","tract",2023,"transportation_state_rnk",21.6526
"18153050501","tract",2023,"transportation_state_rnk",NA
"18153050502","tract",2023,"transportation_state_rnk",23.9747
"18155965700","tract",2023,"transportation_state_rnk",5.3679
"18155965800","tract",2023,"transportation_state_rnk",23.7033
"18155965900","tract",2023,"transportation_state_rnk",41.4053
"18157000100","tract",2023,"transportation_state_rnk",82.1472
"18157000200","tract",2023,"transportation_state_rnk",80.0362
"18157000300","tract",2023,"transportation_state_rnk",79.7045
"18157000400","tract",2023,"transportation_state_rnk",99.1858
"18157000700","tract",2023,"transportation_state_rnk",69.3607
"18157000800","tract",2023,"transportation_state_rnk",38.9626
"18157001000","tract",2023,"transportation_state_rnk",54.9457
"18157001100","tract",2023,"transportation_state_rnk",84.5899
"18157001200","tract",2023,"transportation_state_rnk",36.8516
"18157001300","tract",2023,"transportation_state_rnk",75.9952
"18157001400","tract",2023,"transportation_state_rnk",76.7793
"18157001501","tract",2023,"transportation_state_rnk",90.8323
"18157001502","tract",2023,"transportation_state_rnk",72.5573
"18157001601","tract",2023,"transportation_state_rnk",25.6333
"18157001602","tract",2023,"transportation_state_rnk",63.3896
"18157001603","tract",2023,"transportation_state_rnk",71.4113
"18157001701","tract",2023,"transportation_state_rnk",85.1327
"18157001702","tract",2023,"transportation_state_rnk",38.5404
"18157001800","tract",2023,"transportation_state_rnk",71.1098
"18157001900","tract",2023,"transportation_state_rnk",73.8239
"18157005101","tract",2023,"transportation_state_rnk",98.9747
"18157005102","tract",2023,"transportation_state_rnk",83.2027
"18157005200","tract",2023,"transportation_state_rnk",96.2606
"18157005401","tract",2023,"transportation_state_rnk",99.7587
"18157005402","tract",2023,"transportation_state_rnk",99.8794
"18157005500","tract",2023,"transportation_state_rnk",100
"18157010100","tract",2023,"transportation_state_rnk",23.2207
"18157010201","tract",2023,"transportation_state_rnk",15.9228
"18157010205","tract",2023,"transportation_state_rnk",91.3752
"18157010206","tract",2023,"transportation_state_rnk",80.76
"18157010207","tract",2023,"transportation_state_rnk",8.2328
"18157010208","tract",2023,"transportation_state_rnk",89.1435
"18157010209","tract",2023,"transportation_state_rnk",78.7394
"18157010400","tract",2023,"transportation_state_rnk",NA
"18157010500","tract",2023,"transportation_state_rnk",NA
"18157010600","tract",2023,"transportation_state_rnk",9.2581
"18157010700","tract",2023,"transportation_state_rnk",3.2569
"18157010800","tract",2023,"transportation_state_rnk",13.8118
"18157010901","tract",2023,"transportation_state_rnk",21.1701
"18157010902","tract",2023,"transportation_state_rnk",4.1013
"18157011000","tract",2023,"transportation_state_rnk",2.5633
"18157011100","tract",2023,"transportation_state_rnk",98.7937
"18157011200","tract",2023,"transportation_state_rnk",NA
"18159020100","tract",2023,"transportation_state_rnk",12.2437
"18159020200","tract",2023,"transportation_state_rnk",1.4777
"18159020300","tract",2023,"transportation_state_rnk",18.0639
"18159020401","tract",2023,"transportation_state_rnk",47.2859
"18159020402","tract",2023,"transportation_state_rnk",33.0519
"18161960700","tract",2023,"transportation_state_rnk",25.1508
"18161960800","tract",2023,"transportation_state_rnk",0.965
"18163000100","tract",2023,"transportation_state_rnk",78.4077
"18163000203","tract",2023,"transportation_state_rnk",17.3402
"18163000204","tract",2023,"transportation_state_rnk",70.8987
"18163000205","tract",2023,"transportation_state_rnk",71.2304
"18163000300","tract",2023,"transportation_state_rnk",96.8034
"18163000400","tract",2023,"transportation_state_rnk",77.0205
"18163000500","tract",2023,"transportation_state_rnk",57.5995
"18163000600","tract",2023,"transportation_state_rnk",51.4174
"18163000800","tract",2023,"transportation_state_rnk",55.971
"18163000900","tract",2023,"transportation_state_rnk",62.2437
"18163001000","tract",2023,"transportation_state_rnk",67.6116
"18163001101","tract",2023,"transportation_state_rnk",91.1942
"18163001200","tract",2023,"transportation_state_rnk",88.4499
"18163001300","tract",2023,"transportation_state_rnk",86.9723
"18163001400","tract",2023,"transportation_state_rnk",61.5802
"18163001500","tract",2023,"transportation_state_rnk",59.7105
"18163001700","tract",2023,"transportation_state_rnk",42.3703
"18163001800","tract",2023,"transportation_state_rnk",82.5392
"18163001900","tract",2023,"transportation_state_rnk",40.5911
"18163002000","tract",2023,"transportation_state_rnk",50.1809
"18163002100","tract",2023,"transportation_state_rnk",58.3233
"18163002300","tract",2023,"transportation_state_rnk",87.8166
"18163002400","tract",2023,"transportation_state_rnk",70.386
"18163002500","tract",2023,"transportation_state_rnk",76.4174
"18163002600","tract",2023,"transportation_state_rnk",73.5525
"18163003000","tract",2023,"transportation_state_rnk",58.1423
"18163003100","tract",2023,"transportation_state_rnk",64.415
"18163003200","tract",2023,"transportation_state_rnk",79.1918
"18163003300","tract",2023,"transportation_state_rnk",68.3353
"18163003400","tract",2023,"transportation_state_rnk",41.9783
"18163003500","tract",2023,"transportation_state_rnk",50.4222
"18163003600","tract",2023,"transportation_state_rnk",71.1701
"18163003701","tract",2023,"transportation_state_rnk",39.415
"18163003702","tract",2023,"transportation_state_rnk",97.4668
"18163003801","tract",2023,"transportation_state_rnk",92.4005
"18163003803","tract",2023,"transportation_state_rnk",56.9361
"18163003805","tract",2023,"transportation_state_rnk",60.8565
"18163003900","tract",2023,"transportation_state_rnk",32.8709
"18163010101","tract",2023,"transportation_state_rnk",95.5368
"18163010102","tract",2023,"transportation_state_rnk",73.9144
"18163010204","tract",2023,"transportation_state_rnk",54.4331
"18163010205","tract",2023,"transportation_state_rnk",12.5452
"18163010206","tract",2023,"transportation_state_rnk",6.725
"18163010207","tract",2023,"transportation_state_rnk",24.6683
"18163010208","tract",2023,"transportation_state_rnk",17.0386
"18163010404","tract",2023,"transportation_state_rnk",51.93
"18163010405","tract",2023,"transportation_state_rnk",NA
"18163010406","tract",2023,"transportation_state_rnk",20.0844
"18163010501","tract",2023,"transportation_state_rnk",2.2618
"18163010502","tract",2023,"transportation_state_rnk",11.7008
"18163010600","tract",2023,"transportation_state_rnk",6.2123
"18163010701","tract",2023,"transportation_state_rnk",30.2774
"18163010702","tract",2023,"transportation_state_rnk",20.9288
"18163010800","tract",2023,"transportation_state_rnk",42.2195
"18163980100","tract",2023,"transportation_state_rnk",NA
"18163980200","tract",2023,"transportation_state_rnk",NA
"18163980300","tract",2023,"transportation_state_rnk",NA
"18163980500","tract",2023,"transportation_state_rnk",NA
"18163980600","tract",2023,"transportation_state_rnk",NA
"18165020100","tract",2023,"transportation_state_rnk",20.9288
"18165020200","tract",2023,"transportation_state_rnk",5.0965
"18165020300","tract",2023,"transportation_state_rnk",9.801
"18165020400","tract",2023,"transportation_state_rnk",5.76
"18165020500","tract",2023,"transportation_state_rnk",50.9047
"18167000300","tract",2023,"transportation_state_rnk",92.8227
"18167000400","tract",2023,"transportation_state_rnk",94.3305
"18167000500","tract",2023,"transportation_state_rnk",90.0483
"18167000600","tract",2023,"transportation_state_rnk",85.1327
"18167000700","tract",2023,"transportation_state_rnk",48.462
"18167000900","tract",2023,"transportation_state_rnk",49.3366
"18167001000","tract",2023,"transportation_state_rnk",57.7201
"18167001100","tract",2023,"transportation_state_rnk",89.5959
"18167001200","tract",2023,"transportation_state_rnk",48.2509
"18167001300","tract",2023,"transportation_state_rnk",34.1978
"18167001400","tract",2023,"transportation_state_rnk",60.7358
"18167001500","tract",2023,"transportation_state_rnk",60.1025
"18167001600","tract",2023,"transportation_state_rnk",69.1797
"18167001700","tract",2023,"transportation_state_rnk",75.392
"18167001800","tract",2023,"transportation_state_rnk",89.5054
"18167001900","tract",2023,"transportation_state_rnk",86.9723
"18167010100","tract",2023,"transportation_state_rnk",45.8082
"18167010201","tract",2023,"transportation_state_rnk",56.1821
"18167010202","tract",2023,"transportation_state_rnk",62.6055
"18167010300","tract",2023,"transportation_state_rnk",28.4077
"18167010400","tract",2023,"transportation_state_rnk",3.3172
"18167010500","tract",2023,"transportation_state_rnk",87.3945
"18167010601","tract",2023,"transportation_state_rnk",22.7684
"18167010602","tract",2023,"transportation_state_rnk",19.0591
"18167010702","tract",2023,"transportation_state_rnk",16.345
"18167010703","tract",2023,"transportation_state_rnk",62.6659
"18167010704","tract",2023,"transportation_state_rnk",44.8432
"18167011000","tract",2023,"transportation_state_rnk",17.2497
"18167011101","tract",2023,"transportation_state_rnk",84.9819
"18167011102","tract",2023,"transportation_state_rnk",NA
"18167011201","tract",2023,"transportation_state_rnk",NA
"18167011202","tract",2023,"transportation_state_rnk",25.6333
"18169102200","tract",2023,"transportation_state_rnk",46.5621
"18169102300","tract",2023,"transportation_state_rnk",1.8999
"18169102400","tract",2023,"transportation_state_rnk",25.1508
"18169102500","tract",2023,"transportation_state_rnk",12.9674
"18169102600","tract",2023,"transportation_state_rnk",72.9493
"18169102700","tract",2023,"transportation_state_rnk",67.1894
"18169102800","tract",2023,"transportation_state_rnk",77.5633
"18169102900","tract",2023,"transportation_state_rnk",25.3317
"18171951001","tract",2023,"transportation_state_rnk",15.199
"18171951002","tract",2023,"transportation_state_rnk",27.9554
"18171951100","tract",2023,"transportation_state_rnk",28.4982
"18173030100","tract",2023,"transportation_state_rnk",18.7575
"18173030200","tract",2023,"transportation_state_rnk",20.0844
"18173030300","tract",2023,"transportation_state_rnk",27.2316
"18173030400","tract",2023,"transportation_state_rnk",65.4403
"18173030501","tract",2023,"transportation_state_rnk",18.3655
"18173030502","tract",2023,"transportation_state_rnk",1.9903
"18173030601","tract",2023,"transportation_state_rnk",20.4162
"18173030602","tract",2023,"transportation_state_rnk",37.0929
"18173030703","tract",2023,"transportation_state_rnk",63.269
"18173030704","tract",2023,"transportation_state_rnk",16.5862
"18173030706","tract",2023,"transportation_state_rnk",8.0519
"18173030707","tract",2023,"transportation_state_rnk",47.1049
"18173030708","tract",2023,"transportation_state_rnk",54.3124
"18173030709","tract",2023,"transportation_state_rnk",55.6393
"18173030801","tract",2023,"transportation_state_rnk",8.2328
"18173030802","tract",2023,"transportation_state_rnk",36.8516
"18175967200","tract",2023,"transportation_state_rnk",4.9156
"18175967300","tract",2023,"transportation_state_rnk",28.7093
"18175967400","tract",2023,"transportation_state_rnk",31.7853
"18175967500","tract",2023,"transportation_state_rnk",49.2762
"18175967600","tract",2023,"transportation_state_rnk",10.0121
"18175967701","tract",2023,"transportation_state_rnk",28.076
"18175967702","tract",2023,"transportation_state_rnk",44.1797
"18177000200","tract",2023,"transportation_state_rnk",98.4318
"18177000400","tract",2023,"transportation_state_rnk",44.1797
"18177000500","tract",2023,"transportation_state_rnk",72.4065
"18177000600","tract",2023,"transportation_state_rnk",39.415
"18177000700","tract",2023,"transportation_state_rnk",26.4174
"18177000800","tract",2023,"transportation_state_rnk",86.7913
"18177000900","tract",2023,"transportation_state_rnk",73.7033
"18177001000","tract",2023,"transportation_state_rnk",66.8275
"18177001101","tract",2023,"transportation_state_rnk",50.6333
"18177001102","tract",2023,"transportation_state_rnk",47.1954
"18177010100","tract",2023,"transportation_state_rnk",20.5669
"18177010200","tract",2023,"transportation_state_rnk",47.7684
"18177010300","tract",2023,"transportation_state_rnk",37.8468
"18177010400","tract",2023,"transportation_state_rnk",33.3534
"18177010500","tract",2023,"transportation_state_rnk",10.2835
"18177010600","tract",2023,"transportation_state_rnk",22.2859
"18177010700","tract",2023,"transportation_state_rnk",2.7141
"18177010800","tract",2023,"transportation_state_rnk",21.6526
"18179040100","tract",2023,"transportation_state_rnk",13.8118
"18179040200","tract",2023,"transportation_state_rnk",5.8504
"18179040300","tract",2023,"transportation_state_rnk",3.1966
"18179040400","tract",2023,"transportation_state_rnk",31.8758
"18179040500","tract",2023,"transportation_state_rnk",29.8854
"18179040600","tract",2023,"transportation_state_rnk",30.006
"18179040700","tract",2023,"transportation_state_rnk",0.6634
"18181958100","tract",2023,"transportation_state_rnk",32.509
"18181958200","tract",2023,"transportation_state_rnk",17.9131
"18181958300","tract",2023,"transportation_state_rnk",15.8323
"18181958400","tract",2023,"transportation_state_rnk",10.6454
"18181958501","tract",2023,"transportation_state_rnk",35.7057
"18181958502","tract",2023,"transportation_state_rnk",11.158
"18181958600","tract",2023,"transportation_state_rnk",71.0193
"18181958700","tract",2023,"transportation_state_rnk",35.8263
"18181958800","tract",2023,"transportation_state_rnk",27.3221
"18183050100","tract",2023,"transportation_state_rnk",30.006
"18183050200","tract",2023,"transportation_state_rnk",9.047
"18183050300","tract",2023,"transportation_state_rnk",43.8782
"18183050401","tract",2023,"transportation_state_rnk",65.9831
"18183050402","tract",2023,"transportation_state_rnk",22.5573
"18183050500","tract",2023,"transportation_state_rnk",32.7201
"18183050600","tract",2023,"transportation_state_rnk",0.3619
"18183050700","tract",2023,"transportation_state_rnk",1.0253
