"geoid","geolevel","year","level","value"
"49001100100","tract",2023,"transportation_score",85.16
"49001100200","tract",2023,"transportation_score",83.74
"49003960100","tract",2023,"transportation_score",85.87
"49003960200","tract",2023,"transportation_score",84.77
"49003960301","tract",2023,"transportation_score",85.2
"49003960302","tract",2023,"transportation_score",87.13
"49003960400","tract",2023,"transportation_score",84.95
"49003960500","tract",2023,"transportation_score",87.47
"49003960601","tract",2023,"transportation_score",93.53
"49003960602","tract",2023,"transportation_score",82.42
"49003960701","tract",2023,"transportation_score",89.13
"49003960702","tract",2023,"transportation_score",94.58
"49003960801","tract",2023,"transportation_score",85.02
"49003960802","tract",2023,"transportation_score",82.78
"49005000101","tract",2023,"transportation_score",87.13
"49005000102","tract",2023,"transportation_score",89.69
"49005000201","tract",2023,"transportation_score",85.42
"49005000202","tract",2023,"transportation_score",96.8
"49005000301","tract",2023,"transportation_score",86.46
"49005000302","tract",2023,"transportation_score",89.35
"49005000401","tract",2023,"transportation_score",106.69
"49005000402","tract",2023,"transportation_score",93.62
"49005000403","tract",2023,"transportation_score",87.94
"49005000501","tract",2023,"transportation_score",100.22
"49005000502","tract",2023,"transportation_score",88.52
"49005000601","tract",2023,"transportation_score",105.63
"49005000602","tract",2023,"transportation_score",102.62
"49005000701","tract",2023,"transportation_score",103.78
"49005000702","tract",2023,"transportation_score",NA
"49005000800","tract",2023,"transportation_score",114.29
"49005000900","tract",2023,"transportation_score",113.19
"49005001001","tract",2023,"transportation_score",97.23
"49005001002","tract",2023,"transportation_score",99.34
"49005001101","tract",2023,"transportation_score",88.14
"49005001102","tract",2023,"transportation_score",98.31
"49005001201","tract",2023,"transportation_score",86.67
"49005001202","tract",2023,"transportation_score",84.19
"49005001300","tract",2023,"transportation_score",84.68
"49005001401","tract",2023,"transportation_score",85.6
"49005001402","tract",2023,"transportation_score",95.04
"49005001500","tract",2023,"transportation_score",83.03
"49005980100","tract",2023,"transportation_score",84.89
"49007000100","tract",2023,"transportation_score",84.47
"49007000200","tract",2023,"transportation_score",87.34
"49007000300","tract",2023,"transportation_score",96.68
"49007000500","tract",2023,"transportation_score",86.25
"49007000600","tract",2023,"transportation_score",83.07
"49009960100","tract",2023,"transportation_score",91.94
"49011125102","tract",2023,"transportation_score",88.23
"49011125103","tract",2023,"transportation_score",87.21
"49011125104","tract",2023,"transportation_score",85.77
"49011125201","tract",2023,"transportation_score",85.55
"49011125301","tract",2023,"transportation_score",86.71
"49011125304","tract",2023,"transportation_score",87.32
"49011125305","tract",2023,"transportation_score",86.12
"49011125306","tract",2023,"transportation_score",83.02
"49011125307","tract",2023,"transportation_score",81.93
"49011125407","tract",2023,"transportation_score",85.15
"49011125408","tract",2023,"transportation_score",83.63
"49011125409","tract",2023,"transportation_score",84.32
"49011125410","tract",2023,"transportation_score",84.24
"49011125411","tract",2023,"transportation_score",89.51
"49011125412","tract",2023,"transportation_score",88.36
"49011125413","tract",2023,"transportation_score",87.23
"49011125414","tract",2023,"transportation_score",85.52
"49011125415","tract",2023,"transportation_score",85.21
"49011125501","tract",2023,"transportation_score",89.62
"49011125502","tract",2023,"transportation_score",86.04
"49011125503","tract",2023,"transportation_score",83.35
"49011125600","tract",2023,"transportation_score",26.3
"49011125701","tract",2023,"transportation_score",93.84
"49011125702","tract",2023,"transportation_score",90.83
"49011125801","tract",2023,"transportation_score",90.55
"49011125804","tract",2023,"transportation_score",84.45
"49011125805","tract",2023,"transportation_score",90
"49011125807","tract",2023,"transportation_score",93.26
"49011125809","tract",2023,"transportation_score",98.33
"49011125810","tract",2023,"transportation_score",89.36
"49011125905","tract",2023,"transportation_score",86.98
"49011125906","tract",2023,"transportation_score",87.21
"49011125907","tract",2023,"transportation_score",86.72
"49011125908","tract",2023,"transportation_score",87.24
"49011126001","tract",2023,"transportation_score",91.34
"49011126002","tract",2023,"transportation_score",85.95
"49011126101","tract",2023,"transportation_score",89.49
"49011126105","tract",2023,"transportation_score",85.71
"49011126106","tract",2023,"transportation_score",83.24
"49011126107","tract",2023,"transportation_score",89.98
"49011126108","tract",2023,"transportation_score",87.36
"49011126203","tract",2023,"transportation_score",84.77
"49011126204","tract",2023,"transportation_score",89.09
"49011126205","tract",2023,"transportation_score",91.63
"49011126206","tract",2023,"transportation_score",84.65
"49011126303","tract",2023,"transportation_score",89.5
"49011126304","tract",2023,"transportation_score",88.85
"49011126305","tract",2023,"transportation_score",90.93
"49011126306","tract",2023,"transportation_score",91.35
"49011126402","tract",2023,"transportation_score",86.61
"49011126404","tract",2023,"transportation_score",85.43
"49011126405","tract",2023,"transportation_score",84.99
"49011126406","tract",2023,"transportation_score",92.36
"49011126500","tract",2023,"transportation_score",87.4
"49011126600","tract",2023,"transportation_score",91.9
"49011126700","tract",2023,"transportation_score",94.12
"49011126801","tract",2023,"transportation_score",91.06
"49011126802","tract",2023,"transportation_score",88.09
"49011126901","tract",2023,"transportation_score",90.4
"49011126902","tract",2023,"transportation_score",92.45
"49011127002","tract",2023,"transportation_score",87.11
"49011127003","tract",2023,"transportation_score",86.27
"49011127005","tract",2023,"transportation_score",84.37
"49011127006","tract",2023,"transportation_score",84.84
"49011127100","tract",2023,"transportation_score",88.4
"49011980000","tract",2023,"transportation_score",NA
"49013940300","tract",2023,"transportation_score",85.32
"49013940501","tract",2023,"transportation_score",91.56
"49013940502","tract",2023,"transportation_score",87.51
"49013940600","tract",2023,"transportation_score",85.71
"49015976200","tract",2023,"transportation_score",82.78
"49015976300","tract",2023,"transportation_score",82.28
"49015976500","tract",2023,"transportation_score",83.53
"49017000300","tract",2023,"transportation_score",85.47
"49017000400","tract",2023,"transportation_score",94.59
"49019000200","tract",2023,"transportation_score",91.51
"49019000301","tract",2023,"transportation_score",85.2
"49019000302","tract",2023,"transportation_score",90.15
"49021110100","tract",2023,"transportation_score",87.48
"49021110201","tract",2023,"transportation_score",90.82
"49021110202","tract",2023,"transportation_score",84.13
"49021110300","tract",2023,"transportation_score",87.03
"49021110400","tract",2023,"transportation_score",99.08
"49021110501","tract",2023,"transportation_score",94.36
"49021110502","tract",2023,"transportation_score",89.62
"49021110601","tract",2023,"transportation_score",104.7
"49021110602","tract",2023,"transportation_score",101.71
"49021110702","tract",2023,"transportation_score",86.67
"49021110703","tract",2023,"transportation_score",84.88
"49021110704","tract",2023,"transportation_score",97.8
"49023010100","tract",2023,"transportation_score",82.56
"49023010200","tract",2023,"transportation_score",89.61
"49025130100","tract",2023,"transportation_score",87.99
"49025130200","tract",2023,"transportation_score",88.01
"49027974100","tract",2023,"transportation_score",86.4
"49027974200","tract",2023,"transportation_score",80.37
"49027974300","tract",2023,"transportation_score",84.04
"49029970101","tract",2023,"transportation_score",83.87
"49029970102","tract",2023,"transportation_score",85.72
"49029970200","tract",2023,"transportation_score",81.06
"49031960100","tract",2023,"transportation_score",90.45
"49033950100","tract",2023,"transportation_score",91.4
"49035100100","tract",2023,"transportation_score",100.36
"49035100200","tract",2023,"transportation_score",92.43
"49035100306","tract",2023,"transportation_score",113.6
"49035100307","tract",2023,"transportation_score",93.52
"49035100308","tract",2023,"transportation_score",107.05
"49035100500","tract",2023,"transportation_score",107.5
"49035100600","tract",2023,"transportation_score",110.93
"49035100700","tract",2023,"transportation_score",106.36
"49035100800","tract",2023,"transportation_score",106.26
"49035101000","tract",2023,"transportation_score",116.2
"49035101101","tract",2023,"transportation_score",114.49
"49035101102","tract",2023,"transportation_score",119.92
"49035101200","tract",2023,"transportation_score",105.58
"49035101401","tract",2023,"transportation_score",NA
"49035101402","tract",2023,"transportation_score",NA
"49035101500","tract",2023,"transportation_score",124.19
"49035101600","tract",2023,"transportation_score",114.93
"49035101700","tract",2023,"transportation_score",114.41
"49035101800","tract",2023,"transportation_score",113.23
"49035101900","tract",2023,"transportation_score",140.81
"49035102000","tract",2023,"transportation_score",101.49
"49035102100","tract",2023,"transportation_score",134.06
"49035102300","tract",2023,"transportation_score",124.81
"49035102501","tract",2023,"transportation_score",118.06
"49035102502","tract",2023,"transportation_score",123.82
"49035102600","tract",2023,"transportation_score",106.26
"49035102701","tract",2023,"transportation_score",103.29
"49035102702","tract",2023,"transportation_score",109.97
"49035102801","tract",2023,"transportation_score",104.33
"49035102802","tract",2023,"transportation_score",96.3
"49035102900","tract",2023,"transportation_score",115.95
"49035103000","tract",2023,"transportation_score",99.52
"49035103100","tract",2023,"transportation_score",103.62
"49035103200","tract",2023,"transportation_score",105.53
"49035103300","tract",2023,"transportation_score",102.9
"49035103400","tract",2023,"transportation_score",107.16
"49035103500","tract",2023,"transportation_score",106.55
"49035103600","tract",2023,"transportation_score",95.35
"49035103700","tract",2023,"transportation_score",102.26
"49035103800","tract",2023,"transportation_score",94.7
"49035103900","tract",2023,"transportation_score",92.14
"49035104000","tract",2023,"transportation_score",101.82
"49035104100","tract",2023,"transportation_score",100.92
"49035104200","tract",2023,"transportation_score",99.33
"49035104300","tract",2023,"transportation_score",94.06
"49035104400","tract",2023,"transportation_score",85.94
"49035104700","tract",2023,"transportation_score",101.56
"49035104800","tract",2023,"transportation_score",101.26
"49035104900","tract",2023,"transportation_score",112.76
"49035110103","tract",2023,"transportation_score",99.94
"49035110104","tract",2023,"transportation_score",97.45
"49035110105","tract",2023,"transportation_score",91.34
"49035110106","tract",2023,"transportation_score",101.3
"49035110200","tract",2023,"transportation_score",100.02
"49035110300","tract",2023,"transportation_score",97.47
"49035110401","tract",2023,"transportation_score",104.43
"49035110402","tract",2023,"transportation_score",88.7
"49035110500","tract",2023,"transportation_score",106.42
"49035110600","tract",2023,"transportation_score",99.72
"49035110701","tract",2023,"transportation_score",95.03
"49035110702","tract",2023,"transportation_score",96.07
"49035110800","tract",2023,"transportation_score",99.98
"49035110900","tract",2023,"transportation_score",99.39
"49035111001","tract",2023,"transportation_score",86.39
"49035111002","tract",2023,"transportation_score",99.4
"49035111104","tract",2023,"transportation_score",91.54
"49035111105","tract",2023,"transportation_score",98.02
"49035111106","tract",2023,"transportation_score",104.32
"49035111107","tract",2023,"transportation_score",92.41
"49035111108","tract",2023,"transportation_score",101.78
"49035111109","tract",2023,"transportation_score",97.53
"49035111201","tract",2023,"transportation_score",106.31
"49035111202","tract",2023,"transportation_score",102.47
"49035111302","tract",2023,"transportation_score",100.43
"49035111304","tract",2023,"transportation_score",89.92
"49035111305","tract",2023,"transportation_score",101.41
"49035111306","tract",2023,"transportation_score",92.52
"49035111400","tract",2023,"transportation_score",106.93
"49035111500","tract",2023,"transportation_score",99.48
"49035111601","tract",2023,"transportation_score",99.64
"49035111602","tract",2023,"transportation_score",97.78
"49035111701","tract",2023,"transportation_score",103.68
"49035111702","tract",2023,"transportation_score",103.67
"49035111801","tract",2023,"transportation_score",107.82
"49035111802","tract",2023,"transportation_score",104.94
"49035111903","tract",2023,"transportation_score",89.26
"49035111904","tract",2023,"transportation_score",106.79
"49035111905","tract",2023,"transportation_score",104.86
"49035111906","tract",2023,"transportation_score",104.52
"49035112001","tract",2023,"transportation_score",104.68
"49035112002","tract",2023,"transportation_score",100.65
"49035112101","tract",2023,"transportation_score",118.69
"49035112102","tract",2023,"transportation_score",102.72
"49035112201","tract",2023,"transportation_score",95.91
"49035112202","tract",2023,"transportation_score",90.86
"49035112301","tract",2023,"transportation_score",104.8
"49035112302","tract",2023,"transportation_score",95.37
"49035112402","tract",2023,"transportation_score",101.49
"49035112404","tract",2023,"transportation_score",119.24
"49035112405","tract",2023,"transportation_score",102.6
"49035112406","tract",2023,"transportation_score",102.21
"49035112501","tract",2023,"transportation_score",101.18
"49035112503","tract",2023,"transportation_score",101.76
"49035112504","tract",2023,"transportation_score",105
"49035112505","tract",2023,"transportation_score",107.84
"49035112604","tract",2023,"transportation_score",99.05
"49035112608","tract",2023,"transportation_score",99.22
"49035112609","tract",2023,"transportation_score",83.98
"49035112610","tract",2023,"transportation_score",104.26
"49035112611","tract",2023,"transportation_score",86.97
"49035112612","tract",2023,"transportation_score",100.64
"49035112613","tract",2023,"transportation_score",89.38
"49035112614","tract",2023,"transportation_score",99.74
"49035112615","tract",2023,"transportation_score",95.64
"49035112616","tract",2023,"transportation_score",99.15
"49035112617","tract",2023,"transportation_score",100.14
"49035112618","tract",2023,"transportation_score",88.86
"49035112619","tract",2023,"transportation_score",94.88
"49035112620","tract",2023,"transportation_score",102.43
"49035112621","tract",2023,"transportation_score",106.21
"49035112700","tract",2023,"transportation_score",104
"49035112804","tract",2023,"transportation_score",100.18
"49035112805","tract",2023,"transportation_score",88.17
"49035112812","tract",2023,"transportation_score",92.39
"49035112813","tract",2023,"transportation_score",98.88
"49035112814","tract",2023,"transportation_score",107.27
"49035112815","tract",2023,"transportation_score",87.11
"49035112816","tract",2023,"transportation_score",97.02
"49035112818","tract",2023,"transportation_score",NA
"49035112821","tract",2023,"transportation_score",98.83
"49035112822","tract",2023,"transportation_score",100.13
"49035112823","tract",2023,"transportation_score",104.28
"49035112824","tract",2023,"transportation_score",106.54
"49035112825","tract",2023,"transportation_score",94.86
"49035112826","tract",2023,"transportation_score",88.33
"49035112827","tract",2023,"transportation_score",91.36
"49035112828","tract",2023,"transportation_score",93.67
"49035112829","tract",2023,"transportation_score",102.1
"49035112830","tract",2023,"transportation_score",96.22
"49035112831","tract",2023,"transportation_score",91.84
"49035112904","tract",2023,"transportation_score",95.84
"49035112905","tract",2023,"transportation_score",95.85
"49035112907","tract",2023,"transportation_score",89.86
"49035112912","tract",2023,"transportation_score",87.01
"49035112913","tract",2023,"transportation_score",97.24
"49035112914","tract",2023,"transportation_score",98.27
"49035112916","tract",2023,"transportation_score",97.43
"49035112917","tract",2023,"transportation_score",96.42
"49035112918","tract",2023,"transportation_score",96.81
"49035112920","tract",2023,"transportation_score",105.31
"49035112921","tract",2023,"transportation_score",100.87
"49035113007","tract",2023,"transportation_score",94.07
"49035113008","tract",2023,"transportation_score",94.61
"49035113010","tract",2023,"transportation_score",102.17
"49035113011","tract",2023,"transportation_score",97.1
"49035113012","tract",2023,"transportation_score",98.52
"49035113013","tract",2023,"transportation_score",84.13
"49035113014","tract",2023,"transportation_score",89.08
"49035113016","tract",2023,"transportation_score",96.99
"49035113017","tract",2023,"transportation_score",95.21
"49035113021","tract",2023,"transportation_score",96.57
"49035113022","tract",2023,"transportation_score",101.62
"49035113023","tract",2023,"transportation_score",90.97
"49035113024","tract",2023,"transportation_score",99.03
"49035113025","tract",2023,"transportation_score",89.15
"49035113101","tract",2023,"transportation_score",101.16
"49035113102","tract",2023,"transportation_score",86.03
"49035113105","tract",2023,"transportation_score",91.82
"49035113108","tract",2023,"transportation_score",83.73
"49035113109","tract",2023,"transportation_score",100.75
"49035113110","tract",2023,"transportation_score",86.82
"49035113111","tract",2023,"transportation_score",99.27
"49035113112","tract",2023,"transportation_score",96.81
"49035113113","tract",2023,"transportation_score",101.61
"49035113114","tract",2023,"transportation_score",91.12
"49035113307","tract",2023,"transportation_score",97.62
"49035113308","tract",2023,"transportation_score",101.14
"49035113309","tract",2023,"transportation_score",100.01
"49035113310","tract",2023,"transportation_score",103.95
"49035113311","tract",2023,"transportation_score",102.52
"49035113312","tract",2023,"transportation_score",102.04
"49035113313","tract",2023,"transportation_score",94.95
"49035113314","tract",2023,"transportation_score",113.72
"49035113406","tract",2023,"transportation_score",104.77
"49035113408","tract",2023,"transportation_score",96.93
"49035113409","tract",2023,"transportation_score",97.6
"49035113410","tract",2023,"transportation_score",100.32
"49035113411","tract",2023,"transportation_score",86.84
"49035113412","tract",2023,"transportation_score",93.21
"49035113413","tract",2023,"transportation_score",99.43
"49035113414","tract",2023,"transportation_score",94.67
"49035113415","tract",2023,"transportation_score",88.34
"49035113505","tract",2023,"transportation_score",100.35
"49035113509","tract",2023,"transportation_score",96.78
"49035113510","tract",2023,"transportation_score",85.64
"49035113511","tract",2023,"transportation_score",88.08
"49035113512","tract",2023,"transportation_score",106.64
"49035113513","tract",2023,"transportation_score",100.58
"49035113514","tract",2023,"transportation_score",105.78
"49035113515","tract",2023,"transportation_score",99.54
"49035113520","tract",2023,"transportation_score",90.66
"49035113521","tract",2023,"transportation_score",103.29
"49035113522","tract",2023,"transportation_score",97.97
"49035113523","tract",2023,"transportation_score",99.26
"49035113526","tract",2023,"transportation_score",95.39
"49035113527","tract",2023,"transportation_score",101.77
"49035113528","tract",2023,"transportation_score",97.43
"49035113532","tract",2023,"transportation_score",94.82
"49035113533","tract",2023,"transportation_score",88.08
"49035113536","tract",2023,"transportation_score",88.72
"49035113537","tract",2023,"transportation_score",84.81
"49035113538","tract",2023,"transportation_score",95.43
"49035113539","tract",2023,"transportation_score",84.53
"49035113540","tract",2023,"transportation_score",88.21
"49035113541","tract",2023,"transportation_score",85.13
"49035113542","tract",2023,"transportation_score",100.37
"49035113543","tract",2023,"transportation_score",84.01
"49035113544","tract",2023,"transportation_score",82.77
"49035113545","tract",2023,"transportation_score",85.66
"49035113600","tract",2023,"transportation_score",100.41
"49035113701","tract",2023,"transportation_score",94.7
"49035113702","tract",2023,"transportation_score",101
"49035113801","tract",2023,"transportation_score",99.87
"49035113802","tract",2023,"transportation_score",99.8
"49035113804","tract",2023,"transportation_score",96.28
"49035113805","tract",2023,"transportation_score",93.25
"49035113903","tract",2023,"transportation_score",97.67
"49035113904","tract",2023,"transportation_score",105.16
"49035113905","tract",2023,"transportation_score",96.52
"49035113906","tract",2023,"transportation_score",99.23
"49035113908","tract",2023,"transportation_score",96.01
"49035113909","tract",2023,"transportation_score",89.04
"49035114000","tract",2023,"transportation_score",103.2
"49035114100","tract",2023,"transportation_score",112.29
"49035114200","tract",2023,"transportation_score",88.14
"49035114301","tract",2023,"transportation_score",102.24
"49035114302","tract",2023,"transportation_score",88.48
"49035114303","tract",2023,"transportation_score",100.26
"49035114304","tract",2023,"transportation_score",94.06
"49035114500","tract",2023,"transportation_score",97.34
"49035114601","tract",2023,"transportation_score",99.13
"49035114602","tract",2023,"transportation_score",92.35
"49035114700","tract",2023,"transportation_score",101.57
"49035114800","tract",2023,"transportation_score",105.39
"49035115107","tract",2023,"transportation_score",96.65
"49035115108","tract",2023,"transportation_score",99.51
"49035115109","tract",2023,"transportation_score",97.64
"49035115210","tract",2023,"transportation_score",97.16
"49035115211","tract",2023,"transportation_score",88.67
"49035980000","tract",2023,"transportation_score",NA
"49035980100","tract",2023,"transportation_score",NA
"49037942000","tract",2023,"transportation_score",91.61
"49037942100","tract",2023,"transportation_score",90.52
"49037978100","tract",2023,"transportation_score",92.54
"49037978200","tract",2023,"transportation_score",93.99
"49039972101","tract",2023,"transportation_score",90.49
"49039972102","tract",2023,"transportation_score",84.74
"49039972200","tract",2023,"transportation_score",89.23
"49039972300","tract",2023,"transportation_score",87.97
"49039972401","tract",2023,"transportation_score",97.46
"49039972402","tract",2023,"transportation_score",93.5
"49039972500","tract",2023,"transportation_score",88.52
"49041975100","tract",2023,"transportation_score",84.16
"49041975200","tract",2023,"transportation_score",83.86
"49041975300","tract",2023,"transportation_score",90.38
"49041975400","tract",2023,"transportation_score",88.21
"49041975500","tract",2023,"transportation_score",84.86
"49043964101","tract",2023,"transportation_score",83.58
"49043964103","tract",2023,"transportation_score",92.18
"49043964104","tract",2023,"transportation_score",80.6
"49043964201","tract",2023,"transportation_score",86.06
"49043964202","tract",2023,"transportation_score",84.35
"49043964203","tract",2023,"transportation_score",41.54
"49043964303","tract",2023,"transportation_score",90.04
"49043964304","tract",2023,"transportation_score",89.63
"49043964305","tract",2023,"transportation_score",102.64
"49043964306","tract",2023,"transportation_score",96.06
"49043964307","tract",2023,"transportation_score",101.04
"49043964308","tract",2023,"transportation_score",107.48
"49043964401","tract",2023,"transportation_score",95.26
"49043964402","tract",2023,"transportation_score",98.82
"49045130600","tract",2023,"transportation_score",97.19
"49045130701","tract",2023,"transportation_score",86.61
"49045130704","tract",2023,"transportation_score",83.41
"49045130705","tract",2023,"transportation_score",86.09
"49045130706","tract",2023,"transportation_score",84.67
"49045130707","tract",2023,"transportation_score",83.88
"49045130708","tract",2023,"transportation_score",87.58
"49045130800","tract",2023,"transportation_score",84.79
"49045130900","tract",2023,"transportation_score",95.93
"49045131001","tract",2023,"transportation_score",89.56
"49045131003","tract",2023,"transportation_score",95.66
"49045131004","tract",2023,"transportation_score",84.57
"49045131005","tract",2023,"transportation_score",92.67
"49045131101","tract",2023,"transportation_score",87.75
"49045131102","tract",2023,"transportation_score",87.24
"49045131200","tract",2023,"transportation_score",91.54
"49045980000","tract",2023,"transportation_score",NA
"49047940201","tract",2023,"transportation_score",89.83
"49047968201","tract",2023,"transportation_score",85.62
"49047968202","tract",2023,"transportation_score",88.1
"49047968301","tract",2023,"transportation_score",84.52
"49047968302","tract",2023,"transportation_score",87.03
"49047968401","tract",2023,"transportation_score",89.47
"49047968403","tract",2023,"transportation_score",99.43
"49047968404","tract",2023,"transportation_score",86.61
"49049000102","tract",2023,"transportation_score",88.04
"49049000103","tract",2023,"transportation_score",88.72
"49049000104","tract",2023,"transportation_score",85.06
"49049000105","tract",2023,"transportation_score",90.24
"49049000203","tract",2023,"transportation_score",90.55
"49049000205","tract",2023,"transportation_score",85.17
"49049000206","tract",2023,"transportation_score",88.28
"49049000207","tract",2023,"transportation_score",87.97
"49049000208","tract",2023,"transportation_score",94.54
"49049000400","tract",2023,"transportation_score",89.07
"49049000504","tract",2023,"transportation_score",87.23
"49049000505","tract",2023,"transportation_score",87.13
"49049000506","tract",2023,"transportation_score",93.1
"49049000507","tract",2023,"transportation_score",87.43
"49049000508","tract",2023,"transportation_score",88.12
"49049000510","tract",2023,"transportation_score",93.27
"49049000511","tract",2023,"transportation_score",90.6
"49049000601","tract",2023,"transportation_score",89.78
"49049000603","tract",2023,"transportation_score",85.44
"49049000604","tract",2023,"transportation_score",87.16
"49049000703","tract",2023,"transportation_score",96.8
"49049000706","tract",2023,"transportation_score",88.84
"49049000707","tract",2023,"transportation_score",89.07
"49049000708","tract",2023,"transportation_score",85
"49049000709","tract",2023,"transportation_score",87.62
"49049000710","tract",2023,"transportation_score",86.14
"49049000711","tract",2023,"transportation_score",91.3
"49049000801","tract",2023,"transportation_score",93.1
"49049000803","tract",2023,"transportation_score",94.1
"49049000804","tract",2023,"transportation_score",95.34
"49049000901","tract",2023,"transportation_score",92.88
"49049000903","tract",2023,"transportation_score",86.88
"49049000904","tract",2023,"transportation_score",86.81
"49049001001","tract",2023,"transportation_score",87.26
"49049001002","tract",2023,"transportation_score",88.79
"49049001103","tract",2023,"transportation_score",92.85
"49049001105","tract",2023,"transportation_score",92.02
"49049001106","tract",2023,"transportation_score",87.04
"49049001107","tract",2023,"transportation_score",90.98
"49049001108","tract",2023,"transportation_score",91.45
"49049001201","tract",2023,"transportation_score",92.47
"49049001202","tract",2023,"transportation_score",94.99
"49049001300","tract",2023,"transportation_score",97.26
"49049001401","tract",2023,"transportation_score",90.6
"49049001403","tract",2023,"transportation_score",99.3
"49049001404","tract",2023,"transportation_score",99.26
"49049001501","tract",2023,"transportation_score",95.67
"49049001503","tract",2023,"transportation_score",88.58
"49049001504","tract",2023,"transportation_score",97.63
"49049001601","tract",2023,"transportation_score",NA
"49049001602","tract",2023,"transportation_score",NA
"49049001701","tract",2023,"transportation_score",102.21
"49049001702","tract",2023,"transportation_score",100.09
"49049001801","tract",2023,"transportation_score",113.2
"49049001802","tract",2023,"transportation_score",104.88
"49049001803","tract",2023,"transportation_score",105.41
"49049001900","tract",2023,"transportation_score",103.2
"49049002001","tract",2023,"transportation_score",101.99
"49049002002","tract",2023,"transportation_score",95.45
"49049002101","tract",2023,"transportation_score",89.25
"49049002102","tract",2023,"transportation_score",92.68
"49049002204","tract",2023,"transportation_score",92.02
"49049002205","tract",2023,"transportation_score",90.04
"49049002206","tract",2023,"transportation_score",87.35
"49049002208","tract",2023,"transportation_score",90.57
"49049002209","tract",2023,"transportation_score",93.49
"49049002210","tract",2023,"transportation_score",95.92
"49049002211","tract",2023,"transportation_score",91.66
"49049002212","tract",2023,"transportation_score",87.04
"49049002213","tract",2023,"transportation_score",85.45
"49049002300","tract",2023,"transportation_score",98.7
"49049002400","tract",2023,"transportation_score",110.76
"49049002500","tract",2023,"transportation_score",97.17
"49049002702","tract",2023,"transportation_score",92.97
"49049002703","tract",2023,"transportation_score",88.95
"49049002901","tract",2023,"transportation_score",88.96
"49049002902","tract",2023,"transportation_score",87.02
"49049003001","tract",2023,"transportation_score",86
"49049003002","tract",2023,"transportation_score",85.41
"49049003103","tract",2023,"transportation_score",89.69
"49049003104","tract",2023,"transportation_score",87.95
"49049003105","tract",2023,"transportation_score",95.93
"49049003106","tract",2023,"transportation_score",90.9
"49049003201","tract",2023,"transportation_score",89.2
"49049003203","tract",2023,"transportation_score",83.33
"49049003204","tract",2023,"transportation_score",90.97
"49049003205","tract",2023,"transportation_score",85.28
"49049003301","tract",2023,"transportation_score",87.38
"49049003302","tract",2023,"transportation_score",92.83
"49049003401","tract",2023,"transportation_score",88.16
"49049003403","tract",2023,"transportation_score",85.05
"49049003404","tract",2023,"transportation_score",85.12
"49049003405","tract",2023,"transportation_score",88.89
"49049010107","tract",2023,"transportation_score",86.19
"49049010110","tract",2023,"transportation_score",89.33
"49049010114","tract",2023,"transportation_score",88.42
"49049010115","tract",2023,"transportation_score",85.72
"49049010116","tract",2023,"transportation_score",93.01
"49049010117","tract",2023,"transportation_score",86.45
"49049010118","tract",2023,"transportation_score",89.74
"49049010119","tract",2023,"transportation_score",81.56
"49049010120","tract",2023,"transportation_score",86.24
"49049010121","tract",2023,"transportation_score",90.57
"49049010122","tract",2023,"transportation_score",88.73
"49049010123","tract",2023,"transportation_score",89.61
"49049010124","tract",2023,"transportation_score",92.8
"49049010125","tract",2023,"transportation_score",88.55
"49049010126","tract",2023,"transportation_score",87.66
"49049010127","tract",2023,"transportation_score",85.8
"49049010128","tract",2023,"transportation_score",90.15
"49049010129","tract",2023,"transportation_score",88.83
"49049010130","tract",2023,"transportation_score",88.32
"49049010131","tract",2023,"transportation_score",86.59
"49049010132","tract",2023,"transportation_score",88.74
"49049010208","tract",2023,"transportation_score",85.5
"49049010209","tract",2023,"transportation_score",87.4
"49049010210","tract",2023,"transportation_score",86.76
"49049010211","tract",2023,"transportation_score",83.55
"49049010212","tract",2023,"transportation_score",91.75
"49049010213","tract",2023,"transportation_score",83.51
"49049010216","tract",2023,"transportation_score",90.12
"49049010217","tract",2023,"transportation_score",89.5
"49049010219","tract",2023,"transportation_score",84.01
"49049010220","tract",2023,"transportation_score",90.9
"49049010221","tract",2023,"transportation_score",89.81
"49049010222","tract",2023,"transportation_score",86.23
"49049010223","tract",2023,"transportation_score",89.1
"49049010224","tract",2023,"transportation_score",87.27
"49049010225","tract",2023,"transportation_score",86.9
"49049010226","tract",2023,"transportation_score",85.7
"49049010303","tract",2023,"transportation_score",88.66
"49049010305","tract",2023,"transportation_score",81.69
"49049010306","tract",2023,"transportation_score",84.56
"49049010307","tract",2023,"transportation_score",85.8
"49049010308","tract",2023,"transportation_score",88.75
"49049010404","tract",2023,"transportation_score",86.38
"49049010405","tract",2023,"transportation_score",83.22
"49049010406","tract",2023,"transportation_score",84.73
"49049010407","tract",2023,"transportation_score",82.7
"49049010408","tract",2023,"transportation_score",81.88
"49049010409","tract",2023,"transportation_score",84.21
"49049010410","tract",2023,"transportation_score",86.26
"49049010411","tract",2023,"transportation_score",86.58
"49049010503","tract",2023,"transportation_score",88.03
"49049010504","tract",2023,"transportation_score",85.59
"49049010505","tract",2023,"transportation_score",86.25
"49049010506","tract",2023,"transportation_score",84.33
"49049010600","tract",2023,"transportation_score",84.12
"49049010700","tract",2023,"transportation_score",86.68
"49049010900","tract",2023,"transportation_score",87.72
"49049980100","tract",2023,"transportation_score",NA
"49049980200","tract",2023,"transportation_score",114.62
"49049980300","tract",2023,"transportation_score",93.26
"49049980400","tract",2023,"transportation_score",NA
"49049980500","tract",2023,"transportation_score",89.78
"49049980600","tract",2023,"transportation_score",NA
"49051940501","tract",2023,"transportation_score",95.05
"49051960100","tract",2023,"transportation_score",90.65
"49051960201","tract",2023,"transportation_score",85.91
"49051960202","tract",2023,"transportation_score",84.21
"49051960203","tract",2023,"transportation_score",84.76
"49051960204","tract",2023,"transportation_score",88.75
"49051960401","tract",2023,"transportation_score",89.3
"49051960402","tract",2023,"transportation_score",90.3
"49051960500","tract",2023,"transportation_score",84.41
"49051980100","tract",2023,"transportation_score",NA
"49053270101","tract",2023,"transportation_score",85.41
"49053270102","tract",2023,"transportation_score",89.85
"49053270200","tract",2023,"transportation_score",88.37
"49053270301","tract",2023,"transportation_score",100.16
"49053270302","tract",2023,"transportation_score",94.47
"49053270401","tract",2023,"transportation_score",89.17
"49053270402","tract",2023,"transportation_score",90.7
"49053270501","tract",2023,"transportation_score",81.47
"49053270502","tract",2023,"transportation_score",87.75
"49053270601","tract",2023,"transportation_score",100.1
"49053270602","tract",2023,"transportation_score",86.28
"49053270701","tract",2023,"transportation_score",100.53
"49053270702","tract",2023,"transportation_score",106.62
"49053270802","tract",2023,"transportation_score",86.75
"49053270803","tract",2023,"transportation_score",86.96
"49053270804","tract",2023,"transportation_score",83.68
"49053270805","tract",2023,"transportation_score",95.02
"49053270806","tract",2023,"transportation_score",88.39
"49053270901","tract",2023,"transportation_score",89.48
"49053270903","tract",2023,"transportation_score",90.95
"49053270904","tract",2023,"transportation_score",90.47
"49053270905","tract",2023,"transportation_score",87.78
"49053271000","tract",2023,"transportation_score",85
"49053271101","tract",2023,"transportation_score",105.54
"49053271102","tract",2023,"transportation_score",95.95
"49053271200","tract",2023,"transportation_score",97.18
"49053271300","tract",2023,"transportation_score",94.6
"49053271400","tract",2023,"transportation_score",102.08
"49053271501","tract",2023,"transportation_score",98.17
"49053271502","tract",2023,"transportation_score",92.8
"49053271600","tract",2023,"transportation_score",97.87
"49053271702","tract",2023,"transportation_score",97.4
"49053271703","tract",2023,"transportation_score",82.9
"49053271704","tract",2023,"transportation_score",103.23
"49053271800","tract",2023,"transportation_score",99.63
"49055979100","tract",2023,"transportation_score",93.19
"49057200100","tract",2023,"transportation_score",88.54
"49057200202","tract",2023,"transportation_score",92.64
"49057200203","tract",2023,"transportation_score",87.95
"49057200204","tract",2023,"transportation_score",85.51
"49057200301","tract",2023,"transportation_score",93.76
"49057200302","tract",2023,"transportation_score",96.72
"49057200400","tract",2023,"transportation_score",90.84
"49057200500","tract",2023,"transportation_score",91.39
"49057200600","tract",2023,"transportation_score",89.1
"49057200700","tract",2023,"transportation_score",88.52
"49057200800","tract",2023,"transportation_score",89.58
"49057200900","tract",2023,"transportation_score",101.11
"49057201100","tract",2023,"transportation_score",107.91
"49057201200","tract",2023,"transportation_score",108.15
"49057201301","tract",2023,"transportation_score",94.39
"49057201302","tract",2023,"transportation_score",87.38
"49057201400","tract",2023,"transportation_score",89.19
"49057201500","tract",2023,"transportation_score",95.04
"49057201600","tract",2023,"transportation_score",90.82
"49057201700","tract",2023,"transportation_score",89.24
"49057201800","tract",2023,"transportation_score",91.86
"49057201900","tract",2023,"transportation_score",87.62
"49057202000","tract",2023,"transportation_score",87.08
"49057210101","tract",2023,"transportation_score",89.44
"49057210102","tract",2023,"transportation_score",85.97
"49057210201","tract",2023,"transportation_score",86.99
"49057210203","tract",2023,"transportation_score",89.16
"49057210204","tract",2023,"transportation_score",88.97
"49057210303","tract",2023,"transportation_score",84.13
"49057210304","tract",2023,"transportation_score",85.22
"49057210305","tract",2023,"transportation_score",87.33
"49057210306","tract",2023,"transportation_score",86
"49057210404","tract",2023,"transportation_score",83.52
"49057210405","tract",2023,"transportation_score",86.86
"49057210406","tract",2023,"transportation_score",85.15
"49057210407","tract",2023,"transportation_score",81.05
"49057210408","tract",2023,"transportation_score",86.3
"49057210508","tract",2023,"transportation_score",85.44
"49057210509","tract",2023,"transportation_score",89.35
"49057210510","tract",2023,"transportation_score",88.82
"49057210511","tract",2023,"transportation_score",92.58
"49057210512","tract",2023,"transportation_score",87.68
"49057210513","tract",2023,"transportation_score",89.91
"49057210514","tract",2023,"transportation_score",87.67
"49057210515","tract",2023,"transportation_score",85.45
"49057210516","tract",2023,"transportation_score",83.37
"49057210517","tract",2023,"transportation_score",88.11
"49057210518","tract",2023,"transportation_score",84.91
"49057210600","tract",2023,"transportation_score",92.19
"49057210701","tract",2023,"transportation_score",92.55
"49057210703","tract",2023,"transportation_score",86.57
"49057210704","tract",2023,"transportation_score",85.81
"49057210800","tract",2023,"transportation_score",92.15
"49057210900","tract",2023,"transportation_score",91.97
"49057211000","tract",2023,"transportation_score",91.97
"49057211100","tract",2023,"transportation_score",85.72
"49057211201","tract",2023,"transportation_score",91.95
"49057211202","tract",2023,"transportation_score",88.72
"49001100100","tract",2023,"transportation_rnk",7.4569
"49001100200","tract",2023,"transportation_rnk",3.0851
"49003960100","tract",2023,"transportation_rnk",10.476
"49003960200","tract",2023,"transportation_rnk",5.9931
"49003960301","tract",2023,"transportation_rnk",7.6266
"49003960302","tract",2023,"transportation_rnk",17.0514
"49003960400","tract",2023,"transportation_rnk",6.6475
"49003960500","tract",2023,"transportation_rnk",19.0963
"49003960601","tract",2023,"transportation_rnk",47.0779
"49003960602","tract",2023,"transportation_rnk",1.1158
"49003960701","tract",2023,"transportation_rnk",28.3527
"49003960702","tract",2023,"transportation_rnk",50.4426
"49003960801","tract",2023,"transportation_rnk",6.8965
"49003960802","tract",2023,"transportation_rnk",1.5224
"49005000101","tract",2023,"transportation_rnk",17.0514
"49005000102","tract",2023,"transportation_rnk",31.2046
"49005000201","tract",2023,"transportation_rnk",8.5129
"49005000202","tract",2023,"transportation_rnk",57.3928
"49005000301","tract",2023,"transportation_rnk",13.3865
"49005000302","tract",2023,"transportation_rnk",29.5015
"49005000401","tract",2023,"transportation_rnk",79.8061
"49005000402","tract",2023,"transportation_rnk",47.3685
"49005000403","tract",2023,"transportation_rnk",21.7394
"49005000501","tract",2023,"transportation_rnk",67.3353
"49005000502","tract",2023,"transportation_rnk",25.0736
"49005000601","tract",2023,"transportation_rnk",78.3143
"49005000602","tract",2023,"transportation_rnk",73.0744
"49005000701","tract",2023,"transportation_rnk",75.261
"49005000702","tract",2023,"transportation_rnk",NA
"49005000800","tract",2023,"transportation_rnk",87.4303
"49005000900","tract",2023,"transportation_rnk",86.5549
"49005001001","tract",2023,"transportation_rnk",58.7211
"49005001002","tract",2023,"transportation_rnk",64.8887
"49005001101","tract",2023,"transportation_rnk",22.8968
"49005001102","tract",2023,"transportation_rnk",61.9245
"49005001201","tract",2023,"transportation_rnk",14.4767
"49005001202","tract",2023,"transportation_rnk",4.1692
"49005001300","tract",2023,"transportation_rnk",5.6732
"49005001401","tract",2023,"transportation_rnk",9.2869
"49005001402","tract",2023,"transportation_rnk",51.9185
"49005001500","tract",2023,"transportation_rnk",1.8471
"49005980100","tract",2023,"transportation_rnk",6.4277
"49007000100","tract",2023,"transportation_rnk",4.9358
"49007000200","tract",2023,"transportation_rnk",18.3028
"49007000300","tract",2023,"transportation_rnk",57.0375
"49007000500","tract",2023,"transportation_rnk",12.3158
"49007000600","tract",2023,"transportation_rnk",1.8935
"49009960100","tract",2023,"transportation_rnk",41.362
"49011125102","tract",2023,"transportation_rnk",23.4462
"49011125103","tract",2023,"transportation_rnk",17.5349
"49011125104","tract",2023,"transportation_rnk",9.984
"49011125201","tract",2023,"transportation_rnk",9.0659
"49011125301","tract",2023,"transportation_rnk",14.705
"49011125304","tract",2023,"transportation_rnk",18.1832
"49011125305","tract",2023,"transportation_rnk",11.6773
"49011125306","tract",2023,"transportation_rnk",1.8264
"49011125307","tract",2023,"transportation_rnk",0.7105
"49011125407","tract",2023,"transportation_rnk",7.4178
"49011125408","tract",2023,"transportation_rnk",2.8299
"49011125409","tract",2023,"transportation_rnk",4.5269
"49011125410","tract",2023,"transportation_rnk",4.3022
"49011125411","tract",2023,"transportation_rnk",30.3048
"49011125412","tract",2023,"transportation_rnk",24.1982
"49011125413","tract",2023,"transportation_rnk",17.6448
"49011125414","tract",2023,"transportation_rnk",8.9524
"49011125415","tract",2023,"transportation_rnk",7.6656
"49011125501","tract",2023,"transportation_rnk",30.8725
"49011125502","tract",2023,"transportation_rnk",11.2952
"49011125503","tract",2023,"transportation_rnk",2.2695
"49011125600","tract",2023,"transportation_rnk",0.0147
"49011125701","tract",2023,"transportation_rnk",48.1022
"49011125702","tract",2023,"transportation_rnk",36.7606
"49011125801","tract",2023,"transportation_rnk",35.4861
"49011125804","tract",2023,"transportation_rnk",4.8736
"49011125805","tract",2023,"transportation_rnk",32.7831
"49011125807","tract",2023,"transportation_rnk",46.1354
"49011125809","tract",2023,"transportation_rnk",61.9929
"49011125810","tract",2023,"transportation_rnk",29.5443
"49011125905","tract",2023,"transportation_rnk",16.2176
"49011125906","tract",2023,"transportation_rnk",17.5349
"49011125907","tract",2023,"transportation_rnk",14.7599
"49011125908","tract",2023,"transportation_rnk",17.7143
"49011126001","tract",2023,"transportation_rnk",38.9838
"49011126002","tract",2023,"transportation_rnk",10.8825
"49011126101","tract",2023,"transportation_rnk",30.2035
"49011126105","tract",2023,"transportation_rnk",9.735
"49011126106","tract",2023,"transportation_rnk",2.1133
"49011126107","tract",2023,"transportation_rnk",32.6916
"49011126108","tract",2023,"transportation_rnk",18.4139
"49011126203","tract",2023,"transportation_rnk",5.9931
"49011126204","tract",2023,"transportation_rnk",28.1403
"49011126205","tract",2023,"transportation_rnk",40.1729
"49011126206","tract",2023,"transportation_rnk",5.5817
"49011126303","tract",2023,"transportation_rnk",30.2548
"49011126304","tract",2023,"transportation_rnk",26.867
"49011126305","tract",2023,"transportation_rnk",37.2307
"49011126306","tract",2023,"transportation_rnk",39.0204
"49011126402","tract",2023,"transportation_rnk",14.1458
"49011126404","tract",2023,"transportation_rnk",8.5703
"49011126405","tract",2023,"transportation_rnk",6.7988
"49011126406","tract",2023,"transportation_rnk",42.96
"49011126500","tract",2023,"transportation_rnk",18.6751
"49011126600","tract",2023,"transportation_rnk",41.2057
"49011126700","tract",2023,"transportation_rnk",48.9617
"49011126801","tract",2023,"transportation_rnk",37.8252
"49011126802","tract",2023,"transportation_rnk",22.5953
"49011126901","tract",2023,"transportation_rnk",34.7255
"49011126902","tract",2023,"transportation_rnk",43.3043
"49011127002","tract",2023,"transportation_rnk",16.9452
"49011127003","tract",2023,"transportation_rnk",12.4245
"49011127005","tract",2023,"transportation_rnk",4.6465
"49011127006","tract",2023,"transportation_rnk",6.2312
"49011127100","tract",2023,"transportation_rnk",24.4497
"49011980000","tract",2023,"transportation_rnk",NA
"49013940300","tract",2023,"transportation_rnk",8.1039
"49013940501","tract",2023,"transportation_rnk",39.9055
"49013940502","tract",2023,"transportation_rnk",19.3112
"49013940600","tract",2023,"transportation_rnk",9.735
"49015976200","tract",2023,"transportation_rnk",1.5224
"49015976300","tract",2023,"transportation_rnk",0.9852
"49015976500","tract",2023,"transportation_rnk",2.615
"49017000300","tract",2023,"transportation_rnk",8.7497
"49017000400","tract",2023,"transportation_rnk",50.4657
"49019000200","tract",2023,"transportation_rnk",39.7028
"49019000301","tract",2023,"transportation_rnk",7.6266
"49019000302","tract",2023,"transportation_rnk",33.4973
"49021110100","tract",2023,"transportation_rnk",19.1537
"49021110201","tract",2023,"transportation_rnk",36.7155
"49021110202","tract",2023,"transportation_rnk",4.0239
"49021110300","tract",2023,"transportation_rnk",16.5143
"49021110400","tract",2023,"transportation_rnk",64.1367
"49021110501","tract",2023,"transportation_rnk",49.7564
"49021110502","tract",2023,"transportation_rnk",30.8725
"49021110601","tract",2023,"transportation_rnk",76.9323
"49021110602","tract",2023,"transportation_rnk",70.9978
"49021110702","tract",2023,"transportation_rnk",14.4767
"49021110703","tract",2023,"transportation_rnk",6.3874
"49021110704","tract",2023,"transportation_rnk",60.4852
"49023010100","tract",2023,"transportation_rnk",1.2562
"49023010200","tract",2023,"transportation_rnk",30.8188
"49025130100","tract",2023,"transportation_rnk",22.0398
"49025130200","tract",2023,"transportation_rnk",22.1423
"49027974100","tract",2023,"transportation_rnk",13.102
"49027974200","tract",2023,"transportation_rnk",0.1892
"49027974300","tract",2023,"transportation_rnk",3.7968
"49029970101","tract",2023,"transportation_rnk",3.3634
"49029970102","tract",2023,"transportation_rnk",9.7691
"49029970200","tract",2023,"transportation_rnk",0.3443
"49031960100","tract",2023,"transportation_rnk",34.9831
"49033950100","tract",2023,"transportation_rnk",39.2524
"49035100100","tract",2023,"transportation_rnk",67.7137
"49035100200","tract",2023,"transportation_rnk",43.2311
"49035100306","tract",2023,"transportation_rnk",86.8858
"49035100307","tract",2023,"transportation_rnk",47.0462
"49035100308","tract",2023,"transportation_rnk",80.2737
"49035100500","tract",2023,"transportation_rnk",80.795
"49035100600","tract",2023,"transportation_rnk",84.4575
"49035100700","tract",2023,"transportation_rnk",79.3215
"49035100800","tract",2023,"transportation_rnk",79.2018
"49035101000","tract",2023,"transportation_rnk",88.7659
"49035101101","tract",2023,"transportation_rnk",87.578
"49035101102","tract",2023,"transportation_rnk",90.7741
"49035101200","tract",2023,"transportation_rnk",78.2459
"49035101401","tract",2023,"transportation_rnk",NA
"49035101402","tract",2023,"transportation_rnk",NA
"49035101500","tract",2023,"transportation_rnk",92.4687
"49035101600","tract",2023,"transportation_rnk",87.9039
"49035101700","tract",2023,"transportation_rnk",87.523
"49035101800","tract",2023,"transportation_rnk",86.5879
"49035101900","tract",2023,"transportation_rnk",95.71
"49035102000","tract",2023,"transportation_rnk",70.4667
"49035102100","tract",2023,"transportation_rnk",94.7272
"49035102300","tract",2023,"transportation_rnk",92.6481
"49035102501","tract",2023,"transportation_rnk",89.8548
"49035102502","tract",2023,"transportation_rnk",92.349
"49035102600","tract",2023,"transportation_rnk",79.2018
"49035102701","tract",2023,"transportation_rnk",74.4076
"49035102702","tract",2023,"transportation_rnk",83.5333
"49035102801","tract",2023,"transportation_rnk",76.2474
"49035102802","tract",2023,"transportation_rnk",55.7984
"49035102900","tract",2023,"transportation_rnk",88.5986
"49035103000","tract",2023,"transportation_rnk",65.4283
"49035103100","tract",2023,"transportation_rnk",75.0009
"49035103200","tract",2023,"transportation_rnk",78.1665
"49035103300","tract",2023,"transportation_rnk",73.669
"49035103400","tract",2023,"transportation_rnk",80.4202
"49035103500","tract",2023,"transportation_rnk",79.6132
"49035103600","tract",2023,"transportation_rnk",52.8867
"49035103700","tract",2023,"transportation_rnk",72.243
"49035103800","tract",2023,"transportation_rnk",50.8357
"49035103900","tract",2023,"transportation_rnk",42.1177
"49035104000","tract",2023,"transportation_rnk",71.2993
"49035104100","tract",2023,"transportation_rnk",69.1336
"49035104200","tract",2023,"transportation_rnk",64.8655
"49035104300","tract",2023,"transportation_rnk",48.7493
"49035104400","tract",2023,"transportation_rnk",10.8313
"49035104700","tract",2023,"transportation_rnk",70.6401
"49035104800","tract",2023,"transportation_rnk",69.9222
"49035104900","tract",2023,"transportation_rnk",86.1618
"49035110103","tract",2023,"transportation_rnk",66.5918
"49035110104","tract",2023,"transportation_rnk",59.3522
"49035110105","tract",2023,"transportation_rnk",38.9838
"49035110106","tract",2023,"transportation_rnk",70.0126
"49035110200","tract",2023,"transportation_rnk",66.7969
"49035110300","tract",2023,"transportation_rnk",59.4316
"49035110401","tract",2023,"transportation_rnk",76.4269
"49035110402","tract",2023,"transportation_rnk",26.0576
"49035110500","tract",2023,"transportation_rnk",79.3959
"49035110600","tract",2023,"transportation_rnk",66.0107
"49035110701","tract",2023,"transportation_rnk",51.8844
"49035110702","tract",2023,"transportation_rnk",55.0744
"49035110800","tract",2023,"transportation_rnk",66.6956
"49035110900","tract",2023,"transportation_rnk",65.0303
"49035111001","tract",2023,"transportation_rnk",13.0398
"49035111002","tract",2023,"transportation_rnk",65.0535
"49035111104","tract",2023,"transportation_rnk",39.8237
"49035111105","tract",2023,"transportation_rnk",61.0883
"49035111106","tract",2023,"transportation_rnk",76.2279
"49035111107","tract",2023,"transportation_rnk",43.1651
"49035111108","tract",2023,"transportation_rnk",71.1797
"49035111109","tract",2023,"transportation_rnk",59.611
"49035111201","tract",2023,"transportation_rnk",79.2641
"49035111202","tract",2023,"transportation_rnk",72.7436
"49035111302","tract",2023,"transportation_rnk",67.892
"49035111304","tract",2023,"transportation_rnk",32.4059
"49035111305","tract",2023,"transportation_rnk",70.2873
"49035111306","tract",2023,"transportation_rnk",43.5387
"49035111400","tract",2023,"transportation_rnk",80.1223
"49035111500","tract",2023,"transportation_rnk",65.3075
"49035111601","tract",2023,"transportation_rnk",65.7885
"49035111602","tract",2023,"transportation_rnk",60.4205
"49035111701","tract",2023,"transportation_rnk",75.1132
"49035111702","tract",2023,"transportation_rnk",75.0888
"49035111801","tract",2023,"transportation_rnk",81.1625
"49035111802","tract",2023,"transportation_rnk",77.3071
"49035111903","tract",2023,"transportation_rnk",29.0095
"49035111904","tract",2023,"transportation_rnk",79.9404
"49035111905","tract",2023,"transportation_rnk",77.1899
"49035111906","tract",2023,"transportation_rnk",76.5917
"49035112001","tract",2023,"transportation_rnk",76.8932
"49035112002","tract",2023,"transportation_rnk",68.4633
"49035112101","tract",2023,"transportation_rnk",90.1771
"49035112102","tract",2023,"transportation_rnk",73.2917
"49035112201","tract",2023,"transportation_rnk",54.569
"49035112202","tract",2023,"transportation_rnk",36.901
"49035112301","tract",2023,"transportation_rnk",77.0934
"49035112302","tract",2023,"transportation_rnk",52.9502
"49035112402","tract",2023,"transportation_rnk",70.4667
"49035112404","tract",2023,"transportation_rnk",90.4555
"49035112405","tract",2023,"transportation_rnk",73.039
"49035112406","tract",2023,"transportation_rnk",72.1405
"49035112501","tract",2023,"transportation_rnk",69.7513
"49035112503","tract",2023,"transportation_rnk",71.1235
"49035112504","tract",2023,"transportation_rnk",77.4011
"49035112505","tract",2023,"transportation_rnk",81.1918
"49035112604","tract",2023,"transportation_rnk",64.0402
"49035112608","tract",2023,"transportation_rnk",64.5396
"49035112609","tract",2023,"transportation_rnk",3.6466
"49035112610","tract",2023,"transportation_rnk",76.0972
"49035112611","tract",2023,"transportation_rnk",16.1553
"49035112612","tract",2023,"transportation_rnk",68.4304
"49035112613","tract",2023,"transportation_rnk",29.6358
"49035112614","tract",2023,"transportation_rnk",66.0619
"49035112615","tract",2023,"transportation_rnk",53.7535
"49035112616","tract",2023,"transportation_rnk",64.3393
"49035112617","tract",2023,"transportation_rnk",67.1106
"49035112618","tract",2023,"transportation_rnk",26.9158
"49035112619","tract",2023,"transportation_rnk",51.4168
"49035112620","tract",2023,"transportation_rnk",72.6496
"49035112621","tract",2023,"transportation_rnk",79.1237
"49035112700","tract",2023,"transportation_rnk",75.6577
"49035112804","tract",2023,"transportation_rnk",67.2108
"49035112805","tract",2023,"transportation_rnk",23.086
"49035112812","tract",2023,"transportation_rnk",43.0736
"49035112813","tract",2023,"transportation_rnk",63.5067
"49035112814","tract",2023,"transportation_rnk",80.5313
"49035112815","tract",2023,"transportation_rnk",16.9452
"49035112816","tract",2023,"transportation_rnk",58.0887
"49035112818","tract",2023,"transportation_rnk",NA
"49035112821","tract",2023,"transportation_rnk",63.3566
"49035112822","tract",2023,"transportation_rnk",67.0789
"49035112823","tract",2023,"transportation_rnk",76.1387
"49035112824","tract",2023,"transportation_rnk",79.59
"49035112825","tract",2023,"transportation_rnk",51.3484
"49035112826","tract",2023,"transportation_rnk",24.02
"49035112827","tract",2023,"transportation_rnk",39.0595
"49035112828","tract",2023,"transportation_rnk",47.5467
"49035112829","tract",2023,"transportation_rnk",71.9171
"49035112830","tract",2023,"transportation_rnk",55.5469
"49035112831","tract",2023,"transportation_rnk",40.9481
"49035112904","tract",2023,"transportation_rnk",54.3566
"49035112905","tract",2023,"transportation_rnk",54.3993
"49035112907","tract",2023,"transportation_rnk",32.0885
"49035112912","tract",2023,"transportation_rnk",16.391
"49035112913","tract",2023,"transportation_rnk",58.7577
"49035112914","tract",2023,"transportation_rnk",61.8049
"49035112916","tract",2023,"transportation_rnk",59.2863
"49035112917","tract",2023,"transportation_rnk",56.1927
"49035112918","tract",2023,"transportation_rnk",57.4209
"49035112920","tract",2023,"transportation_rnk",77.8442
"49035112921","tract",2023,"transportation_rnk",69.0066
"49035113007","tract",2023,"transportation_rnk",48.7944
"49035113008","tract",2023,"transportation_rnk",50.5243
"49035113010","tract",2023,"transportation_rnk",72.0831
"49035113011","tract",2023,"transportation_rnk",58.3401
"49035113012","tract",2023,"transportation_rnk",62.458
"49035113013","tract",2023,"transportation_rnk",4.0239
"49035113014","tract",2023,"transportation_rnk",28.0805
"49035113016","tract",2023,"transportation_rnk",57.9971
"49035113017","tract",2023,"transportation_rnk",52.4557
"49035113021","tract",2023,"transportation_rnk",56.6603
"49035113022","tract",2023,"transportation_rnk",70.789
"49035113023","tract",2023,"transportation_rnk",37.4052
"49035113024","tract",2023,"transportation_rnk",63.9707
"49035113025","tract",2023,"transportation_rnk",28.4406
"49035113101","tract",2023,"transportation_rnk",69.7074
"49035113102","tract",2023,"transportation_rnk",11.2573
"49035113105","tract",2023,"transportation_rnk",40.8736
"49035113108","tract",2023,"transportation_rnk",3.0667
"49035113109","tract",2023,"transportation_rnk",68.7026
"49035113110","tract",2023,"transportation_rnk",15.3301
"49035113111","tract",2023,"transportation_rnk",64.68
"49035113112","tract",2023,"transportation_rnk",57.4209
"49035113113","tract",2023,"transportation_rnk",70.7585
"49035113114","tract",2023,"transportation_rnk",38.0852
"49035113307","tract",2023,"transportation_rnk",59.8845
"49035113308","tract",2023,"transportation_rnk",69.6659
"49035113309","tract",2023,"transportation_rnk",66.7725
"49035113310","tract",2023,"transportation_rnk",75.5796
"49035113311","tract",2023,"transportation_rnk",72.8779
"49035113312","tract",2023,"transportation_rnk",71.7852
"49035113313","tract",2023,"transportation_rnk",51.6109
"49035113314","tract",2023,"transportation_rnk",86.992
"49035113406","tract",2023,"transportation_rnk",77.047
"49035113408","tract",2023,"transportation_rnk",57.7969
"49035113409","tract",2023,"transportation_rnk",59.8198
"49035113410","tract",2023,"transportation_rnk",67.6112
"49035113411","tract",2023,"transportation_rnk",15.4314
"49035113412","tract",2023,"transportation_rnk",45.9279
"49035113413","tract",2023,"transportation_rnk",65.1463
"49035113414","tract",2023,"transportation_rnk",50.7453
"49035113415","tract",2023,"transportation_rnk",24.0932
"49035113505","tract",2023,"transportation_rnk",67.6783
"49035113509","tract",2023,"transportation_rnk",57.3403
"49035113510","tract",2023,"transportation_rnk",9.4249
"49035113511","tract",2023,"transportation_rnk",22.5306
"49035113512","tract",2023,"transportation_rnk",79.7292
"49035113513","tract",2023,"transportation_rnk",68.2839
"49035113514","tract",2023,"transportation_rnk",78.5096
"49035113515","tract",2023,"transportation_rnk",65.4808
"49035113520","tract",2023,"transportation_rnk",35.9756
"49035113521","tract",2023,"transportation_rnk",74.4076
"49035113522","tract",2023,"transportation_rnk",60.9308
"49035113523","tract",2023,"transportation_rnk",64.6348
"49035113526","tract",2023,"transportation_rnk",53.0185
"49035113527","tract",2023,"transportation_rnk",71.1528
"49035113528","tract",2023,"transportation_rnk",59.2863
"49035113532","tract",2023,"transportation_rnk",51.2263
"49035113533","tract",2023,"transportation_rnk",22.5306
"49035113536","tract",2023,"transportation_rnk",26.1638
"49035113537","tract",2023,"transportation_rnk",6.1201
"49035113538","tract",2023,"transportation_rnk",53.1406
"49035113539","tract",2023,"transportation_rnk",5.1397
"49035113540","tract",2023,"transportation_rnk",23.3363
"49035113541","tract",2023,"transportation_rnk",7.3372
"49035113542","tract",2023,"transportation_rnk",67.7394
"49035113543","tract",2023,"transportation_rnk",3.7199
"49035113544","tract",2023,"transportation_rnk",1.5016
"49035113545","tract",2023,"transportation_rnk",9.5115
"49035113600","tract",2023,"transportation_rnk",67.8383
"49035113701","tract",2023,"transportation_rnk",50.8357
"49035113702","tract",2023,"transportation_rnk",69.3326
"49035113801","tract",2023,"transportation_rnk",66.3977
"49035113802","tract",2023,"transportation_rnk",66.2194
"49035113804","tract",2023,"transportation_rnk",55.7227
"49035113805","tract",2023,"transportation_rnk",46.0952
"49035113903","tract",2023,"transportation_rnk",60.0689
"49035113904","tract",2023,"transportation_rnk",77.6294
"49035113905","tract",2023,"transportation_rnk",56.5016
"49035113906","tract",2023,"transportation_rnk",64.5591
"49035113908","tract",2023,"transportation_rnk",54.8998
"49035113909","tract",2023,"transportation_rnk",27.8803
"49035114000","tract",2023,"transportation_rnk",74.255
"49035114100","tract",2023,"transportation_rnk",85.7443
"49035114200","tract",2023,"transportation_rnk",22.8968
"49035114301","tract",2023,"transportation_rnk",72.2028
"49035114302","tract",2023,"transportation_rnk",24.8709
"49035114303","tract",2023,"transportation_rnk",67.4549
"49035114304","tract",2023,"transportation_rnk",48.7493
"49035114500","tract",2023,"transportation_rnk",59.0482
"49035114601","tract",2023,"transportation_rnk",64.2917
"49035114602","tract",2023,"transportation_rnk",42.9222
"49035114700","tract",2023,"transportation_rnk",70.6645
"49035114800","tract",2023,"transportation_rnk",77.9553
"49035115107","tract",2023,"transportation_rnk",56.9264
"49035115108","tract",2023,"transportation_rnk",65.3929
"49035115109","tract",2023,"transportation_rnk",59.9639
"49035115210","tract",2023,"transportation_rnk",58.5379
"49035115211","tract",2023,"transportation_rnk",25.9196
"49035980000","tract",2023,"transportation_rnk",NA
"49035980100","tract",2023,"transportation_rnk",NA
"49037942000","tract",2023,"transportation_rnk",40.0996
"49037942100","tract",2023,"transportation_rnk",35.3347
"49037978100","tract",2023,"transportation_rnk",43.623
"49037978200","tract",2023,"transportation_rnk",48.5234
"49039972101","tract",2023,"transportation_rnk",35.1687
"49039972102","tract",2023,"transportation_rnk",5.8722
"49039972200","tract",2023,"transportation_rnk",28.8557
"49039972300","tract",2023,"transportation_rnk",21.9189
"49039972401","tract",2023,"transportation_rnk",59.3913
"49039972402","tract",2023,"transportation_rnk",46.9717
"49039972500","tract",2023,"transportation_rnk",25.0736
"49041975100","tract",2023,"transportation_rnk",4.0922
"49041975200","tract",2023,"transportation_rnk",3.3414
"49041975300","tract",2023,"transportation_rnk",34.6388
"49041975400","tract",2023,"transportation_rnk",23.3363
"49041975500","tract",2023,"transportation_rnk",6.3044
"49043964101","tract",2023,"transportation_rnk",2.7188
"49043964103","tract",2023,"transportation_rnk",42.2776
"49043964104","tract",2023,"transportation_rnk",0.2295
"49043964201","tract",2023,"transportation_rnk",11.3929
"49043964202","tract",2023,"transportation_rnk",4.5916
"49043964203","tract",2023,"transportation_rnk",0.0171
"49043964303","tract",2023,"transportation_rnk",32.9541
"49043964304","tract",2023,"transportation_rnk",30.925
"49043964305","tract",2023,"transportation_rnk",73.1257
"49043964306","tract",2023,"transportation_rnk",55.05
"49043964307","tract",2023,"transportation_rnk",69.4217
"49043964308","tract",2023,"transportation_rnk",80.7682
"49043964401","tract",2023,"transportation_rnk",52.5888
"49043964402","tract",2023,"transportation_rnk",63.309
"49045130600","tract",2023,"transportation_rnk",58.6148
"49045130701","tract",2023,"transportation_rnk",14.1458
"49045130704","tract",2023,"transportation_rnk",2.3648
"49045130705","tract",2023,"transportation_rnk",11.5406
"49045130706","tract",2023,"transportation_rnk",5.6427
"49045130707","tract",2023,"transportation_rnk",3.3854
"49045130708","tract",2023,"transportation_rnk",19.6921
"49045130800","tract",2023,"transportation_rnk",6.059
"49045130900","tract",2023,"transportation_rnk",54.6337
"49045131001","tract",2023,"transportation_rnk",30.5722
"49045131003","tract",2023,"transportation_rnk",53.8279
"49045131004","tract",2023,"transportation_rnk",5.2777
"49045131005","tract",2023,"transportation_rnk",44.1284
"49045131101","tract",2023,"transportation_rnk",20.6541
"49045131102","tract",2023,"transportation_rnk",17.7143
"49045131200","tract",2023,"transportation_rnk",39.8237
"49045980000","tract",2023,"transportation_rnk",NA
"49047940201","tract",2023,"transportation_rnk",31.9249
"49047968201","tract",2023,"transportation_rnk",9.3553
"49047968202","tract",2023,"transportation_rnk",22.6514
"49047968301","tract",2023,"transportation_rnk",5.1019
"49047968302","tract",2023,"transportation_rnk",16.5143
"49047968401","tract",2023,"transportation_rnk",30.1193
"49047968403","tract",2023,"transportation_rnk",65.1463
"49047968404","tract",2023,"transportation_rnk",14.1458
"49049000102","tract",2023,"transportation_rnk",22.301
"49049000103","tract",2023,"transportation_rnk",26.1638
"49049000104","tract",2023,"transportation_rnk",7.0601
"49049000105","tract",2023,"transportation_rnk",33.9417
"49049000203","tract",2023,"transportation_rnk",35.4861
"49049000205","tract",2023,"transportation_rnk",7.5057
"49049000206","tract",2023,"transportation_rnk",23.7441
"49049000207","tract",2023,"transportation_rnk",21.9189
"49049000208","tract",2023,"transportation_rnk",50.3131
"49049000400","tract",2023,"transportation_rnk",28.0268
"49049000504","tract",2023,"transportation_rnk",17.6448
"49049000505","tract",2023,"transportation_rnk",17.0514
"49049000506","tract",2023,"transportation_rnk",45.547
"49049000507","tract",2023,"transportation_rnk",18.8546
"49049000508","tract",2023,"transportation_rnk",22.7772
"49049000510","tract",2023,"transportation_rnk",46.1782
"49049000511","tract",2023,"transportation_rnk",35.6973
"49049000601","tract",2023,"transportation_rnk",31.6844
"49049000603","tract",2023,"transportation_rnk",8.6179
"49049000604","tract",2023,"transportation_rnk",17.2492
"49049000703","tract",2023,"transportation_rnk",57.3928
"49049000706","tract",2023,"transportation_rnk",26.8023
"49049000707","tract",2023,"transportation_rnk",28.0268
"49049000708","tract",2023,"transportation_rnk",6.8318
"49049000709","tract",2023,"transportation_rnk",19.9058
"49049000710","tract",2023,"transportation_rnk",11.7774
"49049000711","tract",2023,"transportation_rnk",38.8263
"49049000801","tract",2023,"transportation_rnk",45.547
"49049000803","tract",2023,"transportation_rnk",48.8945
"49049000804","tract",2023,"transportation_rnk",52.8549
"49049000901","tract",2023,"transportation_rnk",44.834
"49049000903","tract",2023,"transportation_rnk",15.6731
"49049000904","tract",2023,"transportation_rnk",15.258
"49049001001","tract",2023,"transportation_rnk",17.8352
"49049001002","tract",2023,"transportation_rnk",26.5251
"49049001103","tract",2023,"transportation_rnk",44.7425
"49049001105","tract",2023,"transportation_rnk",41.683
"49049001106","tract",2023,"transportation_rnk",16.5643
"49049001107","tract",2023,"transportation_rnk",37.4589
"49049001108","tract",2023,"transportation_rnk",39.4697
"49049001201","tract",2023,"transportation_rnk",43.3641
"49049001202","tract",2023,"transportation_rnk",51.7513
"49049001300","tract",2023,"transportation_rnk",58.8151
"49049001401","tract",2023,"transportation_rnk",35.6973
"49049001403","tract",2023,"transportation_rnk",64.7666
"49049001404","tract",2023,"transportation_rnk",64.6348
"49049001501","tract",2023,"transportation_rnk",53.856
"49049001503","tract",2023,"transportation_rnk",25.4166
"49049001504","tract",2023,"transportation_rnk",59.9224
"49049001601","tract",2023,"transportation_rnk",NA
"49049001602","tract",2023,"transportation_rnk",NA
"49049001701","tract",2023,"transportation_rnk",72.1405
"49049001702","tract",2023,"transportation_rnk",66.9715
"49049001801","tract",2023,"transportation_rnk",86.5671
"49049001802","tract",2023,"transportation_rnk",77.2253
"49049001803","tract",2023,"transportation_rnk",77.9895
"49049001900","tract",2023,"transportation_rnk",74.255
"49049002001","tract",2023,"transportation_rnk",71.6656
"49049002002","tract",2023,"transportation_rnk",53.1809
"49049002101","tract",2023,"transportation_rnk",28.9668
"49049002102","tract",2023,"transportation_rnk",44.1626
"49049002204","tract",2023,"transportation_rnk",41.683
"49049002205","tract",2023,"transportation_rnk",32.9541
"49049002206","tract",2023,"transportation_rnk",18.3577
"49049002208","tract",2023,"transportation_rnk",35.5593
"49049002209","tract",2023,"transportation_rnk",46.9278
"49049002210","tract",2023,"transportation_rnk",54.6056
"49049002211","tract",2023,"transportation_rnk",40.2766
"49049002212","tract",2023,"transportation_rnk",16.5643
"49049002213","tract",2023,"transportation_rnk",8.6655
"49049002300","tract",2023,"transportation_rnk",62.9561
"49049002400","tract",2023,"transportation_rnk",84.2878
"49049002500","tract",2023,"transportation_rnk",58.5648
"49049002702","tract",2023,"transportation_rnk",45.1148
"49049002703","tract",2023,"transportation_rnk",27.3883
"49049002901","tract",2023,"transportation_rnk",27.4347
"49049002902","tract",2023,"transportation_rnk",16.4557
"49049003001","tract",2023,"transportation_rnk",11.1157
"49049003002","tract",2023,"transportation_rnk",8.4738
"49049003103","tract",2023,"transportation_rnk",31.2046
"49049003104","tract",2023,"transportation_rnk",21.7968
"49049003105","tract",2023,"transportation_rnk",54.6337
"49049003106","tract",2023,"transportation_rnk",37.0915
"49049003201","tract",2023,"transportation_rnk",28.7104
"49049003203","tract",2023,"transportation_rnk",2.2305
"49049003204","tract",2023,"transportation_rnk",37.4052
"49049003205","tract",2023,"transportation_rnk",7.9415
"49049003301","tract",2023,"transportation_rnk",18.547
"49049003302","tract",2023,"transportation_rnk",44.6717
"49049003401","tract",2023,"transportation_rnk",23.0091
"49049003403","tract",2023,"transportation_rnk",7.0235
"49049003404","tract",2023,"transportation_rnk",7.2921
"49049003405","tract",2023,"transportation_rnk",27.0892
"49049010107","tract",2023,"transportation_rnk",12.0057
"49049010110","tract",2023,"transportation_rnk",29.3758
"49049010114","tract",2023,"transportation_rnk",24.5498
"49049010115","tract",2023,"transportation_rnk",9.7691
"49049010116","tract",2023,"transportation_rnk",45.2418
"49049010117","tract",2023,"transportation_rnk",13.3376
"49049010118","tract",2023,"transportation_rnk",31.472
"49049010119","tract",2023,"transportation_rnk",0.5201
"49049010120","tract",2023,"transportation_rnk",12.2719
"49049010121","tract",2023,"transportation_rnk",35.5593
"49049010122","tract",2023,"transportation_rnk",26.2248
"49049010123","tract",2023,"transportation_rnk",30.8188
"49049010124","tract",2023,"transportation_rnk",44.574
"49049010125","tract",2023,"transportation_rnk",25.2567
"49049010126","tract",2023,"transportation_rnk",20.1109
"49049010127","tract",2023,"transportation_rnk",10.1366
"49049010128","tract",2023,"transportation_rnk",33.4973
"49049010129","tract",2023,"transportation_rnk",26.74
"49049010130","tract",2023,"transportation_rnk",23.9638
"49049010131","tract",2023,"transportation_rnk",14.0372
"49049010132","tract",2023,"transportation_rnk",26.2858
"49049010208","tract",2023,"transportation_rnk",8.8694
"49049010209","tract",2023,"transportation_rnk",18.6751
"49049010210","tract",2023,"transportation_rnk",14.976
"49049010211","tract",2023,"transportation_rnk",2.6639
"49049010212","tract",2023,"transportation_rnk",40.6014
"49049010213","tract",2023,"transportation_rnk",2.5772
"49049010216","tract",2023,"transportation_rnk",33.3582
"49049010217","tract",2023,"transportation_rnk",30.2548
"49049010219","tract",2023,"transportation_rnk",3.7199
"49049010220","tract",2023,"transportation_rnk",37.0915
"49049010221","tract",2023,"transportation_rnk",31.8138
"49049010222","tract",2023,"transportation_rnk",12.2157
"49049010223","tract",2023,"transportation_rnk",28.1977
"49049010224","tract",2023,"transportation_rnk",17.8987
"49049010225","tract",2023,"transportation_rnk",15.7903
"49049010226","tract",2023,"transportation_rnk",9.6983
"49049010303","tract",2023,"transportation_rnk",25.85
"49049010305","tract",2023,"transportation_rnk",0.5762
"49049010306","tract",2023,"transportation_rnk",5.2447
"49049010307","tract",2023,"transportation_rnk",10.1366
"49049010308","tract",2023,"transportation_rnk",26.3408
"49049010404","tract",2023,"transportation_rnk",13.0007
"49049010405","tract",2023,"transportation_rnk",2.0852
"49049010406","tract",2023,"transportation_rnk",5.8332
"49049010407","tract",2023,"transportation_rnk",1.4174
"49049010408","tract",2023,"transportation_rnk",0.68
"49049010409","tract",2023,"transportation_rnk",4.2253
"49049010410","tract",2023,"transportation_rnk",12.3683
"49049010411","tract",2023,"transportation_rnk",13.9981
"49049010503","tract",2023,"transportation_rnk",22.2449
"49049010504","tract",2023,"transportation_rnk",9.2478
"49049010505","tract",2023,"transportation_rnk",12.3158
"49049010506","tract",2023,"transportation_rnk",4.5476
"49049010600","tract",2023,"transportation_rnk",3.9958
"49049010700","tract",2023,"transportation_rnk",14.5219
"49049010900","tract",2023,"transportation_rnk",20.4856
"49049980100","tract",2023,"transportation_rnk",NA
"49049980200","tract",2023,"transportation_rnk",87.6744
"49049980300","tract",2023,"transportation_rnk",46.1354
"49049980400","tract",2023,"transportation_rnk",NA
"49049980500","tract",2023,"transportation_rnk",31.6844
"49049980600","tract",2023,"transportation_rnk",NA
"49051940501","tract",2023,"transportation_rnk",51.9564
"49051960100","tract",2023,"transportation_rnk",35.9256
"49051960201","tract",2023,"transportation_rnk",10.6921
"49051960202","tract",2023,"transportation_rnk",4.2253
"49051960203","tract",2023,"transportation_rnk",5.9479
"49051960204","tract",2023,"transportation_rnk",26.3408
"49051960401","tract",2023,"transportation_rnk",29.2281
"49051960402","tract",2023,"transportation_rnk",34.2591
"49051960500","tract",2023,"transportation_rnk",4.7613
"49051980100","tract",2023,"transportation_rnk",NA
"49053270101","tract",2023,"transportation_rnk",8.4738
"49053270102","tract",2023,"transportation_rnk",32.0274
"49053270200","tract",2023,"transportation_rnk",24.2556
"49053270301","tract",2023,"transportation_rnk",67.1558
"49053270302","tract",2023,"transportation_rnk",50.0946
"49053270401","tract",2023,"transportation_rnk",28.5542
"49053270402","tract",2023,"transportation_rnk",36.1966
"49053270501","tract",2023,"transportation_rnk",0.481
"49053270502","tract",2023,"transportation_rnk",20.6541
"49053270601","tract",2023,"transportation_rnk",67.0008
"49053270602","tract",2023,"transportation_rnk",12.4745
"49053270701","tract",2023,"transportation_rnk",68.1398
"49053270702","tract",2023,"transportation_rnk",79.695
"49053270802","tract",2023,"transportation_rnk",14.9223
"49053270803","tract",2023,"transportation_rnk",16.1041
"49053270804","tract",2023,"transportation_rnk",2.9544
"49053270805","tract",2023,"transportation_rnk",51.8465
"49053270806","tract",2023,"transportation_rnk",24.3777
"49053270901","tract",2023,"transportation_rnk",30.1608
"49053270903","tract",2023,"transportation_rnk",37.3186
"49053270904","tract",2023,"transportation_rnk",35.0795
"49053270905","tract",2023,"transportation_rnk",20.8263
"49053271000","tract",2023,"transportation_rnk",6.8318
"49053271101","tract",2023,"transportation_rnk",78.1873
"49053271102","tract",2023,"transportation_rnk",54.7021
"49053271200","tract",2023,"transportation_rnk",58.5892
"49053271300","tract",2023,"transportation_rnk",50.4938
"49053271400","tract",2023,"transportation_rnk",71.8597
"49053271501","tract",2023,"transportation_rnk",61.5131
"49053271502","tract",2023,"transportation_rnk",44.574
"49053271600","tract",2023,"transportation_rnk",60.6732
"49053271702","tract",2023,"transportation_rnk",59.2094
"49053271703","tract",2023,"transportation_rnk",1.6567
"49053271704","tract",2023,"transportation_rnk",74.3124
"49053271800","tract",2023,"transportation_rnk",65.7543
"49055979100","tract",2023,"transportation_rnk",45.8669
"49057200100","tract",2023,"transportation_rnk",25.1908
"49057200202","tract",2023,"transportation_rnk",44.0148
"49057200203","tract",2023,"transportation_rnk",21.7968
"49057200204","tract",2023,"transportation_rnk",8.9097
"49057200301","tract",2023,"transportation_rnk",47.858
"49057200302","tract",2023,"transportation_rnk",57.1376
"49057200400","tract",2023,"transportation_rnk",36.7997
"49057200500","tract",2023,"transportation_rnk",39.2072
"49057200600","tract",2023,"transportation_rnk",28.1977
"49057200700","tract",2023,"transportation_rnk",25.0736
"49057200800","tract",2023,"transportation_rnk",30.6687
"49057200900","tract",2023,"transportation_rnk",69.5963
"49057201100","tract",2023,"transportation_rnk",81.2565
"49057201200","tract",2023,"transportation_rnk",81.5605
"49057201301","tract",2023,"transportation_rnk",49.8566
"49057201302","tract",2023,"transportation_rnk",18.547
"49057201400","tract",2023,"transportation_rnk",28.6518
"49057201500","tract",2023,"transportation_rnk",51.9185
"49057201600","tract",2023,"transportation_rnk",36.7155
"49057201700","tract",2023,"transportation_rnk",28.9192
"49057201800","tract",2023,"transportation_rnk",41.0433
"49057201900","tract",2023,"transportation_rnk",19.9058
"49057202000","tract",2023,"transportation_rnk",16.8012
"49057210101","tract",2023,"transportation_rnk",29.963
"49057210102","tract",2023,"transportation_rnk",10.9631
"49057210201","tract",2023,"transportation_rnk",16.2628
"49057210203","tract",2023,"transportation_rnk",28.5065
"49057210204","tract",2023,"transportation_rnk",27.4908
"49057210303","tract",2023,"transportation_rnk",4.0239
"49057210304","tract",2023,"transportation_rnk",7.7145
"49057210305","tract",2023,"transportation_rnk",18.2405
"49057210306","tract",2023,"transportation_rnk",11.1157
"49057210404","tract",2023,"transportation_rnk",2.6016
"49057210405","tract",2023,"transportation_rnk",15.5681
"49057210406","tract",2023,"transportation_rnk",7.4178
"49057210407","tract",2023,"transportation_rnk",0.3418
"49057210408","tract",2023,"transportation_rnk",12.5783
"49057210508","tract",2023,"transportation_rnk",8.6179
"49057210509","tract",2023,"transportation_rnk",29.5015
"49057210510","tract",2023,"transportation_rnk",26.6814
"49057210511","tract",2023,"transportation_rnk",43.7621
"49057210512","tract",2023,"transportation_rnk",20.2354
"49057210513","tract",2023,"transportation_rnk",32.3522
"49057210514","tract",2023,"transportation_rnk",20.1817
"49057210515","tract",2023,"transportation_rnk",8.6655
"49057210516","tract",2023,"transportation_rnk",2.3001
"49057210517","tract",2023,"transportation_rnk",22.7125
"49057210518","tract",2023,"transportation_rnk",6.5095
"49057210600","tract",2023,"transportation_rnk",42.3106
"49057210701","tract",2023,"transportation_rnk",43.6596
"49057210703","tract",2023,"transportation_rnk",13.9383
"49057210704","tract",2023,"transportation_rnk",10.1964
"49057210800","tract",2023,"transportation_rnk",42.1494
"49057210900","tract",2023,"transportation_rnk",41.4865
"49057211000","tract",2023,"transportation_rnk",41.4865
"49057211100","tract",2023,"transportation_rnk",9.7691
"49057211201","tract",2023,"transportation_rnk",41.423
"49057211202","tract",2023,"transportation_rnk",26.1638
"49001100100","tract",2023,"transportation_state_rnk",12.8388
"49001100200","tract",2023,"transportation_state_rnk",5.1355
"49003960100","tract",2023,"transportation_state_rnk",17.9743
"49003960200","tract",2023,"transportation_state_rnk",10.0571
"49003960301","tract",2023,"transportation_state_rnk",13.1954
"49003960302","tract",2023,"transportation_state_rnk",26.5335
"49003960400","tract",2023,"transportation_state_rnk",11.2696
"49003960500","tract",2023,"transportation_state_rnk",29.5292
"49003960601","tract",2023,"transportation_state_rnk",60.7703
"49003960602","tract",2023,"transportation_state_rnk",1.7118
"49003960701","tract",2023,"transportation_state_rnk",40.6562
"49003960702","tract",2023,"transportation_state_rnk",62.9101
"49003960801","tract",2023,"transportation_state_rnk",11.8402
"49003960802","tract",2023,"transportation_state_rnk",2.3538
"49005000101","tract",2023,"transportation_state_rnk",26.5335
"49005000102","tract",2023,"transportation_state_rnk",45.0071
"49005000201","tract",2023,"transportation_state_rnk",14.2653
"49005000202","tract",2023,"transportation_state_rnk",69.8288
"49005000301","tract",2023,"transportation_state_rnk",21.6833
"49005000302","tract",2023,"transportation_state_rnk",42.4394
"49005000401","tract",2023,"transportation_state_rnk",94.7218
"49005000402","tract",2023,"transportation_state_rnk",60.913
"49005000403","tract",2023,"transportation_state_rnk",31.3837
"49005000501","tract",2023,"transportation_state_rnk",81.0271
"49005000502","tract",2023,"transportation_state_rnk",36.0913
"49005000601","tract",2023,"transportation_state_rnk",93.01
"49005000602","tract",2023,"transportation_state_rnk",87.8745
"49005000701","tract",2023,"transportation_state_rnk",89.5863
"49005000702","tract",2023,"transportation_state_rnk",NA
"49005000800","tract",2023,"transportation_state_rnk",97.8602
"49005000900","tract",2023,"transportation_state_rnk",97.1469
"49005001001","tract",2023,"transportation_state_rnk",71.4693
"49005001002","tract",2023,"transportation_state_rnk",77.4608
"49005001101","tract",2023,"transportation_state_rnk",33.5949
"49005001102","tract",2023,"transportation_state_rnk",74.7504
"49005001201","tract",2023,"transportation_state_rnk",22.7532
"49005001202","tract",2023,"transportation_state_rnk",6.99
"49005001300","tract",2023,"transportation_state_rnk",9.4151
"49005001401","tract",2023,"transportation_state_rnk",15.9772
"49005001402","tract",2023,"transportation_state_rnk",64.9786
"49005001500","tract",2023,"transportation_state_rnk",2.8531
"49005980100","tract",2023,"transportation_state_rnk",10.9843
"49007000100","tract",2023,"transportation_state_rnk",8.4165
"49007000200","tract",2023,"transportation_state_rnk",28.388
"49007000300","tract",2023,"transportation_state_rnk",69.3295
"49007000500","tract",2023,"transportation_state_rnk",20.3281
"49007000600","tract",2023,"transportation_state_rnk",2.9957
"49009960100","tract",2023,"transportation_state_rnk",54.7789
"49011125102","tract",2023,"transportation_state_rnk",34.3795
"49011125103","tract",2023,"transportation_state_rnk",27.0328
"49011125104","tract",2023,"transportation_state_rnk",17.4037
"49011125201","tract",2023,"transportation_state_rnk",15.6919
"49011125301","tract",2023,"transportation_state_rnk",23.1098
"49011125304","tract",2023,"transportation_state_rnk",28.1027
"49011125305","tract",2023,"transportation_state_rnk",19.5435
"49011125306","tract",2023,"transportation_state_rnk",2.7104
"49011125307","tract",2023,"transportation_state_rnk",1.4265
"49011125407","tract",2023,"transportation_state_rnk",12.6248
"49011125408","tract",2023,"transportation_state_rnk",4.7076
"49011125409","tract",2023,"transportation_state_rnk",7.5606
"49011125410","tract",2023,"transportation_state_rnk",7.418
"49011125411","tract",2023,"transportation_state_rnk",43.7946
"49011125412","tract",2023,"transportation_state_rnk",35.0927
"49011125413","tract",2023,"transportation_state_rnk",27.3181
"49011125414","tract",2023,"transportation_state_rnk",15.5492
"49011125415","tract",2023,"transportation_state_rnk",13.4094
"49011125501","tract",2023,"transportation_state_rnk",44.5792
"49011125502","tract",2023,"transportation_state_rnk",19.1155
"49011125503","tract",2023,"transportation_state_rnk",3.5663
"49011125600","tract",2023,"transportation_state_rnk",0
"49011125701","tract",2023,"transportation_state_rnk",61.3409
"49011125702","tract",2023,"transportation_state_rnk",50.214
"49011125801","tract",2023,"transportation_state_rnk",48.7161
"49011125804","tract",2023,"transportation_state_rnk",8.2739
"49011125805","tract",2023,"transportation_state_rnk",46.6476
"49011125807","tract",2023,"transportation_state_rnk",59.9857
"49011125809","tract",2023,"transportation_state_rnk",74.893
"49011125810","tract",2023,"transportation_state_rnk",42.6534
"49011125905","tract",2023,"transportation_state_rnk",24.8217
"49011125906","tract",2023,"transportation_state_rnk",27.0328
"49011125907","tract",2023,"transportation_state_rnk",23.2525
"49011125908","tract",2023,"transportation_state_rnk",27.6034
"49011126001","tract",2023,"transportation_state_rnk",52.1398
"49011126002","tract",2023,"transportation_state_rnk",18.4023
"49011126101","tract",2023,"transportation_state_rnk",43.3666
"49011126105","tract",2023,"transportation_state_rnk",16.7618
"49011126106","tract",2023,"transportation_state_rnk",3.281
"49011126107","tract",2023,"transportation_state_rnk",46.505
"49011126108","tract",2023,"transportation_state_rnk",28.6733
"49011126203","tract",2023,"transportation_state_rnk",10.0571
"49011126204","tract",2023,"transportation_state_rnk",40.2282
"49011126205","tract",2023,"transportation_state_rnk",53.7803
"49011126206","tract",2023,"transportation_state_rnk",9.1298
"49011126303","tract",2023,"transportation_state_rnk",43.5806
"49011126304","tract",2023,"transportation_state_rnk",38.8017
"49011126305","tract",2023,"transportation_state_rnk",50.9272
"49011126306","tract",2023,"transportation_state_rnk",52.3538
"49011126402","tract",2023,"transportation_state_rnk",22.3966
"49011126404","tract",2023,"transportation_state_rnk",14.408
"49011126405","tract",2023,"transportation_state_rnk",11.4123
"49011126406","tract",2023,"transportation_state_rnk",56.3481
"49011126500","tract",2023,"transportation_state_rnk",29.1726
"49011126600","tract",2023,"transportation_state_rnk",54.6362
"49011126700","tract",2023,"transportation_state_rnk",62.1969
"49011126801","tract",2023,"transportation_state_rnk",51.6405
"49011126802","tract",2023,"transportation_state_rnk",32.9529
"49011126901","tract",2023,"transportation_state_rnk",47.9315
"49011126902","tract",2023,"transportation_state_rnk",56.9187
"49011127002","tract",2023,"transportation_state_rnk",26.1769
"49011127003","tract",2023,"transportation_state_rnk",20.6847
"49011127005","tract",2023,"transportation_state_rnk",7.9886
"49011127006","tract",2023,"transportation_state_rnk",10.5563
"49011127100","tract",2023,"transportation_state_rnk",35.5207
"49011980000","tract",2023,"transportation_state_rnk",NA
"49013940300","tract",2023,"transportation_state_rnk",13.8374
"49013940501","tract",2023,"transportation_state_rnk",53.495
"49013940502","tract",2023,"transportation_state_rnk",29.8146
"49013940600","tract",2023,"transportation_state_rnk",16.7618
"49015976200","tract",2023,"transportation_state_rnk",2.3538
"49015976300","tract",2023,"transportation_state_rnk",1.5692
"49015976500","tract",2023,"transportation_state_rnk",4.2796
"49017000300","tract",2023,"transportation_state_rnk",15.1213
"49017000400","tract",2023,"transportation_state_rnk",63.0528
"49019000200","tract",2023,"transportation_state_rnk",53.067
"49019000301","tract",2023,"transportation_state_rnk",13.1954
"49019000302","tract",2023,"transportation_state_rnk",47.2896
"49021110100","tract",2023,"transportation_state_rnk",29.6719
"49021110201","tract",2023,"transportation_state_rnk",50
"49021110202","tract",2023,"transportation_state_rnk",6.5621
"49021110300","tract",2023,"transportation_state_rnk",25.4636
"49021110400","tract",2023,"transportation_state_rnk",76.0342
"49021110501","tract",2023,"transportation_state_rnk",62.3395
"49021110502","tract",2023,"transportation_state_rnk",44.5792
"49021110601","tract",2023,"transportation_state_rnk",91.0128
"49021110602","tract",2023,"transportation_state_rnk",85.3067
"49021110702","tract",2023,"transportation_state_rnk",22.7532
"49021110703","tract",2023,"transportation_state_rnk",10.8417
"49021110704","tract",2023,"transportation_state_rnk",73.8944
"49023010100","tract",2023,"transportation_state_rnk",1.8545
"49023010200","tract",2023,"transportation_state_rnk",44.2939
"49025130100","tract",2023,"transportation_state_rnk",32.097
"49025130200","tract",2023,"transportation_state_rnk",32.2397
"49027974100","tract",2023,"transportation_state_rnk",21.398
"49027974200","tract",2023,"transportation_state_rnk",0.2853
"49027974300","tract",2023,"transportation_state_rnk",6.1341
"49029970101","tract",2023,"transportation_state_rnk",5.4208
"49029970102","tract",2023,"transportation_state_rnk",17.1184
"49029970200","tract",2023,"transportation_state_rnk",0.7133
"49031960100","tract",2023,"transportation_state_rnk",48.0742
"49033950100","tract",2023,"transportation_state_rnk",52.7817
"49035100100","tract",2023,"transportation_state_rnk",81.5977
"49035100200","tract",2023,"transportation_state_rnk",56.776
"49035100306","tract",2023,"transportation_state_rnk",97.5749
"49035100307","tract",2023,"transportation_state_rnk",60.6277
"49035100308","tract",2023,"transportation_state_rnk",95.1498
"49035100500","tract",2023,"transportation_state_rnk",95.7204
"49035100600","tract",2023,"transportation_state_rnk",96.719
"49035100700","tract",2023,"transportation_state_rnk",93.8659
"49035100800","tract",2023,"transportation_state_rnk",93.5093
"49035101000","tract",2023,"transportation_state_rnk",98.7161
"49035101101","tract",2023,"transportation_state_rnk",98.1455
"49035101102","tract",2023,"transportation_state_rnk",99.2867
"49035101200","tract",2023,"transportation_state_rnk",92.8673
"49035101401","tract",2023,"transportation_state_rnk",NA
"49035101402","tract",2023,"transportation_state_rnk",NA
"49035101500","tract",2023,"transportation_state_rnk",99.572
"49035101600","tract",2023,"transportation_state_rnk",98.4308
"49035101700","tract",2023,"transportation_state_rnk",98.0029
"49035101800","tract",2023,"transportation_state_rnk",97.4322
"49035101900","tract",2023,"transportation_state_rnk",100
"49035102000","tract",2023,"transportation_state_rnk",84.5221
"49035102100","tract",2023,"transportation_state_rnk",99.8573
"49035102300","tract",2023,"transportation_state_rnk",99.7147
"49035102501","tract",2023,"transportation_state_rnk",98.8588
"49035102502","tract",2023,"transportation_state_rnk",99.4294
"49035102600","tract",2023,"transportation_state_rnk",93.5093
"49035102701","tract",2023,"transportation_state_rnk",88.9444
"49035102702","tract",2023,"transportation_state_rnk",96.4337
"49035102801","tract",2023,"transportation_state_rnk",90.4422
"49035102802","tract",2023,"transportation_state_rnk",68.6163
"49035102900","tract",2023,"transportation_state_rnk",98.5735
"49035103000","tract",2023,"transportation_state_rnk",78.4593
"49035103100","tract",2023,"transportation_state_rnk",89.1583
"49035103200","tract",2023,"transportation_state_rnk",92.582
"49035103300","tract",2023,"transportation_state_rnk",88.3024
"49035103400","tract",2023,"transportation_state_rnk",95.2924
"49035103500","tract",2023,"transportation_state_rnk",94.2939
"49035103600","tract",2023,"transportation_state_rnk",65.7632
"49035103700","tract",2023,"transportation_state_rnk",87.1612
"49035103800","tract",2023,"transportation_state_rnk",63.6947
"49035103900","tract",2023,"transportation_state_rnk",55.6348
"49035104000","tract",2023,"transportation_state_rnk",85.8773
"49035104100","tract",2023,"transportation_state_rnk",83.0243
"49035104200","tract",2023,"transportation_state_rnk",77.3181
"49035104300","tract",2023,"transportation_state_rnk",61.6976
"49035104400","tract",2023,"transportation_state_rnk",18.2596
"49035104700","tract",2023,"transportation_state_rnk",84.7361
"49035104800","tract",2023,"transportation_state_rnk",84.0228
"49035104900","tract",2023,"transportation_state_rnk",97.0043
"49035110103","tract",2023,"transportation_state_rnk",79.6006
"49035110104","tract",2023,"transportation_state_rnk",72.4679
"49035110105","tract",2023,"transportation_state_rnk",52.1398
"49035110106","tract",2023,"transportation_state_rnk",84.1655
"49035110200","tract",2023,"transportation_state_rnk",80.0285
"49035110300","tract",2023,"transportation_state_rnk",72.7532
"49035110401","tract",2023,"transportation_state_rnk",90.5849
"49035110402","tract",2023,"transportation_state_rnk",37.0899
"49035110500","tract",2023,"transportation_state_rnk",94.0086
"49035110600","tract",2023,"transportation_state_rnk",79.03
"49035110701","tract",2023,"transportation_state_rnk",64.7646
"49035110702","tract",2023,"transportation_state_rnk",68.1883
"49035110800","tract",2023,"transportation_state_rnk",79.7432
"49035110900","tract",2023,"transportation_state_rnk",77.6034
"49035111001","tract",2023,"transportation_state_rnk",21.2553
"49035111002","tract",2023,"transportation_state_rnk",77.7461
"49035111104","tract",2023,"transportation_state_rnk",53.281
"49035111105","tract",2023,"transportation_state_rnk",74.3224
"49035111106","tract",2023,"transportation_state_rnk",90.2996
"49035111107","tract",2023,"transportation_state_rnk",56.6334
"49035111108","tract",2023,"transportation_state_rnk",85.7347
"49035111109","tract",2023,"transportation_state_rnk",72.8959
"49035111201","tract",2023,"transportation_state_rnk",93.7233
"49035111202","tract",2023,"transportation_state_rnk",87.4465
"49035111302","tract",2023,"transportation_state_rnk",82.0257
"49035111304","tract",2023,"transportation_state_rnk",46.3623
"49035111305","tract",2023,"transportation_state_rnk",84.3081
"49035111306","tract",2023,"transportation_state_rnk",57.204
"49035111400","tract",2023,"transportation_state_rnk",95.0071
"49035111500","tract",2023,"transportation_state_rnk",78.174
"49035111601","tract",2023,"transportation_state_rnk",78.8873
"49035111602","tract",2023,"transportation_state_rnk",73.7518
"49035111701","tract",2023,"transportation_state_rnk",89.4437
"49035111702","tract",2023,"transportation_state_rnk",89.301
"49035111801","tract",2023,"transportation_state_rnk",95.8631
"49035111802","tract",2023,"transportation_state_rnk",91.7261
"49035111903","tract",2023,"transportation_state_rnk",41.9401
"49035111904","tract",2023,"transportation_state_rnk",94.8645
"49035111905","tract",2023,"transportation_state_rnk",91.4408
"49035111906","tract",2023,"transportation_state_rnk",90.7275
"49035112001","tract",2023,"transportation_state_rnk",90.8702
"49035112002","tract",2023,"transportation_state_rnk",82.5963
"49035112101","tract",2023,"transportation_state_rnk",99.0014
"49035112102","tract",2023,"transportation_state_rnk",88.1598
"49035112201","tract",2023,"transportation_state_rnk",67.1897
"49035112202","tract",2023,"transportation_state_rnk",50.4993
"49035112301","tract",2023,"transportation_state_rnk",91.2981
"49035112302","tract",2023,"transportation_state_rnk",65.9058
"49035112402","tract",2023,"transportation_state_rnk",84.5221
"49035112404","tract",2023,"transportation_state_rnk",99.1441
"49035112405","tract",2023,"transportation_state_rnk",87.7318
"49035112406","tract",2023,"transportation_state_rnk",86.8046
"49035112501","tract",2023,"transportation_state_rnk",83.8802
"49035112503","tract",2023,"transportation_state_rnk",85.4494
"49035112504","tract",2023,"transportation_state_rnk",91.8688
"49035112505","tract",2023,"transportation_state_rnk",96.0057
"49035112604","tract",2023,"transportation_state_rnk",75.8916
"49035112608","tract",2023,"transportation_state_rnk",76.4622
"49035112609","tract",2023,"transportation_state_rnk",5.7061
"49035112610","tract",2023,"transportation_state_rnk",90.0143
"49035112611","tract",2023,"transportation_state_rnk",24.679
"49035112612","tract",2023,"transportation_state_rnk",82.4536
"49035112613","tract",2023,"transportation_state_rnk",42.796
"49035112614","tract",2023,"transportation_state_rnk",79.1726
"49035112615","tract",2023,"transportation_state_rnk",66.4765
"49035112616","tract",2023,"transportation_state_rnk",76.3195
"49035112617","tract",2023,"transportation_state_rnk",80.5991
"49035112618","tract",2023,"transportation_state_rnk",38.9444
"49035112619","tract",2023,"transportation_state_rnk",64.194
"49035112620","tract",2023,"transportation_state_rnk",87.3039
"49035112621","tract",2023,"transportation_state_rnk",93.2953
"49035112700","tract",2023,"transportation_state_rnk",89.8716
"49035112804","tract",2023,"transportation_state_rnk",80.8845
"49035112805","tract",2023,"transportation_state_rnk",33.9515
"49035112812","tract",2023,"transportation_state_rnk",56.4907
"49035112813","tract",2023,"transportation_state_rnk",75.6063
"49035112814","tract",2023,"transportation_state_rnk",95.4351
"49035112815","tract",2023,"transportation_state_rnk",26.1769
"49035112816","tract",2023,"transportation_state_rnk",70.6134
"49035112818","tract",2023,"transportation_state_rnk",NA
"49035112821","tract",2023,"transportation_state_rnk",75.4636
"49035112822","tract",2023,"transportation_state_rnk",80.4565
"49035112823","tract",2023,"transportation_state_rnk",90.1569
"49035112824","tract",2023,"transportation_state_rnk",94.1512
"49035112825","tract",2023,"transportation_state_rnk",64.0514
"49035112826","tract",2023,"transportation_state_rnk",34.8074
"49035112827","tract",2023,"transportation_state_rnk",52.4964
"49035112828","tract",2023,"transportation_state_rnk",61.0556
"49035112829","tract",2023,"transportation_state_rnk",86.4479
"49035112830","tract",2023,"transportation_state_rnk",68.331
"49035112831","tract",2023,"transportation_state_rnk",54.3509
"49035112904","tract",2023,"transportation_state_rnk",66.9044
"49035112905","tract",2023,"transportation_state_rnk",67.0471
"49035112907","tract",2023,"transportation_state_rnk",46.077
"49035112912","tract",2023,"transportation_state_rnk",25.107
"49035112913","tract",2023,"transportation_state_rnk",71.612
"49035112914","tract",2023,"transportation_state_rnk",74.6077
"49035112916","tract",2023,"transportation_state_rnk",72.2539
"49035112917","tract",2023,"transportation_state_rnk",68.7589
"49035112918","tract",2023,"transportation_state_rnk",70.1141
"49035112920","tract",2023,"transportation_state_rnk",92.1541
"49035112921","tract",2023,"transportation_state_rnk",82.8816
"49035113007","tract",2023,"transportation_state_rnk",61.9116
"49035113008","tract",2023,"transportation_state_rnk",63.3381
"49035113010","tract",2023,"transportation_state_rnk",86.5906
"49035113011","tract",2023,"transportation_state_rnk",70.7561
"49035113012","tract",2023,"transportation_state_rnk",75.0357
"49035113013","tract",2023,"transportation_state_rnk",6.5621
"49035113014","tract",2023,"transportation_state_rnk",40.0856
"49035113016","tract",2023,"transportation_state_rnk",70.4708
"49035113017","tract",2023,"transportation_state_rnk",65.3352
"49035113021","tract",2023,"transportation_state_rnk",69.0442
"49035113022","tract",2023,"transportation_state_rnk",85.1641
"49035113023","tract",2023,"transportation_state_rnk",51.2839
"49035113024","tract",2023,"transportation_state_rnk",75.7489
"49035113025","tract",2023,"transportation_state_rnk",40.7989
"49035113101","tract",2023,"transportation_state_rnk",83.7375
"49035113102","tract",2023,"transportation_state_rnk",18.9729
"49035113105","tract",2023,"transportation_state_rnk",54.2083
"49035113108","tract",2023,"transportation_state_rnk",4.9929
"49035113109","tract",2023,"transportation_state_rnk",82.7389
"49035113110","tract",2023,"transportation_state_rnk",23.8231
"49035113111","tract",2023,"transportation_state_rnk",77.0328
"49035113112","tract",2023,"transportation_state_rnk",70.1141
"49035113113","tract",2023,"transportation_state_rnk",85.0214
"49035113114","tract",2023,"transportation_state_rnk",51.7832
"49035113307","tract",2023,"transportation_state_rnk",73.1812
"49035113308","tract",2023,"transportation_state_rnk",83.5949
"49035113309","tract",2023,"transportation_state_rnk",79.8859
"49035113310","tract",2023,"transportation_state_rnk",89.729
"49035113311","tract",2023,"transportation_state_rnk",87.5892
"49035113312","tract",2023,"transportation_state_rnk",86.1626
"49035113313","tract",2023,"transportation_state_rnk",64.3367
"49035113314","tract",2023,"transportation_state_rnk",97.7175
"49035113406","tract",2023,"transportation_state_rnk",91.1555
"49035113408","tract",2023,"transportation_state_rnk",70.3281
"49035113409","tract",2023,"transportation_state_rnk",73.0385
"49035113410","tract",2023,"transportation_state_rnk",81.3124
"49035113411","tract",2023,"transportation_state_rnk",23.9658
"49035113412","tract",2023,"transportation_state_rnk",59.6291
"49035113413","tract",2023,"transportation_state_rnk",77.9601
"49035113414","tract",2023,"transportation_state_rnk",63.4807
"49035113415","tract",2023,"transportation_state_rnk",34.9501
"49035113505","tract",2023,"transportation_state_rnk",81.4551
"49035113509","tract",2023,"transportation_state_rnk",69.6148
"49035113510","tract",2023,"transportation_state_rnk",16.2625
"49035113511","tract",2023,"transportation_state_rnk",32.7389
"49035113512","tract",2023,"transportation_state_rnk",94.5792
"49035113513","tract",2023,"transportation_state_rnk",82.311
"49035113514","tract",2023,"transportation_state_rnk",93.1526
"49035113515","tract",2023,"transportation_state_rnk",78.602
"49035113520","tract",2023,"transportation_state_rnk",49.6434
"49035113521","tract",2023,"transportation_state_rnk",88.9444
"49035113522","tract",2023,"transportation_state_rnk",74.1797
"49035113523","tract",2023,"transportation_state_rnk",76.8188
"49035113526","tract",2023,"transportation_state_rnk",66.0485
"49035113527","tract",2023,"transportation_state_rnk",85.592
"49035113528","tract",2023,"transportation_state_rnk",72.2539
"49035113532","tract",2023,"transportation_state_rnk",63.9087
"49035113533","tract",2023,"transportation_state_rnk",32.7389
"49035113536","tract",2023,"transportation_state_rnk",37.3752
"49035113537","tract",2023,"transportation_state_rnk",10.4137
"49035113538","tract",2023,"transportation_state_rnk",66.1912
"49035113539","tract",2023,"transportation_state_rnk",8.7019
"49035113540","tract",2023,"transportation_state_rnk",34.1655
"49035113541","tract",2023,"transportation_state_rnk",12.4108
"49035113542","tract",2023,"transportation_state_rnk",81.7404
"49035113543","tract",2023,"transportation_state_rnk",5.9201
"49035113544","tract",2023,"transportation_state_rnk",2.1398
"49035113545","tract",2023,"transportation_state_rnk",16.4051
"49035113600","tract",2023,"transportation_state_rnk",81.883
"49035113701","tract",2023,"transportation_state_rnk",63.6947
"49035113702","tract",2023,"transportation_state_rnk",83.1669
"49035113801","tract",2023,"transportation_state_rnk",79.4579
"49035113802","tract",2023,"transportation_state_rnk",79.3153
"49035113804","tract",2023,"transportation_state_rnk",68.4736
"49035113805","tract",2023,"transportation_state_rnk",59.7718
"49035113903","tract",2023,"transportation_state_rnk",73.6091
"49035113904","tract",2023,"transportation_state_rnk",92.0114
"49035113905","tract",2023,"transportation_state_rnk",68.9016
"49035113906","tract",2023,"transportation_state_rnk",76.6049
"49035113908","tract",2023,"transportation_state_rnk",67.903
"49035113909","tract",2023,"transportation_state_rnk",39.6576
"49035114000","tract",2023,"transportation_state_rnk",88.5164
"49035114100","tract",2023,"transportation_state_rnk",96.8616
"49035114200","tract",2023,"transportation_state_rnk",33.5949
"49035114301","tract",2023,"transportation_state_rnk",87.0185
"49035114302","tract",2023,"transportation_state_rnk",35.806
"49035114303","tract",2023,"transportation_state_rnk",81.1698
"49035114304","tract",2023,"transportation_state_rnk",61.6976
"49035114500","tract",2023,"transportation_state_rnk",71.8973
"49035114601","tract",2023,"transportation_state_rnk",76.1769
"49035114602","tract",2023,"transportation_state_rnk",56.2054
"49035114700","tract",2023,"transportation_state_rnk",84.8787
"49035114800","tract",2023,"transportation_state_rnk",92.2967
"49035115107","tract",2023,"transportation_state_rnk",69.1869
"49035115108","tract",2023,"transportation_state_rnk",78.3167
"49035115109","tract",2023,"transportation_state_rnk",73.4665
"49035115210","tract",2023,"transportation_state_rnk",70.8987
"49035115211","tract",2023,"transportation_state_rnk",36.9472
"49035980000","tract",2023,"transportation_state_rnk",NA
"49035980100","tract",2023,"transportation_state_rnk",NA
"49037942000","tract",2023,"transportation_state_rnk",53.6377
"49037942100","tract",2023,"transportation_state_rnk",48.5021
"49037978100","tract",2023,"transportation_state_rnk",57.3466
"49037978200","tract",2023,"transportation_state_rnk",61.4836
"49039972101","tract",2023,"transportation_state_rnk",48.3595
"49039972102","tract",2023,"transportation_state_rnk",9.7004
"49039972200","tract",2023,"transportation_state_rnk",41.5121
"49039972300","tract",2023,"transportation_state_rnk",31.883
"49039972401","tract",2023,"transportation_state_rnk",72.6106
"49039972402","tract",2023,"transportation_state_rnk",60.485
"49039972500","tract",2023,"transportation_state_rnk",36.0913
"49041975100","tract",2023,"transportation_state_rnk",6.8474
"49041975200","tract",2023,"transportation_state_rnk",5.2782
"49041975300","tract",2023,"transportation_state_rnk",47.7889
"49041975400","tract",2023,"transportation_state_rnk",34.1655
"49041975500","tract",2023,"transportation_state_rnk",10.699
"49043964101","tract",2023,"transportation_state_rnk",4.5649
"49043964103","tract",2023,"transportation_state_rnk",55.9201
"49043964104","tract",2023,"transportation_state_rnk",0.428
"49043964201","tract",2023,"transportation_state_rnk",19.2582
"49043964202","tract",2023,"transportation_state_rnk",7.8459
"49043964203","tract",2023,"transportation_state_rnk",0.1427
"49043964303","tract",2023,"transportation_state_rnk",46.8616
"49043964304","tract",2023,"transportation_state_rnk",44.7932
"49043964305","tract",2023,"transportation_state_rnk",88.0171
"49043964306","tract",2023,"transportation_state_rnk",68.0456
"49043964307","tract",2023,"transportation_state_rnk",83.3096
"49043964308","tract",2023,"transportation_state_rnk",95.5777
"49043964401","tract",2023,"transportation_state_rnk",65.4779
"49043964402","tract",2023,"transportation_state_rnk",75.321
"49045130600","tract",2023,"transportation_state_rnk",71.3267
"49045130701","tract",2023,"transportation_state_rnk",22.3966
"49045130704","tract",2023,"transportation_state_rnk",3.8516
"49045130705","tract",2023,"transportation_state_rnk",19.4009
"49045130706","tract",2023,"transportation_state_rnk",9.2725
"49045130707","tract",2023,"transportation_state_rnk",5.5635
"49045130708","tract",2023,"transportation_state_rnk",29.9572
"49045130800","tract",2023,"transportation_state_rnk",10.271
"49045130900","tract",2023,"transportation_state_rnk",67.5464
"49045131001","tract",2023,"transportation_state_rnk",43.9372
"49045131003","tract",2023,"transportation_state_rnk",66.6191
"49045131004","tract",2023,"transportation_state_rnk",8.9872
"49045131005","tract",2023,"transportation_state_rnk",57.9173
"49045131101","tract",2023,"transportation_state_rnk",31.0271
"49045131102","tract",2023,"transportation_state_rnk",27.6034
"49045131200","tract",2023,"transportation_state_rnk",53.281
"49045980000","tract",2023,"transportation_state_rnk",NA
"49047940201","tract",2023,"transportation_state_rnk",45.7917
"49047968201","tract",2023,"transportation_state_rnk",16.1198
"49047968202","tract",2023,"transportation_state_rnk",33.0956
"49047968301","tract",2023,"transportation_state_rnk",8.5592
"49047968302","tract",2023,"transportation_state_rnk",25.4636
"49047968401","tract",2023,"transportation_state_rnk",43.0813
"49047968403","tract",2023,"transportation_state_rnk",77.9601
"49047968404","tract",2023,"transportation_state_rnk",22.3966
"49049000102","tract",2023,"transportation_state_rnk",32.525
"49049000103","tract",2023,"transportation_state_rnk",37.3752
"49049000104","tract",2023,"transportation_state_rnk",12.1255
"49049000105","tract",2023,"transportation_state_rnk",47.5036
"49049000203","tract",2023,"transportation_state_rnk",48.7161
"49049000205","tract",2023,"transportation_state_rnk",12.9815
"49049000206","tract",2023,"transportation_state_rnk",34.5221
"49049000207","tract",2023,"transportation_state_rnk",31.883
"49049000208","tract",2023,"transportation_state_rnk",62.7675
"49049000400","tract",2023,"transportation_state_rnk",39.8716
"49049000504","tract",2023,"transportation_state_rnk",27.3181
"49049000505","tract",2023,"transportation_state_rnk",26.5335
"49049000506","tract",2023,"transportation_state_rnk",59.2725
"49049000507","tract",2023,"transportation_state_rnk",29.3866
"49049000508","tract",2023,"transportation_state_rnk",33.3809
"49049000510","tract",2023,"transportation_state_rnk",60.1997
"49049000511","tract",2023,"transportation_state_rnk",49.2867
"49049000601","tract",2023,"transportation_state_rnk",45.4351
"49049000603","tract",2023,"transportation_state_rnk",14.622
"49049000604","tract",2023,"transportation_state_rnk",26.8188
"49049000703","tract",2023,"transportation_state_rnk",69.8288
"49049000706","tract",2023,"transportation_state_rnk",38.6591
"49049000707","tract",2023,"transportation_state_rnk",39.8716
"49049000708","tract",2023,"transportation_state_rnk",11.6262
"49049000709","tract",2023,"transportation_state_rnk",30.1712
"49049000710","tract",2023,"transportation_state_rnk",19.6862
"49049000711","tract",2023,"transportation_state_rnk",51.9258
"49049000801","tract",2023,"transportation_state_rnk",59.2725
"49049000803","tract",2023,"transportation_state_rnk",62.0542
"49049000804","tract",2023,"transportation_state_rnk",65.6205
"49049000901","tract",2023,"transportation_state_rnk",58.7732
"49049000903","tract",2023,"transportation_state_rnk",24.2511
"49049000904","tract",2023,"transportation_state_rnk",23.6805
"49049001001","tract",2023,"transportation_state_rnk",27.8174
"49049001002","tract",2023,"transportation_state_rnk",38.2311
"49049001103","tract",2023,"transportation_state_rnk",58.6305
"49049001105","tract",2023,"transportation_state_rnk",55.4208
"49049001106","tract",2023,"transportation_state_rnk",25.7489
"49049001107","tract",2023,"transportation_state_rnk",51.4979
"49049001108","tract",2023,"transportation_state_rnk",52.9244
"49049001201","tract",2023,"transportation_state_rnk",57.0613
"49049001202","tract",2023,"transportation_state_rnk",64.4793
"49049001300","tract",2023,"transportation_state_rnk",71.7546
"49049001401","tract",2023,"transportation_state_rnk",49.2867
"49049001403","tract",2023,"transportation_state_rnk",77.1755
"49049001404","tract",2023,"transportation_state_rnk",76.8188
"49049001501","tract",2023,"transportation_state_rnk",66.7618
"49049001503","tract",2023,"transportation_state_rnk",36.6619
"49049001504","tract",2023,"transportation_state_rnk",73.3238
"49049001601","tract",2023,"transportation_state_rnk",NA
"49049001602","tract",2023,"transportation_state_rnk",NA
"49049001701","tract",2023,"transportation_state_rnk",86.8046
"49049001702","tract",2023,"transportation_state_rnk",80.1712
"49049001801","tract",2023,"transportation_state_rnk",97.2896
"49049001802","tract",2023,"transportation_state_rnk",91.5835
"49049001803","tract",2023,"transportation_state_rnk",92.4394
"49049001900","tract",2023,"transportation_state_rnk",88.5164
"49049002001","tract",2023,"transportation_state_rnk",86.02
"49049002002","tract",2023,"transportation_state_rnk",66.3338
"49049002101","tract",2023,"transportation_state_rnk",41.7974
"49049002102","tract",2023,"transportation_state_rnk",58.0599
"49049002204","tract",2023,"transportation_state_rnk",55.4208
"49049002205","tract",2023,"transportation_state_rnk",46.8616
"49049002206","tract",2023,"transportation_state_rnk",28.5307
"49049002208","tract",2023,"transportation_state_rnk",49.0014
"49049002209","tract",2023,"transportation_state_rnk",60.3424
"49049002210","tract",2023,"transportation_state_rnk",67.3324
"49049002211","tract",2023,"transportation_state_rnk",53.923
"49049002212","tract",2023,"transportation_state_rnk",25.7489
"49049002213","tract",2023,"transportation_state_rnk",14.9073
"49049002300","tract",2023,"transportation_state_rnk",75.1783
"49049002400","tract",2023,"transportation_state_rnk",96.5763
"49049002500","tract",2023,"transportation_state_rnk",71.0414
"49049002702","tract",2023,"transportation_state_rnk",58.9158
"49049002703","tract",2023,"transportation_state_rnk",39.2297
"49049002901","tract",2023,"transportation_state_rnk",39.3723
"49049002902","tract",2023,"transportation_state_rnk",25.2496
"49049003001","tract",2023,"transportation_state_rnk",18.7589
"49049003002","tract",2023,"transportation_state_rnk",14.0514
"49049003103","tract",2023,"transportation_state_rnk",45.0071
"49049003104","tract",2023,"transportation_state_rnk",31.5977
"49049003105","tract",2023,"transportation_state_rnk",67.5464
"49049003106","tract",2023,"transportation_state_rnk",50.7133
"49049003201","tract",2023,"transportation_state_rnk",41.3695
"49049003203","tract",2023,"transportation_state_rnk",3.4237
"49049003204","tract",2023,"transportation_state_rnk",51.2839
"49049003205","tract",2023,"transportation_state_rnk",13.6947
"49049003301","tract",2023,"transportation_state_rnk",28.8873
"49049003302","tract",2023,"transportation_state_rnk",58.4879
"49049003401","tract",2023,"transportation_state_rnk",33.8088
"49049003403","tract",2023,"transportation_state_rnk",11.9829
"49049003404","tract",2023,"transportation_state_rnk",12.2682
"49049003405","tract",2023,"transportation_state_rnk",39.087
"49049010107","tract",2023,"transportation_state_rnk",19.8288
"49049010110","tract",2023,"transportation_state_rnk",42.2254
"49049010114","tract",2023,"transportation_state_rnk",35.6633
"49049010115","tract",2023,"transportation_state_rnk",17.1184
"49049010116","tract",2023,"transportation_state_rnk",59.0585
"49049010117","tract",2023,"transportation_state_rnk",21.5407
"49049010118","tract",2023,"transportation_state_rnk",45.2211
"49049010119","tract",2023,"transportation_state_rnk",0.9986
"49049010120","tract",2023,"transportation_state_rnk",20.1141
"49049010121","tract",2023,"transportation_state_rnk",49.0014
"49049010122","tract",2023,"transportation_state_rnk",37.6605
"49049010123","tract",2023,"transportation_state_rnk",44.2939
"49049010124","tract",2023,"transportation_state_rnk",58.2739
"49049010125","tract",2023,"transportation_state_rnk",36.5193
"49049010126","tract",2023,"transportation_state_rnk",30.3852
"49049010127","tract",2023,"transportation_state_rnk",17.6177
"49049010128","tract",2023,"transportation_state_rnk",47.2896
"49049010129","tract",2023,"transportation_state_rnk",38.5164
"49049010130","tract",2023,"transportation_state_rnk",34.6648
"49049010131","tract",2023,"transportation_state_rnk",22.1113
"49049010132","tract",2023,"transportation_state_rnk",37.8031
"49049010208","tract",2023,"transportation_state_rnk",15.2639
"49049010209","tract",2023,"transportation_state_rnk",29.1726
"49049010210","tract",2023,"transportation_state_rnk",23.5378
"49049010211","tract",2023,"transportation_state_rnk",4.4223
"49049010212","tract",2023,"transportation_state_rnk",54.0656
"49049010213","tract",2023,"transportation_state_rnk",3.9943
"49049010216","tract",2023,"transportation_state_rnk",47.0756
"49049010217","tract",2023,"transportation_state_rnk",43.5806
"49049010219","tract",2023,"transportation_state_rnk",5.9201
"49049010220","tract",2023,"transportation_state_rnk",50.7133
"49049010221","tract",2023,"transportation_state_rnk",45.6491
"49049010222","tract",2023,"transportation_state_rnk",19.9715
"49049010223","tract",2023,"transportation_state_rnk",40.4422
"49049010224","tract",2023,"transportation_state_rnk",27.9601
"49049010225","tract",2023,"transportation_state_rnk",24.3937
"49049010226","tract",2023,"transportation_state_rnk",16.5478
"49049010303","tract",2023,"transportation_state_rnk",36.8046
"49049010305","tract",2023,"transportation_state_rnk",1.1412
"49049010306","tract",2023,"transportation_state_rnk",8.8445
"49049010307","tract",2023,"transportation_state_rnk",17.6177
"49049010308","tract",2023,"transportation_state_rnk",38.0171
"49049010404","tract",2023,"transportation_state_rnk",21.1127
"49049010405","tract",2023,"transportation_state_rnk",3.1384
"49049010406","tract",2023,"transportation_state_rnk",9.5578
"49049010407","tract",2023,"transportation_state_rnk",1.9971
"49049010408","tract",2023,"transportation_state_rnk",1.2839
"49049010409","tract",2023,"transportation_state_rnk",7.204
"49049010410","tract",2023,"transportation_state_rnk",20.5421
"49049010411","tract",2023,"transportation_state_rnk",21.9686
"49049010503","tract",2023,"transportation_state_rnk",32.3823
"49049010504","tract",2023,"transportation_state_rnk",15.8345
"49049010505","tract",2023,"transportation_state_rnk",20.3281
"49049010506","tract",2023,"transportation_state_rnk",7.7033
"49049010600","tract",2023,"transportation_state_rnk",6.2767
"49049010700","tract",2023,"transportation_state_rnk",22.9672
"49049010900","tract",2023,"transportation_state_rnk",30.8131
"49049980100","tract",2023,"transportation_state_rnk",NA
"49049980200","tract",2023,"transportation_state_rnk",98.2882
"49049980300","tract",2023,"transportation_state_rnk",59.9857
"49049980400","tract",2023,"transportation_state_rnk",NA
"49049980500","tract",2023,"transportation_state_rnk",45.4351
"49049980600","tract",2023,"transportation_state_rnk",NA
"49051940501","tract",2023,"transportation_state_rnk",65.1926
"49051960100","tract",2023,"transportation_state_rnk",49.5007
"49051960201","tract",2023,"transportation_state_rnk",18.117
"49051960202","tract",2023,"transportation_state_rnk",7.204
"49051960203","tract",2023,"transportation_state_rnk",9.8431
"49051960204","tract",2023,"transportation_state_rnk",38.0171
"49051960401","tract",2023,"transportation_state_rnk",42.0827
"49051960402","tract",2023,"transportation_state_rnk",47.6462
"49051960500","tract",2023,"transportation_state_rnk",8.1312
"49051980100","tract",2023,"transportation_state_rnk",NA
"49053270101","tract",2023,"transportation_state_rnk",14.0514
"49053270102","tract",2023,"transportation_state_rnk",45.9344
"49053270200","tract",2023,"transportation_state_rnk",35.2354
"49053270301","tract",2023,"transportation_state_rnk",80.7418
"49053270302","tract",2023,"transportation_state_rnk",62.6248
"49053270401","tract",2023,"transportation_state_rnk",41.0842
"49053270402","tract",2023,"transportation_state_rnk",49.786
"49053270501","tract",2023,"transportation_state_rnk",0.8559
"49053270502","tract",2023,"transportation_state_rnk",31.0271
"49053270601","tract",2023,"transportation_state_rnk",80.3138
"49053270602","tract",2023,"transportation_state_rnk",20.8274
"49053270701","tract",2023,"transportation_state_rnk",82.1683
"49053270702","tract",2023,"transportation_state_rnk",94.4365
"49053270802","tract",2023,"transportation_state_rnk",23.3951
"49053270803","tract",2023,"transportation_state_rnk",24.5364
"49053270804","tract",2023,"transportation_state_rnk",4.8502
"49053270805","tract",2023,"transportation_state_rnk",64.622
"49053270806","tract",2023,"transportation_state_rnk",35.378
"49053270901","tract",2023,"transportation_state_rnk",43.224
"49053270903","tract",2023,"transportation_state_rnk",51.0699
"49053270904","tract",2023,"transportation_state_rnk",48.2168
"49053270905","tract",2023,"transportation_state_rnk",31.2411
"49053271000","tract",2023,"transportation_state_rnk",11.6262
"49053271101","tract",2023,"transportation_state_rnk",92.7247
"49053271102","tract",2023,"transportation_state_rnk",67.7603
"49053271200","tract",2023,"transportation_state_rnk",71.184
"49053271300","tract",2023,"transportation_state_rnk",63.1954
"49053271400","tract",2023,"transportation_state_rnk",86.3053
"49053271501","tract",2023,"transportation_state_rnk",74.465
"49053271502","tract",2023,"transportation_state_rnk",58.2739
"49053271600","tract",2023,"transportation_state_rnk",74.0371
"49053271702","tract",2023,"transportation_state_rnk",72.0399
"49053271703","tract",2023,"transportation_state_rnk",2.5678
"49053271704","tract",2023,"transportation_state_rnk",88.7304
"49053271800","tract",2023,"transportation_state_rnk",78.7447
"49055979100","tract",2023,"transportation_state_rnk",59.4864
"49057200100","tract",2023,"transportation_state_rnk",36.3766
"49057200202","tract",2023,"transportation_state_rnk",57.7746
"49057200203","tract",2023,"transportation_state_rnk",31.5977
"49057200204","tract",2023,"transportation_state_rnk",15.4066
"49057200301","tract",2023,"transportation_state_rnk",61.1983
"49057200302","tract",2023,"transportation_state_rnk",69.4722
"49057200400","tract",2023,"transportation_state_rnk",50.3566
"49057200500","tract",2023,"transportation_state_rnk",52.6391
"49057200600","tract",2023,"transportation_state_rnk",40.4422
"49057200700","tract",2023,"transportation_state_rnk",36.0913
"49057200800","tract",2023,"transportation_state_rnk",44.0799
"49057200900","tract",2023,"transportation_state_rnk",83.4522
"49057201100","tract",2023,"transportation_state_rnk",96.1484
"49057201200","tract",2023,"transportation_state_rnk",96.291
"49057201301","tract",2023,"transportation_state_rnk",62.4822
"49057201302","tract",2023,"transportation_state_rnk",28.8873
"49057201400","tract",2023,"transportation_state_rnk",41.2268
"49057201500","tract",2023,"transportation_state_rnk",64.9786
"49057201600","tract",2023,"transportation_state_rnk",50
"49057201700","tract",2023,"transportation_state_rnk",41.6548
"49057201800","tract",2023,"transportation_state_rnk",54.4936
"49057201900","tract",2023,"transportation_state_rnk",30.1712
"49057202000","tract",2023,"transportation_state_rnk",25.9629
"49057210101","tract",2023,"transportation_state_rnk",42.9387
"49057210102","tract",2023,"transportation_state_rnk",18.5449
"49057210201","tract",2023,"transportation_state_rnk",24.9643
"49057210203","tract",2023,"transportation_state_rnk",40.9415
"49057210204","tract",2023,"transportation_state_rnk",39.515
"49057210303","tract",2023,"transportation_state_rnk",6.5621
"49057210304","tract",2023,"transportation_state_rnk",13.5521
"49057210305","tract",2023,"transportation_state_rnk",28.2454
"49057210306","tract",2023,"transportation_state_rnk",18.7589
"49057210404","tract",2023,"transportation_state_rnk",4.1369
"49057210405","tract",2023,"transportation_state_rnk",24.1084
"49057210406","tract",2023,"transportation_state_rnk",12.6248
"49057210407","tract",2023,"transportation_state_rnk",0.5706
"49057210408","tract",2023,"transportation_state_rnk",20.97
"49057210508","tract",2023,"transportation_state_rnk",14.622
"49057210509","tract",2023,"transportation_state_rnk",42.4394
"49057210510","tract",2023,"transportation_state_rnk",38.3738
"49057210511","tract",2023,"transportation_state_rnk",57.632
"49057210512","tract",2023,"transportation_state_rnk",30.6705
"49057210513","tract",2023,"transportation_state_rnk",46.2197
"49057210514","tract",2023,"transportation_state_rnk",30.5278
"49057210515","tract",2023,"transportation_state_rnk",14.9073
"49057210516","tract",2023,"transportation_state_rnk",3.709
"49057210517","tract",2023,"transportation_state_rnk",33.2382
"49057210518","tract",2023,"transportation_state_rnk",11.127
"49057210600","tract",2023,"transportation_state_rnk",56.0628
"49057210701","tract",2023,"transportation_state_rnk",57.4893
"49057210703","tract",2023,"transportation_state_rnk",21.826
"49057210704","tract",2023,"transportation_state_rnk",17.8317
"49057210800","tract",2023,"transportation_state_rnk",55.7775
"49057210900","tract",2023,"transportation_state_rnk",55.1355
"49057211000","tract",2023,"transportation_state_rnk",55.1355
"49057211100","tract",2023,"transportation_state_rnk",17.1184
"49057211201","tract",2023,"transportation_state_rnk",54.9215
"49057211202","tract",2023,"transportation_state_rnk",37.3752
