"geoid","geolevel","year","level","value"
"47001020100","tract",2023,"transportation_score",93.62
"47001020201","tract",2023,"transportation_score",98.44
"47001020202","tract",2023,"transportation_score",106.86
"47001020300","tract",2023,"transportation_score",99.72
"47001020400","tract",2023,"transportation_score",100.97
"47001020500","tract",2023,"transportation_score",104.85
"47001020600","tract",2023,"transportation_score",100.24
"47001020700","tract",2023,"transportation_score",87.46
"47001020800","tract",2023,"transportation_score",86.15
"47001020901","tract",2023,"transportation_score",85.72
"47001020902","tract",2023,"transportation_score",82.66
"47001021001","tract",2023,"transportation_score",82.58
"47001021002","tract",2023,"transportation_score",87.53
"47001021100","tract",2023,"transportation_score",83.21
"47001021201","tract",2023,"transportation_score",95.5
"47001021202","tract",2023,"transportation_score",101.4
"47001021301","tract",2023,"transportation_score",85.65
"47001021303","tract",2023,"transportation_score",83.8
"47001021304","tract",2023,"transportation_score",91.42
"47001980100","tract",2023,"transportation_score",NA
"47003950100","tract",2023,"transportation_score",90.89
"47003950201","tract",2023,"transportation_score",84.29
"47003950202","tract",2023,"transportation_score",82.65
"47003950300","tract",2023,"transportation_score",82.14
"47003950401","tract",2023,"transportation_score",86.42
"47003950402","tract",2023,"transportation_score",89.4
"47003950500","tract",2023,"transportation_score",89.86
"47003950600","tract",2023,"transportation_score",93.47
"47003950700","tract",2023,"transportation_score",83.63
"47003950800","tract",2023,"transportation_score",83.94
"47005963000","tract",2023,"transportation_score",88.14
"47005963100","tract",2023,"transportation_score",84.85
"47005963200","tract",2023,"transportation_score",86.12
"47005963300","tract",2023,"transportation_score",86.55
"47005963400","tract",2023,"transportation_score",88.4
"47007953000","tract",2023,"transportation_score",87.71
"47007953101","tract",2023,"transportation_score",82.26
"47007953102","tract",2023,"transportation_score",91.18
"47007953200","tract",2023,"transportation_score",91.58
"47009010100","tract",2023,"transportation_score",91.99
"47009010200","tract",2023,"transportation_score",89.28
"47009010301","tract",2023,"transportation_score",87.94
"47009010302","tract",2023,"transportation_score",82.98
"47009010400","tract",2023,"transportation_score",83.69
"47009010500","tract",2023,"transportation_score",90.7
"47009010600","tract",2023,"transportation_score",96.61
"47009010700","tract",2023,"transportation_score",93.8
"47009010800","tract",2023,"transportation_score",87.4
"47009010900","tract",2023,"transportation_score",83.87
"47009011001","tract",2023,"transportation_score",84.46
"47009011002","tract",2023,"transportation_score",86.05
"47009011101","tract",2023,"transportation_score",94.9
"47009011102","tract",2023,"transportation_score",96.91
"47009011201","tract",2023,"transportation_score",89.92
"47009011202","tract",2023,"transportation_score",85.7
"47009011301","tract",2023,"transportation_score",84.34
"47009011302","tract",2023,"transportation_score",84.39
"47009011401","tract",2023,"transportation_score",85.75
"47009011403","tract",2023,"transportation_score",83.91
"47009011404","tract",2023,"transportation_score",87.6
"47009011501","tract",2023,"transportation_score",86.3
"47009011502","tract",2023,"transportation_score",85.09
"47009011503","tract",2023,"transportation_score",84.47
"47009011603","tract",2023,"transportation_score",87.82
"47009011604","tract",2023,"transportation_score",85.31
"47009011605","tract",2023,"transportation_score",86.97
"47009011606","tract",2023,"transportation_score",81.4
"47009011607","tract",2023,"transportation_score",84.71
"47009980100","tract",2023,"transportation_score",NA
"47009980200","tract",2023,"transportation_score",NA
"47011010100","tract",2023,"transportation_score",97.8
"47011010201","tract",2023,"transportation_score",97.64
"47011010202","tract",2023,"transportation_score",86.14
"47011010300","tract",2023,"transportation_score",86.56
"47011010400","tract",2023,"transportation_score",107.55
"47011010500","tract",2023,"transportation_score",NA
"47011010600","tract",2023,"transportation_score",98.25
"47011010700","tract",2023,"transportation_score",101.21
"47011010800","tract",2023,"transportation_score",93.61
"47011010900","tract",2023,"transportation_score",92.64
"47011011000","tract",2023,"transportation_score",86.59
"47011011101","tract",2023,"transportation_score",93.69
"47011011102","tract",2023,"transportation_score",84.86
"47011011201","tract",2023,"transportation_score",87.19
"47011011203","tract",2023,"transportation_score",83.46
"47011011204","tract",2023,"transportation_score",97.6
"47011011301","tract",2023,"transportation_score",86.07
"47011011302","tract",2023,"transportation_score",85.17
"47011011402","tract",2023,"transportation_score",88.48
"47011011403","tract",2023,"transportation_score",85.65
"47011011404","tract",2023,"transportation_score",88.05
"47011011501","tract",2023,"transportation_score",88.62
"47011011502","tract",2023,"transportation_score",86.7
"47011011601","tract",2023,"transportation_score",85.6
"47011011602","tract",2023,"transportation_score",85.89
"47013950100","tract",2023,"transportation_score",87.56
"47013950200","tract",2023,"transportation_score",90.25
"47013950300","tract",2023,"transportation_score",86.16
"47013950400","tract",2023,"transportation_score",87.34
"47013950500","tract",2023,"transportation_score",87.04
"47013950601","tract",2023,"transportation_score",86.91
"47013950602","tract",2023,"transportation_score",88.87
"47013950701","tract",2023,"transportation_score",85.87
"47013950702","tract",2023,"transportation_score",86.4
"47013950800","tract",2023,"transportation_score",87.26
"47013950900","tract",2023,"transportation_score",84.48
"47013951000","tract",2023,"transportation_score",87.63
"47013951100","tract",2023,"transportation_score",84.65
"47015960100","tract",2023,"transportation_score",85.41
"47015960201","tract",2023,"transportation_score",88.49
"47015960202","tract",2023,"transportation_score",84.62
"47015960300","tract",2023,"transportation_score",82.01
"47017962000","tract",2023,"transportation_score",88.55
"47017962101","tract",2023,"transportation_score",86.82
"47017962102","tract",2023,"transportation_score",86.06
"47017962201","tract",2023,"transportation_score",100.63
"47017962202","tract",2023,"transportation_score",88.58
"47017962300","tract",2023,"transportation_score",86.92
"47017962400","tract",2023,"transportation_score",87.35
"47017962500","tract",2023,"transportation_score",84.81
"47017980100","tract",2023,"transportation_score",NA
"47019070100","tract",2023,"transportation_score",105.84
"47019070200","tract",2023,"transportation_score",88.39
"47019070300","tract",2023,"transportation_score",99.52
"47019070400","tract",2023,"transportation_score",99.32
"47019070500","tract",2023,"transportation_score",86.25
"47019070600","tract",2023,"transportation_score",94.97
"47019070700","tract",2023,"transportation_score",85.64
"47019070800","tract",2023,"transportation_score",98.17
"47019070900","tract",2023,"transportation_score",88.58
"47019071000","tract",2023,"transportation_score",82.02
"47019071100","tract",2023,"transportation_score",83.95
"47019071200","tract",2023,"transportation_score",86.13
"47019071301","tract",2023,"transportation_score",80.98
"47019071302","tract",2023,"transportation_score",81.51
"47019071400","tract",2023,"transportation_score",87.48
"47019071500","tract",2023,"transportation_score",83.82
"47019071600","tract",2023,"transportation_score",91.98
"47019071700","tract",2023,"transportation_score",82.42
"47021070102","tract",2023,"transportation_score",85.14
"47021070103","tract",2023,"transportation_score",90.24
"47021070104","tract",2023,"transportation_score",85.78
"47021070201","tract",2023,"transportation_score",85.29
"47021070202","tract",2023,"transportation_score",83.6
"47021070203","tract",2023,"transportation_score",84.58
"47021070300","tract",2023,"transportation_score",90.45
"47021070401","tract",2023,"transportation_score",86.13
"47021070402","tract",2023,"transportation_score",90.66
"47023970101","tract",2023,"transportation_score",83.02
"47023970102","tract",2023,"transportation_score",82.21
"47023970200","tract",2023,"transportation_score",104.52
"47023970301","tract",2023,"transportation_score",81.59
"47023970302","tract",2023,"transportation_score",85.88
"47025970100","tract",2023,"transportation_score",85.59
"47025970200","tract",2023,"transportation_score",88.48
"47025970300","tract",2023,"transportation_score",89.69
"47025970400","tract",2023,"transportation_score",96.52
"47025970500","tract",2023,"transportation_score",86.82
"47025970600","tract",2023,"transportation_score",86.04
"47025970700","tract",2023,"transportation_score",89.2
"47025970800","tract",2023,"transportation_score",87.25
"47025970900","tract",2023,"transportation_score",85.42
"47027955000","tract",2023,"transportation_score",84.48
"47027955100","tract",2023,"transportation_score",87.16
"47029920100","tract",2023,"transportation_score",81.94
"47029920200","tract",2023,"transportation_score",90.41
"47029920300","tract",2023,"transportation_score",83.31
"47029920400","tract",2023,"transportation_score",97.06
"47029920501","tract",2023,"transportation_score",87.38
"47029920502","tract",2023,"transportation_score",90.54
"47029920600","tract",2023,"transportation_score",90.98
"47029920700","tract",2023,"transportation_score",86.66
"47029980100","tract",2023,"transportation_score",NA
"47031970100","tract",2023,"transportation_score",83.72
"47031970201","tract",2023,"transportation_score",90.01
"47031970202","tract",2023,"transportation_score",85.02
"47031970300","tract",2023,"transportation_score",87.8
"47031970401","tract",2023,"transportation_score",89.26
"47031970402","tract",2023,"transportation_score",85.91
"47031970501","tract",2023,"transportation_score",90.9
"47031970502","tract",2023,"transportation_score",91.98
"47031970600","tract",2023,"transportation_score",88.66
"47031970700","tract",2023,"transportation_score",85.42
"47031970801","tract",2023,"transportation_score",89.34
"47031970803","tract",2023,"transportation_score",87.97
"47031970804","tract",2023,"transportation_score",86.09
"47031970900","tract",2023,"transportation_score",91.36
"47031971001","tract",2023,"transportation_score",91.94
"47031971002","tract",2023,"transportation_score",88.17
"47031980100","tract",2023,"transportation_score",NA
"47033961000","tract",2023,"transportation_score",85.73
"47033961100","tract",2023,"transportation_score",87.97
"47033961200","tract",2023,"transportation_score",88.45
"47033961300","tract",2023,"transportation_score",82.23
"47033961400","tract",2023,"transportation_score",84.65
"47035970101","tract",2023,"transportation_score",91.91
"47035970103","tract",2023,"transportation_score",88.48
"47035970104","tract",2023,"transportation_score",91.02
"47035970201","tract",2023,"transportation_score",95.36
"47035970202","tract",2023,"transportation_score",83.97
"47035970301","tract",2023,"transportation_score",83.19
"47035970302","tract",2023,"transportation_score",91.14
"47035970401","tract",2023,"transportation_score",89.23
"47035970402","tract",2023,"transportation_score",85.93
"47035970501","tract",2023,"transportation_score",85.04
"47035970502","tract",2023,"transportation_score",88.62
"47035970601","tract",2023,"transportation_score",84.52
"47035970602","tract",2023,"transportation_score",88.89
"47035970603","tract",2023,"transportation_score",84.77
"47035970701","tract",2023,"transportation_score",85.85
"47035970702","tract",2023,"transportation_score",83.93
"47035970800","tract",2023,"transportation_score",83.75
"47037010103","tract",2023,"transportation_score",86.83
"47037010104","tract",2023,"transportation_score",91.1
"47037010105","tract",2023,"transportation_score",106.51
"47037010106","tract",2023,"transportation_score",87.11
"47037010201","tract",2023,"transportation_score",85.49
"47037010202","tract",2023,"transportation_score",88.51
"47037010301","tract",2023,"transportation_score",108.18
"47037010302","tract",2023,"transportation_score",113.74
"47037010303","tract",2023,"transportation_score",87.04
"47037010401","tract",2023,"transportation_score",88.58
"47037010403","tract",2023,"transportation_score",120.92
"47037010404","tract",2023,"transportation_score",111.17
"47037010501","tract",2023,"transportation_score",110.45
"47037010502","tract",2023,"transportation_score",104.92
"47037010601","tract",2023,"transportation_score",108.08
"47037010602","tract",2023,"transportation_score",106.77
"47037010701","tract",2023,"transportation_score",114.23
"47037010702","tract",2023,"transportation_score",114.06
"47037010801","tract",2023,"transportation_score",113.59
"47037010802","tract",2023,"transportation_score",111.73
"47037010901","tract",2023,"transportation_score",90.69
"47037010903","tract",2023,"transportation_score",114.37
"47037010904","tract",2023,"transportation_score",109.99
"47037011001","tract",2023,"transportation_score",114.57
"47037011002","tract",2023,"transportation_score",87.47
"47037011100","tract",2023,"transportation_score",109.03
"47037011200","tract",2023,"transportation_score",111.41
"47037011300","tract",2023,"transportation_score",114.56
"47037011400","tract",2023,"transportation_score",96.65
"47037011500","tract",2023,"transportation_score",110.59
"47037011600","tract",2023,"transportation_score",112.89
"47037011700","tract",2023,"transportation_score",111.89
"47037011800","tract",2023,"transportation_score",111.94
"47037011900","tract",2023,"transportation_score",119.94
"47037012100","tract",2023,"transportation_score",111.05
"47037012200","tract",2023,"transportation_score",112.83
"47037012600","tract",2023,"transportation_score",116.69
"47037012701","tract",2023,"transportation_score",118.94
"47037012702","tract",2023,"transportation_score",91.33
"47037012801","tract",2023,"transportation_score",108.3
"47037012802","tract",2023,"transportation_score",103.48
"47037013001","tract",2023,"transportation_score",90.07
"47037013002","tract",2023,"transportation_score",NA
"47037013100","tract",2023,"transportation_score",90.12
"47037013201","tract",2023,"transportation_score",114.03
"47037013202","tract",2023,"transportation_score",110.14
"47037013300","tract",2023,"transportation_score",109.15
"47037013400","tract",2023,"transportation_score",109.68
"47037013500","tract",2023,"transportation_score",115.6
"47037013600","tract",2023,"transportation_score",NA
"47037013701","tract",2023,"transportation_score",114.73
"47037013702","tract",2023,"transportation_score",107.93
"47037013800","tract",2023,"transportation_score",132.5
"47037013900","tract",2023,"transportation_score",121.63
"47037014200","tract",2023,"transportation_score",NA
"47037014300","tract",2023,"transportation_score",94.52
"47037014400","tract",2023,"transportation_score",99.16
"47037014800","tract",2023,"transportation_score",168.01
"47037015100","tract",2023,"transportation_score",108.66
"47037015200","tract",2023,"transportation_score",108.13
"47037015300","tract",2023,"transportation_score",92.77
"47037015401","tract",2023,"transportation_score",90.42
"47037015402","tract",2023,"transportation_score",108.23
"47037015404","tract",2023,"transportation_score",113.64
"47037015405","tract",2023,"transportation_score",111.14
"47037015501","tract",2023,"transportation_score",90.97
"47037015502","tract",2023,"transportation_score",112.64
"47037015609","tract",2023,"transportation_score",115.27
"47037015613","tract",2023,"transportation_score",90.64
"47037015614","tract",2023,"transportation_score",109.04
"47037015615","tract",2023,"transportation_score",103.65
"47037015617","tract",2023,"transportation_score",105.41
"47037015618","tract",2023,"transportation_score",89.53
"47037015619","tract",2023,"transportation_score",84.86
"47037015620","tract",2023,"transportation_score",106.27
"47037015622","tract",2023,"transportation_score",106.96
"47037015623","tract",2023,"transportation_score",112.19
"47037015624","tract",2023,"transportation_score",106.48
"47037015625","tract",2023,"transportation_score",109.88
"47037015626","tract",2023,"transportation_score",96.57
"47037015627","tract",2023,"transportation_score",107.18
"47037015628","tract",2023,"transportation_score",117.46
"47037015629","tract",2023,"transportation_score",115.97
"47037015630","tract",2023,"transportation_score",108.6
"47037015632","tract",2023,"transportation_score",108.44
"47037015633","tract",2023,"transportation_score",87.6
"47037015634","tract",2023,"transportation_score",103.89
"47037015635","tract",2023,"transportation_score",90.65
"47037015636","tract",2023,"transportation_score",111.24
"47037015637","tract",2023,"transportation_score",108
"47037015700","tract",2023,"transportation_score",90.38
"47037015804","tract",2023,"transportation_score",113.65
"47037015805","tract",2023,"transportation_score",120.14
"47037015806","tract",2023,"transportation_score",102.44
"47037015900","tract",2023,"transportation_score",NA
"47037016000","tract",2023,"transportation_score",114.17
"47037016100","tract",2023,"transportation_score",97.9
"47037016200","tract",2023,"transportation_score",126.91
"47037016300","tract",2023,"transportation_score",98.18
"47037016400","tract",2023,"transportation_score",NA
"47037016500","tract",2023,"transportation_score",NA
"47037016600","tract",2023,"transportation_score",121.68
"47037016700","tract",2023,"transportation_score",112.84
"47037016800","tract",2023,"transportation_score",125.52
"47037016900","tract",2023,"transportation_score",116.45
"47037017000","tract",2023,"transportation_score",101.63
"47037017100","tract",2023,"transportation_score",111.57
"47037017200","tract",2023,"transportation_score",91.99
"47037017300","tract",2023,"transportation_score",114.39
"47037017401","tract",2023,"transportation_score",88.01
"47037017402","tract",2023,"transportation_score",109.33
"47037017500","tract",2023,"transportation_score",110.63
"47037017701","tract",2023,"transportation_score",88.06
"47037017702","tract",2023,"transportation_score",101.88
"47037017800","tract",2023,"transportation_score",109.51
"47037017901","tract",2023,"transportation_score",111.99
"47037017902","tract",2023,"transportation_score",107.54
"47037018000","tract",2023,"transportation_score",111.81
"47037018101","tract",2023,"transportation_score",123.61
"47037018102","tract",2023,"transportation_score",106.6
"47037018201","tract",2023,"transportation_score",106.57
"47037018203","tract",2023,"transportation_score",102.7
"47037018204","tract",2023,"transportation_score",92.37
"47037018205","tract",2023,"transportation_score",91.23
"47037018302","tract",2023,"transportation_score",90.21
"47037018303","tract",2023,"transportation_score",92.8
"47037018304","tract",2023,"transportation_score",87.37
"47037018404","tract",2023,"transportation_score",113.48
"47037018405","tract",2023,"transportation_score",107.19
"47037018407","tract",2023,"transportation_score",106.11
"47037018408","tract",2023,"transportation_score",110.78
"47037018409","tract",2023,"transportation_score",111.76
"47037018410","tract",2023,"transportation_score",106.75
"47037018411","tract",2023,"transportation_score",88.6
"47037018412","tract",2023,"transportation_score",107.93
"47037018500","tract",2023,"transportation_score",104.11
"47037018601","tract",2023,"transportation_score",88.34
"47037018602","tract",2023,"transportation_score",106.8
"47037018700","tract",2023,"transportation_score",85.12
"47037018801","tract",2023,"transportation_score",90.89
"47037018803","tract",2023,"transportation_score",114.98
"47037018804","tract",2023,"transportation_score",106.67
"47037018901","tract",2023,"transportation_score",110.83
"47037018902","tract",2023,"transportation_score",112.83
"47037018904","tract",2023,"transportation_score",112.42
"47037018905","tract",2023,"transportation_score",112.86
"47037019003","tract",2023,"transportation_score",112
"47037019004","tract",2023,"transportation_score",105.43
"47037019007","tract",2023,"transportation_score",114.37
"47037019008","tract",2023,"transportation_score",111.66
"47037019105","tract",2023,"transportation_score",107.84
"47037019106","tract",2023,"transportation_score",110.72
"47037019108","tract",2023,"transportation_score",96.39
"47037019109","tract",2023,"transportation_score",108.87
"47037019110","tract",2023,"transportation_score",92.18
"47037019111","tract",2023,"transportation_score",112.58
"47037019112","tract",2023,"transportation_score",90.03
"47037019115","tract",2023,"transportation_score",89.85
"47037019116","tract",2023,"transportation_score",106.59
"47037019117","tract",2023,"transportation_score",105.52
"47037019118","tract",2023,"transportation_score",109.91
"47037019119","tract",2023,"transportation_score",106.88
"47037019120","tract",2023,"transportation_score",111.06
"47037019121","tract",2023,"transportation_score",93.16
"47037019200","tract",2023,"transportation_score",113.28
"47037019300","tract",2023,"transportation_score",129.89
"47037019401","tract",2023,"transportation_score",120.98
"47037019402","tract",2023,"transportation_score",114.84
"47037019501","tract",2023,"transportation_score",123.69
"47037019502","tract",2023,"transportation_score",115.34
"47037019503","tract",2023,"transportation_score",110.51
"47037019600","tract",2023,"transportation_score",93.88
"47037980100","tract",2023,"transportation_score",NA
"47037980200","tract",2023,"transportation_score",NA
"47039955001","tract",2023,"transportation_score",83.42
"47039955003","tract",2023,"transportation_score",84.58
"47039955004","tract",2023,"transportation_score",90.47
"47039955101","tract",2023,"transportation_score",86.96
"47039955102","tract",2023,"transportation_score",89.02
"47041920101","tract",2023,"transportation_score",84.69
"47041920102","tract",2023,"transportation_score",83.7
"47041920201","tract",2023,"transportation_score",91.46
"47041920202","tract",2023,"transportation_score",83.99
"47041920300","tract",2023,"transportation_score",92.24
"47043060100","tract",2023,"transportation_score",83.99
"47043060201","tract",2023,"transportation_score",81.62
"47043060202","tract",2023,"transportation_score",92.57
"47043060300","tract",2023,"transportation_score",89.62
"47043060401","tract",2023,"transportation_score",84.48
"47043060402","tract",2023,"transportation_score",83.44
"47043060501","tract",2023,"transportation_score",86.36
"47043060502","tract",2023,"transportation_score",89.25
"47043060601","tract",2023,"transportation_score",83.95
"47043060602","tract",2023,"transportation_score",90.29
"47043060700","tract",2023,"transportation_score",85.87
"47045964001","tract",2023,"transportation_score",87.14
"47045964002","tract",2023,"transportation_score",84.12
"47045964200","tract",2023,"transportation_score",85.3
"47045964300","tract",2023,"transportation_score",91.86
"47045964401","tract",2023,"transportation_score",88.54
"47045964402","tract",2023,"transportation_score",87.23
"47045964500","tract",2023,"transportation_score",83.64
"47045964600","tract",2023,"transportation_score",85.87
"47045964800","tract",2023,"transportation_score",87.76
"47045964900","tract",2023,"transportation_score",84.31
"47047060300","tract",2023,"transportation_score",89.31
"47047060401","tract",2023,"transportation_score",84.81
"47047060402","tract",2023,"transportation_score",83.7
"47047060403","tract",2023,"transportation_score",87.07
"47047060404","tract",2023,"transportation_score",91.73
"47047060501","tract",2023,"transportation_score",88.61
"47047060502","tract",2023,"transportation_score",87.46
"47047060600","tract",2023,"transportation_score",87.19
"47047060701","tract",2023,"transportation_score",86.75
"47047060702","tract",2023,"transportation_score",86.76
"47047060800","tract",2023,"transportation_score",88.16
"47049965000","tract",2023,"transportation_score",83.5
"47049965100","tract",2023,"transportation_score",90.28
"47049965201","tract",2023,"transportation_score",87.09
"47049965202","tract",2023,"transportation_score",82.64
"47049965300","tract",2023,"transportation_score",84.64
"47051960100","tract",2023,"transportation_score",84.6
"47051960201","tract",2023,"transportation_score",82.61
"47051960202","tract",2023,"transportation_score",85.59
"47051960300","tract",2023,"transportation_score",83.08
"47051960401","tract",2023,"transportation_score",88.22
"47051960402","tract",2023,"transportation_score",84.16
"47051960500","tract",2023,"transportation_score",84.95
"47051960600","tract",2023,"transportation_score",89.49
"47051960700","tract",2023,"transportation_score",NA
"47051960800","tract",2023,"transportation_score",87.25
"47053966100","tract",2023,"transportation_score",86.46
"47053966200","tract",2023,"transportation_score",88.18
"47053966300","tract",2023,"transportation_score",83.58
"47053966400","tract",2023,"transportation_score",85.66
"47053966501","tract",2023,"transportation_score",88.16
"47053966502","tract",2023,"transportation_score",88.02
"47053966600","tract",2023,"transportation_score",86.84
"47053966701","tract",2023,"transportation_score",85.87
"47053966702","tract",2023,"transportation_score",84.82
"47053966800","tract",2023,"transportation_score",87.39
"47053966900","tract",2023,"transportation_score",94.94
"47053967001","tract",2023,"transportation_score",92.9
"47053967002","tract",2023,"transportation_score",88.26
"47053967100","tract",2023,"transportation_score",84.94
"47053967300","tract",2023,"transportation_score",86.96
"47053967400","tract",2023,"transportation_score",83.68
"47053980100","tract",2023,"transportation_score",NA
"47055920100","tract",2023,"transportation_score",85.65
"47055920200","tract",2023,"transportation_score",87.91
"47055920301","tract",2023,"transportation_score",83.59
"47055920302","tract",2023,"transportation_score",83.29
"47055920400","tract",2023,"transportation_score",84.92
"47055920500","tract",2023,"transportation_score",86.42
"47055920600","tract",2023,"transportation_score",81.38
"47055920700","tract",2023,"transportation_score",89.43
"47055920800","tract",2023,"transportation_score",91.21
"47057500100","tract",2023,"transportation_score",87.03
"47057500200","tract",2023,"transportation_score",86.66
"47057500301","tract",2023,"transportation_score",84.28
"47057500302","tract",2023,"transportation_score",85.15
"47057500401","tract",2023,"transportation_score",84.26
"47057500402","tract",2023,"transportation_score",83.3
"47059090100","tract",2023,"transportation_score",87.32
"47059090200","tract",2023,"transportation_score",95.26
"47059090300","tract",2023,"transportation_score",87.26
"47059090400","tract",2023,"transportation_score",89.77
"47059090501","tract",2023,"transportation_score",81.92
"47059090502","tract",2023,"transportation_score",83.34
"47059090600","tract",2023,"transportation_score",84.48
"47059090700","tract",2023,"transportation_score",83.81
"47059090800","tract",2023,"transportation_score",86.33
"47059090900","tract",2023,"transportation_score",84.21
"47059091001","tract",2023,"transportation_score",87.28
"47059091002","tract",2023,"transportation_score",86.68
"47059091100","tract",2023,"transportation_score",86.05
"47059091200","tract",2023,"transportation_score",86.71
"47059091300","tract",2023,"transportation_score",84.11
"47059091400","tract",2023,"transportation_score",87.36
"47059091500","tract",2023,"transportation_score",86.37
"47061955000","tract",2023,"transportation_score",87.58
"47061955100","tract",2023,"transportation_score",84.79
"47061955200","tract",2023,"transportation_score",86.47
"47061955300","tract",2023,"transportation_score",88.87
"47063100100","tract",2023,"transportation_score",96.29
"47063100200","tract",2023,"transportation_score",100.1
"47063100300","tract",2023,"transportation_score",102.28
"47063100400","tract",2023,"transportation_score",96.7
"47063100500","tract",2023,"transportation_score",84.46
"47063100600","tract",2023,"transportation_score",84.53
"47063100700","tract",2023,"transportation_score",83.69
"47063100800","tract",2023,"transportation_score",86.88
"47063100900","tract",2023,"transportation_score",93.79
"47063101000","tract",2023,"transportation_score",82.95
"47063101100","tract",2023,"transportation_score",84.52
"47063101200","tract",2023,"transportation_score",95
"47065000400","tract",2023,"transportation_score",99.11
"47065000600","tract",2023,"transportation_score",94.92
"47065000700","tract",2023,"transportation_score",91.96
"47065000800","tract",2023,"transportation_score",93.02
"47065001100","tract",2023,"transportation_score",90.94
"47065001200","tract",2023,"transportation_score",106.47
"47065001300","tract",2023,"transportation_score",107.11
"47065001400","tract",2023,"transportation_score",103.05
"47065001600","tract",2023,"transportation_score",107.29
"47065001800","tract",2023,"transportation_score",89.89
"47065001900","tract",2023,"transportation_score",107.43
"47065002000","tract",2023,"transportation_score",94.95
"47065002300","tract",2023,"transportation_score",85.26
"47065002400","tract",2023,"transportation_score",88.24
"47065002500","tract",2023,"transportation_score",94.65
"47065002600","tract",2023,"transportation_score",97.21
"47065002800","tract",2023,"transportation_score",92.65
"47065002900","tract",2023,"transportation_score",99.18
"47065003000","tract",2023,"transportation_score",97.38
"47065003100","tract",2023,"transportation_score",102.62
"47065003200","tract",2023,"transportation_score",96.04
"47065003300","tract",2023,"transportation_score",92.26
"47065003400","tract",2023,"transportation_score",90.28
"47065010101","tract",2023,"transportation_score",86.15
"47065010103","tract",2023,"transportation_score",84.02
"47065010104","tract",2023,"transportation_score",88.75
"47065010201","tract",2023,"transportation_score",85.18
"47065010202","tract",2023,"transportation_score",85.84
"47065010303","tract",2023,"transportation_score",87.62
"47065010304","tract",2023,"transportation_score",84.75
"47065010305","tract",2023,"transportation_score",82.7
"47065010306","tract",2023,"transportation_score",88.29
"47065010308","tract",2023,"transportation_score",87.15
"47065010309","tract",2023,"transportation_score",85.81
"47065010411","tract",2023,"transportation_score",85.11
"47065010412","tract",2023,"transportation_score",87.67
"47065010413","tract",2023,"transportation_score",85.21
"47065010431","tract",2023,"transportation_score",88.85
"47065010432","tract",2023,"transportation_score",89.09
"47065010433","tract",2023,"transportation_score",87.72
"47065010434","tract",2023,"transportation_score",88.36
"47065010435","tract",2023,"transportation_score",89.85
"47065010501","tract",2023,"transportation_score",85.72
"47065010502","tract",2023,"transportation_score",88.1
"47065010600","tract",2023,"transportation_score",89.13
"47065010700","tract",2023,"transportation_score",88.71
"47065010800","tract",2023,"transportation_score",90.2
"47065010901","tract",2023,"transportation_score",87.27
"47065010902","tract",2023,"transportation_score",94.12
"47065010904","tract",2023,"transportation_score",91.52
"47065010905","tract",2023,"transportation_score",89.09
"47065011001","tract",2023,"transportation_score",82.88
"47065011003","tract",2023,"transportation_score",84.19
"47065011004","tract",2023,"transportation_score",87.83
"47065011100","tract",2023,"transportation_score",89.79
"47065011203","tract",2023,"transportation_score",103.2
"47065011204","tract",2023,"transportation_score",87.78
"47065011205","tract",2023,"transportation_score",87.06
"47065011206","tract",2023,"transportation_score",90.7
"47065011311","tract",2023,"transportation_score",89.78
"47065011314","tract",2023,"transportation_score",87.13
"47065011321","tract",2023,"transportation_score",88.35
"47065011323","tract",2023,"transportation_score",88.64
"47065011324","tract",2023,"transportation_score",83.95
"47065011325","tract",2023,"transportation_score",85.04
"47065011326","tract",2023,"transportation_score",86.41
"47065011402","tract",2023,"transportation_score",90.72
"47065011411","tract",2023,"transportation_score",89.76
"47065011413","tract",2023,"transportation_score",88.75
"47065011442","tract",2023,"transportation_score",87.37
"47065011444","tract",2023,"transportation_score",92.49
"47065011445","tract",2023,"transportation_score",87.72
"47065011446","tract",2023,"transportation_score",89.43
"47065011447","tract",2023,"transportation_score",86.43
"47065011448","tract",2023,"transportation_score",87.07
"47065011449","tract",2023,"transportation_score",87.12
"47065011600","tract",2023,"transportation_score",98.65
"47065011700","tract",2023,"transportation_score",88.91
"47065011800","tract",2023,"transportation_score",89.97
"47065011900","tract",2023,"transportation_score",90.11
"47065012000","tract",2023,"transportation_score",85.32
"47065012100","tract",2023,"transportation_score",87.75
"47065012200","tract",2023,"transportation_score",105.29
"47065012300","tract",2023,"transportation_score",94.33
"47065012400","tract",2023,"transportation_score",NA
"47065980100","tract",2023,"transportation_score",NA
"47065980200","tract",2023,"transportation_score",NA
"47067960500","tract",2023,"transportation_score",85.37
"47067960600","tract",2023,"transportation_score",88.37
"47069950100","tract",2023,"transportation_score",86.42
"47069950200","tract",2023,"transportation_score",NA
"47069950300","tract",2023,"transportation_score",92.84
"47069950400","tract",2023,"transportation_score",92.32
"47069950500","tract",2023,"transportation_score",86.18
"47069950600","tract",2023,"transportation_score",87.16
"47071920100","tract",2023,"transportation_score",86.13
"47071920200","tract",2023,"transportation_score",84.8
"47071920300","tract",2023,"transportation_score",87.3
"47071920401","tract",2023,"transportation_score",87.09
"47071920402","tract",2023,"transportation_score",87.34
"47071920501","tract",2023,"transportation_score",87.54
"47071920502","tract",2023,"transportation_score",80.66
"47071920600","tract",2023,"transportation_score",86.34
"47073050100","tract",2023,"transportation_score",90.09
"47073050200","tract",2023,"transportation_score",86.33
"47073050301","tract",2023,"transportation_score",86.31
"47073050302","tract",2023,"transportation_score",92.33
"47073050400","tract",2023,"transportation_score",85.59
"47073050501","tract",2023,"transportation_score",87.97
"47073050502","tract",2023,"transportation_score",82.79
"47073050503","tract",2023,"transportation_score",83.79
"47073050601","tract",2023,"transportation_score",93.04
"47073050602","tract",2023,"transportation_score",86.76
"47073050700","tract",2023,"transportation_score",87.71
"47073050800","tract",2023,"transportation_score",82.33
"47073050900","tract",2023,"transportation_score",84.92
"47075930100","tract",2023,"transportation_score",86.2
"47075930200","tract",2023,"transportation_score",85.12
"47075930301","tract",2023,"transportation_score",89.8
"47075930302","tract",2023,"transportation_score",91.08
"47075930400","tract",2023,"transportation_score",93.79
"47075930500","tract",2023,"transportation_score",85.82
"47077975000","tract",2023,"transportation_score",84.53
"47077975100","tract",2023,"transportation_score",85.82
"47077975200","tract",2023,"transportation_score",84.62
"47077975301","tract",2023,"transportation_score",83.9
"47077975302","tract",2023,"transportation_score",89.46
"47077975400","tract",2023,"transportation_score",87.56
"47077975500","tract",2023,"transportation_score",85.35
"47079969001","tract",2023,"transportation_score",87.06
"47079969002","tract",2023,"transportation_score",85.32
"47079969100","tract",2023,"transportation_score",86.58
"47079969200","tract",2023,"transportation_score",86.9
"47079969300","tract",2023,"transportation_score",87.77
"47079969400","tract",2023,"transportation_score",94.26
"47079969501","tract",2023,"transportation_score",90.03
"47079969502","tract",2023,"transportation_score",89.82
"47079969601","tract",2023,"transportation_score",86.84
"47079969602","tract",2023,"transportation_score",84.36
"47079969700","tract",2023,"transportation_score",84.4
"47079969800","tract",2023,"transportation_score",86.8
"47081950100","tract",2023,"transportation_score",85.42
"47081950201","tract",2023,"transportation_score",87.7
"47081950202","tract",2023,"transportation_score",87.73
"47081950301","tract",2023,"transportation_score",85.37
"47081950302","tract",2023,"transportation_score",89.2
"47081950400","tract",2023,"transportation_score",86.19
"47081950500","tract",2023,"transportation_score",NA
"47083120100","tract",2023,"transportation_score",86.39
"47083120200","tract",2023,"transportation_score",86.12
"47083120300","tract",2023,"transportation_score",88.83
"47085130100","tract",2023,"transportation_score",84.06
"47085130200","tract",2023,"transportation_score",87.76
"47085130300","tract",2023,"transportation_score",91.03
"47085130400","tract",2023,"transportation_score",82.76
"47085130500","tract",2023,"transportation_score",83.16
"47087960100","tract",2023,"transportation_score",86.32
"47087960200","tract",2023,"transportation_score",87.34
"47087960300","tract",2023,"transportation_score",84.85
"47087960400","tract",2023,"transportation_score",88.65
"47089070101","tract",2023,"transportation_score",83.26
"47089070102","tract",2023,"transportation_score",86.37
"47089070200","tract",2023,"transportation_score",83.51
"47089070300","tract",2023,"transportation_score",98.61
"47089070400","tract",2023,"transportation_score",88.72
"47089070500","tract",2023,"transportation_score",84.72
"47089070600","tract",2023,"transportation_score",83.11
"47089070701","tract",2023,"transportation_score",88.47
"47089070702","tract",2023,"transportation_score",82.9
"47089070801","tract",2023,"transportation_score",83.16
"47089070802","tract",2023,"transportation_score",87.3
"47089070900","tract",2023,"transportation_score",87.76
"47091956000","tract",2023,"transportation_score",93.98
"47091956100","tract",2023,"transportation_score",NA
"47091956200","tract",2023,"transportation_score",85.18
"47091956300","tract",2023,"transportation_score",84.62
"47091956400","tract",2023,"transportation_score",85.99
"47093000100","tract",2023,"transportation_score",109.05
"47093000800","tract",2023,"transportation_score",97.36
"47093000901","tract",2023,"transportation_score",NA
"47093000902","tract",2023,"transportation_score",NA
"47093001400","tract",2023,"transportation_score",116.31
"47093001500","tract",2023,"transportation_score",102.74
"47093001600","tract",2023,"transportation_score",104.52
"47093001700","tract",2023,"transportation_score",112.39
"47093001800","tract",2023,"transportation_score",96.82
"47093001900","tract",2023,"transportation_score",97.7
"47093002000","tract",2023,"transportation_score",107.47
"47093002100","tract",2023,"transportation_score",103.19
"47093002200","tract",2023,"transportation_score",102
"47093002300","tract",2023,"transportation_score",103.63
"47093002400","tract",2023,"transportation_score",104.82
"47093002600","tract",2023,"transportation_score",96.78
"47093002700","tract",2023,"transportation_score",93.46
"47093002800","tract",2023,"transportation_score",100.4
"47093002900","tract",2023,"transportation_score",98.6
"47093003000","tract",2023,"transportation_score",99.16
"47093003100","tract",2023,"transportation_score",86.38
"47093003200","tract",2023,"transportation_score",105.01
"47093003300","tract",2023,"transportation_score",89.19
"47093003400","tract",2023,"transportation_score",102.03
"47093003501","tract",2023,"transportation_score",96.32
"47093003502","tract",2023,"transportation_score",98
"47093003700","tract",2023,"transportation_score",111.11
"47093003801","tract",2023,"transportation_score",88.35
"47093003802","tract",2023,"transportation_score",86.19
"47093003901","tract",2023,"transportation_score",98.15
"47093003902","tract",2023,"transportation_score",101.82
"47093004000","tract",2023,"transportation_score",99.14
"47093004100","tract",2023,"transportation_score",103.14
"47093004200","tract",2023,"transportation_score",96.93
"47093004300","tract",2023,"transportation_score",99.67
"47093004401","tract",2023,"transportation_score",97.95
"47093004403","tract",2023,"transportation_score",99.33
"47093004404","tract",2023,"transportation_score",99.55
"47093004501","tract",2023,"transportation_score",93.64
"47093004502","tract",2023,"transportation_score",88.99
"47093004606","tract",2023,"transportation_score",98.18
"47093004607","tract",2023,"transportation_score",84.09
"47093004608","tract",2023,"transportation_score",97.66
"47093004609","tract",2023,"transportation_score",99.08
"47093004610","tract",2023,"transportation_score",101.09
"47093004611","tract",2023,"transportation_score",91.28
"47093004612","tract",2023,"transportation_score",88.41
"47093004613","tract",2023,"transportation_score",91.08
"47093004614","tract",2023,"transportation_score",91.87
"47093004615","tract",2023,"transportation_score",99.71
"47093004700","tract",2023,"transportation_score",87.02
"47093004800","tract",2023,"transportation_score",99.81
"47093004900","tract",2023,"transportation_score",95.95
"47093005000","tract",2023,"transportation_score",99.91
"47093005100","tract",2023,"transportation_score",96.79
"47093005202","tract",2023,"transportation_score",86.77
"47093005203","tract",2023,"transportation_score",85.65
"47093005204","tract",2023,"transportation_score",83.34
"47093005301","tract",2023,"transportation_score",85.04
"47093005302","tract",2023,"transportation_score",82.75
"47093005401","tract",2023,"transportation_score",88.44
"47093005402","tract",2023,"transportation_score",82.66
"47093005501","tract",2023,"transportation_score",85.48
"47093005502","tract",2023,"transportation_score",93.91
"47093005602","tract",2023,"transportation_score",82.51
"47093005603","tract",2023,"transportation_score",89.45
"47093005604","tract",2023,"transportation_score",85.02
"47093005701","tract",2023,"transportation_score",94.36
"47093005704","tract",2023,"transportation_score",87.6
"47093005706","tract",2023,"transportation_score",88.3
"47093005707","tract",2023,"transportation_score",97.32
"47093005708","tract",2023,"transportation_score",94.76
"47093005709","tract",2023,"transportation_score",98.35
"47093005710","tract",2023,"transportation_score",84.28
"47093005711","tract",2023,"transportation_score",100.63
"47093005713","tract",2023,"transportation_score",97.48
"47093005714","tract",2023,"transportation_score",88.23
"47093005803","tract",2023,"transportation_score",86.54
"47093005807","tract",2023,"transportation_score",84.96
"47093005808","tract",2023,"transportation_score",97
"47093005809","tract",2023,"transportation_score",99.59
"47093005810","tract",2023,"transportation_score",95.28
"47093005811","tract",2023,"transportation_score",85.78
"47093005813","tract",2023,"transportation_score",96.79
"47093005814","tract",2023,"transportation_score",82.34
"47093005815","tract",2023,"transportation_score",93.95
"47093005903","tract",2023,"transportation_score",97.21
"47093005906","tract",2023,"transportation_score",86.27
"47093005907","tract",2023,"transportation_score",88.23
"47093005908","tract",2023,"transportation_score",95.87
"47093005909","tract",2023,"transportation_score",86.06
"47093005910","tract",2023,"transportation_score",87.93
"47093005911","tract",2023,"transportation_score",83.69
"47093005912","tract",2023,"transportation_score",85.86
"47093006001","tract",2023,"transportation_score",97.28
"47093006002","tract",2023,"transportation_score",85.3
"47093006003","tract",2023,"transportation_score",88.28
"47093006102","tract",2023,"transportation_score",97.69
"47093006103","tract",2023,"transportation_score",96.74
"47093006104","tract",2023,"transportation_score",98.83
"47093006202","tract",2023,"transportation_score",96.72
"47093006203","tract",2023,"transportation_score",97.36
"47093006205","tract",2023,"transportation_score",84.12
"47093006206","tract",2023,"transportation_score",86.75
"47093006207","tract",2023,"transportation_score",86.97
"47093006208","tract",2023,"transportation_score",101.23
"47093006301","tract",2023,"transportation_score",84.1
"47093006302","tract",2023,"transportation_score",84.49
"47093006401","tract",2023,"transportation_score",93.21
"47093006402","tract",2023,"transportation_score",82.19
"47093006403","tract",2023,"transportation_score",83.68
"47093006501","tract",2023,"transportation_score",82.64
"47093006502","tract",2023,"transportation_score",88.18
"47093006600","tract",2023,"transportation_score",106.15
"47093006700","tract",2023,"transportation_score",93.28
"47093006800","tract",2023,"transportation_score",120.7
"47093006901","tract",2023,"transportation_score",113.42
"47093006902","tract",2023,"transportation_score",NA
"47093006903","tract",2023,"transportation_score",123.43
"47093007000","tract",2023,"transportation_score",109.81
"47093007100","tract",2023,"transportation_score",89.34
"47095960100","tract",2023,"transportation_score",NA
"47095960200","tract",2023,"transportation_score",94.33
"47097050100","tract",2023,"transportation_score",NA
"47097050200","tract",2023,"transportation_score",88.43
"47097050300","tract",2023,"transportation_score",85.93
"47097050400","tract",2023,"transportation_score",85.8
"47097050503","tract",2023,"transportation_score",83.18
"47097050504","tract",2023,"transportation_score",90.74
"47097050505","tract",2023,"transportation_score",96.87
"47097050506","tract",2023,"transportation_score",87.19
"47097050600","tract",2023,"transportation_score",87.92
"47099960100","tract",2023,"transportation_score",85.31
"47099960200","tract",2023,"transportation_score",85.06
"47099960300","tract",2023,"transportation_score",96.83
"47099960401","tract",2023,"transportation_score",87.3
"47099960402","tract",2023,"transportation_score",83.88
"47099960501","tract",2023,"transportation_score",94.56
"47099960502","tract",2023,"transportation_score",87.63
"47099960600","tract",2023,"transportation_score",86.05
"47099960700","tract",2023,"transportation_score",84.33
"47099960800","tract",2023,"transportation_score",81.1
"47099960900","tract",2023,"transportation_score",82.28
"47101970100","tract",2023,"transportation_score",85.14
"47101970200","tract",2023,"transportation_score",83.89
"47103975000","tract",2023,"transportation_score",86.23
"47103975100","tract",2023,"transportation_score",84.2
"47103975200","tract",2023,"transportation_score",86.71
"47103975300","tract",2023,"transportation_score",88.12
"47103975400","tract",2023,"transportation_score",83.93
"47103975500","tract",2023,"transportation_score",84.98
"47103975601","tract",2023,"transportation_score",85.03
"47103975602","tract",2023,"transportation_score",86.85
"47103975700","tract",2023,"transportation_score",86.18
"47105060100","tract",2023,"transportation_score",83.02
"47105060201","tract",2023,"transportation_score",84.17
"47105060203","tract",2023,"transportation_score",96.41
"47105060204","tract",2023,"transportation_score",97.93
"47105060301","tract",2023,"transportation_score",98.92
"47105060303","tract",2023,"transportation_score",93.23
"47105060304","tract",2023,"transportation_score",90.2
"47105060400","tract",2023,"transportation_score",83.78
"47105060502","tract",2023,"transportation_score",80.47
"47105060503","tract",2023,"transportation_score",85.02
"47105060504","tract",2023,"transportation_score",100.49
"47105060505","tract",2023,"transportation_score",92.4
"47105060600","tract",2023,"transportation_score",96.54
"47105060700","tract",2023,"transportation_score",83.16
"47107970102","tract",2023,"transportation_score",83.14
"47107970103","tract",2023,"transportation_score",81.55
"47107970104","tract",2023,"transportation_score",81.55
"47107970201","tract",2023,"transportation_score",93.62
"47107970202","tract",2023,"transportation_score",86.57
"47107970300","tract",2023,"transportation_score",91.09
"47107970401","tract",2023,"transportation_score",85.66
"47107970402","tract",2023,"transportation_score",83.87
"47107970500","tract",2023,"transportation_score",88.23
"47107970601","tract",2023,"transportation_score",82.05
"47107970602","tract",2023,"transportation_score",81.79
"47107970700","tract",2023,"transportation_score",83.07
"47107970801","tract",2023,"transportation_score",82.91
"47107970802","tract",2023,"transportation_score",84.76
"47109930100","tract",2023,"transportation_score",83.36
"47109930200","tract",2023,"transportation_score",85.74
"47109930300","tract",2023,"transportation_score",86.28
"47109930400","tract",2023,"transportation_score",90.09
"47109930501","tract",2023,"transportation_score",88.35
"47109930502","tract",2023,"transportation_score",89.17
"47109930600","tract",2023,"transportation_score",83.38
"47109930700","tract",2023,"transportation_score",87.12
"47111970100","tract",2023,"transportation_score",90.39
"47111970200","tract",2023,"transportation_score",86.76
"47111970301","tract",2023,"transportation_score",90.66
"47111970302","tract",2023,"transportation_score",85.11
"47111970400","tract",2023,"transportation_score",88.36
"47113000100","tract",2023,"transportation_score",96.16
"47113000200","tract",2023,"transportation_score",107.39
"47113000300","tract",2023,"transportation_score",101.08
"47113000400","tract",2023,"transportation_score",105.02
"47113000500","tract",2023,"transportation_score",120.97
"47113000600","tract",2023,"transportation_score",104.62
"47113000700","tract",2023,"transportation_score",100.74
"47113000800","tract",2023,"transportation_score",NA
"47113000900","tract",2023,"transportation_score",111.04
"47113001000","tract",2023,"transportation_score",113.44
"47113001100","tract",2023,"transportation_score",120.33
"47113001300","tract",2023,"transportation_score",90.81
"47113001401","tract",2023,"transportation_score",84.39
"47113001402","tract",2023,"transportation_score",83.44
"47113001501","tract",2023,"transportation_score",82.94
"47113001502","tract",2023,"transportation_score",79.96
"47113001603","tract",2023,"transportation_score",96.52
"47113001604","tract",2023,"transportation_score",97.35
"47113001605","tract",2023,"transportation_score",NA
"47113001607","tract",2023,"transportation_score",101.02
"47113001608","tract",2023,"transportation_score",81.57
"47113001609","tract",2023,"transportation_score",81.34
"47113001610","tract",2023,"transportation_score",84.89
"47113001611","tract",2023,"transportation_score",87.37
"47113001612","tract",2023,"transportation_score",99.01
"47113001700","tract",2023,"transportation_score",83.95
"47113001800","tract",2023,"transportation_score",84.92
"47113001900","tract",2023,"transportation_score",83.37
"47115050101","tract",2023,"transportation_score",84.86
"47115050102","tract",2023,"transportation_score",88.23
"47115050201","tract",2023,"transportation_score",87.13
"47115050203","tract",2023,"transportation_score",85.23
"47115050204","tract",2023,"transportation_score",87.6
"47115050301","tract",2023,"transportation_score",91.9
"47115050302","tract",2023,"transportation_score",85.24
"47117955000","tract",2023,"transportation_score",86.94
"47117955100","tract",2023,"transportation_score",83.86
"47117955200","tract",2023,"transportation_score",88.41
"47117955300","tract",2023,"transportation_score",85.46
"47117955400","tract",2023,"transportation_score",85.43
"47117955500","tract",2023,"transportation_score",85.53
"47119010100","tract",2023,"transportation_score",84.91
"47119010201","tract",2023,"transportation_score",85.49
"47119010203","tract",2023,"transportation_score",91.8
"47119010204","tract",2023,"transportation_score",97.77
"47119010205","tract",2023,"transportation_score",83.02
"47119010301","tract",2023,"transportation_score",86.41
"47119010302","tract",2023,"transportation_score",82.79
"47119010401","tract",2023,"transportation_score",87.53
"47119010402","tract",2023,"transportation_score",88.18
"47119010500","tract",2023,"transportation_score",90.86
"47119010600","tract",2023,"transportation_score",91.14
"47119010700","tract",2023,"transportation_score",93.45
"47119010801","tract",2023,"transportation_score",89.15
"47119010802","tract",2023,"transportation_score",90.98
"47119010900","tract",2023,"transportation_score",82.69
"47119011001","tract",2023,"transportation_score",85.38
"47119011003","tract",2023,"transportation_score",83.64
"47119011004","tract",2023,"transportation_score",87.76
"47119011101","tract",2023,"transportation_score",85.29
"47119011102","tract",2023,"transportation_score",88
"47119011200","tract",2023,"transportation_score",84.79
"47121960100","tract",2023,"transportation_score",87.38
"47121960200","tract",2023,"transportation_score",88.62
"47121960300","tract",2023,"transportation_score",86.09
"47123925001","tract",2023,"transportation_score",84.83
"47123925002","tract",2023,"transportation_score",86.31
"47123925101","tract",2023,"transportation_score",95.7
"47123925102","tract",2023,"transportation_score",86.66
"47123925200","tract",2023,"transportation_score",91.8
"47123925301","tract",2023,"transportation_score",85.08
"47123925302","tract",2023,"transportation_score",86.74
"47123925401","tract",2023,"transportation_score",83.36
"47123925402","tract",2023,"transportation_score",86.84
"47123925501","tract",2023,"transportation_score",87.4
"47123925503","tract",2023,"transportation_score",83.49
"47123925504","tract",2023,"transportation_score",88.01
"47125100100","tract",2023,"transportation_score",NA
"47125100200","tract",2023,"transportation_score",93.58
"47125100300","tract",2023,"transportation_score",88.97
"47125100500","tract",2023,"transportation_score",89.33
"47125100601","tract",2023,"transportation_score",82.78
"47125100602","tract",2023,"transportation_score",87.64
"47125100800","tract",2023,"transportation_score",NA
"47125100900","tract",2023,"transportation_score",101.91
"47125101001","tract",2023,"transportation_score",92.81
"47125101002","tract",2023,"transportation_score",82.22
"47125101101","tract",2023,"transportation_score",94.6
"47125101102","tract",2023,"transportation_score",86.64
"47125101103","tract",2023,"transportation_score",83.87
"47125101201","tract",2023,"transportation_score",86.82
"47125101202","tract",2023,"transportation_score",85.65
"47125101304","tract",2023,"transportation_score",91.65
"47125101305","tract",2023,"transportation_score",89.1
"47125101306","tract",2023,"transportation_score",85.52
"47125101307","tract",2023,"transportation_score",93.17
"47125101308","tract",2023,"transportation_score",87.5
"47125101309","tract",2023,"transportation_score",86.92
"47125101400","tract",2023,"transportation_score",92.69
"47125101501","tract",2023,"transportation_score",88.96
"47125101502","tract",2023,"transportation_score",83.61
"47125101600","tract",2023,"transportation_score",86.53
"47125101701","tract",2023,"transportation_score",84.49
"47125101702","tract",2023,"transportation_score",85.25
"47125101803","tract",2023,"transportation_score",84.81
"47125101805","tract",2023,"transportation_score",85.91
"47125101806","tract",2023,"transportation_score",83.28
"47125101807","tract",2023,"transportation_score",84.14
"47125101808","tract",2023,"transportation_score",84.59
"47125101902","tract",2023,"transportation_score",85.82
"47125101904","tract",2023,"transportation_score",89.12
"47125101905","tract",2023,"transportation_score",86.02
"47125101906","tract",2023,"transportation_score",86.12
"47125102001","tract",2023,"transportation_score",85.15
"47125102003","tract",2023,"transportation_score",87.65
"47125102004","tract",2023,"transportation_score",85.45
"47125102005","tract",2023,"transportation_score",87.56
"47125102007","tract",2023,"transportation_score",89.85
"47125102008","tract",2023,"transportation_score",85.28
"47125102009","tract",2023,"transportation_score",85.49
"47125102010","tract",2023,"transportation_score",83.06
"47125102100","tract",2023,"transportation_score",92.83
"47125980100","tract",2023,"transportation_score",NA
"47127930100","tract",2023,"transportation_score",81.8
"47127930200","tract",2023,"transportation_score",87.71
"47129110100","tract",2023,"transportation_score",93.26
"47129110200","tract",2023,"transportation_score",88.84
"47129110300","tract",2023,"transportation_score",NA
"47129110400","tract",2023,"transportation_score",83.94
"47129110500","tract",2023,"transportation_score",82.37
"47131965000","tract",2023,"transportation_score",86.27
"47131965100","tract",2023,"transportation_score",84.08
"47131965200","tract",2023,"transportation_score",86.7
"47131965300","tract",2023,"transportation_score",86.07
"47131965400","tract",2023,"transportation_score",87.39
"47131965500","tract",2023,"transportation_score",90.85
"47131965600","tract",2023,"transportation_score",91.04
"47131965700","tract",2023,"transportation_score",91.03
"47131965800","tract",2023,"transportation_score",82.98
"47131965900","tract",2023,"transportation_score",88.52
"47133950100","tract",2023,"transportation_score",84.01
"47133950200","tract",2023,"transportation_score",85.09
"47133950301","tract",2023,"transportation_score",88.9
"47133950302","tract",2023,"transportation_score",87.06
"47133950400","tract",2023,"transportation_score",84.25
"47133950501","tract",2023,"transportation_score",84.33
"47133950502","tract",2023,"transportation_score",83.27
"47133950600","tract",2023,"transportation_score",83.14
"47135930100","tract",2023,"transportation_score",90.6
"47135930201","tract",2023,"transportation_score",87.44
"47135930202","tract",2023,"transportation_score",92.3
"47137925101","tract",2023,"transportation_score",85.94
"47137925102","tract",2023,"transportation_score",89.55
"47139950100","tract",2023,"transportation_score",86.72
"47139950201","tract",2023,"transportation_score",92.8
"47139950203","tract",2023,"transportation_score",85.86
"47139950204","tract",2023,"transportation_score",81.45
"47139950300","tract",2023,"transportation_score",85.42
"47139950400","tract",2023,"transportation_score",86.27
"47141000100","tract",2023,"transportation_score",89.42
"47141000201","tract",2023,"transportation_score",88.03
"47141000202","tract",2023,"transportation_score",86.11
"47141000301","tract",2023,"transportation_score",89.39
"47141000303","tract",2023,"transportation_score",94.53
"47141000304","tract",2023,"transportation_score",100.88
"47141000305","tract",2023,"transportation_score",95.35
"47141000400","tract",2023,"transportation_score",97.14
"47141000500","tract",2023,"transportation_score",87.26
"47141000600","tract",2023,"transportation_score",86.3
"47141000700","tract",2023,"transportation_score",103.29
"47141000800","tract",2023,"transportation_score",NA
"47141000900","tract",2023,"transportation_score",87.79
"47141001000","tract",2023,"transportation_score",82.12
"47141001100","tract",2023,"transportation_score",85.48
"47141001201","tract",2023,"transportation_score",84.55
"47141001202","tract",2023,"transportation_score",87.72
"47141001300","tract",2023,"transportation_score",83.82
"47143975000","tract",2023,"transportation_score",90.41
"47143975100","tract",2023,"transportation_score",85.35
"47143975200","tract",2023,"transportation_score",85.67
"47143975300","tract",2023,"transportation_score",88.2
"47143975401","tract",2023,"transportation_score",89.39
"47143975402","tract",2023,"transportation_score",84.1
"47145030100","tract",2023,"transportation_score",89.24
"47145030203","tract",2023,"transportation_score",85.83
"47145030204","tract",2023,"transportation_score",86.33
"47145030205","tract",2023,"transportation_score",90.63
"47145030206","tract",2023,"transportation_score",86.88
"47145030301","tract",2023,"transportation_score",83.71
"47145030302","tract",2023,"transportation_score",82.3
"47145030401","tract",2023,"transportation_score",82.53
"47145030402","tract",2023,"transportation_score",87.5
"47145030500","tract",2023,"transportation_score",97.49
"47145030600","tract",2023,"transportation_score",86.46
"47145030700","tract",2023,"transportation_score",81.39
"47145030801","tract",2023,"transportation_score",101.62
"47145030802","tract",2023,"transportation_score",84.96
"47145030900","tract",2023,"transportation_score",84.77
"47145980100","tract",2023,"transportation_score",NA
"47147080101","tract",2023,"transportation_score",82.28
"47147080103","tract",2023,"transportation_score",89.82
"47147080104","tract",2023,"transportation_score",83.85
"47147080200","tract",2023,"transportation_score",82.26
"47147080301","tract",2023,"transportation_score",86.06
"47147080302","tract",2023,"transportation_score",90.16
"47147080401","tract",2023,"transportation_score",89.81
"47147080402","tract",2023,"transportation_score",86.86
"47147080500","tract",2023,"transportation_score",84.71
"47147080603","tract",2023,"transportation_score",85.81
"47147080604","tract",2023,"transportation_score",86.08
"47147080605","tract",2023,"transportation_score",85.57
"47147080606","tract",2023,"transportation_score",86.05
"47147080701","tract",2023,"transportation_score",83.51
"47147080702","tract",2023,"transportation_score",84.43
"47149040101","tract",2023,"transportation_score",107.74
"47149040102","tract",2023,"transportation_score",108.13
"47149040104","tract",2023,"transportation_score",106.43
"47149040105","tract",2023,"transportation_score",105.36
"47149040106","tract",2023,"transportation_score",103.2
"47149040107","tract",2023,"transportation_score",103.99
"47149040200","tract",2023,"transportation_score",88.31
"47149040303","tract",2023,"transportation_score",105.69
"47149040304","tract",2023,"transportation_score",105.6
"47149040305","tract",2023,"transportation_score",109.23
"47149040307","tract",2023,"transportation_score",103.99
"47149040308","tract",2023,"transportation_score",105.75
"47149040309","tract",2023,"transportation_score",82.85
"47149040310","tract",2023,"transportation_score",106.67
"47149040311","tract",2023,"transportation_score",106.59
"47149040312","tract",2023,"transportation_score",92.35
"47149040404","tract",2023,"transportation_score",108.75
"47149040405","tract",2023,"transportation_score",104.55
"47149040501","tract",2023,"transportation_score",84.93
"47149040502","tract",2023,"transportation_score",84.71
"47149040600","tract",2023,"transportation_score",85.37
"47149040702","tract",2023,"transportation_score",84.41
"47149040703","tract",2023,"transportation_score",84.64
"47149040704","tract",2023,"transportation_score",88.15
"47149040806","tract",2023,"transportation_score",101.93
"47149040807","tract",2023,"transportation_score",84.9
"47149040808","tract",2023,"transportation_score",92.66
"47149040809","tract",2023,"transportation_score",85.21
"47149040810","tract",2023,"transportation_score",85.02
"47149040811","tract",2023,"transportation_score",88.64
"47149040812","tract",2023,"transportation_score",91.39
"47149040901","tract",2023,"transportation_score",91.45
"47149040904","tract",2023,"transportation_score",96.2
"47149040906","tract",2023,"transportation_score",88.84
"47149040907","tract",2023,"transportation_score",95.47
"47149040908","tract",2023,"transportation_score",98.41
"47149040909","tract",2023,"transportation_score",100.28
"47149040910","tract",2023,"transportation_score",97.86
"47149040911","tract",2023,"transportation_score",97.04
"47149041000","tract",2023,"transportation_score",86.2
"47149041102","tract",2023,"transportation_score",85.84
"47149041103","tract",2023,"transportation_score",85.87
"47149041104","tract",2023,"transportation_score",88.05
"47149041201","tract",2023,"transportation_score",92.49
"47149041202","tract",2023,"transportation_score",86.71
"47149041301","tract",2023,"transportation_score",97.86
"47149041302","tract",2023,"transportation_score",96.19
"47149041401","tract",2023,"transportation_score",96.63
"47149041404","tract",2023,"transportation_score",101.86
"47149041405","tract",2023,"transportation_score",102.62
"47149041406","tract",2023,"transportation_score",96.1
"47149041407","tract",2023,"transportation_score",95.7
"47149041500","tract",2023,"transportation_score",NA
"47149041601","tract",2023,"transportation_score",103.74
"47149041602","tract",2023,"transportation_score",105.04
"47149041700","tract",2023,"transportation_score",102.16
"47149041800","tract",2023,"transportation_score",99.55
"47149041900","tract",2023,"transportation_score",108.36
"47149042000","tract",2023,"transportation_score",89.04
"47149042101","tract",2023,"transportation_score",101.6
"47149042102","tract",2023,"transportation_score",101.77
"47149042200","tract",2023,"transportation_score",104.97
"47149042301","tract",2023,"transportation_score",109.83
"47149042302","tract",2023,"transportation_score",89.08
"47151975000","tract",2023,"transportation_score",86.15
"47151975101","tract",2023,"transportation_score",84.46
"47151975102","tract",2023,"transportation_score",84.84
"47151975200","tract",2023,"transportation_score",85.01
"47151975300","tract",2023,"transportation_score",90.49
"47151975400","tract",2023,"transportation_score",85.33
"47153060102","tract",2023,"transportation_score",89.78
"47153060103","tract",2023,"transportation_score",87.75
"47153060104","tract",2023,"transportation_score",85.41
"47153060200","tract",2023,"transportation_score",89.06
"47155080101","tract",2023,"transportation_score",85.66
"47155080103","tract",2023,"transportation_score",90.83
"47155080104","tract",2023,"transportation_score",85.25
"47155080202","tract",2023,"transportation_score",86.91
"47155080203","tract",2023,"transportation_score",93.55
"47155080204","tract",2023,"transportation_score",87.77
"47155080300","tract",2023,"transportation_score",94.09
"47155080401","tract",2023,"transportation_score",85.14
"47155080402","tract",2023,"transportation_score",84.53
"47155080500","tract",2023,"transportation_score",89.1
"47155080601","tract",2023,"transportation_score",95.02
"47155080603","tract",2023,"transportation_score",87.73
"47155080604","tract",2023,"transportation_score",83.11
"47155080701","tract",2023,"transportation_score",89.91
"47155080702","tract",2023,"transportation_score",87.56
"47155080801","tract",2023,"transportation_score",95.36
"47155080803","tract",2023,"transportation_score",84.2
"47155080804","tract",2023,"transportation_score",91.87
"47155080901","tract",2023,"transportation_score",83.7
"47155080903","tract",2023,"transportation_score",82.95
"47155080904","tract",2023,"transportation_score",87.58
"47155081001","tract",2023,"transportation_score",93.12
"47155081002","tract",2023,"transportation_score",90.77
"47155081101","tract",2023,"transportation_score",110.02
"47155081103","tract",2023,"transportation_score",92.98
"47155081104","tract",2023,"transportation_score",95.94
"47155980100","tract",2023,"transportation_score",NA
"47157000100","tract",2023,"transportation_score",88.96
"47157000200","tract",2023,"transportation_score",96.95
"47157000300","tract",2023,"transportation_score",87.95
"47157000400","tract",2023,"transportation_score",95.91
"47157000600","tract",2023,"transportation_score",100.37
"47157000700","tract",2023,"transportation_score",90.61
"47157000800","tract",2023,"transportation_score",111.43
"47157000900","tract",2023,"transportation_score",94.84
"47157001100","tract",2023,"transportation_score",94.03
"47157001200","tract",2023,"transportation_score",95.22
"47157001300","tract",2023,"transportation_score",94.19
"47157001400","tract",2023,"transportation_score",91.07
"47157001500","tract",2023,"transportation_score",96.35
"47157001600","tract",2023,"transportation_score",NA
"47157001700","tract",2023,"transportation_score",95.51
"47157001900","tract",2023,"transportation_score",111.22
"47157002000","tract",2023,"transportation_score",102.15
"47157002100","tract",2023,"transportation_score",102.74
"47157002400","tract",2023,"transportation_score",94.45
"47157002500","tract",2023,"transportation_score",96.57
"47157002600","tract",2023,"transportation_score",92.96
"47157002700","tract",2023,"transportation_score",98.66
"47157002800","tract",2023,"transportation_score",103.98
"47157002900","tract",2023,"transportation_score",88.99
"47157003000","tract",2023,"transportation_score",107.37
"47157003100","tract",2023,"transportation_score",97.21
"47157003200","tract",2023,"transportation_score",98.58
"47157003300","tract",2023,"transportation_score",90.61
"47157003400","tract",2023,"transportation_score",107.69
"47157003500","tract",2023,"transportation_score",86.89
"47157003600","tract",2023,"transportation_score",97.65
"47157003700","tract",2023,"transportation_score",109.07
"47157003800","tract",2023,"transportation_score",126.41
"47157003900","tract",2023,"transportation_score",124.72
"47157004200","tract",2023,"transportation_score",98.51
"47157004300","tract",2023,"transportation_score",89.88
"47157004500","tract",2023,"transportation_score",96.64
"47157004600","tract",2023,"transportation_score",94.75
"47157005000","tract",2023,"transportation_score",110.92
"47157005300","tract",2023,"transportation_score",101.44
"47157005500","tract",2023,"transportation_score",101.48
"47157005600","tract",2023,"transportation_score",96.02
"47157005700","tract",2023,"transportation_score",99.55
"47157005800","tract",2023,"transportation_score",103.84
"47157005900","tract",2023,"transportation_score",88.61
"47157006000","tract",2023,"transportation_score",108.42
"47157006200","tract",2023,"transportation_score",95.66
"47157006300","tract",2023,"transportation_score",93.93
"47157006400","tract",2023,"transportation_score",97.06
"47157006500","tract",2023,"transportation_score",102.3
"47157006600","tract",2023,"transportation_score",91.38
"47157006700","tract",2023,"transportation_score",89.72
"47157006800","tract",2023,"transportation_score",97.97
"47157006900","tract",2023,"transportation_score",89.87
"47157007000","tract",2023,"transportation_score",99.24
"47157007100","tract",2023,"transportation_score",92.29
"47157007200","tract",2023,"transportation_score",89.87
"47157007300","tract",2023,"transportation_score",NA
"47157007400","tract",2023,"transportation_score",99.1
"47157007500","tract",2023,"transportation_score",98.26
"47157007810","tract",2023,"transportation_score",88.79
"47157007821","tract",2023,"transportation_score",88.88
"47157007822","tract",2023,"transportation_score",95.01
"47157007900","tract",2023,"transportation_score",99.32
"47157008000","tract",2023,"transportation_score",93.39
"47157008110","tract",2023,"transportation_score",91.38
"47157008120","tract",2023,"transportation_score",102.55
"47157008200","tract",2023,"transportation_score",91.85
"47157008500","tract",2023,"transportation_score",87.65
"47157008600","tract",2023,"transportation_score",91.87
"47157008700","tract",2023,"transportation_score",89.99
"47157008800","tract",2023,"transportation_score",84.27
"47157008900","tract",2023,"transportation_score",94.8
"47157009100","tract",2023,"transportation_score",91.41
"47157009201","tract",2023,"transportation_score",86.7
"47157009202","tract",2023,"transportation_score",87.54
"47157009300","tract",2023,"transportation_score",87.05
"47157009400","tract",2023,"transportation_score",87.12
"47157009501","tract",2023,"transportation_score",85.57
"47157009502","tract",2023,"transportation_score",88.91
"47157009600","tract",2023,"transportation_score",85.02
"47157009700","tract",2023,"transportation_score",90.07
"47157009800","tract",2023,"transportation_score",90.69
"47157009901","tract",2023,"transportation_score",96.32
"47157009902","tract",2023,"transportation_score",92.52
"47157010001","tract",2023,"transportation_score",93.16
"47157010002","tract",2023,"transportation_score",86.39
"47157010120","tract",2023,"transportation_score",99.42
"47157010121","tract",2023,"transportation_score",86.18
"47157010122","tract",2023,"transportation_score",107.73
"47157010210","tract",2023,"transportation_score",92.3
"47157010220","tract",2023,"transportation_score",92.75
"47157010300","tract",2023,"transportation_score",94.68
"47157010500","tract",2023,"transportation_score",92.52
"47157010610","tract",2023,"transportation_score",94.97
"47157010620","tract",2023,"transportation_score",95.46
"47157010630","tract",2023,"transportation_score",95.96
"47157010710","tract",2023,"transportation_score",90.54
"47157010720","tract",2023,"transportation_score",92.16
"47157010810","tract",2023,"transportation_score",93.46
"47157010820","tract",2023,"transportation_score",89.49
"47157011010","tract",2023,"transportation_score",86.72
"47157011020","tract",2023,"transportation_score",93.53
"47157011100","tract",2023,"transportation_score",95.37
"47157011200","tract",2023,"transportation_score",108.86
"47157011300","tract",2023,"transportation_score",99.7
"47157011401","tract",2023,"transportation_score",95.25
"47157011402","tract",2023,"transportation_score",NA
"47157011500","tract",2023,"transportation_score",104.89
"47157011600","tract",2023,"transportation_score",100.79
"47157011700","tract",2023,"transportation_score",105.23
"47157011800","tract",2023,"transportation_score",93.68
"47157020101","tract",2023,"transportation_score",84.3
"47157020102","tract",2023,"transportation_score",83.42
"47157020210","tract",2023,"transportation_score",89.34
"47157020221","tract",2023,"transportation_score",86.62
"47157020222","tract",2023,"transportation_score",86.73
"47157020301","tract",2023,"transportation_score",85.32
"47157020302","tract",2023,"transportation_score",94.5
"47157020400","tract",2023,"transportation_score",95.96
"47157020511","tract",2023,"transportation_score",85.84
"47157020521","tract",2023,"transportation_score",86.03
"47157020523","tract",2023,"transportation_score",100.42
"47157020524","tract",2023,"transportation_score",91.72
"47157020531","tract",2023,"transportation_score",86.64
"47157020532","tract",2023,"transportation_score",87.97
"47157020541","tract",2023,"transportation_score",87.88
"47157020542","tract",2023,"transportation_score",90.61
"47157020543","tract",2023,"transportation_score",98.58
"47157020544","tract",2023,"transportation_score",93.86
"47157020610","tract",2023,"transportation_score",89.84
"47157020621","tract",2023,"transportation_score",86.5
"47157020622","tract",2023,"transportation_score",85.19
"47157020632","tract",2023,"transportation_score",86.3
"47157020633","tract",2023,"transportation_score",89.55
"47157020634","tract",2023,"transportation_score",85.02
"47157020635","tract",2023,"transportation_score",85.04
"47157020651","tract",2023,"transportation_score",88.11
"47157020652","tract",2023,"transportation_score",85.19
"47157020653","tract",2023,"transportation_score",84.75
"47157020654","tract",2023,"transportation_score",85
"47157020655","tract",2023,"transportation_score",82.92
"47157020656","tract",2023,"transportation_score",87.4
"47157020657","tract",2023,"transportation_score",85.05
"47157020658","tract",2023,"transportation_score",86.25
"47157020700","tract",2023,"transportation_score",83.85
"47157020833","tract",2023,"transportation_score",86
"47157020834","tract",2023,"transportation_score",84.95
"47157020835","tract",2023,"transportation_score",84.62
"47157020836","tract",2023,"transportation_score",85.77
"47157020837","tract",2023,"transportation_score",86.36
"47157020901","tract",2023,"transportation_score",82.81
"47157020902","tract",2023,"transportation_score",85.92
"47157021020","tract",2023,"transportation_score",83.47
"47157021021","tract",2023,"transportation_score",85.77
"47157021022","tract",2023,"transportation_score",87.24
"47157021023","tract",2023,"transportation_score",86.29
"47157021111","tract",2023,"transportation_score",87.78
"47157021112","tract",2023,"transportation_score",87.51
"47157021113","tract",2023,"transportation_score",87.47
"47157021121","tract",2023,"transportation_score",89.93
"47157021122","tract",2023,"transportation_score",92.5
"47157021124","tract",2023,"transportation_score",88.76
"47157021125","tract",2023,"transportation_score",89.03
"47157021126","tract",2023,"transportation_score",86.87
"47157021135","tract",2023,"transportation_score",90.44
"47157021136","tract",2023,"transportation_score",87.18
"47157021138","tract",2023,"transportation_score",88.36
"47157021139","tract",2023,"transportation_score",83.46
"47157021140","tract",2023,"transportation_score",87.77
"47157021141","tract",2023,"transportation_score",85.75
"47157021142","tract",2023,"transportation_score",91.99
"47157021143","tract",2023,"transportation_score",90.64
"47157021144","tract",2023,"transportation_score",85.86
"47157021200","tract",2023,"transportation_score",NA
"47157021311","tract",2023,"transportation_score",86.25
"47157021312","tract",2023,"transportation_score",87.24
"47157021320","tract",2023,"transportation_score",88.23
"47157021331","tract",2023,"transportation_score",86.26
"47157021333","tract",2023,"transportation_score",88.57
"47157021334","tract",2023,"transportation_score",88
"47157021341","tract",2023,"transportation_score",90.73
"47157021351","tract",2023,"transportation_score",89.14
"47157021352","tract",2023,"transportation_score",86.32
"47157021354","tract",2023,"transportation_score",89.91
"47157021355","tract",2023,"transportation_score",86.64
"47157021356","tract",2023,"transportation_score",87.98
"47157021357","tract",2023,"transportation_score",86.23
"47157021410","tract",2023,"transportation_score",84.76
"47157021420","tract",2023,"transportation_score",85.12
"47157021430","tract",2023,"transportation_score",91.65
"47157021530","tract",2023,"transportation_score",88.53
"47157021541","tract",2023,"transportation_score",90.02
"47157021542","tract",2023,"transportation_score",84.78
"47157021543","tract",2023,"transportation_score",82.82
"47157021544","tract",2023,"transportation_score",92.2
"47157021545","tract",2023,"transportation_score",92.28
"47157021546","tract",2023,"transportation_score",91.37
"47157021547","tract",2023,"transportation_score",86.11
"47157021548","tract",2023,"transportation_score",89.33
"47157021611","tract",2023,"transportation_score",85.64
"47157021612","tract",2023,"transportation_score",84.34
"47157021613","tract",2023,"transportation_score",88.91
"47157021620","tract",2023,"transportation_score",93.84
"47157021710","tract",2023,"transportation_score",89.93
"47157021721","tract",2023,"transportation_score",91.7
"47157021724","tract",2023,"transportation_score",94.37
"47157021725","tract",2023,"transportation_score",95.84
"47157021731","tract",2023,"transportation_score",90.85
"47157021744","tract",2023,"transportation_score",87.38
"47157021745","tract",2023,"transportation_score",87.48
"47157021746","tract",2023,"transportation_score",89.76
"47157021747","tract",2023,"transportation_score",84.28
"47157021751","tract",2023,"transportation_score",84.87
"47157021752","tract",2023,"transportation_score",86.56
"47157021753","tract",2023,"transportation_score",88.3
"47157021754","tract",2023,"transportation_score",88.18
"47157021755","tract",2023,"transportation_score",95.77
"47157021756","tract",2023,"transportation_score",95.13
"47157021757","tract",2023,"transportation_score",90.47
"47157021758","tract",2023,"transportation_score",97
"47157021759","tract",2023,"transportation_score",86.44
"47157021760","tract",2023,"transportation_score",87.4
"47157021900","tract",2023,"transportation_score",87.77
"47157022023","tract",2023,"transportation_score",90.29
"47157022024","tract",2023,"transportation_score",88.09
"47157022025","tract",2023,"transportation_score",95.8
"47157022026","tract",2023,"transportation_score",95.78
"47157022111","tract",2023,"transportation_score",100.65
"47157022121","tract",2023,"transportation_score",86.12
"47157022122","tract",2023,"transportation_score",87.98
"47157022130","tract",2023,"transportation_score",92.34
"47157022131","tract",2023,"transportation_score",107.27
"47157022132","tract",2023,"transportation_score",87.89
"47157022210","tract",2023,"transportation_score",93.49
"47157022220","tract",2023,"transportation_score",94.92
"47157022310","tract",2023,"transportation_score",95.21
"47157022321","tract",2023,"transportation_score",91.59
"47157022322","tract",2023,"transportation_score",96.37
"47157022330","tract",2023,"transportation_score",86.9
"47157022410","tract",2023,"transportation_score",88.5
"47157022500","tract",2023,"transportation_score",92.43
"47157022600","tract",2023,"transportation_score",92.53
"47157022700","tract",2023,"transportation_score",94.08
"47157980100","tract",2023,"transportation_score",NA
"47157980200","tract",2023,"transportation_score",NA
"47157980300","tract",2023,"transportation_score",NA
"47157980401","tract",2023,"transportation_score",NA
"47157980402","tract",2023,"transportation_score",NA
"47159975000","tract",2023,"transportation_score",86.26
"47159975100","tract",2023,"transportation_score",86.39
"47159975200","tract",2023,"transportation_score",85.61
"47159975300","tract",2023,"transportation_score",83.66
"47159975400","tract",2023,"transportation_score",84.18
"47161110201","tract",2023,"transportation_score",87.25
"47161110202","tract",2023,"transportation_score",84.95
"47161110600","tract",2023,"transportation_score",90.93
"47161110700","tract",2023,"transportation_score",89.03
"47161980100","tract",2023,"transportation_score",NA
"47161980200","tract",2023,"transportation_score",NA
"47163040200","tract",2023,"transportation_score",106.59
"47163040300","tract",2023,"transportation_score",103.23
"47163040500","tract",2023,"transportation_score",100.3
"47163040600","tract",2023,"transportation_score",102.57
"47163040700","tract",2023,"transportation_score",88.86
"47163040800","tract",2023,"transportation_score",98.46
"47163040900","tract",2023,"transportation_score",101.79
"47163041000","tract",2023,"transportation_score",85.87
"47163041100","tract",2023,"transportation_score",96.91
"47163041200","tract",2023,"transportation_score",95.88
"47163041300","tract",2023,"transportation_score",85.69
"47163041400","tract",2023,"transportation_score",83.85
"47163041500","tract",2023,"transportation_score",88.52
"47163041600","tract",2023,"transportation_score",96.76
"47163041700","tract",2023,"transportation_score",89.39
"47163041800","tract",2023,"transportation_score",94.94
"47163041900","tract",2023,"transportation_score",92.52
"47163042000","tract",2023,"transportation_score",87.23
"47163042100","tract",2023,"transportation_score",95.95
"47163042200","tract",2023,"transportation_score",90.14
"47163042300","tract",2023,"transportation_score",93.97
"47163042400","tract",2023,"transportation_score",86.95
"47163042500","tract",2023,"transportation_score",83.86
"47163042600","tract",2023,"transportation_score",98.95
"47163042702","tract",2023,"transportation_score",91.84
"47163042703","tract",2023,"transportation_score",90.3
"47163042704","tract",2023,"transportation_score",87.88
"47163042801","tract",2023,"transportation_score",94.08
"47163042802","tract",2023,"transportation_score",101.04
"47163042900","tract",2023,"transportation_score",95.76
"47163043000","tract",2023,"transportation_score",89.58
"47163043100","tract",2023,"transportation_score",86.82
"47163043201","tract",2023,"transportation_score",85.38
"47163043202","tract",2023,"transportation_score",87.39
"47163043301","tract",2023,"transportation_score",84.35
"47163043302","tract",2023,"transportation_score",84.39
"47163043401","tract",2023,"transportation_score",89.1
"47163043402","tract",2023,"transportation_score",85.35
"47163043500","tract",2023,"transportation_score",83.83
"47163043600","tract",2023,"transportation_score",83.99
"47165020101","tract",2023,"transportation_score",90.52
"47165020102","tract",2023,"transportation_score",84.76
"47165020203","tract",2023,"transportation_score",85.81
"47165020204","tract",2023,"transportation_score",83.09
"47165020205","tract",2023,"transportation_score",86.12
"47165020206","tract",2023,"transportation_score",87.96
"47165020207","tract",2023,"transportation_score",85.96
"47165020208","tract",2023,"transportation_score",87.11
"47165020209","tract",2023,"transportation_score",85.21
"47165020300","tract",2023,"transportation_score",88.58
"47165020403","tract",2023,"transportation_score",84.62
"47165020404","tract",2023,"transportation_score",85.53
"47165020405","tract",2023,"transportation_score",85.83
"47165020406","tract",2023,"transportation_score",84.57
"47165020407","tract",2023,"transportation_score",85.02
"47165020501","tract",2023,"transportation_score",87.49
"47165020502","tract",2023,"transportation_score",86.83
"47165020503","tract",2023,"transportation_score",89.18
"47165020601","tract",2023,"transportation_score",88.2
"47165020602","tract",2023,"transportation_score",85.42
"47165020603","tract",2023,"transportation_score",86.09
"47165020700","tract",2023,"transportation_score",113.03
"47165020800","tract",2023,"transportation_score",94.27
"47165020901","tract",2023,"transportation_score",84.43
"47165020903","tract",2023,"transportation_score",89.07
"47165020904","tract",2023,"transportation_score",90.58
"47165020905","tract",2023,"transportation_score",105.19
"47165021002","tract",2023,"transportation_score",107.61
"47165021004","tract",2023,"transportation_score",89.1
"47165021005","tract",2023,"transportation_score",103.55
"47165021006","tract",2023,"transportation_score",85.19
"47165021007","tract",2023,"transportation_score",88.88
"47165021008","tract",2023,"transportation_score",104.52
"47165021009","tract",2023,"transportation_score",107.54
"47165021103","tract",2023,"transportation_score",106.71
"47165021104","tract",2023,"transportation_score",106.69
"47165021105","tract",2023,"transportation_score",106.45
"47165021106","tract",2023,"transportation_score",107.72
"47165021107","tract",2023,"transportation_score",102.24
"47165021201","tract",2023,"transportation_score",102.94
"47165021203","tract",2023,"transportation_score",88.15
"47165021204","tract",2023,"transportation_score",105.73
"47165021205","tract",2023,"transportation_score",106.82
"47167040100","tract",2023,"transportation_score",83.93
"47167040200","tract",2023,"transportation_score",87.88
"47167040302","tract",2023,"transportation_score",83.34
"47167040303","tract",2023,"transportation_score",86.2
"47167040304","tract",2023,"transportation_score",83.76
"47167040400","tract",2023,"transportation_score",87.59
"47167040500","tract",2023,"transportation_score",88.87
"47167040601","tract",2023,"transportation_score",89.45
"47167040602","tract",2023,"transportation_score",86.73
"47167040700","tract",2023,"transportation_score",110.07
"47167040800","tract",2023,"transportation_score",85.85
"47167040900","tract",2023,"transportation_score",82.43
"47167041000","tract",2023,"transportation_score",86.36
"47169090100","tract",2023,"transportation_score",86.01
"47169090200","tract",2023,"transportation_score",86.98
"47171080100","tract",2023,"transportation_score",85.03
"47171080200","tract",2023,"transportation_score",87.03
"47171080300","tract",2023,"transportation_score",88.19
"47171080400","tract",2023,"transportation_score",92.22
"47173040101","tract",2023,"transportation_score",85.39
"47173040102","tract",2023,"transportation_score",84.43
"47173040201","tract",2023,"transportation_score",87.1
"47173040202","tract",2023,"transportation_score",85.82
"47173040300","tract",2023,"transportation_score",97.12
"47175925000","tract",2023,"transportation_score",99.21
"47175925200","tract",2023,"transportation_score",84.65
"47177930100","tract",2023,"transportation_score",85.58
"47177930201","tract",2023,"transportation_score",84.97
"47177930202","tract",2023,"transportation_score",81.76
"47177930300","tract",2023,"transportation_score",82.93
"47177930400","tract",2023,"transportation_score",93.73
"47177930500","tract",2023,"transportation_score",91.77
"47177930600","tract",2023,"transportation_score",87.05
"47177930700","tract",2023,"transportation_score",88.06
"47177930800","tract",2023,"transportation_score",82.33
"47177930900","tract",2023,"transportation_score",86.82
"47179060100","tract",2023,"transportation_score",102.44
"47179060401","tract",2023,"transportation_score",95.48
"47179060402","tract",2023,"transportation_score",97.87
"47179060501","tract",2023,"transportation_score",98.47
"47179060503","tract",2023,"transportation_score",84.53
"47179060504","tract",2023,"transportation_score",98.92
"47179060601","tract",2023,"transportation_score",94.97
"47179060602","tract",2023,"transportation_score",103.92
"47179060700","tract",2023,"transportation_score",NA
"47179060800","tract",2023,"transportation_score",91.9
"47179060901","tract",2023,"transportation_score",106.43
"47179060902","tract",2023,"transportation_score",112.67
"47179061000","tract",2023,"transportation_score",100.89
"47179061100","tract",2023,"transportation_score",101.78
"47179061200","tract",2023,"transportation_score",87.05
"47179061301","tract",2023,"transportation_score",103.05
"47179061302","tract",2023,"transportation_score",94.06
"47179061401","tract",2023,"transportation_score",83.48
"47179061403","tract",2023,"transportation_score",96.34
"47179061404","tract",2023,"transportation_score",86.31
"47179061500","tract",2023,"transportation_score",85.89
"47179061601","tract",2023,"transportation_score",83.62
"47179061603","tract",2023,"transportation_score",82.61
"47179061604","tract",2023,"transportation_score",82.06
"47179061701","tract",2023,"transportation_score",97.33
"47179061703","tract",2023,"transportation_score",86.34
"47179061704","tract",2023,"transportation_score",103.23
"47179061800","tract",2023,"transportation_score",85.8
"47179061902","tract",2023,"transportation_score",86.93
"47179061903","tract",2023,"transportation_score",85.87
"47179061904","tract",2023,"transportation_score",81.64
"47179062000","tract",2023,"transportation_score",99.04
"47181950100","tract",2023,"transportation_score",NA
"47181950200","tract",2023,"transportation_score",86.17
"47181950300","tract",2023,"transportation_score",84.42
"47181950400","tract",2023,"transportation_score",84.57
"47183968000","tract",2023,"transportation_score",85.5
"47183968101","tract",2023,"transportation_score",101.7
"47183968102","tract",2023,"transportation_score",85.91
"47183968201","tract",2023,"transportation_score",87.07
"47183968202","tract",2023,"transportation_score",NA
"47183968203","tract",2023,"transportation_score",95.06
"47183968300","tract",2023,"transportation_score",86.7
"47183968400","tract",2023,"transportation_score",84.02
"47183968500","tract",2023,"transportation_score",88.14
"47183968600","tract",2023,"transportation_score",85.91
"47183968700","tract",2023,"transportation_score",86.4
"47185935000","tract",2023,"transportation_score",85.62
"47185935100","tract",2023,"transportation_score",83.53
"47185935200","tract",2023,"transportation_score",87.02
"47185935300","tract",2023,"transportation_score",86.14
"47185935400","tract",2023,"transportation_score",86.8
"47185935500","tract",2023,"transportation_score",86.83
"47187050102","tract",2023,"transportation_score",90.03
"47187050103","tract",2023,"transportation_score",87.99
"47187050104","tract",2023,"transportation_score",89.96
"47187050105","tract",2023,"transportation_score",92.09
"47187050204","tract",2023,"transportation_score",87.76
"47187050205","tract",2023,"transportation_score",102.81
"47187050206","tract",2023,"transportation_score",105.59
"47187050207","tract",2023,"transportation_score",107.34
"47187050209","tract",2023,"transportation_score",104.98
"47187050210","tract",2023,"transportation_score",104.42
"47187050211","tract",2023,"transportation_score",94.96
"47187050212","tract",2023,"transportation_score",86.27
"47187050303","tract",2023,"transportation_score",105.54
"47187050304","tract",2023,"transportation_score",113.26
"47187050305","tract",2023,"transportation_score",85.2
"47187050306","tract",2023,"transportation_score",104.73
"47187050307","tract",2023,"transportation_score",91.71
"47187050403","tract",2023,"transportation_score",87.05
"47187050404","tract",2023,"transportation_score",88.46
"47187050405","tract",2023,"transportation_score",85.51
"47187050406","tract",2023,"transportation_score",91.04
"47187050502","tract",2023,"transportation_score",85.24
"47187050503","tract",2023,"transportation_score",89.01
"47187050504","tract",2023,"transportation_score",87.27
"47187050601","tract",2023,"transportation_score",92.32
"47187050603","tract",2023,"transportation_score",110.4
"47187050604","tract",2023,"transportation_score",91.54
"47187050701","tract",2023,"transportation_score",106.24
"47187050702","tract",2023,"transportation_score",87.01
"47187050801","tract",2023,"transportation_score",114.94
"47187050802","tract",2023,"transportation_score",105.59
"47187050904","tract",2023,"transportation_score",88.33
"47187050905","tract",2023,"transportation_score",113.23
"47187050906","tract",2023,"transportation_score",107.56
"47187050907","tract",2023,"transportation_score",109.2
"47187050908","tract",2023,"transportation_score",110.38
"47187050909","tract",2023,"transportation_score",85.5
"47187051001","tract",2023,"transportation_score",109.02
"47187051002","tract",2023,"transportation_score",89.54
"47187051100","tract",2023,"transportation_score",88.16
"47187051203","tract",2023,"transportation_score",85.21
"47187051204","tract",2023,"transportation_score",91.24
"47187051205","tract",2023,"transportation_score",87.8
"47187051206","tract",2023,"transportation_score",101.13
"47187051207","tract",2023,"transportation_score",98.34
"47187051208","tract",2023,"transportation_score",87.2
"47189030102","tract",2023,"transportation_score",82.98
"47189030103","tract",2023,"transportation_score",84.82
"47189030104","tract",2023,"transportation_score",87.01
"47189030105","tract",2023,"transportation_score",87.15
"47189030202","tract",2023,"transportation_score",91.36
"47189030203","tract",2023,"transportation_score",84.82
"47189030205","tract",2023,"transportation_score",88.2
"47189030206","tract",2023,"transportation_score",91.27
"47189030207","tract",2023,"transportation_score",86.05
"47189030303","tract",2023,"transportation_score",104.1
"47189030304","tract",2023,"transportation_score",105.08
"47189030305","tract",2023,"transportation_score",101
"47189030308","tract",2023,"transportation_score",86.22
"47189030309","tract",2023,"transportation_score",108.23
"47189030310","tract",2023,"transportation_score",89.21
"47189030311","tract",2023,"transportation_score",101.35
"47189030401","tract",2023,"transportation_score",88.47
"47189030402","tract",2023,"transportation_score",89.28
"47189030500","tract",2023,"transportation_score",89.89
"47189030600","tract",2023,"transportation_score",88.28
"47189030700","tract",2023,"transportation_score",94.71
"47189030800","tract",2023,"transportation_score",83.56
"47189030904","tract",2023,"transportation_score",83.83
"47189030905","tract",2023,"transportation_score",83.46
"47189030906","tract",2023,"transportation_score",84.58
"47189030907","tract",2023,"transportation_score",88.33
"47189030908","tract",2023,"transportation_score",92.53
"47189031000","tract",2023,"transportation_score",83.59
"47001020100","tract",2023,"transportation_rnk",47.3685
"47001020201","tract",2023,"transportation_rnk",62.2871
"47001020202","tract",2023,"transportation_rnk",80.0283
"47001020300","tract",2023,"transportation_rnk",66.0107
"47001020400","tract",2023,"transportation_rnk",69.2532
"47001020500","tract",2023,"transportation_rnk",77.1789
"47001020600","tract",2023,"transportation_rnk",67.3975
"47001020700","tract",2023,"transportation_rnk",19.0402
"47001020800","tract",2023,"transportation_rnk",11.8263
"47001020901","tract",2023,"transportation_rnk",9.7691
"47001020902","tract",2023,"transportation_rnk",1.3722
"47001021001","tract",2023,"transportation_rnk",1.2807
"47001021002","tract",2023,"transportation_rnk",19.4174
"47001021100","tract",2023,"transportation_rnk",2.0705
"47001021201","tract",2023,"transportation_rnk",53.3359
"47001021202","tract",2023,"transportation_rnk",70.2641
"47001021301","tract",2023,"transportation_rnk",9.4627
"47001021303","tract",2023,"transportation_rnk",3.1937
"47001021304","tract",2023,"transportation_rnk",39.3439
"47001980100","tract",2023,"transportation_rnk",NA
"47003950100","tract",2023,"transportation_rnk",37.0463
"47003950201","tract",2023,"transportation_rnk",4.4402
"47003950202","tract",2023,"transportation_rnk",1.3661
"47003950300","tract",2023,"transportation_rnk",0.8766
"47003950401","tract",2023,"transportation_rnk",13.1948
"47003950402","tract",2023,"transportation_rnk",29.7677
"47003950500","tract",2023,"transportation_rnk",32.0885
"47003950600","tract",2023,"transportation_rnk",46.8679
"47003950700","tract",2023,"transportation_rnk",2.8299
"47003950800","tract",2023,"transportation_rnk",3.5368
"47005963000","tract",2023,"transportation_rnk",22.8968
"47005963100","tract",2023,"transportation_rnk",6.2653
"47005963200","tract",2023,"transportation_rnk",11.6773
"47005963300","tract",2023,"transportation_rnk",13.8382
"47005963400","tract",2023,"transportation_rnk",24.4497
"47007953000","tract",2023,"transportation_rnk",20.4258
"47007953101","tract",2023,"transportation_rnk",0.9706
"47007953102","tract",2023,"transportation_rnk",38.3636
"47007953200","tract",2023,"transportation_rnk",39.9824
"47009010100","tract",2023,"transportation_rnk",41.5695
"47009010200","tract",2023,"transportation_rnk",29.1096
"47009010301","tract",2023,"transportation_rnk",21.7394
"47009010302","tract",2023,"transportation_rnk",1.7763
"47009010400","tract",2023,"transportation_rnk",2.9849
"47009010500","tract",2023,"transportation_rnk",36.1966
"47009010600","tract",2023,"transportation_rnk",56.7799
"47009010700","tract",2023,"transportation_rnk",47.9899
"47009010800","tract",2023,"transportation_rnk",18.6751
"47009010900","tract",2023,"transportation_rnk",3.3634
"47009011001","tract",2023,"transportation_rnk",4.898
"47009011002","tract",2023,"transportation_rnk",11.3343
"47009011101","tract",2023,"transportation_rnk",51.4705
"47009011102","tract",2023,"transportation_rnk",57.7383
"47009011201","tract",2023,"transportation_rnk",32.4059
"47009011202","tract",2023,"transportation_rnk",9.6983
"47009011301","tract",2023,"transportation_rnk",4.5696
"47009011302","tract",2023,"transportation_rnk",4.7075
"47009011401","tract",2023,"transportation_rnk",9.9022
"47009011403","tract",2023,"transportation_rnk",3.4562
"47009011404","tract",2023,"transportation_rnk",19.7898
"47009011501","tract",2023,"transportation_rnk",12.5783
"47009011502","tract",2023,"transportation_rnk",7.181
"47009011503","tract",2023,"transportation_rnk",4.9358
"47009011603","tract",2023,"transportation_rnk",21.0509
"47009011604","tract",2023,"transportation_rnk",8.0673
"47009011605","tract",2023,"transportation_rnk",16.1553
"47009011606","tract",2023,"transportation_rnk",0.4542
"47009011607","tract",2023,"transportation_rnk",5.7611
"47009980100","tract",2023,"transportation_rnk",NA
"47009980200","tract",2023,"transportation_rnk",NA
"47011010100","tract",2023,"transportation_rnk",60.4852
"47011010201","tract",2023,"transportation_rnk",59.9639
"47011010202","tract",2023,"transportation_rnk",11.7774
"47011010300","tract",2023,"transportation_rnk",13.8858
"47011010400","tract",2023,"transportation_rnk",80.8512
"47011010500","tract",2023,"transportation_rnk",NA
"47011010600","tract",2023,"transportation_rnk",61.739
"47011010700","tract",2023,"transportation_rnk",69.8185
"47011010800","tract",2023,"transportation_rnk",47.3477
"47011010900","tract",2023,"transportation_rnk",44.0148
"47011011000","tract",2023,"transportation_rnk",14.0372
"47011011101","tract",2023,"transportation_rnk",47.6249
"47011011102","tract",2023,"transportation_rnk",6.3044
"47011011201","tract",2023,"transportation_rnk",17.4287
"47011011203","tract",2023,"transportation_rnk",2.4575
"47011011204","tract",2023,"transportation_rnk",59.8198
"47011011301","tract",2023,"transportation_rnk",11.4441
"47011011302","tract",2023,"transportation_rnk",7.5057
"47011011402","tract",2023,"transportation_rnk",24.8709
"47011011403","tract",2023,"transportation_rnk",9.4627
"47011011404","tract",2023,"transportation_rnk",22.3523
"47011011501","tract",2023,"transportation_rnk",25.6205
"47011011502","tract",2023,"transportation_rnk",14.6439
"47011011601","tract",2023,"transportation_rnk",9.2869
"47011011602","tract",2023,"transportation_rnk",10.592
"47013950100","tract",2023,"transportation_rnk",19.5749
"47013950200","tract",2023,"transportation_rnk",33.9881
"47013950300","tract",2023,"transportation_rnk",11.8775
"47013950400","tract",2023,"transportation_rnk",18.3028
"47013950500","tract",2023,"transportation_rnk",16.5643
"47013950601","tract",2023,"transportation_rnk",15.8452
"47013950602","tract",2023,"transportation_rnk",26.9903
"47013950701","tract",2023,"transportation_rnk",10.476
"47013950702","tract",2023,"transportation_rnk",13.102
"47013950800","tract",2023,"transportation_rnk",17.8352
"47013950900","tract",2023,"transportation_rnk",4.9688
"47013951000","tract",2023,"transportation_rnk",19.9582
"47013951100","tract",2023,"transportation_rnk",5.5817
"47015960100","tract",2023,"transportation_rnk",8.4738
"47015960201","tract",2023,"transportation_rnk",24.9222
"47015960202","tract",2023,"transportation_rnk",5.4767
"47015960300","tract",2023,"transportation_rnk",0.7667
"47017962000","tract",2023,"transportation_rnk",25.2567
"47017962101","tract",2023,"transportation_rnk",15.3301
"47017962102","tract",2023,"transportation_rnk",11.3929
"47017962201","tract",2023,"transportation_rnk",68.4072
"47017962202","tract",2023,"transportation_rnk",25.4166
"47017962300","tract",2023,"transportation_rnk",15.8977
"47017962400","tract",2023,"transportation_rnk",18.3577
"47017962500","tract",2023,"transportation_rnk",6.1201
"47017980100","tract",2023,"transportation_rnk",NA
"47019070100","tract",2023,"transportation_rnk",78.6073
"47019070200","tract",2023,"transportation_rnk",24.3777
"47019070300","tract",2023,"transportation_rnk",65.4283
"47019070400","tract",2023,"transportation_rnk",64.8289
"47019070500","tract",2023,"transportation_rnk",12.3158
"47019070600","tract",2023,"transportation_rnk",51.6927
"47019070700","tract",2023,"transportation_rnk",9.4249
"47019070800","tract",2023,"transportation_rnk",61.5131
"47019070900","tract",2023,"transportation_rnk",25.4166
"47019071000","tract",2023,"transportation_rnk",0.7752
"47019071100","tract",2023,"transportation_rnk",3.5685
"47019071200","tract",2023,"transportation_rnk",11.7286
"47019071301","tract",2023,"transportation_rnk",0.326
"47019071302","tract",2023,"transportation_rnk",0.492
"47019071400","tract",2023,"transportation_rnk",19.1537
"47019071500","tract",2023,"transportation_rnk",3.234
"47019071600","tract",2023,"transportation_rnk",41.5341
"47019071700","tract",2023,"transportation_rnk",1.1158
"47021070102","tract",2023,"transportation_rnk",7.3702
"47021070103","tract",2023,"transportation_rnk",33.9417
"47021070104","tract",2023,"transportation_rnk",10.0365
"47021070201","tract",2023,"transportation_rnk",7.977
"47021070202","tract",2023,"transportation_rnk",2.775
"47021070203","tract",2023,"transportation_rnk",5.3216
"47021070300","tract",2023,"transportation_rnk",34.9831
"47021070401","tract",2023,"transportation_rnk",11.7286
"47021070402","tract",2023,"transportation_rnk",35.9756
"47023970101","tract",2023,"transportation_rnk",1.8264
"47023970102","tract",2023,"transportation_rnk",0.9376
"47023970200","tract",2023,"transportation_rnk",76.5917
"47023970301","tract",2023,"transportation_rnk",0.5323
"47023970302","tract",2023,"transportation_rnk",10.5273
"47025970100","tract",2023,"transportation_rnk",9.2478
"47025970200","tract",2023,"transportation_rnk",24.8709
"47025970300","tract",2023,"transportation_rnk",31.2046
"47025970400","tract",2023,"transportation_rnk",56.5016
"47025970500","tract",2023,"transportation_rnk",15.3301
"47025970600","tract",2023,"transportation_rnk",11.2952
"47025970700","tract",2023,"transportation_rnk",28.7104
"47025970800","tract",2023,"transportation_rnk",17.7778
"47025970900","tract",2023,"transportation_rnk",8.5129
"47027955000","tract",2023,"transportation_rnk",4.9688
"47027955100","tract",2023,"transportation_rnk",17.2492
"47029920100","tract",2023,"transportation_rnk",0.7154
"47029920200","tract",2023,"transportation_rnk",34.7658
"47029920300","tract",2023,"transportation_rnk",2.2012
"47029920400","tract",2023,"transportation_rnk",58.2291
"47029920501","tract",2023,"transportation_rnk",18.547
"47029920502","tract",2023,"transportation_rnk",35.4385
"47029920600","tract",2023,"transportation_rnk",37.4589
"47029920700","tract",2023,"transportation_rnk",14.4218
"47029980100","tract",2023,"transportation_rnk",NA
"47031970100","tract",2023,"transportation_rnk",3.0533
"47031970201","tract",2023,"transportation_rnk",32.8332
"47031970202","tract",2023,"transportation_rnk",6.8965
"47031970300","tract",2023,"transportation_rnk",20.9447
"47031970401","tract",2023,"transportation_rnk",29.0095
"47031970402","tract",2023,"transportation_rnk",10.6921
"47031970501","tract",2023,"transportation_rnk",37.0915
"47031970502","tract",2023,"transportation_rnk",41.5341
"47031970600","tract",2023,"transportation_rnk",25.85
"47031970700","tract",2023,"transportation_rnk",8.5129
"47031970801","tract",2023,"transportation_rnk",29.4393
"47031970803","tract",2023,"transportation_rnk",21.9189
"47031970804","tract",2023,"transportation_rnk",11.5406
"47031970900","tract",2023,"transportation_rnk",39.0595
"47031971001","tract",2023,"transportation_rnk",41.362
"47031971002","tract",2023,"transportation_rnk",23.086
"47031980100","tract",2023,"transportation_rnk",NA
"47033961000","tract",2023,"transportation_rnk",9.8106
"47033961100","tract",2023,"transportation_rnk",21.9189
"47033961200","tract",2023,"transportation_rnk",24.7073
"47033961300","tract",2023,"transportation_rnk",0.951
"47033961400","tract",2023,"transportation_rnk",5.5817
"47035970101","tract",2023,"transportation_rnk",41.2533
"47035970103","tract",2023,"transportation_rnk",24.8709
"47035970104","tract",2023,"transportation_rnk",37.6311
"47035970201","tract",2023,"transportation_rnk",52.9172
"47035970202","tract",2023,"transportation_rnk",3.6198
"47035970301","tract",2023,"transportation_rnk",2.0486
"47035970302","tract",2023,"transportation_rnk",38.189
"47035970401","tract",2023,"transportation_rnk",28.8557
"47035970402","tract",2023,"transportation_rnk",10.791
"47035970501","tract",2023,"transportation_rnk",6.9783
"47035970502","tract",2023,"transportation_rnk",25.6205
"47035970601","tract",2023,"transportation_rnk",5.1019
"47035970602","tract",2023,"transportation_rnk",27.0892
"47035970603","tract",2023,"transportation_rnk",5.9931
"47035970701","tract",2023,"transportation_rnk",10.3771
"47035970702","tract",2023,"transportation_rnk",3.5026
"47035970800","tract",2023,"transportation_rnk",3.1009
"47037010103","tract",2023,"transportation_rnk",15.3862
"47037010104","tract",2023,"transportation_rnk",37.9973
"47037010105","tract",2023,"transportation_rnk",79.5375
"47037010106","tract",2023,"transportation_rnk",16.9452
"47037010201","tract",2023,"transportation_rnk",8.8291
"47037010202","tract",2023,"transportation_rnk",25.0198
"47037010301","tract",2023,"transportation_rnk",81.5995
"47037010302","tract",2023,"transportation_rnk",87.0054
"47037010303","tract",2023,"transportation_rnk",16.5643
"47037010401","tract",2023,"transportation_rnk",25.4166
"47037010403","tract",2023,"transportation_rnk",91.26
"47037010404","tract",2023,"transportation_rnk",84.6834
"47037010501","tract",2023,"transportation_rnk",83.9875
"47037010502","tract",2023,"transportation_rnk",77.2814
"47037010601","tract",2023,"transportation_rnk",81.4799
"47037010602","tract",2023,"transportation_rnk",79.9136
"47037010701","tract",2023,"transportation_rnk",87.3985
"47037010702","tract",2023,"transportation_rnk",87.2471
"47037010801","tract",2023,"transportation_rnk",86.8809
"47037010802","tract",2023,"transportation_rnk",85.2205
"47037010901","tract",2023,"transportation_rnk",36.1453
"47037010903","tract",2023,"transportation_rnk",87.4974
"47037010904","tract",2023,"transportation_rnk",83.5565
"47037011001","tract",2023,"transportation_rnk",87.6341
"47037011002","tract",2023,"transportation_rnk",19.0963
"47037011100","tract",2023,"transportation_rnk",82.531
"47037011200","tract",2023,"transportation_rnk",84.9202
"47037011300","tract",2023,"transportation_rnk",87.6219
"47037011400","tract",2023,"transportation_rnk",56.9264
"47037011500","tract",2023,"transportation_rnk",84.112
"47037011600","tract",2023,"transportation_rnk",86.2863
"47037011700","tract",2023,"transportation_rnk",85.3573
"47037011800","tract",2023,"transportation_rnk",85.3976
"47037011900","tract",2023,"transportation_rnk",90.7924
"47037012100","tract",2023,"transportation_rnk",84.5747
"47037012200","tract",2023,"transportation_rnk",86.2241
"47037012600","tract",2023,"transportation_rnk",89.054
"47037012701","tract",2023,"transportation_rnk",90.3041
"47037012702","tract",2023,"transportation_rnk",38.9362
"47037012801","tract",2023,"transportation_rnk",81.7412
"47037012802","tract",2023,"transportation_rnk",74.7274
"47037013001","tract",2023,"transportation_rnk",33.1164
"47037013002","tract",2023,"transportation_rnk",NA
"47037013100","tract",2023,"transportation_rnk",33.3582
"47037013201","tract",2023,"transportation_rnk",87.2288
"47037013202","tract",2023,"transportation_rnk",83.6994
"47037013300","tract",2023,"transportation_rnk",82.6714
"47037013400","tract",2023,"transportation_rnk",83.2123
"47037013500","tract",2023,"transportation_rnk",88.3727
"47037013600","tract",2023,"transportation_rnk",NA
"47037013701","tract",2023,"transportation_rnk",87.7416
"47037013702","tract",2023,"transportation_rnk",81.2858
"47037013800","tract",2023,"transportation_rnk",94.4489
"47037013900","tract",2023,"transportation_rnk",91.5408
"47037014200","tract",2023,"transportation_rnk",NA
"47037014300","tract",2023,"transportation_rnk",50.2375
"47037014400","tract",2023,"transportation_rnk",64.3784
"47037014800","tract",2023,"transportation_rnk",98.1382
"47037015100","tract",2023,"transportation_rnk",82.1318
"47037015200","tract",2023,"transportation_rnk",81.5361
"47037015300","tract",2023,"transportation_rnk",44.4873
"47037015401","tract",2023,"transportation_rnk",34.8317
"47037015402","tract",2023,"transportation_rnk",81.6557
"47037015404","tract",2023,"transportation_rnk",86.9224
"47037015405","tract",2023,"transportation_rnk",84.6565
"47037015501","tract",2023,"transportation_rnk",37.4052
"47037015502","tract",2023,"transportation_rnk",86.0434
"47037015609","tract",2023,"transportation_rnk",88.1298
"47037015613","tract",2023,"transportation_rnk",35.8731
"47037015614","tract",2023,"transportation_rnk",82.5518
"47037015615","tract",2023,"transportation_rnk",75.062
"47037015617","tract",2023,"transportation_rnk",77.9895
"47037015618","tract",2023,"transportation_rnk",30.4147
"47037015619","tract",2023,"transportation_rnk",6.3044
"47037015620","tract",2023,"transportation_rnk",79.2165
"47037015622","tract",2023,"transportation_rnk",80.1602
"47037015623","tract",2023,"transportation_rnk",85.6381
"47037015624","tract",2023,"transportation_rnk",79.4936
"47037015625","tract",2023,"transportation_rnk",83.4271
"47037015626","tract",2023,"transportation_rnk",56.6603
"47037015627","tract",2023,"transportation_rnk",80.4446
"47037015628","tract",2023,"transportation_rnk",89.5106
"47037015629","tract",2023,"transportation_rnk",88.6169
"47037015630","tract",2023,"transportation_rnk",82.0732
"47037015632","tract",2023,"transportation_rnk",81.8986
"47037015633","tract",2023,"transportation_rnk",19.7898
"47037015634","tract",2023,"transportation_rnk",75.4673
"47037015635","tract",2023,"transportation_rnk",35.9256
"47037015636","tract",2023,"transportation_rnk",84.7578
"47037015637","tract",2023,"transportation_rnk",81.3725
"47037015700","tract",2023,"transportation_rnk",34.6388
"47037015804","tract",2023,"transportation_rnk",86.9285
"47037015805","tract",2023,"transportation_rnk",90.8938
"47037015806","tract",2023,"transportation_rnk",72.6703
"47037015900","tract",2023,"transportation_rnk",NA
"47037016000","tract",2023,"transportation_rnk",87.3363
"47037016100","tract",2023,"transportation_rnk",60.7525
"47037016200","tract",2023,"transportation_rnk",93.2475
"47037016300","tract",2023,"transportation_rnk",61.5436
"47037016400","tract",2023,"transportation_rnk",NA
"47037016500","tract",2023,"transportation_rnk",NA
"47037016600","tract",2023,"transportation_rnk",91.5689
"47037016700","tract",2023,"transportation_rnk",86.2387
"47037016800","tract",2023,"transportation_rnk",92.8605
"47037016900","tract",2023,"transportation_rnk",88.9038
"47037017000","tract",2023,"transportation_rnk",70.8098
"47037017100","tract",2023,"transportation_rnk",85.0655
"47037017200","tract",2023,"transportation_rnk",41.5695
"47037017300","tract",2023,"transportation_rnk",87.5072
"47037017401","tract",2023,"transportation_rnk",22.1423
"47037017402","tract",2023,"transportation_rnk",82.857
"47037017500","tract",2023,"transportation_rnk",84.1609
"47037017701","tract",2023,"transportation_rnk",22.4121
"47037017702","tract",2023,"transportation_rnk",71.4092
"47037017800","tract",2023,"transportation_rnk",83.0548
"47037017901","tract",2023,"transportation_rnk",85.4403
"47037017902","tract",2023,"transportation_rnk",80.8402
"47037018000","tract",2023,"transportation_rnk",85.2865
"47037018101","tract",2023,"transportation_rnk",92.2745
"47037018102","tract",2023,"transportation_rnk",79.6645
"47037018201","tract",2023,"transportation_rnk",79.6328
"47037018203","tract",2023,"transportation_rnk",73.2576
"47037018204","tract",2023,"transportation_rnk",42.9967
"47037018205","tract",2023,"transportation_rnk",38.5455
"47037018302","tract",2023,"transportation_rnk",33.7952
"47037018303","tract",2023,"transportation_rnk",44.574
"47037018304","tract",2023,"transportation_rnk",18.4823
"47037018404","tract",2023,"transportation_rnk",86.8015
"47037018405","tract",2023,"transportation_rnk",80.4556
"47037018407","tract",2023,"transportation_rnk",78.9711
"47037018408","tract",2023,"transportation_rnk",84.3098
"47037018409","tract",2023,"transportation_rnk",85.245
"47037018410","tract",2023,"transportation_rnk",79.8891
"47037018411","tract",2023,"transportation_rnk",25.5167
"47037018412","tract",2023,"transportation_rnk",81.2858
"47037018500","tract",2023,"transportation_rnk",75.8421
"47037018601","tract",2023,"transportation_rnk",24.0932
"47037018602","tract",2023,"transportation_rnk",79.9514
"47037018700","tract",2023,"transportation_rnk",7.2921
"47037018801","tract",2023,"transportation_rnk",37.0463
"47037018803","tract",2023,"transportation_rnk",87.9345
"47037018804","tract",2023,"transportation_rnk",79.7781
"47037018901","tract",2023,"transportation_rnk",84.3574
"47037018902","tract",2023,"transportation_rnk",86.2241
"47037018904","tract",2023,"transportation_rnk",85.8468
"47037018905","tract",2023,"transportation_rnk",86.2607
"47037019003","tract",2023,"transportation_rnk",85.4525
"47037019004","tract",2023,"transportation_rnk",78.0152
"47037019007","tract",2023,"transportation_rnk",87.4974
"47037019008","tract",2023,"transportation_rnk",85.1571
"47037019105","tract",2023,"transportation_rnk",81.1918
"47037019106","tract",2023,"transportation_rnk",84.2536
"47037019108","tract",2023,"transportation_rnk",56.084
"47037019109","tract",2023,"transportation_rnk",82.3565
"47037019110","tract",2023,"transportation_rnk",42.2776
"47037019111","tract",2023,"transportation_rnk",85.9958
"47037019112","tract",2023,"transportation_rnk",32.9028
"47037019115","tract",2023,"transportation_rnk",32.0274
"47037019116","tract",2023,"transportation_rnk",79.656
"47037019117","tract",2023,"transportation_rnk",78.1543
"47037019118","tract",2023,"transportation_rnk",83.4638
"47037019119","tract",2023,"transportation_rnk",80.0613
"47037019120","tract",2023,"transportation_rnk",84.5869
"47037019121","tract",2023,"transportation_rnk",45.7484
"47037019200","tract",2023,"transportation_rnk",86.6379
"47037019300","tract",2023,"transportation_rnk",93.9349
"47037019401","tract",2023,"transportation_rnk",91.2796
"47037019402","tract",2023,"transportation_rnk",87.8185
"47037019501","tract",2023,"transportation_rnk",92.3075
"47037019502","tract",2023,"transportation_rnk",88.1835
"47037019503","tract",2023,"transportation_rnk",84.04
"47037019600","tract",2023,"transportation_rnk",48.2231
"47037980100","tract",2023,"transportation_rnk",NA
"47037980200","tract",2023,"transportation_rnk",NA
"47039955001","tract",2023,"transportation_rnk",2.388
"47039955003","tract",2023,"transportation_rnk",5.3216
"47039955004","tract",2023,"transportation_rnk",35.0795
"47039955101","tract",2023,"transportation_rnk",16.1041
"47039955102","tract",2023,"transportation_rnk",27.785
"47041920101","tract",2023,"transportation_rnk",5.7062
"47041920102","tract",2023,"transportation_rnk",3.013
"47041920201","tract",2023,"transportation_rnk",39.5051
"47041920202","tract",2023,"transportation_rnk",3.6674
"47041920300","tract",2023,"transportation_rnk",42.4741
"47043060100","tract",2023,"transportation_rnk",3.6674
"47043060201","tract",2023,"transportation_rnk",0.5482
"47043060202","tract",2023,"transportation_rnk",43.7267
"47043060300","tract",2023,"transportation_rnk",30.8725
"47043060401","tract",2023,"transportation_rnk",4.9688
"47043060402","tract",2023,"transportation_rnk",2.4209
"47043060501","tract",2023,"transportation_rnk",12.9006
"47043060502","tract",2023,"transportation_rnk",28.9668
"47043060601","tract",2023,"transportation_rnk",3.5685
"47043060602","tract",2023,"transportation_rnk",34.2054
"47043060700","tract",2023,"transportation_rnk",10.476
"47045964001","tract",2023,"transportation_rnk",17.1247
"47045964002","tract",2023,"transportation_rnk",3.9958
"47045964200","tract",2023,"transportation_rnk",8.0197
"47045964300","tract",2023,"transportation_rnk",41.0433
"47045964401","tract",2023,"transportation_rnk",25.1908
"47045964402","tract",2023,"transportation_rnk",17.6448
"47045964500","tract",2023,"transportation_rnk",2.8641
"47045964600","tract",2023,"transportation_rnk",10.476
"47045964800","tract",2023,"transportation_rnk",20.7176
"47045964900","tract",2023,"transportation_rnk",4.4902
"47047060300","tract",2023,"transportation_rnk",29.2745
"47047060401","tract",2023,"transportation_rnk",6.1201
"47047060402","tract",2023,"transportation_rnk",3.013
"47047060403","tract",2023,"transportation_rnk",16.7438
"47047060404","tract",2023,"transportation_rnk",40.5318
"47047060501","tract",2023,"transportation_rnk",25.5741
"47047060502","tract",2023,"transportation_rnk",19.0402
"47047060600","tract",2023,"transportation_rnk",17.4287
"47047060701","tract",2023,"transportation_rnk",14.9223
"47047060702","tract",2023,"transportation_rnk",14.976
"47047060800","tract",2023,"transportation_rnk",23.0091
"47049965000","tract",2023,"transportation_rnk",2.5552
"47049965100","tract",2023,"transportation_rnk",34.1541
"47049965201","tract",2023,"transportation_rnk",16.85
"47049965202","tract",2023,"transportation_rnk",1.3539
"47049965300","tract",2023,"transportation_rnk",5.5475
"47051960100","tract",2023,"transportation_rnk",5.4034
"47051960201","tract",2023,"transportation_rnk",1.3148
"47051960202","tract",2023,"transportation_rnk",9.2478
"47051960300","tract",2023,"transportation_rnk",1.9094
"47051960401","tract",2023,"transportation_rnk",23.3888
"47051960402","tract",2023,"transportation_rnk",4.0922
"47051960500","tract",2023,"transportation_rnk",6.6475
"47051960600","tract",2023,"transportation_rnk",30.2035
"47051960700","tract",2023,"transportation_rnk",NA
"47051960800","tract",2023,"transportation_rnk",17.7778
"47053966100","tract",2023,"transportation_rnk",13.3865
"47053966200","tract",2023,"transportation_rnk",23.1495
"47053966300","tract",2023,"transportation_rnk",2.7188
"47053966400","tract",2023,"transportation_rnk",9.5115
"47053966501","tract",2023,"transportation_rnk",23.0091
"47053966502","tract",2023,"transportation_rnk",22.1899
"47053966600","tract",2023,"transportation_rnk",15.4314
"47053966701","tract",2023,"transportation_rnk",10.476
"47053966702","tract",2023,"transportation_rnk",6.153
"47053966800","tract",2023,"transportation_rnk",18.6165
"47053966900","tract",2023,"transportation_rnk",51.5816
"47053967001","tract",2023,"transportation_rnk",44.9048
"47053967002","tract",2023,"transportation_rnk",23.622
"47053967100","tract",2023,"transportation_rnk",6.6133
"47053967300","tract",2023,"transportation_rnk",16.1041
"47053967400","tract",2023,"transportation_rnk",2.9544
"47053980100","tract",2023,"transportation_rnk",NA
"47055920100","tract",2023,"transportation_rnk",9.4627
"47055920200","tract",2023,"transportation_rnk",21.5673
"47055920301","tract",2023,"transportation_rnk",2.7444
"47055920302","tract",2023,"transportation_rnk",2.1755
"47055920400","tract",2023,"transportation_rnk",6.5351
"47055920500","tract",2023,"transportation_rnk",13.1948
"47055920600","tract",2023,"transportation_rnk",0.448
"47055920700","tract",2023,"transportation_rnk",29.9093
"47055920800","tract",2023,"transportation_rnk",38.4869
"47057500100","tract",2023,"transportation_rnk",16.5143
"47057500200","tract",2023,"transportation_rnk",14.4218
"47057500301","tract",2023,"transportation_rnk",4.4072
"47057500302","tract",2023,"transportation_rnk",7.4178
"47057500401","tract",2023,"transportation_rnk",4.3584
"47057500402","tract",2023,"transportation_rnk",2.1877
"47059090100","tract",2023,"transportation_rnk",18.1832
"47059090200","tract",2023,"transportation_rnk",52.5888
"47059090300","tract",2023,"transportation_rnk",17.8352
"47059090400","tract",2023,"transportation_rnk",31.6233
"47059090501","tract",2023,"transportation_rnk",0.7008
"47059090502","tract",2023,"transportation_rnk",2.2549
"47059090600","tract",2023,"transportation_rnk",4.9688
"47059090700","tract",2023,"transportation_rnk",3.212
"47059090800","tract",2023,"transportation_rnk",12.7346
"47059090900","tract",2023,"transportation_rnk",4.2253
"47059091001","tract",2023,"transportation_rnk",17.9524
"47059091002","tract",2023,"transportation_rnk",14.5219
"47059091100","tract",2023,"transportation_rnk",11.3343
"47059091200","tract",2023,"transportation_rnk",14.705
"47059091300","tract",2023,"transportation_rnk",3.9763
"47059091400","tract",2023,"transportation_rnk",18.4139
"47059091500","tract",2023,"transportation_rnk",12.9506
"47061955000","tract",2023,"transportation_rnk",19.6921
"47061955100","tract",2023,"transportation_rnk",6.059
"47061955200","tract",2023,"transportation_rnk",13.45
"47061955300","tract",2023,"transportation_rnk",26.9903
"47063100100","tract",2023,"transportation_rnk",55.7617
"47063100200","tract",2023,"transportation_rnk",67.0008
"47063100300","tract",2023,"transportation_rnk",72.2858
"47063100400","tract",2023,"transportation_rnk",57.0937
"47063100500","tract",2023,"transportation_rnk",4.898
"47063100600","tract",2023,"transportation_rnk",5.1397
"47063100700","tract",2023,"transportation_rnk",2.9849
"47063100800","tract",2023,"transportation_rnk",15.6731
"47063100900","tract",2023,"transportation_rnk",47.9459
"47063101000","tract",2023,"transportation_rnk",1.736
"47063101100","tract",2023,"transportation_rnk",5.1019
"47063101200","tract",2023,"transportation_rnk",51.7818
"47065000400","tract",2023,"transportation_rnk",64.2246
"47065000600","tract",2023,"transportation_rnk",51.5267
"47065000700","tract",2023,"transportation_rnk",41.4499
"47065000800","tract",2023,"transportation_rnk",45.2784
"47065001100","tract",2023,"transportation_rnk",37.2722
"47065001200","tract",2023,"transportation_rnk",79.4777
"47065001300","tract",2023,"transportation_rnk",80.3592
"47065001400","tract",2023,"transportation_rnk",74.0072
"47065001600","tract",2023,"transportation_rnk",80.5569
"47065001800","tract",2023,"transportation_rnk",32.2533
"47065001900","tract",2023,"transportation_rnk",80.7132
"47065002000","tract",2023,"transportation_rnk",51.6109
"47065002300","tract",2023,"transportation_rnk",7.8768
"47065002400","tract",2023,"transportation_rnk",23.4987
"47065002500","tract",2023,"transportation_rnk",50.6672
"47065002600","tract",2023,"transportation_rnk",58.6698
"47065002800","tract",2023,"transportation_rnk",44.0515
"47065002900","tract",2023,"transportation_rnk",64.4382
"47065003000","tract",2023,"transportation_rnk",59.1557
"47065003100","tract",2023,"transportation_rnk",73.0744
"47065003200","tract",2023,"transportation_rnk",54.9853
"47065003300","tract",2023,"transportation_rnk",42.5547
"47065003400","tract",2023,"transportation_rnk",34.1541
"47065010101","tract",2023,"transportation_rnk",11.8263
"47065010103","tract",2023,"transportation_rnk",3.748
"47065010104","tract",2023,"transportation_rnk",26.3408
"47065010201","tract",2023,"transportation_rnk",7.557
"47065010202","tract",2023,"transportation_rnk",10.3307
"47065010303","tract",2023,"transportation_rnk",19.9058
"47065010304","tract",2023,"transportation_rnk",5.9101
"47065010305","tract",2023,"transportation_rnk",1.4174
"47065010306","tract",2023,"transportation_rnk",23.7892
"47065010308","tract",2023,"transportation_rnk",17.176
"47065010309","tract",2023,"transportation_rnk",10.1964
"47065010411","tract",2023,"transportation_rnk",7.2579
"47065010412","tract",2023,"transportation_rnk",20.1817
"47065010413","tract",2023,"transportation_rnk",7.6656
"47065010431","tract",2023,"transportation_rnk",26.867
"47065010432","tract",2023,"transportation_rnk",28.1403
"47065010433","tract",2023,"transportation_rnk",20.4856
"47065010434","tract",2023,"transportation_rnk",24.1982
"47065010435","tract",2023,"transportation_rnk",32.0274
"47065010501","tract",2023,"transportation_rnk",9.7691
"47065010502","tract",2023,"transportation_rnk",22.6514
"47065010600","tract",2023,"transportation_rnk",28.3527
"47065010700","tract",2023,"transportation_rnk",26.1052
"47065010800","tract",2023,"transportation_rnk",33.7513
"47065010901","tract",2023,"transportation_rnk",17.8987
"47065010902","tract",2023,"transportation_rnk",48.9617
"47065010904","tract",2023,"transportation_rnk",39.7407
"47065010905","tract",2023,"transportation_rnk",28.1403
"47065011001","tract",2023,"transportation_rnk",1.6359
"47065011003","tract",2023,"transportation_rnk",4.1692
"47065011004","tract",2023,"transportation_rnk",21.1156
"47065011100","tract",2023,"transportation_rnk",31.7344
"47065011203","tract",2023,"transportation_rnk",74.255
"47065011204","tract",2023,"transportation_rnk",20.8263
"47065011205","tract",2023,"transportation_rnk",16.6901
"47065011206","tract",2023,"transportation_rnk",36.1966
"47065011311","tract",2023,"transportation_rnk",31.6844
"47065011314","tract",2023,"transportation_rnk",17.0514
"47065011321","tract",2023,"transportation_rnk",24.1555
"47065011323","tract",2023,"transportation_rnk",25.7401
"47065011324","tract",2023,"transportation_rnk",3.5685
"47065011325","tract",2023,"transportation_rnk",6.9783
"47065011326","tract",2023,"transportation_rnk",13.1557
"47065011402","tract",2023,"transportation_rnk",36.2918
"47065011411","tract",2023,"transportation_rnk",31.5599
"47065011413","tract",2023,"transportation_rnk",26.3408
"47065011442","tract",2023,"transportation_rnk",18.4823
"47065011444","tract",2023,"transportation_rnk",43.4447
"47065011445","tract",2023,"transportation_rnk",20.4856
"47065011446","tract",2023,"transportation_rnk",29.9093
"47065011447","tract",2023,"transportation_rnk",13.2363
"47065011448","tract",2023,"transportation_rnk",16.7438
"47065011449","tract",2023,"transportation_rnk",17.0038
"47065011600","tract",2023,"transportation_rnk",62.8292
"47065011700","tract",2023,"transportation_rnk",27.1844
"47065011800","tract",2023,"transportation_rnk",32.6427
"47065011900","tract",2023,"transportation_rnk",33.3142
"47065012000","tract",2023,"transportation_rnk",8.1039
"47065012100","tract",2023,"transportation_rnk",20.6541
"47065012200","tract",2023,"transportation_rnk",77.8272
"47065012300","tract",2023,"transportation_rnk",49.6795
"47065012400","tract",2023,"transportation_rnk",NA
"47065980100","tract",2023,"transportation_rnk",NA
"47065980200","tract",2023,"transportation_rnk",NA
"47067960500","tract",2023,"transportation_rnk",8.3102
"47067960600","tract",2023,"transportation_rnk",24.2556
"47069950100","tract",2023,"transportation_rnk",13.1948
"47069950200","tract",2023,"transportation_rnk",NA
"47069950300","tract",2023,"transportation_rnk",44.7071
"47069950400","tract",2023,"transportation_rnk",42.7867
"47069950500","tract",2023,"transportation_rnk",11.9618
"47069950600","tract",2023,"transportation_rnk",17.2492
"47071920100","tract",2023,"transportation_rnk",11.7286
"47071920200","tract",2023,"transportation_rnk",6.0871
"47071920300","tract",2023,"transportation_rnk",18.0745
"47071920401","tract",2023,"transportation_rnk",16.85
"47071920402","tract",2023,"transportation_rnk",18.3028
"47071920501","tract",2023,"transportation_rnk",19.4736
"47071920502","tract",2023,"transportation_rnk",0.2429
"47071920600","tract",2023,"transportation_rnk",12.7895
"47073050100","tract",2023,"transportation_rnk",33.2092
"47073050200","tract",2023,"transportation_rnk",12.7346
"47073050301","tract",2023,"transportation_rnk",12.6283
"47073050302","tract",2023,"transportation_rnk",42.8392
"47073050400","tract",2023,"transportation_rnk",9.2478
"47073050501","tract",2023,"transportation_rnk",21.9189
"47073050502","tract",2023,"transportation_rnk",1.5358
"47073050503","tract",2023,"transportation_rnk",3.1791
"47073050601","tract",2023,"transportation_rnk",45.3456
"47073050602","tract",2023,"transportation_rnk",14.976
"47073050700","tract",2023,"transportation_rnk",20.4258
"47073050800","tract",2023,"transportation_rnk",1.0414
"47073050900","tract",2023,"transportation_rnk",6.5351
"47075930100","tract",2023,"transportation_rnk",12.0668
"47075930200","tract",2023,"transportation_rnk",7.2921
"47075930301","tract",2023,"transportation_rnk",31.7674
"47075930302","tract",2023,"transportation_rnk",37.9192
"47075930400","tract",2023,"transportation_rnk",47.9459
"47075930500","tract",2023,"transportation_rnk",10.2318
"47077975000","tract",2023,"transportation_rnk",5.1397
"47077975100","tract",2023,"transportation_rnk",10.2318
"47077975200","tract",2023,"transportation_rnk",5.4767
"47077975301","tract",2023,"transportation_rnk",3.4306
"47077975302","tract",2023,"transportation_rnk",30.057
"47077975400","tract",2023,"transportation_rnk",19.5749
"47077975500","tract",2023,"transportation_rnk",8.2407
"47079969001","tract",2023,"transportation_rnk",16.6901
"47079969002","tract",2023,"transportation_rnk",8.1039
"47079969100","tract",2023,"transportation_rnk",13.9981
"47079969200","tract",2023,"transportation_rnk",15.7903
"47079969300","tract",2023,"transportation_rnk",20.764
"47079969400","tract",2023,"transportation_rnk",49.4476
"47079969501","tract",2023,"transportation_rnk",32.9028
"47079969502","tract",2023,"transportation_rnk",31.8748
"47079969601","tract",2023,"transportation_rnk",15.4314
"47079969602","tract",2023,"transportation_rnk",4.6196
"47079969700","tract",2023,"transportation_rnk",4.7356
"47079969800","tract",2023,"transportation_rnk",15.2031
"47081950100","tract",2023,"transportation_rnk",8.5129
"47081950201","tract",2023,"transportation_rnk",20.3599
"47081950202","tract",2023,"transportation_rnk",20.543
"47081950301","tract",2023,"transportation_rnk",8.3102
"47081950302","tract",2023,"transportation_rnk",28.7104
"47081950400","tract",2023,"transportation_rnk",12.0057
"47081950500","tract",2023,"transportation_rnk",NA
"47083120100","tract",2023,"transportation_rnk",13.0398
"47083120200","tract",2023,"transportation_rnk",11.6773
"47083120300","tract",2023,"transportation_rnk",26.74
"47085130100","tract",2023,"transportation_rnk",3.842
"47085130200","tract",2023,"transportation_rnk",20.7176
"47085130300","tract",2023,"transportation_rnk",37.6726
"47085130400","tract",2023,"transportation_rnk",1.4967
"47085130500","tract",2023,"transportation_rnk",2.0193
"47087960100","tract",2023,"transportation_rnk",12.6747
"47087960200","tract",2023,"transportation_rnk",18.3028
"47087960300","tract",2023,"transportation_rnk",6.2653
"47087960400","tract",2023,"transportation_rnk",25.8
"47089070101","tract",2023,"transportation_rnk",2.1328
"47089070102","tract",2023,"transportation_rnk",12.9506
"47089070200","tract",2023,"transportation_rnk",2.5772
"47089070300","tract",2023,"transportation_rnk",62.7144
"47089070400","tract",2023,"transportation_rnk",26.1638
"47089070500","tract",2023,"transportation_rnk",5.8014
"47089070600","tract",2023,"transportation_rnk",1.9448
"47089070701","tract",2023,"transportation_rnk",24.8184
"47089070702","tract",2023,"transportation_rnk",1.6567
"47089070801","tract",2023,"transportation_rnk",2.0193
"47089070802","tract",2023,"transportation_rnk",18.0745
"47089070900","tract",2023,"transportation_rnk",20.7176
"47091956000","tract",2023,"transportation_rnk",48.4904
"47091956100","tract",2023,"transportation_rnk",NA
"47091956200","tract",2023,"transportation_rnk",7.557
"47091956300","tract",2023,"transportation_rnk",5.4767
"47091956400","tract",2023,"transportation_rnk",11.0583
"47093000100","tract",2023,"transportation_rnk",82.5628
"47093000800","tract",2023,"transportation_rnk",59.091
"47093000901","tract",2023,"transportation_rnk",NA
"47093000902","tract",2023,"transportation_rnk",NA
"47093001400","tract",2023,"transportation_rnk",88.8391
"47093001500","tract",2023,"transportation_rnk",73.3369
"47093001600","tract",2023,"transportation_rnk",76.5917
"47093001700","tract",2023,"transportation_rnk",85.8212
"47093001800","tract",2023,"transportation_rnk",57.455
"47093001900","tract",2023,"transportation_rnk",60.158
"47093002000","tract",2023,"transportation_rnk",80.7633
"47093002100","tract",2023,"transportation_rnk",74.2428
"47093002200","tract",2023,"transportation_rnk",71.6912
"47093002300","tract",2023,"transportation_rnk",75.0266
"47093002400","tract",2023,"transportation_rnk",77.1313
"47093002600","tract",2023,"transportation_rnk",57.3403
"47093002700","tract",2023,"transportation_rnk",46.835
"47093002800","tract",2023,"transportation_rnk",67.8114
"47093002900","tract",2023,"transportation_rnk",62.6949
"47093003000","tract",2023,"transportation_rnk",64.3784
"47093003100","tract",2023,"transportation_rnk",13.0007
"47093003200","tract",2023,"transportation_rnk",77.4145
"47093003300","tract",2023,"transportation_rnk",28.6518
"47093003400","tract",2023,"transportation_rnk",71.7608
"47093003501","tract",2023,"transportation_rnk",55.8765
"47093003502","tract",2023,"transportation_rnk",61.0321
"47093003700","tract",2023,"transportation_rnk",84.6248
"47093003801","tract",2023,"transportation_rnk",24.1555
"47093003802","tract",2023,"transportation_rnk",12.0057
"47093003901","tract",2023,"transportation_rnk",61.4545
"47093003902","tract",2023,"transportation_rnk",71.2993
"47093004000","tract",2023,"transportation_rnk",64.3137
"47093004100","tract",2023,"transportation_rnk",74.15
"47093004200","tract",2023,"transportation_rnk",57.7969
"47093004300","tract",2023,"transportation_rnk",65.8764
"47093004401","tract",2023,"transportation_rnk",60.8783
"47093004403","tract",2023,"transportation_rnk",64.8655
"47093004404","tract",2023,"transportation_rnk",65.5101
"47093004501","tract",2023,"transportation_rnk",47.4417
"47093004502","tract",2023,"transportation_rnk",27.597
"47093004606","tract",2023,"transportation_rnk",61.5436
"47093004607","tract",2023,"transportation_rnk",3.914
"47093004608","tract",2023,"transportation_rnk",60.0335
"47093004609","tract",2023,"transportation_rnk",64.1367
"47093004610","tract",2023,"transportation_rnk",69.5523
"47093004611","tract",2023,"transportation_rnk",38.7408
"47093004612","tract",2023,"transportation_rnk",24.5083
"47093004613","tract",2023,"transportation_rnk",37.9192
"47093004614","tract",2023,"transportation_rnk",41.0897
"47093004615","tract",2023,"transportation_rnk",65.9826
"47093004700","tract",2023,"transportation_rnk",16.4557
"47093004800","tract",2023,"transportation_rnk",66.2402
"47093004900","tract",2023,"transportation_rnk",54.7021
"47093005000","tract",2023,"transportation_rnk",66.5063
"47093005100","tract",2023,"transportation_rnk",57.3684
"47093005202","tract",2023,"transportation_rnk",15.0383
"47093005203","tract",2023,"transportation_rnk",9.4627
"47093005204","tract",2023,"transportation_rnk",2.2549
"47093005301","tract",2023,"transportation_rnk",6.9783
"47093005302","tract",2023,"transportation_rnk",1.4845
"47093005401","tract",2023,"transportation_rnk",24.656
"47093005402","tract",2023,"transportation_rnk",1.3722
"47093005501","tract",2023,"transportation_rnk",8.7827
"47093005502","tract",2023,"transportation_rnk",48.2914
"47093005602","tract",2023,"transportation_rnk",1.1879
"47093005603","tract",2023,"transportation_rnk",30.0033
"47093005604","tract",2023,"transportation_rnk",6.8965
"47093005701","tract",2023,"transportation_rnk",49.7564
"47093005704","tract",2023,"transportation_rnk",19.7898
"47093005706","tract",2023,"transportation_rnk",23.8466
"47093005707","tract",2023,"transportation_rnk",58.9933
"47093005708","tract",2023,"transportation_rnk",51.0139
"47093005709","tract",2023,"transportation_rnk",62.0515
"47093005710","tract",2023,"transportation_rnk",4.4072
"47093005711","tract",2023,"transportation_rnk",68.4072
"47093005713","tract",2023,"transportation_rnk",59.4658
"47093005714","tract",2023,"transportation_rnk",23.4462
"47093005803","tract",2023,"transportation_rnk",13.7906
"47093005807","tract",2023,"transportation_rnk",6.6841
"47093005808","tract",2023,"transportation_rnk",58.0191
"47093005809","tract",2023,"transportation_rnk",65.6444
"47093005810","tract",2023,"transportation_rnk",52.6449
"47093005811","tract",2023,"transportation_rnk",10.0365
"47093005813","tract",2023,"transportation_rnk",57.3684
"47093005814","tract",2023,"transportation_rnk",1.0536
"47093005815","tract",2023,"transportation_rnk",48.4086
"47093005903","tract",2023,"transportation_rnk",58.6698
"47093005906","tract",2023,"transportation_rnk",12.4245
"47093005907","tract",2023,"transportation_rnk",23.4462
"47093005908","tract",2023,"transportation_rnk",54.4481
"47093005909","tract",2023,"transportation_rnk",11.3929
"47093005910","tract",2023,"transportation_rnk",21.687
"47093005911","tract",2023,"transportation_rnk",2.9849
"47093005912","tract",2023,"transportation_rnk",10.4211
"47093006001","tract",2023,"transportation_rnk",58.8602
"47093006002","tract",2023,"transportation_rnk",8.0197
"47093006003","tract",2023,"transportation_rnk",23.7441
"47093006102","tract",2023,"transportation_rnk",60.1299
"47093006103","tract",2023,"transportation_rnk",57.2084
"47093006104","tract",2023,"transportation_rnk",63.3566
"47093006202","tract",2023,"transportation_rnk",57.1376
"47093006203","tract",2023,"transportation_rnk",59.091
"47093006205","tract",2023,"transportation_rnk",3.9958
"47093006206","tract",2023,"transportation_rnk",14.9223
"47093006207","tract",2023,"transportation_rnk",16.1553
"47093006208","tract",2023,"transportation_rnk",69.8685
"47093006301","tract",2023,"transportation_rnk",3.9457
"47093006302","tract",2023,"transportation_rnk",5.003
"47093006401","tract",2023,"transportation_rnk",45.9279
"47093006402","tract",2023,"transportation_rnk",0.9242
"47093006403","tract",2023,"transportation_rnk",2.9544
"47093006501","tract",2023,"transportation_rnk",1.3539
"47093006502","tract",2023,"transportation_rnk",23.1495
"47093006600","tract",2023,"transportation_rnk",79.0297
"47093006700","tract",2023,"transportation_rnk",46.2111
"47093006800","tract",2023,"transportation_rnk",91.1538
"47093006901","tract",2023,"transportation_rnk",86.7564
"47093006902","tract",2023,"transportation_rnk",NA
"47093006903","tract",2023,"transportation_rnk",92.2172
"47093007000","tract",2023,"transportation_rnk",83.3539
"47093007100","tract",2023,"transportation_rnk",29.4393
"47095960100","tract",2023,"transportation_rnk",NA
"47095960200","tract",2023,"transportation_rnk",49.6795
"47097050100","tract",2023,"transportation_rnk",NA
"47097050200","tract",2023,"transportation_rnk",24.606
"47097050300","tract",2023,"transportation_rnk",10.791
"47097050400","tract",2023,"transportation_rnk",10.1366
"47097050503","tract",2023,"transportation_rnk",2.0388
"47097050504","tract",2023,"transportation_rnk",36.3675
"47097050505","tract",2023,"transportation_rnk",57.6223
"47097050506","tract",2023,"transportation_rnk",17.4287
"47097050600","tract",2023,"transportation_rnk",21.621
"47099960100","tract",2023,"transportation_rnk",8.0673
"47099960200","tract",2023,"transportation_rnk",7.0601
"47099960300","tract",2023,"transportation_rnk",57.4758
"47099960401","tract",2023,"transportation_rnk",18.0745
"47099960402","tract",2023,"transportation_rnk",3.3854
"47099960501","tract",2023,"transportation_rnk",50.3803
"47099960502","tract",2023,"transportation_rnk",19.9582
"47099960600","tract",2023,"transportation_rnk",11.3343
"47099960700","tract",2023,"transportation_rnk",4.5476
"47099960800","tract",2023,"transportation_rnk",0.3553
"47099960900","tract",2023,"transportation_rnk",0.9852
"47101970100","tract",2023,"transportation_rnk",7.3702
"47101970200","tract",2023,"transportation_rnk",3.4049
"47103975000","tract",2023,"transportation_rnk",12.2157
"47103975100","tract",2023,"transportation_rnk",4.2058
"47103975200","tract",2023,"transportation_rnk",14.705
"47103975300","tract",2023,"transportation_rnk",22.7772
"47103975400","tract",2023,"transportation_rnk",3.5026
"47103975500","tract",2023,"transportation_rnk",6.7695
"47103975601","tract",2023,"transportation_rnk",6.9368
"47103975602","tract",2023,"transportation_rnk",15.4839
"47103975700","tract",2023,"transportation_rnk",11.9618
"47105060100","tract",2023,"transportation_rnk",1.8264
"47105060201","tract",2023,"transportation_rnk",4.1154
"47105060203","tract",2023,"transportation_rnk",56.1549
"47105060204","tract",2023,"transportation_rnk",60.8258
"47105060301","tract",2023,"transportation_rnk",63.641
"47105060303","tract",2023,"transportation_rnk",46.017
"47105060304","tract",2023,"transportation_rnk",33.7513
"47105060400","tract",2023,"transportation_rnk",3.1583
"47105060502","tract",2023,"transportation_rnk",0.2075
"47105060503","tract",2023,"transportation_rnk",6.8965
"47105060504","tract",2023,"transportation_rnk",68.0458
"47105060505","tract",2023,"transportation_rnk",43.1126
"47105060600","tract",2023,"transportation_rnk",56.5736
"47105060700","tract",2023,"transportation_rnk",2.0193
"47107970102","tract",2023,"transportation_rnk",1.9924
"47107970103","tract",2023,"transportation_rnk",0.5152
"47107970104","tract",2023,"transportation_rnk",0.5152
"47107970201","tract",2023,"transportation_rnk",47.3685
"47107970202","tract",2023,"transportation_rnk",13.9383
"47107970300","tract",2023,"transportation_rnk",37.9546
"47107970401","tract",2023,"transportation_rnk",9.5115
"47107970402","tract",2023,"transportation_rnk",3.3634
"47107970500","tract",2023,"transportation_rnk",23.4462
"47107970601","tract",2023,"transportation_rnk",0.8009
"47107970602","tract",2023,"transportation_rnk",0.6348
"47107970700","tract",2023,"transportation_rnk",1.8935
"47107970801","tract",2023,"transportation_rnk",1.6725
"47107970802","tract",2023,"transportation_rnk",5.9479
"47109930100","tract",2023,"transportation_rnk",2.2878
"47109930200","tract",2023,"transportation_rnk",9.8546
"47109930300","tract",2023,"transportation_rnk",12.4745
"47109930400","tract",2023,"transportation_rnk",33.2092
"47109930501","tract",2023,"transportation_rnk",24.1555
"47109930502","tract",2023,"transportation_rnk",28.5542
"47109930600","tract",2023,"transportation_rnk",2.3159
"47109930700","tract",2023,"transportation_rnk",17.0038
"47111970100","tract",2023,"transportation_rnk",34.6925
"47111970200","tract",2023,"transportation_rnk",14.976
"47111970301","tract",2023,"transportation_rnk",35.9756
"47111970302","tract",2023,"transportation_rnk",7.2579
"47111970400","tract",2023,"transportation_rnk",24.1982
"47113000100","tract",2023,"transportation_rnk",55.3552
"47113000200","tract",2023,"transportation_rnk",80.6656
"47113000300","tract",2023,"transportation_rnk",69.5218
"47113000400","tract",2023,"transportation_rnk",77.434
"47113000500","tract",2023,"transportation_rnk",91.2771
"47113000600","tract",2023,"transportation_rnk",76.7699
"47113000700","tract",2023,"transportation_rnk",68.677
"47113000800","tract",2023,"transportation_rnk",NA
"47113000900","tract",2023,"transportation_rnk",84.5625
"47113001000","tract",2023,"transportation_rnk",86.7747
"47113001100","tract",2023,"transportation_rnk",90.9768
"47113001300","tract",2023,"transportation_rnk",36.6764
"47113001401","tract",2023,"transportation_rnk",4.7075
"47113001402","tract",2023,"transportation_rnk",2.4209
"47113001501","tract",2023,"transportation_rnk",1.7177
"47113001502","tract",2023,"transportation_rnk",0.1404
"47113001603","tract",2023,"transportation_rnk",56.5016
"47113001604","tract",2023,"transportation_rnk",59.069
"47113001605","tract",2023,"transportation_rnk",NA
"47113001607","tract",2023,"transportation_rnk",69.3716
"47113001608","tract",2023,"transportation_rnk",0.5213
"47113001609","tract",2023,"transportation_rnk",0.4322
"47113001610","tract",2023,"transportation_rnk",6.4277
"47113001611","tract",2023,"transportation_rnk",18.4823
"47113001612","tract",2023,"transportation_rnk",63.9206
"47113001700","tract",2023,"transportation_rnk",3.5685
"47113001800","tract",2023,"transportation_rnk",6.5351
"47113001900","tract",2023,"transportation_rnk",2.3001
"47115050101","tract",2023,"transportation_rnk",6.3044
"47115050102","tract",2023,"transportation_rnk",23.4462
"47115050201","tract",2023,"transportation_rnk",17.0514
"47115050203","tract",2023,"transportation_rnk",7.7523
"47115050204","tract",2023,"transportation_rnk",19.7898
"47115050301","tract",2023,"transportation_rnk",41.2057
"47115050302","tract",2023,"transportation_rnk",7.7889
"47117955000","tract",2023,"transportation_rnk",16.0125
"47117955100","tract",2023,"transportation_rnk",3.3414
"47117955200","tract",2023,"transportation_rnk",24.5083
"47117955300","tract",2023,"transportation_rnk",8.707
"47117955400","tract",2023,"transportation_rnk",8.5703
"47117955500","tract",2023,"transportation_rnk",8.9829
"47119010100","tract",2023,"transportation_rnk",6.5095
"47119010201","tract",2023,"transportation_rnk",8.8291
"47119010203","tract",2023,"transportation_rnk",40.7857
"47119010204","tract",2023,"transportation_rnk",60.3814
"47119010205","tract",2023,"transportation_rnk",1.8264
"47119010301","tract",2023,"transportation_rnk",13.1557
"47119010302","tract",2023,"transportation_rnk",1.5358
"47119010401","tract",2023,"transportation_rnk",19.4174
"47119010402","tract",2023,"transportation_rnk",23.1495
"47119010500","tract",2023,"transportation_rnk",36.901
"47119010600","tract",2023,"transportation_rnk",38.189
"47119010700","tract",2023,"transportation_rnk",46.8045
"47119010801","tract",2023,"transportation_rnk",28.4406
"47119010802","tract",2023,"transportation_rnk",37.4589
"47119010900","tract",2023,"transportation_rnk",1.4027
"47119011001","tract",2023,"transportation_rnk",8.3566
"47119011003","tract",2023,"transportation_rnk",2.8641
"47119011004","tract",2023,"transportation_rnk",20.7176
"47119011101","tract",2023,"transportation_rnk",7.977
"47119011102","tract",2023,"transportation_rnk",22.0984
"47119011200","tract",2023,"transportation_rnk",6.059
"47121960100","tract",2023,"transportation_rnk",18.547
"47121960200","tract",2023,"transportation_rnk",25.6205
"47121960300","tract",2023,"transportation_rnk",11.5406
"47123925001","tract",2023,"transportation_rnk",6.1957
"47123925002","tract",2023,"transportation_rnk",12.6283
"47123925101","tract",2023,"transportation_rnk",53.9244
"47123925102","tract",2023,"transportation_rnk",14.4218
"47123925200","tract",2023,"transportation_rnk",40.7857
"47123925301","tract",2023,"transportation_rnk",7.148
"47123925302","tract",2023,"transportation_rnk",14.8674
"47123925401","tract",2023,"transportation_rnk",2.2878
"47123925402","tract",2023,"transportation_rnk",15.4314
"47123925501","tract",2023,"transportation_rnk",18.6751
"47123925503","tract",2023,"transportation_rnk",2.5308
"47123925504","tract",2023,"transportation_rnk",22.1423
"47125100100","tract",2023,"transportation_rnk",NA
"47125100200","tract",2023,"transportation_rnk",47.2586
"47125100300","tract",2023,"transportation_rnk",27.4908
"47125100500","tract",2023,"transportation_rnk",29.3758
"47125100601","tract",2023,"transportation_rnk",1.5224
"47125100602","tract",2023,"transportation_rnk",20.0046
"47125100800","tract",2023,"transportation_rnk",NA
"47125100900","tract",2023,"transportation_rnk",71.4788
"47125101001","tract",2023,"transportation_rnk",44.6167
"47125101002","tract",2023,"transportation_rnk",0.9388
"47125101101","tract",2023,"transportation_rnk",50.4938
"47125101102","tract",2023,"transportation_rnk",14.3058
"47125101103","tract",2023,"transportation_rnk",3.3634
"47125101201","tract",2023,"transportation_rnk",15.3301
"47125101202","tract",2023,"transportation_rnk",9.4627
"47125101304","tract",2023,"transportation_rnk",40.2461
"47125101305","tract",2023,"transportation_rnk",28.1977
"47125101306","tract",2023,"transportation_rnk",8.9524
"47125101307","tract",2023,"transportation_rnk",45.7814
"47125101308","tract",2023,"transportation_rnk",19.2636
"47125101309","tract",2023,"transportation_rnk",15.8977
"47125101400","tract",2023,"transportation_rnk",44.2077
"47125101501","tract",2023,"transportation_rnk",27.4347
"47125101502","tract",2023,"transportation_rnk",2.7921
"47125101600","tract",2023,"transportation_rnk",13.7466
"47125101701","tract",2023,"transportation_rnk",5.003
"47125101702","tract",2023,"transportation_rnk",7.8292
"47125101803","tract",2023,"transportation_rnk",6.1201
"47125101805","tract",2023,"transportation_rnk",10.6921
"47125101806","tract",2023,"transportation_rnk",2.1633
"47125101807","tract",2023,"transportation_rnk",4.0459
"47125101808","tract",2023,"transportation_rnk",5.3595
"47125101902","tract",2023,"transportation_rnk",10.2318
"47125101904","tract",2023,"transportation_rnk",28.3027
"47125101905","tract",2023,"transportation_rnk",11.2097
"47125101906","tract",2023,"transportation_rnk",11.6773
"47125102001","tract",2023,"transportation_rnk",7.4178
"47125102003","tract",2023,"transportation_rnk",20.0571
"47125102004","tract",2023,"transportation_rnk",8.6655
"47125102005","tract",2023,"transportation_rnk",19.5749
"47125102007","tract",2023,"transportation_rnk",32.0274
"47125102008","tract",2023,"transportation_rnk",7.9415
"47125102009","tract",2023,"transportation_rnk",8.8291
"47125102010","tract",2023,"transportation_rnk",1.8764
"47125102100","tract",2023,"transportation_rnk",44.6717
"47125980100","tract",2023,"transportation_rnk",NA
"47127930100","tract",2023,"transportation_rnk",0.6422
"47127930200","tract",2023,"transportation_rnk",20.4258
"47129110100","tract",2023,"transportation_rnk",46.1354
"47129110200","tract",2023,"transportation_rnk",26.8023
"47129110300","tract",2023,"transportation_rnk",NA
"47129110400","tract",2023,"transportation_rnk",3.5368
"47129110500","tract",2023,"transportation_rnk",1.0768
"47131965000","tract",2023,"transportation_rnk",12.4245
"47131965100","tract",2023,"transportation_rnk",3.8932
"47131965200","tract",2023,"transportation_rnk",14.6439
"47131965300","tract",2023,"transportation_rnk",11.4441
"47131965400","tract",2023,"transportation_rnk",18.6165
"47131965500","tract",2023,"transportation_rnk",36.84
"47131965600","tract",2023,"transportation_rnk",37.7288
"47131965700","tract",2023,"transportation_rnk",37.6726
"47131965800","tract",2023,"transportation_rnk",1.7763
"47131965900","tract",2023,"transportation_rnk",25.0736
"47133950100","tract",2023,"transportation_rnk",3.7199
"47133950200","tract",2023,"transportation_rnk",7.181
"47133950301","tract",2023,"transportation_rnk",27.1392
"47133950302","tract",2023,"transportation_rnk",16.6901
"47133950400","tract",2023,"transportation_rnk",4.3205
"47133950501","tract",2023,"transportation_rnk",4.5476
"47133950502","tract",2023,"transportation_rnk",2.1499
"47133950600","tract",2023,"transportation_rnk",1.9924
"47135930100","tract",2023,"transportation_rnk",35.6973
"47135930201","tract",2023,"transportation_rnk",18.9181
"47135930202","tract",2023,"transportation_rnk",42.7049
"47137925101","tract",2023,"transportation_rnk",10.8313
"47137925102","tract",2023,"transportation_rnk",30.5197
"47139950100","tract",2023,"transportation_rnk",14.7599
"47139950201","tract",2023,"transportation_rnk",44.574
"47139950203","tract",2023,"transportation_rnk",10.4211
"47139950204","tract",2023,"transportation_rnk",0.4712
"47139950300","tract",2023,"transportation_rnk",8.5129
"47139950400","tract",2023,"transportation_rnk",12.4245
"47141000100","tract",2023,"transportation_rnk",29.8568
"47141000201","tract",2023,"transportation_rnk",22.2449
"47141000202","tract",2023,"transportation_rnk",11.6334
"47141000301","tract",2023,"transportation_rnk",29.7103
"47141000303","tract",2023,"transportation_rnk",50.2777
"47141000304","tract",2023,"transportation_rnk",69.0359
"47141000305","tract",2023,"transportation_rnk",52.8867
"47141000400","tract",2023,"transportation_rnk",58.4744
"47141000500","tract",2023,"transportation_rnk",17.8352
"47141000600","tract",2023,"transportation_rnk",12.5783
"47141000700","tract",2023,"transportation_rnk",74.4076
"47141000800","tract",2023,"transportation_rnk",NA
"47141000900","tract",2023,"transportation_rnk",20.8934
"47141001000","tract",2023,"transportation_rnk",0.8668
"47141001100","tract",2023,"transportation_rnk",8.7827
"47141001201","tract",2023,"transportation_rnk",5.2118
"47141001202","tract",2023,"transportation_rnk",20.4856
"47141001300","tract",2023,"transportation_rnk",3.234
"47143975000","tract",2023,"transportation_rnk",34.7658
"47143975100","tract",2023,"transportation_rnk",8.2407
"47143975200","tract",2023,"transportation_rnk",9.5616
"47143975300","tract",2023,"transportation_rnk",23.2777
"47143975401","tract",2023,"transportation_rnk",29.7103
"47143975402","tract",2023,"transportation_rnk",3.9457
"47145030100","tract",2023,"transportation_rnk",28.9192
"47145030203","tract",2023,"transportation_rnk",10.2746
"47145030204","tract",2023,"transportation_rnk",12.7346
"47145030205","tract",2023,"transportation_rnk",35.8181
"47145030206","tract",2023,"transportation_rnk",15.6731
"47145030301","tract",2023,"transportation_rnk",3.0362
"47145030302","tract",2023,"transportation_rnk",1.0023
"47145030401","tract",2023,"transportation_rnk",1.2172
"47145030402","tract",2023,"transportation_rnk",19.2636
"47145030500","tract",2023,"transportation_rnk",59.4951
"47145030600","tract",2023,"transportation_rnk",13.3865
"47145030700","tract",2023,"transportation_rnk",0.4505
"47145030801","tract",2023,"transportation_rnk",70.789
"47145030802","tract",2023,"transportation_rnk",6.6841
"47145030900","tract",2023,"transportation_rnk",5.9931
"47145980100","tract",2023,"transportation_rnk",NA
"47147080101","tract",2023,"transportation_rnk",0.9852
"47147080103","tract",2023,"transportation_rnk",31.8748
"47147080104","tract",2023,"transportation_rnk",3.3146
"47147080200","tract",2023,"transportation_rnk",0.9706
"47147080301","tract",2023,"transportation_rnk",11.3929
"47147080302","tract",2023,"transportation_rnk",33.551
"47147080401","tract",2023,"transportation_rnk",31.8138
"47147080402","tract",2023,"transportation_rnk",15.5681
"47147080500","tract",2023,"transportation_rnk",5.7611
"47147080603","tract",2023,"transportation_rnk",10.1964
"47147080604","tract",2023,"transportation_rnk",11.4893
"47147080605","tract",2023,"transportation_rnk",9.1526
"47147080606","tract",2023,"transportation_rnk",11.3343
"47147080701","tract",2023,"transportation_rnk",2.5772
"47147080702","tract",2023,"transportation_rnk",4.8186
"47149040101","tract",2023,"transportation_rnk",81.0465
"47149040102","tract",2023,"transportation_rnk",81.5361
"47149040104","tract",2023,"transportation_rnk",79.4155
"47149040105","tract",2023,"transportation_rnk",77.9065
"47149040106","tract",2023,"transportation_rnk",74.255
"47149040107","tract",2023,"transportation_rnk",75.637
"47149040200","tract",2023,"transportation_rnk",23.9052
"47149040303","tract",2023,"transportation_rnk",78.3973
"47149040304","tract",2023,"transportation_rnk",78.2813
"47149040305","tract",2023,"transportation_rnk",82.7667
"47149040307","tract",2023,"transportation_rnk",75.637
"47149040308","tract",2023,"transportation_rnk",78.4827
"47149040309","tract",2023,"transportation_rnk",1.5932
"47149040310","tract",2023,"transportation_rnk",79.7781
"47149040311","tract",2023,"transportation_rnk",79.656
"47149040312","tract",2023,"transportation_rnk",42.9222
"47149040404","tract",2023,"transportation_rnk",82.2356
"47149040405","tract",2023,"transportation_rnk",76.6539
"47149040501","tract",2023,"transportation_rnk",6.5754
"47149040502","tract",2023,"transportation_rnk",5.7611
"47149040600","tract",2023,"transportation_rnk",8.3102
"47149040702","tract",2023,"transportation_rnk",4.7613
"47149040703","tract",2023,"transportation_rnk",5.5475
"47149040704","tract",2023,"transportation_rnk",22.9408
"47149040806","tract",2023,"transportation_rnk",71.5337
"47149040807","tract",2023,"transportation_rnk",6.4717
"47149040808","tract",2023,"transportation_rnk",44.0869
"47149040809","tract",2023,"transportation_rnk",7.6656
"47149040810","tract",2023,"transportation_rnk",6.8965
"47149040811","tract",2023,"transportation_rnk",25.7401
"47149040812","tract",2023,"transportation_rnk",39.2072
"47149040901","tract",2023,"transportation_rnk",39.4697
"47149040904","tract",2023,"transportation_rnk",55.4846
"47149040906","tract",2023,"transportation_rnk",26.8023
"47149040907","tract",2023,"transportation_rnk",53.2456
"47149040908","tract",2023,"transportation_rnk",62.1931
"47149040909","tract",2023,"transportation_rnk",67.4989
"47149040910","tract",2023,"transportation_rnk",60.6536
"47149040911","tract",2023,"transportation_rnk",58.1668
"47149041000","tract",2023,"transportation_rnk",12.0668
"47149041102","tract",2023,"transportation_rnk",10.3307
"47149041103","tract",2023,"transportation_rnk",10.476
"47149041104","tract",2023,"transportation_rnk",22.3523
"47149041201","tract",2023,"transportation_rnk",43.4447
"47149041202","tract",2023,"transportation_rnk",14.705
"47149041301","tract",2023,"transportation_rnk",60.6536
"47149041302","tract",2023,"transportation_rnk",55.4407
"47149041401","tract",2023,"transportation_rnk",56.8556
"47149041404","tract",2023,"transportation_rnk",71.3689
"47149041405","tract",2023,"transportation_rnk",73.0744
"47149041406","tract",2023,"transportation_rnk",55.1477
"47149041407","tract",2023,"transportation_rnk",53.9244
"47149041500","tract",2023,"transportation_rnk",NA
"47149041601","tract",2023,"transportation_rnk",75.2036
"47149041602","tract",2023,"transportation_rnk",77.4597
"47149041700","tract",2023,"transportation_rnk",72.0514
"47149041800","tract",2023,"transportation_rnk",65.5101
"47149041900","tract",2023,"transportation_rnk",81.812
"47149042000","tract",2023,"transportation_rnk",27.8803
"47149042101","tract",2023,"transportation_rnk",70.7353
"47149042102","tract",2023,"transportation_rnk",71.1528
"47149042200","tract",2023,"transportation_rnk",77.351
"47149042301","tract",2023,"transportation_rnk",83.3746
"47149042302","tract",2023,"transportation_rnk",28.0805
"47151975000","tract",2023,"transportation_rnk",11.8263
"47151975101","tract",2023,"transportation_rnk",4.898
"47151975102","tract",2023,"transportation_rnk",6.2312
"47151975200","tract",2023,"transportation_rnk",6.8623
"47151975300","tract",2023,"transportation_rnk",35.1687
"47151975400","tract",2023,"transportation_rnk",8.1479
"47153060102","tract",2023,"transportation_rnk",31.6844
"47153060103","tract",2023,"transportation_rnk",20.6541
"47153060104","tract",2023,"transportation_rnk",8.4738
"47153060200","tract",2023,"transportation_rnk",27.9767
"47155080101","tract",2023,"transportation_rnk",9.5115
"47155080103","tract",2023,"transportation_rnk",36.7606
"47155080104","tract",2023,"transportation_rnk",7.8292
"47155080202","tract",2023,"transportation_rnk",15.8452
"47155080203","tract",2023,"transportation_rnk",47.139
"47155080204","tract",2023,"transportation_rnk",20.764
"47155080300","tract",2023,"transportation_rnk",48.8603
"47155080401","tract",2023,"transportation_rnk",7.3702
"47155080402","tract",2023,"transportation_rnk",5.1397
"47155080500","tract",2023,"transportation_rnk",28.1977
"47155080601","tract",2023,"transportation_rnk",51.8465
"47155080603","tract",2023,"transportation_rnk",20.543
"47155080604","tract",2023,"transportation_rnk",1.9448
"47155080701","tract",2023,"transportation_rnk",32.3522
"47155080702","tract",2023,"transportation_rnk",19.5749
"47155080801","tract",2023,"transportation_rnk",52.9172
"47155080803","tract",2023,"transportation_rnk",4.2058
"47155080804","tract",2023,"transportation_rnk",41.0897
"47155080901","tract",2023,"transportation_rnk",3.013
"47155080903","tract",2023,"transportation_rnk",1.736
"47155080904","tract",2023,"transportation_rnk",19.6921
"47155081001","tract",2023,"transportation_rnk",45.6105
"47155081002","tract",2023,"transportation_rnk",36.5006
"47155081101","tract",2023,"transportation_rnk",83.5871
"47155081103","tract",2023,"transportation_rnk",45.1466
"47155081104","tract",2023,"transportation_rnk",54.6776
"47155980100","tract",2023,"transportation_rnk",NA
"47157000100","tract",2023,"transportation_rnk",27.4347
"47157000200","tract",2023,"transportation_rnk",57.8701
"47157000300","tract",2023,"transportation_rnk",21.7968
"47157000400","tract",2023,"transportation_rnk",54.569
"47157000600","tract",2023,"transportation_rnk",67.7394
"47157000700","tract",2023,"transportation_rnk",35.7351
"47157000800","tract",2023,"transportation_rnk",84.9373
"47157000900","tract",2023,"transportation_rnk",51.2813
"47157001100","tract",2023,"transportation_rnk",48.6565
"47157001200","tract",2023,"transportation_rnk",52.4862
"47157001300","tract",2023,"transportation_rnk",49.2181
"47157001400","tract",2023,"transportation_rnk",37.874
"47157001500","tract",2023,"transportation_rnk",55.9668
"47157001600","tract",2023,"transportation_rnk",NA
"47157001700","tract",2023,"transportation_rnk",53.364
"47157001900","tract",2023,"transportation_rnk",84.7359
"47157002000","tract",2023,"transportation_rnk",72.0331
"47157002100","tract",2023,"transportation_rnk",73.3369
"47157002400","tract",2023,"transportation_rnk",50.0397
"47157002500","tract",2023,"transportation_rnk",56.6603
"47157002600","tract",2023,"transportation_rnk",45.0745
"47157002700","tract",2023,"transportation_rnk",62.8499
"47157002800","tract",2023,"transportation_rnk",75.6223
"47157002900","tract",2023,"transportation_rnk",27.597
"47157003000","tract",2023,"transportation_rnk",80.6363
"47157003100","tract",2023,"transportation_rnk",58.6698
"47157003200","tract",2023,"transportation_rnk",62.6338
"47157003300","tract",2023,"transportation_rnk",35.7351
"47157003400","tract",2023,"transportation_rnk",80.9916
"47157003500","tract",2023,"transportation_rnk",15.7378
"47157003600","tract",2023,"transportation_rnk",59.998
"47157003700","tract",2023,"transportation_rnk",82.5835
"47157003800","tract",2023,"transportation_rnk",93.1169
"47157003900","tract",2023,"transportation_rnk",92.6176
"47157004200","tract",2023,"transportation_rnk",62.4397
"47157004300","tract",2023,"transportation_rnk",32.1959
"47157004500","tract",2023,"transportation_rnk",56.8898
"47157004600","tract",2023,"transportation_rnk",50.987
"47157005000","tract",2023,"transportation_rnk",84.4478
"47157005300","tract",2023,"transportation_rnk",70.3617
"47157005500","tract",2023,"transportation_rnk",70.4448
"47157005600","tract",2023,"transportation_rnk",54.923
"47157005700","tract",2023,"transportation_rnk",65.5101
"47157005800","tract",2023,"transportation_rnk",75.383
"47157005900","tract",2023,"transportation_rnk",25.5741
"47157006000","tract",2023,"transportation_rnk",81.8779
"47157006200","tract",2023,"transportation_rnk",53.8279
"47157006300","tract",2023,"transportation_rnk",48.3452
"47157006400","tract",2023,"transportation_rnk",58.2291
"47157006500","tract",2023,"transportation_rnk",72.3468
"47157006600","tract",2023,"transportation_rnk",39.1547
"47157006700","tract",2023,"transportation_rnk",31.3694
"47157006800","tract",2023,"transportation_rnk",60.9308
"47157006900","tract",2023,"transportation_rnk",32.1471
"47157007000","tract",2023,"transportation_rnk",64.5811
"47157007100","tract",2023,"transportation_rnk",42.6658
"47157007200","tract",2023,"transportation_rnk",32.1471
"47157007300","tract",2023,"transportation_rnk",NA
"47157007400","tract",2023,"transportation_rnk",64.1977
"47157007500","tract",2023,"transportation_rnk",61.7683
"47157007810","tract",2023,"transportation_rnk",26.5251
"47157007821","tract",2023,"transportation_rnk",27.0391
"47157007822","tract",2023,"transportation_rnk",51.8099
"47157007900","tract",2023,"transportation_rnk",64.8289
"47157008000","tract",2023,"transportation_rnk",46.6177
"47157008110","tract",2023,"transportation_rnk",39.1547
"47157008120","tract",2023,"transportation_rnk",72.9328
"47157008200","tract",2023,"transportation_rnk",40.9908
"47157008500","tract",2023,"transportation_rnk",20.0571
"47157008600","tract",2023,"transportation_rnk",41.0897
"47157008700","tract",2023,"transportation_rnk",32.7343
"47157008800","tract",2023,"transportation_rnk",4.3865
"47157008900","tract",2023,"transportation_rnk",51.1555
"47157009100","tract",2023,"transportation_rnk",39.2951
"47157009201","tract",2023,"transportation_rnk",14.6439
"47157009202","tract",2023,"transportation_rnk",19.4736
"47157009300","tract",2023,"transportation_rnk",16.6205
"47157009400","tract",2023,"transportation_rnk",17.0038
"47157009501","tract",2023,"transportation_rnk",9.1526
"47157009502","tract",2023,"transportation_rnk",27.1844
"47157009600","tract",2023,"transportation_rnk",6.8965
"47157009700","tract",2023,"transportation_rnk",33.1164
"47157009800","tract",2023,"transportation_rnk",36.1453
"47157009901","tract",2023,"transportation_rnk",55.8765
"47157009902","tract",2023,"transportation_rnk",43.5387
"47157010001","tract",2023,"transportation_rnk",45.7484
"47157010002","tract",2023,"transportation_rnk",13.0398
"47157010120","tract",2023,"transportation_rnk",65.1158
"47157010121","tract",2023,"transportation_rnk",11.9618
"47157010122","tract",2023,"transportation_rnk",81.0319
"47157010210","tract",2023,"transportation_rnk",42.7049
"47157010220","tract",2023,"transportation_rnk",44.4263
"47157010300","tract",2023,"transportation_rnk",50.7783
"47157010500","tract",2023,"transportation_rnk",43.5387
"47157010610","tract",2023,"transportation_rnk",51.6927
"47157010620","tract",2023,"transportation_rnk",53.2065
"47157010630","tract",2023,"transportation_rnk",54.7338
"47157010710","tract",2023,"transportation_rnk",35.4385
"47157010720","tract",2023,"transportation_rnk",42.186
"47157010810","tract",2023,"transportation_rnk",46.835
"47157010820","tract",2023,"transportation_rnk",30.2035
"47157011010","tract",2023,"transportation_rnk",14.7599
"47157011020","tract",2023,"transportation_rnk",47.0779
"47157011100","tract",2023,"transportation_rnk",52.9502
"47157011200","tract",2023,"transportation_rnk",82.3455
"47157011300","tract",2023,"transportation_rnk",65.957
"47157011401","tract",2023,"transportation_rnk",52.5619
"47157011402","tract",2023,"transportation_rnk",NA
"47157011500","tract",2023,"transportation_rnk",77.2424
"47157011600","tract",2023,"transportation_rnk",68.7893
"47157011700","tract",2023,"transportation_rnk",77.7331
"47157011800","tract",2023,"transportation_rnk",47.5858
"47157020101","tract",2023,"transportation_rnk",4.4695
"47157020102","tract",2023,"transportation_rnk",2.388
"47157020210","tract",2023,"transportation_rnk",29.4393
"47157020221","tract",2023,"transportation_rnk",14.2044
"47157020222","tract",2023,"transportation_rnk",14.8124
"47157020301","tract",2023,"transportation_rnk",8.1039
"47157020302","tract",2023,"transportation_rnk",50.1789
"47157020400","tract",2023,"transportation_rnk",54.7338
"47157020511","tract",2023,"transportation_rnk",10.3307
"47157020521","tract",2023,"transportation_rnk",11.2573
"47157020523","tract",2023,"transportation_rnk",67.8651
"47157020524","tract",2023,"transportation_rnk",40.4952
"47157020531","tract",2023,"transportation_rnk",14.3058
"47157020532","tract",2023,"transportation_rnk",21.9189
"47157020541","tract",2023,"transportation_rnk",21.4025
"47157020542","tract",2023,"transportation_rnk",35.7351
"47157020543","tract",2023,"transportation_rnk",62.6338
"47157020544","tract",2023,"transportation_rnk",48.1681
"47157020610","tract",2023,"transportation_rnk",31.9664
"47157020621","tract",2023,"transportation_rnk",13.6099
"47157020622","tract",2023,"transportation_rnk",7.5912
"47157020632","tract",2023,"transportation_rnk",12.5783
"47157020633","tract",2023,"transportation_rnk",30.5197
"47157020634","tract",2023,"transportation_rnk",6.8965
"47157020635","tract",2023,"transportation_rnk",6.9783
"47157020651","tract",2023,"transportation_rnk",22.7125
"47157020652","tract",2023,"transportation_rnk",7.5912
"47157020653","tract",2023,"transportation_rnk",5.9101
"47157020654","tract",2023,"transportation_rnk",6.8318
"47157020655","tract",2023,"transportation_rnk",1.686
"47157020656","tract",2023,"transportation_rnk",18.6751
"47157020657","tract",2023,"transportation_rnk",7.0235
"47157020658","tract",2023,"transportation_rnk",12.3158
"47157020700","tract",2023,"transportation_rnk",3.3146
"47157020833","tract",2023,"transportation_rnk",11.1157
"47157020834","tract",2023,"transportation_rnk",6.6475
"47157020835","tract",2023,"transportation_rnk",5.4767
"47157020836","tract",2023,"transportation_rnk",9.984
"47157020837","tract",2023,"transportation_rnk",12.9006
"47157020901","tract",2023,"transportation_rnk",1.5578
"47157020902","tract",2023,"transportation_rnk",10.736
"47157021020","tract",2023,"transportation_rnk",2.4893
"47157021021","tract",2023,"transportation_rnk",9.984
"47157021022","tract",2023,"transportation_rnk",17.7143
"47157021023","tract",2023,"transportation_rnk",12.5295
"47157021111","tract",2023,"transportation_rnk",20.8263
"47157021112","tract",2023,"transportation_rnk",19.3112
"47157021113","tract",2023,"transportation_rnk",19.0963
"47157021121","tract",2023,"transportation_rnk",32.4474
"47157021122","tract",2023,"transportation_rnk",43.4813
"47157021124","tract",2023,"transportation_rnk",26.4006
"47157021125","tract",2023,"transportation_rnk",27.8314
"47157021126","tract",2023,"transportation_rnk",15.6231
"47157021135","tract",2023,"transportation_rnk",34.9318
"47157021136","tract",2023,"transportation_rnk",17.3774
"47157021138","tract",2023,"transportation_rnk",24.1982
"47157021139","tract",2023,"transportation_rnk",2.4575
"47157021140","tract",2023,"transportation_rnk",20.764
"47157021141","tract",2023,"transportation_rnk",9.9022
"47157021142","tract",2023,"transportation_rnk",41.5695
"47157021143","tract",2023,"transportation_rnk",35.8731
"47157021144","tract",2023,"transportation_rnk",10.4211
"47157021200","tract",2023,"transportation_rnk",NA
"47157021311","tract",2023,"transportation_rnk",12.3158
"47157021312","tract",2023,"transportation_rnk",17.7143
"47157021320","tract",2023,"transportation_rnk",23.4462
"47157021331","tract",2023,"transportation_rnk",12.3683
"47157021333","tract",2023,"transportation_rnk",25.3678
"47157021334","tract",2023,"transportation_rnk",22.0984
"47157021341","tract",2023,"transportation_rnk",36.3358
"47157021351","tract",2023,"transportation_rnk",28.3857
"47157021352","tract",2023,"transportation_rnk",12.6747
"47157021354","tract",2023,"transportation_rnk",32.3522
"47157021355","tract",2023,"transportation_rnk",14.3058
"47157021356","tract",2023,"transportation_rnk",22.0007
"47157021357","tract",2023,"transportation_rnk",12.2157
"47157021410","tract",2023,"transportation_rnk",5.9479
"47157021420","tract",2023,"transportation_rnk",7.2921
"47157021430","tract",2023,"transportation_rnk",40.2461
"47157021530","tract",2023,"transportation_rnk",25.1273
"47157021541","tract",2023,"transportation_rnk",32.8723
"47157021542","tract",2023,"transportation_rnk",6.0248
"47157021543","tract",2023,"transportation_rnk",1.5688
"47157021544","tract",2023,"transportation_rnk",42.3423
"47157021545","tract",2023,"transportation_rnk",42.6292
"47157021546","tract",2023,"transportation_rnk",39.101
"47157021547","tract",2023,"transportation_rnk",11.6334
"47157021548","tract",2023,"transportation_rnk",29.3758
"47157021611","tract",2023,"transportation_rnk",9.4249
"47157021612","tract",2023,"transportation_rnk",4.5696
"47157021613","tract",2023,"transportation_rnk",27.1844
"47157021620","tract",2023,"transportation_rnk",48.1022
"47157021710","tract",2023,"transportation_rnk",32.4474
"47157021721","tract",2023,"transportation_rnk",40.4292
"47157021724","tract",2023,"transportation_rnk",49.7882
"47157021725","tract",2023,"transportation_rnk",54.3566
"47157021731","tract",2023,"transportation_rnk",36.84
"47157021744","tract",2023,"transportation_rnk",18.547
"47157021745","tract",2023,"transportation_rnk",19.1537
"47157021746","tract",2023,"transportation_rnk",31.5599
"47157021747","tract",2023,"transportation_rnk",4.4072
"47157021751","tract",2023,"transportation_rnk",6.3545
"47157021752","tract",2023,"transportation_rnk",13.8858
"47157021753","tract",2023,"transportation_rnk",23.8466
"47157021754","tract",2023,"transportation_rnk",23.1495
"47157021755","tract",2023,"transportation_rnk",54.1527
"47157021756","tract",2023,"transportation_rnk",52.1896
"47157021757","tract",2023,"transportation_rnk",35.0795
"47157021758","tract",2023,"transportation_rnk",58.0191
"47157021759","tract",2023,"transportation_rnk",13.2864
"47157021760","tract",2023,"transportation_rnk",18.6751
"47157021900","tract",2023,"transportation_rnk",20.764
"47157022023","tract",2023,"transportation_rnk",34.2054
"47157022024","tract",2023,"transportation_rnk",22.5953
"47157022025","tract",2023,"transportation_rnk",54.2442
"47157022026","tract",2023,"transportation_rnk",54.1795
"47157022111","tract",2023,"transportation_rnk",68.4633
"47157022121","tract",2023,"transportation_rnk",11.6773
"47157022122","tract",2023,"transportation_rnk",22.0007
"47157022130","tract",2023,"transportation_rnk",42.8807
"47157022131","tract",2023,"transportation_rnk",80.5313
"47157022132","tract",2023,"transportation_rnk",21.4721
"47157022210","tract",2023,"transportation_rnk",46.9278
"47157022220","tract",2023,"transportation_rnk",51.5267
"47157022310","tract",2023,"transportation_rnk",52.4557
"47157022321","tract",2023,"transportation_rnk",40.019
"47157022322","tract",2023,"transportation_rnk",56.0267
"47157022330","tract",2023,"transportation_rnk",15.7903
"47157022410","tract",2023,"transportation_rnk",24.9686
"47157022500","tract",2023,"transportation_rnk",43.2311
"47157022600","tract",2023,"transportation_rnk",43.5741
"47157022700","tract",2023,"transportation_rnk",48.8286
"47157980100","tract",2023,"transportation_rnk",NA
"47157980200","tract",2023,"transportation_rnk",NA
"47157980300","tract",2023,"transportation_rnk",NA
"47157980401","tract",2023,"transportation_rnk",NA
"47157980402","tract",2023,"transportation_rnk",NA
"47159975000","tract",2023,"transportation_rnk",12.3683
"47159975100","tract",2023,"transportation_rnk",13.0398
"47159975200","tract",2023,"transportation_rnk",9.3211
"47159975300","tract",2023,"transportation_rnk",2.9129
"47159975400","tract",2023,"transportation_rnk",4.1508
"47161110201","tract",2023,"transportation_rnk",17.7778
"47161110202","tract",2023,"transportation_rnk",6.6475
"47161110600","tract",2023,"transportation_rnk",37.2307
"47161110700","tract",2023,"transportation_rnk",27.8314
"47161980100","tract",2023,"transportation_rnk",NA
"47161980200","tract",2023,"transportation_rnk",NA
"47163040200","tract",2023,"transportation_rnk",79.656
"47163040300","tract",2023,"transportation_rnk",74.3124
"47163040500","tract",2023,"transportation_rnk",67.5563
"47163040600","tract",2023,"transportation_rnk",72.9719
"47163040700","tract",2023,"transportation_rnk",26.9158
"47163040800","tract",2023,"transportation_rnk",62.3311
"47163040900","tract",2023,"transportation_rnk",71.2163
"47163041000","tract",2023,"transportation_rnk",10.476
"47163041100","tract",2023,"transportation_rnk",57.7383
"47163041200","tract",2023,"transportation_rnk",54.4738
"47163041300","tract",2023,"transportation_rnk",9.6483
"47163041400","tract",2023,"transportation_rnk",3.3146
"47163041500","tract",2023,"transportation_rnk",25.0736
"47163041600","tract",2023,"transportation_rnk",57.278
"47163041700","tract",2023,"transportation_rnk",29.7103
"47163041800","tract",2023,"transportation_rnk",51.5816
"47163041900","tract",2023,"transportation_rnk",43.5387
"47163042000","tract",2023,"transportation_rnk",17.6448
"47163042100","tract",2023,"transportation_rnk",54.7021
"47163042200","tract",2023,"transportation_rnk",33.4534
"47163042300","tract",2023,"transportation_rnk",48.4611
"47163042400","tract",2023,"transportation_rnk",16.0516
"47163042500","tract",2023,"transportation_rnk",3.3414
"47163042600","tract",2023,"transportation_rnk",63.7277
"47163042702","tract",2023,"transportation_rnk",40.9481
"47163042703","tract",2023,"transportation_rnk",34.2591
"47163042704","tract",2023,"transportation_rnk",21.4025
"47163042801","tract",2023,"transportation_rnk",48.8286
"47163042802","tract",2023,"transportation_rnk",69.4217
"47163042900","tract",2023,"transportation_rnk",54.1148
"47163043000","tract",2023,"transportation_rnk",30.6687
"47163043100","tract",2023,"transportation_rnk",15.3301
"47163043201","tract",2023,"transportation_rnk",8.3566
"47163043202","tract",2023,"transportation_rnk",18.6165
"47163043301","tract",2023,"transportation_rnk",4.5916
"47163043302","tract",2023,"transportation_rnk",4.7075
"47163043401","tract",2023,"transportation_rnk",28.1977
"47163043402","tract",2023,"transportation_rnk",8.2407
"47163043500","tract",2023,"transportation_rnk",3.2572
"47163043600","tract",2023,"transportation_rnk",3.6674
"47165020101","tract",2023,"transportation_rnk",35.3347
"47165020102","tract",2023,"transportation_rnk",5.9479
"47165020203","tract",2023,"transportation_rnk",10.1964
"47165020204","tract",2023,"transportation_rnk",1.9192
"47165020205","tract",2023,"transportation_rnk",11.6773
"47165020206","tract",2023,"transportation_rnk",21.8615
"47165020207","tract",2023,"transportation_rnk",10.9265
"47165020208","tract",2023,"transportation_rnk",16.9452
"47165020209","tract",2023,"transportation_rnk",7.6656
"47165020300","tract",2023,"transportation_rnk",25.4166
"47165020403","tract",2023,"transportation_rnk",5.4767
"47165020404","tract",2023,"transportation_rnk",8.9829
"47165020405","tract",2023,"transportation_rnk",10.2746
"47165020406","tract",2023,"transportation_rnk",5.2777
"47165020407","tract",2023,"transportation_rnk",6.8965
"47165020501","tract",2023,"transportation_rnk",19.2099
"47165020502","tract",2023,"transportation_rnk",15.3862
"47165020503","tract",2023,"transportation_rnk",28.5969
"47165020601","tract",2023,"transportation_rnk",23.2777
"47165020602","tract",2023,"transportation_rnk",8.5129
"47165020603","tract",2023,"transportation_rnk",11.5406
"47165020700","tract",2023,"transportation_rnk",86.4194
"47165020800","tract",2023,"transportation_rnk",49.4708
"47165020901","tract",2023,"transportation_rnk",4.8186
"47165020903","tract",2023,"transportation_rnk",28.0268
"47165020904","tract",2023,"transportation_rnk",35.6082
"47165020905","tract",2023,"transportation_rnk",77.6807
"47165021002","tract",2023,"transportation_rnk",80.9147
"47165021004","tract",2023,"transportation_rnk",28.1977
"47165021005","tract",2023,"transportation_rnk",74.8642
"47165021006","tract",2023,"transportation_rnk",7.5912
"47165021007","tract",2023,"transportation_rnk",27.0391
"47165021008","tract",2023,"transportation_rnk",76.5917
"47165021009","tract",2023,"transportation_rnk",80.8402
"47165021103","tract",2023,"transportation_rnk",79.8403
"47165021104","tract",2023,"transportation_rnk",79.8061
"47165021105","tract",2023,"transportation_rnk",79.4448
"47165021106","tract",2023,"transportation_rnk",81.0233
"47165021107","tract",2023,"transportation_rnk",72.2028
"47165021201","tract",2023,"transportation_rnk",73.763
"47165021203","tract",2023,"transportation_rnk",22.9408
"47165021204","tract",2023,"transportation_rnk",78.4486
"47165021205","tract",2023,"transportation_rnk",79.9746
"47167040100","tract",2023,"transportation_rnk",3.5026
"47167040200","tract",2023,"transportation_rnk",21.4025
"47167040302","tract",2023,"transportation_rnk",2.2549
"47167040303","tract",2023,"transportation_rnk",12.0668
"47167040304","tract",2023,"transportation_rnk",3.1192
"47167040400","tract",2023,"transportation_rnk",19.7446
"47167040500","tract",2023,"transportation_rnk",26.9903
"47167040601","tract",2023,"transportation_rnk",30.0033
"47167040602","tract",2023,"transportation_rnk",14.8124
"47167040700","tract",2023,"transportation_rnk",83.6371
"47167040800","tract",2023,"transportation_rnk",10.3771
"47167040900","tract",2023,"transportation_rnk",1.1268
"47167041000","tract",2023,"transportation_rnk",12.9006
"47169090100","tract",2023,"transportation_rnk",11.1682
"47169090200","tract",2023,"transportation_rnk",16.2176
"47171080100","tract",2023,"transportation_rnk",6.9368
"47171080200","tract",2023,"transportation_rnk",16.5143
"47171080300","tract",2023,"transportation_rnk",23.2191
"47171080400","tract",2023,"transportation_rnk",42.4168
"47173040101","tract",2023,"transportation_rnk",8.3957
"47173040102","tract",2023,"transportation_rnk",4.8186
"47173040201","tract",2023,"transportation_rnk",16.8988
"47173040202","tract",2023,"transportation_rnk",10.2318
"47173040300","tract",2023,"transportation_rnk",58.4036
"47175925000","tract",2023,"transportation_rnk",64.5164
"47175925200","tract",2023,"transportation_rnk",5.5817
"47177930100","tract",2023,"transportation_rnk",9.2039
"47177930201","tract",2023,"transportation_rnk",6.7341
"47177930202","tract",2023,"transportation_rnk",0.619
"47177930300","tract",2023,"transportation_rnk",1.7043
"47177930400","tract",2023,"transportation_rnk",47.7457
"47177930500","tract",2023,"transportation_rnk",40.6771
"47177930600","tract",2023,"transportation_rnk",16.6205
"47177930700","tract",2023,"transportation_rnk",22.4121
"47177930800","tract",2023,"transportation_rnk",1.0414
"47177930900","tract",2023,"transportation_rnk",15.3301
"47179060100","tract",2023,"transportation_rnk",72.6703
"47179060401","tract",2023,"transportation_rnk",53.2786
"47179060402","tract",2023,"transportation_rnk",60.6732
"47179060501","tract",2023,"transportation_rnk",62.3591
"47179060503","tract",2023,"transportation_rnk",5.1397
"47179060504","tract",2023,"transportation_rnk",63.641
"47179060601","tract",2023,"transportation_rnk",51.6927
"47179060602","tract",2023,"transportation_rnk",75.5295
"47179060700","tract",2023,"transportation_rnk",NA
"47179060800","tract",2023,"transportation_rnk",41.2057
"47179060901","tract",2023,"transportation_rnk",79.4155
"47179060902","tract",2023,"transportation_rnk",86.0776
"47179061000","tract",2023,"transportation_rnk",69.0615
"47179061100","tract",2023,"transportation_rnk",71.1797
"47179061200","tract",2023,"transportation_rnk",16.6205
"47179061301","tract",2023,"transportation_rnk",74.0072
"47179061302","tract",2023,"transportation_rnk",48.7493
"47179061401","tract",2023,"transportation_rnk",2.51
"47179061403","tract",2023,"transportation_rnk",55.9412
"47179061404","tract",2023,"transportation_rnk",12.6283
"47179061500","tract",2023,"transportation_rnk",10.592
"47179061601","tract",2023,"transportation_rnk",2.8104
"47179061603","tract",2023,"transportation_rnk",1.3148
"47179061604","tract",2023,"transportation_rnk",0.8106
"47179061701","tract",2023,"transportation_rnk",59.0141
"47179061703","tract",2023,"transportation_rnk",12.7895
"47179061704","tract",2023,"transportation_rnk",74.3124
"47179061800","tract",2023,"transportation_rnk",10.1366
"47179061902","tract",2023,"transportation_rnk",15.9551
"47179061903","tract",2023,"transportation_rnk",10.476
"47179061904","tract",2023,"transportation_rnk",0.5543
"47179062000","tract",2023,"transportation_rnk",64.0036
"47181950100","tract",2023,"transportation_rnk",NA
"47181950200","tract",2023,"transportation_rnk",11.9227
"47181950300","tract",2023,"transportation_rnk",4.7918
"47181950400","tract",2023,"transportation_rnk",5.2777
"47183968000","tract",2023,"transportation_rnk",8.8694
"47183968101","tract",2023,"transportation_rnk",70.9831
"47183968102","tract",2023,"transportation_rnk",10.6921
"47183968201","tract",2023,"transportation_rnk",16.7438
"47183968202","tract",2023,"transportation_rnk",NA
"47183968203","tract",2023,"transportation_rnk",51.982
"47183968300","tract",2023,"transportation_rnk",14.6439
"47183968400","tract",2023,"transportation_rnk",3.748
"47183968500","tract",2023,"transportation_rnk",22.8968
"47183968600","tract",2023,"transportation_rnk",10.6921
"47183968700","tract",2023,"transportation_rnk",13.102
"47185935000","tract",2023,"transportation_rnk",9.3553
"47185935100","tract",2023,"transportation_rnk",2.615
"47185935200","tract",2023,"transportation_rnk",16.4557
"47185935300","tract",2023,"transportation_rnk",11.7774
"47185935400","tract",2023,"transportation_rnk",15.2031
"47185935500","tract",2023,"transportation_rnk",15.3862
"47187050102","tract",2023,"transportation_rnk",32.9028
"47187050103","tract",2023,"transportation_rnk",22.0398
"47187050104","tract",2023,"transportation_rnk",32.5866
"47187050105","tract",2023,"transportation_rnk",41.9236
"47187050204","tract",2023,"transportation_rnk",20.7176
"47187050205","tract",2023,"transportation_rnk",73.4749
"47187050206","tract",2023,"transportation_rnk",78.2667
"47187050207","tract",2023,"transportation_rnk",80.607
"47187050209","tract",2023,"transportation_rnk",77.3718
"47187050210","tract",2023,"transportation_rnk",76.4085
"47187050211","tract",2023,"transportation_rnk",51.6463
"47187050212","tract",2023,"transportation_rnk",12.4245
"47187050303","tract",2023,"transportation_rnk",78.1873
"47187050304","tract",2023,"transportation_rnk",86.6196
"47187050305","tract",2023,"transportation_rnk",7.6266
"47187050306","tract",2023,"transportation_rnk",76.9872
"47187050307","tract",2023,"transportation_rnk",40.4622
"47187050403","tract",2023,"transportation_rnk",16.6205
"47187050404","tract",2023,"transportation_rnk",24.7696
"47187050405","tract",2023,"transportation_rnk",8.9097
"47187050406","tract",2023,"transportation_rnk",37.7288
"47187050502","tract",2023,"transportation_rnk",7.7889
"47187050503","tract",2023,"transportation_rnk",27.724
"47187050504","tract",2023,"transportation_rnk",17.8987
"47187050601","tract",2023,"transportation_rnk",42.7867
"47187050603","tract",2023,"transportation_rnk",83.9387
"47187050604","tract",2023,"transportation_rnk",39.8237
"47187050701","tract",2023,"transportation_rnk",79.1713
"47187050702","tract",2023,"transportation_rnk",16.391
"47187050801","tract",2023,"transportation_rnk",87.9113
"47187050802","tract",2023,"transportation_rnk",78.2667
"47187050904","tract",2023,"transportation_rnk",24.02
"47187050905","tract",2023,"transportation_rnk",86.5879
"47187050906","tract",2023,"transportation_rnk",80.8683
"47187050907","tract",2023,"transportation_rnk",82.7325
"47187050908","tract",2023,"transportation_rnk",83.9252
"47187050909","tract",2023,"transportation_rnk",8.8694
"47187051001","tract",2023,"transportation_rnk",82.5237
"47187051002","tract",2023,"transportation_rnk",30.4721
"47187051100","tract",2023,"transportation_rnk",23.0091
"47187051203","tract",2023,"transportation_rnk",7.6656
"47187051204","tract",2023,"transportation_rnk",38.5797
"47187051205","tract",2023,"transportation_rnk",20.9447
"47187051206","tract",2023,"transportation_rnk",69.6439
"47187051207","tract",2023,"transportation_rnk",62.0259
"47187051208","tract",2023,"transportation_rnk",17.4885
"47189030102","tract",2023,"transportation_rnk",1.7763
"47189030103","tract",2023,"transportation_rnk",6.153
"47189030104","tract",2023,"transportation_rnk",16.391
"47189030105","tract",2023,"transportation_rnk",17.176
"47189030202","tract",2023,"transportation_rnk",39.0595
"47189030203","tract",2023,"transportation_rnk",6.153
"47189030205","tract",2023,"transportation_rnk",23.2777
"47189030206","tract",2023,"transportation_rnk",38.6981
"47189030207","tract",2023,"transportation_rnk",11.3343
"47189030303","tract",2023,"transportation_rnk",75.8177
"47189030304","tract",2023,"transportation_rnk",77.5073
"47189030305","tract",2023,"transportation_rnk",69.3326
"47189030308","tract",2023,"transportation_rnk",12.1632
"47189030309","tract",2023,"transportation_rnk",81.6557
"47189030310","tract",2023,"transportation_rnk",28.7605
"47189030311","tract",2023,"transportation_rnk",70.1347
"47189030401","tract",2023,"transportation_rnk",24.8184
"47189030402","tract",2023,"transportation_rnk",29.1096
"47189030500","tract",2023,"transportation_rnk",32.2533
"47189030600","tract",2023,"transportation_rnk",23.7441
"47189030700","tract",2023,"transportation_rnk",50.8613
"47189030800","tract",2023,"transportation_rnk",2.6773
"47189030904","tract",2023,"transportation_rnk",3.2572
"47189030905","tract",2023,"transportation_rnk",2.4575
"47189030906","tract",2023,"transportation_rnk",5.3216
"47189030907","tract",2023,"transportation_rnk",24.02
"47189030908","tract",2023,"transportation_rnk",43.5741
"47189031000","tract",2023,"transportation_rnk",2.7444
"47001020100","tract",2023,"transportation_state_rnk",69.9939
"47001020201","tract",2023,"transportation_state_rnk",80.2184
"47001020202","tract",2023,"transportation_state_rnk",90.8374
"47001020300","tract",2023,"transportation_state_rnk",82.4636
"47001020400","tract",2023,"transportation_state_rnk",83.5558
"47001020500","tract",2023,"transportation_state_rnk",87.9854
"47001020600","tract",2023,"transportation_state_rnk",82.7063
"47001020700","tract",2023,"transportation_state_rnk",41.8386
"47001020800","tract",2023,"transportation_state_rnk",29.551
"47001020901","tract",2023,"transportation_state_rnk",24.6663
"47001020902","tract",2023,"transportation_state_rnk",3.125
"47001021001","tract",2023,"transportation_state_rnk",2.7306
"47001021002","tract",2023,"transportation_state_rnk",42.4454
"47001021100","tract",2023,"transportation_state_rnk",5.4612
"47001021201","tract",2023,"transportation_state_rnk",74.2112
"47001021202","tract",2023,"transportation_state_rnk",84.1626
"47001021301","tract",2023,"transportation_state_rnk",24.0898
"47001021303","tract",2023,"transportation_state_rnk",8.6772
"47001021304","tract",2023,"transportation_state_rnk",64.2597
"47001980100","tract",2023,"transportation_state_rnk",NA
"47003950100","tract",2023,"transportation_state_rnk",62.2269
"47003950201","tract",2023,"transportation_state_rnk",12.0752
"47003950202","tract",2023,"transportation_state_rnk",3.034
"47003950300","tract",2023,"transportation_state_rnk",1.6383
"47003950401","tract",2023,"transportation_state_rnk",32.767
"47003950402","tract",2023,"transportation_state_rnk",55.8252
"47003950500","tract",2023,"transportation_state_rnk",57.7063
"47003950600","tract",2023,"transportation_state_rnk",69.5995
"47003950700","tract",2023,"transportation_state_rnk",7.585
"47003950800","tract",2023,"transportation_state_rnk",9.9818
"47005963000","tract",2023,"transportation_state_rnk",47.2998
"47005963100","tract",2023,"transportation_state_rnk",16.7172
"47005963200","tract",2023,"transportation_state_rnk",29.0049
"47005963300","tract",2023,"transportation_state_rnk",33.3738
"47005963400","tract",2023,"transportation_state_rnk",49.7573
"47007953000","tract",2023,"transportation_state_rnk",43.8714
"47007953101","tract",2023,"transportation_state_rnk",1.9721
"47007953102","tract",2023,"transportation_state_rnk",63.4102
"47007953200","tract",2023,"transportation_state_rnk",64.5631
"47009010100","tract",2023,"transportation_state_rnk",66.0801
"47009010200","tract",2023,"transportation_state_rnk",55.1881
"47009010301","tract",2023,"transportation_state_rnk",45.8131
"47009010302","tract",2023,"transportation_state_rnk",4.3689
"47009010400","tract",2023,"transportation_state_rnk",8.0097
"47009010500","tract",2023,"transportation_state_rnk",61.5595
"47009010600","tract",2023,"transportation_state_rnk",76.4563
"47009010700","tract",2023,"transportation_state_rnk",70.449
"47009010800","tract",2023,"transportation_state_rnk",41.5959
"47009010900","tract",2023,"transportation_state_rnk",9.4053
"47009011001","tract",2023,"transportation_state_rnk",13.2282
"47009011002","tract",2023,"transportation_state_rnk",28.034
"47009011101","tract",2023,"transportation_state_rnk",72.5728
"47009011102","tract",2023,"transportation_state_rnk",77.3362
"47009011201","tract",2023,"transportation_state_rnk",58.1917
"47009011202","tract",2023,"transportation_state_rnk",24.5752
"47009011301","tract",2023,"transportation_state_rnk",12.409
"47009011302","tract",2023,"transportation_state_rnk",12.682
"47009011401","tract",2023,"transportation_state_rnk",24.909
"47009011403","tract",2023,"transportation_state_rnk",9.7087
"47009011404","tract",2023,"transportation_state_rnk",43.1735
"47009011501","tract",2023,"transportation_state_rnk",31.1893
"47009011502","tract",2023,"transportation_state_rnk",19.0837
"47009011503","tract",2023,"transportation_state_rnk",13.3495
"47009011603","tract",2023,"transportation_state_rnk",45.267
"47009011604","tract",2023,"transportation_state_rnk",21.1468
"47009011605","tract",2023,"transportation_state_rnk",37.1663
"47009011606","tract",2023,"transportation_state_rnk",0.4854
"47009011607","tract",2023,"transportation_state_rnk",15.3519
"47009980100","tract",2023,"transportation_state_rnk",NA
"47009980200","tract",2023,"transportation_state_rnk",NA
"47011010100","tract",2023,"transportation_state_rnk",79.1262
"47011010201","tract",2023,"transportation_state_rnk",78.7621
"47011010202","tract",2023,"transportation_state_rnk",29.3993
"47011010300","tract",2023,"transportation_state_rnk",33.4648
"47011010400","tract",2023,"transportation_state_rnk",91.7476
"47011010500","tract",2023,"transportation_state_rnk",NA
"47011010600","tract",2023,"transportation_state_rnk",79.915
"47011010700","tract",2023,"transportation_state_rnk",83.9806
"47011010800","tract",2023,"transportation_state_rnk",69.9029
"47011010900","tract",2023,"transportation_state_rnk",67.9005
"47011011000","tract",2023,"transportation_state_rnk",33.6772
"47011011101","tract",2023,"transportation_state_rnk",70.2063
"47011011102","tract",2023,"transportation_state_rnk",16.8689
"47011011201","tract",2023,"transportation_state_rnk",39.4417
"47011011203","tract",2023,"transportation_state_rnk",6.6141
"47011011204","tract",2023,"transportation_state_rnk",78.7015
"47011011301","tract",2023,"transportation_state_rnk",28.4284
"47011011302","tract",2023,"transportation_state_rnk",19.7816
"47011011402","tract",2023,"transportation_state_rnk",50.3641
"47011011403","tract",2023,"transportation_state_rnk",24.0898
"47011011404","tract",2023,"transportation_state_rnk",46.8143
"47011011501","tract",2023,"transportation_state_rnk",51.517
"47011011502","tract",2023,"transportation_state_rnk",34.3143
"47011011601","tract",2023,"transportation_state_rnk",23.665
"47011011602","tract",2023,"transportation_state_rnk",26.9114
"47013950100","tract",2023,"transportation_state_rnk",42.7488
"47013950200","tract",2023,"transportation_state_rnk",59.5874
"47013950300","tract",2023,"transportation_state_rnk",29.6723
"47013950400","tract",2023,"transportation_state_rnk",40.716
"47013950500","tract",2023,"transportation_state_rnk",37.7124
"47013950601","tract",2023,"transportation_state_rnk",36.6201
"47013950602","tract",2023,"transportation_state_rnk",52.6092
"47013950701","tract",2023,"transportation_state_rnk",26.5777
"47013950702","tract",2023,"transportation_state_rnk",32.4939
"47013950800","tract",2023,"transportation_state_rnk",40.1092
"47013950900","tract",2023,"transportation_state_rnk",13.5012
"47013951000","tract",2023,"transportation_state_rnk",43.4163
"47013951100","tract",2023,"transportation_state_rnk",15.1092
"47015960100","tract",2023,"transportation_state_rnk",22.057
"47015960201","tract",2023,"transportation_state_rnk",50.4854
"47015960202","tract",2023,"transportation_state_rnk",14.7451
"47015960300","tract",2023,"transportation_state_rnk",1.335
"47017962000","tract",2023,"transportation_state_rnk",50.9102
"47017962101","tract",2023,"transportation_state_rnk",35.5583
"47017962102","tract",2023,"transportation_state_rnk",28.2767
"47017962201","tract",2023,"transportation_state_rnk",83.1614
"47017962202","tract",2023,"transportation_state_rnk",51.1226
"47017962300","tract",2023,"transportation_state_rnk",36.7415
"47017962400","tract",2023,"transportation_state_rnk",40.8374
"47017962500","tract",2023,"transportation_state_rnk",16.2621
"47017980100","tract",2023,"transportation_state_rnk",NA
"47019070100","tract",2023,"transportation_state_rnk",89.3811
"47019070200","tract",2023,"transportation_state_rnk",49.6966
"47019070300","tract",2023,"transportation_state_rnk",81.9782
"47019070400","tract",2023,"transportation_state_rnk",81.7658
"47019070500","tract",2023,"transportation_state_rnk",30.5218
"47019070600","tract",2023,"transportation_state_rnk",73.0583
"47019070700","tract",2023,"transportation_state_rnk",23.8774
"47019070800","tract",2023,"transportation_state_rnk",79.733
"47019070900","tract",2023,"transportation_state_rnk",51.1226
"47019071000","tract",2023,"transportation_state_rnk",1.3956
"47019071100","tract",2023,"transportation_state_rnk",10.1638
"47019071200","tract",2023,"transportation_state_rnk",29.2476
"47019071301","tract",2023,"transportation_state_rnk",0.182
"47019071302","tract",2023,"transportation_state_rnk",0.6068
"47019071400","tract",2023,"transportation_state_rnk",42.0813
"47019071500","tract",2023,"transportation_state_rnk",8.8289
"47019071600","tract",2023,"transportation_state_rnk",65.9284
"47019071700","tract",2023,"transportation_state_rnk",2.4879
"47021070102","tract",2023,"transportation_state_rnk",19.5388
"47021070103","tract",2023,"transportation_state_rnk",59.5267
"47021070104","tract",2023,"transportation_state_rnk",25.1517
"47021070201","tract",2023,"transportation_state_rnk",20.9041
"47021070202","tract",2023,"transportation_state_rnk",7.4029
"47021070203","tract",2023,"transportation_state_rnk",14.3811
"47021070300","tract",2023,"transportation_state_rnk",60.3155
"47021070401","tract",2023,"transportation_state_rnk",29.2476
"47021070402","tract",2023,"transportation_state_rnk",61.3167
"47023970101","tract",2023,"transportation_state_rnk",4.551
"47023970102","tract",2023,"transportation_state_rnk",1.7597
"47023970200","tract",2023,"transportation_state_rnk",87.6214
"47023970301","tract",2023,"transportation_state_rnk",0.8495
"47023970302","tract",2023,"transportation_state_rnk",26.8204
"47025970100","tract",2023,"transportation_state_rnk",23.5437
"47025970200","tract",2023,"transportation_state_rnk",50.3641
"47025970300","tract",2023,"transportation_state_rnk",56.7354
"47025970400","tract",2023,"transportation_state_rnk",76.1833
"47025970500","tract",2023,"transportation_state_rnk",35.5583
"47025970600","tract",2023,"transportation_state_rnk",27.8519
"47025970700","tract",2023,"transportation_state_rnk",54.7633
"47025970800","tract",2023,"transportation_state_rnk",39.9272
"47025970900","tract",2023,"transportation_state_rnk",22.2694
"47027955000","tract",2023,"transportation_state_rnk",13.5012
"47027955100","tract",2023,"transportation_state_rnk",39.2294
"47029920100","tract",2023,"transportation_state_rnk",1.2743
"47029920200","tract",2023,"transportation_state_rnk",60.1032
"47029920300","tract",2023,"transportation_state_rnk",5.8252
"47029920400","tract",2023,"transportation_state_rnk",77.7609
"47029920501","tract",2023,"transportation_state_rnk",41.2015
"47029920502","tract",2023,"transportation_state_rnk",60.6493
"47029920600","tract",2023,"transportation_state_rnk",62.591
"47029920700","tract",2023,"transportation_state_rnk",34.0413
"47029980100","tract",2023,"transportation_state_rnk",NA
"47031970100","tract",2023,"transportation_state_rnk",8.3738
"47031970201","tract",2023,"transportation_state_rnk",58.5558
"47031970202","tract",2023,"transportation_state_rnk",18.2646
"47031970300","tract",2023,"transportation_state_rnk",45.176
"47031970401","tract",2023,"transportation_state_rnk",55.0971
"47031970402","tract",2023,"transportation_state_rnk",27.0934
"47031970501","tract",2023,"transportation_state_rnk",62.318
"47031970502","tract",2023,"transportation_state_rnk",65.9284
"47031970600","tract",2023,"transportation_state_rnk",51.8204
"47031970700","tract",2023,"transportation_state_rnk",22.2694
"47031970801","tract",2023,"transportation_state_rnk",55.5218
"47031970803","tract",2023,"transportation_state_rnk",46.0862
"47031970804","tract",2023,"transportation_state_rnk",28.6408
"47031970900","tract",2023,"transportation_state_rnk",63.8653
"47031971001","tract",2023,"transportation_state_rnk",65.7767
"47031971002","tract",2023,"transportation_state_rnk",47.6942
"47031980100","tract",2023,"transportation_state_rnk",NA
"47033961000","tract",2023,"transportation_state_rnk",24.7573
"47033961100","tract",2023,"transportation_state_rnk",46.0862
"47033961200","tract",2023,"transportation_state_rnk",50.0607
"47033961300","tract",2023,"transportation_state_rnk",1.8811
"47033961400","tract",2023,"transportation_state_rnk",15.1092
"47035970101","tract",2023,"transportation_state_rnk",65.716
"47035970103","tract",2023,"transportation_state_rnk",50.3641
"47035970104","tract",2023,"transportation_state_rnk",62.682
"47035970201","tract",2023,"transportation_state_rnk",73.8774
"47035970202","tract",2023,"transportation_state_rnk",10.3155
"47035970301","tract",2023,"transportation_state_rnk",5.4005
"47035970302","tract",2023,"transportation_state_rnk",63.3192
"47035970401","tract",2023,"transportation_state_rnk",54.915
"47035970402","tract",2023,"transportation_state_rnk",27.3362
"47035970501","tract",2023,"transportation_state_rnk",18.7197
"47035970502","tract",2023,"transportation_state_rnk",51.517
"47035970601","tract",2023,"transportation_state_rnk",13.8046
"47035970602","tract",2023,"transportation_state_rnk",52.8519
"47035970603","tract",2023,"transportation_state_rnk",15.8677
"47035970701","tract",2023,"transportation_state_rnk",26.1226
"47035970702","tract",2023,"transportation_state_rnk",9.8301
"47035970800","tract",2023,"transportation_state_rnk",8.4345
"47037010103","tract",2023,"transportation_state_rnk",35.801
"47037010104","tract",2023,"transportation_state_rnk",63.2282
"47037010105","tract",2023,"transportation_state_rnk",89.9879
"47037010106","tract",2023,"transportation_state_rnk",38.6226
"47037010201","tract",2023,"transportation_state_rnk",22.8155
"47037010202","tract",2023,"transportation_state_rnk",50.6068
"47037010301","tract",2023,"transportation_state_rnk",92.5971
"47037010302","tract",2023,"transportation_state_rnk",97.5121
"47037010303","tract",2023,"transportation_state_rnk",37.7124
"47037010401","tract",2023,"transportation_state_rnk",51.1226
"47037010403","tract",2023,"transportation_state_rnk",99.1505
"47037010404","tract",2023,"transportation_state_rnk",95.3883
"47037010501","tract",2023,"transportation_state_rnk",94.5995
"47037010502","tract",2023,"transportation_state_rnk",88.1068
"47037010601","tract",2023,"transportation_state_rnk",92.415
"47037010602","tract",2023,"transportation_state_rnk",90.6553
"47037010701","tract",2023,"transportation_state_rnk",97.7549
"47037010702","tract",2023,"transportation_state_rnk",97.6335
"47037010801","tract",2023,"transportation_state_rnk",97.3301
"47037010802","tract",2023,"transportation_state_rnk",95.8131
"47037010901","tract",2023,"transportation_state_rnk",61.4381
"47037010903","tract",2023,"transportation_state_rnk",97.8459
"47037010904","tract",2023,"transportation_state_rnk",94.2354
"47037011001","tract",2023,"transportation_state_rnk",98.0583
"47037011002","tract",2023,"transportation_state_rnk",41.96
"47037011100","tract",2023,"transportation_state_rnk",93.3859
"47037011200","tract",2023,"transportation_state_rnk",95.5704
"47037011300","tract",2023,"transportation_state_rnk",97.9976
"47037011400","tract",2023,"transportation_state_rnk",76.6383
"47037011500","tract",2023,"transportation_state_rnk",94.7209
"47037011600","tract",2023,"transportation_state_rnk",96.8447
"47037011700","tract",2023,"transportation_state_rnk",95.9951
"47037011800","tract",2023,"transportation_state_rnk",96.0558
"47037011900","tract",2023,"transportation_state_rnk",98.9078
"47037012100","tract",2023,"transportation_state_rnk",95.1456
"47037012200","tract",2023,"transportation_state_rnk",96.6323
"47037012600","tract",2023,"transportation_state_rnk",98.7257
"47037012701","tract",2023,"transportation_state_rnk",98.8471
"47037012702","tract",2023,"transportation_state_rnk",63.7743
"47037012801","tract",2023,"transportation_state_rnk",92.7791
"47037012802","tract",2023,"transportation_state_rnk",86.7112
"47037013001","tract",2023,"transportation_state_rnk",58.8896
"47037013002","tract",2023,"transportation_state_rnk",NA
"47037013100","tract",2023,"transportation_state_rnk",59.1626
"47037013201","tract",2023,"transportation_state_rnk",97.5728
"47037013202","tract",2023,"transportation_state_rnk",94.4175
"47037013300","tract",2023,"transportation_state_rnk",93.6286
"47037013400","tract",2023,"transportation_state_rnk",93.932
"47037013500","tract",2023,"transportation_state_rnk",98.483
"47037013600","tract",2023,"transportation_state_rnk",NA
"47037013701","tract",2023,"transportation_state_rnk",98.1189
"47037013702","tract",2023,"transportation_state_rnk",92.2633
"47037013800","tract",2023,"transportation_state_rnk",99.9393
"47037013900","tract",2023,"transportation_state_rnk",99.3325
"47037014200","tract",2023,"transportation_state_rnk",NA
"47037014300","tract",2023,"transportation_state_rnk",71.9053
"47037014400","tract",2023,"transportation_state_rnk",81.4624
"47037014800","tract",2023,"transportation_state_rnk",100
"47037015100","tract",2023,"transportation_state_rnk",93.0825
"47037015200","tract",2023,"transportation_state_rnk",92.5061
"47037015300","tract",2023,"transportation_state_rnk",68.2039
"47037015401","tract",2023,"transportation_state_rnk",60.1942
"47037015402","tract",2023,"transportation_state_rnk",92.6881
"47037015404","tract",2023,"transportation_state_rnk",97.3908
"47037015405","tract",2023,"transportation_state_rnk",95.3277
"47037015501","tract",2023,"transportation_state_rnk",62.5
"47037015502","tract",2023,"transportation_state_rnk",96.4806
"47037015609","tract",2023,"transportation_state_rnk",98.3617
"47037015613","tract",2023,"transportation_state_rnk",61.1347
"47037015614","tract",2023,"transportation_state_rnk",93.4466
"47037015615","tract",2023,"transportation_state_rnk",86.8932
"47037015617","tract",2023,"transportation_state_rnk",88.7743
"47037015618","tract",2023,"transportation_state_rnk",56.3714
"47037015619","tract",2023,"transportation_state_rnk",16.8689
"47037015620","tract",2023,"transportation_state_rnk",89.6238
"47037015622","tract",2023,"transportation_state_rnk",90.9587
"47037015623","tract",2023,"transportation_state_rnk",96.2379
"47037015624","tract",2023,"transportation_state_rnk",89.9272
"47037015625","tract",2023,"transportation_state_rnk",94.1141
"47037015626","tract",2023,"transportation_state_rnk",76.3653
"47037015627","tract",2023,"transportation_state_rnk",91.0801
"47037015628","tract",2023,"transportation_state_rnk",98.7864
"47037015629","tract",2023,"transportation_state_rnk",98.5437
"47037015630","tract",2023,"transportation_state_rnk",93.0218
"47037015632","tract",2023,"transportation_state_rnk",92.9612
"47037015633","tract",2023,"transportation_state_rnk",43.1735
"47037015634","tract",2023,"transportation_state_rnk",87.0752
"47037015635","tract",2023,"transportation_state_rnk",61.2257
"47037015636","tract",2023,"transportation_state_rnk",95.5097
"47037015637","tract",2023,"transportation_state_rnk",92.3544
"47037015700","tract",2023,"transportation_state_rnk",59.9515
"47037015804","tract",2023,"transportation_state_rnk",97.4515
"47037015805","tract",2023,"transportation_state_rnk",98.9684
"47037015806","tract",2023,"transportation_state_rnk",85.5279
"47037015900","tract",2023,"transportation_state_rnk",NA
"47037016000","tract",2023,"transportation_state_rnk",97.6942
"47037016100","tract",2023,"transportation_state_rnk",79.3689
"47037016200","tract",2023,"transportation_state_rnk",99.818
"47037016300","tract",2023,"transportation_state_rnk",79.824
"47037016400","tract",2023,"transportation_state_rnk",NA
"47037016500","tract",2023,"transportation_state_rnk",NA
"47037016600","tract",2023,"transportation_state_rnk",99.3932
"47037016700","tract",2023,"transportation_state_rnk",96.7233
"47037016800","tract",2023,"transportation_state_rnk",99.6966
"47037016900","tract",2023,"transportation_state_rnk",98.665
"47037017000","tract",2023,"transportation_state_rnk",84.466
"47037017100","tract",2023,"transportation_state_rnk",95.6917
"47037017200","tract",2023,"transportation_state_rnk",66.0801
"47037017300","tract",2023,"transportation_state_rnk",97.9369
"47037017401","tract",2023,"transportation_state_rnk",46.5716
"47037017402","tract",2023,"transportation_state_rnk",93.8107
"47037017500","tract",2023,"transportation_state_rnk",94.7816
"47037017701","tract",2023,"transportation_state_rnk",46.9357
"47037017702","tract",2023,"transportation_state_rnk",84.8908
"47037017800","tract",2023,"transportation_state_rnk",93.8714
"47037017901","tract",2023,"transportation_state_rnk",96.1165
"47037017902","tract",2023,"transportation_state_rnk",91.6566
"47037018000","tract",2023,"transportation_state_rnk",95.9345
"47037018101","tract",2023,"transportation_state_rnk",99.5146
"47037018102","tract",2023,"transportation_state_rnk",90.2913
"47037018201","tract",2023,"transportation_state_rnk",90.0485
"47037018203","tract",2023,"transportation_state_rnk",85.8617
"47037018204","tract",2023,"transportation_state_rnk",67.1723
"47037018205","tract",2023,"transportation_state_rnk",63.5316
"47037018302","tract",2023,"transportation_state_rnk",59.466
"47037018303","tract",2023,"transportation_state_rnk",68.2949
"47037018304","tract",2023,"transportation_state_rnk",41.0194
"47037018404","tract",2023,"transportation_state_rnk",97.2694
"47037018405","tract",2023,"transportation_state_rnk",91.1408
"47037018407","tract",2023,"transportation_state_rnk",89.4417
"47037018408","tract",2023,"transportation_state_rnk",94.9029
"47037018409","tract",2023,"transportation_state_rnk",95.8738
"47037018410","tract",2023,"transportation_state_rnk",90.5947
"47037018411","tract",2023,"transportation_state_rnk",51.2743
"47037018412","tract",2023,"transportation_state_rnk",92.2633
"47037018500","tract",2023,"transportation_state_rnk",87.4393
"47037018601","tract",2023,"transportation_state_rnk",49.2112
"47037018602","tract",2023,"transportation_state_rnk",90.716
"47037018700","tract",2023,"transportation_state_rnk",19.3568
"47037018801","tract",2023,"transportation_state_rnk",62.2269
"47037018803","tract",2023,"transportation_state_rnk",98.301
"47037018804","tract",2023,"transportation_state_rnk",90.3823
"47037018901","tract",2023,"transportation_state_rnk",94.9636
"47037018902","tract",2023,"transportation_state_rnk",96.6323
"47037018904","tract",2023,"transportation_state_rnk",96.3592
"47037018905","tract",2023,"transportation_state_rnk",96.784
"47037019003","tract",2023,"transportation_state_rnk",96.1772
"47037019004","tract",2023,"transportation_state_rnk",88.835
"47037019007","tract",2023,"transportation_state_rnk",97.8459
"47037019008","tract",2023,"transportation_state_rnk",95.7524
"47037019105","tract",2023,"transportation_state_rnk",92.1723
"47037019106","tract",2023,"transportation_state_rnk",94.8422
"47037019108","tract",2023,"transportation_state_rnk",76.0316
"47037019109","tract",2023,"transportation_state_rnk",93.2646
"47037019110","tract",2023,"transportation_state_rnk",66.3228
"47037019111","tract",2023,"transportation_state_rnk",96.4199
"47037019112","tract",2023,"transportation_state_rnk",58.7379
"47037019115","tract",2023,"transportation_state_rnk",57.585
"47037019116","tract",2023,"transportation_state_rnk",90.1699
"47037019117","tract",2023,"transportation_state_rnk",88.8956
"47037019118","tract",2023,"transportation_state_rnk",94.1748
"47037019119","tract",2023,"transportation_state_rnk",90.8981
"47037019120","tract",2023,"transportation_state_rnk",95.2063
"47037019121","tract",2023,"transportation_state_rnk",68.9624
"47037019200","tract",2023,"transportation_state_rnk",97.0874
"47037019300","tract",2023,"transportation_state_rnk",99.8786
"47037019401","tract",2023,"transportation_state_rnk",99.2718
"47037019402","tract",2023,"transportation_state_rnk",98.1796
"47037019501","tract",2023,"transportation_state_rnk",99.5752
"47037019502","tract",2023,"transportation_state_rnk",98.4223
"47037019503","tract",2023,"transportation_state_rnk",94.6602
"47037019600","tract",2023,"transportation_state_rnk",70.6311
"47037980100","tract",2023,"transportation_state_rnk",NA
"47037980200","tract",2023,"transportation_state_rnk",NA
"47039955001","tract",2023,"transportation_state_rnk",6.341
"47039955003","tract",2023,"transportation_state_rnk",14.3811
"47039955004","tract",2023,"transportation_state_rnk",60.4066
"47039955101","tract",2023,"transportation_state_rnk",37.0449
"47039955102","tract",2023,"transportation_state_rnk",53.5194
"47041920101","tract",2023,"transportation_state_rnk",15.2306
"47041920102","tract",2023,"transportation_state_rnk",8.1917
"47041920201","tract",2023,"transportation_state_rnk",64.3811
"47041920202","tract",2023,"transportation_state_rnk",10.4369
"47041920300","tract",2023,"transportation_state_rnk",66.5049
"47043060100","tract",2023,"transportation_state_rnk",10.4369
"47043060201","tract",2023,"transportation_state_rnk",0.9102
"47043060202","tract",2023,"transportation_state_rnk",67.8398
"47043060300","tract",2023,"transportation_state_rnk",56.6748
"47043060401","tract",2023,"transportation_state_rnk",13.5012
"47043060402","tract",2023,"transportation_state_rnk",6.4624
"47043060501","tract",2023,"transportation_state_rnk",31.9782
"47043060502","tract",2023,"transportation_state_rnk",55.0364
"47043060601","tract",2023,"transportation_state_rnk",10.1638
"47043060602","tract",2023,"transportation_state_rnk",59.7998
"47043060700","tract",2023,"transportation_state_rnk",26.5777
"47045964001","tract",2023,"transportation_state_rnk",39.017
"47045964002","tract",2023,"transportation_state_rnk",11.1347
"47045964200","tract",2023,"transportation_state_rnk",21.0255
"47045964300","tract",2023,"transportation_state_rnk",65.3519
"47045964401","tract",2023,"transportation_state_rnk",50.8495
"47045964402","tract",2023,"transportation_state_rnk",39.6541
"47045964500","tract",2023,"transportation_state_rnk",7.676
"47045964600","tract",2023,"transportation_state_rnk",26.5777
"47045964800","tract",2023,"transportation_state_rnk",44.5388
"47045964900","tract",2023,"transportation_state_rnk",12.1966
"47047060300","tract",2023,"transportation_state_rnk",55.2791
"47047060401","tract",2023,"transportation_state_rnk",16.2621
"47047060402","tract",2023,"transportation_state_rnk",8.1917
"47047060403","tract",2023,"transportation_state_rnk",38.2888
"47047060404","tract",2023,"transportation_state_rnk",64.9879
"47047060501","tract",2023,"transportation_state_rnk",51.3653
"47047060502","tract",2023,"transportation_state_rnk",41.8386
"47047060600","tract",2023,"transportation_state_rnk",39.4417
"47047060701","tract",2023,"transportation_state_rnk",34.9818
"47047060702","tract",2023,"transportation_state_rnk",35.1335
"47047060800","tract",2023,"transportation_state_rnk",47.5728
"47049965000","tract",2023,"transportation_state_rnk",6.9175
"47049965100","tract",2023,"transportation_state_rnk",59.6784
"47049965201","tract",2023,"transportation_state_rnk",38.4405
"47049965202","tract",2023,"transportation_state_rnk",2.943
"47049965300","tract",2023,"transportation_state_rnk",14.9575
"47051960100","tract",2023,"transportation_state_rnk",14.5631
"47051960201","tract",2023,"transportation_state_rnk",2.8216
"47051960202","tract",2023,"transportation_state_rnk",23.5437
"47051960300","tract",2023,"transportation_state_rnk",4.7937
"47051960401","tract",2023,"transportation_state_rnk",48.2403
"47051960402","tract",2023,"transportation_state_rnk",11.2864
"47051960500","tract",2023,"transportation_state_rnk",17.5971
"47051960600","tract",2023,"transportation_state_rnk",56.2803
"47051960700","tract",2023,"transportation_state_rnk",NA
"47051960800","tract",2023,"transportation_state_rnk",39.9272
"47053966100","tract",2023,"transportation_state_rnk",33.04
"47053966200","tract",2023,"transportation_state_rnk",47.8459
"47053966300","tract",2023,"transportation_state_rnk",7.2209
"47053966400","tract",2023,"transportation_state_rnk",24.3325
"47053966501","tract",2023,"transportation_state_rnk",47.5728
"47053966502","tract",2023,"transportation_state_rnk",46.6626
"47053966600","tract",2023,"transportation_state_rnk",35.983
"47053966701","tract",2023,"transportation_state_rnk",26.5777
"47053966702","tract",2023,"transportation_state_rnk",16.4442
"47053966800","tract",2023,"transportation_state_rnk",41.3835
"47053966900","tract",2023,"transportation_state_rnk",72.7852
"47053967001","tract",2023,"transportation_state_rnk",68.568
"47053967002","tract",2023,"transportation_state_rnk",48.665
"47053967100","tract",2023,"transportation_state_rnk",17.4757
"47053967300","tract",2023,"transportation_state_rnk",37.0449
"47053967400","tract",2023,"transportation_state_rnk",7.858
"47053980100","tract",2023,"transportation_state_rnk",NA
"47055920100","tract",2023,"transportation_state_rnk",24.0898
"47055920200","tract",2023,"transportation_state_rnk",45.6311
"47055920301","tract",2023,"transportation_state_rnk",7.3119
"47055920302","tract",2023,"transportation_state_rnk",5.7039
"47055920400","tract",2023,"transportation_state_rnk",17.2937
"47055920500","tract",2023,"transportation_state_rnk",32.767
"47055920600","tract",2023,"transportation_state_rnk",0.3641
"47055920700","tract",2023,"transportation_state_rnk",55.9769
"47055920800","tract",2023,"transportation_state_rnk",63.4709
"47057500100","tract",2023,"transportation_state_rnk",37.591
"47057500200","tract",2023,"transportation_state_rnk",34.0413
"47057500301","tract",2023,"transportation_state_rnk",11.9539
"47057500302","tract",2023,"transportation_state_rnk",19.6905
"47057500401","tract",2023,"transportation_state_rnk",11.7718
"47057500402","tract",2023,"transportation_state_rnk",5.7646
"47059090100","tract",2023,"transportation_state_rnk",40.5947
"47059090200","tract",2023,"transportation_state_rnk",73.665
"47059090300","tract",2023,"transportation_state_rnk",40.1092
"47059090400","tract",2023,"transportation_state_rnk",56.9782
"47059090501","tract",2023,"transportation_state_rnk",1.2136
"47059090502","tract",2023,"transportation_state_rnk",5.9466
"47059090600","tract",2023,"transportation_state_rnk",13.5012
"47059090700","tract",2023,"transportation_state_rnk",8.7379
"47059090800","tract",2023,"transportation_state_rnk",31.6748
"47059090900","tract",2023,"transportation_state_rnk",11.6505
"47059091001","tract",2023,"transportation_state_rnk",40.3519
"47059091002","tract",2023,"transportation_state_rnk",34.1626
"47059091100","tract",2023,"transportation_state_rnk",28.034
"47059091200","tract",2023,"transportation_state_rnk",34.5267
"47059091300","tract",2023,"transportation_state_rnk",11.0437
"47059091400","tract",2023,"transportation_state_rnk",40.8981
"47059091500","tract",2023,"transportation_state_rnk",32.1299
"47061955000","tract",2023,"transportation_state_rnk",42.9308
"47061955100","tract",2023,"transportation_state_rnk",16.0498
"47061955200","tract",2023,"transportation_state_rnk",33.1311
"47061955300","tract",2023,"transportation_state_rnk",52.6092
"47063100100","tract",2023,"transportation_state_rnk",75.6675
"47063100200","tract",2023,"transportation_state_rnk",82.6456
"47063100300","tract",2023,"transportation_state_rnk",85.3762
"47063100400","tract",2023,"transportation_state_rnk",76.699
"47063100500","tract",2023,"transportation_state_rnk",13.2282
"47063100600","tract",2023,"transportation_state_rnk",13.9867
"47063100700","tract",2023,"transportation_state_rnk",8.0097
"47063100800","tract",2023,"transportation_state_rnk",36.3167
"47063100900","tract",2023,"transportation_state_rnk",70.358
"47063101000","tract",2023,"transportation_state_rnk",4.2172
"47063101100","tract",2023,"transportation_state_rnk",13.8046
"47063101200","tract",2023,"transportation_state_rnk",73.1796
"47065000400","tract",2023,"transportation_state_rnk",81.3107
"47065000600","tract",2023,"transportation_state_rnk",72.6638
"47065000700","tract",2023,"transportation_state_rnk",65.8374
"47065000800","tract",2023,"transportation_state_rnk",68.75
"47065001100","tract",2023,"transportation_state_rnk",62.4393
"47065001200","tract",2023,"transportation_state_rnk",89.8665
"47065001300","tract",2023,"transportation_state_rnk",91.0194
"47065001400","tract",2023,"transportation_state_rnk",86.1954
"47065001600","tract",2023,"transportation_state_rnk",91.2621
"47065001800","tract",2023,"transportation_state_rnk",57.9794
"47065001900","tract",2023,"transportation_state_rnk",91.5049
"47065002000","tract",2023,"transportation_state_rnk",72.8762
"47065002300","tract",2023,"transportation_state_rnk",20.7524
"47065002400","tract",2023,"transportation_state_rnk",48.6044
"47065002500","tract",2023,"transportation_state_rnk",72.1481
"47065002600","tract",2023,"transportation_state_rnk",78.034
"47065002800","tract",2023,"transportation_state_rnk",67.9612
"47065002900","tract",2023,"transportation_state_rnk",81.5534
"47065003000","tract",2023,"transportation_state_rnk",78.5194
"47065003100","tract",2023,"transportation_state_rnk",85.7706
"47065003200","tract",2023,"transportation_state_rnk",75.3641
"47065003300","tract",2023,"transportation_state_rnk",66.5655
"47065003400","tract",2023,"transportation_state_rnk",59.6784
"47065010101","tract",2023,"transportation_state_rnk",29.551
"47065010103","tract",2023,"transportation_state_rnk",10.6493
"47065010104","tract",2023,"transportation_state_rnk",52.0328
"47065010201","tract",2023,"transportation_state_rnk",19.8726
"47065010202","tract",2023,"transportation_state_rnk",25.9709
"47065010303","tract",2023,"transportation_state_rnk",43.3252
"47065010304","tract",2023,"transportation_state_rnk",15.5643
"47065010305","tract",2023,"transportation_state_rnk",3.2767
"47065010306","tract",2023,"transportation_state_rnk",48.8471
"47065010308","tract",2023,"transportation_state_rnk",39.108
"47065010309","tract",2023,"transportation_state_rnk",25.4248
"47065010411","tract",2023,"transportation_state_rnk",19.2051
"47065010412","tract",2023,"transportation_state_rnk",43.6893
"47065010413","tract",2023,"transportation_state_rnk",20.2973
"47065010431","tract",2023,"transportation_state_rnk",52.4272
"47065010432","tract",2023,"transportation_state_rnk",53.9745
"47065010433","tract",2023,"transportation_state_rnk",44.0534
"47065010434","tract",2023,"transportation_state_rnk",49.5146
"47065010435","tract",2023,"transportation_state_rnk",57.585
"47065010501","tract",2023,"transportation_state_rnk",24.6663
"47065010502","tract",2023,"transportation_state_rnk",47.0874
"47065010600","tract",2023,"transportation_state_rnk",54.3689
"47065010700","tract",2023,"transportation_state_rnk",51.8811
"47065010800","tract",2023,"transportation_state_rnk",59.375
"47065010901","tract",2023,"transportation_state_rnk",40.2609
"47065010902","tract",2023,"transportation_state_rnk",71.2985
"47065010904","tract",2023,"transportation_state_rnk",64.4417
"47065010905","tract",2023,"transportation_state_rnk",53.9745
"47065011001","tract",2023,"transportation_state_rnk",3.8228
"47065011003","tract",2023,"transportation_state_rnk",11.4684
"47065011004","tract",2023,"transportation_state_rnk",45.3277
"47065011100","tract",2023,"transportation_state_rnk",57.1602
"47065011203","tract",2023,"transportation_state_rnk",86.4381
"47065011204","tract",2023,"transportation_state_rnk",44.9939
"47065011205","tract",2023,"transportation_state_rnk",38.1068
"47065011206","tract",2023,"transportation_state_rnk",61.5595
"47065011311","tract",2023,"transportation_state_rnk",57.0692
"47065011314","tract",2023,"transportation_state_rnk",38.926
"47065011321","tract",2023,"transportation_state_rnk",49.3325
"47065011323","tract",2023,"transportation_state_rnk",51.6687
"47065011324","tract",2023,"transportation_state_rnk",10.1638
"47065011325","tract",2023,"transportation_state_rnk",18.7197
"47065011326","tract",2023,"transportation_state_rnk",32.6153
"47065011402","tract",2023,"transportation_state_rnk",61.6505
"47065011411","tract",2023,"transportation_state_rnk",56.8871
"47065011413","tract",2023,"transportation_state_rnk",52.0328
"47065011442","tract",2023,"transportation_state_rnk",41.0194
"47065011444","tract",2023,"transportation_state_rnk",67.3847
"47065011445","tract",2023,"transportation_state_rnk",44.0534
"47065011446","tract",2023,"transportation_state_rnk",55.9769
"47065011447","tract",2023,"transportation_state_rnk",32.8883
"47065011448","tract",2023,"transportation_state_rnk",38.2888
"47065011449","tract",2023,"transportation_state_rnk",38.7743
"47065011600","tract",2023,"transportation_state_rnk",80.7039
"47065011700","tract",2023,"transportation_state_rnk",53.034
"47065011800","tract",2023,"transportation_state_rnk",58.4345
"47065011900","tract",2023,"transportation_state_rnk",59.1019
"47065012000","tract",2023,"transportation_state_rnk",21.2985
"47065012100","tract",2023,"transportation_state_rnk",44.3265
"47065012200","tract",2023,"transportation_state_rnk",88.6529
"47065012300","tract",2023,"transportation_state_rnk",71.5716
"47065012400","tract",2023,"transportation_state_rnk",NA
"47065980100","tract",2023,"transportation_state_rnk",NA
"47065980200","tract",2023,"transportation_state_rnk",NA
"47067960500","tract",2023,"transportation_state_rnk",21.7233
"47067960600","tract",2023,"transportation_state_rnk",49.6359
"47069950100","tract",2023,"transportation_state_rnk",32.767
"47069950200","tract",2023,"transportation_state_rnk",NA
"47069950300","tract",2023,"transportation_state_rnk",68.5073
"47069950400","tract",2023,"transportation_state_rnk",66.8993
"47069950500","tract",2023,"transportation_state_rnk",29.8544
"47069950600","tract",2023,"transportation_state_rnk",39.2294
"47071920100","tract",2023,"transportation_state_rnk",29.2476
"47071920200","tract",2023,"transportation_state_rnk",16.1408
"47071920300","tract",2023,"transportation_state_rnk",40.4733
"47071920401","tract",2023,"transportation_state_rnk",38.4405
"47071920402","tract",2023,"transportation_state_rnk",40.716
"47071920501","tract",2023,"transportation_state_rnk",42.5667
"47071920502","tract",2023,"transportation_state_rnk",0.1214
"47071920600","tract",2023,"transportation_state_rnk",31.8265
"47073050100","tract",2023,"transportation_state_rnk",59.0109
"47073050200","tract",2023,"transportation_state_rnk",31.6748
"47073050301","tract",2023,"transportation_state_rnk",31.3714
"47073050302","tract",2023,"transportation_state_rnk",66.9903
"47073050400","tract",2023,"transportation_state_rnk",23.5437
"47073050501","tract",2023,"transportation_state_rnk",46.0862
"47073050502","tract",2023,"transportation_state_rnk",3.5498
"47073050503","tract",2023,"transportation_state_rnk",8.6165
"47073050601","tract",2023,"transportation_state_rnk",68.8107
"47073050602","tract",2023,"transportation_state_rnk",35.1335
"47073050700","tract",2023,"transportation_state_rnk",43.8714
"47073050800","tract",2023,"transportation_state_rnk",2.2755
"47073050900","tract",2023,"transportation_state_rnk",17.2937
"47075930100","tract",2023,"transportation_state_rnk",30.1578
"47075930200","tract",2023,"transportation_state_rnk",19.3568
"47075930301","tract",2023,"transportation_state_rnk",57.2209
"47075930302","tract",2023,"transportation_state_rnk",63.0765
"47075930400","tract",2023,"transportation_state_rnk",70.358
"47075930500","tract",2023,"transportation_state_rnk",25.6371
"47077975000","tract",2023,"transportation_state_rnk",13.9867
"47077975100","tract",2023,"transportation_state_rnk",25.6371
"47077975200","tract",2023,"transportation_state_rnk",14.7451
"47077975301","tract",2023,"transportation_state_rnk",9.6481
"47077975302","tract",2023,"transportation_state_rnk",56.1893
"47077975400","tract",2023,"transportation_state_rnk",42.7488
"47077975500","tract",2023,"transportation_state_rnk",21.5413
"47079969001","tract",2023,"transportation_state_rnk",38.1068
"47079969002","tract",2023,"transportation_state_rnk",21.2985
"47079969100","tract",2023,"transportation_state_rnk",33.6165
"47079969200","tract",2023,"transportation_state_rnk",36.4988
"47079969300","tract",2023,"transportation_state_rnk",44.8119
"47079969400","tract",2023,"transportation_state_rnk",71.4199
"47079969501","tract",2023,"transportation_state_rnk",58.7379
"47079969502","tract",2023,"transportation_state_rnk",57.3726
"47079969601","tract",2023,"transportation_state_rnk",35.983
"47079969602","tract",2023,"transportation_state_rnk",12.5607
"47079969700","tract",2023,"transportation_state_rnk",12.8034
"47079969800","tract",2023,"transportation_state_rnk",35.3459
"47081950100","tract",2023,"transportation_state_rnk",22.2694
"47081950201","tract",2023,"transportation_state_rnk",43.75
"47081950202","tract",2023,"transportation_state_rnk",44.2051
"47081950301","tract",2023,"transportation_state_rnk",21.7233
"47081950302","tract",2023,"transportation_state_rnk",54.7633
"47081950400","tract",2023,"transportation_state_rnk",30.0061
"47081950500","tract",2023,"transportation_state_rnk",NA
"47083120100","tract",2023,"transportation_state_rnk",32.3422
"47083120200","tract",2023,"transportation_state_rnk",29.0049
"47083120300","tract",2023,"transportation_state_rnk",52.2451
"47085130100","tract",2023,"transportation_state_rnk",10.7403
"47085130200","tract",2023,"transportation_state_rnk",44.5388
"47085130300","tract",2023,"transportation_state_rnk",62.7731
"47085130400","tract",2023,"transportation_state_rnk",3.3981
"47085130500","tract",2023,"transportation_state_rnk",5.2184
"47087960100","tract",2023,"transportation_state_rnk",31.5231
"47087960200","tract",2023,"transportation_state_rnk",40.716
"47087960300","tract",2023,"transportation_state_rnk",16.7172
"47087960400","tract",2023,"transportation_state_rnk",51.7597
"47089070101","tract",2023,"transportation_state_rnk",5.5218
"47089070102","tract",2023,"transportation_state_rnk",32.1299
"47089070200","tract",2023,"transportation_state_rnk",7.0085
"47089070300","tract",2023,"transportation_state_rnk",80.6432
"47089070400","tract",2023,"transportation_state_rnk",51.9417
"47089070500","tract",2023,"transportation_state_rnk",15.4733
"47089070600","tract",2023,"transportation_state_rnk",4.9454
"47089070701","tract",2023,"transportation_state_rnk",50.2124
"47089070702","tract",2023,"transportation_state_rnk",3.8835
"47089070801","tract",2023,"transportation_state_rnk",5.2184
"47089070802","tract",2023,"transportation_state_rnk",40.4733
"47089070900","tract",2023,"transportation_state_rnk",44.5388
"47091956000","tract",2023,"transportation_state_rnk",70.9345
"47091956100","tract",2023,"transportation_state_rnk",NA
"47091956200","tract",2023,"transportation_state_rnk",19.8726
"47091956300","tract",2023,"transportation_state_rnk",14.7451
"47091956400","tract",2023,"transportation_state_rnk",27.5485
"47093000100","tract",2023,"transportation_state_rnk",93.5073
"47093000800","tract",2023,"transportation_state_rnk",78.4284
"47093000901","tract",2023,"transportation_state_rnk",NA
"47093000902","tract",2023,"transportation_state_rnk",NA
"47093001400","tract",2023,"transportation_state_rnk",98.6044
"47093001500","tract",2023,"transportation_state_rnk",85.9527
"47093001600","tract",2023,"transportation_state_rnk",87.6214
"47093001700","tract",2023,"transportation_state_rnk",96.2985
"47093001800","tract",2023,"transportation_state_rnk",77.1238
"47093001900","tract",2023,"transportation_state_rnk",79.0049
"47093002000","tract",2023,"transportation_state_rnk",91.5655
"47093002100","tract",2023,"transportation_state_rnk",86.3471
"47093002200","tract",2023,"transportation_state_rnk",85.0728
"47093002300","tract",2023,"transportation_state_rnk",86.8325
"47093002400","tract",2023,"transportation_state_rnk",87.9248
"47093002600","tract",2023,"transportation_state_rnk",76.9417
"47093002700","tract",2023,"transportation_state_rnk",69.5085
"47093002800","tract",2023,"transportation_state_rnk",82.949
"47093002900","tract",2023,"transportation_state_rnk",80.5825
"47093003000","tract",2023,"transportation_state_rnk",81.4624
"47093003100","tract",2023,"transportation_state_rnk",32.2209
"47093003200","tract",2023,"transportation_state_rnk",88.2888
"47093003300","tract",2023,"transportation_state_rnk",54.6723
"47093003400","tract",2023,"transportation_state_rnk",85.1335
"47093003501","tract",2023,"transportation_state_rnk",75.7585
"47093003502","tract",2023,"transportation_state_rnk",79.6117
"47093003700","tract",2023,"transportation_state_rnk",95.267
"47093003801","tract",2023,"transportation_state_rnk",49.3325
"47093003802","tract",2023,"transportation_state_rnk",30.0061
"47093003901","tract",2023,"transportation_state_rnk",79.6723
"47093003902","tract",2023,"transportation_state_rnk",84.7694
"47093004000","tract",2023,"transportation_state_rnk",81.3714
"47093004100","tract",2023,"transportation_state_rnk",86.2864
"47093004200","tract",2023,"transportation_state_rnk",77.4272
"47093004300","tract",2023,"transportation_state_rnk",82.2816
"47093004401","tract",2023,"transportation_state_rnk",79.4903
"47093004403","tract",2023,"transportation_state_rnk",81.8568
"47093004404","tract",2023,"transportation_state_rnk",82.0995
"47093004501","tract",2023,"transportation_state_rnk",70.085
"47093004502","tract",2023,"transportation_state_rnk",53.3677
"47093004606","tract",2023,"transportation_state_rnk",79.824
"47093004607","tract",2023,"transportation_state_rnk",10.8617
"47093004608","tract",2023,"transportation_state_rnk",78.8835
"47093004609","tract",2023,"transportation_state_rnk",81.1893
"47093004610","tract",2023,"transportation_state_rnk",83.8592
"47093004611","tract",2023,"transportation_state_rnk",63.7136
"47093004612","tract",2023,"transportation_state_rnk",49.8483
"47093004613","tract",2023,"transportation_state_rnk",63.0765
"47093004614","tract",2023,"transportation_state_rnk",65.4733
"47093004615","tract",2023,"transportation_state_rnk",82.4029
"47093004700","tract",2023,"transportation_state_rnk",37.4697
"47093004800","tract",2023,"transportation_state_rnk",82.5243
"47093004900","tract",2023,"transportation_state_rnk",75.091
"47093005000","tract",2023,"transportation_state_rnk",82.585
"47093005100","tract",2023,"transportation_state_rnk",77.0328
"47093005202","tract",2023,"transportation_state_rnk",35.2549
"47093005203","tract",2023,"transportation_state_rnk",24.0898
"47093005204","tract",2023,"transportation_state_rnk",5.9466
"47093005301","tract",2023,"transportation_state_rnk",18.7197
"47093005302","tract",2023,"transportation_state_rnk",3.3374
"47093005401","tract",2023,"transportation_state_rnk",50
"47093005402","tract",2023,"transportation_state_rnk",3.125
"47093005501","tract",2023,"transportation_state_rnk",22.6638
"47093005502","tract",2023,"transportation_state_rnk",70.6917
"47093005602","tract",2023,"transportation_state_rnk",2.6092
"47093005603","tract",2023,"transportation_state_rnk",56.0983
"47093005604","tract",2023,"transportation_state_rnk",18.2646
"47093005701","tract",2023,"transportation_state_rnk",71.6626
"47093005704","tract",2023,"transportation_state_rnk",43.1735
"47093005706","tract",2023,"transportation_state_rnk",48.9381
"47093005707","tract",2023,"transportation_state_rnk",78.216
"47093005708","tract",2023,"transportation_state_rnk",72.3908
"47093005709","tract",2023,"transportation_state_rnk",80.0971
"47093005710","tract",2023,"transportation_state_rnk",11.9539
"47093005711","tract",2023,"transportation_state_rnk",83.1614
"47093005713","tract",2023,"transportation_state_rnk",78.5801
"47093005714","tract",2023,"transportation_state_rnk",48.4223
"47093005803","tract",2023,"transportation_state_rnk",33.3131
"47093005807","tract",2023,"transportation_state_rnk",17.7488
"47093005808","tract",2023,"transportation_state_rnk",77.5789
"47093005809","tract",2023,"transportation_state_rnk",82.2209
"47093005810","tract",2023,"transportation_state_rnk",73.7257
"47093005811","tract",2023,"transportation_state_rnk",25.1517
"47093005813","tract",2023,"transportation_state_rnk",77.0328
"47093005814","tract",2023,"transportation_state_rnk",2.3665
"47093005815","tract",2023,"transportation_state_rnk",70.8131
"47093005903","tract",2023,"transportation_state_rnk",78.034
"47093005906","tract",2023,"transportation_state_rnk",30.8556
"47093005907","tract",2023,"transportation_state_rnk",48.4223
"47093005908","tract",2023,"transportation_state_rnk",74.818
"47093005909","tract",2023,"transportation_state_rnk",28.2767
"47093005910","tract",2023,"transportation_state_rnk",45.7524
"47093005911","tract",2023,"transportation_state_rnk",8.0097
"47093005912","tract",2023,"transportation_state_rnk",26.2743
"47093006001","tract",2023,"transportation_state_rnk",78.1553
"47093006002","tract",2023,"transportation_state_rnk",21.0255
"47093006003","tract",2023,"transportation_state_rnk",48.7561
"47093006102","tract",2023,"transportation_state_rnk",78.9442
"47093006103","tract",2023,"transportation_state_rnk",76.8204
"47093006104","tract",2023,"transportation_state_rnk",80.8252
"47093006202","tract",2023,"transportation_state_rnk",76.7597
"47093006203","tract",2023,"transportation_state_rnk",78.4284
"47093006205","tract",2023,"transportation_state_rnk",11.1347
"47093006206","tract",2023,"transportation_state_rnk",34.9818
"47093006207","tract",2023,"transportation_state_rnk",37.1663
"47093006208","tract",2023,"transportation_state_rnk",84.0413
"47093006301","tract",2023,"transportation_state_rnk",10.9527
"47093006302","tract",2023,"transportation_state_rnk",13.6833
"47093006401","tract",2023,"transportation_state_rnk",69.1141
"47093006402","tract",2023,"transportation_state_rnk",1.699
"47093006403","tract",2023,"transportation_state_rnk",7.858
"47093006501","tract",2023,"transportation_state_rnk",2.943
"47093006502","tract",2023,"transportation_state_rnk",47.8459
"47093006600","tract",2023,"transportation_state_rnk",89.5024
"47093006700","tract",2023,"transportation_state_rnk",69.2961
"47093006800","tract",2023,"transportation_state_rnk",99.0898
"47093006901","tract",2023,"transportation_state_rnk",97.1481
"47093006902","tract",2023,"transportation_state_rnk",NA
"47093006903","tract",2023,"transportation_state_rnk",99.4539
"47093007000","tract",2023,"transportation_state_rnk",93.9927
"47093007100","tract",2023,"transportation_state_rnk",55.5218
"47095960100","tract",2023,"transportation_state_rnk",NA
"47095960200","tract",2023,"transportation_state_rnk",71.5716
"47097050100","tract",2023,"transportation_state_rnk",NA
"47097050200","tract",2023,"transportation_state_rnk",49.9393
"47097050300","tract",2023,"transportation_state_rnk",27.3362
"47097050400","tract",2023,"transportation_state_rnk",25.2731
"47097050503","tract",2023,"transportation_state_rnk",5.3398
"47097050504","tract",2023,"transportation_state_rnk",61.7718
"47097050505","tract",2023,"transportation_state_rnk",77.2451
"47097050506","tract",2023,"transportation_state_rnk",39.4417
"47097050600","tract",2023,"transportation_state_rnk",45.6917
"47099960100","tract",2023,"transportation_state_rnk",21.1468
"47099960200","tract",2023,"transportation_state_rnk",18.932
"47099960300","tract",2023,"transportation_state_rnk",77.1845
"47099960401","tract",2023,"transportation_state_rnk",40.4733
"47099960402","tract",2023,"transportation_state_rnk",9.5267
"47099960501","tract",2023,"transportation_state_rnk",72.0267
"47099960502","tract",2023,"transportation_state_rnk",43.4163
"47099960600","tract",2023,"transportation_state_rnk",28.034
"47099960700","tract",2023,"transportation_state_rnk",12.2876
"47099960800","tract",2023,"transportation_state_rnk",0.2427
"47099960900","tract",2023,"transportation_state_rnk",2.0934
"47101970100","tract",2023,"transportation_state_rnk",19.5388
"47101970200","tract",2023,"transportation_state_rnk",9.5874
"47103975000","tract",2023,"transportation_state_rnk",30.3701
"47103975100","tract",2023,"transportation_state_rnk",11.5595
"47103975200","tract",2023,"transportation_state_rnk",34.5267
"47103975300","tract",2023,"transportation_state_rnk",47.2087
"47103975400","tract",2023,"transportation_state_rnk",9.8301
"47103975500","tract",2023,"transportation_state_rnk",17.9005
"47103975601","tract",2023,"transportation_state_rnk",18.5376
"47103975602","tract",2023,"transportation_state_rnk",36.1044
"47103975700","tract",2023,"transportation_state_rnk",29.8544
"47105060100","tract",2023,"transportation_state_rnk",4.551
"47105060201","tract",2023,"transportation_state_rnk",11.3471
"47105060203","tract",2023,"transportation_state_rnk",76.0922
"47105060204","tract",2023,"transportation_state_rnk",79.4296
"47105060301","tract",2023,"transportation_state_rnk",80.9163
"47105060303","tract",2023,"transportation_state_rnk",69.1748
"47105060304","tract",2023,"transportation_state_rnk",59.375
"47105060400","tract",2023,"transportation_state_rnk",8.5558
"47105060502","tract",2023,"transportation_state_rnk",0.0607
"47105060503","tract",2023,"transportation_state_rnk",18.2646
"47105060504","tract",2023,"transportation_state_rnk",83.0704
"47105060505","tract",2023,"transportation_state_rnk",67.233
"47105060600","tract",2023,"transportation_state_rnk",76.2743
"47105060700","tract",2023,"transportation_state_rnk",5.2184
"47107970102","tract",2023,"transportation_state_rnk",5.0667
"47107970103","tract",2023,"transportation_state_rnk",0.6978
"47107970104","tract",2023,"transportation_state_rnk",0.6978
"47107970201","tract",2023,"transportation_state_rnk",69.9939
"47107970202","tract",2023,"transportation_state_rnk",33.5558
"47107970300","tract",2023,"transportation_state_rnk",63.1675
"47107970401","tract",2023,"transportation_state_rnk",24.3325
"47107970402","tract",2023,"transportation_state_rnk",9.4053
"47107970500","tract",2023,"transportation_state_rnk",48.4223
"47107970601","tract",2023,"transportation_state_rnk",1.4563
"47107970602","tract",2023,"transportation_state_rnk",1.0922
"47107970700","tract",2023,"transportation_state_rnk",4.733
"47107970801","tract",2023,"transportation_state_rnk",3.9442
"47107970802","tract",2023,"transportation_state_rnk",15.716
"47109930100","tract",2023,"transportation_state_rnk",6.0983
"47109930200","tract",2023,"transportation_state_rnk",24.818
"47109930300","tract",2023,"transportation_state_rnk",31.0073
"47109930400","tract",2023,"transportation_state_rnk",59.0109
"47109930501","tract",2023,"transportation_state_rnk",49.3325
"47109930502","tract",2023,"transportation_state_rnk",54.551
"47109930600","tract",2023,"transportation_state_rnk",6.25
"47109930700","tract",2023,"transportation_state_rnk",38.7743
"47111970100","tract",2023,"transportation_state_rnk",60.0121
"47111970200","tract",2023,"transportation_state_rnk",35.1335
"47111970301","tract",2023,"transportation_state_rnk",61.3167
"47111970302","tract",2023,"transportation_state_rnk",19.2051
"47111970400","tract",2023,"transportation_state_rnk",49.5146
"47113000100","tract",2023,"transportation_state_rnk",75.4854
"47113000200","tract",2023,"transportation_state_rnk",91.4442
"47113000300","tract",2023,"transportation_state_rnk",83.7985
"47113000400","tract",2023,"transportation_state_rnk",88.3495
"47113000500","tract",2023,"transportation_state_rnk",99.2112
"47113000600","tract",2023,"transportation_state_rnk",87.8034
"47113000700","tract",2023,"transportation_state_rnk",83.3131
"47113000800","tract",2023,"transportation_state_rnk",NA
"47113000900","tract",2023,"transportation_state_rnk",95.085
"47113001000","tract",2023,"transportation_state_rnk",97.2087
"47113001100","tract",2023,"transportation_state_rnk",99.0291
"47113001300","tract",2023,"transportation_state_rnk",61.8932
"47113001401","tract",2023,"transportation_state_rnk",12.682
"47113001402","tract",2023,"transportation_state_rnk",6.4624
"47113001501","tract",2023,"transportation_state_rnk",4.1262
"47113001502","tract",2023,"transportation_state_rnk",0
"47113001603","tract",2023,"transportation_state_rnk",76.1833
"47113001604","tract",2023,"transportation_state_rnk",78.3374
"47113001605","tract",2023,"transportation_state_rnk",NA
"47113001607","tract",2023,"transportation_state_rnk",83.6772
"47113001608","tract",2023,"transportation_state_rnk",0.7888
"47113001609","tract",2023,"transportation_state_rnk",0.3034
"47113001610","tract",2023,"transportation_state_rnk",17.051
"47113001611","tract",2023,"transportation_state_rnk",41.0194
"47113001612","tract",2023,"transportation_state_rnk",81.068
"47113001700","tract",2023,"transportation_state_rnk",10.1638
"47113001800","tract",2023,"transportation_state_rnk",17.2937
"47113001900","tract",2023,"transportation_state_rnk",6.1893
"47115050101","tract",2023,"transportation_state_rnk",16.8689
"47115050102","tract",2023,"transportation_state_rnk",48.4223
"47115050201","tract",2023,"transportation_state_rnk",38.926
"47115050203","tract",2023,"transportation_state_rnk",20.449
"47115050204","tract",2023,"transportation_state_rnk",43.1735
"47115050301","tract",2023,"transportation_state_rnk",65.625
"47115050302","tract",2023,"transportation_state_rnk",20.54
"47117955000","tract",2023,"transportation_state_rnk",36.8932
"47117955100","tract",2023,"transportation_state_rnk",9.2536
"47117955200","tract",2023,"transportation_state_rnk",49.8483
"47117955300","tract",2023,"transportation_state_rnk",22.5728
"47117955400","tract",2023,"transportation_state_rnk",22.4515
"47117955500","tract",2023,"transportation_state_rnk",23.21
"47119010100","tract",2023,"transportation_state_rnk",17.1723
"47119010201","tract",2023,"transportation_state_rnk",22.8155
"47119010203","tract",2023,"transportation_state_rnk",65.1396
"47119010204","tract",2023,"transportation_state_rnk",79.0655
"47119010205","tract",2023,"transportation_state_rnk",4.551
"47119010301","tract",2023,"transportation_state_rnk",32.6153
"47119010302","tract",2023,"transportation_state_rnk",3.5498
"47119010401","tract",2023,"transportation_state_rnk",42.4454
"47119010402","tract",2023,"transportation_state_rnk",47.8459
"47119010500","tract",2023,"transportation_state_rnk",62.1359
"47119010600","tract",2023,"transportation_state_rnk",63.3192
"47119010700","tract",2023,"transportation_state_rnk",69.4175
"47119010801","tract",2023,"transportation_state_rnk",54.4903
"47119010802","tract",2023,"transportation_state_rnk",62.591
"47119010900","tract",2023,"transportation_state_rnk",3.216
"47119011001","tract",2023,"transportation_state_rnk",21.875
"47119011003","tract",2023,"transportation_state_rnk",7.676
"47119011004","tract",2023,"transportation_state_rnk",44.5388
"47119011101","tract",2023,"transportation_state_rnk",20.9041
"47119011102","tract",2023,"transportation_state_rnk",46.4502
"47119011200","tract",2023,"transportation_state_rnk",16.0498
"47121960100","tract",2023,"transportation_state_rnk",41.2015
"47121960200","tract",2023,"transportation_state_rnk",51.517
"47121960300","tract",2023,"transportation_state_rnk",28.6408
"47123925001","tract",2023,"transportation_state_rnk",16.5655
"47123925002","tract",2023,"transportation_state_rnk",31.3714
"47123925101","tract",2023,"transportation_state_rnk",74.4235
"47123925102","tract",2023,"transportation_state_rnk",34.0413
"47123925200","tract",2023,"transportation_state_rnk",65.1396
"47123925301","tract",2023,"transportation_state_rnk",18.9927
"47123925302","tract",2023,"transportation_state_rnk",34.8908
"47123925401","tract",2023,"transportation_state_rnk",6.0983
"47123925402","tract",2023,"transportation_state_rnk",35.983
"47123925501","tract",2023,"transportation_state_rnk",41.5959
"47123925503","tract",2023,"transportation_state_rnk",6.8568
"47123925504","tract",2023,"transportation_state_rnk",46.5716
"47125100100","tract",2023,"transportation_state_rnk",NA
"47125100200","tract",2023,"transportation_state_rnk",69.8422
"47125100300","tract",2023,"transportation_state_rnk",53.2767
"47125100500","tract",2023,"transportation_state_rnk",55.3701
"47125100601","tract",2023,"transportation_state_rnk",3.4587
"47125100602","tract",2023,"transportation_state_rnk",43.5073
"47125100800","tract",2023,"transportation_state_rnk",NA
"47125100900","tract",2023,"transportation_state_rnk",84.9515
"47125101001","tract",2023,"transportation_state_rnk",68.3859
"47125101002","tract",2023,"transportation_state_rnk",1.8204
"47125101101","tract",2023,"transportation_state_rnk",72.0874
"47125101102","tract",2023,"transportation_state_rnk",33.8592
"47125101103","tract",2023,"transportation_state_rnk",9.4053
"47125101201","tract",2023,"transportation_state_rnk",35.5583
"47125101202","tract",2023,"transportation_state_rnk",24.0898
"47125101304","tract",2023,"transportation_state_rnk",64.7148
"47125101305","tract",2023,"transportation_state_rnk",54.1566
"47125101306","tract",2023,"transportation_state_rnk",23.1189
"47125101307","tract",2023,"transportation_state_rnk",69.0534
"47125101308","tract",2023,"transportation_state_rnk",42.2633
"47125101309","tract",2023,"transportation_state_rnk",36.7415
"47125101400","tract",2023,"transportation_state_rnk",68.0825
"47125101501","tract",2023,"transportation_state_rnk",53.1857
"47125101502","tract",2023,"transportation_state_rnk",7.4636
"47125101600","tract",2023,"transportation_state_rnk",33.2524
"47125101701","tract",2023,"transportation_state_rnk",13.6833
"47125101702","tract",2023,"transportation_state_rnk",20.6614
"47125101803","tract",2023,"transportation_state_rnk",16.2621
"47125101805","tract",2023,"transportation_state_rnk",27.0934
"47125101806","tract",2023,"transportation_state_rnk",5.6432
"47125101807","tract",2023,"transportation_state_rnk",11.2257
"47125101808","tract",2023,"transportation_state_rnk",14.5024
"47125101902","tract",2023,"transportation_state_rnk",25.6371
"47125101904","tract",2023,"transportation_state_rnk",54.3083
"47125101905","tract",2023,"transportation_state_rnk",27.7306
"47125101906","tract",2023,"transportation_state_rnk",29.0049
"47125102001","tract",2023,"transportation_state_rnk",19.6905
"47125102003","tract",2023,"transportation_state_rnk",43.5983
"47125102004","tract",2023,"transportation_state_rnk",22.5121
"47125102005","tract",2023,"transportation_state_rnk",42.7488
"47125102007","tract",2023,"transportation_state_rnk",57.585
"47125102008","tract",2023,"transportation_state_rnk",20.8131
"47125102009","tract",2023,"transportation_state_rnk",22.8155
"47125102010","tract",2023,"transportation_state_rnk",4.6723
"47125102100","tract",2023,"transportation_state_rnk",68.4466
"47125980100","tract",2023,"transportation_state_rnk",NA
"47127930100","tract",2023,"transportation_state_rnk",1.1529
"47127930200","tract",2023,"transportation_state_rnk",43.8714
"47129110100","tract",2023,"transportation_state_rnk",69.2354
"47129110200","tract",2023,"transportation_state_rnk",52.3362
"47129110300","tract",2023,"transportation_state_rnk",NA
"47129110400","tract",2023,"transportation_state_rnk",9.9818
"47129110500","tract",2023,"transportation_state_rnk",2.4272
"47131965000","tract",2023,"transportation_state_rnk",30.8556
"47131965100","tract",2023,"transportation_state_rnk",10.801
"47131965200","tract",2023,"transportation_state_rnk",34.3143
"47131965300","tract",2023,"transportation_state_rnk",28.4284
"47131965400","tract",2023,"transportation_state_rnk",41.3835
"47131965500","tract",2023,"transportation_state_rnk",62.0449
"47131965600","tract",2023,"transportation_state_rnk",62.8944
"47131965700","tract",2023,"transportation_state_rnk",62.7731
"47131965800","tract",2023,"transportation_state_rnk",4.3689
"47131965900","tract",2023,"transportation_state_rnk",50.6978
"47133950100","tract",2023,"transportation_state_rnk",10.5583
"47133950200","tract",2023,"transportation_state_rnk",19.0837
"47133950301","tract",2023,"transportation_state_rnk",52.9126
"47133950302","tract",2023,"transportation_state_rnk",38.1068
"47133950400","tract",2023,"transportation_state_rnk",11.7112
"47133950501","tract",2023,"transportation_state_rnk",12.2876
"47133950502","tract",2023,"transportation_state_rnk",5.5825
"47133950600","tract",2023,"transportation_state_rnk",5.0667
"47135930100","tract",2023,"transportation_state_rnk",60.801
"47135930201","tract",2023,"transportation_state_rnk",41.7476
"47135930202","tract",2023,"transportation_state_rnk",66.7779
"47137925101","tract",2023,"transportation_state_rnk",27.4272
"47137925102","tract",2023,"transportation_state_rnk",56.5231
"47139950100","tract",2023,"transportation_state_rnk",34.6784
"47139950201","tract",2023,"transportation_state_rnk",68.2949
"47139950203","tract",2023,"transportation_state_rnk",26.2743
"47139950204","tract",2023,"transportation_state_rnk",0.5461
"47139950300","tract",2023,"transportation_state_rnk",22.2694
"47139950400","tract",2023,"transportation_state_rnk",30.8556
"47141000100","tract",2023,"transportation_state_rnk",55.8859
"47141000201","tract",2023,"transportation_state_rnk",46.7233
"47141000202","tract",2023,"transportation_state_rnk",28.7925
"47141000301","tract",2023,"transportation_state_rnk",55.7039
"47141000303","tract",2023,"transportation_state_rnk",71.966
"47141000304","tract",2023,"transportation_state_rnk",83.4345
"47141000305","tract",2023,"transportation_state_rnk",73.7864
"47141000400","tract",2023,"transportation_state_rnk",77.9126
"47141000500","tract",2023,"transportation_state_rnk",40.1092
"47141000600","tract",2023,"transportation_state_rnk",31.1893
"47141000700","tract",2023,"transportation_state_rnk",86.6505
"47141000800","tract",2023,"transportation_state_rnk",NA
"47141000900","tract",2023,"transportation_state_rnk",45.085
"47141001000","tract",2023,"transportation_state_rnk",1.5777
"47141001100","tract",2023,"transportation_state_rnk",22.6638
"47141001201","tract",2023,"transportation_state_rnk",14.1383
"47141001202","tract",2023,"transportation_state_rnk",44.0534
"47141001300","tract",2023,"transportation_state_rnk",8.8289
"47143975000","tract",2023,"transportation_state_rnk",60.1032
"47143975100","tract",2023,"transportation_state_rnk",21.5413
"47143975200","tract",2023,"transportation_state_rnk",24.4539
"47143975300","tract",2023,"transportation_state_rnk",48.1189
"47143975401","tract",2023,"transportation_state_rnk",55.7039
"47143975402","tract",2023,"transportation_state_rnk",10.9527
"47145030100","tract",2023,"transportation_state_rnk",54.9757
"47145030203","tract",2023,"transportation_state_rnk",25.8192
"47145030204","tract",2023,"transportation_state_rnk",31.6748
"47145030205","tract",2023,"transportation_state_rnk",61.0437
"47145030206","tract",2023,"transportation_state_rnk",36.3167
"47145030301","tract",2023,"transportation_state_rnk",8.3131
"47145030302","tract",2023,"transportation_state_rnk",2.1845
"47145030401","tract",2023,"transportation_state_rnk",2.6699
"47145030402","tract",2023,"transportation_state_rnk",42.2633
"47145030500","tract",2023,"transportation_state_rnk",78.6408
"47145030600","tract",2023,"transportation_state_rnk",33.04
"47145030700","tract",2023,"transportation_state_rnk",0.4248
"47145030801","tract",2023,"transportation_state_rnk",84.4053
"47145030802","tract",2023,"transportation_state_rnk",17.7488
"47145030900","tract",2023,"transportation_state_rnk",15.8677
"47145980100","tract",2023,"transportation_state_rnk",NA
"47147080101","tract",2023,"transportation_state_rnk",2.0934
"47147080103","tract",2023,"transportation_state_rnk",57.3726
"47147080104","tract",2023,"transportation_state_rnk",9.1019
"47147080200","tract",2023,"transportation_state_rnk",1.9721
"47147080301","tract",2023,"transportation_state_rnk",28.2767
"47147080302","tract",2023,"transportation_state_rnk",59.284
"47147080401","tract",2023,"transportation_state_rnk",57.2816
"47147080402","tract",2023,"transportation_state_rnk",36.165
"47147080500","tract",2023,"transportation_state_rnk",15.3519
"47147080603","tract",2023,"transportation_state_rnk",25.4248
"47147080604","tract",2023,"transportation_state_rnk",28.5194
"47147080605","tract",2023,"transportation_state_rnk",23.3313
"47147080606","tract",2023,"transportation_state_rnk",28.034
"47147080701","tract",2023,"transportation_state_rnk",7.0085
"47147080702","tract",2023,"transportation_state_rnk",13.0461
"47149040101","tract",2023,"transportation_state_rnk",92.1117
"47149040102","tract",2023,"transportation_state_rnk",92.5061
"47149040104","tract",2023,"transportation_state_rnk",89.7148
"47149040105","tract",2023,"transportation_state_rnk",88.7136
"47149040106","tract",2023,"transportation_state_rnk",86.4381
"47149040107","tract",2023,"transportation_state_rnk",87.2876
"47149040200","tract",2023,"transportation_state_rnk",49.0291
"47149040303","tract",2023,"transportation_state_rnk",89.199
"47149040304","tract",2023,"transportation_state_rnk",89.1383
"47149040305","tract",2023,"transportation_state_rnk",93.75
"47149040307","tract",2023,"transportation_state_rnk",87.2876
"47149040308","tract",2023,"transportation_state_rnk",89.3204
"47149040309","tract",2023,"transportation_state_rnk",3.7621
"47149040310","tract",2023,"transportation_state_rnk",90.3823
"47149040311","tract",2023,"transportation_state_rnk",90.1699
"47149040312","tract",2023,"transportation_state_rnk",67.1117
"47149040404","tract",2023,"transportation_state_rnk",93.1432
"47149040405","tract",2023,"transportation_state_rnk",87.7427
"47149040501","tract",2023,"transportation_state_rnk",17.415
"47149040502","tract",2023,"transportation_state_rnk",15.3519
"47149040600","tract",2023,"transportation_state_rnk",21.7233
"47149040702","tract",2023,"transportation_state_rnk",12.8641
"47149040703","tract",2023,"transportation_state_rnk",14.9575
"47149040704","tract",2023,"transportation_state_rnk",47.4211
"47149040806","tract",2023,"transportation_state_rnk",85.0121
"47149040807","tract",2023,"transportation_state_rnk",17.1117
"47149040808","tract",2023,"transportation_state_rnk",68.0218
"47149040809","tract",2023,"transportation_state_rnk",20.2973
"47149040810","tract",2023,"transportation_state_rnk",18.2646
"47149040811","tract",2023,"transportation_state_rnk",51.6687
"47149040812","tract",2023,"transportation_state_rnk",64.1383
"47149040901","tract",2023,"transportation_state_rnk",64.3204
"47149040904","tract",2023,"transportation_state_rnk",75.6068
"47149040906","tract",2023,"transportation_state_rnk",52.3362
"47149040907","tract",2023,"transportation_state_rnk",74.0898
"47149040908","tract",2023,"transportation_state_rnk",80.1578
"47149040909","tract",2023,"transportation_state_rnk",82.767
"47149040910","tract",2023,"transportation_state_rnk",79.2172
"47149040911","tract",2023,"transportation_state_rnk",77.6699
"47149041000","tract",2023,"transportation_state_rnk",30.1578
"47149041102","tract",2023,"transportation_state_rnk",25.9709
"47149041103","tract",2023,"transportation_state_rnk",26.5777
"47149041104","tract",2023,"transportation_state_rnk",46.8143
"47149041201","tract",2023,"transportation_state_rnk",67.3847
"47149041202","tract",2023,"transportation_state_rnk",34.5267
"47149041301","tract",2023,"transportation_state_rnk",79.2172
"47149041302","tract",2023,"transportation_state_rnk",75.5461
"47149041401","tract",2023,"transportation_state_rnk",76.517
"47149041404","tract",2023,"transportation_state_rnk",84.8301
"47149041405","tract",2023,"transportation_state_rnk",85.7706
"47149041406","tract",2023,"transportation_state_rnk",75.4248
"47149041407","tract",2023,"transportation_state_rnk",74.4235
"47149041500","tract",2023,"transportation_state_rnk",NA
"47149041601","tract",2023,"transportation_state_rnk",86.9539
"47149041602","tract",2023,"transportation_state_rnk",88.4102
"47149041700","tract",2023,"transportation_state_rnk",85.2549
"47149041800","tract",2023,"transportation_state_rnk",82.0995
"47149041900","tract",2023,"transportation_state_rnk",92.8398
"47149042000","tract",2023,"transportation_state_rnk",53.7015
"47149042101","tract",2023,"transportation_state_rnk",84.3447
"47149042102","tract",2023,"transportation_state_rnk",84.5874
"47149042200","tract",2023,"transportation_state_rnk",88.1675
"47149042301","tract",2023,"transportation_state_rnk",94.0534
"47149042302","tract",2023,"transportation_state_rnk",53.8835
"47151975000","tract",2023,"transportation_state_rnk",29.551
"47151975101","tract",2023,"transportation_state_rnk",13.2282
"47151975102","tract",2023,"transportation_state_rnk",16.6262
"47151975200","tract",2023,"transportation_state_rnk",18.0218
"47151975300","tract",2023,"transportation_state_rnk",60.4976
"47151975400","tract",2023,"transportation_state_rnk",21.4199
"47153060102","tract",2023,"transportation_state_rnk",57.0692
"47153060103","tract",2023,"transportation_state_rnk",44.3265
"47153060104","tract",2023,"transportation_state_rnk",22.057
"47153060200","tract",2023,"transportation_state_rnk",53.7621
"47155080101","tract",2023,"transportation_state_rnk",24.3325
"47155080103","tract",2023,"transportation_state_rnk",61.9539
"47155080104","tract",2023,"transportation_state_rnk",20.6614
"47155080202","tract",2023,"transportation_state_rnk",36.6201
"47155080203","tract",2023,"transportation_state_rnk",69.7816
"47155080204","tract",2023,"transportation_state_rnk",44.8119
"47155080300","tract",2023,"transportation_state_rnk",71.2379
"47155080401","tract",2023,"transportation_state_rnk",19.5388
"47155080402","tract",2023,"transportation_state_rnk",13.9867
"47155080500","tract",2023,"transportation_state_rnk",54.1566
"47155080601","tract",2023,"transportation_state_rnk",73.301
"47155080603","tract",2023,"transportation_state_rnk",44.2051
"47155080604","tract",2023,"transportation_state_rnk",4.9454
"47155080701","tract",2023,"transportation_state_rnk",58.1007
"47155080702","tract",2023,"transportation_state_rnk",42.7488
"47155080801","tract",2023,"transportation_state_rnk",73.8774
"47155080803","tract",2023,"transportation_state_rnk",11.5595
"47155080804","tract",2023,"transportation_state_rnk",65.4733
"47155080901","tract",2023,"transportation_state_rnk",8.1917
"47155080903","tract",2023,"transportation_state_rnk",4.2172
"47155080904","tract",2023,"transportation_state_rnk",42.9308
"47155081001","tract",2023,"transportation_state_rnk",68.8714
"47155081002","tract",2023,"transportation_state_rnk",61.8325
"47155081101","tract",2023,"transportation_state_rnk",94.2961
"47155081103","tract",2023,"transportation_state_rnk",68.6893
"47155081104","tract",2023,"transportation_state_rnk",75
"47155980100","tract",2023,"transportation_state_rnk",NA
"47157000100","tract",2023,"transportation_state_rnk",53.1857
"47157000200","tract",2023,"transportation_state_rnk",77.4879
"47157000300","tract",2023,"transportation_state_rnk",45.8738
"47157000400","tract",2023,"transportation_state_rnk",74.9393
"47157000600","tract",2023,"transportation_state_rnk",82.8883
"47157000700","tract",2023,"transportation_state_rnk",60.9223
"47157000800","tract",2023,"transportation_state_rnk",95.6311
"47157000900","tract",2023,"transportation_state_rnk",72.5121
"47157001100","tract",2023,"transportation_state_rnk",70.9951
"47157001200","tract",2023,"transportation_state_rnk",73.5437
"47157001300","tract",2023,"transportation_state_rnk",71.3592
"47157001400","tract",2023,"transportation_state_rnk",62.9854
"47157001500","tract",2023,"transportation_state_rnk",75.9102
"47157001600","tract",2023,"transportation_state_rnk",NA
"47157001700","tract",2023,"transportation_state_rnk",74.2718
"47157001900","tract",2023,"transportation_state_rnk",95.449
"47157002000","tract",2023,"transportation_state_rnk",85.1942
"47157002100","tract",2023,"transportation_state_rnk",85.9527
"47157002400","tract",2023,"transportation_state_rnk",71.784
"47157002500","tract",2023,"transportation_state_rnk",76.3653
"47157002600","tract",2023,"transportation_state_rnk",68.6286
"47157002700","tract",2023,"transportation_state_rnk",80.7646
"47157002800","tract",2023,"transportation_state_rnk",87.1966
"47157002900","tract",2023,"transportation_state_rnk",53.3677
"47157003000","tract",2023,"transportation_state_rnk",91.3835
"47157003100","tract",2023,"transportation_state_rnk",78.034
"47157003200","tract",2023,"transportation_state_rnk",80.4915
"47157003300","tract",2023,"transportation_state_rnk",60.9223
"47157003400","tract",2023,"transportation_state_rnk",91.9296
"47157003500","tract",2023,"transportation_state_rnk",36.4078
"47157003600","tract",2023,"transportation_state_rnk",78.8228
"47157003700","tract",2023,"transportation_state_rnk",93.568
"47157003800","tract",2023,"transportation_state_rnk",99.7573
"47157003900","tract",2023,"transportation_state_rnk",99.6359
"47157004200","tract",2023,"transportation_state_rnk",80.4005
"47157004300","tract",2023,"transportation_state_rnk",57.8883
"47157004500","tract",2023,"transportation_state_rnk",76.5777
"47157004600","tract",2023,"transportation_state_rnk",72.3301
"47157005000","tract",2023,"transportation_state_rnk",95.0243
"47157005300","tract",2023,"transportation_state_rnk",84.2233
"47157005500","tract",2023,"transportation_state_rnk",84.284
"47157005600","tract",2023,"transportation_state_rnk",75.3034
"47157005700","tract",2023,"transportation_state_rnk",82.0995
"47157005800","tract",2023,"transportation_state_rnk",87.0146
"47157005900","tract",2023,"transportation_state_rnk",51.3653
"47157006000","tract",2023,"transportation_state_rnk",92.9005
"47157006200","tract",2023,"transportation_state_rnk",74.3325
"47157006300","tract",2023,"transportation_state_rnk",70.7524
"47157006400","tract",2023,"transportation_state_rnk",77.7609
"47157006500","tract",2023,"transportation_state_rnk",85.4369
"47157006600","tract",2023,"transportation_state_rnk",64.0473
"47157006700","tract",2023,"transportation_state_rnk",56.7961
"47157006800","tract",2023,"transportation_state_rnk",79.551
"47157006900","tract",2023,"transportation_state_rnk",57.7973
"47157007000","tract",2023,"transportation_state_rnk",81.6748
"47157007100","tract",2023,"transportation_state_rnk",66.6869
"47157007200","tract",2023,"transportation_state_rnk",57.7973
"47157007300","tract",2023,"transportation_state_rnk",NA
"47157007400","tract",2023,"transportation_state_rnk",81.25
"47157007500","tract",2023,"transportation_state_rnk",79.9757
"47157007810","tract",2023,"transportation_state_rnk",52.1845
"47157007821","tract",2023,"transportation_state_rnk",52.7609
"47157007822","tract",2023,"transportation_state_rnk",73.2403
"47157007900","tract",2023,"transportation_state_rnk",81.7658
"47157008000","tract",2023,"transportation_state_rnk",69.3568
"47157008110","tract",2023,"transportation_state_rnk",64.0473
"47157008120","tract",2023,"transportation_state_rnk",85.6189
"47157008200","tract",2023,"transportation_state_rnk",65.2913
"47157008500","tract",2023,"transportation_state_rnk",43.5983
"47157008600","tract",2023,"transportation_state_rnk",65.4733
"47157008700","tract",2023,"transportation_state_rnk",58.4951
"47157008800","tract",2023,"transportation_state_rnk",11.8325
"47157008900","tract",2023,"transportation_state_rnk",72.4515
"47157009100","tract",2023,"transportation_state_rnk",64.199
"47157009201","tract",2023,"transportation_state_rnk",34.3143
"47157009202","tract",2023,"transportation_state_rnk",42.5667
"47157009300","tract",2023,"transportation_state_rnk",37.8944
"47157009400","tract",2023,"transportation_state_rnk",38.7743
"47157009501","tract",2023,"transportation_state_rnk",23.3313
"47157009502","tract",2023,"transportation_state_rnk",53.034
"47157009600","tract",2023,"transportation_state_rnk",18.2646
"47157009700","tract",2023,"transportation_state_rnk",58.8896
"47157009800","tract",2023,"transportation_state_rnk",61.4381
"47157009901","tract",2023,"transportation_state_rnk",75.7585
"47157009902","tract",2023,"transportation_state_rnk",67.5971
"47157010001","tract",2023,"transportation_state_rnk",68.9624
"47157010002","tract",2023,"transportation_state_rnk",32.3422
"47157010120","tract",2023,"transportation_state_rnk",81.9175
"47157010121","tract",2023,"transportation_state_rnk",29.8544
"47157010122","tract",2023,"transportation_state_rnk",92.051
"47157010210","tract",2023,"transportation_state_rnk",66.7779
"47157010220","tract",2023,"transportation_state_rnk",68.1432
"47157010300","tract",2023,"transportation_state_rnk",72.2087
"47157010500","tract",2023,"transportation_state_rnk",67.5971
"47157010610","tract",2023,"transportation_state_rnk",73.0583
"47157010620","tract",2023,"transportation_state_rnk",74.0291
"47157010630","tract",2023,"transportation_state_rnk",75.2124
"47157010710","tract",2023,"transportation_state_rnk",60.6493
"47157010720","tract",2023,"transportation_state_rnk",66.2621
"47157010810","tract",2023,"transportation_state_rnk",69.5085
"47157010820","tract",2023,"transportation_state_rnk",56.2803
"47157011010","tract",2023,"transportation_state_rnk",34.6784
"47157011020","tract",2023,"transportation_state_rnk",69.7209
"47157011100","tract",2023,"transportation_state_rnk",73.9684
"47157011200","tract",2023,"transportation_state_rnk",93.2039
"47157011300","tract",2023,"transportation_state_rnk",82.3422
"47157011401","tract",2023,"transportation_state_rnk",73.6044
"47157011402","tract",2023,"transportation_state_rnk",NA
"47157011500","tract",2023,"transportation_state_rnk",88.0461
"47157011600","tract",2023,"transportation_state_rnk",83.3738
"47157011700","tract",2023,"transportation_state_rnk",88.5922
"47157011800","tract",2023,"transportation_state_rnk",70.1456
"47157020101","tract",2023,"transportation_state_rnk",12.1359
"47157020102","tract",2023,"transportation_state_rnk",6.341
"47157020210","tract",2023,"transportation_state_rnk",55.5218
"47157020221","tract",2023,"transportation_state_rnk",33.7379
"47157020222","tract",2023,"transportation_state_rnk",34.7998
"47157020301","tract",2023,"transportation_state_rnk",21.2985
"47157020302","tract",2023,"transportation_state_rnk",71.8447
"47157020400","tract",2023,"transportation_state_rnk",75.2124
"47157020511","tract",2023,"transportation_state_rnk",25.9709
"47157020521","tract",2023,"transportation_state_rnk",27.7913
"47157020523","tract",2023,"transportation_state_rnk",83.0097
"47157020524","tract",2023,"transportation_state_rnk",64.9272
"47157020531","tract",2023,"transportation_state_rnk",33.8592
"47157020532","tract",2023,"transportation_state_rnk",46.0862
"47157020541","tract",2023,"transportation_state_rnk",45.449
"47157020542","tract",2023,"transportation_state_rnk",60.9223
"47157020543","tract",2023,"transportation_state_rnk",80.4915
"47157020544","tract",2023,"transportation_state_rnk",70.5704
"47157020610","tract",2023,"transportation_state_rnk",57.4636
"47157020621","tract",2023,"transportation_state_rnk",33.1917
"47157020622","tract",2023,"transportation_state_rnk",20.0243
"47157020632","tract",2023,"transportation_state_rnk",31.1893
"47157020633","tract",2023,"transportation_state_rnk",56.5231
"47157020634","tract",2023,"transportation_state_rnk",18.2646
"47157020635","tract",2023,"transportation_state_rnk",18.7197
"47157020651","tract",2023,"transportation_state_rnk",47.1481
"47157020652","tract",2023,"transportation_state_rnk",20.0243
"47157020653","tract",2023,"transportation_state_rnk",15.5643
"47157020654","tract",2023,"transportation_state_rnk",17.9612
"47157020655","tract",2023,"transportation_state_rnk",4.0049
"47157020656","tract",2023,"transportation_state_rnk",41.5959
"47157020657","tract",2023,"transportation_state_rnk",18.8714
"47157020658","tract",2023,"transportation_state_rnk",30.5218
"47157020700","tract",2023,"transportation_state_rnk",9.1019
"47157020833","tract",2023,"transportation_state_rnk",27.6092
"47157020834","tract",2023,"transportation_state_rnk",17.5971
"47157020835","tract",2023,"transportation_state_rnk",14.7451
"47157020836","tract",2023,"transportation_state_rnk",25.0303
"47157020837","tract",2023,"transportation_state_rnk",31.9782
"47157020901","tract",2023,"transportation_state_rnk",3.6408
"47157020902","tract",2023,"transportation_state_rnk",27.2451
"47157021020","tract",2023,"transportation_state_rnk",6.7354
"47157021021","tract",2023,"transportation_state_rnk",25.0303
"47157021022","tract",2023,"transportation_state_rnk",39.7755
"47157021023","tract",2023,"transportation_state_rnk",31.068
"47157021111","tract",2023,"transportation_state_rnk",44.9939
"47157021112","tract",2023,"transportation_state_rnk",42.3544
"47157021113","tract",2023,"transportation_state_rnk",41.96
"47157021121","tract",2023,"transportation_state_rnk",58.2828
"47157021122","tract",2023,"transportation_state_rnk",67.4757
"47157021124","tract",2023,"transportation_state_rnk",52.1238
"47157021125","tract",2023,"transportation_state_rnk",53.6104
"47157021126","tract",2023,"transportation_state_rnk",36.2257
"47157021135","tract",2023,"transportation_state_rnk",60.2549
"47157021136","tract",2023,"transportation_state_rnk",39.3204
"47157021138","tract",2023,"transportation_state_rnk",49.5146
"47157021139","tract",2023,"transportation_state_rnk",6.6141
"47157021140","tract",2023,"transportation_state_rnk",44.8119
"47157021141","tract",2023,"transportation_state_rnk",24.909
"47157021142","tract",2023,"transportation_state_rnk",66.0801
"47157021143","tract",2023,"transportation_state_rnk",61.1347
"47157021144","tract",2023,"transportation_state_rnk",26.2743
"47157021200","tract",2023,"transportation_state_rnk",NA
"47157021311","tract",2023,"transportation_state_rnk",30.5218
"47157021312","tract",2023,"transportation_state_rnk",39.7755
"47157021320","tract",2023,"transportation_state_rnk",48.4223
"47157021331","tract",2023,"transportation_state_rnk",30.6735
"47157021333","tract",2023,"transportation_state_rnk",50.9709
"47157021334","tract",2023,"transportation_state_rnk",46.4502
"47157021341","tract",2023,"transportation_state_rnk",61.7112
"47157021351","tract",2023,"transportation_state_rnk",54.4296
"47157021352","tract",2023,"transportation_state_rnk",31.5231
"47157021354","tract",2023,"transportation_state_rnk",58.1007
"47157021355","tract",2023,"transportation_state_rnk",33.8592
"47157021356","tract",2023,"transportation_state_rnk",46.2682
"47157021357","tract",2023,"transportation_state_rnk",30.3701
"47157021410","tract",2023,"transportation_state_rnk",15.716
"47157021420","tract",2023,"transportation_state_rnk",19.3568
"47157021430","tract",2023,"transportation_state_rnk",64.7148
"47157021530","tract",2023,"transportation_state_rnk",50.7888
"47157021541","tract",2023,"transportation_state_rnk",58.6165
"47157021542","tract",2023,"transportation_state_rnk",15.9587
"47157021543","tract",2023,"transportation_state_rnk",3.7015
"47157021544","tract",2023,"transportation_state_rnk",66.3835
"47157021545","tract",2023,"transportation_state_rnk",66.6262
"47157021546","tract",2023,"transportation_state_rnk",63.9563
"47157021547","tract",2023,"transportation_state_rnk",28.7925
"47157021548","tract",2023,"transportation_state_rnk",55.3701
"47157021611","tract",2023,"transportation_state_rnk",23.8774
"47157021612","tract",2023,"transportation_state_rnk",12.409
"47157021613","tract",2023,"transportation_state_rnk",53.034
"47157021620","tract",2023,"transportation_state_rnk",70.5097
"47157021710","tract",2023,"transportation_state_rnk",58.2828
"47157021721","tract",2023,"transportation_state_rnk",64.8058
"47157021724","tract",2023,"transportation_state_rnk",71.7233
"47157021725","tract",2023,"transportation_state_rnk",74.7573
"47157021731","tract",2023,"transportation_state_rnk",62.0449
"47157021744","tract",2023,"transportation_state_rnk",41.2015
"47157021745","tract",2023,"transportation_state_rnk",42.0813
"47157021746","tract",2023,"transportation_state_rnk",56.8871
"47157021747","tract",2023,"transportation_state_rnk",11.9539
"47157021751","tract",2023,"transportation_state_rnk",16.9903
"47157021752","tract",2023,"transportation_state_rnk",33.4648
"47157021753","tract",2023,"transportation_state_rnk",48.9381
"47157021754","tract",2023,"transportation_state_rnk",47.8459
"47157021755","tract",2023,"transportation_state_rnk",74.5752
"47157021756","tract",2023,"transportation_state_rnk",73.4223
"47157021757","tract",2023,"transportation_state_rnk",60.4066
"47157021758","tract",2023,"transportation_state_rnk",77.5789
"47157021759","tract",2023,"transportation_state_rnk",32.949
"47157021760","tract",2023,"transportation_state_rnk",41.5959
"47157021900","tract",2023,"transportation_state_rnk",44.8119
"47157022023","tract",2023,"transportation_state_rnk",59.7998
"47157022024","tract",2023,"transportation_state_rnk",47.0267
"47157022025","tract",2023,"transportation_state_rnk",74.6966
"47157022026","tract",2023,"transportation_state_rnk",74.6359
"47157022111","tract",2023,"transportation_state_rnk",83.2524
"47157022121","tract",2023,"transportation_state_rnk",29.0049
"47157022122","tract",2023,"transportation_state_rnk",46.2682
"47157022130","tract",2023,"transportation_state_rnk",67.051
"47157022131","tract",2023,"transportation_state_rnk",91.2015
"47157022132","tract",2023,"transportation_state_rnk",45.5704
"47157022210","tract",2023,"transportation_state_rnk",69.6602
"47157022220","tract",2023,"transportation_state_rnk",72.6638
"47157022310","tract",2023,"transportation_state_rnk",73.483
"47157022321","tract",2023,"transportation_state_rnk",64.6238
"47157022322","tract",2023,"transportation_state_rnk",75.9709
"47157022330","tract",2023,"transportation_state_rnk",36.4988
"47157022410","tract",2023,"transportation_state_rnk",50.5461
"47157022500","tract",2023,"transportation_state_rnk",67.2937
"47157022600","tract",2023,"transportation_state_rnk",67.7488
"47157022700","tract",2023,"transportation_state_rnk",71.1468
"47157980100","tract",2023,"transportation_state_rnk",NA
"47157980200","tract",2023,"transportation_state_rnk",NA
"47157980300","tract",2023,"transportation_state_rnk",NA
"47157980401","tract",2023,"transportation_state_rnk",NA
"47157980402","tract",2023,"transportation_state_rnk",NA
"47159975000","tract",2023,"transportation_state_rnk",30.6735
"47159975100","tract",2023,"transportation_state_rnk",32.3422
"47159975200","tract",2023,"transportation_state_rnk",23.7257
"47159975300","tract",2023,"transportation_state_rnk",7.767
"47159975400","tract",2023,"transportation_state_rnk",11.4078
"47161110201","tract",2023,"transportation_state_rnk",39.9272
"47161110202","tract",2023,"transportation_state_rnk",17.5971
"47161110600","tract",2023,"transportation_state_rnk",62.3786
"47161110700","tract",2023,"transportation_state_rnk",53.6104
"47161980100","tract",2023,"transportation_state_rnk",NA
"47161980200","tract",2023,"transportation_state_rnk",NA
"47163040200","tract",2023,"transportation_state_rnk",90.1699
"47163040300","tract",2023,"transportation_state_rnk",86.5595
"47163040500","tract",2023,"transportation_state_rnk",82.8277
"47163040600","tract",2023,"transportation_state_rnk",85.6796
"47163040700","tract",2023,"transportation_state_rnk",52.4879
"47163040800","tract",2023,"transportation_state_rnk",80.2791
"47163040900","tract",2023,"transportation_state_rnk",84.7087
"47163041000","tract",2023,"transportation_state_rnk",26.5777
"47163041100","tract",2023,"transportation_state_rnk",77.3362
"47163041200","tract",2023,"transportation_state_rnk",74.8786
"47163041300","tract",2023,"transportation_state_rnk",24.5146
"47163041400","tract",2023,"transportation_state_rnk",9.1019
"47163041500","tract",2023,"transportation_state_rnk",50.6978
"47163041600","tract",2023,"transportation_state_rnk",76.8811
"47163041700","tract",2023,"transportation_state_rnk",55.7039
"47163041800","tract",2023,"transportation_state_rnk",72.7852
"47163041900","tract",2023,"transportation_state_rnk",67.5971
"47163042000","tract",2023,"transportation_state_rnk",39.6541
"47163042100","tract",2023,"transportation_state_rnk",75.091
"47163042200","tract",2023,"transportation_state_rnk",59.2233
"47163042300","tract",2023,"transportation_state_rnk",70.8738
"47163042400","tract",2023,"transportation_state_rnk",36.9539
"47163042500","tract",2023,"transportation_state_rnk",9.2536
"47163042600","tract",2023,"transportation_state_rnk",81.0073
"47163042702","tract",2023,"transportation_state_rnk",65.2306
"47163042703","tract",2023,"transportation_state_rnk",59.8908
"47163042704","tract",2023,"transportation_state_rnk",45.449
"47163042801","tract",2023,"transportation_state_rnk",71.1468
"47163042802","tract",2023,"transportation_state_rnk",83.7379
"47163042900","tract",2023,"transportation_state_rnk",74.5146
"47163043000","tract",2023,"transportation_state_rnk",56.6141
"47163043100","tract",2023,"transportation_state_rnk",35.5583
"47163043201","tract",2023,"transportation_state_rnk",21.875
"47163043202","tract",2023,"transportation_state_rnk",41.3835
"47163043301","tract",2023,"transportation_state_rnk",12.5
"47163043302","tract",2023,"transportation_state_rnk",12.682
"47163043401","tract",2023,"transportation_state_rnk",54.1566
"47163043402","tract",2023,"transportation_state_rnk",21.5413
"47163043500","tract",2023,"transportation_state_rnk",8.9502
"47163043600","tract",2023,"transportation_state_rnk",10.4369
"47165020101","tract",2023,"transportation_state_rnk",60.5583
"47165020102","tract",2023,"transportation_state_rnk",15.716
"47165020203","tract",2023,"transportation_state_rnk",25.4248
"47165020204","tract",2023,"transportation_state_rnk",4.8544
"47165020205","tract",2023,"transportation_state_rnk",29.0049
"47165020206","tract",2023,"transportation_state_rnk",45.9345
"47165020207","tract",2023,"transportation_state_rnk",27.4879
"47165020208","tract",2023,"transportation_state_rnk",38.6226
"47165020209","tract",2023,"transportation_state_rnk",20.2973
"47165020300","tract",2023,"transportation_state_rnk",51.1226
"47165020403","tract",2023,"transportation_state_rnk",14.7451
"47165020404","tract",2023,"transportation_state_rnk",23.21
"47165020405","tract",2023,"transportation_state_rnk",25.8192
"47165020406","tract",2023,"transportation_state_rnk",14.2294
"47165020407","tract",2023,"transportation_state_rnk",18.2646
"47165020501","tract",2023,"transportation_state_rnk",42.1723
"47165020502","tract",2023,"transportation_state_rnk",35.801
"47165020503","tract",2023,"transportation_state_rnk",54.6117
"47165020601","tract",2023,"transportation_state_rnk",48.1189
"47165020602","tract",2023,"transportation_state_rnk",22.2694
"47165020603","tract",2023,"transportation_state_rnk",28.6408
"47165020700","tract",2023,"transportation_state_rnk",96.9053
"47165020800","tract",2023,"transportation_state_rnk",71.4806
"47165020901","tract",2023,"transportation_state_rnk",13.0461
"47165020903","tract",2023,"transportation_state_rnk",53.8228
"47165020904","tract",2023,"transportation_state_rnk",60.7403
"47165020905","tract",2023,"transportation_state_rnk",88.5316
"47165021002","tract",2023,"transportation_state_rnk",91.8689
"47165021004","tract",2023,"transportation_state_rnk",54.1566
"47165021005","tract",2023,"transportation_state_rnk",86.7718
"47165021006","tract",2023,"transportation_state_rnk",20.0243
"47165021007","tract",2023,"transportation_state_rnk",52.7609
"47165021008","tract",2023,"transportation_state_rnk",87.6214
"47165021009","tract",2023,"transportation_state_rnk",91.6566
"47165021103","tract",2023,"transportation_state_rnk",90.534
"47165021104","tract",2023,"transportation_state_rnk",90.4733
"47165021105","tract",2023,"transportation_state_rnk",89.8058
"47165021106","tract",2023,"transportation_state_rnk",91.9903
"47165021107","tract",2023,"transportation_state_rnk",85.3155
"47165021201","tract",2023,"transportation_state_rnk",86.1044
"47165021203","tract",2023,"transportation_state_rnk",47.4211
"47165021204","tract",2023,"transportation_state_rnk",89.2597
"47165021205","tract",2023,"transportation_state_rnk",90.7767
"47167040100","tract",2023,"transportation_state_rnk",9.8301
"47167040200","tract",2023,"transportation_state_rnk",45.449
"47167040302","tract",2023,"transportation_state_rnk",5.9466
"47167040303","tract",2023,"transportation_state_rnk",30.1578
"47167040304","tract",2023,"transportation_state_rnk",8.4951
"47167040400","tract",2023,"transportation_state_rnk",43.0218
"47167040500","tract",2023,"transportation_state_rnk",52.6092
"47167040601","tract",2023,"transportation_state_rnk",56.0983
"47167040602","tract",2023,"transportation_state_rnk",34.7998
"47167040700","tract",2023,"transportation_state_rnk",94.3568
"47167040800","tract",2023,"transportation_state_rnk",26.1226
"47167040900","tract",2023,"transportation_state_rnk",2.5485
"47167041000","tract",2023,"transportation_state_rnk",31.9782
"47169090100","tract",2023,"transportation_state_rnk",27.6699
"47169090200","tract",2023,"transportation_state_rnk",37.2573
"47171080100","tract",2023,"transportation_state_rnk",18.5376
"47171080200","tract",2023,"transportation_state_rnk",37.591
"47171080300","tract",2023,"transportation_state_rnk",47.9976
"47171080400","tract",2023,"transportation_state_rnk",66.4442
"47173040101","tract",2023,"transportation_state_rnk",21.966
"47173040102","tract",2023,"transportation_state_rnk",13.0461
"47173040201","tract",2023,"transportation_state_rnk",38.5316
"47173040202","tract",2023,"transportation_state_rnk",25.6371
"47173040300","tract",2023,"transportation_state_rnk",77.8519
"47175925000","tract",2023,"transportation_state_rnk",81.6141
"47175925200","tract",2023,"transportation_state_rnk",15.1092
"47177930100","tract",2023,"transportation_state_rnk",23.4223
"47177930201","tract",2023,"transportation_state_rnk",17.8398
"47177930202","tract",2023,"transportation_state_rnk",1.0316
"47177930300","tract",2023,"transportation_state_rnk",4.0655
"47177930400","tract",2023,"transportation_state_rnk",70.267
"47177930500","tract",2023,"transportation_state_rnk",65.0485
"47177930600","tract",2023,"transportation_state_rnk",37.8944
"47177930700","tract",2023,"transportation_state_rnk",46.9357
"47177930800","tract",2023,"transportation_state_rnk",2.2755
"47177930900","tract",2023,"transportation_state_rnk",35.5583
"47179060100","tract",2023,"transportation_state_rnk",85.5279
"47179060401","tract",2023,"transportation_state_rnk",74.1505
"47179060402","tract",2023,"transportation_state_rnk",79.3083
"47179060501","tract",2023,"transportation_state_rnk",80.3398
"47179060503","tract",2023,"transportation_state_rnk",13.9867
"47179060504","tract",2023,"transportation_state_rnk",80.9163
"47179060601","tract",2023,"transportation_state_rnk",73.0583
"47179060602","tract",2023,"transportation_state_rnk",87.1359
"47179060700","tract",2023,"transportation_state_rnk",NA
"47179060800","tract",2023,"transportation_state_rnk",65.625
"47179060901","tract",2023,"transportation_state_rnk",89.7148
"47179060902","tract",2023,"transportation_state_rnk",96.5413
"47179061000","tract",2023,"transportation_state_rnk",83.4951
"47179061100","tract",2023,"transportation_state_rnk",84.6481
"47179061200","tract",2023,"transportation_state_rnk",37.8944
"47179061301","tract",2023,"transportation_state_rnk",86.1954
"47179061302","tract",2023,"transportation_state_rnk",71.0558
"47179061401","tract",2023,"transportation_state_rnk",6.7961
"47179061403","tract",2023,"transportation_state_rnk",75.8495
"47179061404","tract",2023,"transportation_state_rnk",31.3714
"47179061500","tract",2023,"transportation_state_rnk",26.9114
"47179061601","tract",2023,"transportation_state_rnk",7.5243
"47179061603","tract",2023,"transportation_state_rnk",2.8216
"47179061604","tract",2023,"transportation_state_rnk",1.517
"47179061701","tract",2023,"transportation_state_rnk",78.2767
"47179061703","tract",2023,"transportation_state_rnk",31.8265
"47179061704","tract",2023,"transportation_state_rnk",86.5595
"47179061800","tract",2023,"transportation_state_rnk",25.2731
"47179061902","tract",2023,"transportation_state_rnk",36.8325
"47179061903","tract",2023,"transportation_state_rnk",26.5777
"47179061904","tract",2023,"transportation_state_rnk",0.9709
"47179062000","tract",2023,"transportation_state_rnk",81.1286
"47181950100","tract",2023,"transportation_state_rnk",NA
"47181950200","tract",2023,"transportation_state_rnk",29.733
"47181950300","tract",2023,"transportation_state_rnk",12.9248
"47181950400","tract",2023,"transportation_state_rnk",14.2294
"47183968000","tract",2023,"transportation_state_rnk",22.9672
"47183968101","tract",2023,"transportation_state_rnk",84.5267
"47183968102","tract",2023,"transportation_state_rnk",27.0934
"47183968201","tract",2023,"transportation_state_rnk",38.2888
"47183968202","tract",2023,"transportation_state_rnk",NA
"47183968203","tract",2023,"transportation_state_rnk",73.3617
"47183968300","tract",2023,"transportation_state_rnk",34.3143
"47183968400","tract",2023,"transportation_state_rnk",10.6493
"47183968500","tract",2023,"transportation_state_rnk",47.2998
"47183968600","tract",2023,"transportation_state_rnk",27.0934
"47183968700","tract",2023,"transportation_state_rnk",32.4939
"47185935000","tract",2023,"transportation_state_rnk",23.7864
"47185935100","tract",2023,"transportation_state_rnk",7.0995
"47185935200","tract",2023,"transportation_state_rnk",37.4697
"47185935300","tract",2023,"transportation_state_rnk",29.3993
"47185935400","tract",2023,"transportation_state_rnk",35.3459
"47185935500","tract",2023,"transportation_state_rnk",35.801
"47187050102","tract",2023,"transportation_state_rnk",58.7379
"47187050103","tract",2023,"transportation_state_rnk",46.3592
"47187050104","tract",2023,"transportation_state_rnk",58.3738
"47187050105","tract",2023,"transportation_state_rnk",66.2015
"47187050204","tract",2023,"transportation_state_rnk",44.5388
"47187050205","tract",2023,"transportation_state_rnk",86.0437
"47187050206","tract",2023,"transportation_state_rnk",89.0473
"47187050207","tract",2023,"transportation_state_rnk",91.3228
"47187050209","tract",2023,"transportation_state_rnk",88.2282
"47187050210","tract",2023,"transportation_state_rnk",87.5
"47187050211","tract",2023,"transportation_state_rnk",72.9369
"47187050212","tract",2023,"transportation_state_rnk",30.8556
"47187050303","tract",2023,"transportation_state_rnk",88.9563
"47187050304","tract",2023,"transportation_state_rnk",97.0267
"47187050305","tract",2023,"transportation_state_rnk",20.1456
"47187050306","tract",2023,"transportation_state_rnk",87.8641
"47187050307","tract",2023,"transportation_state_rnk",64.8665
"47187050403","tract",2023,"transportation_state_rnk",37.8944
"47187050404","tract",2023,"transportation_state_rnk",50.1214
"47187050405","tract",2023,"transportation_state_rnk",23.0583
"47187050406","tract",2023,"transportation_state_rnk",62.8944
"47187050502","tract",2023,"transportation_state_rnk",20.54
"47187050503","tract",2023,"transportation_state_rnk",53.4587
"47187050504","tract",2023,"transportation_state_rnk",40.2609
"47187050601","tract",2023,"transportation_state_rnk",66.8993
"47187050603","tract",2023,"transportation_state_rnk",94.5388
"47187050604","tract",2023,"transportation_state_rnk",64.5024
"47187050701","tract",2023,"transportation_state_rnk",89.5631
"47187050702","tract",2023,"transportation_state_rnk",37.3483
"47187050801","tract",2023,"transportation_state_rnk",98.2403
"47187050802","tract",2023,"transportation_state_rnk",89.0473
"47187050904","tract",2023,"transportation_state_rnk",49.1201
"47187050905","tract",2023,"transportation_state_rnk",96.966
"47187050906","tract",2023,"transportation_state_rnk",91.8083
"47187050907","tract",2023,"transportation_state_rnk",93.6893
"47187050908","tract",2023,"transportation_state_rnk",94.4782
"47187050909","tract",2023,"transportation_state_rnk",22.9672
"47187051001","tract",2023,"transportation_state_rnk",93.3252
"47187051002","tract",2023,"transportation_state_rnk",56.432
"47187051100","tract",2023,"transportation_state_rnk",47.5728
"47187051203","tract",2023,"transportation_state_rnk",20.2973
"47187051204","tract",2023,"transportation_state_rnk",63.5922
"47187051205","tract",2023,"transportation_state_rnk",45.176
"47187051206","tract",2023,"transportation_state_rnk",83.9199
"47187051207","tract",2023,"transportation_state_rnk",80.0364
"47187051208","tract",2023,"transportation_state_rnk",39.5631
"47189030102","tract",2023,"transportation_state_rnk",4.3689
"47189030103","tract",2023,"transportation_state_rnk",16.4442
"47189030104","tract",2023,"transportation_state_rnk",37.3483
"47189030105","tract",2023,"transportation_state_rnk",39.108
"47189030202","tract",2023,"transportation_state_rnk",63.8653
"47189030203","tract",2023,"transportation_state_rnk",16.4442
"47189030205","tract",2023,"transportation_state_rnk",48.1189
"47189030206","tract",2023,"transportation_state_rnk",63.6529
"47189030207","tract",2023,"transportation_state_rnk",28.034
"47189030303","tract",2023,"transportation_state_rnk",87.3786
"47189030304","tract",2023,"transportation_state_rnk",88.4709
"47189030305","tract",2023,"transportation_state_rnk",83.6165
"47189030308","tract",2023,"transportation_state_rnk",30.2791
"47189030309","tract",2023,"transportation_state_rnk",92.6881
"47189030310","tract",2023,"transportation_state_rnk",54.8544
"47189030311","tract",2023,"transportation_state_rnk",84.1019
"47189030401","tract",2023,"transportation_state_rnk",50.2124
"47189030402","tract",2023,"transportation_state_rnk",55.1881
"47189030500","tract",2023,"transportation_state_rnk",57.9794
"47189030600","tract",2023,"transportation_state_rnk",48.7561
"47189030700","tract",2023,"transportation_state_rnk",72.2694
"47189030800","tract",2023,"transportation_state_rnk",7.1602
"47189030904","tract",2023,"transportation_state_rnk",8.9502
"47189030905","tract",2023,"transportation_state_rnk",6.6141
"47189030906","tract",2023,"transportation_state_rnk",14.3811
"47189030907","tract",2023,"transportation_state_rnk",49.1201
"47189030908","tract",2023,"transportation_state_rnk",67.7488
"47189031000","tract",2023,"transportation_state_rnk",7.3119
