"geoid","geolevel","year","level","value"
"09110400101","tract",2023,"transportation_score",87.2
"09110400102","tract",2023,"transportation_score",89.74
"09110400200","tract",2023,"transportation_score",87.22
"09110400300","tract",2023,"transportation_score",85.68
"09110415300","tract",2023,"transportation_score",102.83
"09110415400","tract",2023,"transportation_score",98.99
"09110415500","tract",2023,"transportation_score",101.68
"09110415600","tract",2023,"transportation_score",103.09
"09110415700","tract",2023,"transportation_score",93.9
"09110415800","tract",2023,"transportation_score",112.18
"09110415900","tract",2023,"transportation_score",102.43
"09110416000","tract",2023,"transportation_score",97.25
"09110416100","tract",2023,"transportation_score",98.98
"09110416200","tract",2023,"transportation_score",98.21
"09110416300","tract",2023,"transportation_score",99.5
"09110416400","tract",2023,"transportation_score",88.76
"09110416500","tract",2023,"transportation_score",90
"09110416600","tract",2023,"transportation_score",99.92
"09110416700","tract",2023,"transportation_score",85.77
"09110416800","tract",2023,"transportation_score",94.51
"09110417100","tract",2023,"transportation_score",103.16
"09110417200","tract",2023,"transportation_score",95.84
"09110417300","tract",2023,"transportation_score",NA
"09110417400","tract",2023,"transportation_score",92.83
"09110417500","tract",2023,"transportation_score",87.51
"09110420400","tract",2023,"transportation_score",87.53
"09110420500","tract",2023,"transportation_score",88.27
"09110420601","tract",2023,"transportation_score",91.47
"09110420602","tract",2023,"transportation_score",87.04
"09110420700","tract",2023,"transportation_score",87.05
"09110430100","tract",2023,"transportation_score",85.18
"09110430201","tract",2023,"transportation_score",89.04
"09110430202","tract",2023,"transportation_score",86.54
"09110430203","tract",2023,"transportation_score",90.09
"09110430301","tract",2023,"transportation_score",87.76
"09110430302","tract",2023,"transportation_score",90.17
"09110430400","tract",2023,"transportation_score",84.97
"09110430501","tract",2023,"transportation_score",84.85
"09110430502","tract",2023,"transportation_score",88.33
"09110430602","tract",2023,"transportation_score",87.02
"09110430603","tract",2023,"transportation_score",88.23
"09110430604","tract",2023,"transportation_score",90.97
"09110460100","tract",2023,"transportation_score",90.29
"09110460202","tract",2023,"transportation_score",89.92
"09110460203","tract",2023,"transportation_score",90.29
"09110460204","tract",2023,"transportation_score",92.12
"09110460301","tract",2023,"transportation_score",89.78
"09110460302","tract",2023,"transportation_score",87.86
"09110462101","tract",2023,"transportation_score",92.3
"09110462102","tract",2023,"transportation_score",90.59
"09110462201","tract",2023,"transportation_score",95.29
"09110462202","tract",2023,"transportation_score",97.12
"09110464101","tract",2023,"transportation_score",89.51
"09110464102","tract",2023,"transportation_score",95.35
"09110466101","tract",2023,"transportation_score",93.67
"09110466102","tract",2023,"transportation_score",90.01
"09110466201","tract",2023,"transportation_score",98.76
"09110466202","tract",2023,"transportation_score",90.63
"09110466300","tract",2023,"transportation_score",96.39
"09110466400","tract",2023,"transportation_score",86.87
"09110468101","tract",2023,"transportation_score",87.88
"09110468102","tract",2023,"transportation_score",90.37
"09110470100","tract",2023,"transportation_score",88.44
"09110471100","tract",2023,"transportation_score",98.49
"09110471200","tract",2023,"transportation_score",98.59
"09110471300","tract",2023,"transportation_score",91.98
"09110471400","tract",2023,"transportation_score",93.63
"09110471500","tract",2023,"transportation_score",94.95
"09110473100","tract",2023,"transportation_score",90.86
"09110473400","tract",2023,"transportation_score",89.08
"09110473501","tract",2023,"transportation_score",86.57
"09110473502","tract",2023,"transportation_score",89.67
"09110473601","tract",2023,"transportation_score",88.61
"09110473602","tract",2023,"transportation_score",90.98
"09110473700","tract",2023,"transportation_score",100.87
"09110473800","tract",2023,"transportation_score",97.2
"09110476100","tract",2023,"transportation_score",86.58
"09110476200","tract",2023,"transportation_score",95.84
"09110476300","tract",2023,"transportation_score",93.67
"09110477101","tract",2023,"transportation_score",87.75
"09110477103","tract",2023,"transportation_score",88.35
"09110477104","tract",2023,"transportation_score",85.1
"09110477200","tract",2023,"transportation_score",90.33
"09110480300","tract",2023,"transportation_score",88.07
"09110480400","tract",2023,"transportation_score",89.18
"09110480500","tract",2023,"transportation_score",90.02
"09110480600","tract",2023,"transportation_score",90.91
"09110480700","tract",2023,"transportation_score",91.17
"09110480800","tract",2023,"transportation_score",88.34
"09110480900","tract",2023,"transportation_score",83.59
"09110481000","tract",2023,"transportation_score",86.22
"09110481100","tract",2023,"transportation_score",88.71
"09110481200","tract",2023,"transportation_score",91.88
"09110481300","tract",2023,"transportation_score",89.46
"09110484100","tract",2023,"transportation_score",90.86
"09110484200","tract",2023,"transportation_score",87.7
"09110487100","tract",2023,"transportation_score",90.77
"09110487201","tract",2023,"transportation_score",90.17
"09110487202","tract",2023,"transportation_score",86.25
"09110487300","tract",2023,"transportation_score",91.07
"09110487400","tract",2023,"transportation_score",89.42
"09110487500","tract",2023,"transportation_score",92
"09110490100","tract",2023,"transportation_score",95.45
"09110490303","tract",2023,"transportation_score",92.26
"09110490304","tract",2023,"transportation_score",87.36
"09110492100","tract",2023,"transportation_score",92.65
"09110492200","tract",2023,"transportation_score",90.02
"09110492300","tract",2023,"transportation_score",92.08
"09110492400","tract",2023,"transportation_score",91.33
"09110492500","tract",2023,"transportation_score",87.18
"09110492600","tract",2023,"transportation_score",90.05
"09110494100","tract",2023,"transportation_score",94.82
"09110494201","tract",2023,"transportation_score",86.59
"09110494202","tract",2023,"transportation_score",90.09
"09110494300","tract",2023,"transportation_score",88.13
"09110494400","tract",2023,"transportation_score",88.81
"09110494500","tract",2023,"transportation_score",86.13
"09110494600","tract",2023,"transportation_score",96.11
"09110496100","tract",2023,"transportation_score",104.86
"09110496200","tract",2023,"transportation_score",93.01
"09110496300","tract",2023,"transportation_score",89.94
"09110496400","tract",2023,"transportation_score",89.13
"09110496500","tract",2023,"transportation_score",94.11
"09110496600","tract",2023,"transportation_score",89.67
"09110496700","tract",2023,"transportation_score",95.56
"09110496800","tract",2023,"transportation_score",94.27
"09110496900","tract",2023,"transportation_score",95.2
"09110497000","tract",2023,"transportation_score",93.21
"09110497100","tract",2023,"transportation_score",96.14
"09110497200","tract",2023,"transportation_score",95.52
"09110497300","tract",2023,"transportation_score",90.21
"09110497400","tract",2023,"transportation_score",91.13
"09110497500","tract",2023,"transportation_score",94.78
"09110497600","tract",2023,"transportation_score",90.31
"09110497700","tract",2023,"transportation_score",90.26
"09110500100","tract",2023,"transportation_score",114.04
"09110500200","tract",2023,"transportation_score",114.29
"09110500300","tract",2023,"transportation_score",115.33
"09110500400","tract",2023,"transportation_score",98.95
"09110500500","tract",2023,"transportation_score",130.07
"09110500900","tract",2023,"transportation_score",127.69
"09110501200","tract",2023,"transportation_score",123.97
"09110501300","tract",2023,"transportation_score",120.5
"09110501400","tract",2023,"transportation_score",116.66
"09110501500","tract",2023,"transportation_score",124.75
"09110501700","tract",2023,"transportation_score",128.52
"09110501800","tract",2023,"transportation_score",106.37
"09110502100","tract",2023,"transportation_score",118.93
"09110502300","tract",2023,"transportation_score",98.7
"09110502400","tract",2023,"transportation_score",105.54
"09110502500","tract",2023,"transportation_score",105.29
"09110502600","tract",2023,"transportation_score",96.14
"09110502700","tract",2023,"transportation_score",NA
"09110502800","tract",2023,"transportation_score",114.41
"09110502900","tract",2023,"transportation_score",101.42
"09110503000","tract",2023,"transportation_score",129.83
"09110503101","tract",2023,"transportation_score",134.97
"09110503102","tract",2023,"transportation_score",109.96
"09110503300","tract",2023,"transportation_score",129.74
"09110503500","tract",2023,"transportation_score",101.64
"09110503700","tract",2023,"transportation_score",112.78
"09110503800","tract",2023,"transportation_score",NA
"09110503900","tract",2023,"transportation_score",92.29
"09110504000","tract",2023,"transportation_score",101.97
"09110504100","tract",2023,"transportation_score",103.11
"09110504200","tract",2023,"transportation_score",111.04
"09110504300","tract",2023,"transportation_score",111.95
"09110504500","tract",2023,"transportation_score",95.93
"09110504800","tract",2023,"transportation_score",99.9
"09110504900","tract",2023,"transportation_score",95.31
"09110510100","tract",2023,"transportation_score",91.31
"09110510200","tract",2023,"transportation_score",104.49
"09110510300","tract",2023,"transportation_score",108.54
"09110510400","tract",2023,"transportation_score",91.67
"09110510500","tract",2023,"transportation_score",98.02
"09110510600","tract",2023,"transportation_score",95.37
"09110510700","tract",2023,"transportation_score",87.82
"09110510800","tract",2023,"transportation_score",92.28
"09110510900","tract",2023,"transportation_score",86.06
"09110511000","tract",2023,"transportation_score",91.79
"09110511100","tract",2023,"transportation_score",94.15
"09110511200","tract",2023,"transportation_score",85.33
"09110511300","tract",2023,"transportation_score",93
"09110511400","tract",2023,"transportation_score",81.27
"09110514101","tract",2023,"transportation_score",90.27
"09110514103","tract",2023,"transportation_score",96.75
"09110514104","tract",2023,"transportation_score",98.62
"09110514200","tract",2023,"transportation_score",95.74
"09110514300","tract",2023,"transportation_score",87.96
"09110514400","tract",2023,"transportation_score",94.26
"09110514500","tract",2023,"transportation_score",89.03
"09110514600","tract",2023,"transportation_score",92.97
"09110514700","tract",2023,"transportation_score",101.82
"09110514800","tract",2023,"transportation_score",99.55
"09110514900","tract",2023,"transportation_score",86.21
"09110515000","tract",2023,"transportation_score",88.05
"09110515101","tract",2023,"transportation_score",86.75
"09110515102","tract",2023,"transportation_score",93.41
"09110515200","tract",2023,"transportation_score",86.37
"09110520100","tract",2023,"transportation_score",87.76
"09110520201","tract",2023,"transportation_score",85.09
"09110520202","tract",2023,"transportation_score",92.87
"09110520301","tract",2023,"transportation_score",90.07
"09110520302","tract",2023,"transportation_score",91.62
"09110520400","tract",2023,"transportation_score",90.57
"09110520501","tract",2023,"transportation_score",87.26
"09110524100","tract",2023,"transportation_score",88.71
"09110524200","tract",2023,"transportation_score",90.5
"09110524300","tract",2023,"transportation_score",89.1
"09110524400","tract",2023,"transportation_score",95.04
"09110524501","tract",2023,"transportation_score",96.13
"09110524502","tract",2023,"transportation_score",106.36
"09110524600","tract",2023,"transportation_score",124.36
"09110524700","tract",2023,"transportation_score",94.8
"09110526101","tract",2023,"transportation_score",90.22
"09110526102","tract",2023,"transportation_score",86.17
"09110528100","tract",2023,"transportation_score",85.88
"09110529100","tract",2023,"transportation_score",87.03
"09110530100","tract",2023,"transportation_score",91.89
"09110530200","tract",2023,"transportation_score",94.99
"09110530301","tract",2023,"transportation_score",91.32
"09110530302","tract",2023,"transportation_score",90.83
"09110530400","tract",2023,"transportation_score",90.91
"09110530500","tract",2023,"transportation_score",91.15
"09110530600","tract",2023,"transportation_score",84.6
"09110533102","tract",2023,"transportation_score",86.44
"09110533103","tract",2023,"transportation_score",85.49
"09110533104","tract",2023,"transportation_score",88.02
"09110535101","tract",2023,"transportation_score",87.3
"09110535102","tract",2023,"transportation_score",84.89
"09110535200","tract",2023,"transportation_score",86.25
"09110538100","tract",2023,"transportation_score",NA
"09110538201","tract",2023,"transportation_score",86.61
"09110538202","tract",2023,"transportation_score",85.13
"09110840100","tract",2023,"transportation_score",86.42
"09110850100","tract",2023,"transportation_score",86.48
"09110850200","tract",2023,"transportation_score",84.55
"09110860100","tract",2023,"transportation_score",86.35
"09110881100","tract",2023,"transportation_score",99.08
"09110881200","tract",2023,"transportation_score",NA
"09110881300","tract",2023,"transportation_score",NA
"09110881500","tract",2023,"transportation_score",98.64
"09110890100","tract",2023,"transportation_score",85.63
"09110890202","tract",2023,"transportation_score",82.33
"09110890204","tract",2023,"transportation_score",86.95
"09110980001","tract",2023,"transportation_score",NA
"09110980002","tract",2023,"transportation_score",NA
"09110980003","tract",2023,"transportation_score",NA
"09110980100","tract",2023,"transportation_score",NA
"09120060100","tract",2023,"transportation_score",NA
"09120060200","tract",2023,"transportation_score",92.56
"09120060300","tract",2023,"transportation_score",104.73
"09120060400","tract",2023,"transportation_score",100.97
"09120060500","tract",2023,"transportation_score",99.1
"09120060600","tract",2023,"transportation_score",102.65
"09120060700","tract",2023,"transportation_score",102.74
"09120060800","tract",2023,"transportation_score",95.87
"09120060900","tract",2023,"transportation_score",96.54
"09120061000","tract",2023,"transportation_score",96.05
"09120061100","tract",2023,"transportation_score",97.42
"09120061200","tract",2023,"transportation_score",91.87
"09120061300","tract",2023,"transportation_score",91.44
"09120061400","tract",2023,"transportation_score",95.21
"09120061500","tract",2023,"transportation_score",96.05
"09120061600","tract",2023,"transportation_score",99.97
"09120070100","tract",2023,"transportation_score",97.8
"09120070200","tract",2023,"transportation_score",97.69
"09120070300","tract",2023,"transportation_score",142.12
"09120070400","tract",2023,"transportation_score",105.94
"09120070500","tract",2023,"transportation_score",114.92
"09120070600","tract",2023,"transportation_score",119.41
"09120070900","tract",2023,"transportation_score",117.06
"09120071000","tract",2023,"transportation_score",113.18
"09120071100","tract",2023,"transportation_score",106.18
"09120071200","tract",2023,"transportation_score",101.9
"09120071300","tract",2023,"transportation_score",113.65
"09120071400","tract",2023,"transportation_score",104.88
"09120071600","tract",2023,"transportation_score",117.14
"09120071900","tract",2023,"transportation_score",105.7
"09120072000","tract",2023,"transportation_score",98.61
"09120072100","tract",2023,"transportation_score",101.31
"09120072200","tract",2023,"transportation_score",99.21
"09120072300","tract",2023,"transportation_score",100.64
"09120072400","tract",2023,"transportation_score",94.97
"09120072500","tract",2023,"transportation_score",91.45
"09120072600","tract",2023,"transportation_score",96.1
"09120072700","tract",2023,"transportation_score",93.62
"09120072800","tract",2023,"transportation_score",102.37
"09120072900","tract",2023,"transportation_score",91.66
"09120073000","tract",2023,"transportation_score",93.85
"09120073100","tract",2023,"transportation_score",91.7
"09120073200","tract",2023,"transportation_score",102.81
"09120073300","tract",2023,"transportation_score",108.7
"09120073400","tract",2023,"transportation_score",101.01
"09120073500","tract",2023,"transportation_score",109.75
"09120073600","tract",2023,"transportation_score",115.78
"09120073700","tract",2023,"transportation_score",102.79
"09120073800","tract",2023,"transportation_score",129.5
"09120073900","tract",2023,"transportation_score",118.61
"09120074000","tract",2023,"transportation_score",101.72
"09120074300","tract",2023,"transportation_score",115.49
"09120074400","tract",2023,"transportation_score",108.92
"09120080100","tract",2023,"transportation_score",89.34
"09120080200","tract",2023,"transportation_score",91.61
"09120080400","tract",2023,"transportation_score",96.84
"09120080500","tract",2023,"transportation_score",94.71
"09120080600","tract",2023,"transportation_score",94.86
"09120080700","tract",2023,"transportation_score",99.64
"09120080800","tract",2023,"transportation_score",88.96
"09120080900","tract",2023,"transportation_score",94.44
"09120081000","tract",2023,"transportation_score",89.22
"09120081100","tract",2023,"transportation_score",91.24
"09120081200","tract",2023,"transportation_score",91.17
"09120081300","tract",2023,"transportation_score",91.37
"09120090100","tract",2023,"transportation_score",88.99
"09120090200","tract",2023,"transportation_score",90
"09120090300","tract",2023,"transportation_score",90.32
"09120090400","tract",2023,"transportation_score",90.34
"09120090500","tract",2023,"transportation_score",91.21
"09120090600","tract",2023,"transportation_score",87.38
"09120090700","tract",2023,"transportation_score",90.96
"09120100100","tract",2023,"transportation_score",90.83
"09120100200","tract",2023,"transportation_score",86.47
"09120100300","tract",2023,"transportation_score",88.71
"09120105100","tract",2023,"transportation_score",86.6
"09120105200","tract",2023,"transportation_score",91.27
"09120257200","tract",2023,"transportation_score",109.22
"09120990000","tract",2023,"transportation_score",NA
"09130541100","tract",2023,"transportation_score",95.18
"09130541200","tract",2023,"transportation_score",93.94
"09130541301","tract",2023,"transportation_score",89.32
"09130541302","tract",2023,"transportation_score",88.65
"09130541401","tract",2023,"transportation_score",80.67
"09130541402","tract",2023,"transportation_score",92.7
"09130541500","tract",2023,"transportation_score",NA
"09130541600","tract",2023,"transportation_score",121.32
"09130541700","tract",2023,"transportation_score",112.76
"09130542000","tract",2023,"transportation_score",92.7
"09130542100","tract",2023,"transportation_score",99.28
"09130542200","tract",2023,"transportation_score",89.74
"09130550100","tract",2023,"transportation_score",87.54
"09130550201","tract",2023,"transportation_score",85.86
"09130550202","tract",2023,"transportation_score",85.99
"09130560100","tract",2023,"transportation_score",83.76
"09130560200","tract",2023,"transportation_score",93.58
"09130570100","tract",2023,"transportation_score",90.03
"09130570200","tract",2023,"transportation_score",90.21
"09130570300","tract",2023,"transportation_score",89.44
"09130580100","tract",2023,"transportation_score",87.21
"09130585100","tract",2023,"transportation_score",87.59
"09130590101","tract",2023,"transportation_score",87.74
"09130590102","tract",2023,"transportation_score",83.63
"09130595101","tract",2023,"transportation_score",85.94
"09130595102","tract",2023,"transportation_score",88.13
"09130600100","tract",2023,"transportation_score",89.92
"09130610100","tract",2023,"transportation_score",88.04
"09130610200","tract",2023,"transportation_score",94.63
"09130610300","tract",2023,"transportation_score",87.21
"09130610400","tract",2023,"transportation_score",91.89
"09130620100","tract",2023,"transportation_score",88.52
"09130630101","tract",2023,"transportation_score",89.79
"09130630102","tract",2023,"transportation_score",98.84
"09130640100","tract",2023,"transportation_score",88.19
"09130650100","tract",2023,"transportation_score",92.16
"09130660101","tract",2023,"transportation_score",90.82
"09130660103","tract",2023,"transportation_score",87.52
"09130660104","tract",2023,"transportation_score",88.62
"09130670100","tract",2023,"transportation_score",88.5
"09130670200","tract",2023,"transportation_score",98.17
"09130680101","tract",2023,"transportation_score",98.08
"09130680102","tract",2023,"transportation_score",94.48
"09130680200","tract",2023,"transportation_score",89.49
"09130990100","tract",2023,"transportation_score",NA
"09140110100","tract",2023,"transportation_score",93.28
"09140110201","tract",2023,"transportation_score",88.16
"09140110202","tract",2023,"transportation_score",89.93
"09140110301","tract",2023,"transportation_score",89.69
"09140110302","tract",2023,"transportation_score",88.94
"09140110400","tract",2023,"transportation_score",88.37
"09140110500","tract",2023,"transportation_score",87.09
"09140110601","tract",2023,"transportation_score",89.5
"09140110602","tract",2023,"transportation_score",88.18
"09140120100","tract",2023,"transportation_score",88.43
"09140120200","tract",2023,"transportation_score",97.26
"09140125100","tract",2023,"transportation_score",90.64
"09140125200","tract",2023,"transportation_score",98.06
"09140125300","tract",2023,"transportation_score",87.66
"09140125400","tract",2023,"transportation_score",96.68
"09140130101","tract",2023,"transportation_score",93.02
"09140130102","tract",2023,"transportation_score",86.42
"09140130201","tract",2023,"transportation_score",84.36
"09140130202","tract",2023,"transportation_score",88.05
"09140341100","tract",2023,"transportation_score",88.69
"09140342100","tract",2023,"transportation_score",88.56
"09140343101","tract",2023,"transportation_score",89.29
"09140343102","tract",2023,"transportation_score",95.35
"09140343200","tract",2023,"transportation_score",91.5
"09140343300","tract",2023,"transportation_score",87.89
"09140343400","tract",2023,"transportation_score",91.1
"09140344100","tract",2023,"transportation_score",87.33
"09140344200","tract",2023,"transportation_score",89.89
"09140345100","tract",2023,"transportation_score",89.52
"09140345201","tract",2023,"transportation_score",97.33
"09140345202","tract",2023,"transportation_score",87.03
"09140345300","tract",2023,"transportation_score",89.56
"09140345400","tract",2023,"transportation_score",90.55
"09140346101","tract",2023,"transportation_score",84.63
"09140346102","tract",2023,"transportation_score",84.26
"09140347100","tract",2023,"transportation_score",86.55
"09140347200","tract",2023,"transportation_score",83.9
"09140348111","tract",2023,"transportation_score",90.82
"09140348122","tract",2023,"transportation_score",88.5
"09140348123","tract",2023,"transportation_score",84.23
"09140348124","tract",2023,"transportation_score",98.27
"09140348125","tract",2023,"transportation_score",98.73
"09140349100","tract",2023,"transportation_score",83.69
"09140349200","tract",2023,"transportation_score",96.32
"09140350101","tract",2023,"transportation_score",152.25
"09140350200","tract",2023,"transportation_score",111.15
"09140350300","tract",2023,"transportation_score",111.33
"09140350400","tract",2023,"transportation_score",118.49
"09140350500","tract",2023,"transportation_score",110.05
"09140350800","tract",2023,"transportation_score",106.87
"09140350900","tract",2023,"transportation_score",102.66
"09140351000","tract",2023,"transportation_score",93.68
"09140351100","tract",2023,"transportation_score",95
"09140351200","tract",2023,"transportation_score",105.61
"09140351300","tract",2023,"transportation_score",96.11
"09140351400","tract",2023,"transportation_score",100.03
"09140351500","tract",2023,"transportation_score",98.69
"09140351601","tract",2023,"transportation_score",91.47
"09140351602","tract",2023,"transportation_score",86.43
"09140351700","tract",2023,"transportation_score",107.1
"09140351800","tract",2023,"transportation_score",92.28
"09140351900","tract",2023,"transportation_score",94.62
"09140352000","tract",2023,"transportation_score",92.08
"09140352100","tract",2023,"transportation_score",92.16
"09140352200","tract",2023,"transportation_score",106.43
"09140352300","tract",2023,"transportation_score",99.18
"09140352400","tract",2023,"transportation_score",88.86
"09140352500","tract",2023,"transportation_score",100.73
"09140352600","tract",2023,"transportation_score",88.05
"09140352701","tract",2023,"transportation_score",92.2
"09140352702","tract",2023,"transportation_score",87.81
"09140352800","tract",2023,"transportation_score",95.74
"09140360100","tract",2023,"transportation_score",92.3
"09140360200","tract",2023,"transportation_score",91.21
"09140360300","tract",2023,"transportation_score",85.13
"09140360400","tract",2023,"transportation_score",90.18
"09140361100","tract",2023,"transportation_score",86.44
"09140361200","tract",2023,"transportation_score",85.14
"09140361300","tract",2023,"transportation_score",86.06
"09140362101","tract",2023,"transportation_score",89.23
"09140362102","tract",2023,"transportation_score",89.21
"09140405100","tract",2023,"transportation_score",91.74
"09140405200","tract",2023,"transportation_score",88.68
"09140405300","tract",2023,"transportation_score",91.61
"09140405401","tract",2023,"transportation_score",87.84
"09140405402","tract",2023,"transportation_score",91.03
"09140405500","tract",2023,"transportation_score",91.5
"09140405600","tract",2023,"transportation_score",93.04
"09140405700","tract",2023,"transportation_score",95.33
"09140405801","tract",2023,"transportation_score",92.93
"09140405802","tract",2023,"transportation_score",82.56
"09140405900","tract",2023,"transportation_score",86.79
"09140406001","tract",2023,"transportation_score",89.58
"09140406002","tract",2023,"transportation_score",87.51
"09140406100","tract",2023,"transportation_score",109.69
"09140425300","tract",2023,"transportation_score",87.02
"09140425400","tract",2023,"transportation_score",86.79
"09140425500","tract",2023,"transportation_score",91.77
"09150708100","tract",2023,"transportation_score",89.2
"09150815000","tract",2023,"transportation_score",88.54
"09150820000","tract",2023,"transportation_score",87.13
"09150825000","tract",2023,"transportation_score",88.15
"09150830100","tract",2023,"transportation_score",88.98
"09150890203","tract",2023,"transportation_score",84.01
"09150900100","tract",2023,"transportation_score",86.14
"09150900200","tract",2023,"transportation_score",86.14
"09150901101","tract",2023,"transportation_score",87.99
"09150901102","tract",2023,"transportation_score",85.05
"09150902200","tract",2023,"transportation_score",86.97
"09150902500","tract",2023,"transportation_score",88.81
"09150903101","tract",2023,"transportation_score",91.18
"09150903102","tract",2023,"transportation_score",87.86
"09150903200","tract",2023,"transportation_score",87.5
"09150904101","tract",2023,"transportation_score",87.29
"09150904102","tract",2023,"transportation_score",83.77
"09150904400","tract",2023,"transportation_score",89.38
"09150904500","tract",2023,"transportation_score",86.93
"09150905101","tract",2023,"transportation_score",85.59
"09150905102","tract",2023,"transportation_score",84.04
"09150906100","tract",2023,"transportation_score",85.08
"09150907100","tract",2023,"transportation_score",85.86
"09150907200","tract",2023,"transportation_score",85.13
"09150907300","tract",2023,"transportation_score",91.42
"09150908100","tract",2023,"transportation_score",85.42
"09160260200","tract",2023,"transportation_score",90.61
"09160261100","tract",2023,"transportation_score",102.21
"09160262100","tract",2023,"transportation_score",101.54
"09160263200","tract",2023,"transportation_score",98.93
"09160265100","tract",2023,"transportation_score",93.17
"09160266100","tract",2023,"transportation_score",102.99
"09160267100","tract",2023,"transportation_score",104.54
"09160268100","tract",2023,"transportation_score",96.52
"09160290100","tract",2023,"transportation_score",86.73
"09160293100","tract",2023,"transportation_score",84.19
"09160296100","tract",2023,"transportation_score",89.91
"09160298300","tract",2023,"transportation_score",85.48
"09160298400","tract",2023,"transportation_score",89.31
"09160300100","tract",2023,"transportation_score",93.21
"09160300400","tract",2023,"transportation_score",92.29
"09160300500","tract",2023,"transportation_score",90.27
"09160303100","tract",2023,"transportation_score",89.98
"09160306100","tract",2023,"transportation_score",88.31
"09160310100","tract",2023,"transportation_score",90.79
"09160310200","tract",2023,"transportation_score",92.38
"09160310300","tract",2023,"transportation_score",108.69
"09160310400","tract",2023,"transportation_score",84
"09160310500","tract",2023,"transportation_score",93.5
"09160310601","tract",2023,"transportation_score",88.79
"09160310602","tract",2023,"transportation_score",91.05
"09160310700","tract",2023,"transportation_score",90.13
"09160310801","tract",2023,"transportation_score",92.94
"09160310803","tract",2023,"transportation_score",86.27
"09160310804","tract",2023,"transportation_score",93.22
"09160320101","tract",2023,"transportation_score",96
"09160320102","tract",2023,"transportation_score",89.98
"09160320200","tract",2023,"transportation_score",87.89
"09160330100","tract",2023,"transportation_score",87.51
"09160410101","tract",2023,"transportation_score",86.9
"09160410102","tract",2023,"transportation_score",88.62
"09160425601","tract",2023,"transportation_score",94.04
"09160425602","tract",2023,"transportation_score",95.99
"09170140101","tract",2023,"transportation_score",159.81
"09170140102","tract",2023,"transportation_score",138.54
"09170140200","tract",2023,"transportation_score",106.45
"09170140300","tract",2023,"transportation_score",108.18
"09170140400","tract",2023,"transportation_score",95.6
"09170140500","tract",2023,"transportation_score",98.81
"09170140600","tract",2023,"transportation_score",122.9
"09170140700","tract",2023,"transportation_score",132.09
"09170140800","tract",2023,"transportation_score",120.78
"09170140900","tract",2023,"transportation_score",103.17
"09170141000","tract",2023,"transportation_score",93.26
"09170141100","tract",2023,"transportation_score",96.46
"09170141200","tract",2023,"transportation_score",96.26
"09170141301","tract",2023,"transportation_score",109.88
"09170141400","tract",2023,"transportation_score",105.97
"09170141500","tract",2023,"transportation_score",111.19
"09170141600","tract",2023,"transportation_score",114.71
"09170141800","tract",2023,"transportation_score",123.49
"09170141900","tract",2023,"transportation_score",116
"09170142000","tract",2023,"transportation_score",119.78
"09170142100","tract",2023,"transportation_score",112.43
"09170142200","tract",2023,"transportation_score",118.63
"09170142300","tract",2023,"transportation_score",107.53
"09170142400","tract",2023,"transportation_score",117.07
"09170142500","tract",2023,"transportation_score",98.7
"09170142601","tract",2023,"transportation_score",95.73
"09170142604","tract",2023,"transportation_score",98.95
"09170142605","tract",2023,"transportation_score",108.51
"09170142700","tract",2023,"transportation_score",102.93
"09170142800","tract",2023,"transportation_score",91.73
"09170150100","tract",2023,"transportation_score",95.97
"09170150200","tract",2023,"transportation_score",88.98
"09170150300","tract",2023,"transportation_score",91.7
"09170150400","tract",2023,"transportation_score",88.57
"09170150500","tract",2023,"transportation_score",85.59
"09170150600","tract",2023,"transportation_score",88.52
"09170150700","tract",2023,"transportation_score",86.9
"09170150800","tract",2023,"transportation_score",87.74
"09170150900","tract",2023,"transportation_score",93.68
"09170151000","tract",2023,"transportation_score",88.57
"09170151100","tract",2023,"transportation_score",90.87
"09170151200","tract",2023,"transportation_score",92.4
"09170154101","tract",2023,"transportation_score",100.27
"09170154102","tract",2023,"transportation_score",94.02
"09170154200","tract",2023,"transportation_score",94.46
"09170154500","tract",2023,"transportation_score",100.09
"09170154600","tract",2023,"transportation_score",89
"09170154700","tract",2023,"transportation_score",84.22
"09170154800","tract",2023,"transportation_score",89.53
"09170154900","tract",2023,"transportation_score",102.79
"09170155000","tract",2023,"transportation_score",96.63
"09170155100","tract",2023,"transportation_score",91.76
"09170157100","tract",2023,"transportation_score",88.89
"09170157200","tract",2023,"transportation_score",93.31
"09170157300","tract",2023,"transportation_score",86.88
"09170157400","tract",2023,"transportation_score",89.48
"09170160100","tract",2023,"transportation_score",84.73
"09170160200","tract",2023,"transportation_score",93.36
"09170161100","tract",2023,"transportation_score",85.48
"09170165100","tract",2023,"transportation_score",92.11
"09170165200","tract",2023,"transportation_score",93.79
"09170165300","tract",2023,"transportation_score",95.01
"09170165400","tract",2023,"transportation_score",96.85
"09170165500","tract",2023,"transportation_score",101.8
"09170165600","tract",2023,"transportation_score",88.84
"09170165700","tract",2023,"transportation_score",96.52
"09170165801","tract",2023,"transportation_score",96.17
"09170165802","tract",2023,"transportation_score",90.7
"09170165900","tract",2023,"transportation_score",91.96
"09170166002","tract",2023,"transportation_score",NA
"09170166003","tract",2023,"transportation_score",83.49
"09170166004","tract",2023,"transportation_score",91.81
"09170167101","tract",2023,"transportation_score",88.4
"09170167102","tract",2023,"transportation_score",90.7
"09170167201","tract",2023,"transportation_score",90.63
"09170167202","tract",2023,"transportation_score",86.72
"09170167301","tract",2023,"transportation_score",89.06
"09170170100","tract",2023,"transportation_score",105.02
"09170170200","tract",2023,"transportation_score",97.82
"09170170300","tract",2023,"transportation_score",99.55
"09170170400","tract",2023,"transportation_score",89.84
"09170170500","tract",2023,"transportation_score",88.07
"09170170600","tract",2023,"transportation_score",91.2
"09170170700","tract",2023,"transportation_score",86.56
"09170170800","tract",2023,"transportation_score",94.95
"09170170900","tract",2023,"transportation_score",111.29
"09170171000","tract",2023,"transportation_score",101.04
"09170171100","tract",2023,"transportation_score",87.6
"09170171201","tract",2023,"transportation_score",86.62
"09170171202","tract",2023,"transportation_score",87.72
"09170171300","tract",2023,"transportation_score",91.85
"09170171400","tract",2023,"transportation_score",97.64
"09170171500","tract",2023,"transportation_score",92.59
"09170171600","tract",2023,"transportation_score",89.92
"09170171700","tract",2023,"transportation_score",91.06
"09170175100","tract",2023,"transportation_score",98.31
"09170175200","tract",2023,"transportation_score",89.62
"09170175300","tract",2023,"transportation_score",90.05
"09170175400","tract",2023,"transportation_score",88.81
"09170175501","tract",2023,"transportation_score",80.82
"09170175502","tract",2023,"transportation_score",86.51
"09170175600","tract",2023,"transportation_score",89.38
"09170175700","tract",2023,"transportation_score",83.67
"09170175800","tract",2023,"transportation_score",85.92
"09170175900","tract",2023,"transportation_score",88.58
"09170176000","tract",2023,"transportation_score",86.65
"09170180101","tract",2023,"transportation_score",87.56
"09170180102","tract",2023,"transportation_score",91.81
"09170180200","tract",2023,"transportation_score",89.36
"09170180300","tract",2023,"transportation_score",101.37
"09170180400","tract",2023,"transportation_score",84.52
"09170180500","tract",2023,"transportation_score",87.82
"09170180601","tract",2023,"transportation_score",92.83
"09170180602","tract",2023,"transportation_score",88.32
"09170184101","tract",2023,"transportation_score",96.38
"09170184200","tract",2023,"transportation_score",87.99
"09170184300","tract",2023,"transportation_score",93.51
"09170184400","tract",2023,"transportation_score",86.9
"09170184500","tract",2023,"transportation_score",85
"09170184600","tract",2023,"transportation_score",90.09
"09170184700","tract",2023,"transportation_score",87.41
"09170186100","tract",2023,"transportation_score",85.05
"09170186200","tract",2023,"transportation_score",85.86
"09170190100","tract",2023,"transportation_score",92.64
"09170190200","tract",2023,"transportation_score",88.11
"09170190301","tract",2023,"transportation_score",86.71
"09170190302","tract",2023,"transportation_score",88.73
"09170190303","tract",2023,"transportation_score",88.53
"09170194101","tract",2023,"transportation_score",94.22
"09170194102","tract",2023,"transportation_score",99.96
"09170194201","tract",2023,"transportation_score",90.86
"09170194202","tract",2023,"transportation_score",89.39
"09170361401","tract",2023,"transportation_score",NA
"09170361402","tract",2023,"transportation_score",NA
"09170361500","tract",2023,"transportation_score",NA
"09170990000","tract",2023,"transportation_score",NA
"09180690300","tract",2023,"transportation_score",107.81
"09180690400","tract",2023,"transportation_score",104.58
"09180690500","tract",2023,"transportation_score",105.42
"09180690700","tract",2023,"transportation_score",104.06
"09180690800","tract",2023,"transportation_score",92.29
"09180690900","tract",2023,"transportation_score",92.09
"09180693300","tract",2023,"transportation_score",85.16
"09180693400","tract",2023,"transportation_score",90.75
"09180693500","tract",2023,"transportation_score",84.82
"09180693600","tract",2023,"transportation_score",85.27
"09180693700","tract",2023,"transportation_score",86.65
"09180695201","tract",2023,"transportation_score",86.89
"09180695202","tract",2023,"transportation_score",85.44
"09180696100","tract",2023,"transportation_score",88.47
"09180696200","tract",2023,"transportation_score",87.4
"09180696300","tract",2023,"transportation_score",89.87
"09180696401","tract",2023,"transportation_score",93
"09180696500","tract",2023,"transportation_score",92.91
"09180696600","tract",2023,"transportation_score",85.22
"09180696701","tract",2023,"transportation_score",97.27
"09180696800","tract",2023,"transportation_score",97.94
"09180697000","tract",2023,"transportation_score",98.45
"09180700100","tract",2023,"transportation_score",83.58
"09180701100","tract",2023,"transportation_score",85.78
"09180701200","tract",2023,"transportation_score",84.73
"09180702100","tract",2023,"transportation_score",85.53
"09180702300","tract",2023,"transportation_score",86.63
"09180702400","tract",2023,"transportation_score",93.07
"09180702500","tract",2023,"transportation_score",114.73
"09180702600","tract",2023,"transportation_score",87.68
"09180702700","tract",2023,"transportation_score",93.19
"09180702800","tract",2023,"transportation_score",89.49
"09180702900","tract",2023,"transportation_score",92.06
"09180703000","tract",2023,"transportation_score",88.26
"09180705101","tract",2023,"transportation_score",92.15
"09180705102","tract",2023,"transportation_score",86.32
"09180705200","tract",2023,"transportation_score",92.14
"09180705300","tract",2023,"transportation_score",94.77
"09180705400","tract",2023,"transportation_score",88.39
"09180707100","tract",2023,"transportation_score",83.52
"09180709100","tract",2023,"transportation_score",85.48
"09180709200","tract",2023,"transportation_score",98.45
"09180710100","tract",2023,"transportation_score",87.55
"09180711100","tract",2023,"transportation_score",85.55
"09180712100","tract",2023,"transportation_score",87
"09180713100","tract",2023,"transportation_score",83.84
"09180714101","tract",2023,"transportation_score",89.7
"09180714103","tract",2023,"transportation_score",86.4
"09180714104","tract",2023,"transportation_score",92.02
"09180715100","tract",2023,"transportation_score",85.15
"09180716101","tract",2023,"transportation_score",89.19
"09180716102","tract",2023,"transportation_score",91.56
"09180800300","tract",2023,"transportation_score",NA
"09180800400","tract",2023,"transportation_score",90.55
"09180800501","tract",2023,"transportation_score",88.73
"09180800502","tract",2023,"transportation_score",84.55
"09180800600","tract",2023,"transportation_score",101.05
"09180800700","tract",2023,"transportation_score",100.27
"09180870100","tract",2023,"transportation_score",86.65
"09180870200","tract",2023,"transportation_score",88.52
"09180870300","tract",2023,"transportation_score",NA
"09180870501","tract",2023,"transportation_score",86.44
"09180870502","tract",2023,"transportation_score",90.98
"09180870701","tract",2023,"transportation_score",87.44
"09180870703","tract",2023,"transportation_score",88.72
"09180870704","tract",2023,"transportation_score",91.65
"09180980000","tract",2023,"transportation_score",NA
"09180990100","tract",2023,"transportation_score",NA
"09190010101","tract",2023,"transportation_score",93.48
"09190010102","tract",2023,"transportation_score",99.67
"09190010201","tract",2023,"transportation_score",106.56
"09190010202","tract",2023,"transportation_score",97.73
"09190010300","tract",2023,"transportation_score",106.76
"09190010400","tract",2023,"transportation_score",94.05
"09190010500","tract",2023,"transportation_score",102.55
"09190010600","tract",2023,"transportation_score",124.76
"09190010700","tract",2023,"transportation_score",104.71
"09190010800","tract",2023,"transportation_score",101.01
"09190010900","tract",2023,"transportation_score",101.44
"09190011000","tract",2023,"transportation_score",106.64
"09190011100","tract",2023,"transportation_score",107.51
"09190011200","tract",2023,"transportation_score",101.69
"09190011300","tract",2023,"transportation_score",91.54
"09190020101","tract",2023,"transportation_score",105.63
"09190020102","tract",2023,"transportation_score",119.02
"09190020200","tract",2023,"transportation_score",96.49
"09190020301","tract",2023,"transportation_score",95.46
"09190020302","tract",2023,"transportation_score",92.8
"09190020400","tract",2023,"transportation_score",95.77
"09190020500","tract",2023,"transportation_score",95.44
"09190020600","tract",2023,"transportation_score",97.55
"09190020700","tract",2023,"transportation_score",96.1
"09190020800","tract",2023,"transportation_score",96.15
"09190020900","tract",2023,"transportation_score",98.75
"09190021000","tract",2023,"transportation_score",96.21
"09190021100","tract",2023,"transportation_score",101.82
"09190021200","tract",2023,"transportation_score",96.53
"09190021300","tract",2023,"transportation_score",105.69
"09190021401","tract",2023,"transportation_score",114.49
"09190021402","tract",2023,"transportation_score",116.08
"09190021501","tract",2023,"transportation_score",107.73
"09190021502","tract",2023,"transportation_score",106.78
"09190021601","tract",2023,"transportation_score",106.78
"09190021602","tract",2023,"transportation_score",105.17
"09190021701","tract",2023,"transportation_score",105.26
"09190021702","tract",2023,"transportation_score",107.24
"09190021801","tract",2023,"transportation_score",94.28
"09190021802","tract",2023,"transportation_score",93.92
"09190021900","tract",2023,"transportation_score",100.64
"09190022000","tract",2023,"transportation_score",102.92
"09190022101","tract",2023,"transportation_score",114.53
"09190022102","tract",2023,"transportation_score",102.84
"09190022201","tract",2023,"transportation_score",115.87
"09190022202","tract",2023,"transportation_score",101.59
"09190022300","tract",2023,"transportation_score",101.33
"09190022400","tract",2023,"transportation_score",101.66
"09190030100","tract",2023,"transportation_score",104.43
"09190030200","tract",2023,"transportation_score",112.22
"09190030300","tract",2023,"transportation_score",106.85
"09190030400","tract",2023,"transportation_score",106.54
"09190030500","tract",2023,"transportation_score",106.07
"09190035101","tract",2023,"transportation_score",117.19
"09190035102","tract",2023,"transportation_score",103.59
"09190035200","tract",2023,"transportation_score",98.86
"09190035300","tract",2023,"transportation_score",103.72
"09190035400","tract",2023,"transportation_score",98.33
"09190042500","tract",2023,"transportation_score",94.1
"09190042600","tract",2023,"transportation_score",93.03
"09190042700","tract",2023,"transportation_score",96.56
"09190042800","tract",2023,"transportation_score",88.6
"09190042900","tract",2023,"transportation_score",89.82
"09190043000","tract",2023,"transportation_score",95.4
"09190043100","tract",2023,"transportation_score",95.65
"09190043200","tract",2023,"transportation_score",92.49
"09190043300","tract",2023,"transportation_score",95.24
"09190043400","tract",2023,"transportation_score",92.47
"09190043500","tract",2023,"transportation_score",89.08
"09190043600","tract",2023,"transportation_score",91.65
"09190043700","tract",2023,"transportation_score",96.35
"09190043800","tract",2023,"transportation_score",98.51
"09190043900","tract",2023,"transportation_score",99.81
"09190044000","tract",2023,"transportation_score",102.45
"09190044100","tract",2023,"transportation_score",112.22
"09190044200","tract",2023,"transportation_score",105.04
"09190044300","tract",2023,"transportation_score",89.95
"09190044400","tract",2023,"transportation_score",98.68
"09190044500","tract",2023,"transportation_score",102.82
"09190044600","tract",2023,"transportation_score",109.18
"09190045101","tract",2023,"transportation_score",97.52
"09190045102","tract",2023,"transportation_score",93.23
"09190045200","tract",2023,"transportation_score",94.38
"09190045300","tract",2023,"transportation_score",101.92
"09190045400","tract",2023,"transportation_score",96.95
"09190050100","tract",2023,"transportation_score",104.16
"09190050200","tract",2023,"transportation_score",97.57
"09190050301","tract",2023,"transportation_score",103.54
"09190050302","tract",2023,"transportation_score",102.05
"09190050400","tract",2023,"transportation_score",100.31
"09190050500","tract",2023,"transportation_score",103.95
"09190050600","tract",2023,"transportation_score",105.42
"09190055100","tract",2023,"transportation_score",98.9
"09190055200","tract",2023,"transportation_score",101.14
"09190200100","tract",2023,"transportation_score",95.54
"09190200200","tract",2023,"transportation_score",90.1
"09190200301","tract",2023,"transportation_score",85.19
"09190200302","tract",2023,"transportation_score",88.46
"09190205100","tract",2023,"transportation_score",91.72
"09190205200","tract",2023,"transportation_score",86.51
"09190205300","tract",2023,"transportation_score",87.97
"09190210101","tract",2023,"transportation_score",103.06
"09190210102","tract",2023,"transportation_score",101.75
"09190210201","tract",2023,"transportation_score",100.92
"09190210202","tract",2023,"transportation_score",98.98
"09190210300","tract",2023,"transportation_score",98.44
"09190210401","tract",2023,"transportation_score",99.81
"09190210402","tract",2023,"transportation_score",94.19
"09190210501","tract",2023,"transportation_score",86.98
"09190210502","tract",2023,"transportation_score",94.5
"09190210600","tract",2023,"transportation_score",92.44
"09190210701","tract",2023,"transportation_score",92.8
"09190210702","tract",2023,"transportation_score",97.41
"09190210800","tract",2023,"transportation_score",91.31
"09190210900","tract",2023,"transportation_score",89.36
"09190211000","tract",2023,"transportation_score",90.28
"09190211100","tract",2023,"transportation_score",NA
"09190211201","tract",2023,"transportation_score",93.22
"09190211202","tract",2023,"transportation_score",88.98
"09190211300","tract",2023,"transportation_score",90.72
"09190211400","tract",2023,"transportation_score",94.22
"09190220100","tract",2023,"transportation_score",87.7
"09190220200","tract",2023,"transportation_score",88.95
"09190220300","tract",2023,"transportation_score",94.34
"09190230100","tract",2023,"transportation_score",87.4
"09190230200","tract",2023,"transportation_score",89.99
"09190230300","tract",2023,"transportation_score",86.03
"09190230400","tract",2023,"transportation_score",86.21
"09190230501","tract",2023,"transportation_score",89.18
"09190230502","tract",2023,"transportation_score",86.8
"09190240100","tract",2023,"transportation_score",93.86
"09190240200","tract",2023,"transportation_score",96.28
"09190245100","tract",2023,"transportation_score",94.36
"09190245200","tract",2023,"transportation_score",95.2
"09190245300","tract",2023,"transportation_score",98.38
"09190245400","tract",2023,"transportation_score",90.7
"09190245500","tract",2023,"transportation_score",94.44
"09190245600","tract",2023,"transportation_score",97.78
"09190250100","tract",2023,"transportation_score",92.07
"09190253100","tract",2023,"transportation_score",97.09
"09190253200","tract",2023,"transportation_score",87.66
"09190253400","tract",2023,"transportation_score",90.04
"09190253500","tract",2023,"transportation_score",89.43
"09190257100","tract",2023,"transportation_score",97.71
"09190425700","tract",2023,"transportation_score",91.05
"09190990000","tract",2023,"transportation_score",NA
"09110400101","tract",2023,"transportation_rnk",17.4885
"09110400102","tract",2023,"transportation_rnk",31.472
"09110400200","tract",2023,"transportation_rnk",17.5862
"09110400300","tract",2023,"transportation_rnk",9.6129
"09110415300","tract",2023,"transportation_rnk",73.5127
"09110415400","tract",2023,"transportation_rnk",63.8571
"09110415500","tract",2023,"transportation_rnk",70.9355
"09110415600","tract",2023,"transportation_rnk",74.078
"09110415700","tract",2023,"transportation_rnk",48.2743
"09110415800","tract",2023,"transportation_rnk",85.6295
"09110415900","tract",2023,"transportation_rnk",72.6496
"09110416000","tract",2023,"transportation_rnk",58.7894
"09110416100","tract",2023,"transportation_rnk",63.829
"09110416200","tract",2023,"transportation_rnk",61.6193
"09110416300","tract",2023,"transportation_rnk",65.36
"09110416400","tract",2023,"transportation_rnk",26.4006
"09110416500","tract",2023,"transportation_rnk",32.7831
"09110416600","tract",2023,"transportation_rnk",66.5369
"09110416700","tract",2023,"transportation_rnk",9.984
"09110416800","tract",2023,"transportation_rnk",50.2057
"09110417100","tract",2023,"transportation_rnk",74.1878
"09110417200","tract",2023,"transportation_rnk",54.3566
"09110417300","tract",2023,"transportation_rnk",NA
"09110417400","tract",2023,"transportation_rnk",44.6717
"09110417500","tract",2023,"transportation_rnk",19.3112
"09110420400","tract",2023,"transportation_rnk",19.4174
"09110420500","tract",2023,"transportation_rnk",23.6916
"09110420601","tract",2023,"transportation_rnk",39.538
"09110420602","tract",2023,"transportation_rnk",16.5643
"09110420700","tract",2023,"transportation_rnk",16.6205
"09110430100","tract",2023,"transportation_rnk",7.557
"09110430201","tract",2023,"transportation_rnk",27.8803
"09110430202","tract",2023,"transportation_rnk",13.7906
"09110430203","tract",2023,"transportation_rnk",33.2092
"09110430301","tract",2023,"transportation_rnk",20.7176
"09110430302","tract",2023,"transportation_rnk",33.5889
"09110430400","tract",2023,"transportation_rnk",6.7341
"09110430501","tract",2023,"transportation_rnk",6.2653
"09110430502","tract",2023,"transportation_rnk",24.02
"09110430602","tract",2023,"transportation_rnk",16.4557
"09110430603","tract",2023,"transportation_rnk",23.4462
"09110430604","tract",2023,"transportation_rnk",37.4052
"09110460100","tract",2023,"transportation_rnk",34.2054
"09110460202","tract",2023,"transportation_rnk",32.4059
"09110460203","tract",2023,"transportation_rnk",34.2054
"09110460204","tract",2023,"transportation_rnk",42.0578
"09110460301","tract",2023,"transportation_rnk",31.6844
"09110460302","tract",2023,"transportation_rnk",21.278
"09110462101","tract",2023,"transportation_rnk",42.7049
"09110462102","tract",2023,"transportation_rnk",35.6411
"09110462201","tract",2023,"transportation_rnk",52.6816
"09110462202","tract",2023,"transportation_rnk",58.4036
"09110464101","tract",2023,"transportation_rnk",30.3048
"09110464102","tract",2023,"transportation_rnk",52.8867
"09110466101","tract",2023,"transportation_rnk",47.5467
"09110466102","tract",2023,"transportation_rnk",32.8332
"09110466201","tract",2023,"transportation_rnk",63.1515
"09110466202","tract",2023,"transportation_rnk",35.8181
"09110466300","tract",2023,"transportation_rnk",56.084
"09110466400","tract",2023,"transportation_rnk",15.6231
"09110468101","tract",2023,"transportation_rnk",21.4025
"09110468102","tract",2023,"transportation_rnk",34.5778
"09110470100","tract",2023,"transportation_rnk",24.656
"09110471100","tract",2023,"transportation_rnk",62.3994
"09110471200","tract",2023,"transportation_rnk",62.6631
"09110471300","tract",2023,"transportation_rnk",41.5341
"09110471400","tract",2023,"transportation_rnk",47.4051
"09110471500","tract",2023,"transportation_rnk",51.6109
"09110473100","tract",2023,"transportation_rnk",36.901
"09110473400","tract",2023,"transportation_rnk",28.0805
"09110473501","tract",2023,"transportation_rnk",13.9383
"09110473502","tract",2023,"transportation_rnk",31.1118
"09110473601","tract",2023,"transportation_rnk",25.5741
"09110473602","tract",2023,"transportation_rnk",37.4589
"09110473700","tract",2023,"transportation_rnk",69.0066
"09110473800","tract",2023,"transportation_rnk",58.6368
"09110476100","tract",2023,"transportation_rnk",13.9981
"09110476200","tract",2023,"transportation_rnk",54.3566
"09110476300","tract",2023,"transportation_rnk",47.5467
"09110477101","tract",2023,"transportation_rnk",20.6541
"09110477103","tract",2023,"transportation_rnk",24.1555
"09110477104","tract",2023,"transportation_rnk",7.2213
"09110477200","tract",2023,"transportation_rnk",34.3824
"09110480300","tract",2023,"transportation_rnk",22.4781
"09110480400","tract",2023,"transportation_rnk",28.5969
"09110480500","tract",2023,"transportation_rnk",32.8723
"09110480600","tract",2023,"transportation_rnk",37.1318
"09110480700","tract",2023,"transportation_rnk",38.3221
"09110480800","tract",2023,"transportation_rnk",24.0932
"09110480900","tract",2023,"transportation_rnk",2.7444
"09110481000","tract",2023,"transportation_rnk",12.1632
"09110481100","tract",2023,"transportation_rnk",26.1052
"09110481200","tract",2023,"transportation_rnk",41.1337
"09110481300","tract",2023,"transportation_rnk",30.057
"09110484100","tract",2023,"transportation_rnk",36.901
"09110484200","tract",2023,"transportation_rnk",20.3599
"09110487100","tract",2023,"transportation_rnk",36.5006
"09110487201","tract",2023,"transportation_rnk",33.5889
"09110487202","tract",2023,"transportation_rnk",12.3158
"09110487300","tract",2023,"transportation_rnk",37.874
"09110487400","tract",2023,"transportation_rnk",29.8568
"09110487500","tract",2023,"transportation_rnk",41.6159
"09110490100","tract",2023,"transportation_rnk",53.1809
"09110490303","tract",2023,"transportation_rnk",42.5547
"09110490304","tract",2023,"transportation_rnk",18.4139
"09110492100","tract",2023,"transportation_rnk",44.0515
"09110492200","tract",2023,"transportation_rnk",32.8723
"09110492300","tract",2023,"transportation_rnk",41.8881
"09110492400","tract",2023,"transportation_rnk",38.9362
"09110492500","tract",2023,"transportation_rnk",17.3774
"09110492600","tract",2023,"transportation_rnk",33.009
"09110494100","tract",2023,"transportation_rnk",51.2263
"09110494201","tract",2023,"transportation_rnk",14.0372
"09110494202","tract",2023,"transportation_rnk",33.2092
"09110494300","tract",2023,"transportation_rnk",22.8333
"09110494400","tract",2023,"transportation_rnk",26.6252
"09110494500","tract",2023,"transportation_rnk",11.7286
"09110494600","tract",2023,"transportation_rnk",55.1879
"09110496100","tract",2023,"transportation_rnk",77.1899
"09110496200","tract",2023,"transportation_rnk",45.2418
"09110496300","tract",2023,"transportation_rnk",32.4877
"09110496400","tract",2023,"transportation_rnk",28.3527
"09110496500","tract",2023,"transportation_rnk",48.936
"09110496600","tract",2023,"transportation_rnk",31.1118
"09110496700","tract",2023,"transportation_rnk",53.5166
"09110496800","tract",2023,"transportation_rnk",49.4708
"09110496900","tract",2023,"transportation_rnk",52.4203
"09110497000","tract",2023,"transportation_rnk",45.9279
"09110497100","tract",2023,"transportation_rnk",55.2868
"09110497200","tract",2023,"transportation_rnk",53.3982
"09110497300","tract",2023,"transportation_rnk",33.7952
"09110497400","tract",2023,"transportation_rnk",38.1255
"09110497500","tract",2023,"transportation_rnk",51.0847
"09110497600","tract",2023,"transportation_rnk",34.2958
"09110497700","tract",2023,"transportation_rnk",34.0589
"09110500100","tract",2023,"transportation_rnk",87.2361
"09110500200","tract",2023,"transportation_rnk",87.4303
"09110500300","tract",2023,"transportation_rnk",88.1762
"09110500400","tract",2023,"transportation_rnk",63.7277
"09110500500","tract",2023,"transportation_rnk",93.9801
"09110500900","tract",2023,"transportation_rnk",93.4588
"09110501200","tract",2023,"transportation_rnk",92.3917
"09110501300","tract",2023,"transportation_rnk",91.0537
"09110501400","tract",2023,"transportation_rnk",89.0344
"09110501500","tract",2023,"transportation_rnk",92.6298
"09110501700","tract",2023,"transportation_rnk",93.6455
"09110501800","tract",2023,"transportation_rnk",79.3361
"09110502100","tract",2023,"transportation_rnk",90.3017
"09110502300","tract",2023,"transportation_rnk",62.9561
"09110502400","tract",2023,"transportation_rnk",78.1873
"09110502500","tract",2023,"transportation_rnk",77.8272
"09110502600","tract",2023,"transportation_rnk",55.2868
"09110502700","tract",2023,"transportation_rnk",NA
"09110502800","tract",2023,"transportation_rnk",87.523
"09110502900","tract",2023,"transportation_rnk",70.3117
"09110503000","tract",2023,"transportation_rnk",93.9239
"09110503101","tract",2023,"transportation_rnk",94.8908
"09110503102","tract",2023,"transportation_rnk",83.5199
"09110503300","tract",2023,"transportation_rnk",93.908
"09110503500","tract",2023,"transportation_rnk",70.8379
"09110503700","tract",2023,"transportation_rnk",86.1813
"09110503800","tract",2023,"transportation_rnk",NA
"09110503900","tract",2023,"transportation_rnk",42.6658
"09110504000","tract",2023,"transportation_rnk",71.6216
"09110504100","tract",2023,"transportation_rnk",74.1048
"09110504200","tract",2023,"transportation_rnk",84.5625
"09110504300","tract",2023,"transportation_rnk",85.4061
"09110504500","tract",2023,"transportation_rnk",54.6337
"09110504800","tract",2023,"transportation_rnk",66.4831
"09110504900","tract",2023,"transportation_rnk",52.7426
"09110510100","tract",2023,"transportation_rnk",38.8678
"09110510200","tract",2023,"transportation_rnk",76.5392
"09110510300","tract",2023,"transportation_rnk",82.011
"09110510400","tract",2023,"transportation_rnk",40.3218
"09110510500","tract",2023,"transportation_rnk",61.0883
"09110510600","tract",2023,"transportation_rnk",52.9502
"09110510700","tract",2023,"transportation_rnk",21.0509
"09110510800","tract",2023,"transportation_rnk",42.6292
"09110510900","tract",2023,"transportation_rnk",11.3929
"09110511000","tract",2023,"transportation_rnk",40.743
"09110511100","tract",2023,"transportation_rnk",49.0703
"09110511200","tract",2023,"transportation_rnk",8.1479
"09110511300","tract",2023,"transportation_rnk",45.2174
"09110511400","tract",2023,"transportation_rnk",0.4017
"09110514101","tract",2023,"transportation_rnk",34.1016
"09110514103","tract",2023,"transportation_rnk",57.2426
"09110514104","tract",2023,"transportation_rnk",62.7449
"09110514200","tract",2023,"transportation_rnk",54.0526
"09110514300","tract",2023,"transportation_rnk",21.8615
"09110514400","tract",2023,"transportation_rnk",49.4476
"09110514500","tract",2023,"transportation_rnk",27.8314
"09110514600","tract",2023,"transportation_rnk",45.1148
"09110514700","tract",2023,"transportation_rnk",71.2993
"09110514800","tract",2023,"transportation_rnk",65.5101
"09110514900","tract",2023,"transportation_rnk",12.0973
"09110515000","tract",2023,"transportation_rnk",22.3523
"09110515101","tract",2023,"transportation_rnk",14.9223
"09110515102","tract",2023,"transportation_rnk",46.686
"09110515200","tract",2023,"transportation_rnk",12.9506
"09110520100","tract",2023,"transportation_rnk",20.7176
"09110520201","tract",2023,"transportation_rnk",7.181
"09110520202","tract",2023,"transportation_rnk",44.7986
"09110520301","tract",2023,"transportation_rnk",33.1164
"09110520302","tract",2023,"transportation_rnk",40.135
"09110520400","tract",2023,"transportation_rnk",35.5593
"09110520501","tract",2023,"transportation_rnk",17.8352
"09110524100","tract",2023,"transportation_rnk",26.1052
"09110524200","tract",2023,"transportation_rnk",35.2334
"09110524300","tract",2023,"transportation_rnk",28.1977
"09110524400","tract",2023,"transportation_rnk",51.9185
"09110524501","tract",2023,"transportation_rnk",55.249
"09110524502","tract",2023,"transportation_rnk",79.3215
"09110524600","tract",2023,"transportation_rnk",92.5212
"09110524700","tract",2023,"transportation_rnk",51.1555
"09110526101","tract",2023,"transportation_rnk",33.8514
"09110526102","tract",2023,"transportation_rnk",11.9227
"09110528100","tract",2023,"transportation_rnk",10.5273
"09110529100","tract",2023,"transportation_rnk",16.5143
"09110530100","tract",2023,"transportation_rnk",41.1642
"09110530200","tract",2023,"transportation_rnk",51.7513
"09110530301","tract",2023,"transportation_rnk",38.8983
"09110530302","tract",2023,"transportation_rnk",36.7606
"09110530400","tract",2023,"transportation_rnk",37.1318
"09110530500","tract",2023,"transportation_rnk",38.222
"09110530600","tract",2023,"transportation_rnk",5.4034
"09110533102","tract",2023,"transportation_rnk",13.2864
"09110533103","tract",2023,"transportation_rnk",8.8291
"09110533104","tract",2023,"transportation_rnk",22.1899
"09110535101","tract",2023,"transportation_rnk",18.0745
"09110535102","tract",2023,"transportation_rnk",6.4277
"09110535200","tract",2023,"transportation_rnk",12.3158
"09110538100","tract",2023,"transportation_rnk",NA
"09110538201","tract",2023,"transportation_rnk",14.1458
"09110538202","tract",2023,"transportation_rnk",7.3372
"09110840100","tract",2023,"transportation_rnk",13.1948
"09110850100","tract",2023,"transportation_rnk",13.5025
"09110850200","tract",2023,"transportation_rnk",5.2118
"09110860100","tract",2023,"transportation_rnk",12.853
"09110881100","tract",2023,"transportation_rnk",64.1367
"09110881200","tract",2023,"transportation_rnk",NA
"09110881300","tract",2023,"transportation_rnk",NA
"09110881500","tract",2023,"transportation_rnk",62.7999
"09110890100","tract",2023,"transportation_rnk",9.3919
"09110890202","tract",2023,"transportation_rnk",1.0414
"09110890204","tract",2023,"transportation_rnk",16.0516
"09110980001","tract",2023,"transportation_rnk",NA
"09110980002","tract",2023,"transportation_rnk",NA
"09110980003","tract",2023,"transportation_rnk",NA
"09110980100","tract",2023,"transportation_rnk",NA
"09120060100","tract",2023,"transportation_rnk",NA
"09120060200","tract",2023,"transportation_rnk",43.6913
"09120060300","tract",2023,"transportation_rnk",76.9872
"09120060400","tract",2023,"transportation_rnk",69.2532
"09120060500","tract",2023,"transportation_rnk",64.1977
"09120060600","tract",2023,"transportation_rnk",73.1477
"09120060700","tract",2023,"transportation_rnk",73.3369
"09120060800","tract",2023,"transportation_rnk",54.4481
"09120060900","tract",2023,"transportation_rnk",56.5736
"09120061000","tract",2023,"transportation_rnk",55.0183
"09120061100","tract",2023,"transportation_rnk",59.2655
"09120061200","tract",2023,"transportation_rnk",41.0897
"09120061300","tract",2023,"transportation_rnk",39.4282
"09120061400","tract",2023,"transportation_rnk",52.4557
"09120061500","tract",2023,"transportation_rnk",55.0183
"09120061600","tract",2023,"transportation_rnk",66.6736
"09120070100","tract",2023,"transportation_rnk",60.4852
"09120070200","tract",2023,"transportation_rnk",60.1299
"09120070300","tract",2023,"transportation_rnk",95.8699
"09120070400","tract",2023,"transportation_rnk",78.7489
"09120070500","tract",2023,"transportation_rnk",87.8954
"09120070600","tract",2023,"transportation_rnk",90.5446
"09120070900","tract",2023,"transportation_rnk",89.2603
"09120071000","tract",2023,"transportation_rnk",86.5427
"09120071100","tract",2023,"transportation_rnk",79.0834
"09120071200","tract",2023,"transportation_rnk",71.4495
"09120071300","tract",2023,"transportation_rnk",86.9285
"09120071400","tract",2023,"transportation_rnk",77.2253
"09120071600","tract",2023,"transportation_rnk",89.3165
"09120071900","tract",2023,"transportation_rnk",78.4107
"09120072000","tract",2023,"transportation_rnk",62.7144
"09120072100","tract",2023,"transportation_rnk",70.0504
"09120072200","tract",2023,"transportation_rnk",64.5164
"09120072300","tract",2023,"transportation_rnk",68.4304
"09120072400","tract",2023,"transportation_rnk",51.6927
"09120072500","tract",2023,"transportation_rnk",39.4697
"09120072600","tract",2023,"transportation_rnk",55.1477
"09120072700","tract",2023,"transportation_rnk",47.3685
"09120072800","tract",2023,"transportation_rnk",72.4945
"09120072900","tract",2023,"transportation_rnk",40.2766
"09120073000","tract",2023,"transportation_rnk",48.1437
"09120073100","tract",2023,"transportation_rnk",40.4292
"09120073200","tract",2023,"transportation_rnk",73.4749
"09120073300","tract",2023,"transportation_rnk",82.1819
"09120073400","tract",2023,"transportation_rnk",69.3606
"09120073500","tract",2023,"transportation_rnk",83.2819
"09120073600","tract",2023,"transportation_rnk",88.4741
"09120073700","tract",2023,"transportation_rnk",73.437
"09120073800","tract",2023,"transportation_rnk",93.8616
"09120073900","tract",2023,"transportation_rnk",90.1393
"09120074000","tract",2023,"transportation_rnk",71.0246
"09120074300","tract",2023,"transportation_rnk",88.2897
"09120074400","tract",2023,"transportation_rnk",82.4138
"09120080100","tract",2023,"transportation_rnk",29.4393
"09120080200","tract",2023,"transportation_rnk",40.0996
"09120080400","tract",2023,"transportation_rnk",57.51
"09120080500","tract",2023,"transportation_rnk",50.8613
"09120080600","tract",2023,"transportation_rnk",51.3484
"09120080700","tract",2023,"transportation_rnk",65.7885
"09120080800","tract",2023,"transportation_rnk",27.4347
"09120080900","tract",2023,"transportation_rnk",49.9957
"09120081000","tract",2023,"transportation_rnk",28.8093
"09120081100","tract",2023,"transportation_rnk",38.5797
"09120081200","tract",2023,"transportation_rnk",38.3221
"09120081300","tract",2023,"transportation_rnk",39.101
"09120090100","tract",2023,"transportation_rnk",27.597
"09120090200","tract",2023,"transportation_rnk",32.7831
"09120090300","tract",2023,"transportation_rnk",34.3385
"09120090400","tract",2023,"transportation_rnk",34.4386
"09120090500","tract",2023,"transportation_rnk",38.4869
"09120090600","tract",2023,"transportation_rnk",18.547
"09120090700","tract",2023,"transportation_rnk",37.3613
"09120100100","tract",2023,"transportation_rnk",36.7606
"09120100200","tract",2023,"transportation_rnk",13.45
"09120100300","tract",2023,"transportation_rnk",26.1052
"09120105100","tract",2023,"transportation_rnk",14.0872
"09120105200","tract",2023,"transportation_rnk",38.6981
"09120257200","tract",2023,"transportation_rnk",82.7532
"09120990000","tract",2023,"transportation_rnk",NA
"09130541100","tract",2023,"transportation_rnk",52.3471
"09130541200","tract",2023,"transportation_rnk",48.3781
"09130541301","tract",2023,"transportation_rnk",29.3257
"09130541302","tract",2023,"transportation_rnk",25.8
"09130541401","tract",2023,"transportation_rnk",0.2478
"09130541402","tract",2023,"transportation_rnk",44.2517
"09130541500","tract",2023,"transportation_rnk",NA
"09130541600","tract",2023,"transportation_rnk",91.42
"09130541700","tract",2023,"transportation_rnk",86.1618
"09130542000","tract",2023,"transportation_rnk",44.2517
"09130542100","tract",2023,"transportation_rnk",64.7093
"09130542200","tract",2023,"transportation_rnk",31.472
"09130550100","tract",2023,"transportation_rnk",19.4736
"09130550201","tract",2023,"transportation_rnk",10.4211
"09130550202","tract",2023,"transportation_rnk",11.0583
"09130560100","tract",2023,"transportation_rnk",3.1192
"09130560200","tract",2023,"transportation_rnk",47.2586
"09130570100","tract",2023,"transportation_rnk",32.9028
"09130570200","tract",2023,"transportation_rnk",33.7952
"09130570300","tract",2023,"transportation_rnk",29.963
"09130580100","tract",2023,"transportation_rnk",17.5349
"09130585100","tract",2023,"transportation_rnk",19.7446
"09130590101","tract",2023,"transportation_rnk",20.5955
"09130590102","tract",2023,"transportation_rnk",2.8299
"09130595101","tract",2023,"transportation_rnk",10.8313
"09130595102","tract",2023,"transportation_rnk",22.8333
"09130600100","tract",2023,"transportation_rnk",32.4059
"09130610100","tract",2023,"transportation_rnk",22.301
"09130610200","tract",2023,"transportation_rnk",50.5988
"09130610300","tract",2023,"transportation_rnk",17.5349
"09130610400","tract",2023,"transportation_rnk",41.1642
"09130620100","tract",2023,"transportation_rnk",25.0736
"09130630101","tract",2023,"transportation_rnk",31.7344
"09130630102","tract",2023,"transportation_rnk",63.3822
"09130640100","tract",2023,"transportation_rnk",23.2191
"09130650100","tract",2023,"transportation_rnk",42.186
"09130660101","tract",2023,"transportation_rnk",36.7155
"09130660103","tract",2023,"transportation_rnk",19.3674
"09130660104","tract",2023,"transportation_rnk",25.6205
"09130670100","tract",2023,"transportation_rnk",24.9686
"09130670200","tract",2023,"transportation_rnk",61.5131
"09130680101","tract",2023,"transportation_rnk",61.258
"09130680102","tract",2023,"transportation_rnk",50.13
"09130680200","tract",2023,"transportation_rnk",30.2035
"09130990100","tract",2023,"transportation_rnk",NA
"09140110100","tract",2023,"transportation_rnk",46.2111
"09140110201","tract",2023,"transportation_rnk",23.0091
"09140110202","tract",2023,"transportation_rnk",32.4474
"09140110301","tract",2023,"transportation_rnk",31.2046
"09140110302","tract",2023,"transportation_rnk",27.3223
"09140110400","tract",2023,"transportation_rnk",24.2556
"09140110500","tract",2023,"transportation_rnk",16.85
"09140110601","tract",2023,"transportation_rnk",30.2548
"09140110602","tract",2023,"transportation_rnk",23.1495
"09140120100","tract",2023,"transportation_rnk",24.606
"09140120200","tract",2023,"transportation_rnk",58.8151
"09140125100","tract",2023,"transportation_rnk",35.8731
"09140125200","tract",2023,"transportation_rnk",61.203
"09140125300","tract",2023,"transportation_rnk",20.1109
"09140125400","tract",2023,"transportation_rnk",57.0375
"09140130101","tract",2023,"transportation_rnk",45.2784
"09140130102","tract",2023,"transportation_rnk",13.1948
"09140130201","tract",2023,"transportation_rnk",4.6196
"09140130202","tract",2023,"transportation_rnk",22.3523
"09140341100","tract",2023,"transportation_rnk",26.0112
"09140342100","tract",2023,"transportation_rnk",25.3067
"09140343101","tract",2023,"transportation_rnk",29.1707
"09140343102","tract",2023,"transportation_rnk",52.8867
"09140343200","tract",2023,"transportation_rnk",39.665
"09140343300","tract",2023,"transportation_rnk",21.4721
"09140343400","tract",2023,"transportation_rnk",37.9973
"09140344100","tract",2023,"transportation_rnk",18.2405
"09140344200","tract",2023,"transportation_rnk",32.2533
"09140345100","tract",2023,"transportation_rnk",30.3622
"09140345201","tract",2023,"transportation_rnk",59.0141
"09140345202","tract",2023,"transportation_rnk",16.5143
"09140345300","tract",2023,"transportation_rnk",30.5722
"09140345400","tract",2023,"transportation_rnk",35.4861
"09140346101","tract",2023,"transportation_rnk",5.5133
"09140346102","tract",2023,"transportation_rnk",4.3584
"09140347100","tract",2023,"transportation_rnk",13.8382
"09140347200","tract",2023,"transportation_rnk",3.4306
"09140348111","tract",2023,"transportation_rnk",36.7155
"09140348122","tract",2023,"transportation_rnk",24.9686
"09140348123","tract",2023,"transportation_rnk",4.2729
"09140348124","tract",2023,"transportation_rnk",61.8049
"09140348125","tract",2023,"transportation_rnk",63.0489
"09140349100","tract",2023,"transportation_rnk",2.9849
"09140349200","tract",2023,"transportation_rnk",55.8765
"09140350101","tract",2023,"transportation_rnk",96.838
"09140350200","tract",2023,"transportation_rnk",84.6651
"09140350300","tract",2023,"transportation_rnk",84.8421
"09140350400","tract",2023,"transportation_rnk",90.0807
"09140350500","tract",2023,"transportation_rnk",83.6164
"09140350800","tract",2023,"transportation_rnk",80.0466
"09140350900","tract",2023,"transportation_rnk",73.1636
"09140351000","tract",2023,"transportation_rnk",47.5858
"09140351100","tract",2023,"transportation_rnk",51.7818
"09140351200","tract",2023,"transportation_rnk",78.2899
"09140351300","tract",2023,"transportation_rnk",55.1879
"09140351400","tract",2023,"transportation_rnk",66.8262
"09140351500","tract",2023,"transportation_rnk",62.9268
"09140351601","tract",2023,"transportation_rnk",39.538
"09140351602","tract",2023,"transportation_rnk",13.2363
"09140351700","tract",2023,"transportation_rnk",80.3433
"09140351800","tract",2023,"transportation_rnk",42.6292
"09140351900","tract",2023,"transportation_rnk",50.5683
"09140352000","tract",2023,"transportation_rnk",41.8881
"09140352100","tract",2023,"transportation_rnk",42.186
"09140352200","tract",2023,"transportation_rnk",79.4155
"09140352300","tract",2023,"transportation_rnk",64.4382
"09140352400","tract",2023,"transportation_rnk",26.9158
"09140352500","tract",2023,"transportation_rnk",68.6489
"09140352600","tract",2023,"transportation_rnk",22.3523
"09140352701","tract",2023,"transportation_rnk",42.3423
"09140352702","tract",2023,"transportation_rnk",21.0008
"09140352800","tract",2023,"transportation_rnk",54.0526
"09140360100","tract",2023,"transportation_rnk",42.7049
"09140360200","tract",2023,"transportation_rnk",38.4869
"09140360300","tract",2023,"transportation_rnk",7.3372
"09140360400","tract",2023,"transportation_rnk",33.6414
"09140361100","tract",2023,"transportation_rnk",13.2864
"09140361200","tract",2023,"transportation_rnk",7.3702
"09140361300","tract",2023,"transportation_rnk",11.3929
"09140362101","tract",2023,"transportation_rnk",28.8557
"09140362102","tract",2023,"transportation_rnk",28.7605
"09140405100","tract",2023,"transportation_rnk",40.5648
"09140405200","tract",2023,"transportation_rnk",25.9672
"09140405300","tract",2023,"transportation_rnk",40.0996
"09140405401","tract",2023,"transportation_rnk",21.1632
"09140405402","tract",2023,"transportation_rnk",37.6726
"09140405500","tract",2023,"transportation_rnk",39.665
"09140405600","tract",2023,"transportation_rnk",45.3456
"09140405700","tract",2023,"transportation_rnk",52.8134
"09140405801","tract",2023,"transportation_rnk",44.9854
"09140405802","tract",2023,"transportation_rnk",1.2562
"09140405900","tract",2023,"transportation_rnk",15.1518
"09140406001","tract",2023,"transportation_rnk",30.6687
"09140406002","tract",2023,"transportation_rnk",19.3112
"09140406100","tract",2023,"transportation_rnk",83.2233
"09140425300","tract",2023,"transportation_rnk",16.4557
"09140425400","tract",2023,"transportation_rnk",15.1518
"09140425500","tract",2023,"transportation_rnk",40.6771
"09150708100","tract",2023,"transportation_rnk",28.7104
"09150815000","tract",2023,"transportation_rnk",25.1908
"09150820000","tract",2023,"transportation_rnk",17.0514
"09150825000","tract",2023,"transportation_rnk",22.9408
"09150830100","tract",2023,"transportation_rnk",27.5396
"09150890203","tract",2023,"transportation_rnk",3.7199
"09150900100","tract",2023,"transportation_rnk",11.7774
"09150900200","tract",2023,"transportation_rnk",11.7774
"09150901101","tract",2023,"transportation_rnk",22.0398
"09150901102","tract",2023,"transportation_rnk",7.0235
"09150902200","tract",2023,"transportation_rnk",16.1553
"09150902500","tract",2023,"transportation_rnk",26.6252
"09150903101","tract",2023,"transportation_rnk",38.3636
"09150903102","tract",2023,"transportation_rnk",21.278
"09150903200","tract",2023,"transportation_rnk",19.2636
"09150904101","tract",2023,"transportation_rnk",18.0073
"09150904102","tract",2023,"transportation_rnk",3.1388
"09150904400","tract",2023,"transportation_rnk",29.6358
"09150904500","tract",2023,"transportation_rnk",15.9551
"09150905101","tract",2023,"transportation_rnk",9.2478
"09150905102","tract",2023,"transportation_rnk",3.7968
"09150906100","tract",2023,"transportation_rnk",7.148
"09150907100","tract",2023,"transportation_rnk",10.4211
"09150907200","tract",2023,"transportation_rnk",7.3372
"09150907300","tract",2023,"transportation_rnk",39.3439
"09150908100","tract",2023,"transportation_rnk",8.5129
"09160260200","tract",2023,"transportation_rnk",35.7351
"09160261100","tract",2023,"transportation_rnk",72.1405
"09160262100","tract",2023,"transportation_rnk",70.5839
"09160263200","tract",2023,"transportation_rnk",63.6618
"09160265100","tract",2023,"transportation_rnk",45.7814
"09160266100","tract",2023,"transportation_rnk",73.8826
"09160267100","tract",2023,"transportation_rnk",76.632
"09160268100","tract",2023,"transportation_rnk",56.5016
"09160290100","tract",2023,"transportation_rnk",14.8124
"09160293100","tract",2023,"transportation_rnk",4.1692
"09160296100","tract",2023,"transportation_rnk",32.3522
"09160298300","tract",2023,"transportation_rnk",8.7827
"09160298400","tract",2023,"transportation_rnk",29.2745
"09160300100","tract",2023,"transportation_rnk",45.9279
"09160300400","tract",2023,"transportation_rnk",42.6658
"09160300500","tract",2023,"transportation_rnk",34.1016
"09160303100","tract",2023,"transportation_rnk",32.6916
"09160306100","tract",2023,"transportation_rnk",23.9052
"09160310100","tract",2023,"transportation_rnk",36.5958
"09160310200","tract",2023,"transportation_rnk",43.0357
"09160310300","tract",2023,"transportation_rnk",82.166
"09160310400","tract",2023,"transportation_rnk",3.6979
"09160310500","tract",2023,"transportation_rnk",46.9717
"09160310601","tract",2023,"transportation_rnk",26.5251
"09160310602","tract",2023,"transportation_rnk",37.7678
"09160310700","tract",2023,"transportation_rnk",33.4045
"09160310801","tract",2023,"transportation_rnk",45.0245
"09160310803","tract",2023,"transportation_rnk",12.4245
"09160310804","tract",2023,"transportation_rnk",45.9792
"09160320101","tract",2023,"transportation_rnk",54.8681
"09160320102","tract",2023,"transportation_rnk",32.6916
"09160320200","tract",2023,"transportation_rnk",21.4721
"09160330100","tract",2023,"transportation_rnk",19.3112
"09160410101","tract",2023,"transportation_rnk",15.7903
"09160410102","tract",2023,"transportation_rnk",25.6205
"09160425601","tract",2023,"transportation_rnk",48.6894
"09160425602","tract",2023,"transportation_rnk",54.8278
"09170140101","tract",2023,"transportation_rnk",97.5083
"09170140102","tract",2023,"transportation_rnk",95.4121
"09170140200","tract",2023,"transportation_rnk",79.4448
"09170140300","tract",2023,"transportation_rnk",81.5995
"09170140400","tract",2023,"transportation_rnk",53.6497
"09170140500","tract",2023,"transportation_rnk",63.2821
"09170140600","tract",2023,"transportation_rnk",92.0304
"09170140700","tract",2023,"transportation_rnk",94.3597
"09170140800","tract",2023,"transportation_rnk",91.1929
"09170140900","tract",2023,"transportation_rnk",74.2062
"09170141000","tract",2023,"transportation_rnk",46.1354
"09170141100","tract",2023,"transportation_rnk",56.3087
"09170141200","tract",2023,"transportation_rnk",55.6653
"09170141301","tract",2023,"transportation_rnk",83.4271
"09170141400","tract",2023,"transportation_rnk",78.7904
"09170141500","tract",2023,"transportation_rnk",84.709
"09170141600","tract",2023,"transportation_rnk",87.7257
"09170141800","tract",2023,"transportation_rnk",92.2379
"09170141900","tract",2023,"transportation_rnk",88.6279
"09170142000","tract",2023,"transportation_rnk",90.7119
"09170142100","tract",2023,"transportation_rnk",85.8603
"09170142200","tract",2023,"transportation_rnk",90.1491
"09170142300","tract",2023,"transportation_rnk",80.8255
"09170142400","tract",2023,"transportation_rnk",89.2713
"09170142500","tract",2023,"transportation_rnk",62.9561
"09170142601","tract",2023,"transportation_rnk",54.0269
"09170142604","tract",2023,"transportation_rnk",63.7277
"09170142605","tract",2023,"transportation_rnk",81.9768
"09170142700","tract",2023,"transportation_rnk",73.7349
"09170142800","tract",2023,"transportation_rnk",40.5318
"09170150100","tract",2023,"transportation_rnk",54.768
"09170150200","tract",2023,"transportation_rnk",27.5396
"09170150300","tract",2023,"transportation_rnk",40.4292
"09170150400","tract",2023,"transportation_rnk",25.3678
"09170150500","tract",2023,"transportation_rnk",9.2478
"09170150600","tract",2023,"transportation_rnk",25.0736
"09170150700","tract",2023,"transportation_rnk",15.7903
"09170150800","tract",2023,"transportation_rnk",20.5955
"09170150900","tract",2023,"transportation_rnk",47.5858
"09170151000","tract",2023,"transportation_rnk",25.3678
"09170151100","tract",2023,"transportation_rnk",36.956
"09170151200","tract",2023,"transportation_rnk",43.1126
"09170154101","tract",2023,"transportation_rnk",67.4745
"09170154102","tract",2023,"transportation_rnk",48.6113
"09170154200","tract",2023,"transportation_rnk",50.0665
"09170154500","tract",2023,"transportation_rnk",66.9715
"09170154600","tract",2023,"transportation_rnk",27.6434
"09170154700","tract",2023,"transportation_rnk",4.2449
"09170154800","tract",2023,"transportation_rnk",30.4147
"09170154900","tract",2023,"transportation_rnk",73.437
"09170155000","tract",2023,"transportation_rnk",56.8556
"09170155100","tract",2023,"transportation_rnk",40.6343
"09170157100","tract",2023,"transportation_rnk",27.0892
"09170157200","tract",2023,"transportation_rnk",46.3259
"09170157300","tract",2023,"transportation_rnk",15.6731
"09170157400","tract",2023,"transportation_rnk",30.1608
"09170160100","tract",2023,"transportation_rnk",5.8332
"09170160200","tract",2023,"transportation_rnk",46.5054
"09170161100","tract",2023,"transportation_rnk",8.7827
"09170165100","tract",2023,"transportation_rnk",42.0249
"09170165200","tract",2023,"transportation_rnk",47.9459
"09170165300","tract",2023,"transportation_rnk",51.8099
"09170165400","tract",2023,"transportation_rnk",57.5466
"09170165500","tract",2023,"transportation_rnk",71.2395
"09170165600","tract",2023,"transportation_rnk",26.8023
"09170165700","tract",2023,"transportation_rnk",56.5016
"09170165801","tract",2023,"transportation_rnk",55.3882
"09170165802","tract",2023,"transportation_rnk",36.1966
"09170165900","tract",2023,"transportation_rnk",41.4499
"09170166002","tract",2023,"transportation_rnk",NA
"09170166003","tract",2023,"transportation_rnk",2.5308
"09170166004","tract",2023,"transportation_rnk",40.8346
"09170167101","tract",2023,"transportation_rnk",24.4497
"09170167102","tract",2023,"transportation_rnk",36.1966
"09170167201","tract",2023,"transportation_rnk",35.8181
"09170167202","tract",2023,"transportation_rnk",14.7599
"09170167301","tract",2023,"transportation_rnk",27.9767
"09170170100","tract",2023,"transportation_rnk",77.434
"09170170200","tract",2023,"transportation_rnk",60.5425
"09170170300","tract",2023,"transportation_rnk",65.5101
"09170170400","tract",2023,"transportation_rnk",31.9664
"09170170500","tract",2023,"transportation_rnk",22.4781
"09170170600","tract",2023,"transportation_rnk",38.4429
"09170170700","tract",2023,"transportation_rnk",13.8858
"09170170800","tract",2023,"transportation_rnk",51.6109
"09170170900","tract",2023,"transportation_rnk",84.8079
"09170171000","tract",2023,"transportation_rnk",69.4217
"09170171100","tract",2023,"transportation_rnk",19.7898
"09170171201","tract",2023,"transportation_rnk",14.2044
"09170171202","tract",2023,"transportation_rnk",20.4856
"09170171300","tract",2023,"transportation_rnk",40.9908
"09170171400","tract",2023,"transportation_rnk",59.9639
"09170171500","tract",2023,"transportation_rnk",43.8122
"09170171600","tract",2023,"transportation_rnk",32.4059
"09170171700","tract",2023,"transportation_rnk",37.8252
"09170175100","tract",2023,"transportation_rnk",61.9245
"09170175200","tract",2023,"transportation_rnk",30.8725
"09170175300","tract",2023,"transportation_rnk",33.009
"09170175400","tract",2023,"transportation_rnk",26.6252
"09170175501","tract",2023,"transportation_rnk",0.2784
"09170175502","tract",2023,"transportation_rnk",13.6551
"09170175600","tract",2023,"transportation_rnk",29.6358
"09170175700","tract",2023,"transportation_rnk",2.93
"09170175800","tract",2023,"transportation_rnk",10.736
"09170175900","tract",2023,"transportation_rnk",25.4166
"09170176000","tract",2023,"transportation_rnk",14.3607
"09170180101","tract",2023,"transportation_rnk",19.5749
"09170180102","tract",2023,"transportation_rnk",40.8346
"09170180200","tract",2023,"transportation_rnk",29.5443
"09170180300","tract",2023,"transportation_rnk",70.1908
"09170180400","tract",2023,"transportation_rnk",5.1019
"09170180500","tract",2023,"transportation_rnk",21.0509
"09170180601","tract",2023,"transportation_rnk",44.6717
"09170180602","tract",2023,"transportation_rnk",23.9638
"09170184101","tract",2023,"transportation_rnk",56.0572
"09170184200","tract",2023,"transportation_rnk",22.0398
"09170184300","tract",2023,"transportation_rnk",47.012
"09170184400","tract",2023,"transportation_rnk",15.7903
"09170184500","tract",2023,"transportation_rnk",6.8318
"09170184600","tract",2023,"transportation_rnk",33.2092
"09170184700","tract",2023,"transportation_rnk",18.7386
"09170186100","tract",2023,"transportation_rnk",7.0235
"09170186200","tract",2023,"transportation_rnk",10.4211
"09170190100","tract",2023,"transportation_rnk",44.0148
"09170190200","tract",2023,"transportation_rnk",22.7125
"09170190301","tract",2023,"transportation_rnk",14.705
"09170190302","tract",2023,"transportation_rnk",26.2248
"09170190303","tract",2023,"transportation_rnk",25.1273
"09170194101","tract",2023,"transportation_rnk",49.3108
"09170194102","tract",2023,"transportation_rnk",66.6443
"09170194201","tract",2023,"transportation_rnk",36.901
"09170194202","tract",2023,"transportation_rnk",29.7103
"09170361401","tract",2023,"transportation_rnk",NA
"09170361402","tract",2023,"transportation_rnk",NA
"09170361500","tract",2023,"transportation_rnk",NA
"09170990000","tract",2023,"transportation_rnk",NA
"09180690300","tract",2023,"transportation_rnk",81.1478
"09180690400","tract",2023,"transportation_rnk",76.7076
"09180690500","tract",2023,"transportation_rnk",78.0017
"09180690700","tract",2023,"transportation_rnk",75.7591
"09180690800","tract",2023,"transportation_rnk",42.6658
"09180690900","tract",2023,"transportation_rnk",41.9236
"09180693300","tract",2023,"transportation_rnk",7.4569
"09180693400","tract",2023,"transportation_rnk",36.4005
"09180693500","tract",2023,"transportation_rnk",6.153
"09180693600","tract",2023,"transportation_rnk",7.9049
"09180693700","tract",2023,"transportation_rnk",14.3607
"09180695201","tract",2023,"transportation_rnk",15.7378
"09180695202","tract",2023,"transportation_rnk",8.6179
"09180696100","tract",2023,"transportation_rnk",24.8184
"09180696200","tract",2023,"transportation_rnk",18.6751
"09180696300","tract",2023,"transportation_rnk",32.1471
"09180696401","tract",2023,"transportation_rnk",45.2174
"09180696500","tract",2023,"transportation_rnk",44.9341
"09180696600","tract",2023,"transportation_rnk",7.7145
"09180696701","tract",2023,"transportation_rnk",58.8407
"09180696800","tract",2023,"transportation_rnk",60.849
"09180697000","tract",2023,"transportation_rnk",62.3115
"09180700100","tract",2023,"transportation_rnk",2.7188
"09180701100","tract",2023,"transportation_rnk",10.0365
"09180701200","tract",2023,"transportation_rnk",5.8332
"09180702100","tract",2023,"transportation_rnk",8.9829
"09180702300","tract",2023,"transportation_rnk",14.2582
"09180702400","tract",2023,"transportation_rnk",45.4408
"09180702500","tract",2023,"transportation_rnk",87.7416
"09180702600","tract",2023,"transportation_rnk",20.2354
"09180702700","tract",2023,"transportation_rnk",45.8669
"09180702800","tract",2023,"transportation_rnk",30.2035
"09180702900","tract",2023,"transportation_rnk",41.8295
"09180703000","tract",2023,"transportation_rnk",23.622
"09180705101","tract",2023,"transportation_rnk",42.1494
"09180705102","tract",2023,"transportation_rnk",12.6747
"09180705200","tract",2023,"transportation_rnk",42.1177
"09180705300","tract",2023,"transportation_rnk",51.0554
"09180705400","tract",2023,"transportation_rnk",24.3777
"09180707100","tract",2023,"transportation_rnk",2.6016
"09180709100","tract",2023,"transportation_rnk",8.7827
"09180709200","tract",2023,"transportation_rnk",62.3115
"09180710100","tract",2023,"transportation_rnk",19.5212
"09180711100","tract",2023,"transportation_rnk",9.0659
"09180712100","tract",2023,"transportation_rnk",16.325
"09180713100","tract",2023,"transportation_rnk",3.2865
"09180714101","tract",2023,"transportation_rnk",31.2559
"09180714103","tract",2023,"transportation_rnk",13.102
"09180714104","tract",2023,"transportation_rnk",41.683
"09180715100","tract",2023,"transportation_rnk",7.4178
"09180716101","tract",2023,"transportation_rnk",28.6518
"09180716102","tract",2023,"transportation_rnk",39.9055
"09180800300","tract",2023,"transportation_rnk",NA
"09180800400","tract",2023,"transportation_rnk",35.4861
"09180800501","tract",2023,"transportation_rnk",26.2248
"09180800502","tract",2023,"transportation_rnk",5.2118
"09180800600","tract",2023,"transportation_rnk",69.4522
"09180800700","tract",2023,"transportation_rnk",67.4745
"09180870100","tract",2023,"transportation_rnk",14.3607
"09180870200","tract",2023,"transportation_rnk",25.0736
"09180870300","tract",2023,"transportation_rnk",NA
"09180870501","tract",2023,"transportation_rnk",13.2864
"09180870502","tract",2023,"transportation_rnk",37.4589
"09180870701","tract",2023,"transportation_rnk",18.9181
"09180870703","tract",2023,"transportation_rnk",26.1638
"09180870704","tract",2023,"transportation_rnk",40.2461
"09180980000","tract",2023,"transportation_rnk",NA
"09180990100","tract",2023,"transportation_rnk",NA
"09190010101","tract",2023,"transportation_rnk",46.8948
"09190010102","tract",2023,"transportation_rnk",65.8764
"09190010201","tract",2023,"transportation_rnk",79.6242
"09190010202","tract",2023,"transportation_rnk",60.2459
"09190010300","tract",2023,"transportation_rnk",79.905
"09190010400","tract",2023,"transportation_rnk",48.7224
"09190010500","tract",2023,"transportation_rnk",72.9328
"09190010600","tract",2023,"transportation_rnk",92.6359
"09190010700","tract",2023,"transportation_rnk",76.9433
"09190010800","tract",2023,"transportation_rnk",69.3606
"09190010900","tract",2023,"transportation_rnk",70.3617
"09190011000","tract",2023,"transportation_rnk",79.7292
"09190011100","tract",2023,"transportation_rnk",80.8036
"09190011200","tract",2023,"transportation_rnk",70.9526
"09190011300","tract",2023,"transportation_rnk",39.8237
"09190020101","tract",2023,"transportation_rnk",78.3143
"09190020102","tract",2023,"transportation_rnk",90.3432
"09190020200","tract",2023,"transportation_rnk",56.3978
"09190020301","tract",2023,"transportation_rnk",53.2065
"09190020302","tract",2023,"transportation_rnk",44.574
"09190020400","tract",2023,"transportation_rnk",54.1527
"09190020500","tract",2023,"transportation_rnk",53.1601
"09190020600","tract",2023,"transportation_rnk",59.6733
"09190020700","tract",2023,"transportation_rnk",55.1477
"09190020800","tract",2023,"transportation_rnk",55.3174
"09190020900","tract",2023,"transportation_rnk",63.1014
"09190021000","tract",2023,"transportation_rnk",55.5066
"09190021100","tract",2023,"transportation_rnk",71.2993
"09190021200","tract",2023,"transportation_rnk",56.537
"09190021300","tract",2023,"transportation_rnk",78.3973
"09190021401","tract",2023,"transportation_rnk",87.578
"09190021402","tract",2023,"transportation_rnk",88.6828
"09190021501","tract",2023,"transportation_rnk",81.0319
"09190021502","tract",2023,"transportation_rnk",79.9209
"09190021601","tract",2023,"transportation_rnk",79.9209
"09190021602","tract",2023,"transportation_rnk",77.6465
"09190021701","tract",2023,"transportation_rnk",77.7808
"09190021702","tract",2023,"transportation_rnk",80.5057
"09190021801","tract",2023,"transportation_rnk",49.5074
"09190021802","tract",2023,"transportation_rnk",48.3232
"09190021900","tract",2023,"transportation_rnk",68.4304
"09190022000","tract",2023,"transportation_rnk",73.7093
"09190022101","tract",2023,"transportation_rnk",87.6036
"09190022102","tract",2023,"transportation_rnk",73.5457
"09190022201","tract",2023,"transportation_rnk",88.5388
"09190022202","tract",2023,"transportation_rnk",70.7194
"09190022300","tract",2023,"transportation_rnk",70.0931
"09190022400","tract",2023,"transportation_rnk",70.8855
"09190030100","tract",2023,"transportation_rnk",76.4269
"09190030200","tract",2023,"transportation_rnk",85.6686
"09190030300","tract",2023,"transportation_rnk",80.0112
"09190030400","tract",2023,"transportation_rnk",79.59
"09190030500","tract",2023,"transportation_rnk",78.9235
"09190035101","tract",2023,"transportation_rnk",89.3604
"09190035102","tract",2023,"transportation_rnk",74.935
"09190035200","tract",2023,"transportation_rnk",63.4396
"09190035300","tract",2023,"transportation_rnk",75.1755
"09190035400","tract",2023,"transportation_rnk",61.9929
"09190042500","tract",2023,"transportation_rnk",48.8945
"09190042600","tract",2023,"transportation_rnk",45.3077
"09190042700","tract",2023,"transportation_rnk",56.6273
"09190042800","tract",2023,"transportation_rnk",25.5167
"09190042900","tract",2023,"transportation_rnk",31.8748
"09190043000","tract",2023,"transportation_rnk",53.0515
"09190043100","tract",2023,"transportation_rnk",53.7864
"09190043200","tract",2023,"transportation_rnk",43.4447
"09190043300","tract",2023,"transportation_rnk",52.5424
"09190043400","tract",2023,"transportation_rnk",43.3641
"09190043500","tract",2023,"transportation_rnk",28.0805
"09190043600","tract",2023,"transportation_rnk",40.2461
"09190043700","tract",2023,"transportation_rnk",55.9668
"09190043800","tract",2023,"transportation_rnk",62.4397
"09190043900","tract",2023,"transportation_rnk",66.2402
"09190044000","tract",2023,"transportation_rnk",72.696
"09190044100","tract",2023,"transportation_rnk",85.6686
"09190044200","tract",2023,"transportation_rnk",77.4597
"09190044300","tract",2023,"transportation_rnk",32.5365
"09190044400","tract",2023,"transportation_rnk",62.9024
"09190044500","tract",2023,"transportation_rnk",73.4883
"09190044600","tract",2023,"transportation_rnk",82.7105
"09190045101","tract",2023,"transportation_rnk",59.5744
"09190045102","tract",2023,"transportation_rnk",46.017
"09190045200","tract",2023,"transportation_rnk",49.8211
"09190045300","tract",2023,"transportation_rnk",71.5105
"09190045400","tract",2023,"transportation_rnk",57.8701
"09190050100","tract",2023,"transportation_rnk",75.9422
"09190050200","tract",2023,"transportation_rnk",59.727
"09190050301","tract",2023,"transportation_rnk",74.8459
"09190050302","tract",2023,"transportation_rnk",71.8072
"09190050400","tract",2023,"transportation_rnk",67.5904
"09190050500","tract",2023,"transportation_rnk",75.5796
"09190050600","tract",2023,"transportation_rnk",78.0017
"09190055100","tract",2023,"transportation_rnk",63.5641
"09190055200","tract",2023,"transportation_rnk",69.6659
"09190200100","tract",2023,"transportation_rnk",53.4592
"09190200200","tract",2023,"transportation_rnk",33.269
"09190200301","tract",2023,"transportation_rnk",7.5912
"09190200302","tract",2023,"transportation_rnk",24.7696
"09190205100","tract",2023,"transportation_rnk",40.4952
"09190205200","tract",2023,"transportation_rnk",13.6551
"09190205300","tract",2023,"transportation_rnk",21.9189
"09190210101","tract",2023,"transportation_rnk",74.0242
"09190210102","tract",2023,"transportation_rnk",71.0991
"09190210201","tract",2023,"transportation_rnk",69.1336
"09190210202","tract",2023,"transportation_rnk",63.829
"09190210300","tract",2023,"transportation_rnk",62.2871
"09190210401","tract",2023,"transportation_rnk",66.2402
"09190210402","tract",2023,"transportation_rnk",49.2181
"09190210501","tract",2023,"transportation_rnk",16.2176
"09190210502","tract",2023,"transportation_rnk",50.1789
"09190210600","tract",2023,"transportation_rnk",43.2665
"09190210701","tract",2023,"transportation_rnk",44.574
"09190210702","tract",2023,"transportation_rnk",59.2326
"09190210800","tract",2023,"transportation_rnk",38.8678
"09190210900","tract",2023,"transportation_rnk",29.5443
"09190211000","tract",2023,"transportation_rnk",34.1541
"09190211100","tract",2023,"transportation_rnk",NA
"09190211201","tract",2023,"transportation_rnk",45.9792
"09190211202","tract",2023,"transportation_rnk",27.5396
"09190211300","tract",2023,"transportation_rnk",36.2918
"09190211400","tract",2023,"transportation_rnk",49.3108
"09190220100","tract",2023,"transportation_rnk",20.3599
"09190220200","tract",2023,"transportation_rnk",27.3883
"09190220300","tract",2023,"transportation_rnk",49.7113
"09190230100","tract",2023,"transportation_rnk",18.6751
"09190230200","tract",2023,"transportation_rnk",32.7343
"09190230300","tract",2023,"transportation_rnk",11.2573
"09190230400","tract",2023,"transportation_rnk",12.0973
"09190230501","tract",2023,"transportation_rnk",28.5969
"09190230502","tract",2023,"transportation_rnk",15.2031
"09190240100","tract",2023,"transportation_rnk",48.1681
"09190240200","tract",2023,"transportation_rnk",55.7227
"09190245100","tract",2023,"transportation_rnk",49.7564
"09190245200","tract",2023,"transportation_rnk",52.4203
"09190245300","tract",2023,"transportation_rnk",62.1162
"09190245400","tract",2023,"transportation_rnk",36.1966
"09190245500","tract",2023,"transportation_rnk",49.9957
"09190245600","tract",2023,"transportation_rnk",60.4205
"09190250100","tract",2023,"transportation_rnk",41.8601
"09190253100","tract",2023,"transportation_rnk",58.306
"09190253200","tract",2023,"transportation_rnk",20.1109
"09190253400","tract",2023,"transportation_rnk",32.9541
"09190253500","tract",2023,"transportation_rnk",29.9093
"09190257100","tract",2023,"transportation_rnk",60.1861
"09190425700","tract",2023,"transportation_rnk",37.7678
"09190990000","tract",2023,"transportation_rnk",NA
"09110400101","tract",2023,"transportation_state_rnk",16.317
"09110400102","tract",2023,"transportation_state_rnk",34.9068
"09110400200","tract",2023,"transportation_state_rnk",16.6667
"09110400300","tract",2023,"transportation_state_rnk",7.3427
"09110415300","tract",2023,"transportation_state_rnk",84.7319
"09110415400","tract",2023,"transportation_state_rnk",77.1562
"09110415500","tract",2023,"transportation_state_rnk",82.0513
"09110415600","tract",2023,"transportation_state_rnk",85.4312
"09110415700","tract",2023,"transportation_state_rnk",59.0909
"09110415800","tract",2023,"transportation_state_rnk",93.7063
"09110415900","tract",2023,"transportation_state_rnk",83.5664
"09110416000","tract",2023,"transportation_state_rnk",71.2121
"09110416100","tract",2023,"transportation_state_rnk",76.9814
"09110416200","tract",2023,"transportation_state_rnk",73.6597
"09110416300","tract",2023,"transportation_state_rnk",77.8555
"09110416400","tract",2023,"transportation_state_rnk",28.2051
"09110416500","tract",2023,"transportation_state_rnk",37.0047
"09110416600","tract",2023,"transportation_state_rnk",78.7879
"09110416700","tract",2023,"transportation_state_rnk",7.4592
"09110416800","tract",2023,"transportation_state_rnk",61.7716
"09110417100","tract",2023,"transportation_state_rnk",85.6643
"09110417200","tract",2023,"transportation_state_rnk",66.4918
"09110417300","tract",2023,"transportation_state_rnk",NA
"09110417400","tract",2023,"transportation_state_rnk",54.6037
"09110417500","tract",2023,"transportation_state_rnk",18.1818
"09110420400","tract",2023,"transportation_state_rnk",18.5315
"09110420500","tract",2023,"transportation_state_rnk",23.8928
"09110420601","tract",2023,"transportation_state_rnk",47.028
"09110420602","tract",2023,"transportation_state_rnk",15.7343
"09110420700","tract",2023,"transportation_state_rnk",15.8508
"09110430100","tract",2023,"transportation_state_rnk",5.4779
"09110430201","tract",2023,"transportation_state_rnk",30.1865
"09110430202","tract",2023,"transportation_state_rnk",11.655
"09110430203","tract",2023,"transportation_state_rnk",38.2284
"09110430301","tract",2023,"transportation_state_rnk",20.338
"09110430302","tract",2023,"transportation_state_rnk",38.7529
"09110430400","tract",2023,"transportation_state_rnk",3.9627
"09110430501","tract",2023,"transportation_state_rnk",3.7296
"09110430502","tract",2023,"transportation_state_rnk",24.2424
"09110430602","tract",2023,"transportation_state_rnk",15.3263
"09110430603","tract",2023,"transportation_state_rnk",23.6597
"09110430604","tract",2023,"transportation_state_rnk",43.8228
"09110460100","tract",2023,"transportation_state_rnk",39.9184
"09110460202","tract",2023,"transportation_state_rnk",36.014
"09110460203","tract",2023,"transportation_state_rnk",39.9184
"09110460204","tract",2023,"transportation_state_rnk",51.3986
"09110460301","tract",2023,"transportation_state_rnk",35.0816
"09110460302","tract",2023,"transportation_state_rnk",21.0373
"09110462101","tract",2023,"transportation_state_rnk",52.8555
"09110462102","tract",2023,"transportation_state_rnk",41.1422
"09110462201","tract",2023,"transportation_state_rnk",64.2191
"09110462202","tract",2023,"transportation_state_rnk",70.979
"09110464101","tract",2023,"transportation_state_rnk",33.683
"09110464102","tract",2023,"transportation_state_rnk",64.627
"09110466101","tract",2023,"transportation_state_rnk",58.3333
"09110466102","tract",2023,"transportation_state_rnk",37.1795
"09110466201","tract",2023,"transportation_state_rnk",75.9907
"09110466202","tract",2023,"transportation_state_rnk",41.4336
"09110466300","tract",2023,"transportation_state_rnk",69.2308
"09110466400","tract",2023,"transportation_state_rnk",13.986
"09110468101","tract",2023,"transportation_state_rnk",21.2121
"09110468102","tract",2023,"transportation_state_rnk",40.5594
"09110470100","tract",2023,"transportation_state_rnk",25.0583
"09110471100","tract",2023,"transportation_state_rnk",74.5921
"09110471200","tract",2023,"transportation_state_rnk",74.8252
"09110471300","tract",2023,"transportation_state_rnk",50.3497
"09110471400","tract",2023,"transportation_state_rnk",58.1585
"09110471500","tract",2023,"transportation_state_rnk",62.8788
"09110473100","tract",2023,"transportation_state_rnk",43.1235
"09110473400","tract",2023,"transportation_state_rnk",30.4779
"09110473501","tract",2023,"transportation_state_rnk",12.0047
"09110473502","tract",2023,"transportation_state_rnk",34.4406
"09110473601","tract",2023,"transportation_state_rnk",26.8065
"09110473602","tract",2023,"transportation_state_rnk",43.9977
"09110473700","tract",2023,"transportation_state_rnk",80.0699
"09110473800","tract",2023,"transportation_state_rnk",71.0956
"09110476100","tract",2023,"transportation_state_rnk",12.1212
"09110476200","tract",2023,"transportation_state_rnk",66.4918
"09110476300","tract",2023,"transportation_state_rnk",58.3333
"09110477101","tract",2023,"transportation_state_rnk",20.1632
"09110477103","tract",2023,"transportation_state_rnk",24.4755
"09110477104","tract",2023,"transportation_state_rnk",4.662
"09110477200","tract",2023,"transportation_state_rnk",40.3263
"09110480300","tract",2023,"transportation_state_rnk",22.669
"09110480400","tract",2023,"transportation_state_rnk",30.9441
"09110480500","tract",2023,"transportation_state_rnk",37.3543
"09110480600","tract",2023,"transportation_state_rnk",43.5315
"09110480700","tract",2023,"transportation_state_rnk",45.1632
"09110480800","tract",2023,"transportation_state_rnk",24.359
"09110480900","tract",2023,"transportation_state_rnk",0.9324
"09110481000","tract",2023,"transportation_state_rnk",9.5571
"09110481100","tract",2023,"transportation_state_rnk",27.6224
"09110481200","tract",2023,"transportation_state_rnk",49.8834
"09110481300","tract",2023,"transportation_state_rnk",33.1002
"09110484100","tract",2023,"transportation_state_rnk",43.1235
"09110484200","tract",2023,"transportation_state_rnk",19.6387
"09110487100","tract",2023,"transportation_state_rnk",42.3077
"09110487201","tract",2023,"transportation_state_rnk",38.7529
"09110487202","tract",2023,"transportation_state_rnk",9.7319
"09110487300","tract",2023,"transportation_state_rnk",44.6387
"09110487400","tract",2023,"transportation_state_rnk",32.7506
"09110487500","tract",2023,"transportation_state_rnk",50.4662
"09110490100","tract",2023,"transportation_state_rnk",65.1515
"09110490303","tract",2023,"transportation_state_rnk",52.0979
"09110490304","tract",2023,"transportation_state_rnk",17.2494
"09110492100","tract",2023,"transportation_state_rnk",53.9627
"09110492200","tract",2023,"transportation_state_rnk",37.3543
"09110492300","tract",2023,"transportation_state_rnk",50.9907
"09110492400","tract",2023,"transportation_state_rnk",46.3869
"09110492500","tract",2023,"transportation_state_rnk",16.2005
"09110492600","tract",2023,"transportation_state_rnk",37.8205
"09110494100","tract",2023,"transportation_state_rnk",62.5874
"09110494201","tract",2023,"transportation_state_rnk",12.2378
"09110494202","tract",2023,"transportation_state_rnk",38.2284
"09110494300","tract",2023,"transportation_state_rnk",23.0186
"09110494400","tract",2023,"transportation_state_rnk",28.5548
"09110494500","tract",2023,"transportation_state_rnk",8.8578
"09110494600","tract",2023,"transportation_state_rnk",67.7739
"09110496100","tract",2023,"transportation_state_rnk",87.296
"09110496200","tract",2023,"transportation_state_rnk",55.5944
"09110496300","tract",2023,"transportation_state_rnk",36.3636
"09110496400","tract",2023,"transportation_state_rnk",30.7692
"09110496500","tract",2023,"transportation_state_rnk",59.9068
"09110496600","tract",2023,"transportation_state_rnk",34.4406
"09110496700","tract",2023,"transportation_state_rnk",65.6177
"09110496800","tract",2023,"transportation_state_rnk",60.6061
"09110496900","tract",2023,"transportation_state_rnk",63.8112
"09110497000","tract",2023,"transportation_state_rnk",56.4685
"09110497100","tract",2023,"transportation_state_rnk",68.1235
"09110497200","tract",2023,"transportation_state_rnk",65.3846
"09110497300","tract",2023,"transportation_state_rnk",39.1026
"09110497400","tract",2023,"transportation_state_rnk",44.8718
"09110497500","tract",2023,"transportation_state_rnk",62.3543
"09110497600","tract",2023,"transportation_state_rnk",40.0932
"09110497700","tract",2023,"transportation_state_rnk",39.3939
"09110500100","tract",2023,"transportation_state_rnk",94.6387
"09110500200","tract",2023,"transportation_state_rnk",94.7552
"09110500300","tract",2023,"transportation_state_rnk",95.5711
"09110500400","tract",2023,"transportation_state_rnk",76.7483
"09110500500","tract",2023,"transportation_state_rnk",99.3007
"09110500900","tract",2023,"transportation_state_rnk",98.7179
"09110501200","tract",2023,"transportation_state_rnk",98.2517
"09110501300","tract",2023,"transportation_state_rnk",97.669
"09110501400","tract",2023,"transportation_state_rnk",96.2704
"09110501500","tract",2023,"transportation_state_rnk",98.4848
"09110501700","tract",2023,"transportation_state_rnk",98.8345
"09110501800","tract",2023,"transportation_state_rnk",89.5105
"09110502100","tract",2023,"transportation_state_rnk",97.2028
"09110502300","tract",2023,"transportation_state_rnk",75.5828
"09110502400","tract",2023,"transportation_state_rnk",88.345
"09110502500","tract",2023,"transportation_state_rnk",87.9953
"09110502600","tract",2023,"transportation_state_rnk",68.1235
"09110502700","tract",2023,"transportation_state_rnk",NA
"09110502800","tract",2023,"transportation_state_rnk",94.8718
"09110502900","tract",2023,"transportation_state_rnk",81.352
"09110503000","tract",2023,"transportation_state_rnk",99.1841
"09110503101","tract",2023,"transportation_state_rnk",99.5338
"09110503102","tract",2023,"transportation_state_rnk",92.7739
"09110503300","tract",2023,"transportation_state_rnk",99.0676
"09110503500","tract",2023,"transportation_state_rnk",81.8182
"09110503700","tract",2023,"transportation_state_rnk",94.289
"09110503800","tract",2023,"transportation_state_rnk",NA
"09110503900","tract",2023,"transportation_state_rnk",52.5641
"09110504000","tract",2023,"transportation_state_rnk",83.1002
"09110504100","tract",2023,"transportation_state_rnk",85.5478
"09110504200","tract",2023,"transportation_state_rnk",93.007
"09110504300","tract",2023,"transportation_state_rnk",93.5897
"09110504500","tract",2023,"transportation_state_rnk",66.7832
"09110504800","tract",2023,"transportation_state_rnk",78.6713
"09110504900","tract",2023,"transportation_state_rnk",64.3357
"09110510100","tract",2023,"transportation_state_rnk",46.0956
"09110510200","tract",2023,"transportation_state_rnk",86.7133
"09110510300","tract",2023,"transportation_state_rnk",91.7249
"09110510400","tract",2023,"transportation_state_rnk",48.3683
"09110510500","tract",2023,"transportation_state_rnk",73.1935
"09110510600","tract",2023,"transportation_state_rnk",64.8019
"09110510700","tract",2023,"transportation_state_rnk",20.6876
"09110510800","tract",2023,"transportation_state_rnk",52.2727
"09110510900","tract",2023,"transportation_state_rnk",8.683
"09110511000","tract",2023,"transportation_state_rnk",49.3007
"09110511100","tract",2023,"transportation_state_rnk",60.0233
"09110511200","tract",2023,"transportation_state_rnk",5.9441
"09110511300","tract",2023,"transportation_state_rnk",55.4196
"09110511400","tract",2023,"transportation_state_rnk",0.2331
"09110514101","tract",2023,"transportation_state_rnk",39.5688
"09110514103","tract",2023,"transportation_state_rnk",70.3963
"09110514104","tract",2023,"transportation_state_rnk",75.0583
"09110514200","tract",2023,"transportation_state_rnk",66.1422
"09110514300","tract",2023,"transportation_state_rnk",21.5618
"09110514400","tract",2023,"transportation_state_rnk",60.4895
"09110514500","tract",2023,"transportation_state_rnk",30.0699
"09110514600","tract",2023,"transportation_state_rnk",55.2448
"09110514700","tract",2023,"transportation_state_rnk",82.6923
"09110514800","tract",2023,"transportation_state_rnk",78.0303
"09110514900","tract",2023,"transportation_state_rnk",9.3823
"09110515000","tract",2023,"transportation_state_rnk",22.3776
"09110515101","tract",2023,"transportation_state_rnk",13.5198
"09110515102","tract",2023,"transportation_state_rnk",57.4592
"09110515200","tract",2023,"transportation_state_rnk",10.2564
"09110520100","tract",2023,"transportation_state_rnk",20.338
"09110520201","tract",2023,"transportation_state_rnk",4.5455
"09110520202","tract",2023,"transportation_state_rnk",54.7786
"09110520301","tract",2023,"transportation_state_rnk",37.9953
"09110520302","tract",2023,"transportation_state_rnk",47.9021
"09110520400","tract",2023,"transportation_state_rnk",41.0256
"09110520501","tract",2023,"transportation_state_rnk",16.7832
"09110524100","tract",2023,"transportation_state_rnk",27.6224
"09110524200","tract",2023,"transportation_state_rnk",40.676
"09110524300","tract",2023,"transportation_state_rnk",30.6527
"09110524400","tract",2023,"transportation_state_rnk",63.5198
"09110524501","tract",2023,"transportation_state_rnk",67.9487
"09110524502","tract",2023,"transportation_state_rnk",89.3939
"09110524600","tract",2023,"transportation_state_rnk",98.3683
"09110524700","tract",2023,"transportation_state_rnk",62.4709
"09110526101","tract",2023,"transportation_state_rnk",39.2774
"09110526102","tract",2023,"transportation_state_rnk",9.2075
"09110528100","tract",2023,"transportation_state_rnk",8.042
"09110529100","tract",2023,"transportation_state_rnk",15.5594
"09110530100","tract",2023,"transportation_state_rnk",50.0583
"09110530200","tract",2023,"transportation_state_rnk",63.1702
"09110530301","tract",2023,"transportation_state_rnk",46.2704
"09110530302","tract",2023,"transportation_state_rnk",42.8322
"09110530400","tract",2023,"transportation_state_rnk",43.5315
"09110530500","tract",2023,"transportation_state_rnk",44.9883
"09110530600","tract",2023,"transportation_state_rnk",3.1469
"09110533102","tract",2023,"transportation_state_rnk",10.9557
"09110533103","tract",2023,"transportation_state_rnk",6.6434
"09110533104","tract",2023,"transportation_state_rnk",22.028
"09110535101","tract",2023,"transportation_state_rnk",17.0163
"09110535102","tract",2023,"transportation_state_rnk",3.8462
"09110535200","tract",2023,"transportation_state_rnk",9.7319
"09110538100","tract",2023,"transportation_state_rnk",NA
"09110538201","tract",2023,"transportation_state_rnk",12.4709
"09110538202","tract",2023,"transportation_state_rnk",4.8951
"09110840100","tract",2023,"transportation_state_rnk",10.5478
"09110850100","tract",2023,"transportation_state_rnk",11.3054
"09110850200","tract",2023,"transportation_state_rnk",2.972
"09110860100","tract",2023,"transportation_state_rnk",10.1399
"09110881100","tract",2023,"transportation_state_rnk",77.2727
"09110881200","tract",2023,"transportation_state_rnk",NA
"09110881300","tract",2023,"transportation_state_rnk",NA
"09110881500","tract",2023,"transportation_state_rnk",75.1748
"09110890100","tract",2023,"transportation_state_rnk",7.2261
"09110890202","tract",2023,"transportation_state_rnk",0.3497
"09110890204","tract",2023,"transportation_state_rnk",14.8019
"09110980001","tract",2023,"transportation_state_rnk",NA
"09110980002","tract",2023,"transportation_state_rnk",NA
"09110980003","tract",2023,"transportation_state_rnk",NA
"09110980100","tract",2023,"transportation_state_rnk",NA
"09120060100","tract",2023,"transportation_state_rnk",NA
"09120060200","tract",2023,"transportation_state_rnk",53.6131
"09120060300","tract",2023,"transportation_state_rnk",87.1795
"09120060400","tract",2023,"transportation_state_rnk",80.303
"09120060500","tract",2023,"transportation_state_rnk",77.3893
"09120060600","tract",2023,"transportation_state_rnk",83.9161
"09120060700","tract",2023,"transportation_state_rnk",84.1492
"09120060800","tract",2023,"transportation_state_rnk",66.6667
"09120060900","tract",2023,"transportation_state_rnk",69.9301
"09120061000","tract",2023,"transportation_state_rnk",67.3077
"09120061100","tract",2023,"transportation_state_rnk",71.7949
"09120061200","tract",2023,"transportation_state_rnk",49.7669
"09120061300","tract",2023,"transportation_state_rnk",46.7366
"09120061400","tract",2023,"transportation_state_rnk",63.986
"09120061500","tract",2023,"transportation_state_rnk",67.3077
"09120061600","tract",2023,"transportation_state_rnk",79.021
"09120070100","tract",2023,"transportation_state_rnk",72.8438
"09120070200","tract",2023,"transportation_state_rnk",72.3776
"09120070300","tract",2023,"transportation_state_rnk",99.7669
"09120070400","tract",2023,"transportation_state_rnk",88.9277
"09120070500","tract",2023,"transportation_state_rnk",95.4545
"09120070600","tract",2023,"transportation_state_rnk",97.4359
"09120070900","tract",2023,"transportation_state_rnk",96.3869
"09120071000","tract",2023,"transportation_state_rnk",94.4056
"09120071100","tract",2023,"transportation_state_rnk",89.2774
"09120071200","tract",2023,"transportation_state_rnk",82.8671
"09120071300","tract",2023,"transportation_state_rnk",94.5221
"09120071400","tract",2023,"transportation_state_rnk",87.4126
"09120071600","tract",2023,"transportation_state_rnk",96.62
"09120071900","tract",2023,"transportation_state_rnk",88.8112
"09120072000","tract",2023,"transportation_state_rnk",74.9417
"09120072100","tract",2023,"transportation_state_rnk",81.0023
"09120072200","tract",2023,"transportation_state_rnk",77.6224
"09120072300","tract",2023,"transportation_state_rnk",79.7786
"09120072400","tract",2023,"transportation_state_rnk",63.0536
"09120072500","tract",2023,"transportation_state_rnk",46.8531
"09120072600","tract",2023,"transportation_state_rnk",67.5408
"09120072700","tract",2023,"transportation_state_rnk",58.042
"09120072800","tract",2023,"transportation_state_rnk",83.4499
"09120072900","tract",2023,"transportation_state_rnk",48.2517
"09120073000","tract",2023,"transportation_state_rnk",58.8578
"09120073100","tract",2023,"transportation_state_rnk",48.5431
"09120073200","tract",2023,"transportation_state_rnk",84.4988
"09120073300","tract",2023,"transportation_state_rnk",91.958
"09120073400","tract",2023,"transportation_state_rnk",80.4779
"09120073500","tract",2023,"transportation_state_rnk",92.5408
"09120073600","tract",2023,"transportation_state_rnk",95.8042
"09120073700","tract",2023,"transportation_state_rnk",84.324
"09120073800","tract",2023,"transportation_state_rnk",98.951
"09120073900","tract",2023,"transportation_state_rnk",96.9697
"09120074000","tract",2023,"transportation_state_rnk",82.2844
"09120074300","tract",2023,"transportation_state_rnk",95.6876
"09120074400","tract",2023,"transportation_state_rnk",92.0746
"09120080100","tract",2023,"transportation_state_rnk",32.0513
"09120080200","tract",2023,"transportation_state_rnk",47.7273
"09120080400","tract",2023,"transportation_state_rnk",70.5128
"09120080500","tract",2023,"transportation_state_rnk",62.1212
"09120080600","tract",2023,"transportation_state_rnk",62.704
"09120080700","tract",2023,"transportation_state_rnk",78.2051
"09120080800","tract",2023,"transportation_state_rnk",29.3706
"09120080900","tract",2023,"transportation_state_rnk",61.2471
"09120081000","tract",2023,"transportation_state_rnk",31.4685
"09120081100","tract",2023,"transportation_state_rnk",45.8042
"09120081200","tract",2023,"transportation_state_rnk",45.1632
"09120081300","tract",2023,"transportation_state_rnk",46.5035
"09120090100","tract",2023,"transportation_state_rnk",29.8368
"09120090200","tract",2023,"transportation_state_rnk",37.0047
"09120090300","tract",2023,"transportation_state_rnk",40.2098
"09120090400","tract",2023,"transportation_state_rnk",40.4429
"09120090500","tract",2023,"transportation_state_rnk",45.6294
"09120090600","tract",2023,"transportation_state_rnk",17.366
"09120090700","tract",2023,"transportation_state_rnk",43.7063
"09120100100","tract",2023,"transportation_state_rnk",42.8322
"09120100200","tract",2023,"transportation_state_rnk",11.1888
"09120100300","tract",2023,"transportation_state_rnk",27.6224
"09120105100","tract",2023,"transportation_state_rnk",12.3543
"09120105200","tract",2023,"transportation_state_rnk",45.9207
"09120257200","tract",2023,"transportation_state_rnk",92.3077
"09120990000","tract",2023,"transportation_state_rnk",NA
"09130541100","tract",2023,"transportation_state_rnk",63.6364
"09130541200","tract",2023,"transportation_state_rnk",59.324
"09130541301","tract",2023,"transportation_state_rnk",31.9347
"09130541302","tract",2023,"transportation_state_rnk",27.1562
"09130541401","tract",2023,"transportation_state_rnk",0
"09130541402","tract",2023,"transportation_state_rnk",54.1375
"09130541500","tract",2023,"transportation_state_rnk",NA
"09130541600","tract",2023,"transportation_state_rnk",97.9021
"09130541700","tract",2023,"transportation_state_rnk",94.1725
"09130542000","tract",2023,"transportation_state_rnk",54.1375
"09130542100","tract",2023,"transportation_state_rnk",77.7389
"09130542200","tract",2023,"transportation_state_rnk",34.9068
"09130550100","tract",2023,"transportation_state_rnk",18.648
"09130550201","tract",2023,"transportation_state_rnk",7.8089
"09130550202","tract",2023,"transportation_state_rnk",8.3916
"09130560100","tract",2023,"transportation_state_rnk",1.3986
"09130560200","tract",2023,"transportation_state_rnk",57.9254
"09130570100","tract",2023,"transportation_state_rnk",37.5291
"09130570200","tract",2023,"transportation_state_rnk",39.1026
"09130570300","tract",2023,"transportation_state_rnk",32.9837
"09130580100","tract",2023,"transportation_state_rnk",16.4918
"09130585100","tract",2023,"transportation_state_rnk",18.9977
"09130590101","tract",2023,"transportation_state_rnk",19.9883
"09130590102","tract",2023,"transportation_state_rnk",1.049
"09130595101","tract",2023,"transportation_state_rnk",8.2751
"09130595102","tract",2023,"transportation_state_rnk",23.0186
"09130600100","tract",2023,"transportation_state_rnk",36.014
"09130610100","tract",2023,"transportation_state_rnk",22.1445
"09130610200","tract",2023,"transportation_state_rnk",62.0047
"09130610300","tract",2023,"transportation_state_rnk",16.4918
"09130610400","tract",2023,"transportation_state_rnk",50.0583
"09130620100","tract",2023,"transportation_state_rnk",25.7576
"09130630101","tract",2023,"transportation_state_rnk",35.1981
"09130630102","tract",2023,"transportation_state_rnk",76.2238
"09130640100","tract",2023,"transportation_state_rnk",23.5431
"09130650100","tract",2023,"transportation_state_rnk",51.8065
"09130660101","tract",2023,"transportation_state_rnk",42.5991
"09130660103","tract",2023,"transportation_state_rnk",18.4149
"09130660104","tract",2023,"transportation_state_rnk",26.9814
"09130670100","tract",2023,"transportation_state_rnk",25.4662
"09130670200","tract",2023,"transportation_state_rnk",73.5431
"09130680101","tract",2023,"transportation_state_rnk",73.4266
"09130680102","tract",2023,"transportation_state_rnk",61.5385
"09130680200","tract",2023,"transportation_state_rnk",33.3916
"09130990100","tract",2023,"transportation_state_rnk",NA
"09140110100","tract",2023,"transportation_state_rnk",57.1096
"09140110201","tract",2023,"transportation_state_rnk",23.31
"09140110202","tract",2023,"transportation_state_rnk",36.2471
"09140110301","tract",2023,"transportation_state_rnk",34.6154
"09140110302","tract",2023,"transportation_state_rnk",29.1375
"09140110400","tract",2023,"transportation_state_rnk",24.5921
"09140110500","tract",2023,"transportation_state_rnk",15.9674
"09140110601","tract",2023,"transportation_state_rnk",33.5664
"09140110602","tract",2023,"transportation_state_rnk",23.4266
"09140120100","tract",2023,"transportation_state_rnk",24.9417
"09140120200","tract",2023,"transportation_state_rnk",71.3287
"09140125100","tract",2023,"transportation_state_rnk",41.6084
"09140125200","tract",2023,"transportation_state_rnk",73.31
"09140125300","tract",2023,"transportation_state_rnk",19.289
"09140125400","tract",2023,"transportation_state_rnk",70.2797
"09140130101","tract",2023,"transportation_state_rnk",55.711
"09140130102","tract",2023,"transportation_state_rnk",10.5478
"09140130201","tract",2023,"transportation_state_rnk",2.6807
"09140130202","tract",2023,"transportation_state_rnk",22.3776
"09140341100","tract",2023,"transportation_state_rnk",27.3893
"09140342100","tract",2023,"transportation_state_rnk",26.2238
"09140343101","tract",2023,"transportation_state_rnk",31.7016
"09140343102","tract",2023,"transportation_state_rnk",64.627
"09140343200","tract",2023,"transportation_state_rnk",47.2611
"09140343300","tract",2023,"transportation_state_rnk",21.3869
"09140343400","tract",2023,"transportation_state_rnk",44.7552
"09140344100","tract",2023,"transportation_state_rnk",17.1329
"09140344200","tract",2023,"transportation_state_rnk",35.6643
"09140345100","tract",2023,"transportation_state_rnk",33.7995
"09140345201","tract",2023,"transportation_state_rnk",71.5618
"09140345202","tract",2023,"transportation_state_rnk",15.5594
"09140345300","tract",2023,"transportation_state_rnk",34.0326
"09140345400","tract",2023,"transportation_state_rnk",40.8508
"09140346101","tract",2023,"transportation_state_rnk",3.2634
"09140346102","tract",2023,"transportation_state_rnk",2.5641
"09140347100","tract",2023,"transportation_state_rnk",11.7716
"09140347200","tract",2023,"transportation_state_rnk",1.7483
"09140348111","tract",2023,"transportation_state_rnk",42.5991
"09140348122","tract",2023,"transportation_state_rnk",25.4662
"09140348123","tract",2023,"transportation_state_rnk",2.4476
"09140348124","tract",2023,"transportation_state_rnk",73.7762
"09140348125","tract",2023,"transportation_state_rnk",75.7576
"09140349100","tract",2023,"transportation_state_rnk",1.2821
"09140349200","tract",2023,"transportation_state_rnk",68.8811
"09140350101","tract",2023,"transportation_state_rnk",99.8834
"09140350200","tract",2023,"transportation_state_rnk",93.1235
"09140350300","tract",2023,"transportation_state_rnk",93.4732
"09140350400","tract",2023,"transportation_state_rnk",96.8531
"09140350500","tract",2023,"transportation_state_rnk",92.8904
"09140350800","tract",2023,"transportation_state_rnk",90.676
"09140350900","tract",2023,"transportation_state_rnk",84.0326
"09140351000","tract",2023,"transportation_state_rnk",58.5664
"09140351100","tract",2023,"transportation_state_rnk",63.2867
"09140351200","tract",2023,"transportation_state_rnk",88.4615
"09140351300","tract",2023,"transportation_state_rnk",67.7739
"09140351400","tract",2023,"transportation_state_rnk",79.1375
"09140351500","tract",2023,"transportation_state_rnk",75.4079
"09140351601","tract",2023,"transportation_state_rnk",47.028
"09140351602","tract",2023,"transportation_state_rnk",10.7226
"09140351700","tract",2023,"transportation_state_rnk",90.7925
"09140351800","tract",2023,"transportation_state_rnk",52.2727
"09140351900","tract",2023,"transportation_state_rnk",61.8881
"09140352000","tract",2023,"transportation_state_rnk",50.9907
"09140352100","tract",2023,"transportation_state_rnk",51.8065
"09140352200","tract",2023,"transportation_state_rnk",89.627
"09140352300","tract",2023,"transportation_state_rnk",77.5058
"09140352400","tract",2023,"transportation_state_rnk",28.9044
"09140352500","tract",2023,"transportation_state_rnk",79.9534
"09140352600","tract",2023,"transportation_state_rnk",22.3776
"09140352701","tract",2023,"transportation_state_rnk",51.9814
"09140352702","tract",2023,"transportation_state_rnk",20.5128
"09140352800","tract",2023,"transportation_state_rnk",66.1422
"09140360100","tract",2023,"transportation_state_rnk",52.8555
"09140360200","tract",2023,"transportation_state_rnk",45.6294
"09140360300","tract",2023,"transportation_state_rnk",4.8951
"09140360400","tract",2023,"transportation_state_rnk",38.9277
"09140361100","tract",2023,"transportation_state_rnk",10.9557
"09140361200","tract",2023,"transportation_state_rnk",5.1282
"09140361300","tract",2023,"transportation_state_rnk",8.683
"09140362101","tract",2023,"transportation_state_rnk",31.5851
"09140362102","tract",2023,"transportation_state_rnk",31.352
"09140405100","tract",2023,"transportation_state_rnk",48.951
"09140405200","tract",2023,"transportation_state_rnk",27.2727
"09140405300","tract",2023,"transportation_state_rnk",47.7273
"09140405401","tract",2023,"transportation_state_rnk",20.8625
"09140405402","tract",2023,"transportation_state_rnk",44.1725
"09140405500","tract",2023,"transportation_state_rnk",47.2611
"09140405600","tract",2023,"transportation_state_rnk",55.9441
"09140405700","tract",2023,"transportation_state_rnk",64.4522
"09140405801","tract",2023,"transportation_state_rnk",55.0117
"09140405802","tract",2023,"transportation_state_rnk",0.4662
"09140405900","tract",2023,"transportation_state_rnk",13.6946
"09140406001","tract",2023,"transportation_state_rnk",34.1492
"09140406002","tract",2023,"transportation_state_rnk",18.1818
"09140406100","tract",2023,"transportation_state_rnk",92.4242
"09140425300","tract",2023,"transportation_state_rnk",15.3263
"09140425400","tract",2023,"transportation_state_rnk",13.6946
"09140425500","tract",2023,"transportation_state_rnk",49.1841
"09150708100","tract",2023,"transportation_state_rnk",31.2354
"09150815000","tract",2023,"transportation_state_rnk",26.1072
"09150820000","tract",2023,"transportation_state_rnk",16.0839
"09150825000","tract",2023,"transportation_state_rnk",23.1935
"09150830100","tract",2023,"transportation_state_rnk",29.6037
"09150890203","tract",2023,"transportation_state_rnk",1.9814
"09150900100","tract",2023,"transportation_state_rnk",9.0326
"09150900200","tract",2023,"transportation_state_rnk",9.0326
"09150901101","tract",2023,"transportation_state_rnk",21.8531
"09150901102","tract",2023,"transportation_state_rnk",4.2541
"09150902200","tract",2023,"transportation_state_rnk",14.9184
"09150902500","tract",2023,"transportation_state_rnk",28.5548
"09150903101","tract",2023,"transportation_state_rnk",45.338
"09150903102","tract",2023,"transportation_state_rnk",21.0373
"09150903200","tract",2023,"transportation_state_rnk",17.9487
"09150904101","tract",2023,"transportation_state_rnk",16.8998
"09150904102","tract",2023,"transportation_state_rnk",1.5152
"09150904400","tract",2023,"transportation_state_rnk",32.4592
"09150904500","tract",2023,"transportation_state_rnk",14.6853
"09150905101","tract",2023,"transportation_state_rnk",7.0513
"09150905102","tract",2023,"transportation_state_rnk",2.0979
"09150906100","tract",2023,"transportation_state_rnk",4.4289
"09150907100","tract",2023,"transportation_state_rnk",7.8089
"09150907200","tract",2023,"transportation_state_rnk",4.8951
"09150907300","tract",2023,"transportation_state_rnk",46.62
"09150908100","tract",2023,"transportation_state_rnk",6.0606
"09160260200","tract",2023,"transportation_state_rnk",41.2587
"09160261100","tract",2023,"transportation_state_rnk",83.3333
"09160262100","tract",2023,"transportation_state_rnk",81.5851
"09160263200","tract",2023,"transportation_state_rnk",76.5734
"09160265100","tract",2023,"transportation_state_rnk",56.1772
"09160266100","tract",2023,"transportation_state_rnk",85.1981
"09160267100","tract",2023,"transportation_state_rnk",86.8298
"09160268100","tract",2023,"transportation_state_rnk",69.6387
"09160290100","tract",2023,"transportation_state_rnk",13.4033
"09160293100","tract",2023,"transportation_state_rnk",2.2145
"09160296100","tract",2023,"transportation_state_rnk",35.7809
"09160298300","tract",2023,"transportation_state_rnk",6.4103
"09160298400","tract",2023,"transportation_state_rnk",31.8182
"09160300100","tract",2023,"transportation_state_rnk",56.4685
"09160300400","tract",2023,"transportation_state_rnk",52.5641
"09160300500","tract",2023,"transportation_state_rnk",39.5688
"09160303100","tract",2023,"transportation_state_rnk",36.655
"09160306100","tract",2023,"transportation_state_rnk",24.0093
"09160310100","tract",2023,"transportation_state_rnk",42.4242
"09160310200","tract",2023,"transportation_state_rnk",53.0303
"09160310300","tract",2023,"transportation_state_rnk",91.8415
"09160310400","tract",2023,"transportation_state_rnk",1.8648
"09160310500","tract",2023,"transportation_state_rnk",57.6923
"09160310601","tract",2023,"transportation_state_rnk",28.3217
"09160310602","tract",2023,"transportation_state_rnk",44.3473
"09160310700","tract",2023,"transportation_state_rnk",38.5781
"09160310801","tract",2023,"transportation_state_rnk",55.1282
"09160310803","tract",2023,"transportation_state_rnk",9.9068
"09160310804","tract",2023,"transportation_state_rnk",56.7016
"09160320101","tract",2023,"transportation_state_rnk",67.1329
"09160320102","tract",2023,"transportation_state_rnk",36.655
"09160320200","tract",2023,"transportation_state_rnk",21.3869
"09160330100","tract",2023,"transportation_state_rnk",18.1818
"09160410101","tract",2023,"transportation_state_rnk",14.4522
"09160410102","tract",2023,"transportation_state_rnk",26.9814
"09160425601","tract",2023,"transportation_state_rnk",59.5571
"09160425602","tract",2023,"transportation_state_rnk",67.0163
"09170140101","tract",2023,"transportation_state_rnk",100
"09170140102","tract",2023,"transportation_state_rnk",99.6503
"09170140200","tract",2023,"transportation_state_rnk",89.7436
"09170140300","tract",2023,"transportation_state_rnk",91.4918
"09170140400","tract",2023,"transportation_state_rnk",65.7343
"09170140500","tract",2023,"transportation_state_rnk",76.1072
"09170140600","tract",2023,"transportation_state_rnk",98.0186
"09170140700","tract",2023,"transportation_state_rnk",99.4172
"09170140800","tract",2023,"transportation_state_rnk",97.7855
"09170140900","tract",2023,"transportation_state_rnk",85.7809
"09170141000","tract",2023,"transportation_state_rnk",56.993
"09170141100","tract",2023,"transportation_state_rnk",69.3473
"09170141200","tract",2023,"transportation_state_rnk",68.648
"09170141301","tract",2023,"transportation_state_rnk",92.6573
"09170141400","tract",2023,"transportation_state_rnk",89.0443
"09170141500","tract",2023,"transportation_state_rnk",93.2401
"09170141600","tract",2023,"transportation_state_rnk",95.2214
"09170141800","tract",2023,"transportation_state_rnk",98.1352
"09170141900","tract",2023,"transportation_state_rnk",96.0373
"09170142000","tract",2023,"transportation_state_rnk",97.5524
"09170142100","tract",2023,"transportation_state_rnk",94.0559
"09170142200","tract",2023,"transportation_state_rnk",97.0862
"09170142300","tract",2023,"transportation_state_rnk",91.1422
"09170142400","tract",2023,"transportation_state_rnk",96.5035
"09170142500","tract",2023,"transportation_state_rnk",75.5828
"09170142601","tract",2023,"transportation_state_rnk",65.9674
"09170142604","tract",2023,"transportation_state_rnk",76.7483
"09170142605","tract",2023,"transportation_state_rnk",91.6084
"09170142700","tract",2023,"transportation_state_rnk",85.0816
"09170142800","tract",2023,"transportation_state_rnk",48.8345
"09170150100","tract",2023,"transportation_state_rnk",66.8998
"09170150200","tract",2023,"transportation_state_rnk",29.6037
"09170150300","tract",2023,"transportation_state_rnk",48.5431
"09170150400","tract",2023,"transportation_state_rnk",26.3986
"09170150500","tract",2023,"transportation_state_rnk",7.0513
"09170150600","tract",2023,"transportation_state_rnk",25.7576
"09170150700","tract",2023,"transportation_state_rnk",14.4522
"09170150800","tract",2023,"transportation_state_rnk",19.9883
"09170150900","tract",2023,"transportation_state_rnk",58.5664
"09170151000","tract",2023,"transportation_state_rnk",26.3986
"09170151100","tract",2023,"transportation_state_rnk",43.3566
"09170151200","tract",2023,"transportation_state_rnk",53.1469
"09170154101","tract",2023,"transportation_state_rnk",79.4289
"09170154102","tract",2023,"transportation_state_rnk",59.4406
"09170154200","tract",2023,"transportation_state_rnk",61.4219
"09170154500","tract",2023,"transportation_state_rnk",79.2541
"09170154600","tract",2023,"transportation_state_rnk",29.9534
"09170154700","tract",2023,"transportation_state_rnk",2.331
"09170154800","tract",2023,"transportation_state_rnk",33.9161
"09170154900","tract",2023,"transportation_state_rnk",84.324
"09170155000","tract",2023,"transportation_state_rnk",70.1632
"09170155100","tract",2023,"transportation_state_rnk",49.0676
"09170157100","tract",2023,"transportation_state_rnk",29.021
"09170157200","tract",2023,"transportation_state_rnk",57.2261
"09170157300","tract",2023,"transportation_state_rnk",14.1026
"09170157400","tract",2023,"transportation_state_rnk",33.2168
"09170160100","tract",2023,"transportation_state_rnk",3.4382
"09170160200","tract",2023,"transportation_state_rnk",57.3427
"09170161100","tract",2023,"transportation_state_rnk",6.4103
"09170165100","tract",2023,"transportation_state_rnk",51.2821
"09170165200","tract",2023,"transportation_state_rnk",58.7413
"09170165300","tract",2023,"transportation_state_rnk",63.4033
"09170165400","tract",2023,"transportation_state_rnk",70.6294
"09170165500","tract",2023,"transportation_state_rnk",82.5175
"09170165600","tract",2023,"transportation_state_rnk",28.7879
"09170165700","tract",2023,"transportation_state_rnk",69.6387
"09170165801","tract",2023,"transportation_state_rnk",68.4149
"09170165802","tract",2023,"transportation_state_rnk",41.8415
"09170165900","tract",2023,"transportation_state_rnk",50.2331
"09170166002","tract",2023,"transportation_state_rnk",NA
"09170166003","tract",2023,"transportation_state_rnk",0.5828
"09170166004","tract",2023,"transportation_state_rnk",49.4755
"09170167101","tract",2023,"transportation_state_rnk",24.8252
"09170167102","tract",2023,"transportation_state_rnk",41.8415
"09170167201","tract",2023,"transportation_state_rnk",41.4336
"09170167202","tract",2023,"transportation_state_rnk",13.2867
"09170167301","tract",2023,"transportation_state_rnk",30.303
"09170170100","tract",2023,"transportation_state_rnk",87.5291
"09170170200","tract",2023,"transportation_state_rnk",72.9604
"09170170300","tract",2023,"transportation_state_rnk",78.0303
"09170170400","tract",2023,"transportation_state_rnk",35.4312
"09170170500","tract",2023,"transportation_state_rnk",22.669
"09170170600","tract",2023,"transportation_state_rnk",45.4545
"09170170700","tract",2023,"transportation_state_rnk",11.8881
"09170170800","tract",2023,"transportation_state_rnk",62.8788
"09170170900","tract",2023,"transportation_state_rnk",93.3566
"09170171000","tract",2023,"transportation_state_rnk",80.6527
"09170171100","tract",2023,"transportation_state_rnk",19.1142
"09170171201","tract",2023,"transportation_state_rnk",12.5874
"09170171202","tract",2023,"transportation_state_rnk",19.8135
"09170171300","tract",2023,"transportation_state_rnk",49.6503
"09170171400","tract",2023,"transportation_state_rnk",72.2611
"09170171500","tract",2023,"transportation_state_rnk",53.7296
"09170171600","tract",2023,"transportation_state_rnk",36.014
"09170171700","tract",2023,"transportation_state_rnk",44.5221
"09170175100","tract",2023,"transportation_state_rnk",73.8928
"09170175200","tract",2023,"transportation_state_rnk",34.2657
"09170175300","tract",2023,"transportation_state_rnk",37.8205
"09170175400","tract",2023,"transportation_state_rnk",28.5548
"09170175501","tract",2023,"transportation_state_rnk",0.1166
"09170175502","tract",2023,"transportation_state_rnk",11.4802
"09170175600","tract",2023,"transportation_state_rnk",32.4592
"09170175700","tract",2023,"transportation_state_rnk",1.1655
"09170175800","tract",2023,"transportation_state_rnk",8.1585
"09170175900","tract",2023,"transportation_state_rnk",26.5734
"09170176000","tract",2023,"transportation_state_rnk",12.9371
"09170180101","tract",2023,"transportation_state_rnk",18.8811
"09170180102","tract",2023,"transportation_state_rnk",49.4755
"09170180200","tract",2023,"transportation_state_rnk",32.2261
"09170180300","tract",2023,"transportation_state_rnk",81.2354
"09170180400","tract",2023,"transportation_state_rnk",2.7972
"09170180500","tract",2023,"transportation_state_rnk",20.6876
"09170180601","tract",2023,"transportation_state_rnk",54.6037
"09170180602","tract",2023,"transportation_state_rnk",24.1259
"09170184101","tract",2023,"transportation_state_rnk",69.1142
"09170184200","tract",2023,"transportation_state_rnk",21.8531
"09170184300","tract",2023,"transportation_state_rnk",57.8089
"09170184400","tract",2023,"transportation_state_rnk",14.4522
"09170184500","tract",2023,"transportation_state_rnk",4.0793
"09170184600","tract",2023,"transportation_state_rnk",38.2284
"09170184700","tract",2023,"transportation_state_rnk",17.7156
"09170186100","tract",2023,"transportation_state_rnk",4.2541
"09170186200","tract",2023,"transportation_state_rnk",7.8089
"09170190100","tract",2023,"transportation_state_rnk",53.8462
"09170190200","tract",2023,"transportation_state_rnk",22.8438
"09170190301","tract",2023,"transportation_state_rnk",13.1702
"09170190302","tract",2023,"transportation_state_rnk",28.0303
"09170190303","tract",2023,"transportation_state_rnk",25.9907
"09170194101","tract",2023,"transportation_state_rnk",60.3147
"09170194102","tract",2023,"transportation_state_rnk",78.9044
"09170194201","tract",2023,"transportation_state_rnk",43.1235
"09170194202","tract",2023,"transportation_state_rnk",32.634
"09170361401","tract",2023,"transportation_state_rnk",NA
"09170361402","tract",2023,"transportation_state_rnk",NA
"09170361500","tract",2023,"transportation_state_rnk",NA
"09170990000","tract",2023,"transportation_state_rnk",NA
"09180690300","tract",2023,"transportation_state_rnk",91.3753
"09180690400","tract",2023,"transportation_state_rnk",86.9464
"09180690500","tract",2023,"transportation_state_rnk",88.1702
"09180690700","tract",2023,"transportation_state_rnk",86.3636
"09180690800","tract",2023,"transportation_state_rnk",52.5641
"09180690900","tract",2023,"transportation_state_rnk",51.1655
"09180693300","tract",2023,"transportation_state_rnk",5.3613
"09180693400","tract",2023,"transportation_state_rnk",42.1911
"09180693500","tract",2023,"transportation_state_rnk",3.6131
"09180693600","tract",2023,"transportation_state_rnk",5.8275
"09180693700","tract",2023,"transportation_state_rnk",12.9371
"09180695201","tract",2023,"transportation_state_rnk",14.2191
"09180695202","tract",2023,"transportation_state_rnk",6.1772
"09180696100","tract",2023,"transportation_state_rnk",25.2914
"09180696200","tract",2023,"transportation_state_rnk",17.5408
"09180696300","tract",2023,"transportation_state_rnk",35.5478
"09180696401","tract",2023,"transportation_state_rnk",55.4196
"09180696500","tract",2023,"transportation_state_rnk",54.8951
"09180696600","tract",2023,"transportation_state_rnk",5.711
"09180696701","tract",2023,"transportation_state_rnk",71.4452
"09180696800","tract",2023,"transportation_state_rnk",73.0769
"09180697000","tract",2023,"transportation_state_rnk",74.4172
"09180700100","tract",2023,"transportation_state_rnk",0.8159
"09180701100","tract",2023,"transportation_state_rnk",7.5758
"09180701200","tract",2023,"transportation_state_rnk",3.4382
"09180702100","tract",2023,"transportation_state_rnk",6.7599
"09180702300","tract",2023,"transportation_state_rnk",12.704
"09180702400","tract",2023,"transportation_state_rnk",56.0606
"09180702500","tract",2023,"transportation_state_rnk",95.338
"09180702600","tract",2023,"transportation_state_rnk",19.4639
"09180702700","tract",2023,"transportation_state_rnk",56.2937
"09180702800","tract",2023,"transportation_state_rnk",33.3916
"09180702900","tract",2023,"transportation_state_rnk",50.6993
"09180703000","tract",2023,"transportation_state_rnk",23.7762
"09180705101","tract",2023,"transportation_state_rnk",51.6317
"09180705102","tract",2023,"transportation_state_rnk",10.0233
"09180705200","tract",2023,"transportation_state_rnk",51.5152
"09180705300","tract",2023,"transportation_state_rnk",62.2378
"09180705400","tract",2023,"transportation_state_rnk",24.7086
"09180707100","tract",2023,"transportation_state_rnk",0.6993
"09180709100","tract",2023,"transportation_state_rnk",6.4103
"09180709200","tract",2023,"transportation_state_rnk",74.4172
"09180710100","tract",2023,"transportation_state_rnk",18.7646
"09180711100","tract",2023,"transportation_state_rnk",6.8765
"09180712100","tract",2023,"transportation_state_rnk",15.1515
"09180713100","tract",2023,"transportation_state_rnk",1.6317
"09180714101","tract",2023,"transportation_state_rnk",34.7319
"09180714103","tract",2023,"transportation_state_rnk",10.373
"09180714104","tract",2023,"transportation_state_rnk",50.5828
"09180715100","tract",2023,"transportation_state_rnk",5.2448
"09180716101","tract",2023,"transportation_state_rnk",31.1189
"09180716102","tract",2023,"transportation_state_rnk",47.5524
"09180800300","tract",2023,"transportation_state_rnk",NA
"09180800400","tract",2023,"transportation_state_rnk",40.8508
"09180800501","tract",2023,"transportation_state_rnk",28.0303
"09180800502","tract",2023,"transportation_state_rnk",2.972
"09180800600","tract",2023,"transportation_state_rnk",80.7692
"09180800700","tract",2023,"transportation_state_rnk",79.4289
"09180870100","tract",2023,"transportation_state_rnk",12.9371
"09180870200","tract",2023,"transportation_state_rnk",25.7576
"09180870300","tract",2023,"transportation_state_rnk",NA
"09180870501","tract",2023,"transportation_state_rnk",10.9557
"09180870502","tract",2023,"transportation_state_rnk",43.9977
"09180870701","tract",2023,"transportation_state_rnk",17.8322
"09180870703","tract",2023,"transportation_state_rnk",27.8555
"09180870704","tract",2023,"transportation_state_rnk",48.0769
"09180980000","tract",2023,"transportation_state_rnk",NA
"09180990100","tract",2023,"transportation_state_rnk",NA
"09190010101","tract",2023,"transportation_state_rnk",57.5758
"09190010102","tract",2023,"transportation_state_rnk",78.3217
"09190010201","tract",2023,"transportation_state_rnk",89.9767
"09190010202","tract",2023,"transportation_state_rnk",72.6107
"09190010300","tract",2023,"transportation_state_rnk",90.2098
"09190010400","tract",2023,"transportation_state_rnk",59.6737
"09190010500","tract",2023,"transportation_state_rnk",83.7995
"09190010600","tract",2023,"transportation_state_rnk",98.6014
"09190010700","tract",2023,"transportation_state_rnk",87.0629
"09190010800","tract",2023,"transportation_state_rnk",80.4779
"09190010900","tract",2023,"transportation_state_rnk",81.4685
"09190011000","tract",2023,"transportation_state_rnk",90.0932
"09190011100","tract",2023,"transportation_state_rnk",91.0256
"09190011200","tract",2023,"transportation_state_rnk",82.1678
"09190011300","tract",2023,"transportation_state_rnk",47.4359
"09190020101","tract",2023,"transportation_state_rnk",88.5781
"09190020102","tract",2023,"transportation_state_rnk",97.3193
"09190020200","tract",2023,"transportation_state_rnk",69.4639
"09190020301","tract",2023,"transportation_state_rnk",65.2681
"09190020302","tract",2023,"transportation_state_rnk",54.3706
"09190020400","tract",2023,"transportation_state_rnk",66.317
"09190020500","tract",2023,"transportation_state_rnk",65.035
"09190020600","tract",2023,"transportation_state_rnk",72.028
"09190020700","tract",2023,"transportation_state_rnk",67.5408
"09190020800","tract",2023,"transportation_state_rnk",68.2984
"09190020900","tract",2023,"transportation_state_rnk",75.8741
"09190021000","tract",2023,"transportation_state_rnk",68.5315
"09190021100","tract",2023,"transportation_state_rnk",82.6923
"09190021200","tract",2023,"transportation_state_rnk",69.8135
"09190021300","tract",2023,"transportation_state_rnk",88.6946
"09190021401","tract",2023,"transportation_state_rnk",94.9883
"09190021402","tract",2023,"transportation_state_rnk",96.1538
"09190021501","tract",2023,"transportation_state_rnk",91.2587
"09190021502","tract",2023,"transportation_state_rnk",90.3846
"09190021601","tract",2023,"transportation_state_rnk",90.3846
"09190021602","tract",2023,"transportation_state_rnk",87.7622
"09190021701","tract",2023,"transportation_state_rnk",87.8788
"09190021702","tract",2023,"transportation_state_rnk",90.9091
"09190021801","tract",2023,"transportation_state_rnk",60.7226
"09190021802","tract",2023,"transportation_state_rnk",59.2075
"09190021900","tract",2023,"transportation_state_rnk",79.7786
"09190022000","tract",2023,"transportation_state_rnk",84.965
"09190022101","tract",2023,"transportation_state_rnk",95.1049
"09190022102","tract",2023,"transportation_state_rnk",84.8485
"09190022201","tract",2023,"transportation_state_rnk",95.9207
"09190022202","tract",2023,"transportation_state_rnk",81.7016
"09190022300","tract",2023,"transportation_state_rnk",81.1189
"09190022400","tract",2023,"transportation_state_rnk",81.9347
"09190030100","tract",2023,"transportation_state_rnk",86.5967
"09190030200","tract",2023,"transportation_state_rnk",93.8811
"09190030300","tract",2023,"transportation_state_rnk",90.5594
"09190030400","tract",2023,"transportation_state_rnk",89.8601
"09190030500","tract",2023,"transportation_state_rnk",89.1608
"09190035101","tract",2023,"transportation_state_rnk",96.7366
"09190035102","tract",2023,"transportation_state_rnk",86.014
"09190035200","tract",2023,"transportation_state_rnk",76.3403
"09190035300","tract",2023,"transportation_state_rnk",86.1305
"09190035400","tract",2023,"transportation_state_rnk",74.0093
"09190042500","tract",2023,"transportation_state_rnk",59.7902
"09190042600","tract",2023,"transportation_state_rnk",55.8275
"09190042700","tract",2023,"transportation_state_rnk",70.0466
"09190042800","tract",2023,"transportation_state_rnk",26.69
"09190042900","tract",2023,"transportation_state_rnk",35.3147
"09190043000","tract",2023,"transportation_state_rnk",64.9184
"09190043100","tract",2023,"transportation_state_rnk",65.8508
"09190043200","tract",2023,"transportation_state_rnk",53.4965
"09190043300","tract",2023,"transportation_state_rnk",64.1026
"09190043400","tract",2023,"transportation_state_rnk",53.38
"09190043500","tract",2023,"transportation_state_rnk",30.4779
"09190043600","tract",2023,"transportation_state_rnk",48.0769
"09190043700","tract",2023,"transportation_state_rnk",68.9977
"09190043800","tract",2023,"transportation_state_rnk",74.7086
"09190043900","tract",2023,"transportation_state_rnk",78.4965
"09190044000","tract",2023,"transportation_state_rnk",83.683
"09190044100","tract",2023,"transportation_state_rnk",93.8811
"09190044200","tract",2023,"transportation_state_rnk",87.6457
"09190044300","tract",2023,"transportation_state_rnk",36.4802
"09190044400","tract",2023,"transportation_state_rnk",75.2914
"09190044500","tract",2023,"transportation_state_rnk",84.6154
"09190044600","tract",2023,"transportation_state_rnk",92.1911
"09190045101","tract",2023,"transportation_state_rnk",71.9114
"09190045102","tract",2023,"transportation_state_rnk",56.8765
"09190045200","tract",2023,"transportation_state_rnk",61.0723
"09190045300","tract",2023,"transportation_state_rnk",82.9837
"09190045400","tract",2023,"transportation_state_rnk",70.7459
"09190050100","tract",2023,"transportation_state_rnk",86.4802
"09190050200","tract",2023,"transportation_state_rnk",72.1445
"09190050301","tract",2023,"transportation_state_rnk",85.8974
"09190050302","tract",2023,"transportation_state_rnk",83.2168
"09190050400","tract",2023,"transportation_state_rnk",79.6037
"09190050500","tract",2023,"transportation_state_rnk",86.2471
"09190050600","tract",2023,"transportation_state_rnk",88.1702
"09190055100","tract",2023,"transportation_state_rnk",76.4569
"09190055200","tract",2023,"transportation_state_rnk",80.8858
"09190200100","tract",2023,"transportation_state_rnk",65.5012
"09190200200","tract",2023,"transportation_state_rnk",38.4615
"09190200301","tract",2023,"transportation_state_rnk",5.5944
"09190200302","tract",2023,"transportation_state_rnk",25.1748
"09190205100","tract",2023,"transportation_state_rnk",48.7179
"09190205200","tract",2023,"transportation_state_rnk",11.4802
"09190205300","tract",2023,"transportation_state_rnk",21.6783
"09190210101","tract",2023,"transportation_state_rnk",85.3147
"09190210102","tract",2023,"transportation_state_rnk",82.4009
"09190210201","tract",2023,"transportation_state_rnk",80.1865
"09190210202","tract",2023,"transportation_state_rnk",76.9814
"09190210300","tract",2023,"transportation_state_rnk",74.2424
"09190210401","tract",2023,"transportation_state_rnk",78.4965
"09190210402","tract",2023,"transportation_state_rnk",60.1399
"09190210501","tract",2023,"transportation_state_rnk",15.035
"09190210502","tract",2023,"transportation_state_rnk",61.655
"09190210600","tract",2023,"transportation_state_rnk",53.2634
"09190210701","tract",2023,"transportation_state_rnk",54.3706
"09190210702","tract",2023,"transportation_state_rnk",71.6783
"09190210800","tract",2023,"transportation_state_rnk",46.0956
"09190210900","tract",2023,"transportation_state_rnk",32.2261
"09190211000","tract",2023,"transportation_state_rnk",39.7436
"09190211100","tract",2023,"transportation_state_rnk",NA
"09190211201","tract",2023,"transportation_state_rnk",56.7016
"09190211202","tract",2023,"transportation_state_rnk",29.6037
"09190211300","tract",2023,"transportation_state_rnk",42.0746
"09190211400","tract",2023,"transportation_state_rnk",60.3147
"09190220100","tract",2023,"transportation_state_rnk",19.6387
"09190220200","tract",2023,"transportation_state_rnk",29.2541
"09190220300","tract",2023,"transportation_state_rnk",60.8392
"09190230100","tract",2023,"transportation_state_rnk",17.5408
"09190230200","tract",2023,"transportation_state_rnk",36.8298
"09190230300","tract",2023,"transportation_state_rnk",8.5082
"09190230400","tract",2023,"transportation_state_rnk",9.3823
"09190230501","tract",2023,"transportation_state_rnk",30.9441
"09190230502","tract",2023,"transportation_state_rnk",13.8695
"09190240100","tract",2023,"transportation_state_rnk",58.9744
"09190240200","tract",2023,"transportation_state_rnk",68.7646
"09190245100","tract",2023,"transportation_state_rnk",60.9557
"09190245200","tract",2023,"transportation_state_rnk",63.8112
"09190245300","tract",2023,"transportation_state_rnk",74.1259
"09190245400","tract",2023,"transportation_state_rnk",41.8415
"09190245500","tract",2023,"transportation_state_rnk",61.2471
"09190245600","tract",2023,"transportation_state_rnk",72.7273
"09190250100","tract",2023,"transportation_state_rnk",50.8159
"09190253100","tract",2023,"transportation_state_rnk",70.8625
"09190253200","tract",2023,"transportation_state_rnk",19.289
"09190253400","tract",2023,"transportation_state_rnk",37.6457
"09190253500","tract",2023,"transportation_state_rnk",32.8671
"09190257100","tract",2023,"transportation_state_rnk",72.4942
"09190425700","tract",2023,"transportation_state_rnk",44.3473
"09190990000","tract",2023,"transportation_state_rnk",NA
