"geoid","geolevel","year","level","value"
"53001","zcta",2023,"transportation_score",89.82
"53002","zcta",2023,"transportation_score",88.88
"53003","zcta",2023,"transportation_score",88.62
"53004","zcta",2023,"transportation_score",89.99
"53005","zcta",2023,"transportation_score",107.58
"53006","zcta",2023,"transportation_score",90.34
"53007","zcta",2023,"transportation_score",89.66
"53010","zcta",2023,"transportation_score",98.74
"53011","zcta",2023,"transportation_score",91.42
"53012","zcta",2023,"transportation_score",107.44
"53013","zcta",2023,"transportation_score",91.06
"53014","zcta",2023,"transportation_score",95.63
"53015","zcta",2023,"transportation_score",90.76
"53016","zcta",2023,"transportation_score",89.97
"53017","zcta",2023,"transportation_score",92.09
"53018","zcta",2023,"transportation_score",90.59
"53019","zcta",2023,"transportation_score",90.1
"53020","zcta",2023,"transportation_score",91.08
"53021","zcta",2023,"transportation_score",89.68
"53022","zcta",2023,"transportation_score",108.42
"53023","zcta",2023,"transportation_score",89.98
"53024","zcta",2023,"transportation_score",107.94
"53027","zcta",2023,"transportation_score",99.31
"53029","zcta",2023,"transportation_score",107.95
"53031","zcta",2023,"transportation_score",NA
"53032","zcta",2023,"transportation_score",91.16
"53033","zcta",2023,"transportation_score",92.01
"53034","zcta",2023,"transportation_score",90.25
"53035","zcta",2023,"transportation_score",89.6
"53036","zcta",2023,"transportation_score",92.18
"53037","zcta",2023,"transportation_score",99.31
"53038","zcta",2023,"transportation_score",90.97
"53039","zcta",2023,"transportation_score",90.7
"53040","zcta",2023,"transportation_score",91.72
"53042","zcta",2023,"transportation_score",95
"53044","zcta",2023,"transportation_score",92.09
"53045","zcta",2023,"transportation_score",107.47
"53046","zcta",2023,"transportation_score",91.73
"53047","zcta",2023,"transportation_score",NA
"53048","zcta",2023,"transportation_score",91.38
"53049","zcta",2023,"transportation_score",91.82
"53050","zcta",2023,"transportation_score",89.23
"53051","zcta",2023,"transportation_score",107.59
"53057","zcta",2023,"transportation_score",91.16
"53058","zcta",2023,"transportation_score",92.7
"53059","zcta",2023,"transportation_score",90.02
"53061","zcta",2023,"transportation_score",90.02
"53063","zcta",2023,"transportation_score",91.98
"53065","zcta",2023,"transportation_score",89.44
"53066","zcta",2023,"transportation_score",106.94
"53069","zcta",2023,"transportation_score",88.93
"53070","zcta",2023,"transportation_score",91.52
"53072","zcta",2023,"transportation_score",107.79
"53073","zcta",2023,"transportation_score",90.49
"53074","zcta",2023,"transportation_score",107.34
"53075","zcta",2023,"transportation_score",90.86
"53076","zcta",2023,"transportation_score",90.32
"53078","zcta",2023,"transportation_score",90.52
"53079","zcta",2023,"transportation_score",89.57
"53080","zcta",2023,"transportation_score",91
"53081","zcta",2023,"transportation_score",127.06
"53083","zcta",2023,"transportation_score",131.88
"53085","zcta",2023,"transportation_score",126.53
"53086","zcta",2023,"transportation_score",90.15
"53088","zcta",2023,"transportation_score",92.34
"53089","zcta",2023,"transportation_score",107.63
"53090","zcta",2023,"transportation_score",98.67
"53091","zcta",2023,"transportation_score",91.13
"53092","zcta",2023,"transportation_score",108.45
"53093","zcta",2023,"transportation_score",90.22
"53094","zcta",2023,"transportation_score",117.7
"53095","zcta",2023,"transportation_score",99.36
"53097","zcta",2023,"transportation_score",92.49
"53098","zcta",2023,"transportation_score",91.08
"53099","zcta",2023,"transportation_score",NA
"53103","zcta",2023,"transportation_score",89.33
"53104","zcta",2023,"transportation_score",90.7
"53105","zcta",2023,"transportation_score",90.83
"53108","zcta",2023,"transportation_score",89.63
"53110","zcta",2023,"transportation_score",110.22
"53114","zcta",2023,"transportation_score",90.5
"53115","zcta",2023,"transportation_score",91.77
"53118","zcta",2023,"transportation_score",89.56
"53119","zcta",2023,"transportation_score",89.41
"53120","zcta",2023,"transportation_score",91.48
"53121","zcta",2023,"transportation_score",118.75
"53122","zcta",2023,"transportation_score",92.31
"53125","zcta",2023,"transportation_score",92.97
"53126","zcta",2023,"transportation_score",90.2
"53127","zcta",2023,"transportation_score",91.04
"53128","zcta",2023,"transportation_score",90.77
"53129","zcta",2023,"transportation_score",106.69
"53130","zcta",2023,"transportation_score",106.84
"53132","zcta",2023,"transportation_score",107.36
"53137","zcta",2023,"transportation_score",93.14
"53139","zcta",2023,"transportation_score",91.59
"53140","zcta",2023,"transportation_score",113.88
"53142","zcta",2023,"transportation_score",113.21
"53143","zcta",2023,"transportation_score",112.94
"53144","zcta",2023,"transportation_score",113.96
"53146","zcta",2023,"transportation_score",90.45
"53147","zcta",2023,"transportation_score",92.05
"53149","zcta",2023,"transportation_score",90.12
"53150","zcta",2023,"transportation_score",106.7
"53151","zcta",2023,"transportation_score",106.49
"53153","zcta",2023,"transportation_score",91.36
"53154","zcta",2023,"transportation_score",107.24
"53156","zcta",2023,"transportation_score",94.22
"53157","zcta",2023,"transportation_score",NA
"53158","zcta",2023,"transportation_score",112.51
"53167","zcta",2023,"transportation_score",87.52
"53168","zcta",2023,"transportation_score",90
"53170","zcta",2023,"transportation_score",92.07
"53172","zcta",2023,"transportation_score",108.21
"53176","zcta",2023,"transportation_score",87.37
"53177","zcta",2023,"transportation_score",119.67
"53178","zcta",2023,"transportation_score",89.6
"53179","zcta",2023,"transportation_score",90.77
"53181","zcta",2023,"transportation_score",91.43
"53182","zcta",2023,"transportation_score",92.54
"53183","zcta",2023,"transportation_score",91.42
"53184","zcta",2023,"transportation_score",90.54
"53185","zcta",2023,"transportation_score",90.48
"53186","zcta",2023,"transportation_score",108.65
"53188","zcta",2023,"transportation_score",107.51
"53189","zcta",2023,"transportation_score",107.56
"53190","zcta",2023,"transportation_score",121.73
"53191","zcta",2023,"transportation_score",92.26
"53192","zcta",2023,"transportation_score",98.48
"53195","zcta",2023,"transportation_score",90.6
"53202","zcta",2023,"transportation_score",118.58
"53203","zcta",2023,"transportation_score",99.6
"53204","zcta",2023,"transportation_score",118.26
"53205","zcta",2023,"transportation_score",121.12
"53206","zcta",2023,"transportation_score",120.9
"53207","zcta",2023,"transportation_score",111.37
"53208","zcta",2023,"transportation_score",119.05
"53209","zcta",2023,"transportation_score",116.69
"53210","zcta",2023,"transportation_score",116.02
"53211","zcta",2023,"transportation_score",116.96
"53212","zcta",2023,"transportation_score",119.17
"53213","zcta",2023,"transportation_score",109.05
"53214","zcta",2023,"transportation_score",112.49
"53215","zcta",2023,"transportation_score",113.65
"53216","zcta",2023,"transportation_score",116.5
"53217","zcta",2023,"transportation_score",109.81
"53218","zcta",2023,"transportation_score",114.36
"53219","zcta",2023,"transportation_score",108.81
"53220","zcta",2023,"transportation_score",106.99
"53221","zcta",2023,"transportation_score",110.54
"53222","zcta",2023,"transportation_score",110.91
"53223","zcta",2023,"transportation_score",110.88
"53224","zcta",2023,"transportation_score",113.76
"53225","zcta",2023,"transportation_score",109.77
"53226","zcta",2023,"transportation_score",109.13
"53227","zcta",2023,"transportation_score",109.81
"53228","zcta",2023,"transportation_score",107.44
"53233","zcta",2023,"transportation_score",NA
"53235","zcta",2023,"transportation_score",92.09
"53295","zcta",2023,"transportation_score",NA
"53402","zcta",2023,"transportation_score",121.64
"53403","zcta",2023,"transportation_score",127.24
"53404","zcta",2023,"transportation_score",125.46
"53405","zcta",2023,"transportation_score",121.88
"53406","zcta",2023,"transportation_score",122.26
"53501","zcta",2023,"transportation_score",94.38
"53502","zcta",2023,"transportation_score",90.95
"53503","zcta",2023,"transportation_score",91.29
"53504","zcta",2023,"transportation_score",91.01
"53505","zcta",2023,"transportation_score",90.44
"53506","zcta",2023,"transportation_score",92.15
"53507","zcta",2023,"transportation_score",90.46
"53508","zcta",2023,"transportation_score",91.18
"53510","zcta",2023,"transportation_score",93.3
"53511","zcta",2023,"transportation_score",91.5
"53515","zcta",2023,"transportation_score",91.81
"53516","zcta",2023,"transportation_score",92.25
"53517","zcta",2023,"transportation_score",93.86
"53518","zcta",2023,"transportation_score",90.44
"53520","zcta",2023,"transportation_score",91.66
"53521","zcta",2023,"transportation_score",90.67
"53522","zcta",2023,"transportation_score",91.15
"53523","zcta",2023,"transportation_score",90.82
"53525","zcta",2023,"transportation_score",90.44
"53526","zcta",2023,"transportation_score",89.88
"53527","zcta",2023,"transportation_score",91.09
"53528","zcta",2023,"transportation_score",91.18
"53529","zcta",2023,"transportation_score",91.1
"53530","zcta",2023,"transportation_score",141.75
"53531","zcta",2023,"transportation_score",92.14
"53532","zcta",2023,"transportation_score",91
"53533","zcta",2023,"transportation_score",92.42
"53534","zcta",2023,"transportation_score",116.59
"53536","zcta",2023,"transportation_score",90.11
"53537","zcta",2023,"transportation_score",89.02
"53538","zcta",2023,"transportation_score",117.93
"53540","zcta",2023,"transportation_score",87.09
"53541","zcta",2023,"transportation_score",93.28
"53543","zcta",2023,"transportation_score",91.95
"53544","zcta",2023,"transportation_score",92.31
"53545","zcta",2023,"transportation_score",116.5
"53546","zcta",2023,"transportation_score",115.99
"53548","zcta",2023,"transportation_score",116.83
"53549","zcta",2023,"transportation_score",90.83
"53550","zcta",2023,"transportation_score",90.71
"53551","zcta",2023,"transportation_score",116.58
"53553","zcta",2023,"transportation_score",90.82
"53554","zcta",2023,"transportation_score",93.76
"53555","zcta",2023,"transportation_score",91.84
"53556","zcta",2023,"transportation_score",90.74
"53557","zcta",2023,"transportation_score",91.78
"53558","zcta",2023,"transportation_score",117.5
"53559","zcta",2023,"transportation_score",91.03
"53560","zcta",2023,"transportation_score",91.59
"53561","zcta",2023,"transportation_score",90.7
"53562","zcta",2023,"transportation_score",119.14
"53563","zcta",2023,"transportation_score",114.8
"53565","zcta",2023,"transportation_score",92.81
"53566","zcta",2023,"transportation_score",117.01
"53569","zcta",2023,"transportation_score",91.45
"53570","zcta",2023,"transportation_score",90.23
"53571","zcta",2023,"transportation_score",84.67
"53572","zcta",2023,"transportation_score",91.43
"53573","zcta",2023,"transportation_score",90.53
"53574","zcta",2023,"transportation_score",92.01
"53575","zcta",2023,"transportation_score",91.5
"53576","zcta",2023,"transportation_score",90.66
"53577","zcta",2023,"transportation_score",91.47
"53578","zcta",2023,"transportation_score",90.4
"53579","zcta",2023,"transportation_score",90.62
"53580","zcta",2023,"transportation_score",93.01
"53581","zcta",2023,"transportation_score",117.16
"53582","zcta",2023,"transportation_score",91
"53583","zcta",2023,"transportation_score",91.14
"53584","zcta",2023,"transportation_score",NA
"53585","zcta",2023,"transportation_score",90.71
"53586","zcta",2023,"transportation_score",90.54
"53587","zcta",2023,"transportation_score",92.65
"53588","zcta",2023,"transportation_score",91.92
"53589","zcta",2023,"transportation_score",118.87
"53590","zcta",2023,"transportation_score",119.02
"53593","zcta",2023,"transportation_score",118.82
"53594","zcta",2023,"transportation_score",90.54
"53597","zcta",2023,"transportation_score",118.84
"53598","zcta",2023,"transportation_score",91.48
"53599","zcta",2023,"transportation_score",NA
"53703","zcta",2023,"transportation_score",139.66
"53704","zcta",2023,"transportation_score",124.56
"53705","zcta",2023,"transportation_score",132
"53706","zcta",2023,"transportation_score",NA
"53711","zcta",2023,"transportation_score",122.82
"53713","zcta",2023,"transportation_score",121.45
"53714","zcta",2023,"transportation_score",123.11
"53715","zcta",2023,"transportation_score",133.13
"53716","zcta",2023,"transportation_score",120.09
"53717","zcta",2023,"transportation_score",96.15
"53718","zcta",2023,"transportation_score",119.1
"53719","zcta",2023,"transportation_score",119.18
"53726","zcta",2023,"transportation_score",135.88
"53792","zcta",2023,"transportation_score",NA
"53801","zcta",2023,"transportation_score",90.67
"53802","zcta",2023,"transportation_score",92.54
"53803","zcta",2023,"transportation_score",89.25
"53804","zcta",2023,"transportation_score",91.71
"53805","zcta",2023,"transportation_score",91.98
"53806","zcta",2023,"transportation_score",93.24
"53807","zcta",2023,"transportation_score",93.32
"53808","zcta",2023,"transportation_score",89.16
"53809","zcta",2023,"transportation_score",93.23
"53810","zcta",2023,"transportation_score",93.06
"53811","zcta",2023,"transportation_score",91.3
"53812","zcta",2023,"transportation_score",87.91
"53813","zcta",2023,"transportation_score",133.17
"53816","zcta",2023,"transportation_score",93.01
"53817","zcta",2023,"transportation_score",96.31
"53818","zcta",2023,"transportation_score",111.47
"53820","zcta",2023,"transportation_score",91.57
"53821","zcta",2023,"transportation_score",92.46
"53825","zcta",2023,"transportation_score",94.7
"53826","zcta",2023,"transportation_score",92.56
"53827","zcta",2023,"transportation_score",89.44
"53901","zcta",2023,"transportation_score",116.94
"53910","zcta",2023,"transportation_score",90.33
"53911","zcta",2023,"transportation_score",90.06
"53913","zcta",2023,"transportation_score",91.31
"53916","zcta",2023,"transportation_score",91.29
"53919","zcta",2023,"transportation_score",90.48
"53920","zcta",2023,"transportation_score",89.58
"53922","zcta",2023,"transportation_score",93.18
"53923","zcta",2023,"transportation_score",92.4
"53924","zcta",2023,"transportation_score",91.74
"53925","zcta",2023,"transportation_score",91.7
"53926","zcta",2023,"transportation_score",99.98
"53928","zcta",2023,"transportation_score",NA
"53929","zcta",2023,"transportation_score",91.9
"53930","zcta",2023,"transportation_score",90.14
"53931","zcta",2023,"transportation_score",91.17
"53932","zcta",2023,"transportation_score",90.05
"53933","zcta",2023,"transportation_score",91.68
"53934","zcta",2023,"transportation_score",90.27
"53935","zcta",2023,"transportation_score",88.9
"53936","zcta",2023,"transportation_score",92.21
"53937","zcta",2023,"transportation_score",94.49
"53939","zcta",2023,"transportation_score",92.24
"53940","zcta",2023,"transportation_score",NA
"53941","zcta",2023,"transportation_score",91.89
"53942","zcta",2023,"transportation_score",91.35
"53943","zcta",2023,"transportation_score",93.8
"53944","zcta",2023,"transportation_score",90.28
"53946","zcta",2023,"transportation_score",93.41
"53947","zcta",2023,"transportation_score",91.19
"53948","zcta",2023,"transportation_score",117.08
"53949","zcta",2023,"transportation_score",90.44
"53950","zcta",2023,"transportation_score",90.79
"53951","zcta",2023,"transportation_score",91
"53952","zcta",2023,"transportation_score",90.66
"53953","zcta",2023,"transportation_score",81.8
"53954","zcta",2023,"transportation_score",90.75
"53955","zcta",2023,"transportation_score",91.27
"53956","zcta",2023,"transportation_score",91.73
"53959","zcta",2023,"transportation_score",90.86
"53960","zcta",2023,"transportation_score",91.08
"53961","zcta",2023,"transportation_score",88.86
"53962","zcta",2023,"transportation_score",NA
"53963","zcta",2023,"transportation_score",117.46
"53964","zcta",2023,"transportation_score",92.55
"53965","zcta",2023,"transportation_score",91.62
"53968","zcta",2023,"transportation_score",91.53
"53969","zcta",2023,"transportation_score",92.03
"54001","zcta",2023,"transportation_score",90.81
"54002","zcta",2023,"transportation_score",91.68
"54003","zcta",2023,"transportation_score",89.52
"54004","zcta",2023,"transportation_score",89.93
"54005","zcta",2023,"transportation_score",93.48
"54006","zcta",2023,"transportation_score",91.65
"54007","zcta",2023,"transportation_score",89.04
"54009","zcta",2023,"transportation_score",90.59
"54011","zcta",2023,"transportation_score",90.66
"54013","zcta",2023,"transportation_score",91.22
"54014","zcta",2023,"transportation_score",89.65
"54015","zcta",2023,"transportation_score",91.01
"54016","zcta",2023,"transportation_score",99.45
"54017","zcta",2023,"transportation_score",117.45
"54020","zcta",2023,"transportation_score",90.91
"54021","zcta",2023,"transportation_score",92.47
"54022","zcta",2023,"transportation_score",118.14
"54023","zcta",2023,"transportation_score",91.07
"54024","zcta",2023,"transportation_score",90.71
"54025","zcta",2023,"transportation_score",92.08
"54026","zcta",2023,"transportation_score",91.42
"54027","zcta",2023,"transportation_score",90.93
"54028","zcta",2023,"transportation_score",91.35
"54082","zcta",2023,"transportation_score",93.55
"54101","zcta",2023,"transportation_score",89.57
"54102","zcta",2023,"transportation_score",90.26
"54103","zcta",2023,"transportation_score",90.45
"54104","zcta",2023,"transportation_score",92.65
"54106","zcta",2023,"transportation_score",90
"54107","zcta",2023,"transportation_score",92.73
"54110","zcta",2023,"transportation_score",90.27
"54111","zcta",2023,"transportation_score",90.56
"54112","zcta",2023,"transportation_score",90.72
"54113","zcta",2023,"transportation_score",88.89
"54114","zcta",2023,"transportation_score",93.37
"54115","zcta",2023,"transportation_score",115.52
"54119","zcta",2023,"transportation_score",95.65
"54120","zcta",2023,"transportation_score",88.18
"54121","zcta",2023,"transportation_score",90.12
"54123","zcta",2023,"transportation_score",84.57
"54124","zcta",2023,"transportation_score",93.68
"54125","zcta",2023,"transportation_score",88.65
"54126","zcta",2023,"transportation_score",90.37
"54127","zcta",2023,"transportation_score",NA
"54128","zcta",2023,"transportation_score",90.13
"54129","zcta",2023,"transportation_score",90.79
"54130","zcta",2023,"transportation_score",90.92
"54135","zcta",2023,"transportation_score",89.67
"54136","zcta",2023,"transportation_score",93.91
"54137","zcta",2023,"transportation_score",90.26
"54138","zcta",2023,"transportation_score",91.85
"54139","zcta",2023,"transportation_score",91.04
"54140","zcta",2023,"transportation_score",90.35
"54141","zcta",2023,"transportation_score",91.36
"54143","zcta",2023,"transportation_score",92.57
"54149","zcta",2023,"transportation_score",95.22
"54150","zcta",2023,"transportation_score",92.12
"54151","zcta",2023,"transportation_score",90.28
"54152","zcta",2023,"transportation_score",87.45
"54153","zcta",2023,"transportation_score",100.11
"54154","zcta",2023,"transportation_score",90.81
"54155","zcta",2023,"transportation_score",90.1
"54156","zcta",2023,"transportation_score",91.82
"54157","zcta",2023,"transportation_score",90.73
"54159","zcta",2023,"transportation_score",91.3
"54160","zcta",2023,"transportation_score",89.87
"54161","zcta",2023,"transportation_score",90.46
"54162","zcta",2023,"transportation_score",90.13
"54165","zcta",2023,"transportation_score",91.03
"54166","zcta",2023,"transportation_score",117.67
"54169","zcta",2023,"transportation_score",90.07
"54170","zcta",2023,"transportation_score",89.95
"54171","zcta",2023,"transportation_score",90.77
"54173","zcta",2023,"transportation_score",91.3
"54174","zcta",2023,"transportation_score",91.37
"54175","zcta",2023,"transportation_score",91.32
"54177","zcta",2023,"transportation_score",92.18
"54180","zcta",2023,"transportation_score",91.27
"54201","zcta",2023,"transportation_score",90.56
"54202","zcta",2023,"transportation_score",94.29
"54204","zcta",2023,"transportation_score",91
"54205","zcta",2023,"transportation_score",89.81
"54207","zcta",2023,"transportation_score",89.88
"54208","zcta",2023,"transportation_score",90.14
"54209","zcta",2023,"transportation_score",92.32
"54210","zcta",2023,"transportation_score",94.4
"54211","zcta",2023,"transportation_score",92.65
"54212","zcta",2023,"transportation_score",93.12
"54213","zcta",2023,"transportation_score",92.24
"54214","zcta",2023,"transportation_score",91.54
"54215","zcta",2023,"transportation_score",89.7
"54216","zcta",2023,"transportation_score",91.35
"54217","zcta",2023,"transportation_score",90.91
"54220","zcta",2023,"transportation_score",116.58
"54227","zcta",2023,"transportation_score",90.21
"54228","zcta",2023,"transportation_score",90.7
"54229","zcta",2023,"transportation_score",90.47
"54230","zcta",2023,"transportation_score",91.97
"54232","zcta",2023,"transportation_score",91.01
"54234","zcta",2023,"transportation_score",92.18
"54235","zcta",2023,"transportation_score",132.24
"54241","zcta",2023,"transportation_score",115.16
"54245","zcta",2023,"transportation_score",90.95
"54246","zcta",2023,"transportation_score",92.7
"54247","zcta",2023,"transportation_score",89.67
"54301","zcta",2023,"transportation_score",116.58
"54302","zcta",2023,"transportation_score",116.97
"54303","zcta",2023,"transportation_score",117.16
"54304","zcta",2023,"transportation_score",116.97
"54307","zcta",2023,"transportation_score",NA
"54311","zcta",2023,"transportation_score",116.76
"54313","zcta",2023,"transportation_score",115.5
"54401","zcta",2023,"transportation_score",131.67
"54403","zcta",2023,"transportation_score",131.38
"54405","zcta",2023,"transportation_score",91.14
"54406","zcta",2023,"transportation_score",90.99
"54407","zcta",2023,"transportation_score",90.76
"54408","zcta",2023,"transportation_score",91.44
"54409","zcta",2023,"transportation_score",90.51
"54410","zcta",2023,"transportation_score",91.59
"54411","zcta",2023,"transportation_score",93.2
"54412","zcta",2023,"transportation_score",92.15
"54413","zcta",2023,"transportation_score",89.28
"54414","zcta",2023,"transportation_score",91.6
"54416","zcta",2023,"transportation_score",90.03
"54417","zcta",2023,"transportation_score",NA
"54418","zcta",2023,"transportation_score",91.62
"54420","zcta",2023,"transportation_score",96.87
"54421","zcta",2023,"transportation_score",91.6
"54422","zcta",2023,"transportation_score",103.32
"54423","zcta",2023,"transportation_score",90.85
"54424","zcta",2023,"transportation_score",91.36
"54425","zcta",2023,"transportation_score",92.21
"54426","zcta",2023,"transportation_score",94.2
"54427","zcta",2023,"transportation_score",90.35
"54428","zcta",2023,"transportation_score",88.56
"54430","zcta",2023,"transportation_score",NA
"54433","zcta",2023,"transportation_score",93.19
"54435","zcta",2023,"transportation_score",91.47
"54436","zcta",2023,"transportation_score",98.1
"54437","zcta",2023,"transportation_score",96.15
"54440","zcta",2023,"transportation_score",89.82
"54441","zcta",2023,"transportation_score",92.4
"54442","zcta",2023,"transportation_score",91.01
"54443","zcta",2023,"transportation_score",92.03
"54446","zcta",2023,"transportation_score",93.22
"54447","zcta",2023,"transportation_score",92.33
"54448","zcta",2023,"transportation_score",92.85
"54449","zcta",2023,"transportation_score",117.94
"54450","zcta",2023,"transportation_score",90.73
"54451","zcta",2023,"transportation_score",118.74
"54452","zcta",2023,"transportation_score",107.28
"54454","zcta",2023,"transportation_score",90.29
"54455","zcta",2023,"transportation_score",129.51
"54456","zcta",2023,"transportation_score",91.12
"54457","zcta",2023,"transportation_score",92.52
"54458","zcta",2023,"transportation_score",92.91
"54459","zcta",2023,"transportation_score",92.9
"54460","zcta",2023,"transportation_score",93.86
"54462","zcta",2023,"transportation_score",92.07
"54463","zcta",2023,"transportation_score",90.11
"54464","zcta",2023,"transportation_score",NA
"54465","zcta",2023,"transportation_score",90.32
"54466","zcta",2023,"transportation_score",90.95
"54467","zcta",2023,"transportation_score",123.2
"54469","zcta",2023,"transportation_score",90.07
"54470","zcta",2023,"transportation_score",92.67
"54471","zcta",2023,"transportation_score",89.73
"54473","zcta",2023,"transportation_score",91.5
"54474","zcta",2023,"transportation_score",130.59
"54475","zcta",2023,"transportation_score",91.43
"54476","zcta",2023,"transportation_score",129.32
"54479","zcta",2023,"transportation_score",93.36
"54480","zcta",2023,"transportation_score",93.12
"54481","zcta",2023,"transportation_score",125.9
"54482","zcta",2023,"transportation_score",90.71
"54484","zcta",2023,"transportation_score",92.39
"54485","zcta",2023,"transportation_score",93.37
"54486","zcta",2023,"transportation_score",92.45
"54487","zcta",2023,"transportation_score",116.36
"54488","zcta",2023,"transportation_score",91.3
"54489","zcta",2023,"transportation_score",91.55
"54490","zcta",2023,"transportation_score",91.94
"54491","zcta",2023,"transportation_score",90.26
"54493","zcta",2023,"transportation_score",94.22
"54494","zcta",2023,"transportation_score",116.65
"54495","zcta",2023,"transportation_score",117.15
"54498","zcta",2023,"transportation_score",97.85
"54499","zcta",2023,"transportation_score",95.11
"54501","zcta",2023,"transportation_score",121.45
"54511","zcta",2023,"transportation_score",91.37
"54512","zcta",2023,"transportation_score",90.35
"54513","zcta",2023,"transportation_score",89.96
"54514","zcta",2023,"transportation_score",91.53
"54515","zcta",2023,"transportation_score",91.36
"54517","zcta",2023,"transportation_score",99.47
"54519","zcta",2023,"transportation_score",91.47
"54520","zcta",2023,"transportation_score",91.91
"54521","zcta",2023,"transportation_score",92.28
"54524","zcta",2023,"transportation_score",90.47
"54525","zcta",2023,"transportation_score",90.59
"54526","zcta",2023,"transportation_score",91.61
"54527","zcta",2023,"transportation_score",92.46
"54529","zcta",2023,"transportation_score",90.07
"54530","zcta",2023,"transportation_score",91.79
"54531","zcta",2023,"transportation_score",91.17
"54534","zcta",2023,"transportation_score",91.01
"54536","zcta",2023,"transportation_score",85.08
"54537","zcta",2023,"transportation_score",95.15
"54538","zcta",2023,"transportation_score",94.24
"54539","zcta",2023,"transportation_score",91.41
"54540","zcta",2023,"transportation_score",92.57
"54541","zcta",2023,"transportation_score",91.02
"54542","zcta",2023,"transportation_score",91.51
"54545","zcta",2023,"transportation_score",90.46
"54546","zcta",2023,"transportation_score",92.21
"54547","zcta",2023,"transportation_score",90.6
"54548","zcta",2023,"transportation_score",90.4
"54550","zcta",2023,"transportation_score",89.04
"54552","zcta",2023,"transportation_score",90.56
"54554","zcta",2023,"transportation_score",91.35
"54555","zcta",2023,"transportation_score",91
"54556","zcta",2023,"transportation_score",91.42
"54557","zcta",2023,"transportation_score",91.89
"54558","zcta",2023,"transportation_score",90.77
"54559","zcta",2023,"transportation_score",96.83
"54560","zcta",2023,"transportation_score",88.45
"54561","zcta",2023,"transportation_score",NA
"54562","zcta",2023,"transportation_score",90.7
"54563","zcta",2023,"transportation_score",90.91
"54564","zcta",2023,"transportation_score",91.91
"54565","zcta",2023,"transportation_score",NA
"54566","zcta",2023,"transportation_score",91.33
"54568","zcta",2023,"transportation_score",89.49
"54601","zcta",2023,"transportation_score",122.49
"54603","zcta",2023,"transportation_score",122.04
"54610","zcta",2023,"transportation_score",92.1
"54611","zcta",2023,"transportation_score",90.81
"54612","zcta",2023,"transportation_score",92.68
"54613","zcta",2023,"transportation_score",90.4
"54614","zcta",2023,"transportation_score",92.1
"54615","zcta",2023,"transportation_score",90.73
"54616","zcta",2023,"transportation_score",90.34
"54618","zcta",2023,"transportation_score",92.35
"54619","zcta",2023,"transportation_score",94.33
"54621","zcta",2023,"transportation_score",89.94
"54622","zcta",2023,"transportation_score",90.92
"54623","zcta",2023,"transportation_score",91.99
"54624","zcta",2023,"transportation_score",91.16
"54625","zcta",2023,"transportation_score",91.39
"54626","zcta",2023,"transportation_score",90.02
"54627","zcta",2023,"transportation_score",90.88
"54628","zcta",2023,"transportation_score",91.47
"54629","zcta",2023,"transportation_score",90.78
"54630","zcta",2023,"transportation_score",90.73
"54631","zcta",2023,"transportation_score",93.78
"54632","zcta",2023,"transportation_score",92.37
"54634","zcta",2023,"transportation_score",94.61
"54635","zcta",2023,"transportation_score",91.08
"54636","zcta",2023,"transportation_score",118.28
"54637","zcta",2023,"transportation_score",88.12
"54638","zcta",2023,"transportation_score",94.78
"54639","zcta",2023,"transportation_score",117.04
"54642","zcta",2023,"transportation_score",94.31
"54643","zcta",2023,"transportation_score",NA
"54644","zcta",2023,"transportation_score",90.61
"54645","zcta",2023,"transportation_score",95.79
"54646","zcta",2023,"transportation_score",90.22
"54648","zcta",2023,"transportation_score",93.64
"54650","zcta",2023,"transportation_score",118.3
"54651","zcta",2023,"transportation_score",95.8
"54652","zcta",2023,"transportation_score",93.19
"54653","zcta",2023,"transportation_score",92.15
"54654","zcta",2023,"transportation_score",88.57
"54655","zcta",2023,"transportation_score",92.9
"54656","zcta",2023,"transportation_score",99.71
"54657","zcta",2023,"transportation_score",91.56
"54658","zcta",2023,"transportation_score",90.86
"54659","zcta",2023,"transportation_score",94.13
"54660","zcta",2023,"transportation_score",118.37
"54661","zcta",2023,"transportation_score",91.05
"54664","zcta",2023,"transportation_score",92.88
"54665","zcta",2023,"transportation_score",119.49
"54666","zcta",2023,"transportation_score",90.66
"54667","zcta",2023,"transportation_score",92.01
"54669","zcta",2023,"transportation_score",90.18
"54670","zcta",2023,"transportation_score",99.39
"54701","zcta",2023,"transportation_score",109.54
"54703","zcta",2023,"transportation_score",109.74
"54720","zcta",2023,"transportation_score",108.71
"54721","zcta",2023,"transportation_score",90.87
"54722","zcta",2023,"transportation_score",93.47
"54723","zcta",2023,"transportation_score",89.52
"54724","zcta",2023,"transportation_score",91.11
"54725","zcta",2023,"transportation_score",91.49
"54726","zcta",2023,"transportation_score",91.14
"54727","zcta",2023,"transportation_score",91.92
"54728","zcta",2023,"transportation_score",91.06
"54729","zcta",2023,"transportation_score",107.94
"54730","zcta",2023,"transportation_score",90.08
"54731","zcta",2023,"transportation_score",91.84
"54732","zcta",2023,"transportation_score",91.78
"54733","zcta",2023,"transportation_score",92.63
"54734","zcta",2023,"transportation_score",91.59
"54736","zcta",2023,"transportation_score",91.98
"54737","zcta",2023,"transportation_score",91.35
"54738","zcta",2023,"transportation_score",90.79
"54739","zcta",2023,"transportation_score",93.87
"54740","zcta",2023,"transportation_score",91.03
"54741","zcta",2023,"transportation_score",97.3
"54742","zcta",2023,"transportation_score",91.51
"54745","zcta",2023,"transportation_score",90.4
"54746","zcta",2023,"transportation_score",93.01
"54747","zcta",2023,"transportation_score",90.29
"54748","zcta",2023,"transportation_score",90.74
"54749","zcta",2023,"transportation_score",91.14
"54750","zcta",2023,"transportation_score",92.04
"54751","zcta",2023,"transportation_score",100.31
"54754","zcta",2023,"transportation_score",94.86
"54755","zcta",2023,"transportation_score",91.32
"54756","zcta",2023,"transportation_score",89.81
"54757","zcta",2023,"transportation_score",92.1
"54758","zcta",2023,"transportation_score",91.65
"54759","zcta",2023,"transportation_score",92.3
"54760","zcta",2023,"transportation_score",87.14
"54761","zcta",2023,"transportation_score",92.13
"54762","zcta",2023,"transportation_score",91.47
"54763","zcta",2023,"transportation_score",90.43
"54766","zcta",2023,"transportation_score",92.28
"54767","zcta",2023,"transportation_score",100.03
"54768","zcta",2023,"transportation_score",94.78
"54769","zcta",2023,"transportation_score",91.24
"54770","zcta",2023,"transportation_score",91.27
"54771","zcta",2023,"transportation_score",96.08
"54772","zcta",2023,"transportation_score",91.89
"54773","zcta",2023,"transportation_score",92.69
"54801","zcta",2023,"transportation_score",91.51
"54805","zcta",2023,"transportation_score",89.65
"54806","zcta",2023,"transportation_score",92.94
"54810","zcta",2023,"transportation_score",91.58
"54812","zcta",2023,"transportation_score",93.73
"54813","zcta",2023,"transportation_score",90.79
"54814","zcta",2023,"transportation_score",96.7
"54817","zcta",2023,"transportation_score",92.48
"54819","zcta",2023,"transportation_score",90.27
"54820","zcta",2023,"transportation_score",90.36
"54821","zcta",2023,"transportation_score",92.6
"54822","zcta",2023,"transportation_score",91.76
"54824","zcta",2023,"transportation_score",90.41
"54826","zcta",2023,"transportation_score",91.18
"54827","zcta",2023,"transportation_score",95.96
"54828","zcta",2023,"transportation_score",94.7
"54829","zcta",2023,"transportation_score",90.78
"54830","zcta",2023,"transportation_score",91.75
"54832","zcta",2023,"transportation_score",93.51
"54835","zcta",2023,"transportation_score",93.03
"54836","zcta",2023,"transportation_score",89.29
"54837","zcta",2023,"transportation_score",91.54
"54838","zcta",2023,"transportation_score",91.05
"54839","zcta",2023,"transportation_score",89.87
"54840","zcta",2023,"transportation_score",92.63
"54841","zcta",2023,"transportation_score",91.04
"54842","zcta",2023,"transportation_score",88.07
"54843","zcta",2023,"transportation_score",93.39
"54844","zcta",2023,"transportation_score",95.01
"54845","zcta",2023,"transportation_score",81.89
"54846","zcta",2023,"transportation_score",92.79
"54847","zcta",2023,"transportation_score",91.31
"54848","zcta",2023,"transportation_score",90.86
"54849","zcta",2023,"transportation_score",90.58
"54850","zcta",2023,"transportation_score",93.95
"54853","zcta",2023,"transportation_score",91.38
"54854","zcta",2023,"transportation_score",92.39
"54855","zcta",2023,"transportation_score",91.31
"54856","zcta",2023,"transportation_score",90.66
"54857","zcta",2023,"transportation_score",NA
"54858","zcta",2023,"transportation_score",91.04
"54859","zcta",2023,"transportation_score",91.06
"54861","zcta",2023,"transportation_score",95.69
"54862","zcta",2023,"transportation_score",95.81
"54864","zcta",2023,"transportation_score",91.31
"54865","zcta",2023,"transportation_score",90.45
"54867","zcta",2023,"transportation_score",90.1
"54868","zcta",2023,"transportation_score",91.43
"54870","zcta",2023,"transportation_score",91.89
"54871","zcta",2023,"transportation_score",91.19
"54872","zcta",2023,"transportation_score",93.62
"54873","zcta",2023,"transportation_score",91.36
"54874","zcta",2023,"transportation_score",90.41
"54875","zcta",2023,"transportation_score",89.93
"54876","zcta",2023,"transportation_score",96.17
"54880","zcta",2023,"transportation_score",92.77
"54888","zcta",2023,"transportation_score",91.42
"54889","zcta",2023,"transportation_score",91.26
"54891","zcta",2023,"transportation_score",93.29
"54893","zcta",2023,"transportation_score",91.93
"54895","zcta",2023,"transportation_score",90.57
"54896","zcta",2023,"transportation_score",92.02
"54901","zcta",2023,"transportation_score",112.27
"54902","zcta",2023,"transportation_score",110.22
"54904","zcta",2023,"transportation_score",110
"54909","zcta",2023,"transportation_score",89.43
"54911","zcta",2023,"transportation_score",93.75
"54913","zcta",2023,"transportation_score",90.36
"54914","zcta",2023,"transportation_score",91.44
"54915","zcta",2023,"transportation_score",91.38
"54921","zcta",2023,"transportation_score",91.07
"54922","zcta",2023,"transportation_score",91.22
"54923","zcta",2023,"transportation_score",91.28
"54926","zcta",2023,"transportation_score",94.59
"54927","zcta",2023,"transportation_score",91.35
"54928","zcta",2023,"transportation_score",88.78
"54929","zcta",2023,"transportation_score",91.39
"54930","zcta",2023,"transportation_score",93.94
"54931","zcta",2023,"transportation_score",88.45
"54932","zcta",2023,"transportation_score",88.9
"54933","zcta",2023,"transportation_score",92.76
"54935","zcta",2023,"transportation_score",115.35
"54937","zcta",2023,"transportation_score",111.83
"54940","zcta",2023,"transportation_score",90.32
"54941","zcta",2023,"transportation_score",91.98
"54942","zcta",2023,"transportation_score",90.34
"54943","zcta",2023,"transportation_score",93.36
"54944","zcta",2023,"transportation_score",89.72
"54945","zcta",2023,"transportation_score",90.99
"54946","zcta",2023,"transportation_score",NA
"54947","zcta",2023,"transportation_score",91.1
"54948","zcta",2023,"transportation_score",86.82
"54949","zcta",2023,"transportation_score",89.84
"54950","zcta",2023,"transportation_score",93.16
"54952","zcta",2023,"transportation_score",91.9
"54956","zcta",2023,"transportation_score",91.2
"54960","zcta",2023,"transportation_score",89.64
"54961","zcta",2023,"transportation_score",90.72
"54962","zcta",2023,"transportation_score",88.93
"54963","zcta",2023,"transportation_score",96.66
"54964","zcta",2023,"transportation_score",91.29
"54965","zcta",2023,"transportation_score",90.99
"54966","zcta",2023,"transportation_score",93.63
"54967","zcta",2023,"transportation_score",87.84
"54968","zcta",2023,"transportation_score",91.77
"54970","zcta",2023,"transportation_score",91.81
"54971","zcta",2023,"transportation_score",91.71
"54974","zcta",2023,"transportation_score",90.4
"54977","zcta",2023,"transportation_score",90.06
"54978","zcta",2023,"transportation_score",NA
"54979","zcta",2023,"transportation_score",91.66
"54980","zcta",2023,"transportation_score",87.66
"54981","zcta",2023,"transportation_score",89.92
"54982","zcta",2023,"transportation_score",92.32
"54983","zcta",2023,"transportation_score",93.35
"54984","zcta",2023,"transportation_score",90.18
"54985","zcta",2023,"transportation_score",NA
"54986","zcta",2023,"transportation_score",90.15
"53001","zcta",2023,"transportation_rnk",18.2986
"53002","zcta",2023,"transportation_rnk",9.507
"53003","zcta",2023,"transportation_rnk",8.1928
"53004","zcta",2023,"transportation_rnk",20.3735
"53005","zcta",2023,"transportation_rnk",78.1989
"53006","zcta",2023,"transportation_rnk",25.3844
"53007","zcta",2023,"transportation_rnk",16.3273
"53010","zcta",2023,"transportation_rnk",74.156
"53011","zcta",2023,"transportation_rnk",41.9804
"53012","zcta",2023,"transportation_rnk",78.1245
"53013","zcta",2023,"transportation_rnk",36.5164
"53014","zcta",2023,"transportation_rnk",69.7407
"53015","zcta",2023,"transportation_rnk",31.9522
"53016","zcta",2023,"transportation_rnk",20.1437
"53017","zcta",2023,"transportation_rnk",50.2573
"53018","zcta",2023,"transportation_rnk",29.3626
"53019","zcta",2023,"transportation_rnk",21.759
"53020","zcta",2023,"transportation_rnk",36.8498
"53021","zcta",2023,"transportation_rnk",16.5701
"53022","zcta",2023,"transportation_rnk",78.5032
"53023","zcta",2023,"transportation_rnk",20.2797
"53024","zcta",2023,"transportation_rnk",78.3317
"53027","zcta",2023,"transportation_rnk",74.5768
"53029","zcta",2023,"transportation_rnk",78.3414
"53031","zcta",2023,"transportation_rnk",NA
"53032","zcta",2023,"transportation_rnk",38.1575
"53033","zcta",2023,"transportation_rnk",49.3445
"53034","zcta",2023,"transportation_rnk",23.9925
"53035","zcta",2023,"transportation_rnk",15.7317
"53036","zcta",2023,"transportation_rnk",51.2996
"53037","zcta",2023,"transportation_rnk",74.5768
"53038","zcta",2023,"transportation_rnk",35.1568
"53039","zcta",2023,"transportation_rnk",31.0394
"53040","zcta",2023,"transportation_rnk",45.9619
"53042","zcta",2023,"transportation_rnk",68.2032
"53044","zcta",2023,"transportation_rnk",50.2573
"53045","zcta",2023,"transportation_rnk",78.1439
"53046","zcta",2023,"transportation_rnk",46.0946
"53047","zcta",2023,"transportation_rnk",NA
"53048","zcta",2023,"transportation_rnk",41.4787
"53049","zcta",2023,"transportation_rnk",47.0624
"53050","zcta",2023,"transportation_rnk",12.0739
"53051","zcta",2023,"transportation_rnk",78.2022
"53057","zcta",2023,"transportation_rnk",38.1575
"53058","zcta",2023,"transportation_rnk",56.3299
"53059","zcta",2023,"transportation_rnk",20.7199
"53061","zcta",2023,"transportation_rnk",20.7199
"53063","zcta",2023,"transportation_rnk",48.9625
"53065","zcta",2023,"transportation_rnk",13.9514
"53066","zcta",2023,"transportation_rnk",77.9367
"53069","zcta",2023,"transportation_rnk",9.8857
"53070","zcta",2023,"transportation_rnk",43.3949
"53072","zcta",2023,"transportation_rnk",78.2831
"53073","zcta",2023,"transportation_rnk",27.7247
"53074","zcta",2023,"transportation_rnk",78.0921
"53075","zcta",2023,"transportation_rnk",33.4348
"53076","zcta",2023,"transportation_rnk",25.0445
"53078","zcta",2023,"transportation_rnk",28.2491
"53079","zcta",2023,"transportation_rnk",15.3886
"53080","zcta",2023,"transportation_rnk",35.5776
"53081","zcta",2023,"transportation_rnk",92.6877
"53083","zcta",2023,"transportation_rnk",94.2641
"53085","zcta",2023,"transportation_rnk",92.5032
"53086","zcta",2023,"transportation_rnk",22.4938
"53088","zcta",2023,"transportation_rnk",52.9376
"53089","zcta",2023,"transportation_rnk",78.2216
"53090","zcta",2023,"transportation_rnk",74.088
"53091","zcta",2023,"transportation_rnk",37.659
"53092","zcta",2023,"transportation_rnk",78.5129
"53093","zcta",2023,"transportation_rnk",23.5523
"53094","zcta",2023,"transportation_rnk",84.9934
"53095","zcta",2023,"transportation_rnk",74.6318
"53097","zcta",2023,"transportation_rnk",54.4266
"53098","zcta",2023,"transportation_rnk",36.8498
"53099","zcta",2023,"transportation_rnk",NA
"53103","zcta",2023,"transportation_rnk",12.9123
"53104","zcta",2023,"transportation_rnk",31.0394
"53105","zcta",2023,"transportation_rnk",33.0107
"53108","zcta",2023,"transportation_rnk",16.0101
"53110","zcta",2023,"transportation_rnk",79.3999
"53114","zcta",2023,"transportation_rnk",27.8704
"53115","zcta",2023,"transportation_rnk",46.5413
"53118","zcta",2023,"transportation_rnk",15.2947
"53119","zcta",2023,"transportation_rnk",13.6892
"53120","zcta",2023,"transportation_rnk",42.7929
"53121","zcta",2023,"transportation_rnk",85.903
"53122","zcta",2023,"transportation_rnk",52.5977
"53125","zcta",2023,"transportation_rnk",58.4242
"53126","zcta",2023,"transportation_rnk",23.2901
"53127","zcta",2023,"transportation_rnk",36.2153
"53128","zcta",2023,"transportation_rnk",32.1076
"53129","zcta",2023,"transportation_rnk",77.8591
"53130","zcta",2023,"transportation_rnk",77.9109
"53132","zcta",2023,"transportation_rnk",78.1018
"53137","zcta",2023,"transportation_rnk",59.5248
"53139","zcta",2023,"transportation_rnk",44.2625
"53140","zcta",2023,"transportation_rnk",81.5913
"53142","zcta",2023,"transportation_rnk",81.109
"53143","zcta",2023,"transportation_rnk",80.8953
"53144","zcta",2023,"transportation_rnk",81.656
"53146","zcta",2023,"transportation_rnk",27.0676
"53147","zcta",2023,"transportation_rnk",49.7912
"53149","zcta",2023,"transportation_rnk",22.0309
"53150","zcta",2023,"transportation_rnk",77.8623
"53151","zcta",2023,"transportation_rnk",77.7781
"53153","zcta",2023,"transportation_rnk",41.1711
"53154","zcta",2023,"transportation_rnk",78.05
"53156","zcta",2023,"transportation_rnk",65.4841
"53157","zcta",2023,"transportation_rnk",NA
"53158","zcta",2023,"transportation_rnk",80.6332
"53167","zcta",2023,"transportation_rnk",4.6904
"53168","zcta",2023,"transportation_rnk",20.4739
"53170","zcta",2023,"transportation_rnk",50.0275
"53172","zcta",2023,"transportation_rnk",78.3996
"53176","zcta",2023,"transportation_rnk",4.4282
"53177","zcta",2023,"transportation_rnk",86.7284
"53178","zcta",2023,"transportation_rnk",15.7317
"53179","zcta",2023,"transportation_rnk",32.1076
"53181","zcta",2023,"transportation_rnk",42.1066
"53182","zcta",2023,"transportation_rnk",54.9639
"53183","zcta",2023,"transportation_rnk",41.9804
"53184","zcta",2023,"transportation_rnk",28.5469
"53185","zcta",2023,"transportation_rnk",27.5564
"53186","zcta",2023,"transportation_rnk",78.6133
"53188","zcta",2023,"transportation_rnk",78.1601
"53189","zcta",2023,"transportation_rnk",78.1795
"53190","zcta",2023,"transportation_rnk",88.3145
"53191","zcta",2023,"transportation_rnk",52.0862
"53192","zcta",2023,"transportation_rnk",73.9391
"53195","zcta",2023,"transportation_rnk",29.5504
"53202","zcta",2023,"transportation_rnk",85.767
"53203","zcta",2023,"transportation_rnk",74.8422
"53204","zcta",2023,"transportation_rnk",85.5242
"53205","zcta",2023,"transportation_rnk",87.8387
"53206","zcta",2023,"transportation_rnk",87.6412
"53207","zcta",2023,"transportation_rnk",79.9631
"53208","zcta",2023,"transportation_rnk",86.1781
"53209","zcta",2023,"transportation_rnk",84.0579
"53210","zcta",2023,"transportation_rnk",83.4202
"53211","zcta",2023,"transportation_rnk",84.2845
"53212","zcta",2023,"transportation_rnk",86.2784
"53213","zcta",2023,"transportation_rnk",78.7751
"53214","zcta",2023,"transportation_rnk",80.6137
"53215","zcta",2023,"transportation_rnk",81.41
"53216","zcta",2023,"transportation_rnk",83.8572
"53217","zcta",2023,"transportation_rnk",79.1862
"53218","zcta",2023,"transportation_rnk",81.983
"53219","zcta",2023,"transportation_rnk",78.6748
"53220","zcta",2023,"transportation_rnk",77.9562
"53221","zcta",2023,"transportation_rnk",79.5326
"53222","zcta",2023,"transportation_rnk",79.7268
"53223","zcta",2023,"transportation_rnk",79.7041
"53224","zcta",2023,"transportation_rnk",81.4974
"53225","zcta",2023,"transportation_rnk",79.1668
"53226","zcta",2023,"transportation_rnk",78.8237
"53227","zcta",2023,"transportation_rnk",79.1862
"53228","zcta",2023,"transportation_rnk",78.1245
"53233","zcta",2023,"transportation_rnk",NA
"53235","zcta",2023,"transportation_rnk",50.2573
"53295","zcta",2023,"transportation_rnk",NA
"53402","zcta",2023,"transportation_rnk",88.2368
"53403","zcta",2023,"transportation_rnk",92.7718
"53404","zcta",2023,"transportation_rnk",91.9334
"53405","zcta",2023,"transportation_rnk",88.4958
"53406","zcta",2023,"transportation_rnk",88.8907
"53501","zcta",2023,"transportation_rnk",66.0732
"53502","zcta",2023,"transportation_rnk",34.8623
"53503","zcta",2023,"transportation_rnk",40.1191
"53504","zcta",2023,"transportation_rnk",35.7589
"53505","zcta",2023,"transportation_rnk",26.922
"53506","zcta",2023,"transportation_rnk",50.9598
"53507","zcta",2023,"transportation_rnk",27.2198
"53508","zcta",2023,"transportation_rnk",38.4391
"53510","zcta",2023,"transportation_rnk",60.6157
"53511","zcta",2023,"transportation_rnk",43.1036
"53515","zcta",2023,"transportation_rnk",46.9815
"53516","zcta",2023,"transportation_rnk",51.9988
"53517","zcta",2023,"transportation_rnk",63.9465
"53518","zcta",2023,"transportation_rnk",26.922
"53520","zcta",2023,"transportation_rnk",45.1559
"53521","zcta",2023,"transportation_rnk",30.5797
"53522","zcta",2023,"transportation_rnk",38.0118
"53523","zcta",2023,"transportation_rnk",32.823
"53525","zcta",2023,"transportation_rnk",26.922
"53526","zcta",2023,"transportation_rnk",18.9914
"53527","zcta",2023,"transportation_rnk",37.0051
"53528","zcta",2023,"transportation_rnk",38.4391
"53529","zcta",2023,"transportation_rnk",37.1735
"53530","zcta",2023,"transportation_rnk",96.8116
"53531","zcta",2023,"transportation_rnk",50.8465
"53532","zcta",2023,"transportation_rnk",35.5776
"53533","zcta",2023,"transportation_rnk",53.7954
"53534","zcta",2023,"transportation_rnk",83.9705
"53536","zcta",2023,"transportation_rnk",21.882
"53537","zcta",2023,"transportation_rnk",10.5461
"53538","zcta",2023,"transportation_rnk",85.207
"53540","zcta",2023,"transportation_rnk",3.8552
"53541","zcta",2023,"transportation_rnk",60.4376
"53543","zcta",2023,"transportation_rnk",48.6291
"53544","zcta",2023,"transportation_rnk",52.5977
"53545","zcta",2023,"transportation_rnk",83.8572
"53546","zcta",2023,"transportation_rnk",83.3911
"53548","zcta",2023,"transportation_rnk",84.1841
"53549","zcta",2023,"transportation_rnk",33.0107
"53550","zcta",2023,"transportation_rnk",31.1753
"53551","zcta",2023,"transportation_rnk",83.9446
"53553","zcta",2023,"transportation_rnk",32.823
"53554","zcta",2023,"transportation_rnk",63.3865
"53555","zcta",2023,"transportation_rnk",47.2761
"53556","zcta",2023,"transportation_rnk",31.6738
"53557","zcta",2023,"transportation_rnk",46.6611
"53558","zcta",2023,"transportation_rnk",84.8056
"53559","zcta",2023,"transportation_rnk",36.0535
"53560","zcta",2023,"transportation_rnk",44.2625
"53561","zcta",2023,"transportation_rnk",31.0394
"53562","zcta",2023,"transportation_rnk",86.2558
"53563","zcta",2023,"transportation_rnk",82.3552
"53565","zcta",2023,"transportation_rnk",57.2266
"53566","zcta",2023,"transportation_rnk",84.3492
"53569","zcta",2023,"transportation_rnk",42.3882
"53570","zcta",2023,"transportation_rnk",23.685
"53571","zcta",2023,"transportation_rnk",1.6509
"53572","zcta",2023,"transportation_rnk",42.1066
"53573","zcta",2023,"transportation_rnk",28.411
"53574","zcta",2023,"transportation_rnk",49.3445
"53575","zcta",2023,"transportation_rnk",43.1036
"53576","zcta",2023,"transportation_rnk",30.3855
"53577","zcta",2023,"transportation_rnk",42.6278
"53578","zcta",2023,"transportation_rnk",26.2843
"53579","zcta",2023,"transportation_rnk",29.8191
"53580","zcta",2023,"transportation_rnk",58.6702
"53581","zcta",2023,"transportation_rnk",84.4852
"53582","zcta",2023,"transportation_rnk",35.5776
"53583","zcta",2023,"transportation_rnk",37.8241
"53584","zcta",2023,"transportation_rnk",NA
"53585","zcta",2023,"transportation_rnk",31.1753
"53586","zcta",2023,"transportation_rnk",28.5469
"53587","zcta",2023,"transportation_rnk",55.8703
"53588","zcta",2023,"transportation_rnk",48.2634
"53589","zcta",2023,"transportation_rnk",86.0195
"53590","zcta",2023,"transportation_rnk",86.1425
"53593","zcta",2023,"transportation_rnk",85.9709
"53594","zcta",2023,"transportation_rnk",28.5469
"53597","zcta",2023,"transportation_rnk",86.0033
"53598","zcta",2023,"transportation_rnk",42.7929
"53599","zcta",2023,"transportation_rnk",NA
"53703","zcta",2023,"transportation_rnk",96.4199
"53704","zcta",2023,"transportation_rnk",91.244
"53705","zcta",2023,"transportation_rnk",94.3288
"53706","zcta",2023,"transportation_rnk",NA
"53711","zcta",2023,"transportation_rnk",89.5381
"53713","zcta",2023,"transportation_rnk",88.0782
"53714","zcta",2023,"transportation_rnk",89.8747
"53715","zcta",2023,"transportation_rnk",94.8435
"53716","zcta",2023,"transportation_rnk",87.023
"53717","zcta",2023,"transportation_rnk",70.7992
"53718","zcta",2023,"transportation_rnk",86.2202
"53719","zcta",2023,"transportation_rnk",86.2914
"53726","zcta",2023,"transportation_rnk",95.5977
"53792","zcta",2023,"transportation_rnk",NA
"53801","zcta",2023,"transportation_rnk",30.5797
"53802","zcta",2023,"transportation_rnk",54.9639
"53803","zcta",2023,"transportation_rnk",12.2358
"53804","zcta",2023,"transportation_rnk",45.8324
"53805","zcta",2023,"transportation_rnk",48.9625
"53806","zcta",2023,"transportation_rnk",60.2175
"53807","zcta",2023,"transportation_rnk",60.7387
"53808","zcta",2023,"transportation_rnk",11.501
"53809","zcta",2023,"transportation_rnk",60.1237
"53810","zcta",2023,"transportation_rnk",58.9939
"53811","zcta",2023,"transportation_rnk",40.2842
"53812","zcta",2023,"transportation_rnk",5.5482
"53813","zcta",2023,"transportation_rnk",94.8597
"53816","zcta",2023,"transportation_rnk",58.6702
"53817","zcta",2023,"transportation_rnk",71.097
"53818","zcta",2023,"transportation_rnk",80.0408
"53820","zcta",2023,"transportation_rnk",44.0585
"53821","zcta",2023,"transportation_rnk",54.145
"53825","zcta",2023,"transportation_rnk",67.2482
"53826","zcta",2023,"transportation_rnk",55.1452
"53827","zcta",2023,"transportation_rnk",13.9514
"53901","zcta",2023,"transportation_rnk",84.265
"53910","zcta",2023,"transportation_rnk",25.2258
"53911","zcta",2023,"transportation_rnk",21.199
"53913","zcta",2023,"transportation_rnk",40.4299
"53916","zcta",2023,"transportation_rnk",40.1191
"53919","zcta",2023,"transportation_rnk",27.5564
"53920","zcta",2023,"transportation_rnk",15.5278
"53922","zcta",2023,"transportation_rnk",59.7773
"53923","zcta",2023,"transportation_rnk",53.5688
"53924","zcta",2023,"transportation_rnk",46.2273
"53925","zcta",2023,"transportation_rnk",45.6641
"53926","zcta",2023,"transportation_rnk",75.1173
"53928","zcta",2023,"transportation_rnk",NA
"53929","zcta",2023,"transportation_rnk",48.0206
"53930","zcta",2023,"transportation_rnk",22.3254
"53931","zcta",2023,"transportation_rnk",38.3129
"53932","zcta",2023,"transportation_rnk",21.0727
"53933","zcta",2023,"transportation_rnk",45.4181
"53934","zcta",2023,"transportation_rnk",24.2806
"53935","zcta",2023,"transportation_rnk",9.6397
"53936","zcta",2023,"transportation_rnk",51.6136
"53937","zcta",2023,"transportation_rnk",66.507
"53939","zcta",2023,"transportation_rnk",51.9211
"53940","zcta",2023,"transportation_rnk",NA
"53941","zcta",2023,"transportation_rnk",47.8652
"53942","zcta",2023,"transportation_rnk",41.0093
"53943","zcta",2023,"transportation_rnk",63.5807
"53944","zcta",2023,"transportation_rnk",24.436
"53946","zcta",2023,"transportation_rnk",61.2987
"53947","zcta",2023,"transportation_rnk",38.6042
"53948","zcta",2023,"transportation_rnk",84.4139
"53949","zcta",2023,"transportation_rnk",26.922
"53950","zcta",2023,"transportation_rnk",32.4345
"53951","zcta",2023,"transportation_rnk",35.5776
"53952","zcta",2023,"transportation_rnk",30.3855
"53953","zcta",2023,"transportation_rnk",0.5924
"53954","zcta",2023,"transportation_rnk",31.8001
"53955","zcta",2023,"transportation_rnk",39.7987
"53956","zcta",2023,"transportation_rnk",46.0946
"53959","zcta",2023,"transportation_rnk",33.4348
"53960","zcta",2023,"transportation_rnk",36.8498
"53961","zcta",2023,"transportation_rnk",9.397
"53962","zcta",2023,"transportation_rnk",NA
"53963","zcta",2023,"transportation_rnk",84.7571
"53964","zcta",2023,"transportation_rnk",55.0643
"53965","zcta",2023,"transportation_rnk",44.6509
"53968","zcta",2023,"transportation_rnk",43.5471
"53969","zcta",2023,"transportation_rnk",49.5905
"54001","zcta",2023,"transportation_rnk",32.6838
"54002","zcta",2023,"transportation_rnk",45.4181
"54003","zcta",2023,"transportation_rnk",14.7962
"54004","zcta",2023,"transportation_rnk",19.587
"54005","zcta",2023,"transportation_rnk",61.713
"54006","zcta",2023,"transportation_rnk",45.007
"54007","zcta",2023,"transportation_rnk",10.6917
"54009","zcta",2023,"transportation_rnk",29.3626
"54011","zcta",2023,"transportation_rnk",30.3855
"54013","zcta",2023,"transportation_rnk",39.0412
"54014","zcta",2023,"transportation_rnk",16.2237
"54015","zcta",2023,"transportation_rnk",35.7589
"54016","zcta",2023,"transportation_rnk",74.703
"54017","zcta",2023,"transportation_rnk",84.7441
"54020","zcta",2023,"transportation_rnk",34.2828
"54021","zcta",2023,"transportation_rnk",54.2388
"54022","zcta",2023,"transportation_rnk",85.4174
"54023","zcta",2023,"transportation_rnk",36.6782
"54024","zcta",2023,"transportation_rnk",31.1753
"54025","zcta",2023,"transportation_rnk",50.1538
"54026","zcta",2023,"transportation_rnk",41.9804
"54027","zcta",2023,"transportation_rnk",34.5968
"54028","zcta",2023,"transportation_rnk",41.0093
"54082","zcta",2023,"transportation_rnk",62.1727
"54101","zcta",2023,"transportation_rnk",15.3886
"54102","zcta",2023,"transportation_rnk",24.1382
"54103","zcta",2023,"transportation_rnk",27.0676
"54104","zcta",2023,"transportation_rnk",55.8703
"54106","zcta",2023,"transportation_rnk",20.4739
"54107","zcta",2023,"transportation_rnk",56.5986
"54110","zcta",2023,"transportation_rnk",24.2806
"54111","zcta",2023,"transportation_rnk",28.8868
"54112","zcta",2023,"transportation_rnk",31.3534
"54113","zcta",2023,"transportation_rnk",9.5653
"54114","zcta",2023,"transportation_rnk",61.0397
"54115","zcta",2023,"transportation_rnk",82.9994
"54119","zcta",2023,"transportation_rnk",69.7699
"54120","zcta",2023,"transportation_rnk",6.3671
"54121","zcta",2023,"transportation_rnk",22.0309
"54123","zcta",2023,"transportation_rnk",1.5699
"54124","zcta",2023,"transportation_rnk",62.9334
"54125","zcta",2023,"transportation_rnk",8.3287
"54126","zcta",2023,"transportation_rnk",25.8376
"54127","zcta",2023,"transportation_rnk",NA
"54128","zcta",2023,"transportation_rnk",22.1765
"54129","zcta",2023,"transportation_rnk",32.4345
"54130","zcta",2023,"transportation_rnk",34.4738
"54135","zcta",2023,"transportation_rnk",16.46
"54136","zcta",2023,"transportation_rnk",64.131
"54137","zcta",2023,"transportation_rnk",24.1382
"54138","zcta",2023,"transportation_rnk",47.3959
"54139","zcta",2023,"transportation_rnk",36.2153
"54140","zcta",2023,"transportation_rnk",25.5139
"54141","zcta",2023,"transportation_rnk",41.1711
"54143","zcta",2023,"transportation_rnk",55.2391
"54149","zcta",2023,"transportation_rnk",68.7858
"54150","zcta",2023,"transportation_rnk",50.6005
"54151","zcta",2023,"transportation_rnk",24.436
"54152","zcta",2023,"transportation_rnk",4.5544
"54153","zcta",2023,"transportation_rnk",75.2177
"54154","zcta",2023,"transportation_rnk",32.6838
"54155","zcta",2023,"transportation_rnk",21.759
"54156","zcta",2023,"transportation_rnk",47.0624
"54157","zcta",2023,"transportation_rnk",31.5023
"54159","zcta",2023,"transportation_rnk",40.2842
"54160","zcta",2023,"transportation_rnk",18.8586
"54161","zcta",2023,"transportation_rnk",27.2198
"54162","zcta",2023,"transportation_rnk",22.1765
"54165","zcta",2023,"transportation_rnk",36.0535
"54166","zcta",2023,"transportation_rnk",84.961
"54169","zcta",2023,"transportation_rnk",21.3285
"54170","zcta",2023,"transportation_rnk",19.9074
"54171","zcta",2023,"transportation_rnk",32.1076
"54173","zcta",2023,"transportation_rnk",40.2842
"54174","zcta",2023,"transportation_rnk",41.3265
"54175","zcta",2023,"transportation_rnk",40.595
"54177","zcta",2023,"transportation_rnk",51.2996
"54180","zcta",2023,"transportation_rnk",39.7987
"54201","zcta",2023,"transportation_rnk",28.8868
"54202","zcta",2023,"transportation_rnk",65.7204
"54204","zcta",2023,"transportation_rnk",35.5776
"54205","zcta",2023,"transportation_rnk",18.153
"54207","zcta",2023,"transportation_rnk",18.9914
"54208","zcta",2023,"transportation_rnk",22.3254
"54209","zcta",2023,"transportation_rnk",52.7142
"54210","zcta",2023,"transportation_rnk",66.1509
"54211","zcta",2023,"transportation_rnk",55.8703
"54212","zcta",2023,"transportation_rnk",59.3759
"54213","zcta",2023,"transportation_rnk",51.9211
"54214","zcta",2023,"transportation_rnk",43.6733
"54215","zcta",2023,"transportation_rnk",16.8193
"54216","zcta",2023,"transportation_rnk",41.0093
"54217","zcta",2023,"transportation_rnk",34.2828
"54220","zcta",2023,"transportation_rnk",83.9446
"54227","zcta",2023,"transportation_rnk",23.426
"54228","zcta",2023,"transportation_rnk",31.0394
"54229","zcta",2023,"transportation_rnk",27.3492
"54230","zcta",2023,"transportation_rnk",48.846
"54232","zcta",2023,"transportation_rnk",35.7589
"54234","zcta",2023,"transportation_rnk",51.2996
"54235","zcta",2023,"transportation_rnk",94.4648
"54241","zcta",2023,"transportation_rnk",82.666
"54245","zcta",2023,"transportation_rnk",34.8623
"54246","zcta",2023,"transportation_rnk",56.3299
"54247","zcta",2023,"transportation_rnk",16.46
"54301","zcta",2023,"transportation_rnk",83.9446
"54302","zcta",2023,"transportation_rnk",84.2974
"54303","zcta",2023,"transportation_rnk",84.4852
"54304","zcta",2023,"transportation_rnk",84.2974
"54307","zcta",2023,"transportation_rnk",NA
"54311","zcta",2023,"transportation_rnk",84.1194
"54313","zcta",2023,"transportation_rnk",82.967
"54401","zcta",2023,"transportation_rnk",94.1475
"54403","zcta",2023,"transportation_rnk",94.0375
"54405","zcta",2023,"transportation_rnk",37.8241
"54406","zcta",2023,"transportation_rnk",35.4223
"54407","zcta",2023,"transportation_rnk",31.9522
"54408","zcta",2023,"transportation_rnk",42.2458
"54409","zcta",2023,"transportation_rnk",28.0549
"54410","zcta",2023,"transportation_rnk",44.2625
"54411","zcta",2023,"transportation_rnk",59.9359
"54412","zcta",2023,"transportation_rnk",50.9598
"54413","zcta",2023,"transportation_rnk",12.4915
"54414","zcta",2023,"transportation_rnk",44.3855
"54416","zcta",2023,"transportation_rnk",20.8526
"54417","zcta",2023,"transportation_rnk",NA
"54418","zcta",2023,"transportation_rnk",44.6509
"54420","zcta",2023,"transportation_rnk",72.1102
"54421","zcta",2023,"transportation_rnk",44.3855
"54422","zcta",2023,"transportation_rnk",76.8006
"54423","zcta",2023,"transportation_rnk",33.3312
"54424","zcta",2023,"transportation_rnk",41.1711
"54425","zcta",2023,"transportation_rnk",51.6136
"54426","zcta",2023,"transportation_rnk",65.3967
"54427","zcta",2023,"transportation_rnk",25.5139
"54428","zcta",2023,"transportation_rnk",7.9144
"54430","zcta",2023,"transportation_rnk",NA
"54433","zcta",2023,"transportation_rnk",59.8453
"54435","zcta",2023,"transportation_rnk",42.6278
"54436","zcta",2023,"transportation_rnk",73.6089
"54437","zcta",2023,"transportation_rnk",70.7992
"54440","zcta",2023,"transportation_rnk",18.2986
"54441","zcta",2023,"transportation_rnk",53.5688
"54442","zcta",2023,"transportation_rnk",35.7589
"54443","zcta",2023,"transportation_rnk",49.5905
"54446","zcta",2023,"transportation_rnk",60.0654
"54447","zcta",2023,"transportation_rnk",52.8113
"54448","zcta",2023,"transportation_rnk",57.5146
"54449","zcta",2023,"transportation_rnk",85.2135
"54450","zcta",2023,"transportation_rnk",31.5023
"54451","zcta",2023,"transportation_rnk",85.89
"54452","zcta",2023,"transportation_rnk",78.0695
"54454","zcta",2023,"transportation_rnk",24.5881
"54455","zcta",2023,"transportation_rnk",93.4937
"54456","zcta",2023,"transportation_rnk",37.5166
"54457","zcta",2023,"transportation_rnk",54.7535
"54458","zcta",2023,"transportation_rnk",57.9711
"54459","zcta",2023,"transportation_rnk",57.8869
"54460","zcta",2023,"transportation_rnk",63.9465
"54462","zcta",2023,"transportation_rnk",50.0275
"54463","zcta",2023,"transportation_rnk",21.882
"54464","zcta",2023,"transportation_rnk",NA
"54465","zcta",2023,"transportation_rnk",25.0445
"54466","zcta",2023,"transportation_rnk",34.8623
"54467","zcta",2023,"transportation_rnk",89.9557
"54469","zcta",2023,"transportation_rnk",21.3285
"54470","zcta",2023,"transportation_rnk",56.0742
"54471","zcta",2023,"transportation_rnk",17.2272
"54473","zcta",2023,"transportation_rnk",43.1036
"54474","zcta",2023,"transportation_rnk",93.7753
"54475","zcta",2023,"transportation_rnk",42.1066
"54476","zcta",2023,"transportation_rnk",93.416
"54479","zcta",2023,"transportation_rnk",60.9815
"54480","zcta",2023,"transportation_rnk",59.3759
"54481","zcta",2023,"transportation_rnk",92.228
"54482","zcta",2023,"transportation_rnk",31.1753
"54484","zcta",2023,"transportation_rnk",53.4846
"54485","zcta",2023,"transportation_rnk",61.0397
"54486","zcta",2023,"transportation_rnk",54.0543
"54487","zcta",2023,"transportation_rnk",83.7277
"54488","zcta",2023,"transportation_rnk",40.2842
"54489","zcta",2023,"transportation_rnk",43.806
"54490","zcta",2023,"transportation_rnk",48.5126
"54491","zcta",2023,"transportation_rnk",24.1382
"54493","zcta",2023,"transportation_rnk",65.4841
"54494","zcta",2023,"transportation_rnk",84.032
"54495","zcta",2023,"transportation_rnk",84.4787
"54498","zcta",2023,"transportation_rnk",73.3143
"54499","zcta",2023,"transportation_rnk",68.5171
"54501","zcta",2023,"transportation_rnk",88.0782
"54511","zcta",2023,"transportation_rnk",41.3265
"54512","zcta",2023,"transportation_rnk",25.5139
"54513","zcta",2023,"transportation_rnk",20.011
"54514","zcta",2023,"transportation_rnk",43.5471
"54515","zcta",2023,"transportation_rnk",41.1711
"54517","zcta",2023,"transportation_rnk",74.7224
"54519","zcta",2023,"transportation_rnk",42.6278
"54520","zcta",2023,"transportation_rnk",48.1339
"54521","zcta",2023,"transportation_rnk",52.2675
"54524","zcta",2023,"transportation_rnk",27.3492
"54525","zcta",2023,"transportation_rnk",29.3626
"54526","zcta",2023,"transportation_rnk",44.5149
"54527","zcta",2023,"transportation_rnk",54.145
"54529","zcta",2023,"transportation_rnk",21.3285
"54530","zcta",2023,"transportation_rnk",46.7841
"54531","zcta",2023,"transportation_rnk",38.3129
"54534","zcta",2023,"transportation_rnk",35.7589
"54536","zcta",2023,"transportation_rnk",1.8354
"54537","zcta",2023,"transportation_rnk",68.6013
"54538","zcta",2023,"transportation_rnk",65.5553
"54539","zcta",2023,"transportation_rnk",41.8897
"54540","zcta",2023,"transportation_rnk",55.2391
"54541","zcta",2023,"transportation_rnk",35.8949
"54542","zcta",2023,"transportation_rnk",43.2363
"54545","zcta",2023,"transportation_rnk",27.2198
"54546","zcta",2023,"transportation_rnk",51.6136
"54547","zcta",2023,"transportation_rnk",29.5504
"54548","zcta",2023,"transportation_rnk",26.2843
"54550","zcta",2023,"transportation_rnk",10.6917
"54552","zcta",2023,"transportation_rnk",28.8868
"54554","zcta",2023,"transportation_rnk",41.0093
"54555","zcta",2023,"transportation_rnk",35.5776
"54556","zcta",2023,"transportation_rnk",41.9804
"54557","zcta",2023,"transportation_rnk",47.8652
"54558","zcta",2023,"transportation_rnk",32.1076
"54559","zcta",2023,"transportation_rnk",72.0357
"54560","zcta",2023,"transportation_rnk",7.3965
"54561","zcta",2023,"transportation_rnk",NA
"54562","zcta",2023,"transportation_rnk",31.0394
"54563","zcta",2023,"transportation_rnk",34.2828
"54564","zcta",2023,"transportation_rnk",48.1339
"54565","zcta",2023,"transportation_rnk",NA
"54566","zcta",2023,"transportation_rnk",40.6921
"54568","zcta",2023,"transportation_rnk",14.4563
"54601","zcta",2023,"transportation_rnk",89.1626
"54603","zcta",2023,"transportation_rnk",88.6641
"54610","zcta",2023,"transportation_rnk",50.3901
"54611","zcta",2023,"transportation_rnk",32.6838
"54612","zcta",2023,"transportation_rnk",56.1745
"54613","zcta",2023,"transportation_rnk",26.2843
"54614","zcta",2023,"transportation_rnk",50.3901
"54615","zcta",2023,"transportation_rnk",31.5023
"54616","zcta",2023,"transportation_rnk",25.3844
"54618","zcta",2023,"transportation_rnk",53.0476
"54619","zcta",2023,"transportation_rnk",65.8822
"54621","zcta",2023,"transportation_rnk",19.7715
"54622","zcta",2023,"transportation_rnk",34.4738
"54623","zcta",2023,"transportation_rnk",49.0823
"54624","zcta",2023,"transportation_rnk",38.1575
"54625","zcta",2023,"transportation_rnk",41.6567
"54626","zcta",2023,"transportation_rnk",20.7199
"54627","zcta",2023,"transportation_rnk",33.8005
"54628","zcta",2023,"transportation_rnk",42.6278
"54629","zcta",2023,"transportation_rnk",32.2792
"54630","zcta",2023,"transportation_rnk",31.5023
"54631","zcta",2023,"transportation_rnk",63.4804
"54632","zcta",2023,"transportation_rnk",53.2515
"54634","zcta",2023,"transportation_rnk",66.986
"54635","zcta",2023,"transportation_rnk",36.8498
"54636","zcta",2023,"transportation_rnk",85.5372
"54637","zcta",2023,"transportation_rnk",6.1535
"54638","zcta",2023,"transportation_rnk",67.546
"54639","zcta",2023,"transportation_rnk",84.3816
"54642","zcta",2023,"transportation_rnk",65.8143
"54643","zcta",2023,"transportation_rnk",NA
"54644","zcta",2023,"transportation_rnk",29.7187
"54645","zcta",2023,"transportation_rnk",70.0612
"54646","zcta",2023,"transportation_rnk",23.5523
"54648","zcta",2023,"transportation_rnk",62.7456
"54650","zcta",2023,"transportation_rnk",85.5534
"54651","zcta",2023,"transportation_rnk",70.0838
"54652","zcta",2023,"transportation_rnk",59.8453
"54653","zcta",2023,"transportation_rnk",50.9598
"54654","zcta",2023,"transportation_rnk",7.963
"54655","zcta",2023,"transportation_rnk",57.8869
"54656","zcta",2023,"transportation_rnk",74.9037
"54657","zcta",2023,"transportation_rnk",43.9258
"54658","zcta",2023,"transportation_rnk",33.4348
"54659","zcta",2023,"transportation_rnk",65.1572
"54660","zcta",2023,"transportation_rnk",85.5922
"54661","zcta",2023,"transportation_rnk",36.3642
"54664","zcta",2023,"transportation_rnk",57.7704
"54665","zcta",2023,"transportation_rnk",86.5601
"54666","zcta",2023,"transportation_rnk",30.3855
"54667","zcta",2023,"transportation_rnk",49.3445
"54669","zcta",2023,"transportation_rnk",22.9923
"54670","zcta",2023,"transportation_rnk",74.648
"54701","zcta",2023,"transportation_rnk",79.0535
"54703","zcta",2023,"transportation_rnk",79.1377
"54720","zcta",2023,"transportation_rnk",78.6359
"54721","zcta",2023,"transportation_rnk",33.5869
"54722","zcta",2023,"transportation_rnk",61.658
"54723","zcta",2023,"transportation_rnk",14.7962
"54724","zcta",2023,"transportation_rnk",37.3191
"54725","zcta",2023,"transportation_rnk",42.9838
"54726","zcta",2023,"transportation_rnk",37.8241
"54727","zcta",2023,"transportation_rnk",48.2634
"54728","zcta",2023,"transportation_rnk",36.5164
"54729","zcta",2023,"transportation_rnk",78.3317
"54730","zcta",2023,"transportation_rnk",21.4515
"54731","zcta",2023,"transportation_rnk",47.2761
"54732","zcta",2023,"transportation_rnk",46.6611
"54733","zcta",2023,"transportation_rnk",55.6955
"54734","zcta",2023,"transportation_rnk",44.2625
"54736","zcta",2023,"transportation_rnk",48.9625
"54737","zcta",2023,"transportation_rnk",41.0093
"54738","zcta",2023,"transportation_rnk",32.4345
"54739","zcta",2023,"transportation_rnk",63.9789
"54740","zcta",2023,"transportation_rnk",36.0535
"54741","zcta",2023,"transportation_rnk",72.6831
"54742","zcta",2023,"transportation_rnk",43.2363
"54745","zcta",2023,"transportation_rnk",26.2843
"54746","zcta",2023,"transportation_rnk",58.6702
"54747","zcta",2023,"transportation_rnk",24.5881
"54748","zcta",2023,"transportation_rnk",31.6738
"54749","zcta",2023,"transportation_rnk",37.8241
"54750","zcta",2023,"transportation_rnk",49.7038
"54751","zcta",2023,"transportation_rnk",75.3601
"54754","zcta",2023,"transportation_rnk",67.8406
"54755","zcta",2023,"transportation_rnk",40.595
"54756","zcta",2023,"transportation_rnk",18.153
"54757","zcta",2023,"transportation_rnk",50.3901
"54758","zcta",2023,"transportation_rnk",45.007
"54759","zcta",2023,"transportation_rnk",52.4909
"54760","zcta",2023,"transportation_rnk",4.0398
"54761","zcta",2023,"transportation_rnk",50.7558
"54762","zcta",2023,"transportation_rnk",42.6278
"54763","zcta",2023,"transportation_rnk",26.7569
"54766","zcta",2023,"transportation_rnk",52.2675
"54767","zcta",2023,"transportation_rnk",75.1756
"54768","zcta",2023,"transportation_rnk",67.546
"54769","zcta",2023,"transportation_rnk",39.3261
"54770","zcta",2023,"transportation_rnk",39.7987
"54771","zcta",2023,"transportation_rnk",70.6665
"54772","zcta",2023,"transportation_rnk",47.8652
"54773","zcta",2023,"transportation_rnk",56.2522
"54801","zcta",2023,"transportation_rnk",43.2363
"54805","zcta",2023,"transportation_rnk",16.2237
"54806","zcta",2023,"transportation_rnk",58.1912
"54810","zcta",2023,"transportation_rnk",44.1556
"54812","zcta",2023,"transportation_rnk",63.2053
"54813","zcta",2023,"transportation_rnk",32.4345
"54814","zcta",2023,"transportation_rnk",71.8091
"54817","zcta",2023,"transportation_rnk",54.3456
"54819","zcta",2023,"transportation_rnk",24.2806
"54820","zcta",2023,"transportation_rnk",25.6725
"54821","zcta",2023,"transportation_rnk",55.4721
"54822","zcta",2023,"transportation_rnk",46.4507
"54824","zcta",2023,"transportation_rnk",26.4202
"54826","zcta",2023,"transportation_rnk",38.4391
"54827","zcta",2023,"transportation_rnk",70.4172
"54828","zcta",2023,"transportation_rnk",67.2482
"54829","zcta",2023,"transportation_rnk",32.2792
"54830","zcta",2023,"transportation_rnk",46.3535
"54832","zcta",2023,"transportation_rnk",61.9493
"54835","zcta",2023,"transportation_rnk",58.7997
"54836","zcta",2023,"transportation_rnk",12.5757
"54837","zcta",2023,"transportation_rnk",43.6733
"54838","zcta",2023,"transportation_rnk",36.3642
"54839","zcta",2023,"transportation_rnk",18.8586
"54840","zcta",2023,"transportation_rnk",55.6955
"54841","zcta",2023,"transportation_rnk",36.2153
"54842","zcta",2023,"transportation_rnk",5.9884
"54843","zcta",2023,"transportation_rnk",61.153
"54844","zcta",2023,"transportation_rnk",68.2323
"54845","zcta",2023,"transportation_rnk",0.6053
"54846","zcta",2023,"transportation_rnk",57.1133
"54847","zcta",2023,"transportation_rnk",40.4299
"54848","zcta",2023,"transportation_rnk",33.4348
"54849","zcta",2023,"transportation_rnk",29.2073
"54850","zcta",2023,"transportation_rnk",64.3317
"54853","zcta",2023,"transportation_rnk",41.4787
"54854","zcta",2023,"transportation_rnk",53.4846
"54855","zcta",2023,"transportation_rnk",40.4299
"54856","zcta",2023,"transportation_rnk",30.3855
"54857","zcta",2023,"transportation_rnk",NA
"54858","zcta",2023,"transportation_rnk",36.2153
"54859","zcta",2023,"transportation_rnk",36.5164
"54861","zcta",2023,"transportation_rnk",69.8443
"54862","zcta",2023,"transportation_rnk",70.1065
"54864","zcta",2023,"transportation_rnk",40.4299
"54865","zcta",2023,"transportation_rnk",27.0676
"54867","zcta",2023,"transportation_rnk",21.759
"54868","zcta",2023,"transportation_rnk",42.1066
"54870","zcta",2023,"transportation_rnk",47.8652
"54871","zcta",2023,"transportation_rnk",38.6042
"54872","zcta",2023,"transportation_rnk",62.6097
"54873","zcta",2023,"transportation_rnk",41.1711
"54874","zcta",2023,"transportation_rnk",26.4202
"54875","zcta",2023,"transportation_rnk",19.587
"54876","zcta",2023,"transportation_rnk",70.8542
"54880","zcta",2023,"transportation_rnk",56.9546
"54888","zcta",2023,"transportation_rnk",41.9804
"54889","zcta",2023,"transportation_rnk",39.6239
"54891","zcta",2023,"transportation_rnk",60.5347
"54893","zcta",2023,"transportation_rnk",48.354
"54895","zcta",2023,"transportation_rnk",29.0713
"54896","zcta",2023,"transportation_rnk",49.4416
"54901","zcta",2023,"transportation_rnk",80.4648
"54902","zcta",2023,"transportation_rnk",79.3999
"54904","zcta",2023,"transportation_rnk",79.2866
"54909","zcta",2023,"transportation_rnk",13.8834
"54911","zcta",2023,"transportation_rnk",63.3218
"54913","zcta",2023,"transportation_rnk",25.6725
"54914","zcta",2023,"transportation_rnk",42.2458
"54915","zcta",2023,"transportation_rnk",41.4787
"54921","zcta",2023,"transportation_rnk",36.6782
"54922","zcta",2023,"transportation_rnk",39.0412
"54923","zcta",2023,"transportation_rnk",39.9637
"54926","zcta",2023,"transportation_rnk",66.8857
"54927","zcta",2023,"transportation_rnk",41.0093
"54928","zcta",2023,"transportation_rnk",9.0376
"54929","zcta",2023,"transportation_rnk",41.6567
"54930","zcta",2023,"transportation_rnk",64.2767
"54931","zcta",2023,"transportation_rnk",7.3965
"54932","zcta",2023,"transportation_rnk",9.6397
"54933","zcta",2023,"transportation_rnk",56.8575
"54935","zcta",2023,"transportation_rnk",82.8278
"54937","zcta",2023,"transportation_rnk",80.2512
"54940","zcta",2023,"transportation_rnk",25.0445
"54941","zcta",2023,"transportation_rnk",48.9625
"54942","zcta",2023,"transportation_rnk",25.3844
"54943","zcta",2023,"transportation_rnk",60.9815
"54944","zcta",2023,"transportation_rnk",17.0913
"54945","zcta",2023,"transportation_rnk",35.4223
"54946","zcta",2023,"transportation_rnk",NA
"54947","zcta",2023,"transportation_rnk",37.1735
"54948","zcta",2023,"transportation_rnk",3.4441
"54949","zcta",2023,"transportation_rnk",18.5641
"54950","zcta",2023,"transportation_rnk",59.6413
"54952","zcta",2023,"transportation_rnk",48.0206
"54956","zcta",2023,"transportation_rnk",38.7628
"54960","zcta",2023,"transportation_rnk",16.1299
"54961","zcta",2023,"transportation_rnk",31.3534
"54962","zcta",2023,"transportation_rnk",9.8857
"54963","zcta",2023,"transportation_rnk",71.7412
"54964","zcta",2023,"transportation_rnk",40.1191
"54965","zcta",2023,"transportation_rnk",35.4223
"54966","zcta",2023,"transportation_rnk",62.6614
"54967","zcta",2023,"transportation_rnk",5.3604
"54968","zcta",2023,"transportation_rnk",46.5413
"54970","zcta",2023,"transportation_rnk",46.9815
"54971","zcta",2023,"transportation_rnk",45.8324
"54974","zcta",2023,"transportation_rnk",26.2843
"54977","zcta",2023,"transportation_rnk",21.199
"54978","zcta",2023,"transportation_rnk",NA
"54979","zcta",2023,"transportation_rnk",45.1559
"54980","zcta",2023,"transportation_rnk",4.9234
"54981","zcta",2023,"transportation_rnk",19.4575
"54982","zcta",2023,"transportation_rnk",52.7142
"54983","zcta",2023,"transportation_rnk",60.9394
"54984","zcta",2023,"transportation_rnk",22.9923
"54985","zcta",2023,"transportation_rnk",NA
"54986","zcta",2023,"transportation_rnk",22.4938
"53001","zcta",2023,"transportation_state_rnk",8.7847
"53002","zcta",2023,"transportation_state_rnk",3.3025
"53003","zcta",2023,"transportation_state_rnk",2.7741
"53004","zcta",2023,"transportation_state_rnk",10.7001
"53005","zcta",2023,"transportation_state_rnk",83.4875
"53006","zcta",2023,"transportation_state_rnk",17.3052
"53007","zcta",2023,"transportation_state_rnk",7.5297
"53010","zcta",2023,"transportation_state_rnk",79.6565
"53011","zcta",2023,"transportation_state_rnk",44.9141
"53012","zcta",2023,"transportation_state_rnk",82.893
"53013","zcta",2023,"transportation_state_rnk",35.2708
"53014","zcta",2023,"transportation_state_rnk",76.8824
"53015","zcta",2023,"transportation_state_rnk",27.2787
"53016","zcta",2023,"transportation_state_rnk",10.4359
"53017","zcta",2023,"transportation_state_rnk",58.1242
"53018","zcta",2023,"transportation_state_rnk",23.1176
"53019","zcta",2023,"transportation_state_rnk",12.6816
"53020","zcta",2023,"transportation_state_rnk",35.9974
"53021","zcta",2023,"transportation_state_rnk",7.926
"53022","zcta",2023,"transportation_state_rnk",84.5443
"53023","zcta",2023,"transportation_state_rnk",10.568
"53024","zcta",2023,"transportation_state_rnk",84.0819
"53027","zcta",2023,"transportation_state_rnk",79.8547
"53029","zcta",2023,"transportation_state_rnk",84.2801
"53031","zcta",2023,"transportation_state_rnk",NA
"53032","zcta",2023,"transportation_state_rnk",37.9128
"53033","zcta",2023,"transportation_state_rnk",56.6711
"53034","zcta",2023,"transportation_state_rnk",15.1915
"53035","zcta",2023,"transportation_state_rnk",6.8032
"53036","zcta",2023,"transportation_state_rnk",59.7094
"53037","zcta",2023,"transportation_state_rnk",79.8547
"53038","zcta",2023,"transportation_state_rnk",31.8362
"53039","zcta",2023,"transportation_state_rnk",25.0991
"53040","zcta",2023,"transportation_state_rnk",51.6513
"53042","zcta",2023,"transportation_state_rnk",76.2219
"53044","zcta",2023,"transportation_state_rnk",58.1242
"53045","zcta",2023,"transportation_state_rnk",83.0911
"53046","zcta",2023,"transportation_state_rnk",51.8494
"53047","zcta",2023,"transportation_state_rnk",NA
"53048","zcta",2023,"transportation_state_rnk",43.9894
"53049","zcta",2023,"transportation_state_rnk",53.4346
"53050","zcta",2023,"transportation_state_rnk",4.6235
"53051","zcta",2023,"transportation_state_rnk",83.6196
"53057","zcta",2023,"transportation_state_rnk",37.9128
"53058","zcta",2023,"transportation_state_rnk",65.9841
"53059","zcta",2023,"transportation_state_rnk",11.2285
"53061","zcta",2023,"transportation_state_rnk",11.2285
"53063","zcta",2023,"transportation_state_rnk",56.0766
"53065","zcta",2023,"transportation_state_rnk",5.6143
"53066","zcta",2023,"transportation_state_rnk",82.0343
"53069","zcta",2023,"transportation_state_rnk",3.897
"53070","zcta",2023,"transportation_state_rnk",48.0845
"53072","zcta",2023,"transportation_state_rnk",83.8838
"53073","zcta",2023,"transportation_state_rnk",21.2682
"53074","zcta",2023,"transportation_state_rnk",82.5627
"53075","zcta",2023,"transportation_state_rnk",30.0528
"53076","zcta",2023,"transportation_state_rnk",16.7768
"53078","zcta",2023,"transportation_state_rnk",21.6645
"53079","zcta",2023,"transportation_state_rnk",6.4069
"53080","zcta",2023,"transportation_state_rnk",32.6948
"53081","zcta",2023,"transportation_state_rnk",98.1506
"53083","zcta",2023,"transportation_state_rnk",99.0753
"53085","zcta",2023,"transportation_state_rnk",98.0185
"53086","zcta",2023,"transportation_state_rnk",14.0687
"53088","zcta",2023,"transportation_state_rnk",61.9551
"53089","zcta",2023,"transportation_state_rnk",83.7517
"53090","zcta",2023,"transportation_state_rnk",79.5244
"53091","zcta",2023,"transportation_state_rnk",36.9881
"53092","zcta",2023,"transportation_state_rnk",84.6764
"53093","zcta",2023,"transportation_state_rnk",14.8613
"53094","zcta",2023,"transportation_state_rnk",92.8666
"53095","zcta",2023,"transportation_state_rnk",80.0528
"53097","zcta",2023,"transportation_state_rnk",63.6724
"53098","zcta",2023,"transportation_state_rnk",35.9974
"53099","zcta",2023,"transportation_state_rnk",NA
"53103","zcta",2023,"transportation_state_rnk",5.1519
"53104","zcta",2023,"transportation_state_rnk",25.0991
"53105","zcta",2023,"transportation_state_rnk",29.5244
"53108","zcta",2023,"transportation_state_rnk",7.0013
"53110","zcta",2023,"transportation_state_rnk",86.3276
"53114","zcta",2023,"transportation_state_rnk",21.4003
"53115","zcta",2023,"transportation_state_rnk",52.5099
"53118","zcta",2023,"transportation_state_rnk",6.2087
"53119","zcta",2023,"transportation_state_rnk",5.284
"53120","zcta",2023,"transportation_state_rnk",46.9617
"53121","zcta",2023,"transportation_state_rnk",94.1876
"53122","zcta",2023,"transportation_state_rnk",61.3606
"53125","zcta",2023,"transportation_state_rnk",67.6354
"53126","zcta",2023,"transportation_state_rnk",14.531
"53127","zcta",2023,"transportation_state_rnk",34.5443
"53128","zcta",2023,"transportation_state_rnk",27.675
"53129","zcta",2023,"transportation_state_rnk",81.638
"53130","zcta",2023,"transportation_state_rnk",81.9022
"53132","zcta",2023,"transportation_state_rnk",82.6948
"53137","zcta",2023,"transportation_state_rnk",68.6922
"53139","zcta",2023,"transportation_state_rnk",49.4716
"53140","zcta",2023,"transportation_state_rnk",88.2431
"53142","zcta",2023,"transportation_state_rnk",87.8468
"53143","zcta",2023,"transportation_state_rnk",87.7147
"53144","zcta",2023,"transportation_state_rnk",88.3752
"53146","zcta",2023,"transportation_state_rnk",20.0793
"53147","zcta",2023,"transportation_state_rnk",57.4637
"53149","zcta",2023,"transportation_state_rnk",13.2761
"53150","zcta",2023,"transportation_state_rnk",81.7701
"53151","zcta",2023,"transportation_state_rnk",81.5059
"53153","zcta",2023,"transportation_state_rnk",43.1968
"53154","zcta",2023,"transportation_state_rnk",82.2985
"53156","zcta",2023,"transportation_state_rnk",74.1744
"53157","zcta",2023,"transportation_state_rnk",NA
"53158","zcta",2023,"transportation_state_rnk",87.5826
"53167","zcta",2023,"transportation_state_rnk",1.321
"53168","zcta",2023,"transportation_state_rnk",10.8983
"53170","zcta",2023,"transportation_state_rnk",57.6618
"53172","zcta",2023,"transportation_state_rnk",84.4122
"53176","zcta",2023,"transportation_state_rnk",1.0568
"53177","zcta",2023,"transportation_state_rnk",95.6407
"53178","zcta",2023,"transportation_state_rnk",6.8032
"53179","zcta",2023,"transportation_state_rnk",27.675
"53181","zcta",2023,"transportation_state_rnk",45.5086
"53182","zcta",2023,"transportation_state_rnk",64.0026
"53183","zcta",2023,"transportation_state_rnk",44.9141
"53184","zcta",2023,"transportation_state_rnk",22.0608
"53185","zcta",2023,"transportation_state_rnk",21.07
"53186","zcta",2023,"transportation_state_rnk",84.8085
"53188","zcta",2023,"transportation_state_rnk",83.2232
"53189","zcta",2023,"transportation_state_rnk",83.3554
"53190","zcta",2023,"transportation_state_rnk",96.5654
"53191","zcta",2023,"transportation_state_rnk",60.7662
"53192","zcta",2023,"transportation_state_rnk",79.3923
"53195","zcta",2023,"transportation_state_rnk",23.4478
"53202","zcta",2023,"transportation_state_rnk",93.9234
"53203","zcta",2023,"transportation_state_rnk",80.5812
"53204","zcta",2023,"transportation_state_rnk",93.395
"53205","zcta",2023,"transportation_state_rnk",96.037
"53206","zcta",2023,"transportation_state_rnk",95.9049
"53207","zcta",2023,"transportation_state_rnk",86.9221
"53208","zcta",2023,"transportation_state_rnk",94.8481
"53209","zcta",2023,"transportation_state_rnk",90.6209
"53210","zcta",2023,"transportation_state_rnk",89.432
"53211","zcta",2023,"transportation_state_rnk",91.1493
"53212","zcta",2023,"transportation_state_rnk",95.2444
"53213","zcta",2023,"transportation_state_rnk",85.2048
"53214","zcta",2023,"transportation_state_rnk",87.4505
"53215","zcta",2023,"transportation_state_rnk",87.9789
"53216","zcta",2023,"transportation_state_rnk",89.7622
"53217","zcta",2023,"transportation_state_rnk",85.9313
"53218","zcta",2023,"transportation_state_rnk",88.5073
"53219","zcta",2023,"transportation_state_rnk",85.0727
"53220","zcta",2023,"transportation_state_rnk",82.1664
"53221","zcta",2023,"transportation_state_rnk",86.5258
"53222","zcta",2023,"transportation_state_rnk",86.79
"53223","zcta",2023,"transportation_state_rnk",86.6579
"53224","zcta",2023,"transportation_state_rnk",88.111
"53225","zcta",2023,"transportation_state_rnk",85.7332
"53226","zcta",2023,"transportation_state_rnk",85.3369
"53227","zcta",2023,"transportation_state_rnk",85.9313
"53228","zcta",2023,"transportation_state_rnk",82.893
"53233","zcta",2023,"transportation_state_rnk",NA
"53235","zcta",2023,"transportation_state_rnk",58.1242
"53295","zcta",2023,"transportation_state_rnk",NA
"53402","zcta",2023,"transportation_state_rnk",96.4333
"53403","zcta",2023,"transportation_state_rnk",98.2827
"53404","zcta",2023,"transportation_state_rnk",97.7543
"53405","zcta",2023,"transportation_state_rnk",96.6975
"53406","zcta",2023,"transportation_state_rnk",96.9617
"53501","zcta",2023,"transportation_state_rnk",74.9009
"53502","zcta",2023,"transportation_state_rnk",31.572
"53503","zcta",2023,"transportation_state_rnk",40.4227
"53504","zcta",2023,"transportation_state_rnk",33.4214
"53505","zcta",2023,"transportation_state_rnk",19.6169
"53506","zcta",2023,"transportation_state_rnk",59.3131
"53507","zcta",2023,"transportation_state_rnk",20.4756
"53508","zcta",2023,"transportation_state_rnk",38.5733
"53510","zcta",2023,"transportation_state_rnk",70.1453
"53511","zcta",2023,"transportation_state_rnk",47.424
"53515","zcta",2023,"transportation_state_rnk",53.1704
"53516","zcta",2023,"transportation_state_rnk",60.6341
"53517","zcta",2023,"transportation_state_rnk",73.1176
"53518","zcta",2023,"transportation_state_rnk",19.6169
"53520","zcta",2023,"transportation_state_rnk",50.7926
"53521","zcta",2023,"transportation_state_rnk",24.6367
"53522","zcta",2023,"transportation_state_rnk",37.6486
"53523","zcta",2023,"transportation_state_rnk",29.2602
"53525","zcta",2023,"transportation_state_rnk",19.6169
"53526","zcta",2023,"transportation_state_rnk",9.4452
"53527","zcta",2023,"transportation_state_rnk",36.3276
"53528","zcta",2023,"transportation_state_rnk",38.5733
"53529","zcta",2023,"transportation_state_rnk",36.5258
"53530","zcta",2023,"transportation_state_rnk",100
"53531","zcta",2023,"transportation_state_rnk",59.0489
"53532","zcta",2023,"transportation_state_rnk",32.6948
"53533","zcta",2023,"transportation_state_rnk",62.8798
"53534","zcta",2023,"transportation_state_rnk",90.3567
"53536","zcta",2023,"transportation_state_rnk",13.0119
"53537","zcta",2023,"transportation_state_rnk",4.0951
"53538","zcta",2023,"transportation_state_rnk",92.9987
"53540","zcta",2023,"transportation_state_rnk",0.7926
"53541","zcta",2023,"transportation_state_rnk",69.8811
"53543","zcta",2023,"transportation_state_rnk",55.6143
"53544","zcta",2023,"transportation_state_rnk",61.3606
"53545","zcta",2023,"transportation_state_rnk",89.7622
"53546","zcta",2023,"transportation_state_rnk",89.2999
"53548","zcta",2023,"transportation_state_rnk",90.8851
"53549","zcta",2023,"transportation_state_rnk",29.5244
"53550","zcta",2023,"transportation_state_rnk",25.6935
"53551","zcta",2023,"transportation_state_rnk",90.0925
"53553","zcta",2023,"transportation_state_rnk",29.2602
"53554","zcta",2023,"transportation_state_rnk",72.6552
"53555","zcta",2023,"transportation_state_rnk",53.6988
"53556","zcta",2023,"transportation_state_rnk",26.8824
"53557","zcta",2023,"transportation_state_rnk",52.7741
"53558","zcta",2023,"transportation_state_rnk",92.6024
"53559","zcta",2023,"transportation_state_rnk",34.0819
"53560","zcta",2023,"transportation_state_rnk",49.4716
"53561","zcta",2023,"transportation_state_rnk",25.0991
"53562","zcta",2023,"transportation_state_rnk",95.1123
"53563","zcta",2023,"transportation_state_rnk",88.6394
"53565","zcta",2023,"transportation_state_rnk",66.7107
"53566","zcta",2023,"transportation_state_rnk",91.5456
"53569","zcta",2023,"transportation_state_rnk",46.103
"53570","zcta",2023,"transportation_state_rnk",15.0594
"53571","zcta",2023,"transportation_state_rnk",0.3963
"53572","zcta",2023,"transportation_state_rnk",45.5086
"53573","zcta",2023,"transportation_state_rnk",21.7966
"53574","zcta",2023,"transportation_state_rnk",56.6711
"53575","zcta",2023,"transportation_state_rnk",47.424
"53576","zcta",2023,"transportation_state_rnk",24.1744
"53577","zcta",2023,"transportation_state_rnk",46.4993
"53578","zcta",2023,"transportation_state_rnk",18.6262
"53579","zcta",2023,"transportation_state_rnk",23.7781
"53580","zcta",2023,"transportation_state_rnk",67.8996
"53581","zcta",2023,"transportation_state_rnk",92.14
"53582","zcta",2023,"transportation_state_rnk",32.6948
"53583","zcta",2023,"transportation_state_rnk",37.3184
"53584","zcta",2023,"transportation_state_rnk",NA
"53585","zcta",2023,"transportation_state_rnk",25.6935
"53586","zcta",2023,"transportation_state_rnk",22.0608
"53587","zcta",2023,"transportation_state_rnk",65.2576
"53588","zcta",2023,"transportation_state_rnk",55.1519
"53589","zcta",2023,"transportation_state_rnk",94.5839
"53590","zcta",2023,"transportation_state_rnk",94.716
"53593","zcta",2023,"transportation_state_rnk",94.3197
"53594","zcta",2023,"transportation_state_rnk",22.0608
"53597","zcta",2023,"transportation_state_rnk",94.4518
"53598","zcta",2023,"transportation_state_rnk",46.9617
"53599","zcta",2023,"transportation_state_rnk",NA
"53703","zcta",2023,"transportation_state_rnk",99.8679
"53704","zcta",2023,"transportation_state_rnk",97.6222
"53705","zcta",2023,"transportation_state_rnk",99.2074
"53706","zcta",2023,"transportation_state_rnk",NA
"53711","zcta",2023,"transportation_state_rnk",97.2259
"53713","zcta",2023,"transportation_state_rnk",96.2351
"53714","zcta",2023,"transportation_state_rnk",97.358
"53715","zcta",2023,"transportation_state_rnk",99.4716
"53716","zcta",2023,"transportation_state_rnk",95.7728
"53717","zcta",2023,"transportation_state_rnk",78.0053
"53718","zcta",2023,"transportation_state_rnk",94.9802
"53719","zcta",2023,"transportation_state_rnk",95.3765
"53726","zcta",2023,"transportation_state_rnk",99.7358
"53792","zcta",2023,"transportation_state_rnk",NA
"53801","zcta",2023,"transportation_state_rnk",24.6367
"53802","zcta",2023,"transportation_state_rnk",64.0026
"53803","zcta",2023,"transportation_state_rnk",4.7556
"53804","zcta",2023,"transportation_state_rnk",51.4531
"53805","zcta",2023,"transportation_state_rnk",56.0766
"53806","zcta",2023,"transportation_state_rnk",69.749
"53807","zcta",2023,"transportation_state_rnk",70.2774
"53808","zcta",2023,"transportation_state_rnk",4.4914
"53809","zcta",2023,"transportation_state_rnk",69.6169
"53810","zcta",2023,"transportation_state_rnk",68.2959
"53811","zcta",2023,"transportation_state_rnk",40.8851
"53812","zcta",2023,"transportation_state_rnk",1.7173
"53813","zcta",2023,"transportation_state_rnk",99.6037
"53816","zcta",2023,"transportation_state_rnk",67.8996
"53817","zcta",2023,"transportation_state_rnk",78.3355
"53818","zcta",2023,"transportation_state_rnk",87.0542
"53820","zcta",2023,"transportation_state_rnk",49.0092
"53821","zcta",2023,"transportation_state_rnk",63.21
"53825","zcta",2023,"transportation_state_rnk",75.6275
"53826","zcta",2023,"transportation_state_rnk",64.3329
"53827","zcta",2023,"transportation_state_rnk",5.6143
"53901","zcta",2023,"transportation_state_rnk",91.0172
"53910","zcta",2023,"transportation_state_rnk",17.041
"53911","zcta",2023,"transportation_state_rnk",11.823
"53913","zcta",2023,"transportation_state_rnk",41.4135
"53916","zcta",2023,"transportation_state_rnk",40.4227
"53919","zcta",2023,"transportation_state_rnk",21.07
"53920","zcta",2023,"transportation_state_rnk",6.605
"53922","zcta",2023,"transportation_state_rnk",68.9564
"53923","zcta",2023,"transportation_state_rnk",62.6816
"53924","zcta",2023,"transportation_state_rnk",52.0476
"53925","zcta",2023,"transportation_state_rnk",51.255
"53926","zcta",2023,"transportation_state_rnk",80.8454
"53928","zcta",2023,"transportation_state_rnk",NA
"53929","zcta",2023,"transportation_state_rnk",54.6235
"53930","zcta",2023,"transportation_state_rnk",13.8045
"53931","zcta",2023,"transportation_state_rnk",38.2431
"53932","zcta",2023,"transportation_state_rnk",11.6248
"53933","zcta",2023,"transportation_state_rnk",51.0568
"53934","zcta",2023,"transportation_state_rnk",15.852
"53935","zcta",2023,"transportation_state_rnk",3.6328
"53936","zcta",2023,"transportation_state_rnk",60.1057
"53937","zcta",2023,"transportation_state_rnk",75.1651
"53939","zcta",2023,"transportation_state_rnk",60.4359
"53940","zcta",2023,"transportation_state_rnk",NA
"53941","zcta",2023,"transportation_state_rnk",54.2272
"53942","zcta",2023,"transportation_state_rnk",42.4703
"53943","zcta",2023,"transportation_state_rnk",72.9194
"53944","zcta",2023,"transportation_state_rnk",16.1823
"53946","zcta",2023,"transportation_state_rnk",71.2021
"53947","zcta",2023,"transportation_state_rnk",38.9036
"53948","zcta",2023,"transportation_state_rnk",91.8098
"53949","zcta",2023,"transportation_state_rnk",19.6169
"53950","zcta",2023,"transportation_state_rnk",28.4676
"53951","zcta",2023,"transportation_state_rnk",32.6948
"53952","zcta",2023,"transportation_state_rnk",24.1744
"53953","zcta",2023,"transportation_state_rnk",0
"53954","zcta",2023,"transportation_state_rnk",27.0806
"53955","zcta",2023,"transportation_state_rnk",39.8943
"53956","zcta",2023,"transportation_state_rnk",51.8494
"53959","zcta",2023,"transportation_state_rnk",30.0528
"53960","zcta",2023,"transportation_state_rnk",35.9974
"53961","zcta",2023,"transportation_state_rnk",3.1704
"53962","zcta",2023,"transportation_state_rnk",NA
"53963","zcta",2023,"transportation_state_rnk",92.4703
"53964","zcta",2023,"transportation_state_rnk",64.2008
"53965","zcta",2023,"transportation_state_rnk",50.2642
"53968","zcta",2023,"transportation_state_rnk",48.2827
"53969","zcta",2023,"transportation_state_rnk",57.1334
"54001","zcta",2023,"transportation_state_rnk",28.93
"54002","zcta",2023,"transportation_state_rnk",51.0568
"54003","zcta",2023,"transportation_state_rnk",6.0106
"54004","zcta",2023,"transportation_state_rnk",9.8415
"54005","zcta",2023,"transportation_state_rnk",71.4663
"54006","zcta",2023,"transportation_state_rnk",50.5284
"54007","zcta",2023,"transportation_state_rnk",4.2933
"54009","zcta",2023,"transportation_state_rnk",23.1176
"54011","zcta",2023,"transportation_state_rnk",24.1744
"54013","zcta",2023,"transportation_state_rnk",39.2999
"54014","zcta",2023,"transportation_state_rnk",7.3316
"54015","zcta",2023,"transportation_state_rnk",33.4214
"54016","zcta",2023,"transportation_state_rnk",80.317
"54017","zcta",2023,"transportation_state_rnk",92.3382
"54020","zcta",2023,"transportation_state_rnk",30.7794
"54021","zcta",2023,"transportation_state_rnk",63.4082
"54022","zcta",2023,"transportation_state_rnk",93.2629
"54023","zcta",2023,"transportation_state_rnk",35.6011
"54024","zcta",2023,"transportation_state_rnk",25.6935
"54025","zcta",2023,"transportation_state_rnk",57.86
"54026","zcta",2023,"transportation_state_rnk",44.9141
"54027","zcta",2023,"transportation_state_rnk",31.3078
"54028","zcta",2023,"transportation_state_rnk",42.4703
"54082","zcta",2023,"transportation_state_rnk",71.7305
"54101","zcta",2023,"transportation_state_rnk",6.4069
"54102","zcta",2023,"transportation_state_rnk",15.4557
"54103","zcta",2023,"transportation_state_rnk",20.0793
"54104","zcta",2023,"transportation_state_rnk",65.2576
"54106","zcta",2023,"transportation_state_rnk",10.8983
"54107","zcta",2023,"transportation_state_rnk",66.1823
"54110","zcta",2023,"transportation_state_rnk",15.852
"54111","zcta",2023,"transportation_state_rnk",22.4571
"54112","zcta",2023,"transportation_state_rnk",26.0898
"54113","zcta",2023,"transportation_state_rnk",3.4346
"54114","zcta",2023,"transportation_state_rnk",70.8719
"54115","zcta",2023,"transportation_state_rnk",89.1678
"54119","zcta",2023,"transportation_state_rnk",77.0145
"54120","zcta",2023,"transportation_state_rnk",2.1136
"54121","zcta",2023,"transportation_state_rnk",13.2761
"54123","zcta",2023,"transportation_state_rnk",0.2642
"54124","zcta",2023,"transportation_state_rnk",72.2589
"54125","zcta",2023,"transportation_state_rnk",2.9062
"54126","zcta",2023,"transportation_state_rnk",18.2299
"54127","zcta",2023,"transportation_state_rnk",NA
"54128","zcta",2023,"transportation_state_rnk",13.5403
"54129","zcta",2023,"transportation_state_rnk",28.4676
"54130","zcta",2023,"transportation_state_rnk",31.1096
"54135","zcta",2023,"transportation_state_rnk",7.7279
"54136","zcta",2023,"transportation_state_rnk",73.4478
"54137","zcta",2023,"transportation_state_rnk",15.4557
"54138","zcta",2023,"transportation_state_rnk",53.897
"54139","zcta",2023,"transportation_state_rnk",34.5443
"54140","zcta",2023,"transportation_state_rnk",17.7015
"54141","zcta",2023,"transportation_state_rnk",43.1968
"54143","zcta",2023,"transportation_state_rnk",64.531
"54149","zcta",2023,"transportation_state_rnk",76.7503
"54150","zcta",2023,"transportation_state_rnk",58.7847
"54151","zcta",2023,"transportation_state_rnk",16.1823
"54152","zcta",2023,"transportation_state_rnk",1.1889
"54153","zcta",2023,"transportation_state_rnk",81.1096
"54154","zcta",2023,"transportation_state_rnk",28.93
"54155","zcta",2023,"transportation_state_rnk",12.6816
"54156","zcta",2023,"transportation_state_rnk",53.4346
"54157","zcta",2023,"transportation_state_rnk",26.4861
"54159","zcta",2023,"transportation_state_rnk",40.8851
"54160","zcta",2023,"transportation_state_rnk",9.181
"54161","zcta",2023,"transportation_state_rnk",20.4756
"54162","zcta",2023,"transportation_state_rnk",13.5403
"54165","zcta",2023,"transportation_state_rnk",34.0819
"54166","zcta",2023,"transportation_state_rnk",92.7345
"54169","zcta",2023,"transportation_state_rnk",12.1532
"54170","zcta",2023,"transportation_state_rnk",10.1717
"54171","zcta",2023,"transportation_state_rnk",27.675
"54173","zcta",2023,"transportation_state_rnk",40.8851
"54174","zcta",2023,"transportation_state_rnk",43.6592
"54175","zcta",2023,"transportation_state_rnk",41.8098
"54177","zcta",2023,"transportation_state_rnk",59.7094
"54180","zcta",2023,"transportation_state_rnk",39.8943
"54201","zcta",2023,"transportation_state_rnk",22.4571
"54202","zcta",2023,"transportation_state_rnk",74.5046
"54204","zcta",2023,"transportation_state_rnk",32.6948
"54205","zcta",2023,"transportation_state_rnk",8.5205
"54207","zcta",2023,"transportation_state_rnk",9.4452
"54208","zcta",2023,"transportation_state_rnk",13.8045
"54209","zcta",2023,"transportation_state_rnk",61.6248
"54210","zcta",2023,"transportation_state_rnk",75.033
"54211","zcta",2023,"transportation_state_rnk",65.2576
"54212","zcta",2023,"transportation_state_rnk",68.4941
"54213","zcta",2023,"transportation_state_rnk",60.4359
"54214","zcta",2023,"transportation_state_rnk",48.5469
"54215","zcta",2023,"transportation_state_rnk",8.0581
"54216","zcta",2023,"transportation_state_rnk",42.4703
"54217","zcta",2023,"transportation_state_rnk",30.7794
"54220","zcta",2023,"transportation_state_rnk",90.0925
"54227","zcta",2023,"transportation_state_rnk",14.6631
"54228","zcta",2023,"transportation_state_rnk",25.0991
"54229","zcta",2023,"transportation_state_rnk",20.8058
"54230","zcta",2023,"transportation_state_rnk",55.7464
"54232","zcta",2023,"transportation_state_rnk",33.4214
"54234","zcta",2023,"transportation_state_rnk",59.7094
"54235","zcta",2023,"transportation_state_rnk",99.3395
"54241","zcta",2023,"transportation_state_rnk",88.7715
"54245","zcta",2023,"transportation_state_rnk",31.572
"54246","zcta",2023,"transportation_state_rnk",65.9841
"54247","zcta",2023,"transportation_state_rnk",7.7279
"54301","zcta",2023,"transportation_state_rnk",90.0925
"54302","zcta",2023,"transportation_state_rnk",91.3474
"54303","zcta",2023,"transportation_state_rnk",92.14
"54304","zcta",2023,"transportation_state_rnk",91.3474
"54307","zcta",2023,"transportation_state_rnk",NA
"54311","zcta",2023,"transportation_state_rnk",90.753
"54313","zcta",2023,"transportation_state_rnk",89.0357
"54401","zcta",2023,"transportation_state_rnk",98.9432
"54403","zcta",2023,"transportation_state_rnk",98.8111
"54405","zcta",2023,"transportation_state_rnk",37.3184
"54406","zcta",2023,"transportation_state_rnk",32.1004
"54407","zcta",2023,"transportation_state_rnk",27.2787
"54408","zcta",2023,"transportation_state_rnk",45.9049
"54409","zcta",2023,"transportation_state_rnk",21.5324
"54410","zcta",2023,"transportation_state_rnk",49.4716
"54411","zcta",2023,"transportation_state_rnk",69.3527
"54412","zcta",2023,"transportation_state_rnk",59.3131
"54413","zcta",2023,"transportation_state_rnk",4.8877
"54414","zcta",2023,"transportation_state_rnk",49.8679
"54416","zcta",2023,"transportation_state_rnk",11.4927
"54417","zcta",2023,"transportation_state_rnk",NA
"54418","zcta",2023,"transportation_state_rnk",50.2642
"54420","zcta",2023,"transportation_state_rnk",78.8639
"54421","zcta",2023,"transportation_state_rnk",49.8679
"54422","zcta",2023,"transportation_state_rnk",81.3738
"54423","zcta",2023,"transportation_state_rnk",29.7226
"54424","zcta",2023,"transportation_state_rnk",43.1968
"54425","zcta",2023,"transportation_state_rnk",60.1057
"54426","zcta",2023,"transportation_state_rnk",73.9762
"54427","zcta",2023,"transportation_state_rnk",17.7015
"54428","zcta",2023,"transportation_state_rnk",2.5099
"54430","zcta",2023,"transportation_state_rnk",NA
"54433","zcta",2023,"transportation_state_rnk",69.1546
"54435","zcta",2023,"transportation_state_rnk",46.4993
"54436","zcta",2023,"transportation_state_rnk",79.2602
"54437","zcta",2023,"transportation_state_rnk",78.0053
"54440","zcta",2023,"transportation_state_rnk",8.7847
"54441","zcta",2023,"transportation_state_rnk",62.6816
"54442","zcta",2023,"transportation_state_rnk",33.4214
"54443","zcta",2023,"transportation_state_rnk",57.1334
"54446","zcta",2023,"transportation_state_rnk",69.4848
"54447","zcta",2023,"transportation_state_rnk",61.823
"54448","zcta",2023,"transportation_state_rnk",66.8428
"54449","zcta",2023,"transportation_state_rnk",93.1308
"54450","zcta",2023,"transportation_state_rnk",26.4861
"54451","zcta",2023,"transportation_state_rnk",94.0555
"54452","zcta",2023,"transportation_state_rnk",82.4306
"54454","zcta",2023,"transportation_state_rnk",16.4465
"54455","zcta",2023,"transportation_state_rnk",98.5469
"54456","zcta",2023,"transportation_state_rnk",36.856
"54457","zcta",2023,"transportation_state_rnk",63.8045
"54458","zcta",2023,"transportation_state_rnk",67.3712
"54459","zcta",2023,"transportation_state_rnk",67.1731
"54460","zcta",2023,"transportation_state_rnk",73.1176
"54462","zcta",2023,"transportation_state_rnk",57.6618
"54463","zcta",2023,"transportation_state_rnk",13.0119
"54464","zcta",2023,"transportation_state_rnk",NA
"54465","zcta",2023,"transportation_state_rnk",16.7768
"54466","zcta",2023,"transportation_state_rnk",31.572
"54467","zcta",2023,"transportation_state_rnk",97.4901
"54469","zcta",2023,"transportation_state_rnk",12.1532
"54470","zcta",2023,"transportation_state_rnk",65.5218
"54471","zcta",2023,"transportation_state_rnk",8.3223
"54473","zcta",2023,"transportation_state_rnk",47.424
"54474","zcta",2023,"transportation_state_rnk",98.679
"54475","zcta",2023,"transportation_state_rnk",45.5086
"54476","zcta",2023,"transportation_state_rnk",98.4148
"54479","zcta",2023,"transportation_state_rnk",70.6077
"54480","zcta",2023,"transportation_state_rnk",68.4941
"54481","zcta",2023,"transportation_state_rnk",97.8864
"54482","zcta",2023,"transportation_state_rnk",25.6935
"54484","zcta",2023,"transportation_state_rnk",62.4174
"54485","zcta",2023,"transportation_state_rnk",70.8719
"54486","zcta",2023,"transportation_state_rnk",63.0119
"54487","zcta",2023,"transportation_state_rnk",89.5641
"54488","zcta",2023,"transportation_state_rnk",40.8851
"54489","zcta",2023,"transportation_state_rnk",48.745
"54490","zcta",2023,"transportation_state_rnk",55.4822
"54491","zcta",2023,"transportation_state_rnk",15.4557
"54493","zcta",2023,"transportation_state_rnk",74.1744
"54494","zcta",2023,"transportation_state_rnk",90.4888
"54495","zcta",2023,"transportation_state_rnk",91.9419
"54498","zcta",2023,"transportation_state_rnk",79.1281
"54499","zcta",2023,"transportation_state_rnk",76.4861
"54501","zcta",2023,"transportation_state_rnk",96.2351
"54511","zcta",2023,"transportation_state_rnk",43.6592
"54512","zcta",2023,"transportation_state_rnk",17.7015
"54513","zcta",2023,"transportation_state_rnk",10.3038
"54514","zcta",2023,"transportation_state_rnk",48.2827
"54515","zcta",2023,"transportation_state_rnk",43.1968
"54517","zcta",2023,"transportation_state_rnk",80.4491
"54519","zcta",2023,"transportation_state_rnk",46.4993
"54520","zcta",2023,"transportation_state_rnk",54.8877
"54521","zcta",2023,"transportation_state_rnk",60.9643
"54524","zcta",2023,"transportation_state_rnk",20.8058
"54525","zcta",2023,"transportation_state_rnk",23.1176
"54526","zcta",2023,"transportation_state_rnk",50.0661
"54527","zcta",2023,"transportation_state_rnk",63.21
"54529","zcta",2023,"transportation_state_rnk",12.1532
"54530","zcta",2023,"transportation_state_rnk",52.9723
"54531","zcta",2023,"transportation_state_rnk",38.2431
"54534","zcta",2023,"transportation_state_rnk",33.4214
"54536","zcta",2023,"transportation_state_rnk",0.5284
"54537","zcta",2023,"transportation_state_rnk",76.6182
"54538","zcta",2023,"transportation_state_rnk",74.3725
"54539","zcta",2023,"transportation_state_rnk",44.5178
"54540","zcta",2023,"transportation_state_rnk",64.531
"54541","zcta",2023,"transportation_state_rnk",33.8177
"54542","zcta",2023,"transportation_state_rnk",47.8203
"54545","zcta",2023,"transportation_state_rnk",20.4756
"54546","zcta",2023,"transportation_state_rnk",60.1057
"54547","zcta",2023,"transportation_state_rnk",23.4478
"54548","zcta",2023,"transportation_state_rnk",18.6262
"54550","zcta",2023,"transportation_state_rnk",4.2933
"54552","zcta",2023,"transportation_state_rnk",22.4571
"54554","zcta",2023,"transportation_state_rnk",42.4703
"54555","zcta",2023,"transportation_state_rnk",32.6948
"54556","zcta",2023,"transportation_state_rnk",44.9141
"54557","zcta",2023,"transportation_state_rnk",54.2272
"54558","zcta",2023,"transportation_state_rnk",27.675
"54559","zcta",2023,"transportation_state_rnk",78.7318
"54560","zcta",2023,"transportation_state_rnk",2.3118
"54561","zcta",2023,"transportation_state_rnk",NA
"54562","zcta",2023,"transportation_state_rnk",25.0991
"54563","zcta",2023,"transportation_state_rnk",30.7794
"54564","zcta",2023,"transportation_state_rnk",54.8877
"54565","zcta",2023,"transportation_state_rnk",NA
"54566","zcta",2023,"transportation_state_rnk",42.0079
"54568","zcta",2023,"transportation_state_rnk",5.8124
"54601","zcta",2023,"transportation_state_rnk",97.0938
"54603","zcta",2023,"transportation_state_rnk",96.8296
"54610","zcta",2023,"transportation_state_rnk",58.5205
"54611","zcta",2023,"transportation_state_rnk",28.93
"54612","zcta",2023,"transportation_state_rnk",65.6539
"54613","zcta",2023,"transportation_state_rnk",18.6262
"54614","zcta",2023,"transportation_state_rnk",58.5205
"54615","zcta",2023,"transportation_state_rnk",26.4861
"54616","zcta",2023,"transportation_state_rnk",17.3052
"54618","zcta",2023,"transportation_state_rnk",62.0872
"54619","zcta",2023,"transportation_state_rnk",74.7688
"54621","zcta",2023,"transportation_state_rnk",10.0396
"54622","zcta",2023,"transportation_state_rnk",31.1096
"54623","zcta",2023,"transportation_state_rnk",56.4069
"54624","zcta",2023,"transportation_state_rnk",37.9128
"54625","zcta",2023,"transportation_state_rnk",44.3197
"54626","zcta",2023,"transportation_state_rnk",11.2285
"54627","zcta",2023,"transportation_state_rnk",30.5152
"54628","zcta",2023,"transportation_state_rnk",46.4993
"54629","zcta",2023,"transportation_state_rnk",28.0713
"54630","zcta",2023,"transportation_state_rnk",26.4861
"54631","zcta",2023,"transportation_state_rnk",72.7873
"54632","zcta",2023,"transportation_state_rnk",62.2193
"54634","zcta",2023,"transportation_state_rnk",75.4293
"54635","zcta",2023,"transportation_state_rnk",35.9974
"54636","zcta",2023,"transportation_state_rnk",93.5271
"54637","zcta",2023,"transportation_state_rnk",1.9815
"54638","zcta",2023,"transportation_state_rnk",75.8917
"54639","zcta",2023,"transportation_state_rnk",91.6777
"54642","zcta",2023,"transportation_state_rnk",74.6367
"54643","zcta",2023,"transportation_state_rnk",NA
"54644","zcta",2023,"transportation_state_rnk",23.646
"54645","zcta",2023,"transportation_state_rnk",77.2787
"54646","zcta",2023,"transportation_state_rnk",14.8613
"54648","zcta",2023,"transportation_state_rnk",72.1268
"54650","zcta",2023,"transportation_state_rnk",93.6592
"54651","zcta",2023,"transportation_state_rnk",77.4108
"54652","zcta",2023,"transportation_state_rnk",69.1546
"54653","zcta",2023,"transportation_state_rnk",59.3131
"54654","zcta",2023,"transportation_state_rnk",2.642
"54655","zcta",2023,"transportation_state_rnk",67.1731
"54656","zcta",2023,"transportation_state_rnk",80.7133
"54657","zcta",2023,"transportation_state_rnk",48.8771
"54658","zcta",2023,"transportation_state_rnk",30.0528
"54659","zcta",2023,"transportation_state_rnk",73.8441
"54660","zcta",2023,"transportation_state_rnk",93.7913
"54661","zcta",2023,"transportation_state_rnk",34.9406
"54664","zcta",2023,"transportation_state_rnk",66.9749
"54665","zcta",2023,"transportation_state_rnk",95.5086
"54666","zcta",2023,"transportation_state_rnk",24.1744
"54667","zcta",2023,"transportation_state_rnk",56.6711
"54669","zcta",2023,"transportation_state_rnk",14.3329
"54670","zcta",2023,"transportation_state_rnk",80.1849
"54701","zcta",2023,"transportation_state_rnk",85.469
"54703","zcta",2023,"transportation_state_rnk",85.6011
"54720","zcta",2023,"transportation_state_rnk",84.9406
"54721","zcta",2023,"transportation_state_rnk",30.3831
"54722","zcta",2023,"transportation_state_rnk",71.3342
"54723","zcta",2023,"transportation_state_rnk",6.0106
"54724","zcta",2023,"transportation_state_rnk",36.7239
"54725","zcta",2023,"transportation_state_rnk",47.1598
"54726","zcta",2023,"transportation_state_rnk",37.3184
"54727","zcta",2023,"transportation_state_rnk",55.1519
"54728","zcta",2023,"transportation_state_rnk",35.2708
"54729","zcta",2023,"transportation_state_rnk",84.0819
"54730","zcta",2023,"transportation_state_rnk",12.4174
"54731","zcta",2023,"transportation_state_rnk",53.6988
"54732","zcta",2023,"transportation_state_rnk",52.7741
"54733","zcta",2023,"transportation_state_rnk",64.9273
"54734","zcta",2023,"transportation_state_rnk",49.4716
"54736","zcta",2023,"transportation_state_rnk",56.0766
"54737","zcta",2023,"transportation_state_rnk",42.4703
"54738","zcta",2023,"transportation_state_rnk",28.4676
"54739","zcta",2023,"transportation_state_rnk",73.3157
"54740","zcta",2023,"transportation_state_rnk",34.0819
"54741","zcta",2023,"transportation_state_rnk",78.996
"54742","zcta",2023,"transportation_state_rnk",47.8203
"54745","zcta",2023,"transportation_state_rnk",18.6262
"54746","zcta",2023,"transportation_state_rnk",67.8996
"54747","zcta",2023,"transportation_state_rnk",16.4465
"54748","zcta",2023,"transportation_state_rnk",26.8824
"54749","zcta",2023,"transportation_state_rnk",37.3184
"54750","zcta",2023,"transportation_state_rnk",57.3316
"54751","zcta",2023,"transportation_state_rnk",81.2417
"54754","zcta",2023,"transportation_state_rnk",76.0898
"54755","zcta",2023,"transportation_state_rnk",41.8098
"54756","zcta",2023,"transportation_state_rnk",8.5205
"54757","zcta",2023,"transportation_state_rnk",58.5205
"54758","zcta",2023,"transportation_state_rnk",50.5284
"54759","zcta",2023,"transportation_state_rnk",61.1625
"54760","zcta",2023,"transportation_state_rnk",0.9247
"54761","zcta",2023,"transportation_state_rnk",58.9168
"54762","zcta",2023,"transportation_state_rnk",46.4993
"54763","zcta",2023,"transportation_state_rnk",19.2867
"54766","zcta",2023,"transportation_state_rnk",60.9643
"54767","zcta",2023,"transportation_state_rnk",80.9775
"54768","zcta",2023,"transportation_state_rnk",75.8917
"54769","zcta",2023,"transportation_state_rnk",39.498
"54770","zcta",2023,"transportation_state_rnk",39.8943
"54771","zcta",2023,"transportation_state_rnk",77.8071
"54772","zcta",2023,"transportation_state_rnk",54.2272
"54773","zcta",2023,"transportation_state_rnk",65.786
"54801","zcta",2023,"transportation_state_rnk",47.8203
"54805","zcta",2023,"transportation_state_rnk",7.3316
"54806","zcta",2023,"transportation_state_rnk",67.5033
"54810","zcta",2023,"transportation_state_rnk",49.1413
"54812","zcta",2023,"transportation_state_rnk",72.391
"54813","zcta",2023,"transportation_state_rnk",28.4676
"54814","zcta",2023,"transportation_state_rnk",78.5997
"54817","zcta",2023,"transportation_state_rnk",63.5403
"54819","zcta",2023,"transportation_state_rnk",15.852
"54820","zcta",2023,"transportation_state_rnk",18.0317
"54821","zcta",2023,"transportation_state_rnk",64.7292
"54822","zcta",2023,"transportation_state_rnk",52.3118
"54824","zcta",2023,"transportation_state_rnk",19.0885
"54826","zcta",2023,"transportation_state_rnk",38.5733
"54827","zcta",2023,"transportation_state_rnk",77.675
"54828","zcta",2023,"transportation_state_rnk",75.6275
"54829","zcta",2023,"transportation_state_rnk",28.0713
"54830","zcta",2023,"transportation_state_rnk",52.1797
"54832","zcta",2023,"transportation_state_rnk",71.5984
"54835","zcta",2023,"transportation_state_rnk",68.1638
"54836","zcta",2023,"transportation_state_rnk",5.0198
"54837","zcta",2023,"transportation_state_rnk",48.5469
"54838","zcta",2023,"transportation_state_rnk",34.9406
"54839","zcta",2023,"transportation_state_rnk",9.181
"54840","zcta",2023,"transportation_state_rnk",64.9273
"54841","zcta",2023,"transportation_state_rnk",34.5443
"54842","zcta",2023,"transportation_state_rnk",1.8494
"54843","zcta",2023,"transportation_state_rnk",71.07
"54844","zcta",2023,"transportation_state_rnk",76.354
"54845","zcta",2023,"transportation_state_rnk",0.1321
"54846","zcta",2023,"transportation_state_rnk",66.5786
"54847","zcta",2023,"transportation_state_rnk",41.4135
"54848","zcta",2023,"transportation_state_rnk",30.0528
"54849","zcta",2023,"transportation_state_rnk",22.8534
"54850","zcta",2023,"transportation_state_rnk",73.712
"54853","zcta",2023,"transportation_state_rnk",43.9894
"54854","zcta",2023,"transportation_state_rnk",62.4174
"54855","zcta",2023,"transportation_state_rnk",41.4135
"54856","zcta",2023,"transportation_state_rnk",24.1744
"54857","zcta",2023,"transportation_state_rnk",NA
"54858","zcta",2023,"transportation_state_rnk",34.5443
"54859","zcta",2023,"transportation_state_rnk",35.2708
"54861","zcta",2023,"transportation_state_rnk",77.1466
"54862","zcta",2023,"transportation_state_rnk",77.5429
"54864","zcta",2023,"transportation_state_rnk",41.4135
"54865","zcta",2023,"transportation_state_rnk",20.0793
"54867","zcta",2023,"transportation_state_rnk",12.6816
"54868","zcta",2023,"transportation_state_rnk",45.5086
"54870","zcta",2023,"transportation_state_rnk",54.2272
"54871","zcta",2023,"transportation_state_rnk",38.9036
"54872","zcta",2023,"transportation_state_rnk",71.8626
"54873","zcta",2023,"transportation_state_rnk",43.1968
"54874","zcta",2023,"transportation_state_rnk",19.0885
"54875","zcta",2023,"transportation_state_rnk",9.8415
"54876","zcta",2023,"transportation_state_rnk",78.2034
"54880","zcta",2023,"transportation_state_rnk",66.4465
"54888","zcta",2023,"transportation_state_rnk",44.9141
"54889","zcta",2023,"transportation_state_rnk",39.6301
"54891","zcta",2023,"transportation_state_rnk",70.0132
"54893","zcta",2023,"transportation_state_rnk",55.3501
"54895","zcta",2023,"transportation_state_rnk",22.7213
"54896","zcta",2023,"transportation_state_rnk",56.9353
"54901","zcta",2023,"transportation_state_rnk",87.3184
"54902","zcta",2023,"transportation_state_rnk",86.3276
"54904","zcta",2023,"transportation_state_rnk",86.1295
"54909","zcta",2023,"transportation_state_rnk",5.4161
"54911","zcta",2023,"transportation_state_rnk",72.5231
"54913","zcta",2023,"transportation_state_rnk",18.0317
"54914","zcta",2023,"transportation_state_rnk",45.9049
"54915","zcta",2023,"transportation_state_rnk",43.9894
"54921","zcta",2023,"transportation_state_rnk",35.6011
"54922","zcta",2023,"transportation_state_rnk",39.2999
"54923","zcta",2023,"transportation_state_rnk",40.1585
"54926","zcta",2023,"transportation_state_rnk",75.2972
"54927","zcta",2023,"transportation_state_rnk",42.4703
"54928","zcta",2023,"transportation_state_rnk",3.0383
"54929","zcta",2023,"transportation_state_rnk",44.3197
"54930","zcta",2023,"transportation_state_rnk",73.5799
"54931","zcta",2023,"transportation_state_rnk",2.3118
"54932","zcta",2023,"transportation_state_rnk",3.6328
"54933","zcta",2023,"transportation_state_rnk",66.3144
"54935","zcta",2023,"transportation_state_rnk",88.9036
"54937","zcta",2023,"transportation_state_rnk",87.1863
"54940","zcta",2023,"transportation_state_rnk",16.7768
"54941","zcta",2023,"transportation_state_rnk",56.0766
"54942","zcta",2023,"transportation_state_rnk",17.3052
"54943","zcta",2023,"transportation_state_rnk",70.6077
"54944","zcta",2023,"transportation_state_rnk",8.1902
"54945","zcta",2023,"transportation_state_rnk",32.1004
"54946","zcta",2023,"transportation_state_rnk",NA
"54947","zcta",2023,"transportation_state_rnk",36.5258
"54948","zcta",2023,"transportation_state_rnk",0.6605
"54949","zcta",2023,"transportation_state_rnk",8.9828
"54950","zcta",2023,"transportation_state_rnk",68.8243
"54952","zcta",2023,"transportation_state_rnk",54.6235
"54956","zcta",2023,"transportation_state_rnk",39.1017
"54960","zcta",2023,"transportation_state_rnk",7.1334
"54961","zcta",2023,"transportation_state_rnk",26.0898
"54962","zcta",2023,"transportation_state_rnk",3.897
"54963","zcta",2023,"transportation_state_rnk",78.4676
"54964","zcta",2023,"transportation_state_rnk",40.4227
"54965","zcta",2023,"transportation_state_rnk",32.1004
"54966","zcta",2023,"transportation_state_rnk",71.9947
"54967","zcta",2023,"transportation_state_rnk",1.5852
"54968","zcta",2023,"transportation_state_rnk",52.5099
"54970","zcta",2023,"transportation_state_rnk",53.1704
"54971","zcta",2023,"transportation_state_rnk",51.4531
"54974","zcta",2023,"transportation_state_rnk",18.6262
"54977","zcta",2023,"transportation_state_rnk",11.823
"54978","zcta",2023,"transportation_state_rnk",NA
"54979","zcta",2023,"transportation_state_rnk",50.7926
"54980","zcta",2023,"transportation_state_rnk",1.4531
"54981","zcta",2023,"transportation_state_rnk",9.6433
"54982","zcta",2023,"transportation_state_rnk",61.6248
"54983","zcta",2023,"transportation_state_rnk",70.4095
"54984","zcta",2023,"transportation_state_rnk",14.3329
"54985","zcta",2023,"transportation_state_rnk",NA
"54986","zcta",2023,"transportation_state_rnk",14.0687
