"geoid","geolevel","year","level","value"
"73960","zcta",2023,"transportation_score",NA
"75001","zcta",2023,"transportation_score",119.94
"75002","zcta",2023,"transportation_score",117.5
"75006","zcta",2023,"transportation_score",117.23
"75007","zcta",2023,"transportation_score",118.66
"75009","zcta",2023,"transportation_score",93.84
"75010","zcta",2023,"transportation_score",118.16
"75013","zcta",2023,"transportation_score",118.24
"75019","zcta",2023,"transportation_score",113.63
"75020","zcta",2023,"transportation_score",117.42
"75021","zcta",2023,"transportation_score",118.43
"75022","zcta",2023,"transportation_score",112.31
"75023","zcta",2023,"transportation_score",117.29
"75024","zcta",2023,"transportation_score",120.21
"75025","zcta",2023,"transportation_score",119.79
"75028","zcta",2023,"transportation_score",112.32
"75032","zcta",2023,"transportation_score",117.05
"75033","zcta",2023,"transportation_score",118.62
"75034","zcta",2023,"transportation_score",118.57
"75035","zcta",2023,"transportation_score",119.02
"75036","zcta",2023,"transportation_score",117.89
"75038","zcta",2023,"transportation_score",119.42
"75039","zcta",2023,"transportation_score",119.3
"75040","zcta",2023,"transportation_score",117.99
"75041","zcta",2023,"transportation_score",116.34
"75042","zcta",2023,"transportation_score",116.97
"75043","zcta",2023,"transportation_score",121.33
"75044","zcta",2023,"transportation_score",117.63
"75048","zcta",2023,"transportation_score",117.64
"75050","zcta",2023,"transportation_score",115.92
"75051","zcta",2023,"transportation_score",118.22
"75052","zcta",2023,"transportation_score",115.5
"75054","zcta",2023,"transportation_score",115.91
"75056","zcta",2023,"transportation_score",117.64
"75057","zcta",2023,"transportation_score",93.02
"75058","zcta",2023,"transportation_score",91.84
"75060","zcta",2023,"transportation_score",117.03
"75061","zcta",2023,"transportation_score",119.7
"75062","zcta",2023,"transportation_score",119.12
"75063","zcta",2023,"transportation_score",118.4
"75065","zcta",2023,"transportation_score",90.67
"75067","zcta",2023,"transportation_score",112.58
"75068","zcta",2023,"transportation_score",117.21
"75069","zcta",2023,"transportation_score",116.79
"75070","zcta",2023,"transportation_score",92.75
"75071","zcta",2023,"transportation_score",93.45
"75072","zcta",2023,"transportation_score",92.32
"75074","zcta",2023,"transportation_score",119.73
"75075","zcta",2023,"transportation_score",117.64
"75076","zcta",2023,"transportation_score",92.13
"75077","zcta",2023,"transportation_score",111.71
"75078","zcta",2023,"transportation_score",93.63
"75080","zcta",2023,"transportation_score",121.37
"75081","zcta",2023,"transportation_score",122.29
"75082","zcta",2023,"transportation_score",119.81
"75087","zcta",2023,"transportation_score",116.12
"75088","zcta",2023,"transportation_score",115.65
"75089","zcta",2023,"transportation_score",117.71
"75090","zcta",2023,"transportation_score",117.67
"75092","zcta",2023,"transportation_score",118.07
"75093","zcta",2023,"transportation_score",119.53
"75094","zcta",2023,"transportation_score",118.44
"75098","zcta",2023,"transportation_score",117.24
"75101","zcta",2023,"transportation_score",92.03
"75102","zcta",2023,"transportation_score",91.47
"75103","zcta",2023,"transportation_score",90.36
"75104","zcta",2023,"transportation_score",116.29
"75105","zcta",2023,"transportation_score",83.24
"75109","zcta",2023,"transportation_score",101.15
"75110","zcta",2023,"transportation_score",100.55
"75114","zcta",2023,"transportation_score",92.85
"75115","zcta",2023,"transportation_score",117.28
"75116","zcta",2023,"transportation_score",116.07
"75117","zcta",2023,"transportation_score",91.13
"75119","zcta",2023,"transportation_score",91.49
"75124","zcta",2023,"transportation_score",92.94
"75125","zcta",2023,"transportation_score",90.07
"75126","zcta",2023,"transportation_score",91.57
"75127","zcta",2023,"transportation_score",90.39
"75132","zcta",2023,"transportation_score",NA
"75134","zcta",2023,"transportation_score",116.1
"75135","zcta",2023,"transportation_score",92.18
"75137","zcta",2023,"transportation_score",115.68
"75140","zcta",2023,"transportation_score",91.33
"75141","zcta",2023,"transportation_score",90.86
"75142","zcta",2023,"transportation_score",90.83
"75143","zcta",2023,"transportation_score",91.97
"75144","zcta",2023,"transportation_score",89.26
"75146","zcta",2023,"transportation_score",115.77
"75147","zcta",2023,"transportation_score",92.25
"75148","zcta",2023,"transportation_score",91.59
"75149","zcta",2023,"transportation_score",115.48
"75150","zcta",2023,"transportation_score",119.52
"75152","zcta",2023,"transportation_score",90.91
"75153","zcta",2023,"transportation_score",88.19
"75154","zcta",2023,"transportation_score",116.52
"75155","zcta",2023,"transportation_score",92.09
"75156","zcta",2023,"transportation_score",92.82
"75157","zcta",2023,"transportation_score",90.82
"75158","zcta",2023,"transportation_score",91.33
"75159","zcta",2023,"transportation_score",115.06
"75160","zcta",2023,"transportation_score",109.41
"75161","zcta",2023,"transportation_score",89.76
"75163","zcta",2023,"transportation_score",91.09
"75164","zcta",2023,"transportation_score",88.72
"75165","zcta",2023,"transportation_score",114.99
"75166","zcta",2023,"transportation_score",90.88
"75167","zcta",2023,"transportation_score",113.99
"75169","zcta",2023,"transportation_score",90.88
"75172","zcta",2023,"transportation_score",88.3
"75173","zcta",2023,"transportation_score",91.59
"75180","zcta",2023,"transportation_score",117.09
"75181","zcta",2023,"transportation_score",115.93
"75182","zcta",2023,"transportation_score",91.35
"75189","zcta",2023,"transportation_score",116
"75201","zcta",2023,"transportation_score",125.43
"75202","zcta",2023,"transportation_score",101.69
"75203","zcta",2023,"transportation_score",124.32
"75204","zcta",2023,"transportation_score",120.78
"75205","zcta",2023,"transportation_score",118.09
"75206","zcta",2023,"transportation_score",120.63
"75207","zcta",2023,"transportation_score",NA
"75208","zcta",2023,"transportation_score",118.34
"75209","zcta",2023,"transportation_score",117.75
"75210","zcta",2023,"transportation_score",103.49
"75211","zcta",2023,"transportation_score",122.05
"75212","zcta",2023,"transportation_score",120.36
"75214","zcta",2023,"transportation_score",120.7
"75215","zcta",2023,"transportation_score",121.69
"75216","zcta",2023,"transportation_score",127.69
"75217","zcta",2023,"transportation_score",121.55
"75218","zcta",2023,"transportation_score",118.88
"75219","zcta",2023,"transportation_score",120.19
"75220","zcta",2023,"transportation_score",124.93
"75223","zcta",2023,"transportation_score",119.38
"75224","zcta",2023,"transportation_score",120.26
"75225","zcta",2023,"transportation_score",116.48
"75226","zcta",2023,"transportation_score",99.55
"75227","zcta",2023,"transportation_score",121.38
"75228","zcta",2023,"transportation_score",122.5
"75229","zcta",2023,"transportation_score",117.76
"75230","zcta",2023,"transportation_score",119.26
"75231","zcta",2023,"transportation_score",124.48
"75232","zcta",2023,"transportation_score",120.91
"75233","zcta",2023,"transportation_score",116.48
"75234","zcta",2023,"transportation_score",117.71
"75235","zcta",2023,"transportation_score",123.76
"75236","zcta",2023,"transportation_score",119.53
"75237","zcta",2023,"transportation_score",123.85
"75238","zcta",2023,"transportation_score",117.7
"75240","zcta",2023,"transportation_score",121.53
"75241","zcta",2023,"transportation_score",123.44
"75243","zcta",2023,"transportation_score",125.9
"75244","zcta",2023,"transportation_score",117.83
"75246","zcta",2023,"transportation_score",99.33
"75247","zcta",2023,"transportation_score",NA
"75248","zcta",2023,"transportation_score",119.02
"75249","zcta",2023,"transportation_score",115.32
"75251","zcta",2023,"transportation_score",91.85
"75252","zcta",2023,"transportation_score",122.56
"75253","zcta",2023,"transportation_score",114.58
"75254","zcta",2023,"transportation_score",119.31
"75261","zcta",2023,"transportation_score",NA
"75270","zcta",2023,"transportation_score",NA
"75287","zcta",2023,"transportation_score",118.61
"75390","zcta",2023,"transportation_score",NA
"75401","zcta",2023,"transportation_score",131.74
"75402","zcta",2023,"transportation_score",91.02
"75407","zcta",2023,"transportation_score",91.84
"75409","zcta",2023,"transportation_score",91.72
"75410","zcta",2023,"transportation_score",92.33
"75411","zcta",2023,"transportation_score",87.96
"75412","zcta",2023,"transportation_score",93.28
"75413","zcta",2023,"transportation_score",89.07
"75414","zcta",2023,"transportation_score",91.28
"75415","zcta",2023,"transportation_score",87.31
"75416","zcta",2023,"transportation_score",90.01
"75417","zcta",2023,"transportation_score",93.83
"75418","zcta",2023,"transportation_score",92.24
"75420","zcta",2023,"transportation_score",90.23
"75421","zcta",2023,"transportation_score",89.51
"75422","zcta",2023,"transportation_score",90.66
"75423","zcta",2023,"transportation_score",93.54
"75424","zcta",2023,"transportation_score",91.74
"75426","zcta",2023,"transportation_score",104.67
"75428","zcta",2023,"transportation_score",96.23
"75429","zcta",2023,"transportation_score",NA
"75431","zcta",2023,"transportation_score",91.98
"75432","zcta",2023,"transportation_score",91.15
"75433","zcta",2023,"transportation_score",92.06
"75434","zcta",2023,"transportation_score",NA
"75435","zcta",2023,"transportation_score",91.07
"75436","zcta",2023,"transportation_score",89.62
"75437","zcta",2023,"transportation_score",91.89
"75438","zcta",2023,"transportation_score",89.39
"75439","zcta",2023,"transportation_score",89.09
"75440","zcta",2023,"transportation_score",91.38
"75441","zcta",2023,"transportation_score",NA
"75442","zcta",2023,"transportation_score",91.96
"75446","zcta",2023,"transportation_score",100.95
"75447","zcta",2023,"transportation_score",92.33
"75448","zcta",2023,"transportation_score",89.15
"75449","zcta",2023,"transportation_score",93.84
"75450","zcta",2023,"transportation_score",88.02
"75451","zcta",2023,"transportation_score",91.49
"75452","zcta",2023,"transportation_score",97.77
"75453","zcta",2023,"transportation_score",90.8
"75454","zcta",2023,"transportation_score",93.89
"75455","zcta",2023,"transportation_score",91.62
"75457","zcta",2023,"transportation_score",91.3
"75459","zcta",2023,"transportation_score",93.35
"75460","zcta",2023,"transportation_score",93.35
"75462","zcta",2023,"transportation_score",91.76
"75468","zcta",2023,"transportation_score",93.01
"75469","zcta",2023,"transportation_score",88.15
"75470","zcta",2023,"transportation_score",99.82
"75471","zcta",2023,"transportation_score",90.13
"75472","zcta",2023,"transportation_score",91.55
"75473","zcta",2023,"transportation_score",89.82
"75474","zcta",2023,"transportation_score",91.89
"75475","zcta",2023,"transportation_score",86.37
"75476","zcta",2023,"transportation_score",91.2
"75477","zcta",2023,"transportation_score",93.64
"75478","zcta",2023,"transportation_score",90.34
"75479","zcta",2023,"transportation_score",90.71
"75480","zcta",2023,"transportation_score",93.15
"75481","zcta",2023,"transportation_score",86.74
"75482","zcta",2023,"transportation_score",91.42
"75486","zcta",2023,"transportation_score",92.35
"75487","zcta",2023,"transportation_score",89.7
"75488","zcta",2023,"transportation_score",90.91
"75489","zcta",2023,"transportation_score",92.29
"75490","zcta",2023,"transportation_score",91.59
"75491","zcta",2023,"transportation_score",90.87
"75492","zcta",2023,"transportation_score",91.39
"75493","zcta",2023,"transportation_score",90.16
"75494","zcta",2023,"transportation_score",92.06
"75495","zcta",2023,"transportation_score",93.7
"75496","zcta",2023,"transportation_score",95.14
"75497","zcta",2023,"transportation_score",90.9
"75501","zcta",2023,"transportation_score",90.32
"75503","zcta",2023,"transportation_score",90.89
"75550","zcta",2023,"transportation_score",94.01
"75551","zcta",2023,"transportation_score",90.17
"75554","zcta",2023,"transportation_score",93.41
"75555","zcta",2023,"transportation_score",87.79
"75556","zcta",2023,"transportation_score",89.22
"75558","zcta",2023,"transportation_score",91.42
"75559","zcta",2023,"transportation_score",91.8
"75560","zcta",2023,"transportation_score",91.72
"75561","zcta",2023,"transportation_score",90.72
"75562","zcta",2023,"transportation_score",NA
"75563","zcta",2023,"transportation_score",91.75
"75564","zcta",2023,"transportation_score",NA
"75565","zcta",2023,"transportation_score",84.58
"75566","zcta",2023,"transportation_score",94.12
"75567","zcta",2023,"transportation_score",89.41
"75568","zcta",2023,"transportation_score",92.8
"75569","zcta",2023,"transportation_score",87.74
"75570","zcta",2023,"transportation_score",98.17
"75571","zcta",2023,"transportation_score",90.92
"75572","zcta",2023,"transportation_score",89.06
"75573","zcta",2023,"transportation_score",87.44
"75574","zcta",2023,"transportation_score",92.33
"75601","zcta",2023,"transportation_score",131.33
"75602","zcta",2023,"transportation_score",134.13
"75603","zcta",2023,"transportation_score",90.36
"75604","zcta",2023,"transportation_score",131.13
"75605","zcta",2023,"transportation_score",128.7
"75630","zcta",2023,"transportation_score",90.76
"75631","zcta",2023,"transportation_score",89.94
"75633","zcta",2023,"transportation_score",89.5
"75638","zcta",2023,"transportation_score",91.29
"75639","zcta",2023,"transportation_score",90.18
"75640","zcta",2023,"transportation_score",89.48
"75641","zcta",2023,"transportation_score",NA
"75642","zcta",2023,"transportation_score",NA
"75643","zcta",2023,"transportation_score",90.26
"75644","zcta",2023,"transportation_score",90.02
"75645","zcta",2023,"transportation_score",89.84
"75647","zcta",2023,"transportation_score",131.7
"75650","zcta",2023,"transportation_score",91.49
"75651","zcta",2023,"transportation_score",92.25
"75652","zcta",2023,"transportation_score",90.18
"75654","zcta",2023,"transportation_score",92.49
"75656","zcta",2023,"transportation_score",88.43
"75657","zcta",2023,"transportation_score",94.98
"75658","zcta",2023,"transportation_score",NA
"75659","zcta",2023,"transportation_score",NA
"75661","zcta",2023,"transportation_score",90.38
"75662","zcta",2023,"transportation_score",118.65
"75667","zcta",2023,"transportation_score",91.27
"75668","zcta",2023,"transportation_score",91.28
"75669","zcta",2023,"transportation_score",90.1
"75670","zcta",2023,"transportation_score",97.13
"75671","zcta",2023,"transportation_score",NA
"75672","zcta",2023,"transportation_score",97
"75680","zcta",2023,"transportation_score",NA
"75681","zcta",2023,"transportation_score",91.25
"75682","zcta",2023,"transportation_score",88.37
"75683","zcta",2023,"transportation_score",88.3
"75684","zcta",2023,"transportation_score",94.63
"75686","zcta",2023,"transportation_score",90.41
"75687","zcta",2023,"transportation_score",NA
"75689","zcta",2023,"transportation_score",NA
"75691","zcta",2023,"transportation_score",89.67
"75692","zcta",2023,"transportation_score",90.73
"75693","zcta",2023,"transportation_score",133.37
"75694","zcta",2023,"transportation_score",NA
"75701","zcta",2023,"transportation_score",125.77
"75702","zcta",2023,"transportation_score",131.83
"75703","zcta",2023,"transportation_score",124.65
"75704","zcta",2023,"transportation_score",90.77
"75705","zcta",2023,"transportation_score",87.94
"75706","zcta",2023,"transportation_score",92.74
"75707","zcta",2023,"transportation_score",89.48
"75708","zcta",2023,"transportation_score",127.27
"75709","zcta",2023,"transportation_score",103.48
"75711","zcta",2023,"transportation_score",NA
"75750","zcta",2023,"transportation_score",89.26
"75751","zcta",2023,"transportation_score",93.08
"75752","zcta",2023,"transportation_score",90.62
"75754","zcta",2023,"transportation_score",92.57
"75755","zcta",2023,"transportation_score",91.99
"75756","zcta",2023,"transportation_score",89.93
"75757","zcta",2023,"transportation_score",91.13
"75758","zcta",2023,"transportation_score",90.49
"75759","zcta",2023,"transportation_score",96.12
"75760","zcta",2023,"transportation_score",89.35
"75762","zcta",2023,"transportation_score",90.66
"75763","zcta",2023,"transportation_score",95.9
"75764","zcta",2023,"transportation_score",84.61
"75765","zcta",2023,"transportation_score",91.76
"75766","zcta",2023,"transportation_score",93.23
"75770","zcta",2023,"transportation_score",89.57
"75771","zcta",2023,"transportation_score",93.91
"75773","zcta",2023,"transportation_score",92.81
"75778","zcta",2023,"transportation_score",90.58
"75779","zcta",2023,"transportation_score",NA
"75780","zcta",2023,"transportation_score",89.02
"75782","zcta",2023,"transportation_score",NA
"75783","zcta",2023,"transportation_score",92.66
"75784","zcta",2023,"transportation_score",89.36
"75785","zcta",2023,"transportation_score",93.42
"75788","zcta",2023,"transportation_score",NA
"75789","zcta",2023,"transportation_score",90.01
"75790","zcta",2023,"transportation_score",92.47
"75791","zcta",2023,"transportation_score",90.41
"75792","zcta",2023,"transportation_score",92.38
"75801","zcta",2023,"transportation_score",90.56
"75803","zcta",2023,"transportation_score",92.95
"75831","zcta",2023,"transportation_score",90.68
"75833","zcta",2023,"transportation_score",92.33
"75835","zcta",2023,"transportation_score",90.69
"75838","zcta",2023,"transportation_score",87.31
"75839","zcta",2023,"transportation_score",89.49
"75840","zcta",2023,"transportation_score",89.56
"75844","zcta",2023,"transportation_score",90.88
"75845","zcta",2023,"transportation_score",90.2
"75846","zcta",2023,"transportation_score",92.04
"75847","zcta",2023,"transportation_score",90.9
"75848","zcta",2023,"transportation_score",NA
"75849","zcta",2023,"transportation_score",NA
"75850","zcta",2023,"transportation_score",88.58
"75851","zcta",2023,"transportation_score",NA
"75852","zcta",2023,"transportation_score",NA
"75853","zcta",2023,"transportation_score",89.35
"75855","zcta",2023,"transportation_score",92.04
"75856","zcta",2023,"transportation_score",89.72
"75858","zcta",2023,"transportation_score",NA
"75859","zcta",2023,"transportation_score",91.9
"75860","zcta",2023,"transportation_score",88.22
"75861","zcta",2023,"transportation_score",91.75
"75862","zcta",2023,"transportation_score",90.2
"75865","zcta",2023,"transportation_score",NA
"75884","zcta",2023,"transportation_score",NA
"75886","zcta",2023,"transportation_score",NA
"75901","zcta",2023,"transportation_score",95.15
"75903","zcta",2023,"transportation_score",93.89
"75904","zcta",2023,"transportation_score",92.03
"75925","zcta",2023,"transportation_score",90.24
"75926","zcta",2023,"transportation_score",89.1
"75928","zcta",2023,"transportation_score",89.75
"75929","zcta",2023,"transportation_score",89.23
"75930","zcta",2023,"transportation_score",91.39
"75931","zcta",2023,"transportation_score",93.1
"75932","zcta",2023,"transportation_score",91.51
"75933","zcta",2023,"transportation_score",88.99
"75934","zcta",2023,"transportation_score",72.23
"75935","zcta",2023,"transportation_score",91.56
"75936","zcta",2023,"transportation_score",90.76
"75937","zcta",2023,"transportation_score",92.26
"75938","zcta",2023,"transportation_score",88.9
"75939","zcta",2023,"transportation_score",101.18
"75941","zcta",2023,"transportation_score",90.75
"75942","zcta",2023,"transportation_score",NA
"75943","zcta",2023,"transportation_score",92.41
"75944","zcta",2023,"transportation_score",92.6
"75946","zcta",2023,"transportation_score",91.99
"75948","zcta",2023,"transportation_score",91.88
"75949","zcta",2023,"transportation_score",89.92
"75951","zcta",2023,"transportation_score",94.23
"75954","zcta",2023,"transportation_score",90.48
"75956","zcta",2023,"transportation_score",91.41
"75959","zcta",2023,"transportation_score",90.87
"75960","zcta",2023,"transportation_score",87.34
"75961","zcta",2023,"transportation_score",92.03
"75962","zcta",2023,"transportation_score",NA
"75964","zcta",2023,"transportation_score",94.23
"75965","zcta",2023,"transportation_score",92.63
"75966","zcta",2023,"transportation_score",89.36
"75968","zcta",2023,"transportation_score",90.16
"75969","zcta",2023,"transportation_score",91.2
"75972","zcta",2023,"transportation_score",93.39
"75973","zcta",2023,"transportation_score",90.98
"75974","zcta",2023,"transportation_score",92.36
"75975","zcta",2023,"transportation_score",90.89
"75976","zcta",2023,"transportation_score",88.91
"75977","zcta",2023,"transportation_score",90.22
"75979","zcta",2023,"transportation_score",92.47
"75980","zcta",2023,"transportation_score",90.35
"76001","zcta",2023,"transportation_score",115.11
"76002","zcta",2023,"transportation_score",115.9
"76005","zcta",2023,"transportation_score",92.96
"76006","zcta",2023,"transportation_score",116.08
"76008","zcta",2023,"transportation_score",90.85
"76009","zcta",2023,"transportation_score",90.86
"76010","zcta",2023,"transportation_score",117.3
"76011","zcta",2023,"transportation_score",115.91
"76012","zcta",2023,"transportation_score",117.85
"76013","zcta",2023,"transportation_score",118.11
"76014","zcta",2023,"transportation_score",118.27
"76015","zcta",2023,"transportation_score",117.54
"76016","zcta",2023,"transportation_score",114.85
"76017","zcta",2023,"transportation_score",117.18
"76018","zcta",2023,"transportation_score",116.74
"76020","zcta",2023,"transportation_score",116.29
"76021","zcta",2023,"transportation_score",115.87
"76022","zcta",2023,"transportation_score",116.43
"76023","zcta",2023,"transportation_score",92.88
"76028","zcta",2023,"transportation_score",114.47
"76031","zcta",2023,"transportation_score",89.52
"76033","zcta",2023,"transportation_score",102.71
"76034","zcta",2023,"transportation_score",116.43
"76035","zcta",2023,"transportation_score",89.25
"76036","zcta",2023,"transportation_score",114.47
"76039","zcta",2023,"transportation_score",117.13
"76040","zcta",2023,"transportation_score",116.72
"76041","zcta",2023,"transportation_score",88.78
"76043","zcta",2023,"transportation_score",91.41
"76044","zcta",2023,"transportation_score",89.61
"76048","zcta",2023,"transportation_score",90.63
"76049","zcta",2023,"transportation_score",90.83
"76050","zcta",2023,"transportation_score",89.06
"76051","zcta",2023,"transportation_score",116.69
"76052","zcta",2023,"transportation_score",118.91
"76053","zcta",2023,"transportation_score",115.17
"76054","zcta",2023,"transportation_score",116.14
"76055","zcta",2023,"transportation_score",91.31
"76058","zcta",2023,"transportation_score",89.41
"76059","zcta",2023,"transportation_score",90.73
"76060","zcta",2023,"transportation_score",90.59
"76061","zcta",2023,"transportation_score",NA
"76063","zcta",2023,"transportation_score",115.11
"76064","zcta",2023,"transportation_score",91.24
"76065","zcta",2023,"transportation_score",115.44
"76066","zcta",2023,"transportation_score",89.37
"76067","zcta",2023,"transportation_score",90.67
"76070","zcta",2023,"transportation_score",94.06
"76071","zcta",2023,"transportation_score",92
"76073","zcta",2023,"transportation_score",90.91
"76077","zcta",2023,"transportation_score",88.15
"76078","zcta",2023,"transportation_score",91.79
"76082","zcta",2023,"transportation_score",90.69
"76084","zcta",2023,"transportation_score",90.7
"76085","zcta",2023,"transportation_score",91.38
"76086","zcta",2023,"transportation_score",91.39
"76087","zcta",2023,"transportation_score",90.84
"76088","zcta",2023,"transportation_score",91.38
"76092","zcta",2023,"transportation_score",118.08
"76093","zcta",2023,"transportation_score",88.95
"76102","zcta",2023,"transportation_score",NA
"76103","zcta",2023,"transportation_score",117.54
"76104","zcta",2023,"transportation_score",125.55
"76105","zcta",2023,"transportation_score",117.75
"76106","zcta",2023,"transportation_score",120.17
"76107","zcta",2023,"transportation_score",118.47
"76108","zcta",2023,"transportation_score",115.09
"76109","zcta",2023,"transportation_score",115.78
"76110","zcta",2023,"transportation_score",118.19
"76111","zcta",2023,"transportation_score",117.91
"76112","zcta",2023,"transportation_score",116.42
"76114","zcta",2023,"transportation_score",117.42
"76115","zcta",2023,"transportation_score",116.4
"76116","zcta",2023,"transportation_score",119.09
"76117","zcta",2023,"transportation_score",115.44
"76118","zcta",2023,"transportation_score",116.05
"76119","zcta",2023,"transportation_score",120.83
"76120","zcta",2023,"transportation_score",115.66
"76123","zcta",2023,"transportation_score",116.47
"76126","zcta",2023,"transportation_score",114.38
"76127","zcta",2023,"transportation_score",NA
"76129","zcta",2023,"transportation_score",NA
"76131","zcta",2023,"transportation_score",115.93
"76132","zcta",2023,"transportation_score",117.22
"76133","zcta",2023,"transportation_score",116.49
"76134","zcta",2023,"transportation_score",115.36
"76135","zcta",2023,"transportation_score",116.25
"76137","zcta",2023,"transportation_score",117.06
"76140","zcta",2023,"transportation_score",116.35
"76148","zcta",2023,"transportation_score",115.64
"76155","zcta",2023,"transportation_score",122.01
"76164","zcta",2023,"transportation_score",117.12
"76177","zcta",2023,"transportation_score",118.42
"76179","zcta",2023,"transportation_score",115.41
"76180","zcta",2023,"transportation_score",118.2
"76182","zcta",2023,"transportation_score",115.4
"76201","zcta",2023,"transportation_score",117.85
"76203","zcta",2023,"transportation_score",NA
"76205","zcta",2023,"transportation_score",112.3
"76207","zcta",2023,"transportation_score",92.42
"76208","zcta",2023,"transportation_score",111.1
"76209","zcta",2023,"transportation_score",113.01
"76210","zcta",2023,"transportation_score",110.94
"76225","zcta",2023,"transportation_score",91.46
"76226","zcta",2023,"transportation_score",111.78
"76227","zcta",2023,"transportation_score",117.6
"76228","zcta",2023,"transportation_score",90.37
"76230","zcta",2023,"transportation_score",91.66
"76233","zcta",2023,"transportation_score",91.19
"76234","zcta",2023,"transportation_score",90.34
"76238","zcta",2023,"transportation_score",88.18
"76239","zcta",2023,"transportation_score",91.53
"76240","zcta",2023,"transportation_score",93.41
"76241","zcta",2023,"transportation_score",NA
"76244","zcta",2023,"transportation_score",116.55
"76245","zcta",2023,"transportation_score",92.15
"76247","zcta",2023,"transportation_score",92.62
"76248","zcta",2023,"transportation_score",116.3
"76249","zcta",2023,"transportation_score",95.25
"76250","zcta",2023,"transportation_score",89.33
"76251","zcta",2023,"transportation_score",89.63
"76252","zcta",2023,"transportation_score",91.2
"76253","zcta",2023,"transportation_score",82.69
"76255","zcta",2023,"transportation_score",91.51
"76258","zcta",2023,"transportation_score",92.39
"76259","zcta",2023,"transportation_score",89.11
"76261","zcta",2023,"transportation_score",94.45
"76262","zcta",2023,"transportation_score",116.17
"76263","zcta",2023,"transportation_score",NA
"76264","zcta",2023,"transportation_score",93.39
"76265","zcta",2023,"transportation_score",90.26
"76266","zcta",2023,"transportation_score",90.5
"76267","zcta",2023,"transportation_score",NA
"76268","zcta",2023,"transportation_score",92.58
"76270","zcta",2023,"transportation_score",90.03
"76271","zcta",2023,"transportation_score",91.48
"76272","zcta",2023,"transportation_score",92.98
"76273","zcta",2023,"transportation_score",95.59
"76301","zcta",2023,"transportation_score",120.79
"76302","zcta",2023,"transportation_score",123.11
"76305","zcta",2023,"transportation_score",91.13
"76306","zcta",2023,"transportation_score",122.93
"76308","zcta",2023,"transportation_score",121.49
"76309","zcta",2023,"transportation_score",119.99
"76310","zcta",2023,"transportation_score",121.19
"76311","zcta",2023,"transportation_score",NA
"76351","zcta",2023,"transportation_score",94.96
"76354","zcta",2023,"transportation_score",92.84
"76357","zcta",2023,"transportation_score",88.78
"76360","zcta",2023,"transportation_score",89.49
"76363","zcta",2023,"transportation_score",96.42
"76364","zcta",2023,"transportation_score",90.45
"76365","zcta",2023,"transportation_score",91.9
"76366","zcta",2023,"transportation_score",90
"76367","zcta",2023,"transportation_score",90.01
"76370","zcta",2023,"transportation_score",90.12
"76371","zcta",2023,"transportation_score",90.37
"76372","zcta",2023,"transportation_score",91.08
"76373","zcta",2023,"transportation_score",81.56
"76374","zcta",2023,"transportation_score",95.33
"76377","zcta",2023,"transportation_score",89.06
"76379","zcta",2023,"transportation_score",89.25
"76380","zcta",2023,"transportation_score",93.39
"76384","zcta",2023,"transportation_score",93.41
"76388","zcta",2023,"transportation_score",88.55
"76389","zcta",2023,"transportation_score",90.51
"76401","zcta",2023,"transportation_score",91.7
"76402","zcta",2023,"transportation_score",NA
"76424","zcta",2023,"transportation_score",92.74
"76426","zcta",2023,"transportation_score",89.88
"76427","zcta",2023,"transportation_score",88.58
"76429","zcta",2023,"transportation_score",91.01
"76430","zcta",2023,"transportation_score",107.19
"76431","zcta",2023,"transportation_score",92.26
"76432","zcta",2023,"transportation_score",92.58
"76433","zcta",2023,"transportation_score",91.55
"76435","zcta",2023,"transportation_score",91.35
"76436","zcta",2023,"transportation_score",NA
"76437","zcta",2023,"transportation_score",95.77
"76439","zcta",2023,"transportation_score",NA
"76442","zcta",2023,"transportation_score",95.98
"76443","zcta",2023,"transportation_score",91.58
"76444","zcta",2023,"transportation_score",90.54
"76445","zcta",2023,"transportation_score",91.73
"76446","zcta",2023,"transportation_score",93.12
"76448","zcta",2023,"transportation_score",91.76
"76449","zcta",2023,"transportation_score",89.45
"76450","zcta",2023,"transportation_score",91.08
"76452","zcta",2023,"transportation_score",92
"76453","zcta",2023,"transportation_score",92.74
"76454","zcta",2023,"transportation_score",89.9
"76455","zcta",2023,"transportation_score",90.83
"76457","zcta",2023,"transportation_score",91.21
"76458","zcta",2023,"transportation_score",90.76
"76459","zcta",2023,"transportation_score",NA
"76460","zcta",2023,"transportation_score",86.81
"76462","zcta",2023,"transportation_score",91.09
"76463","zcta",2023,"transportation_score",92.67
"76464","zcta",2023,"transportation_score",91.81
"76466","zcta",2023,"transportation_score",102.62
"76469","zcta",2023,"transportation_score",NA
"76470","zcta",2023,"transportation_score",94.91
"76471","zcta",2023,"transportation_score",104.42
"76472","zcta",2023,"transportation_score",94.3
"76474","zcta",2023,"transportation_score",93.78
"76475","zcta",2023,"transportation_score",92.56
"76476","zcta",2023,"transportation_score",90.58
"76481","zcta",2023,"transportation_score",89.75
"76483","zcta",2023,"transportation_score",95.58
"76484","zcta",2023,"transportation_score",90.64
"76486","zcta",2023,"transportation_score",92.91
"76487","zcta",2023,"transportation_score",90.23
"76490","zcta",2023,"transportation_score",NA
"76491","zcta",2023,"transportation_score",90.05
"76501","zcta",2023,"transportation_score",92.93
"76502","zcta",2023,"transportation_score",91.4
"76504","zcta",2023,"transportation_score",93.61
"76511","zcta",2023,"transportation_score",90.86
"76513","zcta",2023,"transportation_score",93.95
"76518","zcta",2023,"transportation_score",89.54
"76519","zcta",2023,"transportation_score",88.9
"76520","zcta",2023,"transportation_score",91.71
"76522","zcta",2023,"transportation_score",123.76
"76523","zcta",2023,"transportation_score",87.29
"76524","zcta",2023,"transportation_score",90.31
"76525","zcta",2023,"transportation_score",92.24
"76527","zcta",2023,"transportation_score",93.55
"76528","zcta",2023,"transportation_score",92.42
"76530","zcta",2023,"transportation_score",89.57
"76531","zcta",2023,"transportation_score",90.37
"76534","zcta",2023,"transportation_score",89.73
"76537","zcta",2023,"transportation_score",91.46
"76538","zcta",2023,"transportation_score",91.7
"76539","zcta",2023,"transportation_score",91.12
"76541","zcta",2023,"transportation_score",125.38
"76542","zcta",2023,"transportation_score",124.25
"76543","zcta",2023,"transportation_score",124.61
"76544","zcta",2023,"transportation_score",NA
"76548","zcta",2023,"transportation_score",124.26
"76549","zcta",2023,"transportation_score",124.27
"76550","zcta",2023,"transportation_score",91.09
"76554","zcta",2023,"transportation_score",90.34
"76556","zcta",2023,"transportation_score",90.51
"76557","zcta",2023,"transportation_score",89.95
"76559","zcta",2023,"transportation_score",93.22
"76561","zcta",2023,"transportation_score",91.01
"76565","zcta",2023,"transportation_score",NA
"76566","zcta",2023,"transportation_score",92.62
"76567","zcta",2023,"transportation_score",96.11
"76569","zcta",2023,"transportation_score",90.78
"76570","zcta",2023,"transportation_score",95.81
"76571","zcta",2023,"transportation_score",91.44
"76573","zcta",2023,"transportation_score",NA
"76574","zcta",2023,"transportation_score",91.35
"76577","zcta",2023,"transportation_score",90.37
"76578","zcta",2023,"transportation_score",90.13
"76579","zcta",2023,"transportation_score",89.44
"76596","zcta",2023,"transportation_score",NA
"76597","zcta",2023,"transportation_score",NA
"76598","zcta",2023,"transportation_score",NA
"76599","zcta",2023,"transportation_score",NA
"76621","zcta",2023,"transportation_score",89.3
"76622","zcta",2023,"transportation_score",90.91
"76623","zcta",2023,"transportation_score",80.21
"76624","zcta",2023,"transportation_score",87.9
"76626","zcta",2023,"transportation_score",91.3
"76627","zcta",2023,"transportation_score",91.72
"76628","zcta",2023,"transportation_score",NA
"76629","zcta",2023,"transportation_score",91.6
"76630","zcta",2023,"transportation_score",88.88
"76631","zcta",2023,"transportation_score",91.11
"76632","zcta",2023,"transportation_score",89.58
"76633","zcta",2023,"transportation_score",89.75
"76634","zcta",2023,"transportation_score",90.72
"76635","zcta",2023,"transportation_score",89.72
"76636","zcta",2023,"transportation_score",90.5
"76637","zcta",2023,"transportation_score",89.69
"76638","zcta",2023,"transportation_score",89.89
"76639","zcta",2023,"transportation_score",91.68
"76640","zcta",2023,"transportation_score",89.38
"76641","zcta",2023,"transportation_score",89.6
"76642","zcta",2023,"transportation_score",90.78
"76643","zcta",2023,"transportation_score",122.59
"76645","zcta",2023,"transportation_score",91.48
"76648","zcta",2023,"transportation_score",92.74
"76649","zcta",2023,"transportation_score",90
"76650","zcta",2023,"transportation_score",NA
"76651","zcta",2023,"transportation_score",90.56
"76652","zcta",2023,"transportation_score",88.4
"76653","zcta",2023,"transportation_score",91.31
"76654","zcta",2023,"transportation_score",88.45
"76655","zcta",2023,"transportation_score",90.92
"76656","zcta",2023,"transportation_score",101.05
"76657","zcta",2023,"transportation_score",91.95
"76660","zcta",2023,"transportation_score",88.84
"76661","zcta",2023,"transportation_score",96.52
"76664","zcta",2023,"transportation_score",90.52
"76665","zcta",2023,"transportation_score",90.02
"76666","zcta",2023,"transportation_score",91.56
"76667","zcta",2023,"transportation_score",90.05
"76670","zcta",2023,"transportation_score",92.91
"76671","zcta",2023,"transportation_score",89.97
"76673","zcta",2023,"transportation_score",90.98
"76676","zcta",2023,"transportation_score",89.49
"76678","zcta",2023,"transportation_score",84.61
"76679","zcta",2023,"transportation_score",93.08
"76680","zcta",2023,"transportation_score",NA
"76681","zcta",2023,"transportation_score",90.57
"76682","zcta",2023,"transportation_score",91.29
"76685","zcta",2023,"transportation_score",NA
"76686","zcta",2023,"transportation_score",91.89
"76687","zcta",2023,"transportation_score",89.55
"76689","zcta",2023,"transportation_score",91.98
"76690","zcta",2023,"transportation_score",89.93
"76691","zcta",2023,"transportation_score",94.93
"76692","zcta",2023,"transportation_score",91.44
"76693","zcta",2023,"transportation_score",88.65
"76701","zcta",2023,"transportation_score",97.22
"76704","zcta",2023,"transportation_score",124.84
"76705","zcta",2023,"transportation_score",123.3
"76706","zcta",2023,"transportation_score",125.49
"76707","zcta",2023,"transportation_score",124.08
"76708","zcta",2023,"transportation_score",123.36
"76710","zcta",2023,"transportation_score",123.69
"76711","zcta",2023,"transportation_score",122.04
"76712","zcta",2023,"transportation_score",122.14
"76798","zcta",2023,"transportation_score",NA
"76801","zcta",2023,"transportation_score",90.96
"76802","zcta",2023,"transportation_score",90.56
"76820","zcta",2023,"transportation_score",82.91
"76821","zcta",2023,"transportation_score",95.15
"76823","zcta",2023,"transportation_score",90.55
"76824","zcta",2023,"transportation_score",NA
"76825","zcta",2023,"transportation_score",91.86
"76827","zcta",2023,"transportation_score",90.46
"76828","zcta",2023,"transportation_score",85.15
"76831","zcta",2023,"transportation_score",NA
"76832","zcta",2023,"transportation_score",90.55
"76834","zcta",2023,"transportation_score",96.91
"76836","zcta",2023,"transportation_score",NA
"76837","zcta",2023,"transportation_score",NA
"76841","zcta",2023,"transportation_score",88.9
"76842","zcta",2023,"transportation_score",97.89
"76844","zcta",2023,"transportation_score",90.46
"76845","zcta",2023,"transportation_score",90.83
"76848","zcta",2023,"transportation_score",NA
"76849","zcta",2023,"transportation_score",91.26
"76852","zcta",2023,"transportation_score",92
"76853","zcta",2023,"transportation_score",93.54
"76854","zcta",2023,"transportation_score",87.46
"76856","zcta",2023,"transportation_score",91.57
"76857","zcta",2023,"transportation_score",92.82
"76858","zcta",2023,"transportation_score",91.76
"76859","zcta",2023,"transportation_score",93.13
"76861","zcta",2023,"transportation_score",90.94
"76862","zcta",2023,"transportation_score",86.63
"76864","zcta",2023,"transportation_score",93.73
"76865","zcta",2023,"transportation_score",95.11
"76866","zcta",2023,"transportation_score",89.75
"76869","zcta",2023,"transportation_score",NA
"76870","zcta",2023,"transportation_score",NA
"76871","zcta",2023,"transportation_score",92.76
"76872","zcta",2023,"transportation_score",92.1
"76873","zcta",2023,"transportation_score",NA
"76874","zcta",2023,"transportation_score",NA
"76875","zcta",2023,"transportation_score",90.08
"76877","zcta",2023,"transportation_score",90.59
"76878","zcta",2023,"transportation_score",94.94
"76880","zcta",2023,"transportation_score",NA
"76882","zcta",2023,"transportation_score",90.95
"76884","zcta",2023,"transportation_score",NA
"76885","zcta",2023,"transportation_score",NA
"76887","zcta",2023,"transportation_score",NA
"76888","zcta",2023,"transportation_score",83.49
"76890","zcta",2023,"transportation_score",89.84
"76901","zcta",2023,"transportation_score",123.36
"76902","zcta",2023,"transportation_score",NA
"76903","zcta",2023,"transportation_score",123.43
"76904","zcta",2023,"transportation_score",124.1
"76905","zcta",2023,"transportation_score",91.73
"76908","zcta",2023,"transportation_score",NA
"76909","zcta",2023,"transportation_score",NA
"76930","zcta",2023,"transportation_score",101.66
"76932","zcta",2023,"transportation_score",102.4
"76933","zcta",2023,"transportation_score",90.99
"76934","zcta",2023,"transportation_score",NA
"76935","zcta",2023,"transportation_score",90.51
"76936","zcta",2023,"transportation_score",95.66
"76937","zcta",2023,"transportation_score",86.19
"76939","zcta",2023,"transportation_score",NA
"76940","zcta",2023,"transportation_score",NA
"76941","zcta",2023,"transportation_score",89.81
"76943","zcta",2023,"transportation_score",99.39
"76945","zcta",2023,"transportation_score",107.5
"76950","zcta",2023,"transportation_score",92.52
"76951","zcta",2023,"transportation_score",90.43
"76953","zcta",2023,"transportation_score",NA
"76955","zcta",2023,"transportation_score",91.61
"76957","zcta",2023,"transportation_score",79.44
"76958","zcta",2023,"transportation_score",91.21
"77002","zcta",2023,"transportation_score",NA
"77003","zcta",2023,"transportation_score",95.38
"77004","zcta",2023,"transportation_score",121.92
"77005","zcta",2023,"transportation_score",115.05
"77006","zcta",2023,"transportation_score",123.89
"77007","zcta",2023,"transportation_score",114.78
"77008","zcta",2023,"transportation_score",116.38
"77009","zcta",2023,"transportation_score",122.1
"77010","zcta",2023,"transportation_score",104.88
"77011","zcta",2023,"transportation_score",118.01
"77012","zcta",2023,"transportation_score",117.33
"77013","zcta",2023,"transportation_score",113.95
"77014","zcta",2023,"transportation_score",114.08
"77015","zcta",2023,"transportation_score",115.39
"77016","zcta",2023,"transportation_score",117.98
"77017","zcta",2023,"transportation_score",114.47
"77018","zcta",2023,"transportation_score",117.35
"77019","zcta",2023,"transportation_score",116.83
"77020","zcta",2023,"transportation_score",120.95
"77021","zcta",2023,"transportation_score",126.77
"77022","zcta",2023,"transportation_score",116.85
"77023","zcta",2023,"transportation_score",118.47
"77024","zcta",2023,"transportation_score",114.52
"77025","zcta",2023,"transportation_score",120.87
"77026","zcta",2023,"transportation_score",121.29
"77027","zcta",2023,"transportation_score",113.69
"77028","zcta",2023,"transportation_score",117.55
"77029","zcta",2023,"transportation_score",113.08
"77030","zcta",2023,"transportation_score",124.16
"77031","zcta",2023,"transportation_score",119.53
"77032","zcta",2023,"transportation_score",113.41
"77033","zcta",2023,"transportation_score",121.01
"77034","zcta",2023,"transportation_score",115.68
"77035","zcta",2023,"transportation_score",118.88
"77036","zcta",2023,"transportation_score",133.22
"77037","zcta",2023,"transportation_score",119.81
"77038","zcta",2023,"transportation_score",114.19
"77039","zcta",2023,"transportation_score",114.03
"77040","zcta",2023,"transportation_score",117.06
"77041","zcta",2023,"transportation_score",116.37
"77042","zcta",2023,"transportation_score",121.46
"77043","zcta",2023,"transportation_score",114.49
"77044","zcta",2023,"transportation_score",112.96
"77045","zcta",2023,"transportation_score",115.18
"77046","zcta",2023,"transportation_score",100.01
"77047","zcta",2023,"transportation_score",115.02
"77048","zcta",2023,"transportation_score",116.41
"77049","zcta",2023,"transportation_score",113.26
"77050","zcta",2023,"transportation_score",89.42
"77051","zcta",2023,"transportation_score",119.42
"77053","zcta",2023,"transportation_score",114.67
"77054","zcta",2023,"transportation_score",124.68
"77055","zcta",2023,"transportation_score",116.03
"77056","zcta",2023,"transportation_score",117.36
"77057","zcta",2023,"transportation_score",124.46
"77058","zcta",2023,"transportation_score",113.25
"77059","zcta",2023,"transportation_score",112.11
"77060","zcta",2023,"transportation_score",120.39
"77061","zcta",2023,"transportation_score",120.43
"77062","zcta",2023,"transportation_score",114.8
"77063","zcta",2023,"transportation_score",121.41
"77064","zcta",2023,"transportation_score",114.09
"77065","zcta",2023,"transportation_score",113.96
"77066","zcta",2023,"transportation_score",113.12
"77067","zcta",2023,"transportation_score",117.14
"77068","zcta",2023,"transportation_score",112.17
"77069","zcta",2023,"transportation_score",118.42
"77070","zcta",2023,"transportation_score",114.53
"77071","zcta",2023,"transportation_score",116.81
"77072","zcta",2023,"transportation_score",123.38
"77073","zcta",2023,"transportation_score",120.18
"77074","zcta",2023,"transportation_score",125.81
"77075","zcta",2023,"transportation_score",113.49
"77076","zcta",2023,"transportation_score",117
"77077","zcta",2023,"transportation_score",121
"77078","zcta",2023,"transportation_score",114.81
"77079","zcta",2023,"transportation_score",114.04
"77080","zcta",2023,"transportation_score",116.33
"77081","zcta",2023,"transportation_score",128.01
"77082","zcta",2023,"transportation_score",118.74
"77083","zcta",2023,"transportation_score",117.43
"77084","zcta",2023,"transportation_score",115.2
"77085","zcta",2023,"transportation_score",114.41
"77086","zcta",2023,"transportation_score",115.2
"77087","zcta",2023,"transportation_score",116.23
"77088","zcta",2023,"transportation_score",115.36
"77089","zcta",2023,"transportation_score",114.35
"77090","zcta",2023,"transportation_score",116.94
"77091","zcta",2023,"transportation_score",117.37
"77092","zcta",2023,"transportation_score",115.5
"77093","zcta",2023,"transportation_score",118.27
"77094","zcta",2023,"transportation_score",94.71
"77095","zcta",2023,"transportation_score",114.49
"77096","zcta",2023,"transportation_score",119.4
"77098","zcta",2023,"transportation_score",113.87
"77099","zcta",2023,"transportation_score",116.71
"77204","zcta",2023,"transportation_score",NA
"77301","zcta",2023,"transportation_score",101.37
"77302","zcta",2023,"transportation_score",92.21
"77303","zcta",2023,"transportation_score",90.77
"77304","zcta",2023,"transportation_score",99.94
"77306","zcta",2023,"transportation_score",91.73
"77316","zcta",2023,"transportation_score",92.68
"77318","zcta",2023,"transportation_score",90.78
"77320","zcta",2023,"transportation_score",91.14
"77326","zcta",2023,"transportation_score",78.95
"77327","zcta",2023,"transportation_score",91
"77328","zcta",2023,"transportation_score",91.03
"77331","zcta",2023,"transportation_score",91.99
"77334","zcta",2023,"transportation_score",80.93
"77335","zcta",2023,"transportation_score",91.04
"77336","zcta",2023,"transportation_score",111.09
"77338","zcta",2023,"transportation_score",114.46
"77339","zcta",2023,"transportation_score",113.74
"77340","zcta",2023,"transportation_score",92.94
"77341","zcta",2023,"transportation_score",NA
"77342","zcta",2023,"transportation_score",NA
"77345","zcta",2023,"transportation_score",114.09
"77346","zcta",2023,"transportation_score",113.23
"77350","zcta",2023,"transportation_score",86.42
"77351","zcta",2023,"transportation_score",94.53
"77354","zcta",2023,"transportation_score",100.33
"77355","zcta",2023,"transportation_score",114.2
"77356","zcta",2023,"transportation_score",101.18
"77357","zcta",2023,"transportation_score",118.11
"77358","zcta",2023,"transportation_score",89.45
"77359","zcta",2023,"transportation_score",90.24
"77360","zcta",2023,"transportation_score",92.32
"77362","zcta",2023,"transportation_score",95.01
"77363","zcta",2023,"transportation_score",90.21
"77364","zcta",2023,"transportation_score",89.44
"77365","zcta",2023,"transportation_score",113.26
"77367","zcta",2023,"transportation_score",89.08
"77368","zcta",2023,"transportation_score",NA
"77369","zcta",2023,"transportation_score",89.55
"77371","zcta",2023,"transportation_score",90.41
"77372","zcta",2023,"transportation_score",111.83
"77373","zcta",2023,"transportation_score",113.26
"77374","zcta",2023,"transportation_score",92.15
"77375","zcta",2023,"transportation_score",112.49
"77376","zcta",2023,"transportation_score",96.64
"77377","zcta",2023,"transportation_score",91.73
"77378","zcta",2023,"transportation_score",92.49
"77379","zcta",2023,"transportation_score",113.6
"77380","zcta",2023,"transportation_score",100.73
"77381","zcta",2023,"transportation_score",100.8
"77382","zcta",2023,"transportation_score",100.38
"77384","zcta",2023,"transportation_score",100.01
"77385","zcta",2023,"transportation_score",99.32
"77386","zcta",2023,"transportation_score",99.79
"77388","zcta",2023,"transportation_score",112.53
"77389","zcta",2023,"transportation_score",114.29
"77396","zcta",2023,"transportation_score",112.45
"77401","zcta",2023,"transportation_score",112.76
"77406","zcta",2023,"transportation_score",113.14
"77407","zcta",2023,"transportation_score",114.26
"77412","zcta",2023,"transportation_score",NA
"77414","zcta",2023,"transportation_score",90.74
"77415","zcta",2023,"transportation_score",80.04
"77417","zcta",2023,"transportation_score",88.91
"77418","zcta",2023,"transportation_score",90.74
"77419","zcta",2023,"transportation_score",88.04
"77420","zcta",2023,"transportation_score",91.35
"77422","zcta",2023,"transportation_score",90.32
"77423","zcta",2023,"transportation_score",90.78
"77426","zcta",2023,"transportation_score",89.45
"77428","zcta",2023,"transportation_score",77.74
"77429","zcta",2023,"transportation_score",114.7
"77430","zcta",2023,"transportation_score",93.67
"77431","zcta",2023,"transportation_score",101.05
"77432","zcta",2023,"transportation_score",NA
"77433","zcta",2023,"transportation_score",115.56
"77434","zcta",2023,"transportation_score",99
"77435","zcta",2023,"transportation_score",91.48
"77436","zcta",2023,"transportation_score",NA
"77437","zcta",2023,"transportation_score",90.77
"77440","zcta",2023,"transportation_score",86.82
"77441","zcta",2023,"transportation_score",92.56
"77442","zcta",2023,"transportation_score",87.76
"77443","zcta",2023,"transportation_score",78.91
"77444","zcta",2023,"transportation_score",88.9
"77445","zcta",2023,"transportation_score",89.79
"77446","zcta",2023,"transportation_score",NA
"77447","zcta",2023,"transportation_score",91.89
"77448","zcta",2023,"transportation_score",NA
"77449","zcta",2023,"transportation_score",115.67
"77450","zcta",2023,"transportation_score",114.44
"77451","zcta",2023,"transportation_score",91.34
"77453","zcta",2023,"transportation_score",NA
"77454","zcta",2023,"transportation_score",95.59
"77455","zcta",2023,"transportation_score",90.1
"77456","zcta",2023,"transportation_score",91
"77457","zcta",2023,"transportation_score",93.39
"77458","zcta",2023,"transportation_score",NA
"77459","zcta",2023,"transportation_score",113.58
"77460","zcta",2023,"transportation_score",NA
"77461","zcta",2023,"transportation_score",91.62
"77464","zcta",2023,"transportation_score",88.39
"77465","zcta",2023,"transportation_score",95.98
"77466","zcta",2023,"transportation_score",90.47
"77467","zcta",2023,"transportation_score",NA
"77468","zcta",2023,"transportation_score",NA
"77469","zcta",2023,"transportation_score",112.16
"77470","zcta",2023,"transportation_score",85.37
"77471","zcta",2023,"transportation_score",112.27
"77473","zcta",2023,"transportation_score",NA
"77474","zcta",2023,"transportation_score",92.7
"77475","zcta",2023,"transportation_score",92.32
"77476","zcta",2023,"transportation_score",89.77
"77477","zcta",2023,"transportation_score",112.86
"77478","zcta",2023,"transportation_score",113.05
"77479","zcta",2023,"transportation_score",115.59
"77480","zcta",2023,"transportation_score",90.38
"77481","zcta",2023,"transportation_score",76.38
"77482","zcta",2023,"transportation_score",88.51
"77483","zcta",2023,"transportation_score",86.82
"77484","zcta",2023,"transportation_score",91
"77485","zcta",2023,"transportation_score",89.13
"77486","zcta",2023,"transportation_score",91.09
"77488","zcta",2023,"transportation_score",92.49
"77489","zcta",2023,"transportation_score",112.39
"77493","zcta",2023,"transportation_score",118.39
"77494","zcta",2023,"transportation_score",120.25
"77498","zcta",2023,"transportation_score",112.26
"77502","zcta",2023,"transportation_score",112.1
"77503","zcta",2023,"transportation_score",112.23
"77504","zcta",2023,"transportation_score",115.57
"77505","zcta",2023,"transportation_score",112.27
"77506","zcta",2023,"transportation_score",112.81
"77507","zcta",2023,"transportation_score",88.73
"77510","zcta",2023,"transportation_score",107.91
"77511","zcta",2023,"transportation_score",110.46
"77514","zcta",2023,"transportation_score",88.27
"77515","zcta",2023,"transportation_score",92.03
"77517","zcta",2023,"transportation_score",90.39
"77518","zcta",2023,"transportation_score",112.11
"77519","zcta",2023,"transportation_score",86.01
"77520","zcta",2023,"transportation_score",112.18
"77521","zcta",2023,"transportation_score",113.86
"77523","zcta",2023,"transportation_score",90.75
"77530","zcta",2023,"transportation_score",121.51
"77531","zcta",2023,"transportation_score",91.6
"77532","zcta",2023,"transportation_score",113.23
"77533","zcta",2023,"transportation_score",88.77
"77534","zcta",2023,"transportation_score",89.91
"77535","zcta",2023,"transportation_score",92.3
"77536","zcta",2023,"transportation_score",111.76
"77538","zcta",2023,"transportation_score",91.04
"77539","zcta",2023,"transportation_score",113.28
"77541","zcta",2023,"transportation_score",91.85
"77545","zcta",2023,"transportation_score",111.12
"77546","zcta",2023,"transportation_score",112.72
"77547","zcta",2023,"transportation_score",114.19
"77550","zcta",2023,"transportation_score",119.72
"77551","zcta",2023,"transportation_score",113.97
"77554","zcta",2023,"transportation_score",92.36
"77555","zcta",2023,"transportation_score",NA
"77560","zcta",2023,"transportation_score",90.19
"77561","zcta",2023,"transportation_score",NA
"77562","zcta",2023,"transportation_score",112.43
"77563","zcta",2023,"transportation_score",89.79
"77564","zcta",2023,"transportation_score",88.67
"77565","zcta",2023,"transportation_score",91.23
"77566","zcta",2023,"transportation_score",89.9
"77568","zcta",2023,"transportation_score",106.85
"77571","zcta",2023,"transportation_score",111.85
"77573","zcta",2023,"transportation_score",113.27
"77575","zcta",2023,"transportation_score",96.15
"77577","zcta",2023,"transportation_score",91.21
"77578","zcta",2023,"transportation_score",112.13
"77580","zcta",2023,"transportation_score",NA
"77581","zcta",2023,"transportation_score",113.56
"77582","zcta",2023,"transportation_score",86.63
"77583","zcta",2023,"transportation_score",111.75
"77584","zcta",2023,"transportation_score",111.62
"77585","zcta",2023,"transportation_score",89.78
"77586","zcta",2023,"transportation_score",112.01
"77587","zcta",2023,"transportation_score",113.06
"77590","zcta",2023,"transportation_score",108.71
"77591","zcta",2023,"transportation_score",113.27
"77597","zcta",2023,"transportation_score",93.55
"77598","zcta",2023,"transportation_score",112.15
"77611","zcta",2023,"transportation_score",119.54
"77612","zcta",2023,"transportation_score",89.5
"77613","zcta",2023,"transportation_score",87.15
"77614","zcta",2023,"transportation_score",87.35
"77615","zcta",2023,"transportation_score",90.34
"77616","zcta",2023,"transportation_score",96.57
"77617","zcta",2023,"transportation_score",NA
"77619","zcta",2023,"transportation_score",121.38
"77622","zcta",2023,"transportation_score",89.59
"77623","zcta",2023,"transportation_score",90.87
"77624","zcta",2023,"transportation_score",89.04
"77625","zcta",2023,"transportation_score",93.1
"77627","zcta",2023,"transportation_score",124.17
"77629","zcta",2023,"transportation_score",88
"77630","zcta",2023,"transportation_score",126.67
"77632","zcta",2023,"transportation_score",120.22
"77640","zcta",2023,"transportation_score",121.15
"77642","zcta",2023,"transportation_score",121.68
"77650","zcta",2023,"transportation_score",91.48
"77651","zcta",2023,"transportation_score",121.39
"77655","zcta",2023,"transportation_score",96.07
"77656","zcta",2023,"transportation_score",91.39
"77657","zcta",2023,"transportation_score",89.36
"77659","zcta",2023,"transportation_score",89.66
"77660","zcta",2023,"transportation_score",90.3
"77661","zcta",2023,"transportation_score",83.38
"77662","zcta",2023,"transportation_score",92.35
"77663","zcta",2023,"transportation_score",88.32
"77664","zcta",2023,"transportation_score",90.93
"77665","zcta",2023,"transportation_score",94.97
"77701","zcta",2023,"transportation_score",91.48
"77702","zcta",2023,"transportation_score",91.08
"77703","zcta",2023,"transportation_score",91.1
"77705","zcta",2023,"transportation_score",121.49
"77706","zcta",2023,"transportation_score",89.39
"77707","zcta",2023,"transportation_score",92.1
"77708","zcta",2023,"transportation_score",89.79
"77713","zcta",2023,"transportation_score",88.78
"77801","zcta",2023,"transportation_score",124.47
"77802","zcta",2023,"transportation_score",122.19
"77803","zcta",2023,"transportation_score",120.93
"77807","zcta",2023,"transportation_score",90.79
"77808","zcta",2023,"transportation_score",90.85
"77830","zcta",2023,"transportation_score",90.14
"77831","zcta",2023,"transportation_score",92.75
"77833","zcta",2023,"transportation_score",92.12
"77835","zcta",2023,"transportation_score",92.39
"77836","zcta",2023,"transportation_score",91.48
"77837","zcta",2023,"transportation_score",91.93
"77840","zcta",2023,"transportation_score",127.02
"77843","zcta",2023,"transportation_score",NA
"77845","zcta",2023,"transportation_score",121.27
"77852","zcta",2023,"transportation_score",NA
"77853","zcta",2023,"transportation_score",93.92
"77855","zcta",2023,"transportation_score",84.5
"77856","zcta",2023,"transportation_score",90.8
"77857","zcta",2023,"transportation_score",89.79
"77859","zcta",2023,"transportation_score",92.19
"77861","zcta",2023,"transportation_score",89.03
"77863","zcta",2023,"transportation_score",81.55
"77864","zcta",2023,"transportation_score",92.47
"77865","zcta",2023,"transportation_score",89.53
"77866","zcta",2023,"transportation_score",NA
"77867","zcta",2023,"transportation_score",86.85
"77868","zcta",2023,"transportation_score",94.55
"77871","zcta",2023,"transportation_score",89.61
"77872","zcta",2023,"transportation_score",94.65
"77873","zcta",2023,"transportation_score",89.1
"77875","zcta",2023,"transportation_score",NA
"77876","zcta",2023,"transportation_score",92.33
"77878","zcta",2023,"transportation_score",91.72
"77879","zcta",2023,"transportation_score",92.45
"77880","zcta",2023,"transportation_score",95.71
"77882","zcta",2023,"transportation_score",NA
"77901","zcta",2023,"transportation_score",113.05
"77904","zcta",2023,"transportation_score",111.11
"77905","zcta",2023,"transportation_score",91.05
"77950","zcta",2023,"transportation_score",88.09
"77951","zcta",2023,"transportation_score",94.94
"77954","zcta",2023,"transportation_score",91.63
"77957","zcta",2023,"transportation_score",91.57
"77960","zcta",2023,"transportation_score",NA
"77961","zcta",2023,"transportation_score",NA
"77962","zcta",2023,"transportation_score",92.31
"77963","zcta",2023,"transportation_score",91.02
"77964","zcta",2023,"transportation_score",91.44
"77968","zcta",2023,"transportation_score",88.53
"77969","zcta",2023,"transportation_score",118.21
"77970","zcta",2023,"transportation_score",90.33
"77971","zcta",2023,"transportation_score",94.74
"77973","zcta",2023,"transportation_score",NA
"77974","zcta",2023,"transportation_score",90.56
"77975","zcta",2023,"transportation_score",90.94
"77976","zcta",2023,"transportation_score",NA
"77977","zcta",2023,"transportation_score",101.16
"77978","zcta",2023,"transportation_score",91.21
"77979","zcta",2023,"transportation_score",116.11
"77982","zcta",2023,"transportation_score",89.13
"77983","zcta",2023,"transportation_score",91.56
"77984","zcta",2023,"transportation_score",88.93
"77986","zcta",2023,"transportation_score",NA
"77987","zcta",2023,"transportation_score",87.91
"77988","zcta",2023,"transportation_score",84.44
"77990","zcta",2023,"transportation_score",90.2
"77991","zcta",2023,"transportation_score",86.97
"77993","zcta",2023,"transportation_score",88.08
"77994","zcta",2023,"transportation_score",89.49
"77995","zcta",2023,"transportation_score",92.76
"78001","zcta",2023,"transportation_score",NA
"78002","zcta",2023,"transportation_score",89.52
"78003","zcta",2023,"transportation_score",91.1
"78004","zcta",2023,"transportation_score",92.55
"78005","zcta",2023,"transportation_score",89.64
"78006","zcta",2023,"transportation_score",92.02
"78007","zcta",2023,"transportation_score",82.73
"78008","zcta",2023,"transportation_score",92.73
"78009","zcta",2023,"transportation_score",93.25
"78010","zcta",2023,"transportation_score",91.92
"78011","zcta",2023,"transportation_score",91.15
"78012","zcta",2023,"transportation_score",92.5
"78013","zcta",2023,"transportation_score",96.2
"78014","zcta",2023,"transportation_score",100.43
"78015","zcta",2023,"transportation_score",92.67
"78016","zcta",2023,"transportation_score",93.3
"78017","zcta",2023,"transportation_score",NA
"78019","zcta",2023,"transportation_score",94.05
"78021","zcta",2023,"transportation_score",NA
"78022","zcta",2023,"transportation_score",90.45
"78023","zcta",2023,"transportation_score",122.46
"78024","zcta",2023,"transportation_score",93.51
"78025","zcta",2023,"transportation_score",93.21
"78026","zcta",2023,"transportation_score",94.4
"78027","zcta",2023,"transportation_score",89.63
"78028","zcta",2023,"transportation_score",92.45
"78029","zcta",2023,"transportation_score",NA
"78039","zcta",2023,"transportation_score",90.14
"78040","zcta",2023,"transportation_score",119.04
"78041","zcta",2023,"transportation_score",116.81
"78043","zcta",2023,"transportation_score",115.23
"78044","zcta",2023,"transportation_score",92.79
"78045","zcta",2023,"transportation_score",114.52
"78046","zcta",2023,"transportation_score",115.62
"78050","zcta",2023,"transportation_score",90.67
"78052","zcta",2023,"transportation_score",93.1
"78055","zcta",2023,"transportation_score",89.63
"78056","zcta",2023,"transportation_score",92.67
"78057","zcta",2023,"transportation_score",88.66
"78058","zcta",2023,"transportation_score",94.68
"78059","zcta",2023,"transportation_score",91.45
"78061","zcta",2023,"transportation_score",91.16
"78062","zcta",2023,"transportation_score",NA
"78063","zcta",2023,"transportation_score",90.47
"78064","zcta",2023,"transportation_score",93.27
"78065","zcta",2023,"transportation_score",92.97
"78066","zcta",2023,"transportation_score",90.26
"78067","zcta",2023,"transportation_score",95.02
"78069","zcta",2023,"transportation_score",89.62
"78070","zcta",2023,"transportation_score",91.1
"78071","zcta",2023,"transportation_score",NA
"78072","zcta",2023,"transportation_score",91.92
"78073","zcta",2023,"transportation_score",91.93
"78074","zcta",2023,"transportation_score",NA
"78075","zcta",2023,"transportation_score",88.2
"78076","zcta",2023,"transportation_score",100.94
"78101","zcta",2023,"transportation_score",89.81
"78102","zcta",2023,"transportation_score",91.22
"78104","zcta",2023,"transportation_score",85.7
"78107","zcta",2023,"transportation_score",91.84
"78108","zcta",2023,"transportation_score",119.96
"78109","zcta",2023,"transportation_score",121.06
"78111","zcta",2023,"transportation_score",NA
"78112","zcta",2023,"transportation_score",94.35
"78113","zcta",2023,"transportation_score",89.36
"78114","zcta",2023,"transportation_score",91.58
"78116","zcta",2023,"transportation_score",97.37
"78117","zcta",2023,"transportation_score",90.35
"78118","zcta",2023,"transportation_score",91.37
"78119","zcta",2023,"transportation_score",NA
"78121","zcta",2023,"transportation_score",90.45
"78122","zcta",2023,"transportation_score",86.75
"78123","zcta",2023,"transportation_score",93.53
"78124","zcta",2023,"transportation_score",90.25
"78125","zcta",2023,"transportation_score",NA
"78130","zcta",2023,"transportation_score",121.28
"78132","zcta",2023,"transportation_score",94.37
"78133","zcta",2023,"transportation_score",92.36
"78140","zcta",2023,"transportation_score",90.95
"78141","zcta",2023,"transportation_score",92.54
"78142","zcta",2023,"transportation_score",NA
"78143","zcta",2023,"transportation_score",80.41
"78144","zcta",2023,"transportation_score",NA
"78145","zcta",2023,"transportation_score",NA
"78146","zcta",2023,"transportation_score",90.92
"78147","zcta",2023,"transportation_score",88.12
"78148","zcta",2023,"transportation_score",123.42
"78150","zcta",2023,"transportation_score",NA
"78151","zcta",2023,"transportation_score",89.04
"78152","zcta",2023,"transportation_score",90.88
"78154","zcta",2023,"transportation_score",121.04
"78155","zcta",2023,"transportation_score",92.01
"78159","zcta",2023,"transportation_score",88.9
"78160","zcta",2023,"transportation_score",93
"78161","zcta",2023,"transportation_score",86.81
"78162","zcta",2023,"transportation_score",84.06
"78163","zcta",2023,"transportation_score",92.1
"78164","zcta",2023,"transportation_score",91.15
"78201","zcta",2023,"transportation_score",127.01
"78202","zcta",2023,"transportation_score",128.04
"78203","zcta",2023,"transportation_score",127.66
"78204","zcta",2023,"transportation_score",128.44
"78205","zcta",2023,"transportation_score",96.95
"78207","zcta",2023,"transportation_score",129.69
"78208","zcta",2023,"transportation_score",101.18
"78209","zcta",2023,"transportation_score",122.17
"78210","zcta",2023,"transportation_score",126.81
"78211","zcta",2023,"transportation_score",125.85
"78212","zcta",2023,"transportation_score",129.27
"78213","zcta",2023,"transportation_score",124.38
"78214","zcta",2023,"transportation_score",127.68
"78215","zcta",2023,"transportation_score",94.28
"78216","zcta",2023,"transportation_score",126.85
"78217","zcta",2023,"transportation_score",126.31
"78218","zcta",2023,"transportation_score",129.38
"78219","zcta",2023,"transportation_score",124.56
"78220","zcta",2023,"transportation_score",130.91
"78221","zcta",2023,"transportation_score",124.18
"78222","zcta",2023,"transportation_score",124.4
"78223","zcta",2023,"transportation_score",125.75
"78224","zcta",2023,"transportation_score",123.78
"78225","zcta",2023,"transportation_score",122.73
"78226","zcta",2023,"transportation_score",132.39
"78227","zcta",2023,"transportation_score",124.29
"78228","zcta",2023,"transportation_score",127.84
"78229","zcta",2023,"transportation_score",128.03
"78230","zcta",2023,"transportation_score",123.76
"78231","zcta",2023,"transportation_score",91.68
"78232","zcta",2023,"transportation_score",122.78
"78233","zcta",2023,"transportation_score",122.84
"78234","zcta",2023,"transportation_score",NA
"78235","zcta",2023,"transportation_score",93.83
"78236","zcta",2023,"transportation_score",NA
"78237","zcta",2023,"transportation_score",130.19
"78238","zcta",2023,"transportation_score",123.36
"78239","zcta",2023,"transportation_score",122.3
"78240","zcta",2023,"transportation_score",123.46
"78242","zcta",2023,"transportation_score",122.69
"78243","zcta",2023,"transportation_score",NA
"78244","zcta",2023,"transportation_score",121.84
"78245","zcta",2023,"transportation_score",122.27
"78247","zcta",2023,"transportation_score",121.25
"78248","zcta",2023,"transportation_score",121.81
"78249","zcta",2023,"transportation_score",123.93
"78250","zcta",2023,"transportation_score",121.89
"78251","zcta",2023,"transportation_score",123.02
"78252","zcta",2023,"transportation_score",92.01
"78253","zcta",2023,"transportation_score",121.93
"78254","zcta",2023,"transportation_score",122.3
"78255","zcta",2023,"transportation_score",123.18
"78256","zcta",2023,"transportation_score",93.19
"78257","zcta",2023,"transportation_score",94.43
"78258","zcta",2023,"transportation_score",122.12
"78259","zcta",2023,"transportation_score",121.31
"78260","zcta",2023,"transportation_score",121.77
"78261","zcta",2023,"transportation_score",121.28
"78263","zcta",2023,"transportation_score",90.6
"78264","zcta",2023,"transportation_score",91.67
"78266","zcta",2023,"transportation_score",91.36
"78330","zcta",2023,"transportation_score",89.14
"78332","zcta",2023,"transportation_score",91.71
"78336","zcta",2023,"transportation_score",92.02
"78338","zcta",2023,"transportation_score",NA
"78339","zcta",2023,"transportation_score",87.41
"78340","zcta",2023,"transportation_score",88.89
"78341","zcta",2023,"transportation_score",94.17
"78342","zcta",2023,"transportation_score",86.58
"78343","zcta",2023,"transportation_score",90.01
"78344","zcta",2023,"transportation_score",90.26
"78347","zcta",2023,"transportation_score",93.28
"78349","zcta",2023,"transportation_score",86.44
"78351","zcta",2023,"transportation_score",96.6
"78352","zcta",2023,"transportation_score",NA
"78353","zcta",2023,"transportation_score",92.22
"78355","zcta",2023,"transportation_score",89.82
"78357","zcta",2023,"transportation_score",89.37
"78358","zcta",2023,"transportation_score",97.42
"78359","zcta",2023,"transportation_score",92.31
"78360","zcta",2023,"transportation_score",NA
"78361","zcta",2023,"transportation_score",101.15
"78362","zcta",2023,"transportation_score",93.69
"78363","zcta",2023,"transportation_score",121.67
"78368","zcta",2023,"transportation_score",90.51
"78369","zcta",2023,"transportation_score",88.63
"78370","zcta",2023,"transportation_score",89
"78371","zcta",2023,"transportation_score",93.2
"78372","zcta",2023,"transportation_score",91.66
"78373","zcta",2023,"transportation_score",92.88
"78374","zcta",2023,"transportation_score",110.17
"78375","zcta",2023,"transportation_score",93.41
"78376","zcta",2023,"transportation_score",95.09
"78377","zcta",2023,"transportation_score",101.57
"78379","zcta",2023,"transportation_score",91.11
"78380","zcta",2023,"transportation_score",93.63
"78382","zcta",2023,"transportation_score",96.07
"78383","zcta",2023,"transportation_score",91.06
"78384","zcta",2023,"transportation_score",100.22
"78385","zcta",2023,"transportation_score",NA
"78387","zcta",2023,"transportation_score",90.6
"78389","zcta",2023,"transportation_score",89.63
"78390","zcta",2023,"transportation_score",90.31
"78391","zcta",2023,"transportation_score",85.96
"78393","zcta",2023,"transportation_score",91.38
"78401","zcta",2023,"transportation_score",NA
"78402","zcta",2023,"transportation_score",104.08
"78404","zcta",2023,"transportation_score",111.34
"78405","zcta",2023,"transportation_score",113.77
"78406","zcta",2023,"transportation_score",NA
"78407","zcta",2023,"transportation_score",108.76
"78408","zcta",2023,"transportation_score",110.49
"78409","zcta",2023,"transportation_score",89.14
"78410","zcta",2023,"transportation_score",109.37
"78411","zcta",2023,"transportation_score",113.75
"78412","zcta",2023,"transportation_score",112.9
"78413","zcta",2023,"transportation_score",110.61
"78414","zcta",2023,"transportation_score",110.31
"78415","zcta",2023,"transportation_score",113.94
"78416","zcta",2023,"transportation_score",122.03
"78417","zcta",2023,"transportation_score",91.1
"78418","zcta",2023,"transportation_score",113.12
"78419","zcta",2023,"transportation_score",88.25
"78501","zcta",2023,"transportation_score",118.26
"78503","zcta",2023,"transportation_score",115.55
"78504","zcta",2023,"transportation_score",116.23
"78516","zcta",2023,"transportation_score",115.51
"78520","zcta",2023,"transportation_score",125.67
"78521","zcta",2023,"transportation_score",131.04
"78526","zcta",2023,"transportation_score",123.37
"78535","zcta",2023,"transportation_score",91.93
"78536","zcta",2023,"transportation_score",87.23
"78537","zcta",2023,"transportation_score",116.51
"78538","zcta",2023,"transportation_score",90.73
"78539","zcta",2023,"transportation_score",116.7
"78540","zcta",2023,"transportation_score",NA
"78541","zcta",2023,"transportation_score",116.83
"78542","zcta",2023,"transportation_score",117.9
"78543","zcta",2023,"transportation_score",114.23
"78545","zcta",2023,"transportation_score",86.9
"78547","zcta",2023,"transportation_score",91.45
"78548","zcta",2023,"transportation_score",90.78
"78549","zcta",2023,"transportation_score",93.62
"78550","zcta",2023,"transportation_score",92.02
"78552","zcta",2023,"transportation_score",90.16
"78557","zcta",2023,"transportation_score",114.91
"78558","zcta",2023,"transportation_score",91.02
"78559","zcta",2023,"transportation_score",90.85
"78560","zcta",2023,"transportation_score",90.49
"78561","zcta",2023,"transportation_score",89.74
"78562","zcta",2023,"transportation_score",NA
"78563","zcta",2023,"transportation_score",NA
"78564","zcta",2023,"transportation_score",NA
"78565","zcta",2023,"transportation_score",NA
"78566","zcta",2023,"transportation_score",122.9
"78567","zcta",2023,"transportation_score",94.73
"78569","zcta",2023,"transportation_score",90.72
"78570","zcta",2023,"transportation_score",116.98
"78572","zcta",2023,"transportation_score",115.31
"78573","zcta",2023,"transportation_score",115.46
"78574","zcta",2023,"transportation_score",115.48
"78575","zcta",2023,"transportation_score",91.28
"78576","zcta",2023,"transportation_score",89.83
"78577","zcta",2023,"transportation_score",116.3
"78578","zcta",2023,"transportation_score",93.82
"78579","zcta",2023,"transportation_score",89.89
"78580","zcta",2023,"transportation_score",91.14
"78582","zcta",2023,"transportation_score",101.45
"78583","zcta",2023,"transportation_score",89.73
"78584","zcta",2023,"transportation_score",102.31
"78585","zcta",2023,"transportation_score",NA
"78586","zcta",2023,"transportation_score",91.94
"78588","zcta",2023,"transportation_score",95.1
"78589","zcta",2023,"transportation_score",115.23
"78590","zcta",2023,"transportation_score",92.71
"78591","zcta",2023,"transportation_score",86.1
"78592","zcta",2023,"transportation_score",87.72
"78593","zcta",2023,"transportation_score",90.45
"78594","zcta",2023,"transportation_score",90.07
"78595","zcta",2023,"transportation_score",102.59
"78596","zcta",2023,"transportation_score",117.45
"78597","zcta",2023,"transportation_score",96.1
"78598","zcta",2023,"transportation_score",86.9
"78599","zcta",2023,"transportation_score",115.52
"78602","zcta",2023,"transportation_score",95.36
"78605","zcta",2023,"transportation_score",91.54
"78606","zcta",2023,"transportation_score",92.58
"78607","zcta",2023,"transportation_score",82.8
"78608","zcta",2023,"transportation_score",89.18
"78609","zcta",2023,"transportation_score",92.44
"78610","zcta",2023,"transportation_score",91.5
"78611","zcta",2023,"transportation_score",92.37
"78612","zcta",2023,"transportation_score",93.96
"78613","zcta",2023,"transportation_score",93.7
"78614","zcta",2023,"transportation_score",92.52
"78615","zcta",2023,"transportation_score",91.85
"78616","zcta",2023,"transportation_score",91.26
"78617","zcta",2023,"transportation_score",92.87
"78618","zcta",2023,"transportation_score",87.9
"78619","zcta",2023,"transportation_score",93.97
"78620","zcta",2023,"transportation_score",93.07
"78621","zcta",2023,"transportation_score",91.66
"78622","zcta",2023,"transportation_score",88.93
"78623","zcta",2023,"transportation_score",93.28
"78624","zcta",2023,"transportation_score",93.24
"78626","zcta",2023,"transportation_score",93.79
"78628","zcta",2023,"transportation_score",92.35
"78629","zcta",2023,"transportation_score",132.08
"78631","zcta",2023,"transportation_score",89.36
"78632","zcta",2023,"transportation_score",88.66
"78633","zcta",2023,"transportation_score",94.2
"78634","zcta",2023,"transportation_score",91.36
"78635","zcta",2023,"transportation_score",NA
"78636","zcta",2023,"transportation_score",109.19
"78638","zcta",2023,"transportation_score",90.45
"78639","zcta",2023,"transportation_score",91.7
"78640","zcta",2023,"transportation_score",90.92
"78641","zcta",2023,"transportation_score",93.82
"78642","zcta",2023,"transportation_score",94.18
"78643","zcta",2023,"transportation_score",95.92
"78644","zcta",2023,"transportation_score",90.54
"78645","zcta",2023,"transportation_score",92.94
"78648","zcta",2023,"transportation_score",91.01
"78650","zcta",2023,"transportation_score",91.8
"78652","zcta",2023,"transportation_score",94.01
"78653","zcta",2023,"transportation_score",92.99
"78654","zcta",2023,"transportation_score",92.21
"78655","zcta",2023,"transportation_score",89.37
"78656","zcta",2023,"transportation_score",90.7
"78657","zcta",2023,"transportation_score",91.61
"78658","zcta",2023,"transportation_score",NA
"78659","zcta",2023,"transportation_score",91.32
"78660","zcta",2023,"transportation_score",93.1
"78661","zcta",2023,"transportation_score",87.59
"78662","zcta",2023,"transportation_score",91.43
"78663","zcta",2023,"transportation_score",88.73
"78664","zcta",2023,"transportation_score",94.1
"78665","zcta",2023,"transportation_score",93.45
"78666","zcta",2023,"transportation_score",109.33
"78669","zcta",2023,"transportation_score",93.47
"78670","zcta",2023,"transportation_score",90.6
"78671","zcta",2023,"transportation_score",93.01
"78672","zcta",2023,"transportation_score",91.1
"78674","zcta",2023,"transportation_score",91.52
"78675","zcta",2023,"transportation_score",94.7
"78676","zcta",2023,"transportation_score",91.08
"78677","zcta",2023,"transportation_score",NA
"78681","zcta",2023,"transportation_score",93.12
"78701","zcta",2023,"transportation_score",100.06
"78702","zcta",2023,"transportation_score",100.7
"78703","zcta",2023,"transportation_score",100.28
"78704","zcta",2023,"transportation_score",98.83
"78705","zcta",2023,"transportation_score",NA
"78712","zcta",2023,"transportation_score",NA
"78717","zcta",2023,"transportation_score",93.73
"78719","zcta",2023,"transportation_score",90.83
"78721","zcta",2023,"transportation_score",99.25
"78722","zcta",2023,"transportation_score",98.86
"78723","zcta",2023,"transportation_score",96.22
"78724","zcta",2023,"transportation_score",97.51
"78725","zcta",2023,"transportation_score",93.28
"78726","zcta",2023,"transportation_score",94.2
"78727","zcta",2023,"transportation_score",95.74
"78728","zcta",2023,"transportation_score",94.95
"78729","zcta",2023,"transportation_score",93.33
"78730","zcta",2023,"transportation_score",93.96
"78731","zcta",2023,"transportation_score",95.27
"78732","zcta",2023,"transportation_score",94.66
"78733","zcta",2023,"transportation_score",91.81
"78734","zcta",2023,"transportation_score",94.29
"78735","zcta",2023,"transportation_score",96.03
"78736","zcta",2023,"transportation_score",93.55
"78737","zcta",2023,"transportation_score",94.33
"78738","zcta",2023,"transportation_score",95.11
"78739","zcta",2023,"transportation_score",94.12
"78741","zcta",2023,"transportation_score",97.73
"78742","zcta",2023,"transportation_score",91.66
"78744","zcta",2023,"transportation_score",94.49
"78745","zcta",2023,"transportation_score",95.01
"78746","zcta",2023,"transportation_score",95.17
"78747","zcta",2023,"transportation_score",92.98
"78748","zcta",2023,"transportation_score",94.51
"78749","zcta",2023,"transportation_score",93.99
"78750","zcta",2023,"transportation_score",95.18
"78751","zcta",2023,"transportation_score",101.81
"78752","zcta",2023,"transportation_score",102.02
"78753","zcta",2023,"transportation_score",99.03
"78754","zcta",2023,"transportation_score",93.23
"78756","zcta",2023,"transportation_score",98.93
"78757","zcta",2023,"transportation_score",95.23
"78758","zcta",2023,"transportation_score",99.79
"78759","zcta",2023,"transportation_score",94.8
"78801","zcta",2023,"transportation_score",99.73
"78802","zcta",2023,"transportation_score",NA
"78827","zcta",2023,"transportation_score",101.17
"78828","zcta",2023,"transportation_score",NA
"78829","zcta",2023,"transportation_score",95.83
"78830","zcta",2023,"transportation_score",90.29
"78832","zcta",2023,"transportation_score",92.73
"78833","zcta",2023,"transportation_score",100.1
"78834","zcta",2023,"transportation_score",90.56
"78836","zcta",2023,"transportation_score",NA
"78837","zcta",2023,"transportation_score",86.18
"78838","zcta",2023,"transportation_score",98.49
"78839","zcta",2023,"transportation_score",89.72
"78840","zcta",2023,"transportation_score",118.79
"78841","zcta",2023,"transportation_score",NA
"78842","zcta",2023,"transportation_score",NA
"78843","zcta",2023,"transportation_score",NA
"78850","zcta",2023,"transportation_score",91.48
"78851","zcta",2023,"transportation_score",NA
"78852","zcta",2023,"transportation_score",123.22
"78860","zcta",2023,"transportation_score",NA
"78861","zcta",2023,"transportation_score",92.34
"78870","zcta",2023,"transportation_score",89.92
"78871","zcta",2023,"transportation_score",NA
"78872","zcta",2023,"transportation_score",88.48
"78873","zcta",2023,"transportation_score",92.58
"78877","zcta",2023,"transportation_score",93.79
"78879","zcta",2023,"transportation_score",78.96
"78880","zcta",2023,"transportation_score",98.49
"78881","zcta",2023,"transportation_score",92.7
"78883","zcta",2023,"transportation_score",99.31
"78884","zcta",2023,"transportation_score",92.03
"78885","zcta",2023,"transportation_score",NA
"78886","zcta",2023,"transportation_score",92.09
"78931","zcta",2023,"transportation_score",92.92
"78932","zcta",2023,"transportation_score",90.05
"78933","zcta",2023,"transportation_score",88.75
"78934","zcta",2023,"transportation_score",101.64
"78935","zcta",2023,"transportation_score",90.07
"78938","zcta",2023,"transportation_score",90.85
"78940","zcta",2023,"transportation_score",90.75
"78941","zcta",2023,"transportation_score",90.52
"78942","zcta",2023,"transportation_score",92.42
"78943","zcta",2023,"transportation_score",85.14
"78944","zcta",2023,"transportation_score",89.77
"78945","zcta",2023,"transportation_score",89.52
"78946","zcta",2023,"transportation_score",93.06
"78947","zcta",2023,"transportation_score",91.26
"78948","zcta",2023,"transportation_score",96.69
"78949","zcta",2023,"transportation_score",86.62
"78950","zcta",2023,"transportation_score",90.86
"78951","zcta",2023,"transportation_score",NA
"78953","zcta",2023,"transportation_score",93.08
"78954","zcta",2023,"transportation_score",92.33
"78956","zcta",2023,"transportation_score",92.08
"78957","zcta",2023,"transportation_score",91.97
"78959","zcta",2023,"transportation_score",92.95
"78962","zcta",2023,"transportation_score",90.27
"78963","zcta",2023,"transportation_score",91.35
"79001","zcta",2023,"transportation_score",91.11
"79002","zcta",2023,"transportation_score",NA
"79003","zcta",2023,"transportation_score",87.96
"79005","zcta",2023,"transportation_score",88.99
"79007","zcta",2023,"transportation_score",96.28
"79008","zcta",2023,"transportation_score",NA
"79009","zcta",2023,"transportation_score",94.67
"79010","zcta",2023,"transportation_score",NA
"79011","zcta",2023,"transportation_score",88.59
"79012","zcta",2023,"transportation_score",NA
"79013","zcta",2023,"transportation_score",93.71
"79014","zcta",2023,"transportation_score",93.07
"79015","zcta",2023,"transportation_score",91.5
"79016","zcta",2023,"transportation_score",NA
"79018","zcta",2023,"transportation_score",88.43
"79019","zcta",2023,"transportation_score",96.12
"79021","zcta",2023,"transportation_score",NA
"79022","zcta",2023,"transportation_score",91.14
"79024","zcta",2023,"transportation_score",92.3
"79025","zcta",2023,"transportation_score",NA
"79027","zcta",2023,"transportation_score",92.02
"79029","zcta",2023,"transportation_score",91.9
"79031","zcta",2023,"transportation_score",91.43
"79032","zcta",2023,"transportation_score",87.25
"79033","zcta",2023,"transportation_score",NA
"79034","zcta",2023,"transportation_score",89.94
"79035","zcta",2023,"transportation_score",90.17
"79036","zcta",2023,"transportation_score",91.9
"79039","zcta",2023,"transportation_score",88.94
"79040","zcta",2023,"transportation_score",91.1
"79041","zcta",2023,"transportation_score",88.61
"79042","zcta",2023,"transportation_score",91.85
"79043","zcta",2023,"transportation_score",95.91
"79044","zcta",2023,"transportation_score",93.03
"79045","zcta",2023,"transportation_score",90.88
"79046","zcta",2023,"transportation_score",90.52
"79051","zcta",2023,"transportation_score",NA
"79052","zcta",2023,"transportation_score",91.15
"79053","zcta",2023,"transportation_score",NA
"79054","zcta",2023,"transportation_score",98.31
"79056","zcta",2023,"transportation_score",NA
"79057","zcta",2023,"transportation_score",90.05
"79058","zcta",2023,"transportation_score",NA
"79059","zcta",2023,"transportation_score",92.31
"79061","zcta",2023,"transportation_score",88.93
"79062","zcta",2023,"transportation_score",89.74
"79063","zcta",2023,"transportation_score",88.76
"79064","zcta",2023,"transportation_score",96.36
"79065","zcta",2023,"transportation_score",91.66
"79066","zcta",2023,"transportation_score",NA
"79068","zcta",2023,"transportation_score",96.48
"79070","zcta",2023,"transportation_score",91.47
"79072","zcta",2023,"transportation_score",91.61
"79073","zcta",2023,"transportation_score",NA
"79078","zcta",2023,"transportation_score",92.81
"79079","zcta",2023,"transportation_score",118.86
"79080","zcta",2023,"transportation_score",91.71
"79081","zcta",2023,"transportation_score",90.18
"79082","zcta",2023,"transportation_score",88.81
"79083","zcta",2023,"transportation_score",89.36
"79084","zcta",2023,"transportation_score",117.16
"79085","zcta",2023,"transportation_score",NA
"79086","zcta",2023,"transportation_score",91.93
"79087","zcta",2023,"transportation_score",90.28
"79088","zcta",2023,"transportation_score",91.35
"79091","zcta",2023,"transportation_score",NA
"79092","zcta",2023,"transportation_score",121.29
"79093","zcta",2023,"transportation_score",88.74
"79094","zcta",2023,"transportation_score",NA
"79095","zcta",2023,"transportation_score",104.25
"79096","zcta",2023,"transportation_score",94.29
"79097","zcta",2023,"transportation_score",90.34
"79098","zcta",2023,"transportation_score",88.3
"79101","zcta",2023,"transportation_score",104.74
"79102","zcta",2023,"transportation_score",92.35
"79103","zcta",2023,"transportation_score",92.41
"79104","zcta",2023,"transportation_score",95.68
"79106","zcta",2023,"transportation_score",93.46
"79107","zcta",2023,"transportation_score",93.81
"79108","zcta",2023,"transportation_score",92.64
"79109","zcta",2023,"transportation_score",91.23
"79110","zcta",2023,"transportation_score",91.54
"79111","zcta",2023,"transportation_score",88.91
"79118","zcta",2023,"transportation_score",93.12
"79119","zcta",2023,"transportation_score",91.52
"79121","zcta",2023,"transportation_score",91.19
"79124","zcta",2023,"transportation_score",90.41
"79201","zcta",2023,"transportation_score",90.54
"79220","zcta",2023,"transportation_score",97.69
"79223","zcta",2023,"transportation_score",NA
"79225","zcta",2023,"transportation_score",92.13
"79226","zcta",2023,"transportation_score",92.27
"79227","zcta",2023,"transportation_score",92.9
"79229","zcta",2023,"transportation_score",89.66
"79230","zcta",2023,"transportation_score",NA
"79231","zcta",2023,"transportation_score",NA
"79233","zcta",2023,"transportation_score",NA
"79234","zcta",2023,"transportation_score",88.43
"79235","zcta",2023,"transportation_score",92.1
"79236","zcta",2023,"transportation_score",90.89
"79237","zcta",2023,"transportation_score",93.01
"79239","zcta",2023,"transportation_score",NA
"79240","zcta",2023,"transportation_score",NA
"79241","zcta",2023,"transportation_score",87.89
"79243","zcta",2023,"transportation_score",NA
"79244","zcta",2023,"transportation_score",95.07
"79245","zcta",2023,"transportation_score",90.69
"79247","zcta",2023,"transportation_score",NA
"79248","zcta",2023,"transportation_score",93.5
"79250","zcta",2023,"transportation_score",89.64
"79251","zcta",2023,"transportation_score",NA
"79252","zcta",2023,"transportation_score",93.44
"79255","zcta",2023,"transportation_score",93.19
"79256","zcta",2023,"transportation_score",95.99
"79257","zcta",2023,"transportation_score",92.26
"79258","zcta",2023,"transportation_score",NA
"79259","zcta",2023,"transportation_score",NA
"79261","zcta",2023,"transportation_score",92.31
"79311","zcta",2023,"transportation_score",91.18
"79312","zcta",2023,"transportation_score",91.69
"79313","zcta",2023,"transportation_score",92.4
"79314","zcta",2023,"transportation_score",77.16
"79316","zcta",2023,"transportation_score",90.7
"79322","zcta",2023,"transportation_score",106.17
"79323","zcta",2023,"transportation_score",91.59
"79324","zcta",2023,"transportation_score",NA
"79325","zcta",2023,"transportation_score",89.51
"79326","zcta",2023,"transportation_score",NA
"79329","zcta",2023,"transportation_score",91.48
"79330","zcta",2023,"transportation_score",85.04
"79331","zcta",2023,"transportation_score",135.8
"79336","zcta",2023,"transportation_score",114.64
"79339","zcta",2023,"transportation_score",90.53
"79342","zcta",2023,"transportation_score",90.24
"79343","zcta",2023,"transportation_score",91.14
"79344","zcta",2023,"transportation_score",NA
"79345","zcta",2023,"transportation_score",91.99
"79346","zcta",2023,"transportation_score",95.99
"79347","zcta",2023,"transportation_score",93.51
"79350","zcta",2023,"transportation_score",85.34
"79351","zcta",2023,"transportation_score",92.07
"79353","zcta",2023,"transportation_score",NA
"79355","zcta",2023,"transportation_score",91.16
"79356","zcta",2023,"transportation_score",90.72
"79357","zcta",2023,"transportation_score",108.38
"79358","zcta",2023,"transportation_score",91.36
"79359","zcta",2023,"transportation_score",92.65
"79360","zcta",2023,"transportation_score",93.8
"79363","zcta",2023,"transportation_score",91
"79364","zcta",2023,"transportation_score",90.17
"79366","zcta",2023,"transportation_score",89.51
"79367","zcta",2023,"transportation_score",93.44
"79369","zcta",2023,"transportation_score",NA
"79370","zcta",2023,"transportation_score",96.52
"79371","zcta",2023,"transportation_score",92.39
"79372","zcta",2023,"transportation_score",91.47
"79373","zcta",2023,"transportation_score",91.38
"79376","zcta",2023,"transportation_score",NA
"79377","zcta",2023,"transportation_score",88.21
"79378","zcta",2023,"transportation_score",88.48
"79379","zcta",2023,"transportation_score",88.97
"79380","zcta",2023,"transportation_score",NA
"79381","zcta",2023,"transportation_score",91.06
"79382","zcta",2023,"transportation_score",89.79
"79383","zcta",2023,"transportation_score",NA
"79401","zcta",2023,"transportation_score",124.72
"79402","zcta",2023,"transportation_score",NA
"79403","zcta",2023,"transportation_score",119.29
"79404","zcta",2023,"transportation_score",116.45
"79406","zcta",2023,"transportation_score",NA
"79407","zcta",2023,"transportation_score",114.91
"79410","zcta",2023,"transportation_score",117.64
"79411","zcta",2023,"transportation_score",93.04
"79412","zcta",2023,"transportation_score",119.1
"79413","zcta",2023,"transportation_score",116.62
"79414","zcta",2023,"transportation_score",115.32
"79415","zcta",2023,"transportation_score",120.97
"79416","zcta",2023,"transportation_score",116.19
"79423","zcta",2023,"transportation_score",115.05
"79424","zcta",2023,"transportation_score",114.72
"79501","zcta",2023,"transportation_score",90.27
"79502","zcta",2023,"transportation_score",89.49
"79503","zcta",2023,"transportation_score",99.71
"79504","zcta",2023,"transportation_score",104.19
"79505","zcta",2023,"transportation_score",88.34
"79506","zcta",2023,"transportation_score",93.68
"79508","zcta",2023,"transportation_score",91.25
"79510","zcta",2023,"transportation_score",91.43
"79511","zcta",2023,"transportation_score",89.14
"79512","zcta",2023,"transportation_score",94.59
"79517","zcta",2023,"transportation_score",87.7
"79518","zcta",2023,"transportation_score",90.75
"79519","zcta",2023,"transportation_score",82.9
"79520","zcta",2023,"transportation_score",94.05
"79521","zcta",2023,"transportation_score",92.41
"79525","zcta",2023,"transportation_score",89.45
"79526","zcta",2023,"transportation_score",89.91
"79527","zcta",2023,"transportation_score",85.99
"79528","zcta",2023,"transportation_score",90.03
"79529","zcta",2023,"transportation_score",91.84
"79530","zcta",2023,"transportation_score",92.71
"79532","zcta",2023,"transportation_score",93.85
"79533","zcta",2023,"transportation_score",92.5
"79534","zcta",2023,"transportation_score",84.99
"79535","zcta",2023,"transportation_score",89.31
"79536","zcta",2023,"transportation_score",91.27
"79537","zcta",2023,"transportation_score",NA
"79538","zcta",2023,"transportation_score",88.91
"79539","zcta",2023,"transportation_score",89.56
"79540","zcta",2023,"transportation_score",NA
"79541","zcta",2023,"transportation_score",89.27
"79543","zcta",2023,"transportation_score",90.04
"79544","zcta",2023,"transportation_score",90.88
"79545","zcta",2023,"transportation_score",101.05
"79546","zcta",2023,"transportation_score",90.53
"79547","zcta",2023,"transportation_score",93.49
"79548","zcta",2023,"transportation_score",94.23
"79549","zcta",2023,"transportation_score",94.51
"79553","zcta",2023,"transportation_score",92.55
"79556","zcta",2023,"transportation_score",91.38
"79560","zcta",2023,"transportation_score",NA
"79561","zcta",2023,"transportation_score",89.47
"79562","zcta",2023,"transportation_score",89.51
"79563","zcta",2023,"transportation_score",90.83
"79565","zcta",2023,"transportation_score",83.81
"79566","zcta",2023,"transportation_score",87.76
"79567","zcta",2023,"transportation_score",91.28
"79601","zcta",2023,"transportation_score",92.47
"79602","zcta",2023,"transportation_score",91.92
"79603","zcta",2023,"transportation_score",91.51
"79605","zcta",2023,"transportation_score",91.6
"79606","zcta",2023,"transportation_score",90.92
"79607","zcta",2023,"transportation_score",91.47
"79699","zcta",2023,"transportation_score",NA
"79701","zcta",2023,"transportation_score",93.41
"79703","zcta",2023,"transportation_score",92.17
"79705","zcta",2023,"transportation_score",90.46
"79706","zcta",2023,"transportation_score",94.77
"79707","zcta",2023,"transportation_score",92.12
"79713","zcta",2023,"transportation_score",93.56
"79714","zcta",2023,"transportation_score",90.51
"79718","zcta",2023,"transportation_score",89.73
"79719","zcta",2023,"transportation_score",90.7
"79720","zcta",2023,"transportation_score",91.79
"79721","zcta",2023,"transportation_score",NA
"79730","zcta",2023,"transportation_score",89.84
"79731","zcta",2023,"transportation_score",91.91
"79733","zcta",2023,"transportation_score",89.62
"79734","zcta",2023,"transportation_score",93.81
"79735","zcta",2023,"transportation_score",106.37
"79738","zcta",2023,"transportation_score",88.96
"79739","zcta",2023,"transportation_score",90.29
"79741","zcta",2023,"transportation_score",90.54
"79742","zcta",2023,"transportation_score",88.64
"79743","zcta",2023,"transportation_score",86.55
"79744","zcta",2023,"transportation_score",92.46
"79745","zcta",2023,"transportation_score",93.29
"79748","zcta",2023,"transportation_score",87.09
"79749","zcta",2023,"transportation_score",91.33
"79752","zcta",2023,"transportation_score",89.28
"79754","zcta",2023,"transportation_score",NA
"79755","zcta",2023,"transportation_score",NA
"79756","zcta",2023,"transportation_score",93.25
"79758","zcta",2023,"transportation_score",92.53
"79759","zcta",2023,"transportation_score",NA
"79761","zcta",2023,"transportation_score",119.39
"79762","zcta",2023,"transportation_score",118.55
"79763","zcta",2023,"transportation_score",119.02
"79764","zcta",2023,"transportation_score",119.45
"79765","zcta",2023,"transportation_score",91.71
"79766","zcta",2023,"transportation_score",92.65
"79769","zcta",2023,"transportation_score",NA
"79770","zcta",2023,"transportation_score",NA
"79772","zcta",2023,"transportation_score",90.21
"79776","zcta",2023,"transportation_score",NA
"79777","zcta",2023,"transportation_score",86.62
"79778","zcta",2023,"transportation_score",90.56
"79780","zcta",2023,"transportation_score",NA
"79781","zcta",2023,"transportation_score",90.21
"79782","zcta",2023,"transportation_score",93.23
"79783","zcta",2023,"transportation_score",NA
"79785","zcta",2023,"transportation_score",NA
"79788","zcta",2023,"transportation_score",87.99
"79789","zcta",2023,"transportation_score",103.57
"79821","zcta",2023,"transportation_score",90.91
"79830","zcta",2023,"transportation_score",91.73
"79832","zcta",2023,"transportation_score",NA
"79834","zcta",2023,"transportation_score",88.04
"79835","zcta",2023,"transportation_score",90.84
"79836","zcta",2023,"transportation_score",91.94
"79838","zcta",2023,"transportation_score",89.32
"79839","zcta",2023,"transportation_score",88.16
"79842","zcta",2023,"transportation_score",104.06
"79843","zcta",2023,"transportation_score",99.56
"79845","zcta",2023,"transportation_score",90.96
"79846","zcta",2023,"transportation_score",85.92
"79847","zcta",2023,"transportation_score",94.42
"79848","zcta",2023,"transportation_score",91.18
"79849","zcta",2023,"transportation_score",92.51
"79851","zcta",2023,"transportation_score",NA
"79852","zcta",2023,"transportation_score",95.91
"79853","zcta",2023,"transportation_score",90.65
"79854","zcta",2023,"transportation_score",107.35
"79855","zcta",2023,"transportation_score",88.41
"79901","zcta",2023,"transportation_score",116.79
"79902","zcta",2023,"transportation_score",104.19
"79903","zcta",2023,"transportation_score",94.04
"79904","zcta",2023,"transportation_score",93.23
"79905","zcta",2023,"transportation_score",96.19
"79906","zcta",2023,"transportation_score",93.01
"79907","zcta",2023,"transportation_score",93.09
"79908","zcta",2023,"transportation_score",91.86
"79911","zcta",2023,"transportation_score",91.5
"79912","zcta",2023,"transportation_score",92.27
"79915","zcta",2023,"transportation_score",92.32
"79916","zcta",2023,"transportation_score",NA
"79918","zcta",2023,"transportation_score",NA
"79920","zcta",2023,"transportation_score",NA
"79922","zcta",2023,"transportation_score",94.81
"79924","zcta",2023,"transportation_score",92.31
"79925","zcta",2023,"transportation_score",92.18
"79927","zcta",2023,"transportation_score",91.64
"79928","zcta",2023,"transportation_score",91.75
"79930","zcta",2023,"transportation_score",93.83
"79932","zcta",2023,"transportation_score",92.07
"79934","zcta",2023,"transportation_score",91.98
"79935","zcta",2023,"transportation_score",91.54
"79936","zcta",2023,"transportation_score",91.73
"79938","zcta",2023,"transportation_score",91.07
"73960","zcta",2023,"transportation_rnk",NA
"75001","zcta",2023,"transportation_rnk",86.9194
"75002","zcta",2023,"transportation_rnk",84.8056
"75006","zcta",2023,"transportation_rnk",84.5305
"75007","zcta",2023,"transportation_rnk",85.8382
"75009","zcta",2023,"transportation_rnk",63.8559
"75010","zcta",2023,"transportation_rnk",85.4433
"75013","zcta",2023,"transportation_rnk",85.5178
"75019","zcta",2023,"transportation_rnk",81.3971
"75020","zcta",2023,"transportation_rnk",84.7182
"75021","zcta",2023,"transportation_rnk",85.6472
"75022","zcta",2023,"transportation_rnk",80.4907
"75023","zcta",2023,"transportation_rnk",84.6082
"75024","zcta",2023,"transportation_rnk",87.1168
"75025","zcta",2023,"transportation_rnk",86.8125
"75028","zcta",2023,"transportation_rnk",80.5004
"75032","zcta",2023,"transportation_rnk",84.3848
"75033","zcta",2023,"transportation_rnk",85.7994
"75034","zcta",2023,"transportation_rnk",85.7573
"75035","zcta",2023,"transportation_rnk",86.1425
"75036","zcta",2023,"transportation_rnk",85.1779
"75038","zcta",2023,"transportation_rnk",86.4986
"75039","zcta",2023,"transportation_rnk",86.3982
"75040","zcta",2023,"transportation_rnk",85.2653
"75041","zcta",2023,"transportation_rnk",83.7115
"75042","zcta",2023,"transportation_rnk",84.2974
"75043","zcta",2023,"transportation_rnk",88.0005
"75044","zcta",2023,"transportation_rnk",84.9092
"75048","zcta",2023,"transportation_rnk",84.9222
"75050","zcta",2023,"transportation_rnk",83.3425
"75051","zcta",2023,"transportation_rnk",85.5048
"75052","zcta",2023,"transportation_rnk",82.967
"75054","zcta",2023,"transportation_rnk",83.3296
"75056","zcta",2023,"transportation_rnk",84.9222
"75057","zcta",2023,"transportation_rnk",58.7382
"75058","zcta",2023,"transportation_rnk",47.2761
"75060","zcta",2023,"transportation_rnk",84.3654
"75061","zcta",2023,"transportation_rnk",86.751
"75062","zcta",2023,"transportation_rnk",86.2364
"75063","zcta",2023,"transportation_rnk",85.6149
"75065","zcta",2023,"transportation_rnk",30.5797
"75067","zcta",2023,"transportation_rnk",80.6752
"75068","zcta",2023,"transportation_rnk",84.5208
"75069","zcta",2023,"transportation_rnk",84.1323
"75070","zcta",2023,"transportation_rnk",56.7831
"75071","zcta",2023,"transportation_rnk",61.5447
"75072","zcta",2023,"transportation_rnk",52.7142
"75074","zcta",2023,"transportation_rnk",86.7834
"75075","zcta",2023,"transportation_rnk",84.9222
"75076","zcta",2023,"transportation_rnk",50.7558
"75077","zcta",2023,"transportation_rnk",80.1897
"75078","zcta",2023,"transportation_rnk",62.6614
"75080","zcta",2023,"transportation_rnk",88.0329
"75081","zcta",2023,"transportation_rnk",88.936
"75082","zcta",2023,"transportation_rnk",86.832
"75087","zcta",2023,"transportation_rnk",83.527
"75088","zcta",2023,"transportation_rnk",83.1192
"75089","zcta",2023,"transportation_rnk",85.0063
"75090","zcta",2023,"transportation_rnk",84.961
"75092","zcta",2023,"transportation_rnk",85.3365
"75093","zcta",2023,"transportation_rnk",86.5924
"75094","zcta",2023,"transportation_rnk",85.6569
"75098","zcta",2023,"transportation_rnk",84.5434
"75101","zcta",2023,"transportation_rnk",49.5905
"75102","zcta",2023,"transportation_rnk",42.6278
"75103","zcta",2023,"transportation_rnk",25.6725
"75104","zcta",2023,"transportation_rnk",83.6662
"75105","zcta",2023,"transportation_rnk",0.9258
"75109","zcta",2023,"transportation_rnk",75.8327
"75110","zcta",2023,"transportation_rnk",75.4896
"75114","zcta",2023,"transportation_rnk",57.5146
"75115","zcta",2023,"transportation_rnk",84.5985
"75116","zcta",2023,"transportation_rnk",83.4623
"75117","zcta",2023,"transportation_rnk",37.659
"75119","zcta",2023,"transportation_rnk",42.9838
"75124","zcta",2023,"transportation_rnk",58.1912
"75125","zcta",2023,"transportation_rnk",21.3285
"75126","zcta",2023,"transportation_rnk",44.0585
"75127","zcta",2023,"transportation_rnk",26.1354
"75132","zcta",2023,"transportation_rnk",NA
"75134","zcta",2023,"transportation_rnk",83.4946
"75135","zcta",2023,"transportation_rnk",51.2996
"75137","zcta",2023,"transportation_rnk",83.1515
"75140","zcta",2023,"transportation_rnk",40.6921
"75141","zcta",2023,"transportation_rnk",33.4348
"75142","zcta",2023,"transportation_rnk",33.0107
"75143","zcta",2023,"transportation_rnk",48.846
"75144","zcta",2023,"transportation_rnk",12.3199
"75146","zcta",2023,"transportation_rnk",83.2292
"75147","zcta",2023,"transportation_rnk",51.9988
"75148","zcta",2023,"transportation_rnk",44.2625
"75149","zcta",2023,"transportation_rnk",82.9444
"75150","zcta",2023,"transportation_rnk",86.586
"75152","zcta",2023,"transportation_rnk",34.2828
"75153","zcta",2023,"transportation_rnk",6.4319
"75154","zcta",2023,"transportation_rnk",83.8863
"75155","zcta",2023,"transportation_rnk",50.2573
"75156","zcta",2023,"transportation_rnk",57.3269
"75157","zcta",2023,"transportation_rnk",32.823
"75158","zcta",2023,"transportation_rnk",40.6921
"75159","zcta",2023,"transportation_rnk",82.5753
"75160","zcta",2023,"transportation_rnk",79.0017
"75161","zcta",2023,"transportation_rnk",17.6318
"75163","zcta",2023,"transportation_rnk",37.0051
"75164","zcta",2023,"transportation_rnk",8.7366
"75165","zcta",2023,"transportation_rnk",82.5106
"75166","zcta",2023,"transportation_rnk",33.8005
"75167","zcta",2023,"transportation_rnk",81.6884
"75169","zcta",2023,"transportation_rnk",33.8005
"75172","zcta",2023,"transportation_rnk",6.8236
"75173","zcta",2023,"transportation_rnk",44.2625
"75180","zcta",2023,"transportation_rnk",84.4237
"75181","zcta",2023,"transportation_rnk",83.3555
"75182","zcta",2023,"transportation_rnk",41.0093
"75189","zcta",2023,"transportation_rnk",83.404
"75201","zcta",2023,"transportation_rnk",91.9237
"75202","zcta",2023,"transportation_rnk",76.1435
"75203","zcta",2023,"transportation_rnk",91.0498
"75204","zcta",2023,"transportation_rnk",87.5765
"75205","zcta",2023,"transportation_rnk",85.3591
"75206","zcta",2023,"transportation_rnk",87.4697
"75207","zcta",2023,"transportation_rnk",NA
"75208","zcta",2023,"transportation_rnk",85.576
"75209","zcta",2023,"transportation_rnk",85.0419
"75210","zcta",2023,"transportation_rnk",76.8524
"75211","zcta",2023,"transportation_rnk",88.6738
"75212","zcta",2023,"transportation_rnk",87.2625
"75214","zcta",2023,"transportation_rnk",87.5279
"75215","zcta",2023,"transportation_rnk",88.2983
"75216","zcta",2023,"transportation_rnk",92.9563
"75217","zcta",2023,"transportation_rnk",88.1527
"75218","zcta",2023,"transportation_rnk",86.0292
"75219","zcta",2023,"transportation_rnk",87.0974
"75220","zcta",2023,"transportation_rnk",91.5482
"75223","zcta",2023,"transportation_rnk",86.4662
"75224","zcta",2023,"transportation_rnk",87.1719
"75225","zcta",2023,"transportation_rnk",83.8313
"75226","zcta",2023,"transportation_rnk",74.7872
"75227","zcta",2023,"transportation_rnk",88.0361
"75228","zcta",2023,"transportation_rnk",89.1788
"75229","zcta",2023,"transportation_rnk",85.0581
"75230","zcta",2023,"transportation_rnk",86.3497
"75231","zcta",2023,"transportation_rnk",91.1954
"75232","zcta",2023,"transportation_rnk",87.6477
"75233","zcta",2023,"transportation_rnk",83.8313
"75234","zcta",2023,"transportation_rnk",85.0063
"75235","zcta",2023,"transportation_rnk",90.5577
"75236","zcta",2023,"transportation_rnk",86.5924
"75237","zcta",2023,"transportation_rnk",90.6387
"75238","zcta",2023,"transportation_rnk",84.9934
"75240","zcta",2023,"transportation_rnk",88.1397
"75241","zcta",2023,"transportation_rnk",90.1984
"75243","zcta",2023,"transportation_rnk",92.228
"75244","zcta",2023,"transportation_rnk",85.1196
"75246","zcta",2023,"transportation_rnk",74.6091
"75247","zcta",2023,"transportation_rnk",NA
"75248","zcta",2023,"transportation_rnk",86.1425
"75249","zcta",2023,"transportation_rnk",82.789
"75251","zcta",2023,"transportation_rnk",47.3959
"75252","zcta",2023,"transportation_rnk",89.2629
"75253","zcta",2023,"transportation_rnk",82.1837
"75254","zcta",2023,"transportation_rnk",86.4079
"75261","zcta",2023,"transportation_rnk",NA
"75270","zcta",2023,"transportation_rnk",NA
"75287","zcta",2023,"transportation_rnk",85.7929
"75390","zcta",2023,"transportation_rnk",NA
"75401","zcta",2023,"transportation_rnk",94.1896
"75402","zcta",2023,"transportation_rnk",35.8949
"75407","zcta",2023,"transportation_rnk",47.2761
"75409","zcta",2023,"transportation_rnk",45.9619
"75410","zcta",2023,"transportation_rnk",52.8113
"75411","zcta",2023,"transportation_rnk",5.6809
"75412","zcta",2023,"transportation_rnk",60.4376
"75413","zcta",2023,"transportation_rnk",10.8989
"75414","zcta",2023,"transportation_rnk",39.9637
"75415","zcta",2023,"transportation_rnk",4.3408
"75416","zcta",2023,"transportation_rnk",20.5904
"75417","zcta",2023,"transportation_rnk",63.7879
"75418","zcta",2023,"transportation_rnk",51.9211
"75420","zcta",2023,"transportation_rnk",23.685
"75421","zcta",2023,"transportation_rnk",14.657
"75422","zcta",2023,"transportation_rnk",30.3855
"75423","zcta",2023,"transportation_rnk",62.1176
"75424","zcta",2023,"transportation_rnk",46.2273
"75426","zcta",2023,"transportation_rnk",77.2505
"75428","zcta",2023,"transportation_rnk",70.9675
"75429","zcta",2023,"transportation_rnk",NA
"75431","zcta",2023,"transportation_rnk",48.9625
"75432","zcta",2023,"transportation_rnk",38.0118
"75433","zcta",2023,"transportation_rnk",49.8916
"75434","zcta",2023,"transportation_rnk",NA
"75435","zcta",2023,"transportation_rnk",36.6782
"75436","zcta",2023,"transportation_rnk",15.9292
"75437","zcta",2023,"transportation_rnk",47.8652
"75438","zcta",2023,"transportation_rnk",13.4723
"75439","zcta",2023,"transportation_rnk",11.0446
"75440","zcta",2023,"transportation_rnk",41.4787
"75441","zcta",2023,"transportation_rnk",NA
"75442","zcta",2023,"transportation_rnk",48.7165
"75446","zcta",2023,"transportation_rnk",75.7097
"75447","zcta",2023,"transportation_rnk",52.8113
"75448","zcta",2023,"transportation_rnk",11.4298
"75449","zcta",2023,"transportation_rnk",63.8559
"75450","zcta",2023,"transportation_rnk",5.8492
"75451","zcta",2023,"transportation_rnk",42.9838
"75452","zcta",2023,"transportation_rnk",73.2205
"75453","zcta",2023,"transportation_rnk",32.5705
"75454","zcta",2023,"transportation_rnk",64.0469
"75455","zcta",2023,"transportation_rnk",44.6509
"75457","zcta",2023,"transportation_rnk",40.2842
"75459","zcta",2023,"transportation_rnk",60.9394
"75460","zcta",2023,"transportation_rnk",60.9394
"75462","zcta",2023,"transportation_rnk",46.4507
"75468","zcta",2023,"transportation_rnk",58.6702
"75469","zcta",2023,"transportation_rnk",6.27
"75470","zcta",2023,"transportation_rnk",75.0008
"75471","zcta",2023,"transportation_rnk",22.1765
"75472","zcta",2023,"transportation_rnk",43.806
"75473","zcta",2023,"transportation_rnk",18.2986
"75474","zcta",2023,"transportation_rnk",47.8652
"75475","zcta",2023,"transportation_rnk",2.9813
"75476","zcta",2023,"transportation_rnk",38.7628
"75477","zcta",2023,"transportation_rnk",62.7456
"75478","zcta",2023,"transportation_rnk",25.3844
"75479","zcta",2023,"transportation_rnk",31.1753
"75480","zcta",2023,"transportation_rnk",59.5896
"75481","zcta",2023,"transportation_rnk",3.3891
"75482","zcta",2023,"transportation_rnk",41.9804
"75486","zcta",2023,"transportation_rnk",53.0476
"75487","zcta",2023,"transportation_rnk",16.8193
"75488","zcta",2023,"transportation_rnk",34.2828
"75489","zcta",2023,"transportation_rnk",52.384
"75490","zcta",2023,"transportation_rnk",44.2625
"75491","zcta",2023,"transportation_rnk",33.5869
"75492","zcta",2023,"transportation_rnk",41.6567
"75493","zcta",2023,"transportation_rnk",22.688
"75494","zcta",2023,"transportation_rnk",49.8916
"75495","zcta",2023,"transportation_rnk",63.0466
"75496","zcta",2023,"transportation_rnk",68.5819
"75497","zcta",2023,"transportation_rnk",34.1663
"75501","zcta",2023,"transportation_rnk",25.0445
"75503","zcta",2023,"transportation_rnk",34.0207
"75550","zcta",2023,"transportation_rnk",64.6166
"75551","zcta",2023,"transportation_rnk",22.8369
"75554","zcta",2023,"transportation_rnk",61.2987
"75555","zcta",2023,"transportation_rnk",5.2277
"75556","zcta",2023,"transportation_rnk",11.9703
"75558","zcta",2023,"transportation_rnk",41.9804
"75559","zcta",2023,"transportation_rnk",46.8682
"75560","zcta",2023,"transportation_rnk",45.9619
"75561","zcta",2023,"transportation_rnk",31.3534
"75562","zcta",2023,"transportation_rnk",NA
"75563","zcta",2023,"transportation_rnk",46.3535
"75564","zcta",2023,"transportation_rnk",NA
"75565","zcta",2023,"transportation_rnk",1.5796
"75566","zcta",2023,"transportation_rnk",65.1086
"75567","zcta",2023,"transportation_rnk",13.6892
"75568","zcta",2023,"transportation_rnk",57.1748
"75569","zcta",2023,"transportation_rnk",5.0918
"75570","zcta",2023,"transportation_rnk",73.6639
"75571","zcta",2023,"transportation_rnk",34.4738
"75572","zcta",2023,"transportation_rnk",10.8374
"75573","zcta",2023,"transportation_rnk",4.5318
"75574","zcta",2023,"transportation_rnk",52.8113
"75601","zcta",2023,"transportation_rnk",94.0213
"75602","zcta",2023,"transportation_rnk",95.2028
"75603","zcta",2023,"transportation_rnk",25.6725
"75604","zcta",2023,"transportation_rnk",93.9468
"75605","zcta",2023,"transportation_rnk",93.2347
"75630","zcta",2023,"transportation_rnk",31.9522
"75631","zcta",2023,"transportation_rnk",19.7715
"75633","zcta",2023,"transportation_rnk",14.5599
"75638","zcta",2023,"transportation_rnk",40.1191
"75639","zcta",2023,"transportation_rnk",22.9923
"75640","zcta",2023,"transportation_rnk",14.3301
"75641","zcta",2023,"transportation_rnk",NA
"75642","zcta",2023,"transportation_rnk",NA
"75643","zcta",2023,"transportation_rnk",24.1382
"75644","zcta",2023,"transportation_rnk",20.7199
"75645","zcta",2023,"transportation_rnk",18.5641
"75647","zcta",2023,"transportation_rnk",94.1573
"75650","zcta",2023,"transportation_rnk",42.9838
"75651","zcta",2023,"transportation_rnk",51.9988
"75652","zcta",2023,"transportation_rnk",22.9923
"75654","zcta",2023,"transportation_rnk",54.4266
"75656","zcta",2023,"transportation_rnk",7.3091
"75657","zcta",2023,"transportation_rnk",68.1675
"75658","zcta",2023,"transportation_rnk",NA
"75659","zcta",2023,"transportation_rnk",NA
"75661","zcta",2023,"transportation_rnk",25.9768
"75662","zcta",2023,"transportation_rnk",85.8317
"75667","zcta",2023,"transportation_rnk",39.7987
"75668","zcta",2023,"transportation_rnk",39.9637
"75669","zcta",2023,"transportation_rnk",21.759
"75670","zcta",2023,"transportation_rnk",72.4371
"75671","zcta",2023,"transportation_rnk",NA
"75672","zcta",2023,"transportation_rnk",72.2591
"75680","zcta",2023,"transportation_rnk",NA
"75681","zcta",2023,"transportation_rnk",39.4653
"75682","zcta",2023,"transportation_rnk",7.0987
"75683","zcta",2023,"transportation_rnk",6.8236
"75684","zcta",2023,"transportation_rnk",67.0443
"75686","zcta",2023,"transportation_rnk",26.4202
"75687","zcta",2023,"transportation_rnk",NA
"75689","zcta",2023,"transportation_rnk",NA
"75691","zcta",2023,"transportation_rnk",16.46
"75692","zcta",2023,"transportation_rnk",31.5023
"75693","zcta",2023,"transportation_rnk",94.9438
"75694","zcta",2023,"transportation_rnk",NA
"75701","zcta",2023,"transportation_rnk",92.1536
"75702","zcta",2023,"transportation_rnk",94.2414
"75703","zcta",2023,"transportation_rnk",91.3217
"75704","zcta",2023,"transportation_rnk",32.1076
"75705","zcta",2023,"transportation_rnk",5.6388
"75706","zcta",2023,"transportation_rnk",56.673
"75707","zcta",2023,"transportation_rnk",14.3301
"75708","zcta",2023,"transportation_rnk",92.788
"75709","zcta",2023,"transportation_rnk",76.8427
"75711","zcta",2023,"transportation_rnk",NA
"75750","zcta",2023,"transportation_rnk",12.3199
"75751","zcta",2023,"transportation_rnk",59.0975
"75752","zcta",2023,"transportation_rnk",29.8191
"75754","zcta",2023,"transportation_rnk",55.2391
"75755","zcta",2023,"transportation_rnk",49.0823
"75756","zcta",2023,"transportation_rnk",19.587
"75757","zcta",2023,"transportation_rnk",37.659
"75758","zcta",2023,"transportation_rnk",27.7247
"75759","zcta",2023,"transportation_rnk",70.7215
"75760","zcta",2023,"transportation_rnk",13.0547
"75762","zcta",2023,"transportation_rnk",30.3855
"75763","zcta",2023,"transportation_rnk",70.2845
"75764","zcta",2023,"transportation_rnk",1.6055
"75765","zcta",2023,"transportation_rnk",46.4507
"75766","zcta",2023,"transportation_rnk",60.1237
"75770","zcta",2023,"transportation_rnk",15.3886
"75771","zcta",2023,"transportation_rnk",64.131
"75773","zcta",2023,"transportation_rnk",57.2266
"75778","zcta",2023,"transportation_rnk",29.2073
"75779","zcta",2023,"transportation_rnk",NA
"75780","zcta",2023,"transportation_rnk",10.5461
"75782","zcta",2023,"transportation_rnk",NA
"75783","zcta",2023,"transportation_rnk",55.9933
"75784","zcta",2023,"transportation_rnk",13.1389
"75785","zcta",2023,"transportation_rnk",61.3699
"75788","zcta",2023,"transportation_rnk",NA
"75789","zcta",2023,"transportation_rnk",20.5904
"75790","zcta",2023,"transportation_rnk",54.2388
"75791","zcta",2023,"transportation_rnk",26.4202
"75792","zcta",2023,"transportation_rnk",53.3454
"75801","zcta",2023,"transportation_rnk",28.8868
"75803","zcta",2023,"transportation_rnk",58.2786
"75831","zcta",2023,"transportation_rnk",30.7578
"75833","zcta",2023,"transportation_rnk",52.8113
"75835","zcta",2023,"transportation_rnk",30.8937
"75838","zcta",2023,"transportation_rnk",4.3408
"75839","zcta",2023,"transportation_rnk",14.4563
"75840","zcta",2023,"transportation_rnk",15.2947
"75844","zcta",2023,"transportation_rnk",33.8005
"75845","zcta",2023,"transportation_rnk",23.2901
"75846","zcta",2023,"transportation_rnk",49.7038
"75847","zcta",2023,"transportation_rnk",34.1663
"75848","zcta",2023,"transportation_rnk",NA
"75849","zcta",2023,"transportation_rnk",NA
"75850","zcta",2023,"transportation_rnk",8.0115
"75851","zcta",2023,"transportation_rnk",NA
"75852","zcta",2023,"transportation_rnk",NA
"75853","zcta",2023,"transportation_rnk",13.0547
"75855","zcta",2023,"transportation_rnk",49.7038
"75856","zcta",2023,"transportation_rnk",17.0913
"75858","zcta",2023,"transportation_rnk",NA
"75859","zcta",2023,"transportation_rnk",48.0206
"75860","zcta",2023,"transportation_rnk",6.5387
"75861","zcta",2023,"transportation_rnk",46.3535
"75862","zcta",2023,"transportation_rnk",23.2901
"75865","zcta",2023,"transportation_rnk",NA
"75884","zcta",2023,"transportation_rnk",NA
"75886","zcta",2023,"transportation_rnk",NA
"75901","zcta",2023,"transportation_rnk",68.6013
"75903","zcta",2023,"transportation_rnk",64.0469
"75904","zcta",2023,"transportation_rnk",49.5905
"75925","zcta",2023,"transportation_rnk",23.8274
"75926","zcta",2023,"transportation_rnk",11.1028
"75928","zcta",2023,"transportation_rnk",17.4926
"75929","zcta",2023,"transportation_rnk",12.0739
"75930","zcta",2023,"transportation_rnk",41.6567
"75931","zcta",2023,"transportation_rnk",59.2367
"75932","zcta",2023,"transportation_rnk",43.2363
"75933","zcta",2023,"transportation_rnk",10.3421
"75934","zcta",2023,"transportation_rnk",0.0194
"75935","zcta",2023,"transportation_rnk",43.9258
"75936","zcta",2023,"transportation_rnk",31.9522
"75937","zcta",2023,"transportation_rnk",52.0862
"75938","zcta",2023,"transportation_rnk",9.6397
"75939","zcta",2023,"transportation_rnk",75.8554
"75941","zcta",2023,"transportation_rnk",31.8001
"75942","zcta",2023,"transportation_rnk",NA
"75943","zcta",2023,"transportation_rnk",53.6691
"75944","zcta",2023,"transportation_rnk",55.4721
"75946","zcta",2023,"transportation_rnk",49.0823
"75948","zcta",2023,"transportation_rnk",47.7325
"75949","zcta",2023,"transportation_rnk",19.4575
"75951","zcta",2023,"transportation_rnk",65.5229
"75954","zcta",2023,"transportation_rnk",27.5564
"75956","zcta",2023,"transportation_rnk",41.8897
"75959","zcta",2023,"transportation_rnk",33.5869
"75960","zcta",2023,"transportation_rnk",4.3926
"75961","zcta",2023,"transportation_rnk",49.5905
"75962","zcta",2023,"transportation_rnk",NA
"75964","zcta",2023,"transportation_rnk",65.5229
"75965","zcta",2023,"transportation_rnk",55.6955
"75966","zcta",2023,"transportation_rnk",13.1389
"75968","zcta",2023,"transportation_rnk",22.688
"75969","zcta",2023,"transportation_rnk",38.7628
"75972","zcta",2023,"transportation_rnk",61.153
"75973","zcta",2023,"transportation_rnk",35.2831
"75974","zcta",2023,"transportation_rnk",53.1706
"75975","zcta",2023,"transportation_rnk",34.0207
"75976","zcta",2023,"transportation_rnk",9.7206
"75977","zcta",2023,"transportation_rnk",23.5523
"75979","zcta",2023,"transportation_rnk",54.2388
"75980","zcta",2023,"transportation_rnk",25.5139
"76001","zcta",2023,"transportation_rnk",82.6174
"76002","zcta",2023,"transportation_rnk",83.3231
"76005","zcta",2023,"transportation_rnk",58.3563
"76006","zcta",2023,"transportation_rnk",83.4752
"76008","zcta",2023,"transportation_rnk",33.3312
"76009","zcta",2023,"transportation_rnk",33.4348
"76010","zcta",2023,"transportation_rnk",84.6179
"76011","zcta",2023,"transportation_rnk",83.3296
"76012","zcta",2023,"transportation_rnk",85.139
"76013","zcta",2023,"transportation_rnk",85.3915
"76014","zcta",2023,"transportation_rnk",85.5307
"76015","zcta",2023,"transportation_rnk",84.838
"76016","zcta",2023,"transportation_rnk",82.42
"76017","zcta",2023,"transportation_rnk",84.5046
"76018","zcta",2023,"transportation_rnk",84.1
"76020","zcta",2023,"transportation_rnk",83.6662
"76021","zcta",2023,"transportation_rnk",83.2875
"76022","zcta",2023,"transportation_rnk",83.7924
"76023","zcta",2023,"transportation_rnk",57.7704
"76028","zcta",2023,"transportation_rnk",82.0801
"76031","zcta",2023,"transportation_rnk",14.7962
"76033","zcta",2023,"transportation_rnk",76.6161
"76034","zcta",2023,"transportation_rnk",83.7924
"76035","zcta",2023,"transportation_rnk",12.2358
"76036","zcta",2023,"transportation_rnk",82.0801
"76039","zcta",2023,"transportation_rnk",84.4528
"76040","zcta",2023,"transportation_rnk",84.087
"76041","zcta",2023,"transportation_rnk",9.0376
"76043","zcta",2023,"transportation_rnk",41.8897
"76044","zcta",2023,"transportation_rnk",15.8159
"76048","zcta",2023,"transportation_rnk",29.9582
"76049","zcta",2023,"transportation_rnk",33.0107
"76050","zcta",2023,"transportation_rnk",10.8374
"76051","zcta",2023,"transportation_rnk",84.0579
"76052","zcta",2023,"transportation_rnk",86.0519
"76053","zcta",2023,"transportation_rnk",82.6854
"76054","zcta",2023,"transportation_rnk",83.5529
"76055","zcta",2023,"transportation_rnk",40.4299
"76058","zcta",2023,"transportation_rnk",13.6892
"76059","zcta",2023,"transportation_rnk",31.5023
"76060","zcta",2023,"transportation_rnk",29.3626
"76061","zcta",2023,"transportation_rnk",NA
"76063","zcta",2023,"transportation_rnk",82.6174
"76064","zcta",2023,"transportation_rnk",39.3261
"76065","zcta",2023,"transportation_rnk",82.9087
"76066","zcta",2023,"transportation_rnk",13.2166
"76067","zcta",2023,"transportation_rnk",30.5797
"76070","zcta",2023,"transportation_rnk",64.8755
"76071","zcta",2023,"transportation_rnk",49.2474
"76073","zcta",2023,"transportation_rnk",34.2828
"76077","zcta",2023,"transportation_rnk",6.27
"76078","zcta",2023,"transportation_rnk",46.7841
"76082","zcta",2023,"transportation_rnk",30.8937
"76084","zcta",2023,"transportation_rnk",31.0394
"76085","zcta",2023,"transportation_rnk",41.4787
"76086","zcta",2023,"transportation_rnk",41.6567
"76087","zcta",2023,"transportation_rnk",33.1564
"76088","zcta",2023,"transportation_rnk",41.4787
"76092","zcta",2023,"transportation_rnk",85.3494
"76093","zcta",2023,"transportation_rnk",10.0638
"76102","zcta",2023,"transportation_rnk",NA
"76103","zcta",2023,"transportation_rnk",84.838
"76104","zcta",2023,"transportation_rnk",92.0014
"76105","zcta",2023,"transportation_rnk",85.0419
"76106","zcta",2023,"transportation_rnk",87.065
"76107","zcta",2023,"transportation_rnk",85.6764
"76108","zcta",2023,"transportation_rnk",82.5948
"76109","zcta",2023,"transportation_rnk",83.2389
"76110","zcta",2023,"transportation_rnk",85.4692
"76111","zcta",2023,"transportation_rnk",85.1973
"76112","zcta",2023,"transportation_rnk",83.786
"76114","zcta",2023,"transportation_rnk",84.7182
"76115","zcta",2023,"transportation_rnk",83.7665
"76116","zcta",2023,"transportation_rnk",86.2072
"76117","zcta",2023,"transportation_rnk",82.9087
"76118","zcta",2023,"transportation_rnk",83.4493
"76119","zcta",2023,"transportation_rnk",87.6088
"76120","zcta",2023,"transportation_rnk",83.1353
"76123","zcta",2023,"transportation_rnk",83.8183
"76126","zcta",2023,"transportation_rnk",82.0024
"76127","zcta",2023,"transportation_rnk",NA
"76129","zcta",2023,"transportation_rnk",NA
"76131","zcta",2023,"transportation_rnk",83.3555
"76132","zcta",2023,"transportation_rnk",84.5272
"76133","zcta",2023,"transportation_rnk",83.8442
"76134","zcta",2023,"transportation_rnk",82.8375
"76135","zcta",2023,"transportation_rnk",83.65
"76137","zcta",2023,"transportation_rnk",84.3913
"76140","zcta",2023,"transportation_rnk",83.718
"76148","zcta",2023,"transportation_rnk",83.1062
"76155","zcta",2023,"transportation_rnk",88.6382
"76164","zcta",2023,"transportation_rnk",84.4431
"76177","zcta",2023,"transportation_rnk",85.6343
"76179","zcta",2023,"transportation_rnk",82.8764
"76180","zcta",2023,"transportation_rnk",85.4789
"76182","zcta",2023,"transportation_rnk",82.8667
"76201","zcta",2023,"transportation_rnk",85.139
"76203","zcta",2023,"transportation_rnk",NA
"76205","zcta",2023,"transportation_rnk",80.4843
"76207","zcta",2023,"transportation_rnk",53.7954
"76208","zcta",2023,"transportation_rnk",79.8174
"76209","zcta",2023,"transportation_rnk",80.9666
"76210","zcta",2023,"transportation_rnk",79.7495
"76225","zcta",2023,"transportation_rnk",42.5436
"76226","zcta",2023,"transportation_rnk",80.2318
"76227","zcta",2023,"transportation_rnk",84.8833
"76228","zcta",2023,"transportation_rnk",25.8376
"76230","zcta",2023,"transportation_rnk",45.1559
"76233","zcta",2023,"transportation_rnk",38.6042
"76234","zcta",2023,"transportation_rnk",25.3844
"76238","zcta",2023,"transportation_rnk",6.3671
"76239","zcta",2023,"transportation_rnk",43.5471
"76240","zcta",2023,"transportation_rnk",61.2987
"76241","zcta",2023,"transportation_rnk",NA
"76244","zcta",2023,"transportation_rnk",83.9155
"76245","zcta",2023,"transportation_rnk",50.9598
"76247","zcta",2023,"transportation_rnk",55.6081
"76248","zcta",2023,"transportation_rnk",83.6759
"76249","zcta",2023,"transportation_rnk",68.87
"76250","zcta",2023,"transportation_rnk",12.9123
"76251","zcta",2023,"transportation_rnk",16.0101
"76252","zcta",2023,"transportation_rnk",38.7628
"76253","zcta",2023,"transportation_rnk",0.738
"76255","zcta",2023,"transportation_rnk",43.2363
"76258","zcta",2023,"transportation_rnk",53.4846
"76259","zcta",2023,"transportation_rnk",11.1482
"76261","zcta",2023,"transportation_rnk",66.3516
"76262","zcta",2023,"transportation_rnk",83.5853
"76263","zcta",2023,"transportation_rnk",NA
"76264","zcta",2023,"transportation_rnk",61.153
"76265","zcta",2023,"transportation_rnk",24.1382
"76266","zcta",2023,"transportation_rnk",27.8704
"76267","zcta",2023,"transportation_rnk",NA
"76268","zcta",2023,"transportation_rnk",55.3394
"76270","zcta",2023,"transportation_rnk",20.8526
"76271","zcta",2023,"transportation_rnk",42.7929
"76272","zcta",2023,"transportation_rnk",58.4793
"76273","zcta",2023,"transportation_rnk",69.6663
"76301","zcta",2023,"transportation_rnk",87.5829
"76302","zcta",2023,"transportation_rnk",89.8747
"76305","zcta",2023,"transportation_rnk",37.659
"76306","zcta",2023,"transportation_rnk",89.6514
"76308","zcta",2023,"transportation_rnk",88.1041
"76309","zcta",2023,"transportation_rnk",86.955
"76310","zcta",2023,"transportation_rnk",87.9002
"76311","zcta",2023,"transportation_rnk",NA
"76351","zcta",2023,"transportation_rnk",68.106
"76354","zcta",2023,"transportation_rnk",57.4564
"76357","zcta",2023,"transportation_rnk",9.0376
"76360","zcta",2023,"transportation_rnk",14.4563
"76363","zcta",2023,"transportation_rnk",71.2945
"76364","zcta",2023,"transportation_rnk",27.0676
"76365","zcta",2023,"transportation_rnk",48.0206
"76366","zcta",2023,"transportation_rnk",20.4739
"76367","zcta",2023,"transportation_rnk",20.5904
"76370","zcta",2023,"transportation_rnk",22.0309
"76371","zcta",2023,"transportation_rnk",25.8376
"76372","zcta",2023,"transportation_rnk",36.8498
"76373","zcta",2023,"transportation_rnk",0.547
"76374","zcta",2023,"transportation_rnk",69.0415
"76377","zcta",2023,"transportation_rnk",10.8374
"76379","zcta",2023,"transportation_rnk",12.2358
"76380","zcta",2023,"transportation_rnk",61.153
"76384","zcta",2023,"transportation_rnk",61.2987
"76388","zcta",2023,"transportation_rnk",7.8367
"76389","zcta",2023,"transportation_rnk",28.0549
"76401","zcta",2023,"transportation_rnk",45.6641
"76402","zcta",2023,"transportation_rnk",NA
"76424","zcta",2023,"transportation_rnk",56.673
"76426","zcta",2023,"transportation_rnk",18.9914
"76427","zcta",2023,"transportation_rnk",8.0115
"76429","zcta",2023,"transportation_rnk",35.7589
"76430","zcta",2023,"transportation_rnk",78.0209
"76431","zcta",2023,"transportation_rnk",52.0862
"76432","zcta",2023,"transportation_rnk",55.3394
"76433","zcta",2023,"transportation_rnk",43.806
"76435","zcta",2023,"transportation_rnk",41.0093
"76436","zcta",2023,"transportation_rnk",NA
"76437","zcta",2023,"transportation_rnk",70.0159
"76439","zcta",2023,"transportation_rnk",NA
"76442","zcta",2023,"transportation_rnk",70.4626
"76443","zcta",2023,"transportation_rnk",44.1556
"76444","zcta",2023,"transportation_rnk",28.5469
"76445","zcta",2023,"transportation_rnk",46.0946
"76446","zcta",2023,"transportation_rnk",59.3759
"76448","zcta",2023,"transportation_rnk",46.4507
"76449","zcta",2023,"transportation_rnk",14.042
"76450","zcta",2023,"transportation_rnk",36.8498
"76452","zcta",2023,"transportation_rnk",49.2474
"76453","zcta",2023,"transportation_rnk",56.673
"76454","zcta",2023,"transportation_rnk",19.2406
"76455","zcta",2023,"transportation_rnk",33.0107
"76457","zcta",2023,"transportation_rnk",38.9214
"76458","zcta",2023,"transportation_rnk",31.9522
"76459","zcta",2023,"transportation_rnk",NA
"76460","zcta",2023,"transportation_rnk",3.4312
"76462","zcta",2023,"transportation_rnk",37.0051
"76463","zcta",2023,"transportation_rnk",56.0742
"76464","zcta",2023,"transportation_rnk",46.9815
"76466","zcta",2023,"transportation_rnk",76.5966
"76469","zcta",2023,"transportation_rnk",NA
"76470","zcta",2023,"transportation_rnk",67.996
"76471","zcta",2023,"transportation_rnk",77.1631
"76472","zcta",2023,"transportation_rnk",65.7754
"76474","zcta",2023,"transportation_rnk",63.4804
"76475","zcta",2023,"transportation_rnk",55.1452
"76476","zcta",2023,"transportation_rnk",29.2073
"76481","zcta",2023,"transportation_rnk",17.4926
"76483","zcta",2023,"transportation_rnk",69.6307
"76484","zcta",2023,"transportation_rnk",30.1169
"76486","zcta",2023,"transportation_rnk",57.9711
"76487","zcta",2023,"transportation_rnk",23.685
"76490","zcta",2023,"transportation_rnk",NA
"76491","zcta",2023,"transportation_rnk",21.0727
"76501","zcta",2023,"transportation_rnk",58.1264
"76502","zcta",2023,"transportation_rnk",41.7959
"76504","zcta",2023,"transportation_rnk",62.5417
"76511","zcta",2023,"transportation_rnk",33.4348
"76513","zcta",2023,"transportation_rnk",64.3317
"76518","zcta",2023,"transportation_rnk",15.0617
"76519","zcta",2023,"transportation_rnk",9.6397
"76520","zcta",2023,"transportation_rnk",45.8324
"76522","zcta",2023,"transportation_rnk",90.5577
"76523","zcta",2023,"transportation_rnk",4.3052
"76524","zcta",2023,"transportation_rnk",24.8729
"76525","zcta",2023,"transportation_rnk",51.9211
"76527","zcta",2023,"transportation_rnk",62.1727
"76528","zcta",2023,"transportation_rnk",53.7954
"76530","zcta",2023,"transportation_rnk",15.3886
"76531","zcta",2023,"transportation_rnk",25.8376
"76534","zcta",2023,"transportation_rnk",17.2272
"76537","zcta",2023,"transportation_rnk",42.5436
"76538","zcta",2023,"transportation_rnk",45.6641
"76539","zcta",2023,"transportation_rnk",37.5166
"76541","zcta",2023,"transportation_rnk",91.8817
"76542","zcta",2023,"transportation_rnk",90.9785
"76543","zcta",2023,"transportation_rnk",91.2861
"76544","zcta",2023,"transportation_rnk",NA
"76548","zcta",2023,"transportation_rnk",90.9915
"76549","zcta",2023,"transportation_rnk",91.0012
"76550","zcta",2023,"transportation_rnk",37.0051
"76554","zcta",2023,"transportation_rnk",25.3844
"76556","zcta",2023,"transportation_rnk",28.0549
"76557","zcta",2023,"transportation_rnk",19.9074
"76559","zcta",2023,"transportation_rnk",60.0654
"76561","zcta",2023,"transportation_rnk",35.7589
"76565","zcta",2023,"transportation_rnk",NA
"76566","zcta",2023,"transportation_rnk",55.6081
"76567","zcta",2023,"transportation_rnk",70.7021
"76569","zcta",2023,"transportation_rnk",32.2792
"76570","zcta",2023,"transportation_rnk",70.1065
"76571","zcta",2023,"transportation_rnk",42.2458
"76573","zcta",2023,"transportation_rnk",NA
"76574","zcta",2023,"transportation_rnk",41.0093
"76577","zcta",2023,"transportation_rnk",25.8376
"76578","zcta",2023,"transportation_rnk",22.1765
"76579","zcta",2023,"transportation_rnk",13.9514
"76596","zcta",2023,"transportation_rnk",NA
"76597","zcta",2023,"transportation_rnk",NA
"76598","zcta",2023,"transportation_rnk",NA
"76599","zcta",2023,"transportation_rnk",NA
"76621","zcta",2023,"transportation_rnk",12.6501
"76622","zcta",2023,"transportation_rnk",34.2828
"76623","zcta",2023,"transportation_rnk",0.3269
"76624","zcta",2023,"transportation_rnk",5.5158
"76626","zcta",2023,"transportation_rnk",40.2842
"76627","zcta",2023,"transportation_rnk",45.9619
"76628","zcta",2023,"transportation_rnk",NA
"76629","zcta",2023,"transportation_rnk",44.3855
"76630","zcta",2023,"transportation_rnk",9.507
"76631","zcta",2023,"transportation_rnk",37.3191
"76632","zcta",2023,"transportation_rnk",15.5278
"76633","zcta",2023,"transportation_rnk",17.4926
"76634","zcta",2023,"transportation_rnk",31.3534
"76635","zcta",2023,"transportation_rnk",17.0913
"76636","zcta",2023,"transportation_rnk",27.8704
"76637","zcta",2023,"transportation_rnk",16.6899
"76638","zcta",2023,"transportation_rnk",19.1144
"76639","zcta",2023,"transportation_rnk",45.4181
"76640","zcta",2023,"transportation_rnk",13.359
"76641","zcta",2023,"transportation_rnk",15.7317
"76642","zcta",2023,"transportation_rnk",32.2792
"76643","zcta",2023,"transportation_rnk",89.2824
"76645","zcta",2023,"transportation_rnk",42.7929
"76648","zcta",2023,"transportation_rnk",56.673
"76649","zcta",2023,"transportation_rnk",20.4739
"76650","zcta",2023,"transportation_rnk",NA
"76651","zcta",2023,"transportation_rnk",28.8868
"76652","zcta",2023,"transportation_rnk",7.1926
"76653","zcta",2023,"transportation_rnk",40.4299
"76654","zcta",2023,"transportation_rnk",7.3965
"76655","zcta",2023,"transportation_rnk",34.4738
"76656","zcta",2023,"transportation_rnk",75.7615
"76657","zcta",2023,"transportation_rnk",48.6291
"76660","zcta",2023,"transportation_rnk",9.2998
"76661","zcta",2023,"transportation_rnk",71.4757
"76664","zcta",2023,"transportation_rnk",28.2491
"76665","zcta",2023,"transportation_rnk",20.7199
"76666","zcta",2023,"transportation_rnk",43.9258
"76667","zcta",2023,"transportation_rnk",21.0727
"76670","zcta",2023,"transportation_rnk",57.9711
"76671","zcta",2023,"transportation_rnk",20.1437
"76673","zcta",2023,"transportation_rnk",35.2831
"76676","zcta",2023,"transportation_rnk",14.4563
"76678","zcta",2023,"transportation_rnk",1.6055
"76679","zcta",2023,"transportation_rnk",59.0975
"76680","zcta",2023,"transportation_rnk",NA
"76681","zcta",2023,"transportation_rnk",29.0713
"76682","zcta",2023,"transportation_rnk",40.1191
"76685","zcta",2023,"transportation_rnk",NA
"76686","zcta",2023,"transportation_rnk",47.8652
"76687","zcta",2023,"transportation_rnk",15.1458
"76689","zcta",2023,"transportation_rnk",48.9625
"76690","zcta",2023,"transportation_rnk",19.587
"76691","zcta",2023,"transportation_rnk",68.0445
"76692","zcta",2023,"transportation_rnk",42.2458
"76693","zcta",2023,"transportation_rnk",8.3287
"76701","zcta",2023,"transportation_rnk",72.5666
"76704","zcta",2023,"transportation_rnk",91.4479
"76705","zcta",2023,"transportation_rnk",90.0528
"76706","zcta",2023,"transportation_rnk",91.9658
"76707","zcta",2023,"transportation_rnk",90.8296
"76708","zcta",2023,"transportation_rnk",90.1143
"76710","zcta",2023,"transportation_rnk",90.4671
"76711","zcta",2023,"transportation_rnk",88.6641
"76712","zcta",2023,"transportation_rnk",88.7677
"76798","zcta",2023,"transportation_rnk",NA
"76801","zcta",2023,"transportation_rnk",35.0079
"76802","zcta",2023,"transportation_rnk",28.8868
"76820","zcta",2023,"transportation_rnk",0.8092
"76821","zcta",2023,"transportation_rnk",68.6013
"76823","zcta",2023,"transportation_rnk",28.7217
"76824","zcta",2023,"transportation_rnk",NA
"76825","zcta",2023,"transportation_rnk",47.535
"76827","zcta",2023,"transportation_rnk",27.2198
"76828","zcta",2023,"transportation_rnk",1.8742
"76831","zcta",2023,"transportation_rnk",NA
"76832","zcta",2023,"transportation_rnk",28.7217
"76834","zcta",2023,"transportation_rnk",72.1685
"76836","zcta",2023,"transportation_rnk",NA
"76837","zcta",2023,"transportation_rnk",NA
"76841","zcta",2023,"transportation_rnk",9.6397
"76842","zcta",2023,"transportation_rnk",73.3791
"76844","zcta",2023,"transportation_rnk",27.2198
"76845","zcta",2023,"transportation_rnk",33.0107
"76848","zcta",2023,"transportation_rnk",NA
"76849","zcta",2023,"transportation_rnk",39.6239
"76852","zcta",2023,"transportation_rnk",49.2474
"76853","zcta",2023,"transportation_rnk",62.1176
"76854","zcta",2023,"transportation_rnk",4.5836
"76856","zcta",2023,"transportation_rnk",44.0585
"76857","zcta",2023,"transportation_rnk",57.3269
"76858","zcta",2023,"transportation_rnk",46.4507
"76859","zcta",2023,"transportation_rnk",59.4471
"76861","zcta",2023,"transportation_rnk",34.7328
"76862","zcta",2023,"transportation_rnk",3.2823
"76864","zcta",2023,"transportation_rnk",63.2053
"76865","zcta",2023,"transportation_rnk",68.5171
"76866","zcta",2023,"transportation_rnk",17.4926
"76869","zcta",2023,"transportation_rnk",NA
"76870","zcta",2023,"transportation_rnk",NA
"76871","zcta",2023,"transportation_rnk",56.8575
"76872","zcta",2023,"transportation_rnk",50.3901
"76873","zcta",2023,"transportation_rnk",NA
"76874","zcta",2023,"transportation_rnk",NA
"76875","zcta",2023,"transportation_rnk",21.4515
"76877","zcta",2023,"transportation_rnk",29.3626
"76878","zcta",2023,"transportation_rnk",68.0737
"76880","zcta",2023,"transportation_rnk",NA
"76882","zcta",2023,"transportation_rnk",34.8623
"76884","zcta",2023,"transportation_rnk",NA
"76885","zcta",2023,"transportation_rnk",NA
"76887","zcta",2023,"transportation_rnk",NA
"76888","zcta",2023,"transportation_rnk",1.0326
"76890","zcta",2023,"transportation_rnk",18.5641
"76901","zcta",2023,"transportation_rnk",90.1143
"76902","zcta",2023,"transportation_rnk",NA
"76903","zcta",2023,"transportation_rnk",90.192
"76904","zcta",2023,"transportation_rnk",90.8426
"76905","zcta",2023,"transportation_rnk",46.0946
"76908","zcta",2023,"transportation_rnk",NA
"76909","zcta",2023,"transportation_rnk",NA
"76930","zcta",2023,"transportation_rnk",76.1305
"76932","zcta",2023,"transportation_rnk",76.4963
"76933","zcta",2023,"transportation_rnk",35.4223
"76934","zcta",2023,"transportation_rnk",NA
"76935","zcta",2023,"transportation_rnk",28.0549
"76936","zcta",2023,"transportation_rnk",69.7893
"76937","zcta",2023,"transportation_rnk",2.8194
"76939","zcta",2023,"transportation_rnk",NA
"76940","zcta",2023,"transportation_rnk",NA
"76941","zcta",2023,"transportation_rnk",18.153
"76943","zcta",2023,"transportation_rnk",74.648
"76945","zcta",2023,"transportation_rnk",78.1569
"76950","zcta",2023,"transportation_rnk",54.7535
"76951","zcta",2023,"transportation_rnk",26.7569
"76953","zcta",2023,"transportation_rnk",NA
"76955","zcta",2023,"transportation_rnk",44.5149
"76957","zcta",2023,"transportation_rnk",0.2557
"76958","zcta",2023,"transportation_rnk",38.9214
"77002","zcta",2023,"transportation_rnk",NA
"77003","zcta",2023,"transportation_rnk",69.1516
"77004","zcta",2023,"transportation_rnk",88.5346
"77005","zcta",2023,"transportation_rnk",82.5689
"77006","zcta",2023,"transportation_rnk",90.671
"77007","zcta",2023,"transportation_rnk",82.3293
"77008","zcta",2023,"transportation_rnk",83.7471
"77009","zcta",2023,"transportation_rnk",88.7062
"77010","zcta",2023,"transportation_rnk",77.3088
"77011","zcta",2023,"transportation_rnk",85.2815
"77012","zcta",2023,"transportation_rnk",84.6502
"77013","zcta",2023,"transportation_rnk",81.6431
"77014","zcta",2023,"transportation_rnk",81.779
"77015","zcta",2023,"transportation_rnk",82.857
"77016","zcta",2023,"transportation_rnk",85.2556
"77017","zcta",2023,"transportation_rnk",82.0801
"77018","zcta",2023,"transportation_rnk",84.6632
"77019","zcta",2023,"transportation_rnk",84.1841
"77020","zcta",2023,"transportation_rnk",87.693
"77021","zcta",2023,"transportation_rnk",92.5906
"77022","zcta",2023,"transportation_rnk",84.2133
"77023","zcta",2023,"transportation_rnk",85.6764
"77024","zcta",2023,"transportation_rnk",82.1319
"77025","zcta",2023,"transportation_rnk",87.6218
"77026","zcta",2023,"transportation_rnk",87.9843
"77027","zcta",2023,"transportation_rnk",81.4424
"77028","zcta",2023,"transportation_rnk",84.8509
"77029","zcta",2023,"transportation_rnk",81.041
"77030","zcta",2023,"transportation_rnk",90.8911
"77031","zcta",2023,"transportation_rnk",86.5924
"77032","zcta",2023,"transportation_rnk",81.2547
"77033","zcta",2023,"transportation_rnk",87.7383
"77034","zcta",2023,"transportation_rnk",83.1515
"77035","zcta",2023,"transportation_rnk",86.0292
"77036","zcta",2023,"transportation_rnk",94.892
"77037","zcta",2023,"transportation_rnk",86.832
"77038","zcta",2023,"transportation_rnk",81.8632
"77039","zcta",2023,"transportation_rnk",81.7208
"77040","zcta",2023,"transportation_rnk",84.3913
"77041","zcta",2023,"transportation_rnk",83.7439
"77042","zcta",2023,"transportation_rnk",88.0847
"77043","zcta",2023,"transportation_rnk",82.1125
"77044","zcta",2023,"transportation_rnk",80.9212
"77045","zcta",2023,"transportation_rnk",82.6951
"77046","zcta",2023,"transportation_rnk",75.1529
"77047","zcta",2023,"transportation_rnk",82.5397
"77048","zcta",2023,"transportation_rnk",83.7795
"77049","zcta",2023,"transportation_rnk",81.1381
"77050","zcta",2023,"transportation_rnk",13.8057
"77051","zcta",2023,"transportation_rnk",86.4986
"77053","zcta",2023,"transportation_rnk",82.2419
"77054","zcta",2023,"transportation_rnk",91.3314
"77055","zcta",2023,"transportation_rnk",83.4299
"77056","zcta",2023,"transportation_rnk",84.6761
"77057","zcta",2023,"transportation_rnk",91.176
"77058","zcta",2023,"transportation_rnk",81.1316
"77059","zcta",2023,"transportation_rnk",80.3645
"77060","zcta",2023,"transportation_rnk",87.2819
"77061","zcta",2023,"transportation_rnk",87.3143
"77062","zcta",2023,"transportation_rnk",82.3552
"77063","zcta",2023,"transportation_rnk",88.0588
"77064","zcta",2023,"transportation_rnk",81.792
"77065","zcta",2023,"transportation_rnk",81.656
"77066","zcta",2023,"transportation_rnk",81.0572
"77067","zcta",2023,"transportation_rnk",84.4625
"77068","zcta",2023,"transportation_rnk",80.4098
"77069","zcta",2023,"transportation_rnk",85.6343
"77070","zcta",2023,"transportation_rnk",82.1448
"77071","zcta",2023,"transportation_rnk",84.1582
"77072","zcta",2023,"transportation_rnk",90.1434
"77073","zcta",2023,"transportation_rnk",87.0812
"77074","zcta",2023,"transportation_rnk",92.1697
"77075","zcta",2023,"transportation_rnk",81.3
"77076","zcta",2023,"transportation_rnk",84.3395
"77077","zcta",2023,"transportation_rnk",87.7254
"77078","zcta",2023,"transportation_rnk",82.3746
"77079","zcta",2023,"transportation_rnk",81.7337
"77080","zcta",2023,"transportation_rnk",83.7018
"77081","zcta",2023,"transportation_rnk",93.0437
"77082","zcta",2023,"transportation_rnk",85.89
"77083","zcta",2023,"transportation_rnk",84.7312
"77084","zcta",2023,"transportation_rnk",82.7145
"77085","zcta",2023,"transportation_rnk",82.0283
"77086","zcta",2023,"transportation_rnk",82.7145
"77087","zcta",2023,"transportation_rnk",83.6209
"77088","zcta",2023,"transportation_rnk",82.8375
"77089","zcta",2023,"transportation_rnk",81.97
"77090","zcta",2023,"transportation_rnk",84.265
"77091","zcta",2023,"transportation_rnk",84.6859
"77092","zcta",2023,"transportation_rnk",82.967
"77093","zcta",2023,"transportation_rnk",85.5307
"77094","zcta",2023,"transportation_rnk",67.3162
"77095","zcta",2023,"transportation_rnk",82.1125
"77096","zcta",2023,"transportation_rnk",86.4921
"77098","zcta",2023,"transportation_rnk",81.5816
"77099","zcta",2023,"transportation_rnk",84.0805
"77204","zcta",2023,"transportation_rnk",NA
"77301","zcta",2023,"transportation_rnk",75.9816
"77302","zcta",2023,"transportation_rnk",51.6136
"77303","zcta",2023,"transportation_rnk",32.1076
"77304","zcta",2023,"transportation_rnk",75.1044
"77306","zcta",2023,"transportation_rnk",46.0946
"77316","zcta",2023,"transportation_rnk",56.1745
"77318","zcta",2023,"transportation_rnk",32.2792
"77320","zcta",2023,"transportation_rnk",37.8241
"77326","zcta",2023,"transportation_rnk",0.2234
"77327","zcta",2023,"transportation_rnk",35.5776
"77328","zcta",2023,"transportation_rnk",36.0535
"77331","zcta",2023,"transportation_rnk",49.0823
"77334","zcta",2023,"transportation_rnk",0.4338
"77335","zcta",2023,"transportation_rnk",36.2153
"77336","zcta",2023,"transportation_rnk",79.8142
"77338","zcta",2023,"transportation_rnk",82.0736
"77339","zcta",2023,"transportation_rnk",81.478
"77340","zcta",2023,"transportation_rnk",58.1912
"77341","zcta",2023,"transportation_rnk",NA
"77342","zcta",2023,"transportation_rnk",NA
"77345","zcta",2023,"transportation_rnk",81.792
"77346","zcta",2023,"transportation_rnk",81.1187
"77350","zcta",2023,"transportation_rnk",3.0201
"77351","zcta",2023,"transportation_rnk",66.6882
"77354","zcta",2023,"transportation_rnk",75.3763
"77355","zcta",2023,"transportation_rnk",81.8729
"77356","zcta",2023,"transportation_rnk",75.8554
"77357","zcta",2023,"transportation_rnk",85.3915
"77358","zcta",2023,"transportation_rnk",14.042
"77359","zcta",2023,"transportation_rnk",23.8274
"77360","zcta",2023,"transportation_rnk",52.7142
"77362","zcta",2023,"transportation_rnk",68.2323
"77363","zcta",2023,"transportation_rnk",23.426
"77364","zcta",2023,"transportation_rnk",13.9514
"77365","zcta",2023,"transportation_rnk",81.1381
"77367","zcta",2023,"transportation_rnk",10.9572
"77368","zcta",2023,"transportation_rnk",NA
"77369","zcta",2023,"transportation_rnk",15.1458
"77371","zcta",2023,"transportation_rnk",26.4202
"77372","zcta",2023,"transportation_rnk",80.2512
"77373","zcta",2023,"transportation_rnk",81.1381
"77374","zcta",2023,"transportation_rnk",50.9598
"77375","zcta",2023,"transportation_rnk",80.6137
"77376","zcta",2023,"transportation_rnk",71.7023
"77377","zcta",2023,"transportation_rnk",46.0946
"77378","zcta",2023,"transportation_rnk",54.4266
"77379","zcta",2023,"transportation_rnk",81.3744
"77380","zcta",2023,"transportation_rnk",75.5867
"77381","zcta",2023,"transportation_rnk",75.6223
"77382","zcta",2023,"transportation_rnk",75.399
"77384","zcta",2023,"transportation_rnk",75.1529
"77385","zcta",2023,"transportation_rnk",74.5897
"77386","zcta",2023,"transportation_rnk",74.9587
"77388","zcta",2023,"transportation_rnk",80.6461
"77389","zcta",2023,"transportation_rnk",81.9441
"77396","zcta",2023,"transportation_rnk",80.5878
"77401","zcta",2023,"transportation_rnk",80.7885
"77406","zcta",2023,"transportation_rnk",81.0701
"77407","zcta",2023,"transportation_rnk",81.9215
"77412","zcta",2023,"transportation_rnk",NA
"77414","zcta",2023,"transportation_rnk",31.6738
"77415","zcta",2023,"transportation_rnk",0.314
"77417","zcta",2023,"transportation_rnk",9.7206
"77418","zcta",2023,"transportation_rnk",31.6738
"77419","zcta",2023,"transportation_rnk",5.9075
"77420","zcta",2023,"transportation_rnk",41.0093
"77422","zcta",2023,"transportation_rnk",25.0445
"77423","zcta",2023,"transportation_rnk",32.2792
"77426","zcta",2023,"transportation_rnk",14.042
"77428","zcta",2023,"transportation_rnk",0.1133
"77429","zcta",2023,"transportation_rnk",82.2678
"77430","zcta",2023,"transportation_rnk",62.901
"77431","zcta",2023,"transportation_rnk",75.7615
"77432","zcta",2023,"transportation_rnk",NA
"77433","zcta",2023,"transportation_rnk",83.0382
"77434","zcta",2023,"transportation_rnk",74.3696
"77435","zcta",2023,"transportation_rnk",42.7929
"77436","zcta",2023,"transportation_rnk",NA
"77437","zcta",2023,"transportation_rnk",32.1076
"77440","zcta",2023,"transportation_rnk",3.4441
"77441","zcta",2023,"transportation_rnk",55.1452
"77442","zcta",2023,"transportation_rnk",5.1371
"77443","zcta",2023,"transportation_rnk",0.2072
"77444","zcta",2023,"transportation_rnk",9.6397
"77445","zcta",2023,"transportation_rnk",17.9296
"77446","zcta",2023,"transportation_rnk",NA
"77447","zcta",2023,"transportation_rnk",47.8652
"77448","zcta",2023,"transportation_rnk",NA
"77449","zcta",2023,"transportation_rnk",83.1418
"77450","zcta",2023,"transportation_rnk",82.0574
"77451","zcta",2023,"transportation_rnk",40.8539
"77453","zcta",2023,"transportation_rnk",NA
"77454","zcta",2023,"transportation_rnk",69.6663
"77455","zcta",2023,"transportation_rnk",21.759
"77456","zcta",2023,"transportation_rnk",35.5776
"77457","zcta",2023,"transportation_rnk",61.153
"77458","zcta",2023,"transportation_rnk",NA
"77459","zcta",2023,"transportation_rnk",81.3582
"77460","zcta",2023,"transportation_rnk",NA
"77461","zcta",2023,"transportation_rnk",44.6509
"77464","zcta",2023,"transportation_rnk",7.1537
"77465","zcta",2023,"transportation_rnk",70.4626
"77466","zcta",2023,"transportation_rnk",27.3492
"77467","zcta",2023,"transportation_rnk",NA
"77468","zcta",2023,"transportation_rnk",NA
"77469","zcta",2023,"transportation_rnk",80.4033
"77470","zcta",2023,"transportation_rnk",2.0102
"77471","zcta",2023,"transportation_rnk",80.4648
"77473","zcta",2023,"transportation_rnk",NA
"77474","zcta",2023,"transportation_rnk",56.3299
"77475","zcta",2023,"transportation_rnk",52.7142
"77476","zcta",2023,"transportation_rnk",17.7257
"77477","zcta",2023,"transportation_rnk",80.8403
"77478","zcta",2023,"transportation_rnk",81.0086
"77479","zcta",2023,"transportation_rnk",83.0577
"77480","zcta",2023,"transportation_rnk",25.9768
"77481","zcta",2023,"transportation_rnk",0.068
"77482","zcta",2023,"transportation_rnk",7.6393
"77483","zcta",2023,"transportation_rnk",3.4441
"77484","zcta",2023,"transportation_rnk",35.5776
"77485","zcta",2023,"transportation_rnk",11.2776
"77486","zcta",2023,"transportation_rnk",37.0051
"77488","zcta",2023,"transportation_rnk",54.4266
"77489","zcta",2023,"transportation_rnk",80.5522
"77493","zcta",2023,"transportation_rnk",85.6084
"77494","zcta",2023,"transportation_rnk",87.1589
"77498","zcta",2023,"transportation_rnk",80.4551
"77502","zcta",2023,"transportation_rnk",80.358
"77503","zcta",2023,"transportation_rnk",80.4389
"77504","zcta",2023,"transportation_rnk",83.0479
"77505","zcta",2023,"transportation_rnk",80.4648
"77506","zcta",2023,"transportation_rnk",80.8112
"77507","zcta",2023,"transportation_rnk",8.8046
"77510","zcta",2023,"transportation_rnk",78.3219
"77511","zcta",2023,"transportation_rnk",79.5002
"77514","zcta",2023,"transportation_rnk",6.7297
"77515","zcta",2023,"transportation_rnk",49.5905
"77517","zcta",2023,"transportation_rnk",26.1354
"77518","zcta",2023,"transportation_rnk",80.3645
"77519","zcta",2023,"transportation_rnk",2.5572
"77520","zcta",2023,"transportation_rnk",80.413
"77521","zcta",2023,"transportation_rnk",81.5719
"77523","zcta",2023,"transportation_rnk",31.8001
"77530","zcta",2023,"transportation_rnk",88.13
"77531","zcta",2023,"transportation_rnk",44.3855
"77532","zcta",2023,"transportation_rnk",81.1187
"77533","zcta",2023,"transportation_rnk",9.002
"77534","zcta",2023,"transportation_rnk",19.3701
"77535","zcta",2023,"transportation_rnk",52.4909
"77536","zcta",2023,"transportation_rnk",80.2156
"77538","zcta",2023,"transportation_rnk",36.2153
"77539","zcta",2023,"transportation_rnk",81.1705
"77541","zcta",2023,"transportation_rnk",47.3959
"77545","zcta",2023,"transportation_rnk",79.8369
"77546","zcta",2023,"transportation_rnk",80.7562
"77547","zcta",2023,"transportation_rnk",81.8632
"77550","zcta",2023,"transportation_rnk",86.764
"77551","zcta",2023,"transportation_rnk",81.669
"77554","zcta",2023,"transportation_rnk",53.1706
"77555","zcta",2023,"transportation_rnk",NA
"77560","zcta",2023,"transportation_rnk",23.1509
"77561","zcta",2023,"transportation_rnk",NA
"77562","zcta",2023,"transportation_rnk",80.5814
"77563","zcta",2023,"transportation_rnk",17.9296
"77564","zcta",2023,"transportation_rnk",8.4809
"77565","zcta",2023,"transportation_rnk",39.1998
"77566","zcta",2023,"transportation_rnk",19.2406
"77568","zcta",2023,"transportation_rnk",77.9141
"77571","zcta",2023,"transportation_rnk",80.2674
"77573","zcta",2023,"transportation_rnk",81.1543
"77575","zcta",2023,"transportation_rnk",70.7992
"77577","zcta",2023,"transportation_rnk",38.9214
"77578","zcta",2023,"transportation_rnk",80.3742
"77580","zcta",2023,"transportation_rnk",NA
"77581","zcta",2023,"transportation_rnk",81.3421
"77582","zcta",2023,"transportation_rnk",3.2823
"77583","zcta",2023,"transportation_rnk",80.2091
"77584","zcta",2023,"transportation_rnk",80.1249
"77585","zcta",2023,"transportation_rnk",17.8228
"77586","zcta",2023,"transportation_rnk",80.3289
"77587","zcta",2023,"transportation_rnk",81.0216
"77590","zcta",2023,"transportation_rnk",78.6359
"77591","zcta",2023,"transportation_rnk",81.1543
"77597","zcta",2023,"transportation_rnk",62.1727
"77598","zcta",2023,"transportation_rnk",80.4001
"77611","zcta",2023,"transportation_rnk",86.6151
"77612","zcta",2023,"transportation_rnk",14.5599
"77613","zcta",2023,"transportation_rnk",4.0851
"77614","zcta",2023,"transportation_rnk",4.4055
"77615","zcta",2023,"transportation_rnk",25.3844
"77616","zcta",2023,"transportation_rnk",71.5534
"77617","zcta",2023,"transportation_rnk",NA
"77619","zcta",2023,"transportation_rnk",88.0361
"77622","zcta",2023,"transportation_rnk",15.6411
"77623","zcta",2023,"transportation_rnk",33.5869
"77624","zcta",2023,"transportation_rnk",10.6917
"77625","zcta",2023,"transportation_rnk",59.2367
"77627","zcta",2023,"transportation_rnk",90.9009
"77629","zcta",2023,"transportation_rnk",5.7845
"77630","zcta",2023,"transportation_rnk",92.5582
"77632","zcta",2023,"transportation_rnk",87.133
"77640","zcta",2023,"transportation_rnk",87.8678
"77642","zcta",2023,"transportation_rnk",88.2886
"77650","zcta",2023,"transportation_rnk",42.7929
"77651","zcta",2023,"transportation_rnk",88.0458
"77655","zcta",2023,"transportation_rnk",70.6535
"77656","zcta",2023,"transportation_rnk",41.6567
"77657","zcta",2023,"transportation_rnk",13.1389
"77659","zcta",2023,"transportation_rnk",16.3273
"77660","zcta",2023,"transportation_rnk",24.7435
"77661","zcta",2023,"transportation_rnk",0.997
"77662","zcta",2023,"transportation_rnk",53.0476
"77663","zcta",2023,"transportation_rnk",6.9142
"77664","zcta",2023,"transportation_rnk",34.5968
"77665","zcta",2023,"transportation_rnk",68.1417
"77701","zcta",2023,"transportation_rnk",42.7929
"77702","zcta",2023,"transportation_rnk",36.8498
"77703","zcta",2023,"transportation_rnk",37.1735
"77705","zcta",2023,"transportation_rnk",88.1041
"77706","zcta",2023,"transportation_rnk",13.4723
"77707","zcta",2023,"transportation_rnk",50.3901
"77708","zcta",2023,"transportation_rnk",17.9296
"77713","zcta",2023,"transportation_rnk",9.0376
"77801","zcta",2023,"transportation_rnk",91.1889
"77802","zcta",2023,"transportation_rnk",88.8324
"77803","zcta",2023,"transportation_rnk",87.6703
"77807","zcta",2023,"transportation_rnk",32.4345
"77808","zcta",2023,"transportation_rnk",33.3312
"77830","zcta",2023,"transportation_rnk",22.3254
"77831","zcta",2023,"transportation_rnk",56.7831
"77833","zcta",2023,"transportation_rnk",50.6005
"77835","zcta",2023,"transportation_rnk",53.4846
"77836","zcta",2023,"transportation_rnk",42.7929
"77837","zcta",2023,"transportation_rnk",48.354
"77840","zcta",2023,"transportation_rnk",92.678
"77843","zcta",2023,"transportation_rnk",NA
"77845","zcta",2023,"transportation_rnk",87.9617
"77852","zcta",2023,"transportation_rnk",NA
"77853","zcta",2023,"transportation_rnk",64.1893
"77855","zcta",2023,"transportation_rnk",1.5343
"77856","zcta",2023,"transportation_rnk",32.5705
"77857","zcta",2023,"transportation_rnk",17.9296
"77859","zcta",2023,"transportation_rnk",51.4097
"77861","zcta",2023,"transportation_rnk",10.6238
"77863","zcta",2023,"transportation_rnk",0.5406
"77864","zcta",2023,"transportation_rnk",54.2388
"77865","zcta",2023,"transportation_rnk",14.971
"77866","zcta",2023,"transportation_rnk",NA
"77867","zcta",2023,"transportation_rnk",3.4765
"77868","zcta",2023,"transportation_rnk",66.7336
"77871","zcta",2023,"transportation_rnk",15.8159
"77872","zcta",2023,"transportation_rnk",67.0929
"77873","zcta",2023,"transportation_rnk",11.1028
"77875","zcta",2023,"transportation_rnk",NA
"77876","zcta",2023,"transportation_rnk",52.8113
"77878","zcta",2023,"transportation_rnk",45.9619
"77879","zcta",2023,"transportation_rnk",54.0543
"77880","zcta",2023,"transportation_rnk",69.8864
"77882","zcta",2023,"transportation_rnk",NA
"77901","zcta",2023,"transportation_rnk",81.0086
"77904","zcta",2023,"transportation_rnk",79.8304
"77905","zcta",2023,"transportation_rnk",36.3642
"77950","zcta",2023,"transportation_rnk",6.0499
"77951","zcta",2023,"transportation_rnk",68.0737
"77954","zcta",2023,"transportation_rnk",44.7901
"77957","zcta",2023,"transportation_rnk",44.0585
"77960","zcta",2023,"transportation_rnk",NA
"77961","zcta",2023,"transportation_rnk",NA
"77962","zcta",2023,"transportation_rnk",52.5977
"77963","zcta",2023,"transportation_rnk",35.8949
"77964","zcta",2023,"transportation_rnk",42.2458
"77968","zcta",2023,"transportation_rnk",7.7429
"77969","zcta",2023,"transportation_rnk",85.4951
"77970","zcta",2023,"transportation_rnk",25.2258
"77971","zcta",2023,"transportation_rnk",67.3971
"77973","zcta",2023,"transportation_rnk",NA
"77974","zcta",2023,"transportation_rnk",28.8868
"77975","zcta",2023,"transportation_rnk",34.7328
"77976","zcta",2023,"transportation_rnk",NA
"77977","zcta",2023,"transportation_rnk",75.8392
"77978","zcta",2023,"transportation_rnk",38.9214
"77979","zcta",2023,"transportation_rnk",83.5011
"77982","zcta",2023,"transportation_rnk",11.2776
"77983","zcta",2023,"transportation_rnk",43.9258
"77984","zcta",2023,"transportation_rnk",9.8857
"77986","zcta",2023,"transportation_rnk",NA
"77987","zcta",2023,"transportation_rnk",5.5482
"77988","zcta",2023,"transportation_rnk",1.4922
"77990","zcta",2023,"transportation_rnk",23.2901
"77991","zcta",2023,"transportation_rnk",3.5639
"77993","zcta",2023,"transportation_rnk",6.0143
"77994","zcta",2023,"transportation_rnk",14.4563
"77995","zcta",2023,"transportation_rnk",56.8575
"78001","zcta",2023,"transportation_rnk",NA
"78002","zcta",2023,"transportation_rnk",14.7962
"78003","zcta",2023,"transportation_rnk",37.1735
"78004","zcta",2023,"transportation_rnk",55.0643
"78005","zcta",2023,"transportation_rnk",16.1299
"78006","zcta",2023,"transportation_rnk",49.4416
"78007","zcta",2023,"transportation_rnk",0.7445
"78008","zcta",2023,"transportation_rnk",56.5986
"78009","zcta",2023,"transportation_rnk",60.2726
"78010","zcta",2023,"transportation_rnk",48.2634
"78011","zcta",2023,"transportation_rnk",38.0118
"78012","zcta",2023,"transportation_rnk",54.5399
"78013","zcta",2023,"transportation_rnk",70.9093
"78014","zcta",2023,"transportation_rnk",75.441
"78015","zcta",2023,"transportation_rnk",56.0742
"78016","zcta",2023,"transportation_rnk",60.6157
"78017","zcta",2023,"transportation_rnk",NA
"78019","zcta",2023,"transportation_rnk",64.8335
"78021","zcta",2023,"transportation_rnk",NA
"78022","zcta",2023,"transportation_rnk",27.0676
"78023","zcta",2023,"transportation_rnk",89.1205
"78024","zcta",2023,"transportation_rnk",61.9493
"78025","zcta",2023,"transportation_rnk",60.0104
"78026","zcta",2023,"transportation_rnk",66.1509
"78027","zcta",2023,"transportation_rnk",16.0101
"78028","zcta",2023,"transportation_rnk",54.0543
"78029","zcta",2023,"transportation_rnk",NA
"78039","zcta",2023,"transportation_rnk",22.3254
"78040","zcta",2023,"transportation_rnk",86.1716
"78041","zcta",2023,"transportation_rnk",84.1582
"78043","zcta",2023,"transportation_rnk",82.7307
"78044","zcta",2023,"transportation_rnk",57.1133
"78045","zcta",2023,"transportation_rnk",82.1319
"78046","zcta",2023,"transportation_rnk",83.0803
"78050","zcta",2023,"transportation_rnk",30.5797
"78052","zcta",2023,"transportation_rnk",59.2367
"78055","zcta",2023,"transportation_rnk",16.0101
"78056","zcta",2023,"transportation_rnk",56.0742
"78057","zcta",2023,"transportation_rnk",8.4032
"78058","zcta",2023,"transportation_rnk",67.1835
"78059","zcta",2023,"transportation_rnk",42.3882
"78061","zcta",2023,"transportation_rnk",38.1575
"78062","zcta",2023,"transportation_rnk",NA
"78063","zcta",2023,"transportation_rnk",27.3492
"78064","zcta",2023,"transportation_rnk",60.3697
"78065","zcta",2023,"transportation_rnk",58.4242
"78066","zcta",2023,"transportation_rnk",24.1382
"78067","zcta",2023,"transportation_rnk",68.2582
"78069","zcta",2023,"transportation_rnk",15.9292
"78070","zcta",2023,"transportation_rnk",37.1735
"78071","zcta",2023,"transportation_rnk",NA
"78072","zcta",2023,"transportation_rnk",48.2634
"78073","zcta",2023,"transportation_rnk",48.354
"78074","zcta",2023,"transportation_rnk",NA
"78075","zcta",2023,"transportation_rnk",6.461
"78076","zcta",2023,"transportation_rnk",75.7032
"78101","zcta",2023,"transportation_rnk",18.153
"78102","zcta",2023,"transportation_rnk",39.0412
"78104","zcta",2023,"transportation_rnk",2.2303
"78107","zcta",2023,"transportation_rnk",47.2761
"78108","zcta",2023,"transportation_rnk",86.9323
"78109","zcta",2023,"transportation_rnk",87.7934
"78111","zcta",2023,"transportation_rnk",NA
"78112","zcta",2023,"transportation_rnk",65.9696
"78113","zcta",2023,"transportation_rnk",13.1389
"78114","zcta",2023,"transportation_rnk",44.1556
"78116","zcta",2023,"transportation_rnk",72.7641
"78117","zcta",2023,"transportation_rnk",25.5139
"78118","zcta",2023,"transportation_rnk",41.3265
"78119","zcta",2023,"transportation_rnk",NA
"78121","zcta",2023,"transportation_rnk",27.0676
"78122","zcta",2023,"transportation_rnk",3.3956
"78123","zcta",2023,"transportation_rnk",62.0561
"78124","zcta",2023,"transportation_rnk",23.9925
"78125","zcta",2023,"transportation_rnk",NA
"78130","zcta",2023,"transportation_rnk",87.9779
"78132","zcta",2023,"transportation_rnk",66.0409
"78133","zcta",2023,"transportation_rnk",53.1706
"78140","zcta",2023,"transportation_rnk",34.8623
"78141","zcta",2023,"transportation_rnk",54.9639
"78142","zcta",2023,"transportation_rnk",NA
"78143","zcta",2023,"transportation_rnk",0.3431
"78144","zcta",2023,"transportation_rnk",NA
"78145","zcta",2023,"transportation_rnk",NA
"78146","zcta",2023,"transportation_rnk",34.4738
"78147","zcta",2023,"transportation_rnk",6.1535
"78148","zcta",2023,"transportation_rnk",90.179
"78150","zcta",2023,"transportation_rnk",NA
"78151","zcta",2023,"transportation_rnk",10.6917
"78152","zcta",2023,"transportation_rnk",33.8005
"78154","zcta",2023,"transportation_rnk",87.7869
"78155","zcta",2023,"transportation_rnk",49.3445
"78159","zcta",2023,"transportation_rnk",9.6397
"78160","zcta",2023,"transportation_rnk",58.6087
"78161","zcta",2023,"transportation_rnk",3.4312
"78162","zcta",2023,"transportation_rnk",1.3013
"78163","zcta",2023,"transportation_rnk",50.3901
"78164","zcta",2023,"transportation_rnk",38.0118
"78201","zcta",2023,"transportation_rnk",92.6682
"78202","zcta",2023,"transportation_rnk",93.0599
"78203","zcta",2023,"transportation_rnk",92.9369
"78204","zcta",2023,"transportation_rnk",93.1603
"78205","zcta",2023,"transportation_rnk",72.2105
"78207","zcta",2023,"transportation_rnk",93.539
"78208","zcta",2023,"transportation_rnk",75.8554
"78209","zcta",2023,"transportation_rnk",88.8098
"78210","zcta",2023,"transportation_rnk",92.6067
"78211","zcta",2023,"transportation_rnk",92.1892
"78212","zcta",2023,"transportation_rnk",93.4063
"78213","zcta",2023,"transportation_rnk",91.1015
"78214","zcta",2023,"transportation_rnk",92.9531
"78215","zcta",2023,"transportation_rnk",65.6783
"78216","zcta",2023,"transportation_rnk",92.6132
"78217","zcta",2023,"transportation_rnk",92.3802
"78218","zcta",2023,"transportation_rnk",93.4386
"78219","zcta",2023,"transportation_rnk",91.244
"78220","zcta",2023,"transportation_rnk",93.8724
"78221","zcta",2023,"transportation_rnk",90.9235
"78222","zcta",2023,"transportation_rnk",91.1242
"78223","zcta",2023,"transportation_rnk",92.1439
"78224","zcta",2023,"transportation_rnk",90.5739
"78225","zcta",2023,"transportation_rnk",89.4118
"78226","zcta",2023,"transportation_rnk",94.5263
"78227","zcta",2023,"transportation_rnk",91.0141
"78228","zcta",2023,"transportation_rnk",93.0049
"78229","zcta",2023,"transportation_rnk",93.0502
"78230","zcta",2023,"transportation_rnk",90.5577
"78231","zcta",2023,"transportation_rnk",45.4181
"78232","zcta",2023,"transportation_rnk",89.4766
"78233","zcta",2023,"transportation_rnk",89.564
"78234","zcta",2023,"transportation_rnk",NA
"78235","zcta",2023,"transportation_rnk",63.7879
"78236","zcta",2023,"transportation_rnk",NA
"78237","zcta",2023,"transportation_rnk",93.6749
"78238","zcta",2023,"transportation_rnk",90.1143
"78239","zcta",2023,"transportation_rnk",88.9457
"78240","zcta",2023,"transportation_rnk",90.2114
"78242","zcta",2023,"transportation_rnk",89.373
"78243","zcta",2023,"transportation_rnk",NA
"78244","zcta",2023,"transportation_rnk",88.4537
"78245","zcta",2023,"transportation_rnk",88.9133
"78247","zcta",2023,"transportation_rnk",87.952
"78248","zcta",2023,"transportation_rnk",88.4051
"78249","zcta",2023,"transportation_rnk",90.7131
"78250","zcta",2023,"transportation_rnk",88.5055
"78251","zcta",2023,"transportation_rnk",89.7744
"78252","zcta",2023,"transportation_rnk",49.3445
"78253","zcta",2023,"transportation_rnk",88.5508
"78254","zcta",2023,"transportation_rnk",88.9457
"78255","zcta",2023,"transportation_rnk",89.9427
"78256","zcta",2023,"transportation_rnk",59.8453
"78257","zcta",2023,"transportation_rnk",66.2998
"78258","zcta",2023,"transportation_rnk",88.7321
"78259","zcta",2023,"transportation_rnk",87.9973
"78260","zcta",2023,"transportation_rnk",88.3598
"78261","zcta",2023,"transportation_rnk",87.9779
"78263","zcta",2023,"transportation_rnk",29.5504
"78264","zcta",2023,"transportation_rnk",45.3048
"78266","zcta",2023,"transportation_rnk",41.1711
"78330","zcta",2023,"transportation_rnk",11.3359
"78332","zcta",2023,"transportation_rnk",45.8324
"78336","zcta",2023,"transportation_rnk",49.4416
"78338","zcta",2023,"transportation_rnk",NA
"78339","zcta",2023,"transportation_rnk",4.4865
"78340","zcta",2023,"transportation_rnk",9.5653
"78341","zcta",2023,"transportation_rnk",65.2737
"78342","zcta",2023,"transportation_rnk",3.2111
"78343","zcta",2023,"transportation_rnk",20.5904
"78344","zcta",2023,"transportation_rnk",24.1382
"78347","zcta",2023,"transportation_rnk",60.4376
"78349","zcta",2023,"transportation_rnk",3.0395
"78351","zcta",2023,"transportation_rnk",71.6214
"78352","zcta",2023,"transportation_rnk",NA
"78353","zcta",2023,"transportation_rnk",51.701
"78355","zcta",2023,"transportation_rnk",18.2986
"78357","zcta",2023,"transportation_rnk",13.2166
"78358","zcta",2023,"transportation_rnk",72.8094
"78359","zcta",2023,"transportation_rnk",52.5977
"78360","zcta",2023,"transportation_rnk",NA
"78361","zcta",2023,"transportation_rnk",75.8327
"78362","zcta",2023,"transportation_rnk",62.9819
"78363","zcta",2023,"transportation_rnk",88.2757
"78368","zcta",2023,"transportation_rnk",28.0549
"78369","zcta",2023,"transportation_rnk",8.2349
"78370","zcta",2023,"transportation_rnk",10.4295
"78371","zcta",2023,"transportation_rnk",59.9359
"78372","zcta",2023,"transportation_rnk",45.1559
"78373","zcta",2023,"transportation_rnk",57.7704
"78374","zcta",2023,"transportation_rnk",79.3804
"78375","zcta",2023,"transportation_rnk",61.2987
"78376","zcta",2023,"transportation_rnk",68.4589
"78377","zcta",2023,"transportation_rnk",76.0949
"78379","zcta",2023,"transportation_rnk",37.3191
"78380","zcta",2023,"transportation_rnk",62.6614
"78382","zcta",2023,"transportation_rnk",70.6535
"78383","zcta",2023,"transportation_rnk",36.5164
"78384","zcta",2023,"transportation_rnk",75.2792
"78385","zcta",2023,"transportation_rnk",NA
"78387","zcta",2023,"transportation_rnk",29.5504
"78389","zcta",2023,"transportation_rnk",16.0101
"78390","zcta",2023,"transportation_rnk",24.8729
"78391","zcta",2023,"transportation_rnk",2.5087
"78393","zcta",2023,"transportation_rnk",41.4787
"78401","zcta",2023,"transportation_rnk",NA
"78402","zcta",2023,"transportation_rnk",77.0628
"78404","zcta",2023,"transportation_rnk",79.9469
"78405","zcta",2023,"transportation_rnk",81.5007
"78406","zcta",2023,"transportation_rnk",NA
"78407","zcta",2023,"transportation_rnk",78.6521
"78408","zcta",2023,"transportation_rnk",79.5164
"78409","zcta",2023,"transportation_rnk",11.3359
"78410","zcta",2023,"transportation_rnk",78.9855
"78411","zcta",2023,"transportation_rnk",81.4877
"78412","zcta",2023,"transportation_rnk",80.8695
"78413","zcta",2023,"transportation_rnk",79.5714
"78414","zcta",2023,"transportation_rnk",79.4322
"78415","zcta",2023,"transportation_rnk",81.6334
"78416","zcta",2023,"transportation_rnk",88.6512
"78417","zcta",2023,"transportation_rnk",37.1735
"78418","zcta",2023,"transportation_rnk",81.0572
"78419","zcta",2023,"transportation_rnk",6.6358
"78501","zcta",2023,"transportation_rnk",85.5242
"78503","zcta",2023,"transportation_rnk",83.0318
"78504","zcta",2023,"transportation_rnk",83.6209
"78516","zcta",2023,"transportation_rnk",82.9864
"78520","zcta",2023,"transportation_rnk",92.0888
"78521","zcta",2023,"transportation_rnk",93.9145
"78526","zcta",2023,"transportation_rnk",90.1305
"78535","zcta",2023,"transportation_rnk",48.354
"78536","zcta",2023,"transportation_rnk",4.2145
"78537","zcta",2023,"transportation_rnk",83.8701
"78538","zcta",2023,"transportation_rnk",31.5023
"78539","zcta",2023,"transportation_rnk",84.0741
"78540","zcta",2023,"transportation_rnk",NA
"78541","zcta",2023,"transportation_rnk",84.1841
"78542","zcta",2023,"transportation_rnk",85.1908
"78543","zcta",2023,"transportation_rnk",81.902
"78545","zcta",2023,"transportation_rnk",3.5186
"78547","zcta",2023,"transportation_rnk",42.3882
"78548","zcta",2023,"transportation_rnk",32.2792
"78549","zcta",2023,"transportation_rnk",62.6097
"78550","zcta",2023,"transportation_rnk",49.4416
"78552","zcta",2023,"transportation_rnk",22.688
"78557","zcta",2023,"transportation_rnk",82.4556
"78558","zcta",2023,"transportation_rnk",35.8949
"78559","zcta",2023,"transportation_rnk",33.3312
"78560","zcta",2023,"transportation_rnk",27.7247
"78561","zcta",2023,"transportation_rnk",17.3696
"78562","zcta",2023,"transportation_rnk",NA
"78563","zcta",2023,"transportation_rnk",NA
"78564","zcta",2023,"transportation_rnk",NA
"78565","zcta",2023,"transportation_rnk",NA
"78566","zcta",2023,"transportation_rnk",89.632
"78567","zcta",2023,"transportation_rnk",67.3712
"78569","zcta",2023,"transportation_rnk",31.3534
"78570","zcta",2023,"transportation_rnk",84.3168
"78572","zcta",2023,"transportation_rnk",82.7825
"78573","zcta",2023,"transportation_rnk",82.9282
"78574","zcta",2023,"transportation_rnk",82.9444
"78575","zcta",2023,"transportation_rnk",39.9637
"78576","zcta",2023,"transportation_rnk",18.4249
"78577","zcta",2023,"transportation_rnk",83.6759
"78578","zcta",2023,"transportation_rnk",63.707
"78579","zcta",2023,"transportation_rnk",19.1144
"78580","zcta",2023,"transportation_rnk",37.8241
"78582","zcta",2023,"transportation_rnk",76.0205
"78583","zcta",2023,"transportation_rnk",17.2272
"78584","zcta",2023,"transportation_rnk",76.4089
"78585","zcta",2023,"transportation_rnk",NA
"78586","zcta",2023,"transportation_rnk",48.5126
"78588","zcta",2023,"transportation_rnk",68.4848
"78589","zcta",2023,"transportation_rnk",82.7307
"78590","zcta",2023,"transportation_rnk",56.4367
"78591","zcta",2023,"transportation_rnk",2.664
"78592","zcta",2023,"transportation_rnk",5.04
"78593","zcta",2023,"transportation_rnk",27.0676
"78594","zcta",2023,"transportation_rnk",21.3285
"78595","zcta",2023,"transportation_rnk",76.5837
"78596","zcta",2023,"transportation_rnk",84.7441
"78597","zcta",2023,"transportation_rnk",70.6859
"78598","zcta",2023,"transportation_rnk",3.5186
"78599","zcta",2023,"transportation_rnk",82.9994
"78602","zcta",2023,"transportation_rnk",69.1225
"78605","zcta",2023,"transportation_rnk",43.6733
"78606","zcta",2023,"transportation_rnk",55.3394
"78607","zcta",2023,"transportation_rnk",0.7542
"78608","zcta",2023,"transportation_rnk",11.6499
"78609","zcta",2023,"transportation_rnk",53.9766
"78610","zcta",2023,"transportation_rnk",43.1036
"78611","zcta",2023,"transportation_rnk",53.2515
"78612","zcta",2023,"transportation_rnk",64.3641
"78613","zcta",2023,"transportation_rnk",63.0466
"78614","zcta",2023,"transportation_rnk",54.7535
"78615","zcta",2023,"transportation_rnk",47.3959
"78616","zcta",2023,"transportation_rnk",39.6239
"78617","zcta",2023,"transportation_rnk",57.6894
"78618","zcta",2023,"transportation_rnk",5.5158
"78619","zcta",2023,"transportation_rnk",64.4288
"78620","zcta",2023,"transportation_rnk",59.0393
"78621","zcta",2023,"transportation_rnk",45.1559
"78622","zcta",2023,"transportation_rnk",9.8857
"78623","zcta",2023,"transportation_rnk",60.4376
"78624","zcta",2023,"transportation_rnk",60.2175
"78626","zcta",2023,"transportation_rnk",63.5257
"78628","zcta",2023,"transportation_rnk",53.0476
"78629","zcta",2023,"transportation_rnk",94.3871
"78631","zcta",2023,"transportation_rnk",13.1389
"78632","zcta",2023,"transportation_rnk",8.4032
"78633","zcta",2023,"transportation_rnk",65.3967
"78634","zcta",2023,"transportation_rnk",41.1711
"78635","zcta",2023,"transportation_rnk",NA
"78636","zcta",2023,"transportation_rnk",78.869
"78638","zcta",2023,"transportation_rnk",27.0676
"78639","zcta",2023,"transportation_rnk",45.6641
"78640","zcta",2023,"transportation_rnk",34.4738
"78641","zcta",2023,"transportation_rnk",63.707
"78642","zcta",2023,"transportation_rnk",65.3093
"78643","zcta",2023,"transportation_rnk",70.3428
"78644","zcta",2023,"transportation_rnk",28.5469
"78645","zcta",2023,"transportation_rnk",58.1912
"78648","zcta",2023,"transportation_rnk",35.7589
"78650","zcta",2023,"transportation_rnk",46.8682
"78652","zcta",2023,"transportation_rnk",64.6166
"78653","zcta",2023,"transportation_rnk",58.5311
"78654","zcta",2023,"transportation_rnk",51.6136
"78655","zcta",2023,"transportation_rnk",13.2166
"78656","zcta",2023,"transportation_rnk",31.0394
"78657","zcta",2023,"transportation_rnk",44.5149
"78658","zcta",2023,"transportation_rnk",NA
"78659","zcta",2023,"transportation_rnk",40.595
"78660","zcta",2023,"transportation_rnk",59.2367
"78661","zcta",2023,"transportation_rnk",4.794
"78662","zcta",2023,"transportation_rnk",42.1066
"78663","zcta",2023,"transportation_rnk",8.8046
"78664","zcta",2023,"transportation_rnk",65.018
"78665","zcta",2023,"transportation_rnk",61.5447
"78666","zcta",2023,"transportation_rnk",78.9596
"78669","zcta",2023,"transportation_rnk",61.658
"78670","zcta",2023,"transportation_rnk",29.5504
"78671","zcta",2023,"transportation_rnk",58.6702
"78672","zcta",2023,"transportation_rnk",37.1735
"78674","zcta",2023,"transportation_rnk",43.3949
"78675","zcta",2023,"transportation_rnk",67.2482
"78676","zcta",2023,"transportation_rnk",36.8498
"78677","zcta",2023,"transportation_rnk",NA
"78681","zcta",2023,"transportation_rnk",59.3759
"78701","zcta",2023,"transportation_rnk",75.1886
"78702","zcta",2023,"transportation_rnk",75.564
"78703","zcta",2023,"transportation_rnk",75.331
"78704","zcta",2023,"transportation_rnk",74.2239
"78705","zcta",2023,"transportation_rnk",NA
"78712","zcta",2023,"transportation_rnk",NA
"78717","zcta",2023,"transportation_rnk",63.2053
"78719","zcta",2023,"transportation_rnk",33.0107
"78721","zcta",2023,"transportation_rnk",74.5314
"78722","zcta",2023,"transportation_rnk",74.266
"78723","zcta",2023,"transportation_rnk",70.9481
"78724","zcta",2023,"transportation_rnk",72.8935
"78725","zcta",2023,"transportation_rnk",60.4376
"78726","zcta",2023,"transportation_rnk",65.3967
"78727","zcta",2023,"transportation_rnk",69.9511
"78728","zcta",2023,"transportation_rnk",68.0963
"78729","zcta",2023,"transportation_rnk",60.7937
"78730","zcta",2023,"transportation_rnk",64.3641
"78731","zcta",2023,"transportation_rnk",68.9153
"78732","zcta",2023,"transportation_rnk",67.1252
"78733","zcta",2023,"transportation_rnk",46.9815
"78734","zcta",2023,"transportation_rnk",65.7204
"78735","zcta",2023,"transportation_rnk",70.5953
"78736","zcta",2023,"transportation_rnk",62.1727
"78737","zcta",2023,"transportation_rnk",65.8822
"78738","zcta",2023,"transportation_rnk",68.5171
"78739","zcta",2023,"transportation_rnk",65.1086
"78741","zcta",2023,"transportation_rnk",73.1752
"78742","zcta",2023,"transportation_rnk",45.1559
"78744","zcta",2023,"transportation_rnk",66.507
"78745","zcta",2023,"transportation_rnk",68.2323
"78746","zcta",2023,"transportation_rnk",68.6531
"78747","zcta",2023,"transportation_rnk",58.4793
"78748","zcta",2023,"transportation_rnk",66.6106
"78749","zcta",2023,"transportation_rnk",64.5098
"78750","zcta",2023,"transportation_rnk",68.6725
"78751","zcta",2023,"transportation_rnk",76.205
"78752","zcta",2023,"transportation_rnk",76.2794
"78753","zcta",2023,"transportation_rnk",74.3858
"78754","zcta",2023,"transportation_rnk",60.1237
"78756","zcta",2023,"transportation_rnk",74.3049
"78757","zcta",2023,"transportation_rnk",68.802
"78758","zcta",2023,"transportation_rnk",74.9587
"78759","zcta",2023,"transportation_rnk",67.6334
"78801","zcta",2023,"transportation_rnk",74.9199
"78802","zcta",2023,"transportation_rnk",NA
"78827","zcta",2023,"transportation_rnk",75.8457
"78828","zcta",2023,"transportation_rnk",NA
"78829","zcta",2023,"transportation_rnk",70.1486
"78830","zcta",2023,"transportation_rnk",24.5881
"78832","zcta",2023,"transportation_rnk",56.5986
"78833","zcta",2023,"transportation_rnk",75.2112
"78834","zcta",2023,"transportation_rnk",28.8868
"78836","zcta",2023,"transportation_rnk",NA
"78837","zcta",2023,"transportation_rnk",2.8129
"78838","zcta",2023,"transportation_rnk",73.9488
"78839","zcta",2023,"transportation_rnk",17.0913
"78840","zcta",2023,"transportation_rnk",85.9353
"78841","zcta",2023,"transportation_rnk",NA
"78842","zcta",2023,"transportation_rnk",NA
"78843","zcta",2023,"transportation_rnk",NA
"78850","zcta",2023,"transportation_rnk",42.7929
"78851","zcta",2023,"transportation_rnk",NA
"78852","zcta",2023,"transportation_rnk",89.9815
"78860","zcta",2023,"transportation_rnk",NA
"78861","zcta",2023,"transportation_rnk",52.9376
"78870","zcta",2023,"transportation_rnk",19.4575
"78871","zcta",2023,"transportation_rnk",NA
"78872","zcta",2023,"transportation_rnk",7.4968
"78873","zcta",2023,"transportation_rnk",55.3394
"78877","zcta",2023,"transportation_rnk",63.5257
"78879","zcta",2023,"transportation_rnk",0.2266
"78880","zcta",2023,"transportation_rnk",73.9488
"78881","zcta",2023,"transportation_rnk",56.3299
"78883","zcta",2023,"transportation_rnk",74.5768
"78884","zcta",2023,"transportation_rnk",49.5905
"78885","zcta",2023,"transportation_rnk",NA
"78886","zcta",2023,"transportation_rnk",50.2573
"78931","zcta",2023,"transportation_rnk",58.0585
"78932","zcta",2023,"transportation_rnk",21.0727
"78933","zcta",2023,"transportation_rnk",8.8952
"78934","zcta",2023,"transportation_rnk",76.1176
"78935","zcta",2023,"transportation_rnk",21.3285
"78938","zcta",2023,"transportation_rnk",33.3312
"78940","zcta",2023,"transportation_rnk",31.8001
"78941","zcta",2023,"transportation_rnk",28.2491
"78942","zcta",2023,"transportation_rnk",53.7954
"78943","zcta",2023,"transportation_rnk",1.8613
"78944","zcta",2023,"transportation_rnk",17.7257
"78945","zcta",2023,"transportation_rnk",14.7962
"78946","zcta",2023,"transportation_rnk",58.9939
"78947","zcta",2023,"transportation_rnk",39.6239
"78948","zcta",2023,"transportation_rnk",71.7897
"78949","zcta",2023,"transportation_rnk",3.2629
"78950","zcta",2023,"transportation_rnk",33.4348
"78951","zcta",2023,"transportation_rnk",NA
"78953","zcta",2023,"transportation_rnk",59.0975
"78954","zcta",2023,"transportation_rnk",52.8113
"78956","zcta",2023,"transportation_rnk",50.1538
"78957","zcta",2023,"transportation_rnk",48.846
"78959","zcta",2023,"transportation_rnk",58.2786
"78962","zcta",2023,"transportation_rnk",24.2806
"78963","zcta",2023,"transportation_rnk",41.0093
"79001","zcta",2023,"transportation_rnk",37.3191
"79002","zcta",2023,"transportation_rnk",NA
"79003","zcta",2023,"transportation_rnk",5.6809
"79005","zcta",2023,"transportation_rnk",10.3421
"79007","zcta",2023,"transportation_rnk",71.042
"79008","zcta",2023,"transportation_rnk",NA
"79009","zcta",2023,"transportation_rnk",67.1544
"79010","zcta",2023,"transportation_rnk",NA
"79011","zcta",2023,"transportation_rnk",8.0601
"79012","zcta",2023,"transportation_rnk",NA
"79013","zcta",2023,"transportation_rnk",63.1276
"79014","zcta",2023,"transportation_rnk",59.0393
"79015","zcta",2023,"transportation_rnk",43.1036
"79016","zcta",2023,"transportation_rnk",NA
"79018","zcta",2023,"transportation_rnk",7.3091
"79019","zcta",2023,"transportation_rnk",70.7215
"79021","zcta",2023,"transportation_rnk",NA
"79022","zcta",2023,"transportation_rnk",37.8241
"79024","zcta",2023,"transportation_rnk",52.4909
"79025","zcta",2023,"transportation_rnk",NA
"79027","zcta",2023,"transportation_rnk",49.4416
"79029","zcta",2023,"transportation_rnk",48.0206
"79031","zcta",2023,"transportation_rnk",42.1066
"79032","zcta",2023,"transportation_rnk",4.2502
"79033","zcta",2023,"transportation_rnk",NA
"79034","zcta",2023,"transportation_rnk",19.7715
"79035","zcta",2023,"transportation_rnk",22.8369
"79036","zcta",2023,"transportation_rnk",48.0206
"79039","zcta",2023,"transportation_rnk",9.9764
"79040","zcta",2023,"transportation_rnk",37.1735
"79041","zcta",2023,"transportation_rnk",8.1442
"79042","zcta",2023,"transportation_rnk",47.3959
"79043","zcta",2023,"transportation_rnk",70.3072
"79044","zcta",2023,"transportation_rnk",58.7997
"79045","zcta",2023,"transportation_rnk",33.8005
"79046","zcta",2023,"transportation_rnk",28.2491
"79051","zcta",2023,"transportation_rnk",NA
"79052","zcta",2023,"transportation_rnk",38.0118
"79053","zcta",2023,"transportation_rnk",NA
"79054","zcta",2023,"transportation_rnk",73.7805
"79056","zcta",2023,"transportation_rnk",NA
"79057","zcta",2023,"transportation_rnk",21.0727
"79058","zcta",2023,"transportation_rnk",NA
"79059","zcta",2023,"transportation_rnk",52.5977
"79061","zcta",2023,"transportation_rnk",9.8857
"79062","zcta",2023,"transportation_rnk",17.3696
"79063","zcta",2023,"transportation_rnk",8.96
"79064","zcta",2023,"transportation_rnk",71.1715
"79065","zcta",2023,"transportation_rnk",45.1559
"79066","zcta",2023,"transportation_rnk",NA
"79068","zcta",2023,"transportation_rnk",71.3851
"79070","zcta",2023,"transportation_rnk",42.6278
"79072","zcta",2023,"transportation_rnk",44.5149
"79073","zcta",2023,"transportation_rnk",NA
"79078","zcta",2023,"transportation_rnk",57.2266
"79079","zcta",2023,"transportation_rnk",86.013
"79080","zcta",2023,"transportation_rnk",45.8324
"79081","zcta",2023,"transportation_rnk",22.9923
"79082","zcta",2023,"transportation_rnk",9.1574
"79083","zcta",2023,"transportation_rnk",13.1389
"79084","zcta",2023,"transportation_rnk",84.4852
"79085","zcta",2023,"transportation_rnk",NA
"79086","zcta",2023,"transportation_rnk",48.354
"79087","zcta",2023,"transportation_rnk",24.436
"79088","zcta",2023,"transportation_rnk",41.0093
"79091","zcta",2023,"transportation_rnk",NA
"79092","zcta",2023,"transportation_rnk",87.9843
"79093","zcta",2023,"transportation_rnk",8.8467
"79094","zcta",2023,"transportation_rnk",NA
"79095","zcta",2023,"transportation_rnk",77.1081
"79096","zcta",2023,"transportation_rnk",65.7204
"79097","zcta",2023,"transportation_rnk",25.3844
"79098","zcta",2023,"transportation_rnk",6.8236
"79101","zcta",2023,"transportation_rnk",77.2699
"79102","zcta",2023,"transportation_rnk",53.0476
"79103","zcta",2023,"transportation_rnk",53.6691
"79104","zcta",2023,"transportation_rnk",69.8184
"79106","zcta",2023,"transportation_rnk",61.6062
"79107","zcta",2023,"transportation_rnk",63.6358
"79108","zcta",2023,"transportation_rnk",55.7926
"79109","zcta",2023,"transportation_rnk",39.1998
"79110","zcta",2023,"transportation_rnk",43.6733
"79111","zcta",2023,"transportation_rnk",9.7206
"79118","zcta",2023,"transportation_rnk",59.3759
"79119","zcta",2023,"transportation_rnk",43.3949
"79121","zcta",2023,"transportation_rnk",38.6042
"79124","zcta",2023,"transportation_rnk",26.4202
"79201","zcta",2023,"transportation_rnk",28.5469
"79220","zcta",2023,"transportation_rnk",73.1007
"79223","zcta",2023,"transportation_rnk",NA
"79225","zcta",2023,"transportation_rnk",50.7558
"79226","zcta",2023,"transportation_rnk",52.1639
"79227","zcta",2023,"transportation_rnk",57.8869
"79229","zcta",2023,"transportation_rnk",16.3273
"79230","zcta",2023,"transportation_rnk",NA
"79231","zcta",2023,"transportation_rnk",NA
"79233","zcta",2023,"transportation_rnk",NA
"79234","zcta",2023,"transportation_rnk",7.3091
"79235","zcta",2023,"transportation_rnk",50.3901
"79236","zcta",2023,"transportation_rnk",34.0207
"79237","zcta",2023,"transportation_rnk",58.6702
"79239","zcta",2023,"transportation_rnk",NA
"79240","zcta",2023,"transportation_rnk",NA
"79241","zcta",2023,"transportation_rnk",5.4867
"79243","zcta",2023,"transportation_rnk",NA
"79244","zcta",2023,"transportation_rnk",68.3909
"79245","zcta",2023,"transportation_rnk",30.8937
"79247","zcta",2023,"transportation_rnk",NA
"79248","zcta",2023,"transportation_rnk",61.8846
"79250","zcta",2023,"transportation_rnk",16.1299
"79251","zcta",2023,"transportation_rnk",NA
"79252","zcta",2023,"transportation_rnk",61.4929
"79255","zcta",2023,"transportation_rnk",59.8453
"79256","zcta",2023,"transportation_rnk",70.4917
"79257","zcta",2023,"transportation_rnk",52.0862
"79258","zcta",2023,"transportation_rnk",NA
"79259","zcta",2023,"transportation_rnk",NA
"79261","zcta",2023,"transportation_rnk",52.5977
"79311","zcta",2023,"transportation_rnk",38.4391
"79312","zcta",2023,"transportation_rnk",45.5475
"79313","zcta",2023,"transportation_rnk",53.5688
"79314","zcta",2023,"transportation_rnk",0.0939
"79316","zcta",2023,"transportation_rnk",31.0394
"79322","zcta",2023,"transportation_rnk",77.6357
"79323","zcta",2023,"transportation_rnk",44.2625
"79324","zcta",2023,"transportation_rnk",NA
"79325","zcta",2023,"transportation_rnk",14.657
"79326","zcta",2023,"transportation_rnk",NA
"79329","zcta",2023,"transportation_rnk",42.7929
"79330","zcta",2023,"transportation_rnk",1.8095
"79331","zcta",2023,"transportation_rnk",95.5848
"79336","zcta",2023,"transportation_rnk",82.2193
"79339","zcta",2023,"transportation_rnk",28.411
"79342","zcta",2023,"transportation_rnk",23.8274
"79343","zcta",2023,"transportation_rnk",37.8241
"79344","zcta",2023,"transportation_rnk",NA
"79345","zcta",2023,"transportation_rnk",49.0823
"79346","zcta",2023,"transportation_rnk",70.4917
"79347","zcta",2023,"transportation_rnk",61.9493
"79350","zcta",2023,"transportation_rnk",1.9778
"79351","zcta",2023,"transportation_rnk",50.0275
"79353","zcta",2023,"transportation_rnk",NA
"79355","zcta",2023,"transportation_rnk",38.1575
"79356","zcta",2023,"transportation_rnk",31.3534
"79357","zcta",2023,"transportation_rnk",78.4644
"79358","zcta",2023,"transportation_rnk",41.1711
"79359","zcta",2023,"transportation_rnk",55.8703
"79360","zcta",2023,"transportation_rnk",63.5807
"79363","zcta",2023,"transportation_rnk",35.5776
"79364","zcta",2023,"transportation_rnk",22.8369
"79366","zcta",2023,"transportation_rnk",14.657
"79367","zcta",2023,"transportation_rnk",61.4929
"79369","zcta",2023,"transportation_rnk",NA
"79370","zcta",2023,"transportation_rnk",71.4757
"79371","zcta",2023,"transportation_rnk",53.4846
"79372","zcta",2023,"transportation_rnk",42.6278
"79373","zcta",2023,"transportation_rnk",41.4787
"79376","zcta",2023,"transportation_rnk",NA
"79377","zcta",2023,"transportation_rnk",6.5128
"79378","zcta",2023,"transportation_rnk",7.4968
"79379","zcta",2023,"transportation_rnk",10.1771
"79380","zcta",2023,"transportation_rnk",NA
"79381","zcta",2023,"transportation_rnk",36.5164
"79382","zcta",2023,"transportation_rnk",17.9296
"79383","zcta",2023,"transportation_rnk",NA
"79401","zcta",2023,"transportation_rnk",91.354
"79402","zcta",2023,"transportation_rnk",NA
"79403","zcta",2023,"transportation_rnk",86.3853
"79404","zcta",2023,"transportation_rnk",83.8022
"79406","zcta",2023,"transportation_rnk",NA
"79407","zcta",2023,"transportation_rnk",82.4556
"79410","zcta",2023,"transportation_rnk",84.9222
"79411","zcta",2023,"transportation_rnk",58.8645
"79412","zcta",2023,"transportation_rnk",86.2202
"79413","zcta",2023,"transportation_rnk",83.9964
"79414","zcta",2023,"transportation_rnk",82.789
"79415","zcta",2023,"transportation_rnk",87.7124
"79416","zcta",2023,"transportation_rnk",83.6047
"79423","zcta",2023,"transportation_rnk",82.5689
"79424","zcta",2023,"transportation_rnk",82.2808
"79501","zcta",2023,"transportation_rnk",24.2806
"79502","zcta",2023,"transportation_rnk",14.4563
"79503","zcta",2023,"transportation_rnk",74.9037
"79504","zcta",2023,"transportation_rnk",77.0887
"79505","zcta",2023,"transportation_rnk",6.9692
"79506","zcta",2023,"transportation_rnk",62.9334
"79508","zcta",2023,"transportation_rnk",39.4653
"79510","zcta",2023,"transportation_rnk",42.1066
"79511","zcta",2023,"transportation_rnk",11.3359
"79512","zcta",2023,"transportation_rnk",66.8857
"79517","zcta",2023,"transportation_rnk",5.0044
"79518","zcta",2023,"transportation_rnk",31.8001
"79519","zcta",2023,"transportation_rnk",0.7995
"79520","zcta",2023,"transportation_rnk",64.8335
"79521","zcta",2023,"transportation_rnk",53.6691
"79525","zcta",2023,"transportation_rnk",14.042
"79526","zcta",2023,"transportation_rnk",19.3701
"79527","zcta",2023,"transportation_rnk",2.5346
"79528","zcta",2023,"transportation_rnk",20.8526
"79529","zcta",2023,"transportation_rnk",47.2761
"79530","zcta",2023,"transportation_rnk",56.4367
"79532","zcta",2023,"transportation_rnk",63.9044
"79533","zcta",2023,"transportation_rnk",54.5399
"79534","zcta",2023,"transportation_rnk",1.7674
"79535","zcta",2023,"transportation_rnk",12.7149
"79536","zcta",2023,"transportation_rnk",39.7987
"79537","zcta",2023,"transportation_rnk",NA
"79538","zcta",2023,"transportation_rnk",9.7206
"79539","zcta",2023,"transportation_rnk",15.2947
"79540","zcta",2023,"transportation_rnk",NA
"79541","zcta",2023,"transportation_rnk",12.4009
"79543","zcta",2023,"transportation_rnk",20.9789
"79544","zcta",2023,"transportation_rnk",33.8005
"79545","zcta",2023,"transportation_rnk",75.7615
"79546","zcta",2023,"transportation_rnk",28.411
"79547","zcta",2023,"transportation_rnk",61.8134
"79548","zcta",2023,"transportation_rnk",65.5229
"79549","zcta",2023,"transportation_rnk",66.6106
"79553","zcta",2023,"transportation_rnk",55.0643
"79556","zcta",2023,"transportation_rnk",41.4787
"79560","zcta",2023,"transportation_rnk",NA
"79561","zcta",2023,"transportation_rnk",14.2557
"79562","zcta",2023,"transportation_rnk",14.657
"79563","zcta",2023,"transportation_rnk",33.0107
"79565","zcta",2023,"transportation_rnk",1.1815
"79566","zcta",2023,"transportation_rnk",5.1371
"79567","zcta",2023,"transportation_rnk",39.9637
"79601","zcta",2023,"transportation_rnk",54.2388
"79602","zcta",2023,"transportation_rnk",48.2634
"79603","zcta",2023,"transportation_rnk",43.2363
"79605","zcta",2023,"transportation_rnk",44.3855
"79606","zcta",2023,"transportation_rnk",34.4738
"79607","zcta",2023,"transportation_rnk",42.6278
"79699","zcta",2023,"transportation_rnk",NA
"79701","zcta",2023,"transportation_rnk",61.2987
"79703","zcta",2023,"transportation_rnk",51.2025
"79705","zcta",2023,"transportation_rnk",27.2198
"79706","zcta",2023,"transportation_rnk",67.5169
"79707","zcta",2023,"transportation_rnk",50.6005
"79713","zcta",2023,"transportation_rnk",62.2503
"79714","zcta",2023,"transportation_rnk",28.0549
"79718","zcta",2023,"transportation_rnk",17.2272
"79719","zcta",2023,"transportation_rnk",31.0394
"79720","zcta",2023,"transportation_rnk",46.7841
"79721","zcta",2023,"transportation_rnk",NA
"79730","zcta",2023,"transportation_rnk",18.5641
"79731","zcta",2023,"transportation_rnk",48.1339
"79733","zcta",2023,"transportation_rnk",15.9292
"79734","zcta",2023,"transportation_rnk",63.6358
"79735","zcta",2023,"transportation_rnk",77.7263
"79738","zcta",2023,"transportation_rnk",10.1091
"79739","zcta",2023,"transportation_rnk",24.5881
"79741","zcta",2023,"transportation_rnk",28.5469
"79742","zcta",2023,"transportation_rnk",8.2899
"79743","zcta",2023,"transportation_rnk",3.182
"79744","zcta",2023,"transportation_rnk",54.145
"79745","zcta",2023,"transportation_rnk",60.5347
"79748","zcta",2023,"transportation_rnk",3.8552
"79749","zcta",2023,"transportation_rnk",40.6921
"79752","zcta",2023,"transportation_rnk",12.4915
"79754","zcta",2023,"transportation_rnk",NA
"79755","zcta",2023,"transportation_rnk",NA
"79756","zcta",2023,"transportation_rnk",60.2726
"79758","zcta",2023,"transportation_rnk",54.8636
"79759","zcta",2023,"transportation_rnk",NA
"79761","zcta",2023,"transportation_rnk",86.4824
"79762","zcta",2023,"transportation_rnk",85.7443
"79763","zcta",2023,"transportation_rnk",86.1425
"79764","zcta",2023,"transportation_rnk",86.5212
"79765","zcta",2023,"transportation_rnk",45.8324
"79766","zcta",2023,"transportation_rnk",55.8703
"79769","zcta",2023,"transportation_rnk",NA
"79770","zcta",2023,"transportation_rnk",NA
"79772","zcta",2023,"transportation_rnk",23.426
"79776","zcta",2023,"transportation_rnk",NA
"79777","zcta",2023,"transportation_rnk",3.2629
"79778","zcta",2023,"transportation_rnk",28.8868
"79780","zcta",2023,"transportation_rnk",NA
"79781","zcta",2023,"transportation_rnk",23.426
"79782","zcta",2023,"transportation_rnk",60.1237
"79783","zcta",2023,"transportation_rnk",NA
"79785","zcta",2023,"transportation_rnk",NA
"79788","zcta",2023,"transportation_rnk",5.7553
"79789","zcta",2023,"transportation_rnk",76.8944
"79821","zcta",2023,"transportation_rnk",34.2828
"79830","zcta",2023,"transportation_rnk",46.0946
"79832","zcta",2023,"transportation_rnk",NA
"79834","zcta",2023,"transportation_rnk",5.9075
"79835","zcta",2023,"transportation_rnk",33.1564
"79836","zcta",2023,"transportation_rnk",48.5126
"79838","zcta",2023,"transportation_rnk",12.8055
"79839","zcta",2023,"transportation_rnk",6.3024
"79842","zcta",2023,"transportation_rnk",77.0563
"79843","zcta",2023,"transportation_rnk",74.8001
"79845","zcta",2023,"transportation_rnk",35.0079
"79846","zcta",2023,"transportation_rnk",2.4633
"79847","zcta",2023,"transportation_rnk",66.2415
"79848","zcta",2023,"transportation_rnk",38.4391
"79849","zcta",2023,"transportation_rnk",54.6434
"79851","zcta",2023,"transportation_rnk",NA
"79852","zcta",2023,"transportation_rnk",70.3072
"79853","zcta",2023,"transportation_rnk",30.2399
"79854","zcta",2023,"transportation_rnk",78.0954
"79855","zcta",2023,"transportation_rnk",7.2379
"79901","zcta",2023,"transportation_rnk",84.1323
"79902","zcta",2023,"transportation_rnk",77.0887
"79903","zcta",2023,"transportation_rnk",64.7946
"79904","zcta",2023,"transportation_rnk",60.1237
"79905","zcta",2023,"transportation_rnk",70.8931
"79906","zcta",2023,"transportation_rnk",58.6702
"79907","zcta",2023,"transportation_rnk",59.1752
"79908","zcta",2023,"transportation_rnk",47.535
"79911","zcta",2023,"transportation_rnk",43.1036
"79912","zcta",2023,"transportation_rnk",52.1639
"79915","zcta",2023,"transportation_rnk",52.7142
"79916","zcta",2023,"transportation_rnk",NA
"79918","zcta",2023,"transportation_rnk",NA
"79920","zcta",2023,"transportation_rnk",NA
"79922","zcta",2023,"transportation_rnk",67.6852
"79924","zcta",2023,"transportation_rnk",52.5977
"79925","zcta",2023,"transportation_rnk",51.2996
"79927","zcta",2023,"transportation_rnk",44.9131
"79928","zcta",2023,"transportation_rnk",46.3535
"79930","zcta",2023,"transportation_rnk",63.7879
"79932","zcta",2023,"transportation_rnk",50.0275
"79934","zcta",2023,"transportation_rnk",48.9625
"79935","zcta",2023,"transportation_rnk",43.6733
"79936","zcta",2023,"transportation_rnk",46.0946
"79938","zcta",2023,"transportation_rnk",36.6782
"73960","zcta",2023,"transportation_state_rnk",NA
"75001","zcta",2023,"transportation_state_rnk",90.5862
"75002","zcta",2023,"transportation_state_rnk",85.5693
"75006","zcta",2023,"transportation_state_rnk",84.8365
"75007","zcta",2023,"transportation_state_rnk",88.6133
"75009","zcta",2023,"transportation_state_rnk",59.3292
"75010","zcta",2023,"transportation_state_rnk",87.3168
"75013","zcta",2023,"transportation_state_rnk",87.5986
"75019","zcta",2023,"transportation_state_rnk",75.6483
"75020","zcta",2023,"transportation_state_rnk",85.372
"75021","zcta",2023,"transportation_state_rnk",88.106
"75022","zcta",2023,"transportation_state_rnk",73.6189
"75023","zcta",2023,"transportation_state_rnk",85.0056
"75024","zcta",2023,"transportation_state_rnk",90.9245
"75025","zcta",2023,"transportation_state_rnk",90.4171
"75028","zcta",2023,"transportation_state_rnk",73.6753
"75032","zcta",2023,"transportation_state_rnk",84.2165
"75033","zcta",2023,"transportation_state_rnk",88.5006
"75034","zcta",2023,"transportation_state_rnk",88.3878
"75035","zcta",2023,"transportation_state_rnk",89.0643
"75036","zcta",2023,"transportation_state_rnk",86.6967
"75038","zcta",2023,"transportation_state_rnk",89.8253
"75039","zcta",2023,"transportation_state_rnk",89.5152
"75040","zcta",2023,"transportation_state_rnk",86.9222
"75041","zcta",2023,"transportation_state_rnk",82.2435
"75042","zcta",2023,"transportation_state_rnk",83.991
"75043","zcta",2023,"transportation_state_rnk",92.6156
"75044","zcta",2023,"transportation_state_rnk",85.8512
"75048","zcta",2023,"transportation_state_rnk",85.9921
"75050","zcta",2023,"transportation_state_rnk",81.0034
"75051","zcta",2023,"transportation_state_rnk",87.5423
"75052","zcta",2023,"transportation_state_rnk",79.8478
"75054","zcta",2023,"transportation_state_rnk",80.9188
"75056","zcta",2023,"transportation_state_rnk",85.9921
"75057","zcta",2023,"transportation_state_rnk",54.115
"75058","zcta",2023,"transportation_state_rnk",42.3055
"75060","zcta",2023,"transportation_state_rnk",84.1601
"75061","zcta",2023,"transportation_state_rnk",90.248
"75062","zcta",2023,"transportation_state_rnk",89.3461
"75063","zcta",2023,"transportation_state_rnk",87.9369
"75065","zcta",2023,"transportation_state_rnk",25.2537
"75067","zcta",2023,"transportation_state_rnk",74.0135
"75068","zcta",2023,"transportation_state_rnk",84.7238
"75069","zcta",2023,"transportation_state_rnk",83.5682
"75070","zcta",2023,"transportation_state_rnk",52.1702
"75071","zcta",2023,"transportation_state_rnk",57.1308
"75072","zcta",2023,"transportation_state_rnk",47.7734
"75074","zcta",2023,"transportation_state_rnk",90.3608
"75075","zcta",2023,"transportation_state_rnk",85.9921
"75076","zcta",2023,"transportation_state_rnk",46.1387
"75077","zcta",2023,"transportation_state_rnk",72.4915
"75078","zcta",2023,"transportation_state_rnk",58.0891
"75080","zcta",2023,"transportation_state_rnk",92.6719
"75081","zcta",2023,"transportation_state_rnk",94.363
"75082","zcta",2023,"transportation_state_rnk",90.5017
"75087","zcta",2023,"transportation_state_rnk",81.5671
"75088","zcta",2023,"transportation_state_rnk",80.3833
"75089","zcta",2023,"transportation_state_rnk",86.274
"75090","zcta",2023,"transportation_state_rnk",86.133
"75092","zcta",2023,"transportation_state_rnk",87.0349
"75093","zcta",2023,"transportation_state_rnk",90.0789
"75094","zcta",2023,"transportation_state_rnk",88.1623
"75098","zcta",2023,"transportation_state_rnk",84.8929
"75101","zcta",2023,"transportation_state_rnk",45.0958
"75102","zcta",2023,"transportation_state_rnk",37.1759
"75103","zcta",2023,"transportation_state_rnk",21.5051
"75104","zcta",2023,"transportation_state_rnk",81.9899
"75105","zcta",2023,"transportation_state_rnk",1.071
"75109","zcta",2023,"transportation_state_rnk",69.2503
"75110","zcta",2023,"transportation_state_rnk",68.7148
"75114","zcta",2023,"transportation_state_rnk",52.7621
"75115","zcta",2023,"transportation_state_rnk",84.9493
"75116","zcta",2023,"transportation_state_rnk",81.3416
"75117","zcta",2023,"transportation_state_rnk",32.3563
"75119","zcta",2023,"transportation_state_rnk",37.8241
"75124","zcta",2023,"transportation_state_rnk",53.3258
"75125","zcta",2023,"transportation_state_rnk",18.3766
"75126","zcta",2023,"transportation_state_rnk",38.9515
"75127","zcta",2023,"transportation_state_rnk",21.956
"75132","zcta",2023,"transportation_state_rnk",NA
"75134","zcta",2023,"transportation_state_rnk",81.4543
"75135","zcta",2023,"transportation_state_rnk",46.4205
"75137","zcta",2023,"transportation_state_rnk",80.5806
"75140","zcta",2023,"transportation_state_rnk",34.9493
"75141","zcta",2023,"transportation_state_rnk",28.2131
"75142","zcta",2023,"transportation_state_rnk",27.593
"75143","zcta",2023,"transportation_state_rnk",43.9966
"75144","zcta",2023,"transportation_state_rnk",10.7948
"75146","zcta",2023,"transportation_state_rnk",80.6652
"75147","zcta",2023,"transportation_state_rnk",46.8715
"75148","zcta",2023,"transportation_state_rnk",39.2616
"75149","zcta",2023,"transportation_state_rnk",79.7351
"75150","zcta",2023,"transportation_state_rnk",89.9662
"75152","zcta",2023,"transportation_state_rnk",29.2559
"75153","zcta",2023,"transportation_state_rnk",5.637
"75154","zcta",2023,"transportation_state_rnk",83.0891
"75155","zcta",2023,"transportation_state_rnk",45.6877
"75156","zcta",2023,"transportation_state_rnk",52.6212
"75157","zcta",2023,"transportation_state_rnk",27.3957
"75158","zcta",2023,"transportation_state_rnk",34.9493
"75159","zcta",2023,"transportation_state_rnk",78.5231
"75160","zcta",2023,"transportation_state_rnk",71.7587
"75161","zcta",2023,"transportation_state_rnk",15.6708
"75163","zcta",2023,"transportation_state_rnk",31.5953
"75164","zcta",2023,"transportation_state_rnk",7.5536
"75165","zcta",2023,"transportation_state_rnk",78.2976
"75166","zcta",2023,"transportation_state_rnk",28.664
"75167","zcta",2023,"transportation_state_rnk",76.2683
"75169","zcta",2023,"transportation_state_rnk",28.664
"75172","zcta",2023,"transportation_state_rnk",6.0316
"75173","zcta",2023,"transportation_state_rnk",39.2616
"75180","zcta",2023,"transportation_state_rnk",84.3856
"75181","zcta",2023,"transportation_state_rnk",81.0879
"75182","zcta",2023,"transportation_state_rnk",35.2593
"75189","zcta",2023,"transportation_state_rnk",81.1725
"75201","zcta",2023,"transportation_state_rnk",97.6325
"75202","zcta",2023,"transportation_state_rnk",69.8985
"75203","zcta",2023,"transportation_state_rnk",96.8433
"75204","zcta",2023,"transportation_state_rnk",91.4318
"75205","zcta",2023,"transportation_state_rnk",87.1477
"75206","zcta",2023,"transportation_state_rnk",91.3191
"75207","zcta",2023,"transportation_state_rnk",NA
"75208","zcta",2023,"transportation_state_rnk",87.8241
"75209","zcta",2023,"transportation_state_rnk",86.3867
"75210","zcta",2023,"transportation_state_rnk",70.4059
"75211","zcta",2023,"transportation_state_rnk",93.9684
"75212","zcta",2023,"transportation_state_rnk",91.1499
"75214","zcta",2023,"transportation_state_rnk",91.3754
"75215","zcta",2023,"transportation_state_rnk",93.4047
"75216","zcta",2023,"transportation_state_rnk",98.7035
"75217","zcta",2023,"transportation_state_rnk",93.2356
"75218","zcta",2023,"transportation_state_rnk",88.867
"75219","zcta",2023,"transportation_state_rnk",90.8681
"75220","zcta",2023,"transportation_state_rnk",97.5197
"75223","zcta",2023,"transportation_state_rnk",89.628
"75224","zcta",2023,"transportation_state_rnk",91.0936
"75225","zcta",2023,"transportation_state_rnk",82.8918
"75226","zcta",2023,"transportation_state_rnk",67.7565
"75227","zcta",2023,"transportation_state_rnk",92.7565
"75228","zcta",2023,"transportation_state_rnk",94.5885
"75229","zcta",2023,"transportation_state_rnk",86.4713
"75230","zcta",2023,"transportation_state_rnk",89.4025
"75231","zcta",2023,"transportation_state_rnk",97.1251
"75232","zcta",2023,"transportation_state_rnk",91.6573
"75233","zcta",2023,"transportation_state_rnk",82.8918
"75234","zcta",2023,"transportation_state_rnk",86.274
"75235","zcta",2023,"transportation_state_rnk",95.9977
"75236","zcta",2023,"transportation_state_rnk",90.0789
"75237","zcta",2023,"transportation_state_rnk",96.1669
"75238","zcta",2023,"transportation_state_rnk",86.1894
"75240","zcta",2023,"transportation_state_rnk",93.1793
"75241","zcta",2023,"transportation_state_rnk",95.7723
"75243","zcta",2023,"transportation_state_rnk",98.0834
"75244","zcta",2023,"transportation_state_rnk",86.5276
"75246","zcta",2023,"transportation_state_rnk",67.6437
"75247","zcta",2023,"transportation_state_rnk",NA
"75248","zcta",2023,"transportation_state_rnk",89.0643
"75249","zcta",2023,"transportation_state_rnk",79.1714
"75251","zcta",2023,"transportation_state_rnk",42.531
"75252","zcta",2023,"transportation_state_rnk",94.6449
"75253","zcta",2023,"transportation_state_rnk",77.6776
"75254","zcta",2023,"transportation_state_rnk",89.5716
"75261","zcta",2023,"transportation_state_rnk",NA
"75270","zcta",2023,"transportation_state_rnk",NA
"75287","zcta",2023,"transportation_state_rnk",88.4442
"75390","zcta",2023,"transportation_state_rnk",NA
"75401","zcta",2023,"transportation_state_rnk",99.6054
"75402","zcta",2023,"transportation_state_rnk",30.7215
"75407","zcta",2023,"transportation_state_rnk",42.3055
"75409","zcta",2023,"transportation_state_rnk",40.9526
"75410","zcta",2023,"transportation_state_rnk",48.0552
"75411","zcta",2023,"transportation_state_rnk",4.876
"75412","zcta",2023,"transportation_state_rnk",56.0034
"75413","zcta",2023,"transportation_state_rnk",9.8083
"75414","zcta",2023,"transportation_state_rnk",34.3574
"75415","zcta",2023,"transportation_state_rnk",3.805
"75416","zcta",2023,"transportation_state_rnk",17.6719
"75417","zcta",2023,"transportation_state_rnk",59.1883
"75418","zcta",2023,"transportation_state_rnk",46.7587
"75420","zcta",2023,"transportation_state_rnk",19.9267
"75421","zcta",2023,"transportation_state_rnk",13.1623
"75422","zcta",2023,"transportation_state_rnk",25.1127
"75423","zcta",2023,"transportation_state_rnk",57.6381
"75424","zcta",2023,"transportation_state_rnk",41.4318
"75426","zcta",2023,"transportation_state_rnk",70.8568
"75428","zcta",2023,"transportation_state_rnk",65.6708
"75429","zcta",2023,"transportation_state_rnk",NA
"75431","zcta",2023,"transportation_state_rnk",44.1375
"75432","zcta",2023,"transportation_state_rnk",32.779
"75433","zcta",2023,"transportation_state_rnk",45.4059
"75434","zcta",2023,"transportation_state_rnk",NA
"75435","zcta",2023,"transportation_state_rnk",31.2007
"75436","zcta",2023,"transportation_state_rnk",14.2616
"75437","zcta",2023,"transportation_state_rnk",42.9256
"75438","zcta",2023,"transportation_state_rnk",11.9222
"75439","zcta",2023,"transportation_state_rnk",9.9211
"75440","zcta",2023,"transportation_state_rnk",35.823
"75441","zcta",2023,"transportation_state_rnk",NA
"75442","zcta",2023,"transportation_state_rnk",43.9121
"75446","zcta",2023,"transportation_state_rnk",68.9966
"75447","zcta",2023,"transportation_state_rnk",48.0552
"75448","zcta",2023,"transportation_state_rnk",10.4284
"75449","zcta",2023,"transportation_state_rnk",59.3292
"75450","zcta",2023,"transportation_state_rnk",5.0733
"75451","zcta",2023,"transportation_state_rnk",37.8241
"75452","zcta",2023,"transportation_state_rnk",66.8546
"75453","zcta",2023,"transportation_state_rnk",27.3112
"75454","zcta",2023,"transportation_state_rnk",59.4983
"75455","zcta",2023,"transportation_state_rnk",39.7689
"75457","zcta",2023,"transportation_state_rnk",34.6392
"75459","zcta",2023,"transportation_state_rnk",56.3416
"75460","zcta",2023,"transportation_state_rnk",56.3416
"75462","zcta",2023,"transportation_state_rnk",41.7418
"75468","zcta",2023,"transportation_state_rnk",53.9741
"75469","zcta",2023,"transportation_state_rnk",5.4397
"75470","zcta",2023,"transportation_state_rnk",68.0947
"75471","zcta",2023,"transportation_state_rnk",18.743
"75472","zcta",2023,"transportation_state_rnk",38.6415
"75473","zcta",2023,"transportation_state_rnk",16.3191
"75474","zcta",2023,"transportation_state_rnk",42.9256
"75475","zcta",2023,"transportation_state_rnk",2.4239
"75476","zcta",2023,"transportation_state_rnk",33.3145
"75477","zcta",2023,"transportation_state_rnk",58.1736
"75478","zcta",2023,"transportation_state_rnk",21.195
"75479","zcta",2023,"transportation_state_rnk",25.8174
"75480","zcta",2023,"transportation_state_rnk",55.1297
"75481","zcta",2023,"transportation_state_rnk",2.9312
"75482","zcta",2023,"transportation_state_rnk",36.4431
"75486","zcta",2023,"transportation_state_rnk",48.3935
"75487","zcta",2023,"transportation_state_rnk",14.938
"75488","zcta",2023,"transportation_state_rnk",29.2559
"75489","zcta",2023,"transportation_state_rnk",47.2379
"75490","zcta",2023,"transportation_state_rnk",39.2616
"75491","zcta",2023,"transportation_state_rnk",28.4104
"75492","zcta",2023,"transportation_state_rnk",36.1048
"75493","zcta",2023,"transportation_state_rnk",18.9966
"75494","zcta",2023,"transportation_state_rnk",45.4059
"75495","zcta",2023,"transportation_state_rnk",58.4273
"75496","zcta",2023,"transportation_state_rnk",63.416
"75497","zcta",2023,"transportation_state_rnk",29.0586
"75501","zcta",2023,"transportation_state_rnk",20.9414
"75503","zcta",2023,"transportation_state_rnk",28.9177
"75550","zcta",2023,"transportation_state_rnk",60.0056
"75551","zcta",2023,"transportation_state_rnk",19.1657
"75554","zcta",2023,"transportation_state_rnk",56.7644
"75555","zcta",2023,"transportation_state_rnk",4.5096
"75556","zcta",2023,"transportation_state_rnk",10.5411
"75558","zcta",2023,"transportation_state_rnk",36.4431
"75559","zcta",2023,"transportation_state_rnk",42.0237
"75560","zcta",2023,"transportation_state_rnk",40.9526
"75561","zcta",2023,"transportation_state_rnk",25.9583
"75562","zcta",2023,"transportation_state_rnk",NA
"75563","zcta",2023,"transportation_state_rnk",41.5445
"75564","zcta",2023,"transportation_state_rnk",NA
"75565","zcta",2023,"transportation_state_rnk",1.4656
"75566","zcta",2023,"transportation_state_rnk",60.4002
"75567","zcta",2023,"transportation_state_rnk",12.0349
"75568","zcta",2023,"transportation_state_rnk",52.4239
"75569","zcta",2023,"transportation_state_rnk",4.3405
"75570","zcta",2023,"transportation_state_rnk",66.9673
"75571","zcta",2023,"transportation_state_rnk",29.5378
"75572","zcta",2023,"transportation_state_rnk",9.6956
"75573","zcta",2023,"transportation_state_rnk",4.0586
"75574","zcta",2023,"transportation_state_rnk",48.0552
"75601","zcta",2023,"transportation_state_rnk",99.4927
"75602","zcta",2023,"transportation_state_rnk",99.9436
"75603","zcta",2023,"transportation_state_rnk",21.5051
"75604","zcta",2023,"transportation_state_rnk",99.4363
"75605","zcta",2023,"transportation_state_rnk",99.0417
"75630","zcta",2023,"transportation_state_rnk",26.6629
"75631","zcta",2023,"transportation_state_rnk",17.2773
"75633","zcta",2023,"transportation_state_rnk",12.9932
"75638","zcta",2023,"transportation_state_rnk",34.5265
"75639","zcta",2023,"transportation_state_rnk",19.3348
"75640","zcta",2023,"transportation_state_rnk",12.5986
"75641","zcta",2023,"transportation_state_rnk",NA
"75642","zcta",2023,"transportation_state_rnk",NA
"75643","zcta",2023,"transportation_state_rnk",20.3213
"75644","zcta",2023,"transportation_state_rnk",17.841
"75645","zcta",2023,"transportation_state_rnk",16.5163
"75647","zcta",2023,"transportation_state_rnk",99.549
"75650","zcta",2023,"transportation_state_rnk",37.8241
"75651","zcta",2023,"transportation_state_rnk",46.8715
"75652","zcta",2023,"transportation_state_rnk",19.3348
"75654","zcta",2023,"transportation_state_rnk",49.8873
"75656","zcta",2023,"transportation_state_rnk",6.5389
"75657","zcta",2023,"transportation_state_rnk",62.9087
"75658","zcta",2023,"transportation_state_rnk",NA
"75659","zcta",2023,"transportation_state_rnk",NA
"75661","zcta",2023,"transportation_state_rnk",21.8433
"75662","zcta",2023,"transportation_state_rnk",88.5569
"75667","zcta",2023,"transportation_state_rnk",34.1883
"75668","zcta",2023,"transportation_state_rnk",34.3574
"75669","zcta",2023,"transportation_state_rnk",18.5738
"75670","zcta",2023,"transportation_state_rnk",66.46
"75671","zcta",2023,"transportation_state_rnk",NA
"75672","zcta",2023,"transportation_state_rnk",66.4036
"75680","zcta",2023,"transportation_state_rnk",NA
"75681","zcta",2023,"transportation_state_rnk",33.9064
"75682","zcta",2023,"transportation_state_rnk",6.257
"75683","zcta",2023,"transportation_state_rnk",6.0316
"75684","zcta",2023,"transportation_state_rnk",61.8377
"75686","zcta",2023,"transportation_state_rnk",22.1251
"75687","zcta",2023,"transportation_state_rnk",NA
"75689","zcta",2023,"transportation_state_rnk",NA
"75691","zcta",2023,"transportation_state_rnk",14.8253
"75692","zcta",2023,"transportation_state_rnk",26.1556
"75693","zcta",2023,"transportation_state_rnk",99.8873
"75694","zcta",2023,"transportation_state_rnk",NA
"75701","zcta",2023,"transportation_state_rnk",97.9143
"75702","zcta",2023,"transportation_state_rnk",99.6618
"75703","zcta",2023,"transportation_state_rnk",97.2943
"75704","zcta",2023,"transportation_state_rnk",26.832
"75705","zcta",2023,"transportation_state_rnk",4.7914
"75706","zcta",2023,"transportation_state_rnk",52.0011
"75707","zcta",2023,"transportation_state_rnk",12.5986
"75708","zcta",2023,"transportation_state_rnk",98.5344
"75709","zcta",2023,"transportation_state_rnk",70.3495
"75711","zcta",2023,"transportation_state_rnk",NA
"75750","zcta",2023,"transportation_state_rnk",10.7948
"75751","zcta",2023,"transportation_state_rnk",54.5096
"75752","zcta",2023,"transportation_state_rnk",24.8591
"75754","zcta",2023,"transportation_state_rnk",50.6201
"75755","zcta",2023,"transportation_state_rnk",44.3348
"75756","zcta",2023,"transportation_state_rnk",17.1646
"75757","zcta",2023,"transportation_state_rnk",32.3563
"75758","zcta",2023,"transportation_state_rnk",22.9707
"75759","zcta",2023,"transportation_state_rnk",65.3608
"75760","zcta",2023,"transportation_state_rnk",11.2458
"75762","zcta",2023,"transportation_state_rnk",25.1127
"75763","zcta",2023,"transportation_state_rnk",64.5998
"75764","zcta",2023,"transportation_state_rnk",1.5502
"75765","zcta",2023,"transportation_state_rnk",41.7418
"75766","zcta",2023,"transportation_state_rnk",55.5524
"75770","zcta",2023,"transportation_state_rnk",13.8388
"75771","zcta",2023,"transportation_state_rnk",59.5829
"75773","zcta",2023,"transportation_state_rnk",52.5085
"75778","zcta",2023,"transportation_state_rnk",24.4927
"75779","zcta",2023,"transportation_state_rnk",NA
"75780","zcta",2023,"transportation_state_rnk",9.4138
"75782","zcta",2023,"transportation_state_rnk",NA
"75783","zcta",2023,"transportation_state_rnk",51.2965
"75784","zcta",2023,"transportation_state_rnk",11.4713
"75785","zcta",2023,"transportation_state_rnk",56.9335
"75788","zcta",2023,"transportation_state_rnk",NA
"75789","zcta",2023,"transportation_state_rnk",17.6719
"75790","zcta",2023,"transportation_state_rnk",49.69
"75791","zcta",2023,"transportation_state_rnk",22.1251
"75792","zcta",2023,"transportation_state_rnk",48.7599
"75801","zcta",2023,"transportation_state_rnk",24.2108
"75803","zcta",2023,"transportation_state_rnk",53.4667
"75831","zcta",2023,"transportation_state_rnk",25.3664
"75833","zcta",2023,"transportation_state_rnk",48.0552
"75835","zcta",2023,"transportation_state_rnk",25.4791
"75838","zcta",2023,"transportation_state_rnk",3.805
"75839","zcta",2023,"transportation_state_rnk",12.7959
"75840","zcta",2023,"transportation_state_rnk",13.726
"75844","zcta",2023,"transportation_state_rnk",28.664
"75845","zcta",2023,"transportation_state_rnk",19.5603
"75846","zcta",2023,"transportation_state_rnk",45.2931
"75847","zcta",2023,"transportation_state_rnk",29.0586
"75848","zcta",2023,"transportation_state_rnk",NA
"75849","zcta",2023,"transportation_state_rnk",NA
"75850","zcta",2023,"transportation_state_rnk",7.018
"75851","zcta",2023,"transportation_state_rnk",NA
"75852","zcta",2023,"transportation_state_rnk",NA
"75853","zcta",2023,"transportation_state_rnk",11.2458
"75855","zcta",2023,"transportation_state_rnk",45.2931
"75856","zcta",2023,"transportation_state_rnk",15.0507
"75858","zcta",2023,"transportation_state_rnk",NA
"75859","zcta",2023,"transportation_state_rnk",43.1511
"75860","zcta",2023,"transportation_state_rnk",5.8061
"75861","zcta",2023,"transportation_state_rnk",41.5445
"75862","zcta",2023,"transportation_state_rnk",19.5603
"75865","zcta",2023,"transportation_state_rnk",NA
"75884","zcta",2023,"transportation_state_rnk",NA
"75886","zcta",2023,"transportation_state_rnk",NA
"75901","zcta",2023,"transportation_state_rnk",63.5006
"75903","zcta",2023,"transportation_state_rnk",59.4983
"75904","zcta",2023,"transportation_state_rnk",45.0958
"75925","zcta",2023,"transportation_state_rnk",20.0676
"75926","zcta",2023,"transportation_state_rnk",10.0056
"75928","zcta",2023,"transportation_state_rnk",15.5299
"75929","zcta",2023,"transportation_state_rnk",10.5975
"75930","zcta",2023,"transportation_state_rnk",36.1048
"75931","zcta",2023,"transportation_state_rnk",54.7632
"75932","zcta",2023,"transportation_state_rnk",38.1623
"75933","zcta",2023,"transportation_state_rnk",9.2728
"75934","zcta",2023,"transportation_state_rnk",0
"75935","zcta",2023,"transportation_state_rnk",38.7824
"75936","zcta",2023,"transportation_state_rnk",26.6629
"75937","zcta",2023,"transportation_state_rnk",47.0124
"75938","zcta",2023,"transportation_state_rnk",8.4555
"75939","zcta",2023,"transportation_state_rnk",69.5039
"75941","zcta",2023,"transportation_state_rnk",26.4656
"75942","zcta",2023,"transportation_state_rnk",NA
"75943","zcta",2023,"transportation_state_rnk",49.0981
"75944","zcta",2023,"transportation_state_rnk",50.9019
"75946","zcta",2023,"transportation_state_rnk",44.3348
"75948","zcta",2023,"transportation_state_rnk",42.7847
"75949","zcta",2023,"transportation_state_rnk",17.0519
"75951","zcta",2023,"transportation_state_rnk",60.7666
"75954","zcta",2023,"transportation_state_rnk",22.8861
"75956","zcta",2023,"transportation_state_rnk",36.3303
"75959","zcta",2023,"transportation_state_rnk",28.4104
"75960","zcta",2023,"transportation_state_rnk",3.8895
"75961","zcta",2023,"transportation_state_rnk",45.0958
"75962","zcta",2023,"transportation_state_rnk",NA
"75964","zcta",2023,"transportation_state_rnk",60.7666
"75965","zcta",2023,"transportation_state_rnk",51.071
"75966","zcta",2023,"transportation_state_rnk",11.4713
"75968","zcta",2023,"transportation_state_rnk",18.9966
"75969","zcta",2023,"transportation_state_rnk",33.3145
"75972","zcta",2023,"transportation_state_rnk",56.5107
"75973","zcta",2023,"transportation_state_rnk",30.1297
"75974","zcta",2023,"transportation_state_rnk",48.5908
"75975","zcta",2023,"transportation_state_rnk",28.9177
"75976","zcta",2023,"transportation_state_rnk",8.7091
"75977","zcta",2023,"transportation_state_rnk",19.8422
"75979","zcta",2023,"transportation_state_rnk",49.69
"75980","zcta",2023,"transportation_state_rnk",21.3923
"76001","zcta",2023,"transportation_state_rnk",78.664
"76002","zcta",2023,"transportation_state_rnk",80.8343
"76005","zcta",2023,"transportation_state_rnk",53.5513
"76006","zcta",2023,"transportation_state_rnk",81.398
"76008","zcta",2023,"transportation_state_rnk",27.9876
"76009","zcta",2023,"transportation_state_rnk",28.2131
"76010","zcta",2023,"transportation_state_rnk",85.062
"76011","zcta",2023,"transportation_state_rnk",80.9188
"76012","zcta",2023,"transportation_state_rnk",86.6122
"76013","zcta",2023,"transportation_state_rnk",87.2322
"76014","zcta",2023,"transportation_state_rnk",87.7396
"76015","zcta",2023,"transportation_state_rnk",85.6539
"76016","zcta",2023,"transportation_state_rnk",78.1285
"76017","zcta",2023,"transportation_state_rnk",84.6674
"76018","zcta",2023,"transportation_state_rnk",83.4837
"76020","zcta",2023,"transportation_state_rnk",81.9899
"76021","zcta",2023,"transportation_state_rnk",80.7779
"76022","zcta",2023,"transportation_state_rnk",82.6663
"76023","zcta",2023,"transportation_state_rnk",52.903
"76028","zcta",2023,"transportation_state_rnk",77.283
"76031","zcta",2023,"transportation_state_rnk",13.3596
"76033","zcta",2023,"transportation_state_rnk",70.2931
"76034","zcta",2023,"transportation_state_rnk",82.6663
"76035","zcta",2023,"transportation_state_rnk",10.6821
"76036","zcta",2023,"transportation_state_rnk",77.283
"76039","zcta",2023,"transportation_state_rnk",84.4983
"76040","zcta",2023,"transportation_state_rnk",83.4273
"76041","zcta",2023,"transportation_state_rnk",8.0045
"76043","zcta",2023,"transportation_state_rnk",36.3303
"76044","zcta",2023,"transportation_state_rnk",14.1206
"76048","zcta",2023,"transportation_state_rnk",24.9154
"76049","zcta",2023,"transportation_state_rnk",27.593
"76050","zcta",2023,"transportation_state_rnk",9.6956
"76051","zcta",2023,"transportation_state_rnk",83.2582
"76052","zcta",2023,"transportation_state_rnk",88.9515
"76053","zcta",2023,"transportation_state_rnk",78.7486
"76054","zcta",2023,"transportation_state_rnk",81.6234
"76055","zcta",2023,"transportation_state_rnk",34.752
"76058","zcta",2023,"transportation_state_rnk",12.0349
"76059","zcta",2023,"transportation_state_rnk",26.1556
"76060","zcta",2023,"transportation_state_rnk",24.6054
"76061","zcta",2023,"transportation_state_rnk",NA
"76063","zcta",2023,"transportation_state_rnk",78.664
"76064","zcta",2023,"transportation_state_rnk",33.8219
"76065","zcta",2023,"transportation_state_rnk",79.566
"76066","zcta",2023,"transportation_state_rnk",11.7249
"76067","zcta",2023,"transportation_state_rnk",25.2537
"76070","zcta",2023,"transportation_state_rnk",60.2593
"76071","zcta",2023,"transportation_state_rnk",44.5321
"76073","zcta",2023,"transportation_state_rnk",29.2559
"76077","zcta",2023,"transportation_state_rnk",5.4397
"76078","zcta",2023,"transportation_state_rnk",41.9109
"76082","zcta",2023,"transportation_state_rnk",25.4791
"76084","zcta",2023,"transportation_state_rnk",25.6764
"76085","zcta",2023,"transportation_state_rnk",35.823
"76086","zcta",2023,"transportation_state_rnk",36.1048
"76087","zcta",2023,"transportation_state_rnk",27.8185
"76088","zcta",2023,"transportation_state_rnk",35.823
"76092","zcta",2023,"transportation_state_rnk",87.0913
"76093","zcta",2023,"transportation_state_rnk",9.0755
"76102","zcta",2023,"transportation_state_rnk",NA
"76103","zcta",2023,"transportation_state_rnk",85.6539
"76104","zcta",2023,"transportation_state_rnk",97.7452
"76105","zcta",2023,"transportation_state_rnk",86.3867
"76106","zcta",2023,"transportation_state_rnk",90.7554
"76107","zcta",2023,"transportation_state_rnk",88.2469
"76108","zcta",2023,"transportation_state_rnk",78.5795
"76109","zcta",2023,"transportation_state_rnk",80.7215
"76110","zcta",2023,"transportation_state_rnk",87.3732
"76111","zcta",2023,"transportation_state_rnk",86.8095
"76112","zcta",2023,"transportation_state_rnk",82.5817
"76114","zcta",2023,"transportation_state_rnk",85.372
"76115","zcta",2023,"transportation_state_rnk",82.469
"76116","zcta",2023,"transportation_state_rnk",89.2334
"76117","zcta",2023,"transportation_state_rnk",79.566
"76118","zcta",2023,"transportation_state_rnk",81.2852
"76119","zcta",2023,"transportation_state_rnk",91.5445
"76120","zcta",2023,"transportation_state_rnk",80.4397
"76123","zcta",2023,"transportation_state_rnk",82.8072
"76126","zcta",2023,"transportation_state_rnk",77.0011
"76127","zcta",2023,"transportation_state_rnk",NA
"76129","zcta",2023,"transportation_state_rnk",NA
"76131","zcta",2023,"transportation_state_rnk",81.0879
"76132","zcta",2023,"transportation_state_rnk",84.7802
"76133","zcta",2023,"transportation_state_rnk",82.9763
"76134","zcta",2023,"transportation_state_rnk",79.2841
"76135","zcta",2023,"transportation_state_rnk",81.9053
"76137","zcta",2023,"transportation_state_rnk",84.301
"76140","zcta",2023,"transportation_state_rnk",82.2999
"76148","zcta",2023,"transportation_state_rnk",80.3269
"76155","zcta",2023,"transportation_state_rnk",93.7993
"76164","zcta",2023,"transportation_state_rnk",84.4419
"76177","zcta",2023,"transportation_state_rnk",88.0214
"76179","zcta",2023,"transportation_state_rnk",79.4814
"76180","zcta",2023,"transportation_state_rnk",87.4295
"76182","zcta",2023,"transportation_state_rnk",79.425
"76201","zcta",2023,"transportation_state_rnk",86.6122
"76203","zcta",2023,"transportation_state_rnk",NA
"76205","zcta",2023,"transportation_state_rnk",73.5626
"76207","zcta",2023,"transportation_state_rnk",49.2672
"76208","zcta",2023,"transportation_state_rnk",72.2097
"76209","zcta",2023,"transportation_state_rnk",74.4081
"76210","zcta",2023,"transportation_state_rnk",72.097
"76225","zcta",2023,"transportation_state_rnk",37.0068
"76226","zcta",2023,"transportation_state_rnk",72.6607
"76227","zcta",2023,"transportation_state_rnk",85.7948
"76228","zcta",2023,"transportation_state_rnk",21.6742
"76230","zcta",2023,"transportation_state_rnk",40.0789
"76233","zcta",2023,"transportation_state_rnk",33.1736
"76234","zcta",2023,"transportation_state_rnk",21.195
"76238","zcta",2023,"transportation_state_rnk",5.5806
"76239","zcta",2023,"transportation_state_rnk",38.3878
"76240","zcta",2023,"transportation_state_rnk",56.7644
"76241","zcta",2023,"transportation_state_rnk",NA
"76244","zcta",2023,"transportation_state_rnk",83.1454
"76245","zcta",2023,"transportation_state_rnk",46.2514
"76247","zcta",2023,"transportation_state_rnk",50.9865
"76248","zcta",2023,"transportation_state_rnk",82.1026
"76249","zcta",2023,"transportation_state_rnk",63.7542
"76250","zcta",2023,"transportation_state_rnk",11.1612
"76251","zcta",2023,"transportation_state_rnk",14.4589
"76252","zcta",2023,"transportation_state_rnk",33.3145
"76253","zcta",2023,"transportation_state_rnk",0.7892
"76255","zcta",2023,"transportation_state_rnk",38.1623
"76258","zcta",2023,"transportation_state_rnk",48.8726
"76259","zcta",2023,"transportation_state_rnk",10.0902
"76261","zcta",2023,"transportation_state_rnk",61.4431
"76262","zcta",2023,"transportation_state_rnk",81.6798
"76263","zcta",2023,"transportation_state_rnk",NA
"76264","zcta",2023,"transportation_state_rnk",56.5107
"76265","zcta",2023,"transportation_state_rnk",20.3213
"76266","zcta",2023,"transportation_state_rnk",23.0834
"76267","zcta",2023,"transportation_state_rnk",NA
"76268","zcta",2023,"transportation_state_rnk",50.761
"76270","zcta",2023,"transportation_state_rnk",17.9538
"76271","zcta",2023,"transportation_state_rnk",37.5141
"76272","zcta",2023,"transportation_state_rnk",53.6922
"76273","zcta",2023,"transportation_state_rnk",64.1206
"76301","zcta",2023,"transportation_state_rnk",91.4882
"76302","zcta",2023,"transportation_state_rnk",95.1522
"76305","zcta",2023,"transportation_state_rnk",32.3563
"76306","zcta",2023,"transportation_state_rnk",95.0395
"76308","zcta",2023,"transportation_state_rnk",93.0383
"76309","zcta",2023,"transportation_state_rnk",90.699
"76310","zcta",2023,"transportation_state_rnk",92.1646
"76311","zcta",2023,"transportation_state_rnk",NA
"76351","zcta",2023,"transportation_state_rnk",62.7959
"76354","zcta",2023,"transportation_state_rnk",52.7057
"76357","zcta",2023,"transportation_state_rnk",8.0045
"76360","zcta",2023,"transportation_state_rnk",12.7959
"76363","zcta",2023,"transportation_state_rnk",65.8399
"76364","zcta",2023,"transportation_state_rnk",22.4352
"76365","zcta",2023,"transportation_state_rnk",43.1511
"76366","zcta",2023,"transportation_state_rnk",17.5028
"76367","zcta",2023,"transportation_state_rnk",17.6719
"76370","zcta",2023,"transportation_state_rnk",18.6584
"76371","zcta",2023,"transportation_state_rnk",21.6742
"76372","zcta",2023,"transportation_state_rnk",31.3698
"76373","zcta",2023,"transportation_state_rnk",0.7328
"76374","zcta",2023,"transportation_state_rnk",63.867
"76377","zcta",2023,"transportation_state_rnk",9.6956
"76379","zcta",2023,"transportation_state_rnk",10.6821
"76380","zcta",2023,"transportation_state_rnk",56.5107
"76384","zcta",2023,"transportation_state_rnk",56.7644
"76388","zcta",2023,"transportation_state_rnk",6.9335
"76389","zcta",2023,"transportation_state_rnk",23.2807
"76401","zcta",2023,"transportation_state_rnk",40.5299
"76402","zcta",2023,"transportation_state_rnk",NA
"76424","zcta",2023,"transportation_state_rnk",52.0011
"76426","zcta",2023,"transportation_state_rnk",16.6291
"76427","zcta",2023,"transportation_state_rnk",7.018
"76429","zcta",2023,"transportation_state_rnk",30.5524
"76430","zcta",2023,"transportation_state_rnk",71.195
"76431","zcta",2023,"transportation_state_rnk",47.0124
"76432","zcta",2023,"transportation_state_rnk",50.761
"76433","zcta",2023,"transportation_state_rnk",38.6415
"76435","zcta",2023,"transportation_state_rnk",35.2593
"76436","zcta",2023,"transportation_state_rnk",NA
"76437","zcta",2023,"transportation_state_rnk",64.4307
"76439","zcta",2023,"transportation_state_rnk",NA
"76442","zcta",2023,"transportation_state_rnk",64.8534
"76443","zcta",2023,"transportation_state_rnk",39.0924
"76444","zcta",2023,"transportation_state_rnk",23.8162
"76445","zcta",2023,"transportation_state_rnk",41.2345
"76446","zcta",2023,"transportation_state_rnk",54.9605
"76448","zcta",2023,"transportation_state_rnk",41.7418
"76449","zcta",2023,"transportation_state_rnk",12.3732
"76450","zcta",2023,"transportation_state_rnk",31.3698
"76452","zcta",2023,"transportation_state_rnk",44.5321
"76453","zcta",2023,"transportation_state_rnk",52.0011
"76454","zcta",2023,"transportation_state_rnk",16.8264
"76455","zcta",2023,"transportation_state_rnk",27.593
"76457","zcta",2023,"transportation_state_rnk",33.5118
"76458","zcta",2023,"transportation_state_rnk",26.6629
"76459","zcta",2023,"transportation_state_rnk",NA
"76460","zcta",2023,"transportation_state_rnk",3.0722
"76462","zcta",2023,"transportation_state_rnk",31.5953
"76463","zcta",2023,"transportation_state_rnk",51.4092
"76464","zcta",2023,"transportation_state_rnk",42.1364
"76466","zcta",2023,"transportation_state_rnk",70.2368
"76469","zcta",2023,"transportation_state_rnk",NA
"76470","zcta",2023,"transportation_state_rnk",62.5141
"76471","zcta",2023,"transportation_state_rnk",70.8005
"76472","zcta",2023,"transportation_state_rnk",61.0485
"76474","zcta",2023,"transportation_state_rnk",58.6809
"76475","zcta",2023,"transportation_state_rnk",50.5355
"76476","zcta",2023,"transportation_state_rnk",24.4927
"76481","zcta",2023,"transportation_state_rnk",15.5299
"76483","zcta",2023,"transportation_state_rnk",64.0361
"76484","zcta",2023,"transportation_state_rnk",24.9718
"76486","zcta",2023,"transportation_state_rnk",53.0722
"76487","zcta",2023,"transportation_state_rnk",19.9267
"76490","zcta",2023,"transportation_state_rnk",NA
"76491","zcta",2023,"transportation_state_rnk",18.1793
"76501","zcta",2023,"transportation_state_rnk",53.2131
"76502","zcta",2023,"transportation_state_rnk",36.2458
"76504","zcta",2023,"transportation_state_rnk",57.9481
"76511","zcta",2023,"transportation_state_rnk",28.2131
"76513","zcta",2023,"transportation_state_rnk",59.6956
"76518","zcta",2023,"transportation_state_rnk",13.5287
"76519","zcta",2023,"transportation_state_rnk",8.4555
"76520","zcta",2023,"transportation_state_rnk",40.7272
"76522","zcta",2023,"transportation_state_rnk",95.9977
"76523","zcta",2023,"transportation_state_rnk",3.7204
"76524","zcta",2023,"transportation_state_rnk",20.8286
"76525","zcta",2023,"transportation_state_rnk",46.7587
"76527","zcta",2023,"transportation_state_rnk",57.779
"76528","zcta",2023,"transportation_state_rnk",49.2672
"76530","zcta",2023,"transportation_state_rnk",13.8388
"76531","zcta",2023,"transportation_state_rnk",21.6742
"76534","zcta",2023,"transportation_state_rnk",15.2198
"76537","zcta",2023,"transportation_state_rnk",37.0068
"76538","zcta",2023,"transportation_state_rnk",40.5299
"76539","zcta",2023,"transportation_state_rnk",32.2435
"76541","zcta",2023,"transportation_state_rnk",97.5761
"76542","zcta",2023,"transportation_state_rnk",96.6178
"76543","zcta",2023,"transportation_state_rnk",97.2379
"76544","zcta",2023,"transportation_state_rnk",NA
"76548","zcta",2023,"transportation_state_rnk",96.6742
"76549","zcta",2023,"transportation_state_rnk",96.7306
"76550","zcta",2023,"transportation_state_rnk",31.5953
"76554","zcta",2023,"transportation_state_rnk",21.195
"76556","zcta",2023,"transportation_state_rnk",23.2807
"76557","zcta",2023,"transportation_state_rnk",17.3619
"76559","zcta",2023,"transportation_state_rnk",55.4115
"76561","zcta",2023,"transportation_state_rnk",30.5524
"76565","zcta",2023,"transportation_state_rnk",NA
"76566","zcta",2023,"transportation_state_rnk",50.9865
"76567","zcta",2023,"transportation_state_rnk",65.2762
"76569","zcta",2023,"transportation_state_rnk",27.0575
"76570","zcta",2023,"transportation_state_rnk",64.487
"76571","zcta",2023,"transportation_state_rnk",36.7531
"76573","zcta",2023,"transportation_state_rnk",NA
"76574","zcta",2023,"transportation_state_rnk",35.2593
"76577","zcta",2023,"transportation_state_rnk",21.6742
"76578","zcta",2023,"transportation_state_rnk",18.743
"76579","zcta",2023,"transportation_state_rnk",12.2041
"76596","zcta",2023,"transportation_state_rnk",NA
"76597","zcta",2023,"transportation_state_rnk",NA
"76598","zcta",2023,"transportation_state_rnk",NA
"76599","zcta",2023,"transportation_state_rnk",NA
"76621","zcta",2023,"transportation_state_rnk",10.9921
"76622","zcta",2023,"transportation_state_rnk",29.2559
"76623","zcta",2023,"transportation_state_rnk",0.5073
"76624","zcta",2023,"transportation_state_rnk",4.6505
"76626","zcta",2023,"transportation_state_rnk",34.6392
"76627","zcta",2023,"transportation_state_rnk",40.9526
"76628","zcta",2023,"transportation_state_rnk",NA
"76629","zcta",2023,"transportation_state_rnk",39.4589
"76630","zcta",2023,"transportation_state_rnk",8.23
"76631","zcta",2023,"transportation_state_rnk",32.1308
"76632","zcta",2023,"transportation_state_rnk",13.9233
"76633","zcta",2023,"transportation_state_rnk",15.5299
"76634","zcta",2023,"transportation_state_rnk",25.9583
"76635","zcta",2023,"transportation_state_rnk",15.0507
"76636","zcta",2023,"transportation_state_rnk",23.0834
"76637","zcta",2023,"transportation_state_rnk",14.8816
"76638","zcta",2023,"transportation_state_rnk",16.7136
"76639","zcta",2023,"transportation_state_rnk",40.3326
"76640","zcta",2023,"transportation_state_rnk",11.8377
"76641","zcta",2023,"transportation_state_rnk",14.0361
"76642","zcta",2023,"transportation_state_rnk",27.0575
"76643","zcta",2023,"transportation_state_rnk",94.7012
"76645","zcta",2023,"transportation_state_rnk",37.5141
"76648","zcta",2023,"transportation_state_rnk",52.0011
"76649","zcta",2023,"transportation_state_rnk",17.5028
"76650","zcta",2023,"transportation_state_rnk",NA
"76651","zcta",2023,"transportation_state_rnk",24.2108
"76652","zcta",2023,"transportation_state_rnk",6.3698
"76653","zcta",2023,"transportation_state_rnk",34.752
"76654","zcta",2023,"transportation_state_rnk",6.6516
"76655","zcta",2023,"transportation_state_rnk",29.5378
"76656","zcta",2023,"transportation_state_rnk",69.1094
"76657","zcta",2023,"transportation_state_rnk",43.8557
"76660","zcta",2023,"transportation_state_rnk",8.1736
"76661","zcta",2023,"transportation_state_rnk",65.9808
"76664","zcta",2023,"transportation_state_rnk",23.5062
"76665","zcta",2023,"transportation_state_rnk",17.841
"76666","zcta",2023,"transportation_state_rnk",38.7824
"76667","zcta",2023,"transportation_state_rnk",18.1793
"76670","zcta",2023,"transportation_state_rnk",53.0722
"76671","zcta",2023,"transportation_state_rnk",17.4183
"76673","zcta",2023,"transportation_state_rnk",30.1297
"76676","zcta",2023,"transportation_state_rnk",12.7959
"76678","zcta",2023,"transportation_state_rnk",1.5502
"76679","zcta",2023,"transportation_state_rnk",54.5096
"76680","zcta",2023,"transportation_state_rnk",NA
"76681","zcta",2023,"transportation_state_rnk",24.4081
"76682","zcta",2023,"transportation_state_rnk",34.5265
"76685","zcta",2023,"transportation_state_rnk",NA
"76686","zcta",2023,"transportation_state_rnk",42.9256
"76687","zcta",2023,"transportation_state_rnk",13.6133
"76689","zcta",2023,"transportation_state_rnk",44.1375
"76690","zcta",2023,"transportation_state_rnk",17.1646
"76691","zcta",2023,"transportation_state_rnk",62.5705
"76692","zcta",2023,"transportation_state_rnk",36.7531
"76693","zcta",2023,"transportation_state_rnk",7.3281
"76701","zcta",2023,"transportation_state_rnk",66.5163
"76704","zcta",2023,"transportation_state_rnk",97.4634
"76705","zcta",2023,"transportation_state_rnk",95.3213
"76706","zcta",2023,"transportation_state_rnk",97.6888
"76707","zcta",2023,"transportation_state_rnk",96.336
"76708","zcta",2023,"transportation_state_rnk",95.434
"76710","zcta",2023,"transportation_state_rnk",95.885
"76711","zcta",2023,"transportation_state_rnk",93.9121
"76712","zcta",2023,"transportation_state_rnk",94.1375
"76798","zcta",2023,"transportation_state_rnk",NA
"76801","zcta",2023,"transportation_state_rnk",30.0169
"76802","zcta",2023,"transportation_state_rnk",24.2108
"76820","zcta",2023,"transportation_state_rnk",1.0147
"76821","zcta",2023,"transportation_state_rnk",63.5006
"76823","zcta",2023,"transportation_state_rnk",23.9853
"76824","zcta",2023,"transportation_state_rnk",NA
"76825","zcta",2023,"transportation_state_rnk",42.7001
"76827","zcta",2023,"transportation_state_rnk",22.6607
"76828","zcta",2023,"transportation_state_rnk",1.8038
"76831","zcta",2023,"transportation_state_rnk",NA
"76832","zcta",2023,"transportation_state_rnk",23.9853
"76834","zcta",2023,"transportation_state_rnk",66.2909
"76836","zcta",2023,"transportation_state_rnk",NA
"76837","zcta",2023,"transportation_state_rnk",NA
"76841","zcta",2023,"transportation_state_rnk",8.4555
"76842","zcta",2023,"transportation_state_rnk",66.9109
"76844","zcta",2023,"transportation_state_rnk",22.6607
"76845","zcta",2023,"transportation_state_rnk",27.593
"76848","zcta",2023,"transportation_state_rnk",NA
"76849","zcta",2023,"transportation_state_rnk",34.0474
"76852","zcta",2023,"transportation_state_rnk",44.5321
"76853","zcta",2023,"transportation_state_rnk",57.6381
"76854","zcta",2023,"transportation_state_rnk",4.115
"76856","zcta",2023,"transportation_state_rnk",38.9515
"76857","zcta",2023,"transportation_state_rnk",52.6212
"76858","zcta",2023,"transportation_state_rnk",41.7418
"76859","zcta",2023,"transportation_state_rnk",55.0733
"76861","zcta",2023,"transportation_state_rnk",29.7914
"76862","zcta",2023,"transportation_state_rnk",2.8467
"76864","zcta",2023,"transportation_state_rnk",58.5964
"76865","zcta",2023,"transportation_state_rnk",63.3315
"76866","zcta",2023,"transportation_state_rnk",15.5299
"76869","zcta",2023,"transportation_state_rnk",NA
"76870","zcta",2023,"transportation_state_rnk",NA
"76871","zcta",2023,"transportation_state_rnk",52.283
"76872","zcta",2023,"transportation_state_rnk",45.8568
"76873","zcta",2023,"transportation_state_rnk",NA
"76874","zcta",2023,"transportation_state_rnk",NA
"76875","zcta",2023,"transportation_state_rnk",18.4893
"76877","zcta",2023,"transportation_state_rnk",24.6054
"76878","zcta",2023,"transportation_state_rnk",62.655
"76880","zcta",2023,"transportation_state_rnk",NA
"76882","zcta",2023,"transportation_state_rnk",29.9042
"76884","zcta",2023,"transportation_state_rnk",NA
"76885","zcta",2023,"transportation_state_rnk",NA
"76887","zcta",2023,"transportation_state_rnk",NA
"76888","zcta",2023,"transportation_state_rnk",1.1838
"76890","zcta",2023,"transportation_state_rnk",16.5163
"76901","zcta",2023,"transportation_state_rnk",95.434
"76902","zcta",2023,"transportation_state_rnk",NA
"76903","zcta",2023,"transportation_state_rnk",95.7159
"76904","zcta",2023,"transportation_state_rnk",96.3923
"76905","zcta",2023,"transportation_state_rnk",41.2345
"76908","zcta",2023,"transportation_state_rnk",NA
"76909","zcta",2023,"transportation_state_rnk",NA
"76930","zcta",2023,"transportation_state_rnk",69.8422
"76932","zcta",2023,"transportation_state_rnk",70.124
"76933","zcta",2023,"transportation_state_rnk",30.2142
"76934","zcta",2023,"transportation_state_rnk",NA
"76935","zcta",2023,"transportation_state_rnk",23.2807
"76936","zcta",2023,"transportation_state_rnk",64.2052
"76937","zcta",2023,"transportation_state_rnk",2.3675
"76939","zcta",2023,"transportation_state_rnk",NA
"76940","zcta",2023,"transportation_state_rnk",NA
"76941","zcta",2023,"transportation_state_rnk",16.2063
"76943","zcta",2023,"transportation_state_rnk",67.7001
"76945","zcta",2023,"transportation_state_rnk",71.3078
"76950","zcta",2023,"transportation_state_rnk",50.1973
"76951","zcta",2023,"transportation_state_rnk",22.2661
"76953","zcta",2023,"transportation_state_rnk",NA
"76955","zcta",2023,"transportation_state_rnk",39.628
"76957","zcta",2023,"transportation_state_rnk",0.3946
"76958","zcta",2023,"transportation_state_rnk",33.5118
"77002","zcta",2023,"transportation_state_rnk",NA
"77003","zcta",2023,"transportation_state_rnk",63.9797
"77004","zcta",2023,"transportation_state_rnk",93.6866
"77005","zcta",2023,"transportation_state_rnk",78.4386
"77006","zcta",2023,"transportation_state_rnk",96.2232
"77007","zcta",2023,"transportation_state_rnk",77.9594
"77008","zcta",2023,"transportation_state_rnk",82.4126
"77009","zcta",2023,"transportation_state_rnk",94.0248
"77010","zcta",2023,"transportation_state_rnk",70.9696
"77011","zcta",2023,"transportation_state_rnk",86.9786
"77012","zcta",2023,"transportation_state_rnk",85.1184
"77013","zcta",2023,"transportation_state_rnk",76.0992
"77014","zcta",2023,"transportation_state_rnk",76.4374
"77015","zcta",2023,"transportation_state_rnk",79.3687
"77016","zcta",2023,"transportation_state_rnk",86.8658
"77017","zcta",2023,"transportation_state_rnk",77.283
"77018","zcta",2023,"transportation_state_rnk",85.1747
"77019","zcta",2023,"transportation_state_rnk",83.7937
"77020","zcta",2023,"transportation_state_rnk",91.77
"77021","zcta",2023,"transportation_state_rnk",98.2525
"77022","zcta",2023,"transportation_state_rnk",83.8782
"77023","zcta",2023,"transportation_state_rnk",88.2469
"77024","zcta",2023,"transportation_state_rnk",77.5366
"77025","zcta",2023,"transportation_state_rnk",91.6009
"77026","zcta",2023,"transportation_state_rnk",92.4746
"77027","zcta",2023,"transportation_state_rnk",75.7046
"77028","zcta",2023,"transportation_state_rnk",85.7384
"77029","zcta",2023,"transportation_state_rnk",74.6336
"77030","zcta",2023,"transportation_state_rnk",96.4487
"77031","zcta",2023,"transportation_state_rnk",90.0789
"77032","zcta",2023,"transportation_state_rnk",75.3664
"77033","zcta",2023,"transportation_state_rnk",91.9391
"77034","zcta",2023,"transportation_state_rnk",80.5806
"77035","zcta",2023,"transportation_state_rnk",88.867
"77036","zcta",2023,"transportation_state_rnk",99.8309
"77037","zcta",2023,"transportation_state_rnk",90.5017
"77038","zcta",2023,"transportation_state_rnk",76.6347
"77039","zcta",2023,"transportation_state_rnk",76.3247
"77040","zcta",2023,"transportation_state_rnk",84.301
"77041","zcta",2023,"transportation_state_rnk",82.3563
"77042","zcta",2023,"transportation_state_rnk",92.9538
"77043","zcta",2023,"transportation_state_rnk",77.4239
"77044","zcta",2023,"transportation_state_rnk",74.3517
"77045","zcta",2023,"transportation_state_rnk",78.805
"77046","zcta",2023,"transportation_state_rnk",68.2356
"77047","zcta",2023,"transportation_state_rnk",78.354
"77048","zcta",2023,"transportation_state_rnk",82.5254
"77049","zcta",2023,"transportation_state_rnk",75.0846
"77050","zcta",2023,"transportation_state_rnk",12.1195
"77051","zcta",2023,"transportation_state_rnk",89.8253
"77053","zcta",2023,"transportation_state_rnk",77.7903
"77054","zcta",2023,"transportation_state_rnk",97.3506
"77055","zcta",2023,"transportation_state_rnk",81.2289
"77056","zcta",2023,"transportation_state_rnk",85.2311
"77057","zcta",2023,"transportation_state_rnk",97.0124
"77058","zcta",2023,"transportation_state_rnk",74.9718
"77059","zcta",2023,"transportation_state_rnk",72.9707
"77060","zcta",2023,"transportation_state_rnk",91.2063
"77061","zcta",2023,"transportation_state_rnk",91.2627
"77062","zcta",2023,"transportation_state_rnk",78.0158
"77063","zcta",2023,"transportation_state_rnk",92.8974
"77064","zcta",2023,"transportation_state_rnk",76.522
"77065","zcta",2023,"transportation_state_rnk",76.1556
"77066","zcta",2023,"transportation_state_rnk",74.7182
"77067","zcta",2023,"transportation_state_rnk",84.5547
"77068","zcta",2023,"transportation_state_rnk",73.2244
"77069","zcta",2023,"transportation_state_rnk",88.0214
"77070","zcta",2023,"transportation_state_rnk",77.6212
"77071","zcta",2023,"transportation_state_rnk",83.6809
"77072","zcta",2023,"transportation_state_rnk",95.6032
"77073","zcta",2023,"transportation_state_rnk",90.8117
"77074","zcta",2023,"transportation_state_rnk",97.9707
"77075","zcta",2023,"transportation_state_rnk",75.4228
"77076","zcta",2023,"transportation_state_rnk",84.1037
"77077","zcta",2023,"transportation_state_rnk",91.8828
"77078","zcta",2023,"transportation_state_rnk",78.0722
"77079","zcta",2023,"transportation_state_rnk",76.3811
"77080","zcta",2023,"transportation_state_rnk",82.1871
"77081","zcta",2023,"transportation_state_rnk",98.8162
"77082","zcta",2023,"transportation_state_rnk",88.6697
"77083","zcta",2023,"transportation_state_rnk",85.4566
"77084","zcta",2023,"transportation_state_rnk",78.8895
"77085","zcta",2023,"transportation_state_rnk",77.0575
"77086","zcta",2023,"transportation_state_rnk",78.8895
"77087","zcta",2023,"transportation_state_rnk",81.8207
"77088","zcta",2023,"transportation_state_rnk",79.2841
"77089","zcta",2023,"transportation_state_rnk",76.9448
"77090","zcta",2023,"transportation_state_rnk",83.9346
"77091","zcta",2023,"transportation_state_rnk",85.2875
"77092","zcta",2023,"transportation_state_rnk",79.8478
"77093","zcta",2023,"transportation_state_rnk",87.7396
"77094","zcta",2023,"transportation_state_rnk",62.1759
"77095","zcta",2023,"transportation_state_rnk",77.4239
"77096","zcta",2023,"transportation_state_rnk",89.7407
"77098","zcta",2023,"transportation_state_rnk",75.9865
"77099","zcta",2023,"transportation_state_rnk",83.3709
"77204","zcta",2023,"transportation_state_rnk",NA
"77301","zcta",2023,"transportation_state_rnk",69.6167
"77302","zcta",2023,"transportation_state_rnk",46.5896
"77303","zcta",2023,"transportation_state_rnk",26.832
"77304","zcta",2023,"transportation_state_rnk",68.1511
"77306","zcta",2023,"transportation_state_rnk",41.2345
"77316","zcta",2023,"transportation_state_rnk",51.522
"77318","zcta",2023,"transportation_state_rnk",27.0575
"77320","zcta",2023,"transportation_state_rnk",32.5536
"77326","zcta",2023,"transportation_state_rnk",0.2818
"77327","zcta",2023,"transportation_state_rnk",30.3551
"77328","zcta",2023,"transportation_state_rnk",30.8343
"77331","zcta",2023,"transportation_state_rnk",44.3348
"77334","zcta",2023,"transportation_state_rnk",0.6201
"77335","zcta",2023,"transportation_state_rnk",30.9188
"77336","zcta",2023,"transportation_state_rnk",72.1533
"77338","zcta",2023,"transportation_state_rnk",77.1702
"77339","zcta",2023,"transportation_state_rnk",75.761
"77340","zcta",2023,"transportation_state_rnk",53.3258
"77341","zcta",2023,"transportation_state_rnk",NA
"77342","zcta",2023,"transportation_state_rnk",NA
"77345","zcta",2023,"transportation_state_rnk",76.522
"77346","zcta",2023,"transportation_state_rnk",74.8873
"77350","zcta",2023,"transportation_state_rnk",2.4803
"77351","zcta",2023,"transportation_state_rnk",61.6685
"77354","zcta",2023,"transportation_state_rnk",68.5457
"77355","zcta",2023,"transportation_state_rnk",76.7193
"77356","zcta",2023,"transportation_state_rnk",69.5039
"77357","zcta",2023,"transportation_state_rnk",87.2322
"77358","zcta",2023,"transportation_state_rnk",12.3732
"77359","zcta",2023,"transportation_state_rnk",20.0676
"77360","zcta",2023,"transportation_state_rnk",47.7734
"77362","zcta",2023,"transportation_state_rnk",62.9932
"77363","zcta",2023,"transportation_state_rnk",19.7294
"77364","zcta",2023,"transportation_state_rnk",12.2041
"77365","zcta",2023,"transportation_state_rnk",75.0846
"77367","zcta",2023,"transportation_state_rnk",9.8647
"77368","zcta",2023,"transportation_state_rnk",NA
"77369","zcta",2023,"transportation_state_rnk",13.6133
"77371","zcta",2023,"transportation_state_rnk",22.1251
"77372","zcta",2023,"transportation_state_rnk",72.717
"77373","zcta",2023,"transportation_state_rnk",75.0846
"77374","zcta",2023,"transportation_state_rnk",46.2514
"77375","zcta",2023,"transportation_state_rnk",73.9008
"77376","zcta",2023,"transportation_state_rnk",66.1781
"77377","zcta",2023,"transportation_state_rnk",41.2345
"77378","zcta",2023,"transportation_state_rnk",49.8873
"77379","zcta",2023,"transportation_state_rnk",75.5919
"77380","zcta",2023,"transportation_state_rnk",68.8275
"77381","zcta",2023,"transportation_state_rnk",68.8839
"77382","zcta",2023,"transportation_state_rnk",68.602
"77384","zcta",2023,"transportation_state_rnk",68.2356
"77385","zcta",2023,"transportation_state_rnk",67.5874
"77386","zcta",2023,"transportation_state_rnk",68.0101
"77388","zcta",2023,"transportation_state_rnk",73.9572
"77389","zcta",2023,"transportation_state_rnk",76.8884
"77396","zcta",2023,"transportation_state_rnk",73.8444
"77401","zcta",2023,"transportation_state_rnk",74.1263
"77406","zcta",2023,"transportation_state_rnk",74.8027
"77407","zcta",2023,"transportation_state_rnk",76.832
"77412","zcta",2023,"transportation_state_rnk",NA
"77414","zcta",2023,"transportation_state_rnk",26.2965
"77415","zcta",2023,"transportation_state_rnk",0.451
"77417","zcta",2023,"transportation_state_rnk",8.7091
"77418","zcta",2023,"transportation_state_rnk",26.2965
"77419","zcta",2023,"transportation_state_rnk",5.1578
"77420","zcta",2023,"transportation_state_rnk",35.2593
"77422","zcta",2023,"transportation_state_rnk",20.9414
"77423","zcta",2023,"transportation_state_rnk",27.0575
"77426","zcta",2023,"transportation_state_rnk",12.3732
"77428","zcta",2023,"transportation_state_rnk",0.1691
"77429","zcta",2023,"transportation_state_rnk",77.8467
"77430","zcta",2023,"transportation_state_rnk",58.23
"77431","zcta",2023,"transportation_state_rnk",69.1094
"77432","zcta",2023,"transportation_state_rnk",NA
"77433","zcta",2023,"transportation_state_rnk",80.1015
"77434","zcta",2023,"transportation_state_rnk",67.3619
"77435","zcta",2023,"transportation_state_rnk",37.5141
"77436","zcta",2023,"transportation_state_rnk",NA
"77437","zcta",2023,"transportation_state_rnk",26.832
"77440","zcta",2023,"transportation_state_rnk",3.1849
"77441","zcta",2023,"transportation_state_rnk",50.5355
"77442","zcta",2023,"transportation_state_rnk",4.425
"77443","zcta",2023,"transportation_state_rnk",0.2255
"77444","zcta",2023,"transportation_state_rnk",8.4555
"77445","zcta",2023,"transportation_state_rnk",16.009
"77446","zcta",2023,"transportation_state_rnk",NA
"77447","zcta",2023,"transportation_state_rnk",42.9256
"77448","zcta",2023,"transportation_state_rnk",NA
"77449","zcta",2023,"transportation_state_rnk",80.4961
"77450","zcta",2023,"transportation_state_rnk",77.1139
"77451","zcta",2023,"transportation_state_rnk",35.062
"77453","zcta",2023,"transportation_state_rnk",NA
"77454","zcta",2023,"transportation_state_rnk",64.1206
"77455","zcta",2023,"transportation_state_rnk",18.5738
"77456","zcta",2023,"transportation_state_rnk",30.3551
"77457","zcta",2023,"transportation_state_rnk",56.5107
"77458","zcta",2023,"transportation_state_rnk",NA
"77459","zcta",2023,"transportation_state_rnk",75.5355
"77460","zcta",2023,"transportation_state_rnk",NA
"77461","zcta",2023,"transportation_state_rnk",39.7689
"77464","zcta",2023,"transportation_state_rnk",6.3134
"77465","zcta",2023,"transportation_state_rnk",64.8534
"77466","zcta",2023,"transportation_state_rnk",22.8016
"77467","zcta",2023,"transportation_state_rnk",NA
"77468","zcta",2023,"transportation_state_rnk",NA
"77469","zcta",2023,"transportation_state_rnk",73.168
"77470","zcta",2023,"transportation_state_rnk",1.9166
"77471","zcta",2023,"transportation_state_rnk",73.478
"77473","zcta",2023,"transportation_state_rnk",NA
"77474","zcta",2023,"transportation_state_rnk",51.6065
"77475","zcta",2023,"transportation_state_rnk",47.7734
"77476","zcta",2023,"transportation_state_rnk",15.7554
"77477","zcta",2023,"transportation_state_rnk",74.239
"77478","zcta",2023,"transportation_state_rnk",74.4927
"77479","zcta",2023,"transportation_state_rnk",80.2142
"77480","zcta",2023,"transportation_state_rnk",21.8433
"77481","zcta",2023,"transportation_state_rnk",0.0564
"77482","zcta",2023,"transportation_state_rnk",6.8207
"77483","zcta",2023,"transportation_state_rnk",3.1849
"77484","zcta",2023,"transportation_state_rnk",30.3551
"77485","zcta",2023,"transportation_state_rnk",10.1747
"77486","zcta",2023,"transportation_state_rnk",31.5953
"77488","zcta",2023,"transportation_state_rnk",49.8873
"77489","zcta",2023,"transportation_state_rnk",73.7317
"77493","zcta",2023,"transportation_state_rnk",87.8805
"77494","zcta",2023,"transportation_state_rnk",91.0372
"77498","zcta",2023,"transportation_state_rnk",73.3935
"77502","zcta",2023,"transportation_state_rnk",72.8861
"77503","zcta",2023,"transportation_state_rnk",73.3371
"77504","zcta",2023,"transportation_state_rnk",80.1578
"77505","zcta",2023,"transportation_state_rnk",73.478
"77506","zcta",2023,"transportation_state_rnk",74.1826
"77507","zcta",2023,"transportation_state_rnk",7.6381
"77510","zcta",2023,"transportation_state_rnk",71.3641
"77511","zcta",2023,"transportation_state_rnk",71.9278
"77514","zcta",2023,"transportation_state_rnk",5.9188
"77515","zcta",2023,"transportation_state_rnk",45.0958
"77517","zcta",2023,"transportation_state_rnk",21.956
"77518","zcta",2023,"transportation_state_rnk",72.9707
"77519","zcta",2023,"transportation_state_rnk",2.1984
"77520","zcta",2023,"transportation_state_rnk",73.2807
"77521","zcta",2023,"transportation_state_rnk",75.9301
"77523","zcta",2023,"transportation_state_rnk",26.4656
"77530","zcta",2023,"transportation_state_rnk",93.1229
"77531","zcta",2023,"transportation_state_rnk",39.4589
"77532","zcta",2023,"transportation_state_rnk",74.8873
"77533","zcta",2023,"transportation_state_rnk",7.8918
"77534","zcta",2023,"transportation_state_rnk",16.9391
"77535","zcta",2023,"transportation_state_rnk",47.3224
"77536","zcta",2023,"transportation_state_rnk",72.6043
"77538","zcta",2023,"transportation_state_rnk",30.9188
"77539","zcta",2023,"transportation_state_rnk",75.31
"77541","zcta",2023,"transportation_state_rnk",42.531
"77545","zcta",2023,"transportation_state_rnk",72.3224
"77546","zcta",2023,"transportation_state_rnk",74.0699
"77547","zcta",2023,"transportation_state_rnk",76.6347
"77550","zcta",2023,"transportation_state_rnk",90.3044
"77551","zcta",2023,"transportation_state_rnk",76.212
"77554","zcta",2023,"transportation_state_rnk",48.5908
"77555","zcta",2023,"transportation_state_rnk",NA
"77560","zcta",2023,"transportation_state_rnk",19.4476
"77561","zcta",2023,"transportation_state_rnk",NA
"77562","zcta",2023,"transportation_state_rnk",73.788
"77563","zcta",2023,"transportation_state_rnk",16.009
"77564","zcta",2023,"transportation_state_rnk",7.4972
"77565","zcta",2023,"transportation_state_rnk",33.7373
"77566","zcta",2023,"transportation_state_rnk",16.8264
"77568","zcta",2023,"transportation_state_rnk",71.1387
"77571","zcta",2023,"transportation_state_rnk",72.7734
"77573","zcta",2023,"transportation_state_rnk",75.2255
"77575","zcta",2023,"transportation_state_rnk",65.4453
"77577","zcta",2023,"transportation_state_rnk",33.5118
"77578","zcta",2023,"transportation_state_rnk",73.0552
"77580","zcta",2023,"transportation_state_rnk",NA
"77581","zcta",2023,"transportation_state_rnk",75.4791
"77582","zcta",2023,"transportation_state_rnk",2.8467
"77583","zcta",2023,"transportation_state_rnk",72.5479
"77584","zcta",2023,"transportation_state_rnk",72.4352
"77585","zcta",2023,"transportation_state_rnk",15.8399
"77586","zcta",2023,"transportation_state_rnk",72.8298
"77587","zcta",2023,"transportation_state_rnk",74.5772
"77590","zcta",2023,"transportation_state_rnk",71.4769
"77591","zcta",2023,"transportation_state_rnk",75.2255
"77597","zcta",2023,"transportation_state_rnk",57.779
"77598","zcta",2023,"transportation_state_rnk",73.1116
"77611","zcta",2023,"transportation_state_rnk",90.1917
"77612","zcta",2023,"transportation_state_rnk",12.9932
"77613","zcta",2023,"transportation_state_rnk",3.5513
"77614","zcta",2023,"transportation_state_rnk",3.9459
"77615","zcta",2023,"transportation_state_rnk",21.195
"77616","zcta",2023,"transportation_state_rnk",66.0654
"77617","zcta",2023,"transportation_state_rnk",NA
"77619","zcta",2023,"transportation_state_rnk",92.7565
"77622","zcta",2023,"transportation_state_rnk",13.9797
"77623","zcta",2023,"transportation_state_rnk",28.4104
"77624","zcta",2023,"transportation_state_rnk",9.5547
"77625","zcta",2023,"transportation_state_rnk",54.7632
"77627","zcta",2023,"transportation_state_rnk",96.5051
"77629","zcta",2023,"transportation_state_rnk",5.0169
"77630","zcta",2023,"transportation_state_rnk",98.1962
"77632","zcta",2023,"transportation_state_rnk",90.9808
"77640","zcta",2023,"transportation_state_rnk",92.1082
"77642","zcta",2023,"transportation_state_rnk",93.3484
"77650","zcta",2023,"transportation_state_rnk",37.5141
"77651","zcta",2023,"transportation_state_rnk",92.841
"77655","zcta",2023,"transportation_state_rnk",65.1353
"77656","zcta",2023,"transportation_state_rnk",36.1048
"77657","zcta",2023,"transportation_state_rnk",11.4713
"77659","zcta",2023,"transportation_state_rnk",14.7407
"77660","zcta",2023,"transportation_state_rnk",20.7441
"77661","zcta",2023,"transportation_state_rnk",1.1274
"77662","zcta",2023,"transportation_state_rnk",48.3935
"77663","zcta",2023,"transportation_state_rnk",6.1443
"77664","zcta",2023,"transportation_state_rnk",29.7069
"77665","zcta",2023,"transportation_state_rnk",62.8523
"77701","zcta",2023,"transportation_state_rnk",37.5141
"77702","zcta",2023,"transportation_state_rnk",31.3698
"77703","zcta",2023,"transportation_state_rnk",31.8771
"77705","zcta",2023,"transportation_state_rnk",93.0383
"77706","zcta",2023,"transportation_state_rnk",11.9222
"77707","zcta",2023,"transportation_state_rnk",45.8568
"77708","zcta",2023,"transportation_state_rnk",16.009
"77713","zcta",2023,"transportation_state_rnk",8.0045
"77801","zcta",2023,"transportation_state_rnk",97.0688
"77802","zcta",2023,"transportation_state_rnk",94.2503
"77803","zcta",2023,"transportation_state_rnk",91.7136
"77807","zcta",2023,"transportation_state_rnk",27.2266
"77808","zcta",2023,"transportation_state_rnk",27.9876
"77830","zcta",2023,"transportation_state_rnk",18.8557
"77831","zcta",2023,"transportation_state_rnk",52.1702
"77833","zcta",2023,"transportation_state_rnk",46.0259
"77835","zcta",2023,"transportation_state_rnk",48.8726
"77836","zcta",2023,"transportation_state_rnk",37.5141
"77837","zcta",2023,"transportation_state_rnk",43.602
"77840","zcta",2023,"transportation_state_rnk",98.478
"77843","zcta",2023,"transportation_state_rnk",NA
"77845","zcta",2023,"transportation_state_rnk",92.2773
"77852","zcta",2023,"transportation_state_rnk",NA
"77853","zcta",2023,"transportation_state_rnk",59.6392
"77855","zcta",2023,"transportation_state_rnk",1.4092
"77856","zcta",2023,"transportation_state_rnk",27.3112
"77857","zcta",2023,"transportation_state_rnk",16.009
"77859","zcta",2023,"transportation_state_rnk",46.5051
"77861","zcta",2023,"transportation_state_rnk",9.4701
"77863","zcta",2023,"transportation_state_rnk",0.6764
"77864","zcta",2023,"transportation_state_rnk",49.69
"77865","zcta",2023,"transportation_state_rnk",13.4724
"77866","zcta",2023,"transportation_state_rnk",NA
"77867","zcta",2023,"transportation_state_rnk",3.2694
"77868","zcta",2023,"transportation_state_rnk",61.7249
"77871","zcta",2023,"transportation_state_rnk",14.1206
"77872","zcta",2023,"transportation_state_rnk",61.894
"77873","zcta",2023,"transportation_state_rnk",10.0056
"77875","zcta",2023,"transportation_state_rnk",NA
"77876","zcta",2023,"transportation_state_rnk",48.0552
"77878","zcta",2023,"transportation_state_rnk",40.9526
"77879","zcta",2023,"transportation_state_rnk",49.4645
"77880","zcta",2023,"transportation_state_rnk",64.3179
"77882","zcta",2023,"transportation_state_rnk",NA
"77901","zcta",2023,"transportation_state_rnk",74.4927
"77904","zcta",2023,"transportation_state_rnk",72.2661
"77905","zcta",2023,"transportation_state_rnk",31.0034
"77950","zcta",2023,"transportation_state_rnk",5.2988
"77951","zcta",2023,"transportation_state_rnk",62.655
"77954","zcta",2023,"transportation_state_rnk",39.8534
"77957","zcta",2023,"transportation_state_rnk",38.9515
"77960","zcta",2023,"transportation_state_rnk",NA
"77961","zcta",2023,"transportation_state_rnk",NA
"77962","zcta",2023,"transportation_state_rnk",47.5197
"77963","zcta",2023,"transportation_state_rnk",30.7215
"77964","zcta",2023,"transportation_state_rnk",36.7531
"77968","zcta",2023,"transportation_state_rnk",6.8771
"77969","zcta",2023,"transportation_state_rnk",87.4859
"77970","zcta",2023,"transportation_state_rnk",21.0259
"77971","zcta",2023,"transportation_state_rnk",62.2886
"77973","zcta",2023,"transportation_state_rnk",NA
"77974","zcta",2023,"transportation_state_rnk",24.2108
"77975","zcta",2023,"transportation_state_rnk",29.7914
"77976","zcta",2023,"transportation_state_rnk",NA
"77977","zcta",2023,"transportation_state_rnk",69.3348
"77978","zcta",2023,"transportation_state_rnk",33.5118
"77979","zcta",2023,"transportation_state_rnk",81.5107
"77982","zcta",2023,"transportation_state_rnk",10.1747
"77983","zcta",2023,"transportation_state_rnk",38.7824
"77984","zcta",2023,"transportation_state_rnk",8.9064
"77986","zcta",2023,"transportation_state_rnk",NA
"77987","zcta",2023,"transportation_state_rnk",4.7351
"77988","zcta",2023,"transportation_state_rnk",1.3529
"77990","zcta",2023,"transportation_state_rnk",19.5603
"77991","zcta",2023,"transportation_state_rnk",3.4386
"77993","zcta",2023,"transportation_state_rnk",5.2424
"77994","zcta",2023,"transportation_state_rnk",12.7959
"77995","zcta",2023,"transportation_state_rnk",52.283
"78001","zcta",2023,"transportation_state_rnk",NA
"78002","zcta",2023,"transportation_state_rnk",13.3596
"78003","zcta",2023,"transportation_state_rnk",31.8771
"78004","zcta",2023,"transportation_state_rnk",50.4228
"78005","zcta",2023,"transportation_state_rnk",14.628
"78006","zcta",2023,"transportation_state_rnk",44.8422
"78007","zcta",2023,"transportation_state_rnk",0.8455
"78008","zcta",2023,"transportation_state_rnk",51.832
"78009","zcta",2023,"transportation_state_rnk",55.7779
"78010","zcta",2023,"transportation_state_rnk",43.4047
"78011","zcta",2023,"transportation_state_rnk",32.779
"78012","zcta",2023,"transportation_state_rnk",50.0282
"78013","zcta",2023,"transportation_state_rnk",65.5581
"78014","zcta",2023,"transportation_state_rnk",68.6584
"78015","zcta",2023,"transportation_state_rnk",51.4092
"78016","zcta",2023,"transportation_state_rnk",56.2007
"78017","zcta",2023,"transportation_state_rnk",NA
"78019","zcta",2023,"transportation_state_rnk",60.1747
"78021","zcta",2023,"transportation_state_rnk",NA
"78022","zcta",2023,"transportation_state_rnk",22.4352
"78023","zcta",2023,"transportation_state_rnk",94.5321
"78024","zcta",2023,"transportation_state_rnk",57.469
"78025","zcta",2023,"transportation_state_rnk",55.3551
"78026","zcta",2023,"transportation_state_rnk",61.274
"78027","zcta",2023,"transportation_state_rnk",14.4589
"78028","zcta",2023,"transportation_state_rnk",49.4645
"78029","zcta",2023,"transportation_state_rnk",NA
"78039","zcta",2023,"transportation_state_rnk",18.8557
"78040","zcta",2023,"transportation_state_rnk",89.177
"78041","zcta",2023,"transportation_state_rnk",83.6809
"78043","zcta",2023,"transportation_state_rnk",79.0023
"78044","zcta",2023,"transportation_state_rnk",52.3675
"78045","zcta",2023,"transportation_state_rnk",77.5366
"78046","zcta",2023,"transportation_state_rnk",80.2706
"78050","zcta",2023,"transportation_state_rnk",25.2537
"78052","zcta",2023,"transportation_state_rnk",54.7632
"78055","zcta",2023,"transportation_state_rnk",14.4589
"78056","zcta",2023,"transportation_state_rnk",51.4092
"78057","zcta",2023,"transportation_state_rnk",7.4126
"78058","zcta",2023,"transportation_state_rnk",62.0631
"78059","zcta",2023,"transportation_state_rnk",36.894
"78061","zcta",2023,"transportation_state_rnk",32.9481
"78062","zcta",2023,"transportation_state_rnk",NA
"78063","zcta",2023,"transportation_state_rnk",22.8016
"78064","zcta",2023,"transportation_state_rnk",55.8625
"78065","zcta",2023,"transportation_state_rnk",53.6077
"78066","zcta",2023,"transportation_state_rnk",20.3213
"78067","zcta",2023,"transportation_state_rnk",63.0778
"78069","zcta",2023,"transportation_state_rnk",14.2616
"78070","zcta",2023,"transportation_state_rnk",31.8771
"78071","zcta",2023,"transportation_state_rnk",NA
"78072","zcta",2023,"transportation_state_rnk",43.4047
"78073","zcta",2023,"transportation_state_rnk",43.602
"78074","zcta",2023,"transportation_state_rnk",NA
"78075","zcta",2023,"transportation_state_rnk",5.6933
"78076","zcta",2023,"transportation_state_rnk",68.9402
"78101","zcta",2023,"transportation_state_rnk",16.2063
"78102","zcta",2023,"transportation_state_rnk",33.6528
"78104","zcta",2023,"transportation_state_rnk",1.9729
"78107","zcta",2023,"transportation_state_rnk",42.3055
"78108","zcta",2023,"transportation_state_rnk",90.6426
"78109","zcta",2023,"transportation_state_rnk",92.0519
"78111","zcta",2023,"transportation_state_rnk",NA
"78112","zcta",2023,"transportation_state_rnk",61.1612
"78113","zcta",2023,"transportation_state_rnk",11.4713
"78114","zcta",2023,"transportation_state_rnk",39.0924
"78116","zcta",2023,"transportation_state_rnk",66.5727
"78117","zcta",2023,"transportation_state_rnk",21.3923
"78118","zcta",2023,"transportation_state_rnk",35.6257
"78119","zcta",2023,"transportation_state_rnk",NA
"78121","zcta",2023,"transportation_state_rnk",22.4352
"78122","zcta",2023,"transportation_state_rnk",2.9876
"78123","zcta",2023,"transportation_state_rnk",57.5536
"78124","zcta",2023,"transportation_state_rnk",20.1804
"78125","zcta",2023,"transportation_state_rnk",NA
"78130","zcta",2023,"transportation_state_rnk",92.3619
"78132","zcta",2023,"transportation_state_rnk",61.2176
"78133","zcta",2023,"transportation_state_rnk",48.5908
"78140","zcta",2023,"transportation_state_rnk",29.9042
"78141","zcta",2023,"transportation_state_rnk",50.3382
"78142","zcta",2023,"transportation_state_rnk",NA
"78143","zcta",2023,"transportation_state_rnk",0.5637
"78144","zcta",2023,"transportation_state_rnk",NA
"78145","zcta",2023,"transportation_state_rnk",NA
"78146","zcta",2023,"transportation_state_rnk",29.5378
"78147","zcta",2023,"transportation_state_rnk",5.3551
"78148","zcta",2023,"transportation_state_rnk",95.6595
"78150","zcta",2023,"transportation_state_rnk",NA
"78151","zcta",2023,"transportation_state_rnk",9.5547
"78152","zcta",2023,"transportation_state_rnk",28.664
"78154","zcta",2023,"transportation_state_rnk",91.9955
"78155","zcta",2023,"transportation_state_rnk",44.6731
"78159","zcta",2023,"transportation_state_rnk",8.4555
"78160","zcta",2023,"transportation_state_rnk",53.8331
"78161","zcta",2023,"transportation_state_rnk",3.0722
"78162","zcta",2023,"transportation_state_rnk",1.2965
"78163","zcta",2023,"transportation_state_rnk",45.8568
"78164","zcta",2023,"transportation_state_rnk",32.779
"78201","zcta",2023,"transportation_state_rnk",98.4216
"78202","zcta",2023,"transportation_state_rnk",98.929
"78203","zcta",2023,"transportation_state_rnk",98.5908
"78204","zcta",2023,"transportation_state_rnk",98.9853
"78205","zcta",2023,"transportation_state_rnk",66.3472
"78207","zcta",2023,"transportation_state_rnk",99.2108
"78208","zcta",2023,"transportation_state_rnk",69.5039
"78209","zcta",2023,"transportation_state_rnk",94.1939
"78210","zcta",2023,"transportation_state_rnk",98.3089
"78211","zcta",2023,"transportation_state_rnk",98.0271
"78212","zcta",2023,"transportation_state_rnk",99.0981
"78213","zcta",2023,"transportation_state_rnk",96.8997
"78214","zcta",2023,"transportation_state_rnk",98.6471
"78215","zcta",2023,"transportation_state_rnk",60.8794
"78216","zcta",2023,"transportation_state_rnk",98.3653
"78217","zcta",2023,"transportation_state_rnk",98.1398
"78218","zcta",2023,"transportation_state_rnk",99.1545
"78219","zcta",2023,"transportation_state_rnk",97.1815
"78220","zcta",2023,"transportation_state_rnk",99.3236
"78221","zcta",2023,"transportation_state_rnk",96.5614
"78222","zcta",2023,"transportation_state_rnk",96.956
"78223","zcta",2023,"transportation_state_rnk",97.8579
"78224","zcta",2023,"transportation_state_rnk",96.1105
"78225","zcta",2023,"transportation_state_rnk",94.814
"78226","zcta",2023,"transportation_state_rnk",99.7745
"78227","zcta",2023,"transportation_state_rnk",96.7869
"78228","zcta",2023,"transportation_state_rnk",98.7599
"78229","zcta",2023,"transportation_state_rnk",98.8726
"78230","zcta",2023,"transportation_state_rnk",95.9977
"78231","zcta",2023,"transportation_state_rnk",40.3326
"78232","zcta",2023,"transportation_state_rnk",94.8703
"78233","zcta",2023,"transportation_state_rnk",94.9267
"78234","zcta",2023,"transportation_state_rnk",NA
"78235","zcta",2023,"transportation_state_rnk",59.1883
"78236","zcta",2023,"transportation_state_rnk",NA
"78237","zcta",2023,"transportation_state_rnk",99.2672
"78238","zcta",2023,"transportation_state_rnk",95.434
"78239","zcta",2023,"transportation_state_rnk",94.4476
"78240","zcta",2023,"transportation_state_rnk",95.8286
"78242","zcta",2023,"transportation_state_rnk",94.7576
"78243","zcta",2023,"transportation_state_rnk",NA
"78244","zcta",2023,"transportation_state_rnk",93.5738
"78245","zcta",2023,"transportation_state_rnk",94.3067
"78247","zcta",2023,"transportation_state_rnk",92.221
"78248","zcta",2023,"transportation_state_rnk",93.5175
"78249","zcta",2023,"transportation_state_rnk",96.2796
"78250","zcta",2023,"transportation_state_rnk",93.6302
"78251","zcta",2023,"transportation_state_rnk",95.0958
"78252","zcta",2023,"transportation_state_rnk",44.6731
"78253","zcta",2023,"transportation_state_rnk",93.743
"78254","zcta",2023,"transportation_state_rnk",94.4476
"78255","zcta",2023,"transportation_state_rnk",95.2086
"78256","zcta",2023,"transportation_state_rnk",55.2142
"78257","zcta",2023,"transportation_state_rnk",61.3867
"78258","zcta",2023,"transportation_state_rnk",94.0812
"78259","zcta",2023,"transportation_state_rnk",92.5592
"78260","zcta",2023,"transportation_state_rnk",93.4611
"78261","zcta",2023,"transportation_state_rnk",92.3619
"78263","zcta",2023,"transportation_state_rnk",24.7463
"78264","zcta",2023,"transportation_state_rnk",40.248
"78266","zcta",2023,"transportation_state_rnk",35.513
"78330","zcta",2023,"transportation_state_rnk",10.3157
"78332","zcta",2023,"transportation_state_rnk",40.7272
"78336","zcta",2023,"transportation_state_rnk",44.8422
"78338","zcta",2023,"transportation_state_rnk",NA
"78339","zcta",2023,"transportation_state_rnk",4.0023
"78340","zcta",2023,"transportation_state_rnk",8.2864
"78341","zcta",2023,"transportation_state_rnk",60.4848
"78342","zcta",2023,"transportation_state_rnk",2.6494
"78343","zcta",2023,"transportation_state_rnk",17.6719
"78344","zcta",2023,"transportation_state_rnk",20.3213
"78347","zcta",2023,"transportation_state_rnk",56.0034
"78349","zcta",2023,"transportation_state_rnk",2.5366
"78351","zcta",2023,"transportation_state_rnk",66.1218
"78352","zcta",2023,"transportation_state_rnk",NA
"78353","zcta",2023,"transportation_state_rnk",46.6742
"78355","zcta",2023,"transportation_state_rnk",16.3191
"78357","zcta",2023,"transportation_state_rnk",11.7249
"78358","zcta",2023,"transportation_state_rnk",66.6291
"78359","zcta",2023,"transportation_state_rnk",47.5197
"78360","zcta",2023,"transportation_state_rnk",NA
"78361","zcta",2023,"transportation_state_rnk",69.2503
"78362","zcta",2023,"transportation_state_rnk",58.3427
"78363","zcta",2023,"transportation_state_rnk",93.292
"78368","zcta",2023,"transportation_state_rnk",23.2807
"78369","zcta",2023,"transportation_state_rnk",7.2153
"78370","zcta",2023,"transportation_state_rnk",9.3574
"78371","zcta",2023,"transportation_state_rnk",55.2988
"78372","zcta",2023,"transportation_state_rnk",40.0789
"78373","zcta",2023,"transportation_state_rnk",52.903
"78374","zcta",2023,"transportation_state_rnk",71.8151
"78375","zcta",2023,"transportation_state_rnk",56.7644
"78376","zcta",2023,"transportation_state_rnk",63.1905
"78377","zcta",2023,"transportation_state_rnk",69.7294
"78379","zcta",2023,"transportation_state_rnk",32.1308
"78380","zcta",2023,"transportation_state_rnk",58.0891
"78382","zcta",2023,"transportation_state_rnk",65.1353
"78383","zcta",2023,"transportation_state_rnk",31.0879
"78384","zcta",2023,"transportation_state_rnk",68.4329
"78385","zcta",2023,"transportation_state_rnk",NA
"78387","zcta",2023,"transportation_state_rnk",24.7463
"78389","zcta",2023,"transportation_state_rnk",14.4589
"78390","zcta",2023,"transportation_state_rnk",20.8286
"78391","zcta",2023,"transportation_state_rnk",2.0857
"78393","zcta",2023,"transportation_state_rnk",35.823
"78401","zcta",2023,"transportation_state_rnk",NA
"78402","zcta",2023,"transportation_state_rnk",70.575
"78404","zcta",2023,"transportation_state_rnk",72.3788
"78405","zcta",2023,"transportation_state_rnk",75.8737
"78406","zcta",2023,"transportation_state_rnk",NA
"78407","zcta",2023,"transportation_state_rnk",71.5333
"78408","zcta",2023,"transportation_state_rnk",71.9842
"78409","zcta",2023,"transportation_state_rnk",10.3157
"78410","zcta",2023,"transportation_state_rnk",71.7024
"78411","zcta",2023,"transportation_state_rnk",75.8174
"78412","zcta",2023,"transportation_state_rnk",74.2954
"78413","zcta",2023,"transportation_state_rnk",72.0406
"78414","zcta",2023,"transportation_state_rnk",71.8715
"78415","zcta",2023,"transportation_state_rnk",76.0428
"78416","zcta",2023,"transportation_state_rnk",93.8557
"78417","zcta",2023,"transportation_state_rnk",31.8771
"78418","zcta",2023,"transportation_state_rnk",74.7182
"78419","zcta",2023,"transportation_state_rnk",5.8625
"78501","zcta",2023,"transportation_state_rnk",87.655
"78503","zcta",2023,"transportation_state_rnk",80.0451
"78504","zcta",2023,"transportation_state_rnk",81.8207
"78516","zcta",2023,"transportation_state_rnk",79.9324
"78520","zcta",2023,"transportation_state_rnk",97.8016
"78521","zcta",2023,"transportation_state_rnk",99.3799
"78526","zcta",2023,"transportation_state_rnk",95.5468
"78535","zcta",2023,"transportation_state_rnk",43.602
"78536","zcta",2023,"transportation_state_rnk",3.6077
"78537","zcta",2023,"transportation_state_rnk",83.0327
"78538","zcta",2023,"transportation_state_rnk",26.1556
"78539","zcta",2023,"transportation_state_rnk",83.3145
"78540","zcta",2023,"transportation_state_rnk",NA
"78541","zcta",2023,"transportation_state_rnk",83.7937
"78542","zcta",2023,"transportation_state_rnk",86.7531
"78543","zcta",2023,"transportation_state_rnk",76.7756
"78545","zcta",2023,"transportation_state_rnk",3.354
"78547","zcta",2023,"transportation_state_rnk",36.894
"78548","zcta",2023,"transportation_state_rnk",27.0575
"78549","zcta",2023,"transportation_state_rnk",58.0045
"78550","zcta",2023,"transportation_state_rnk",44.8422
"78552","zcta",2023,"transportation_state_rnk",18.9966
"78557","zcta",2023,"transportation_state_rnk",78.2131
"78558","zcta",2023,"transportation_state_rnk",30.7215
"78559","zcta",2023,"transportation_state_rnk",27.9876
"78560","zcta",2023,"transportation_state_rnk",22.9707
"78561","zcta",2023,"transportation_state_rnk",15.3608
"78562","zcta",2023,"transportation_state_rnk",NA
"78563","zcta",2023,"transportation_state_rnk",NA
"78564","zcta",2023,"transportation_state_rnk",NA
"78565","zcta",2023,"transportation_state_rnk",NA
"78566","zcta",2023,"transportation_state_rnk",94.9831
"78567","zcta",2023,"transportation_state_rnk",62.2322
"78569","zcta",2023,"transportation_state_rnk",25.9583
"78570","zcta",2023,"transportation_state_rnk",84.0474
"78572","zcta",2023,"transportation_state_rnk",79.0868
"78573","zcta",2023,"transportation_state_rnk",79.6505
"78574","zcta",2023,"transportation_state_rnk",79.7351
"78575","zcta",2023,"transportation_state_rnk",34.3574
"78576","zcta",2023,"transportation_state_rnk",16.4036
"78577","zcta",2023,"transportation_state_rnk",82.1026
"78578","zcta",2023,"transportation_state_rnk",59.0474
"78579","zcta",2023,"transportation_state_rnk",16.7136
"78580","zcta",2023,"transportation_state_rnk",32.5536
"78582","zcta",2023,"transportation_state_rnk",69.6731
"78583","zcta",2023,"transportation_state_rnk",15.2198
"78584","zcta",2023,"transportation_state_rnk",70.0676
"78585","zcta",2023,"transportation_state_rnk",NA
"78586","zcta",2023,"transportation_state_rnk",43.7711
"78588","zcta",2023,"transportation_state_rnk",63.2469
"78589","zcta",2023,"transportation_state_rnk",79.0023
"78590","zcta",2023,"transportation_state_rnk",51.7193
"78591","zcta",2023,"transportation_state_rnk",2.2548
"78592","zcta",2023,"transportation_state_rnk",4.2841
"78593","zcta",2023,"transportation_state_rnk",22.4352
"78594","zcta",2023,"transportation_state_rnk",18.3766
"78595","zcta",2023,"transportation_state_rnk",70.1804
"78596","zcta",2023,"transportation_state_rnk",85.513
"78597","zcta",2023,"transportation_state_rnk",65.2198
"78598","zcta",2023,"transportation_state_rnk",3.354
"78599","zcta",2023,"transportation_state_rnk",79.9887
"78602","zcta",2023,"transportation_state_rnk",63.9233
"78605","zcta",2023,"transportation_state_rnk",38.5006
"78606","zcta",2023,"transportation_state_rnk",50.761
"78607","zcta",2023,"transportation_state_rnk",0.9019
"78608","zcta",2023,"transportation_state_rnk",10.4848
"78609","zcta",2023,"transportation_state_rnk",49.3799
"78610","zcta",2023,"transportation_state_rnk",37.9932
"78611","zcta",2023,"transportation_state_rnk",48.7035
"78612","zcta",2023,"transportation_state_rnk",59.7802
"78613","zcta",2023,"transportation_state_rnk",58.4273
"78614","zcta",2023,"transportation_state_rnk",50.1973
"78615","zcta",2023,"transportation_state_rnk",42.531
"78616","zcta",2023,"transportation_state_rnk",34.0474
"78617","zcta",2023,"transportation_state_rnk",52.8185
"78618","zcta",2023,"transportation_state_rnk",4.6505
"78619","zcta",2023,"transportation_state_rnk",59.8647
"78620","zcta",2023,"transportation_state_rnk",54.3687
"78621","zcta",2023,"transportation_state_rnk",40.0789
"78622","zcta",2023,"transportation_state_rnk",8.9064
"78623","zcta",2023,"transportation_state_rnk",56.0034
"78624","zcta",2023,"transportation_state_rnk",55.6933
"78626","zcta",2023,"transportation_state_rnk",58.7655
"78628","zcta",2023,"transportation_state_rnk",48.3935
"78629","zcta",2023,"transportation_state_rnk",99.7182
"78631","zcta",2023,"transportation_state_rnk",11.4713
"78632","zcta",2023,"transportation_state_rnk",7.4126
"78633","zcta",2023,"transportation_state_rnk",60.6257
"78634","zcta",2023,"transportation_state_rnk",35.513
"78635","zcta",2023,"transportation_state_rnk",NA
"78636","zcta",2023,"transportation_state_rnk",71.5896
"78638","zcta",2023,"transportation_state_rnk",22.4352
"78639","zcta",2023,"transportation_state_rnk",40.5299
"78640","zcta",2023,"transportation_state_rnk",29.5378
"78641","zcta",2023,"transportation_state_rnk",59.0474
"78642","zcta",2023,"transportation_state_rnk",60.5411
"78643","zcta",2023,"transportation_state_rnk",64.7689
"78644","zcta",2023,"transportation_state_rnk",23.8162
"78645","zcta",2023,"transportation_state_rnk",53.3258
"78648","zcta",2023,"transportation_state_rnk",30.5524
"78650","zcta",2023,"transportation_state_rnk",42.0237
"78652","zcta",2023,"transportation_state_rnk",60.0056
"78653","zcta",2023,"transportation_state_rnk",53.7768
"78654","zcta",2023,"transportation_state_rnk",46.5896
"78655","zcta",2023,"transportation_state_rnk",11.7249
"78656","zcta",2023,"transportation_state_rnk",25.6764
"78657","zcta",2023,"transportation_state_rnk",39.628
"78658","zcta",2023,"transportation_state_rnk",NA
"78659","zcta",2023,"transportation_state_rnk",34.8365
"78660","zcta",2023,"transportation_state_rnk",54.7632
"78661","zcta",2023,"transportation_state_rnk",4.1714
"78662","zcta",2023,"transportation_state_rnk",36.584
"78663","zcta",2023,"transportation_state_rnk",7.6381
"78664","zcta",2023,"transportation_state_rnk",60.3157
"78665","zcta",2023,"transportation_state_rnk",57.1308
"78666","zcta",2023,"transportation_state_rnk",71.646
"78669","zcta",2023,"transportation_state_rnk",57.2717
"78670","zcta",2023,"transportation_state_rnk",24.7463
"78671","zcta",2023,"transportation_state_rnk",53.9741
"78672","zcta",2023,"transportation_state_rnk",31.8771
"78674","zcta",2023,"transportation_state_rnk",38.3033
"78675","zcta",2023,"transportation_state_rnk",62.1195
"78676","zcta",2023,"transportation_state_rnk",31.3698
"78677","zcta",2023,"transportation_state_rnk",NA
"78681","zcta",2023,"transportation_state_rnk",54.9605
"78701","zcta",2023,"transportation_state_rnk",68.3202
"78702","zcta",2023,"transportation_state_rnk",68.7711
"78703","zcta",2023,"transportation_state_rnk",68.4893
"78704","zcta",2023,"transportation_state_rnk",67.1928
"78705","zcta",2023,"transportation_state_rnk",NA
"78712","zcta",2023,"transportation_state_rnk",NA
"78717","zcta",2023,"transportation_state_rnk",58.5964
"78719","zcta",2023,"transportation_state_rnk",27.593
"78721","zcta",2023,"transportation_state_rnk",67.4746
"78722","zcta",2023,"transportation_state_rnk",67.2492
"78723","zcta",2023,"transportation_state_rnk",65.6144
"78724","zcta",2023,"transportation_state_rnk",66.6855
"78725","zcta",2023,"transportation_state_rnk",56.0034
"78726","zcta",2023,"transportation_state_rnk",60.6257
"78727","zcta",2023,"transportation_state_rnk",64.3743
"78728","zcta",2023,"transportation_state_rnk",62.7396
"78729","zcta",2023,"transportation_state_rnk",56.257
"78730","zcta",2023,"transportation_state_rnk",59.7802
"78731","zcta",2023,"transportation_state_rnk",63.8106
"78732","zcta",2023,"transportation_state_rnk",61.9504
"78733","zcta",2023,"transportation_state_rnk",42.1364
"78734","zcta",2023,"transportation_state_rnk",60.9639
"78735","zcta",2023,"transportation_state_rnk",65.0507
"78736","zcta",2023,"transportation_state_rnk",57.779
"78737","zcta",2023,"transportation_state_rnk",61.1048
"78738","zcta",2023,"transportation_state_rnk",63.3315
"78739","zcta",2023,"transportation_state_rnk",60.4002
"78741","zcta",2023,"transportation_state_rnk",66.7982
"78742","zcta",2023,"transportation_state_rnk",40.0789
"78744","zcta",2023,"transportation_state_rnk",61.4994
"78745","zcta",2023,"transportation_state_rnk",62.9932
"78746","zcta",2023,"transportation_state_rnk",63.5851
"78747","zcta",2023,"transportation_state_rnk",53.6922
"78748","zcta",2023,"transportation_state_rnk",61.584
"78749","zcta",2023,"transportation_state_rnk",59.9211
"78750","zcta",2023,"transportation_state_rnk",63.6415
"78751","zcta",2023,"transportation_state_rnk",69.9549
"78752","zcta",2023,"transportation_state_rnk",70.0113
"78753","zcta",2023,"transportation_state_rnk",67.4183
"78754","zcta",2023,"transportation_state_rnk",55.5524
"78756","zcta",2023,"transportation_state_rnk",67.3055
"78757","zcta",2023,"transportation_state_rnk",63.6979
"78758","zcta",2023,"transportation_state_rnk",68.0101
"78759","zcta",2023,"transportation_state_rnk",62.4014
"78801","zcta",2023,"transportation_state_rnk",67.9256
"78802","zcta",2023,"transportation_state_rnk",NA
"78827","zcta",2023,"transportation_state_rnk",69.3912
"78828","zcta",2023,"transportation_state_rnk",NA
"78829","zcta",2023,"transportation_state_rnk",64.5434
"78830","zcta",2023,"transportation_state_rnk",20.6595
"78832","zcta",2023,"transportation_state_rnk",51.832
"78833","zcta",2023,"transportation_state_rnk",68.3766
"78834","zcta",2023,"transportation_state_rnk",24.2108
"78836","zcta",2023,"transportation_state_rnk",NA
"78837","zcta",2023,"transportation_state_rnk",2.3112
"78838","zcta",2023,"transportation_state_rnk",67.1082
"78839","zcta",2023,"transportation_state_rnk",15.0507
"78840","zcta",2023,"transportation_state_rnk",88.726
"78841","zcta",2023,"transportation_state_rnk",NA
"78842","zcta",2023,"transportation_state_rnk",NA
"78843","zcta",2023,"transportation_state_rnk",NA
"78850","zcta",2023,"transportation_state_rnk",37.5141
"78851","zcta",2023,"transportation_state_rnk",NA
"78852","zcta",2023,"transportation_state_rnk",95.2649
"78860","zcta",2023,"transportation_state_rnk",NA
"78861","zcta",2023,"transportation_state_rnk",48.2525
"78870","zcta",2023,"transportation_state_rnk",17.0519
"78871","zcta",2023,"transportation_state_rnk",NA
"78872","zcta",2023,"transportation_state_rnk",6.7362
"78873","zcta",2023,"transportation_state_rnk",50.761
"78877","zcta",2023,"transportation_state_rnk",58.7655
"78879","zcta",2023,"transportation_state_rnk",0.3382
"78880","zcta",2023,"transportation_state_rnk",67.1082
"78881","zcta",2023,"transportation_state_rnk",51.6065
"78883","zcta",2023,"transportation_state_rnk",67.531
"78884","zcta",2023,"transportation_state_rnk",45.0958
"78885","zcta",2023,"transportation_state_rnk",NA
"78886","zcta",2023,"transportation_state_rnk",45.6877
"78931","zcta",2023,"transportation_state_rnk",53.1567
"78932","zcta",2023,"transportation_state_rnk",18.1793
"78933","zcta",2023,"transportation_state_rnk",7.779
"78934","zcta",2023,"transportation_state_rnk",69.7858
"78935","zcta",2023,"transportation_state_rnk",18.3766
"78938","zcta",2023,"transportation_state_rnk",27.9876
"78940","zcta",2023,"transportation_state_rnk",26.4656
"78941","zcta",2023,"transportation_state_rnk",23.5062
"78942","zcta",2023,"transportation_state_rnk",49.2672
"78943","zcta",2023,"transportation_state_rnk",1.7475
"78944","zcta",2023,"transportation_state_rnk",15.7554
"78945","zcta",2023,"transportation_state_rnk",13.3596
"78946","zcta",2023,"transportation_state_rnk",54.2841
"78947","zcta",2023,"transportation_state_rnk",34.0474
"78948","zcta",2023,"transportation_state_rnk",66.2345
"78949","zcta",2023,"transportation_state_rnk",2.7339
"78950","zcta",2023,"transportation_state_rnk",28.2131
"78951","zcta",2023,"transportation_state_rnk",NA
"78953","zcta",2023,"transportation_state_rnk",54.5096
"78954","zcta",2023,"transportation_state_rnk",48.0552
"78956","zcta",2023,"transportation_state_rnk",45.6032
"78957","zcta",2023,"transportation_state_rnk",43.9966
"78959","zcta",2023,"transportation_state_rnk",53.4667
"78962","zcta",2023,"transportation_state_rnk",20.4904
"78963","zcta",2023,"transportation_state_rnk",35.2593
"79001","zcta",2023,"transportation_state_rnk",32.1308
"79002","zcta",2023,"transportation_state_rnk",NA
"79003","zcta",2023,"transportation_state_rnk",4.876
"79005","zcta",2023,"transportation_state_rnk",9.2728
"79007","zcta",2023,"transportation_state_rnk",65.7272
"79008","zcta",2023,"transportation_state_rnk",NA
"79009","zcta",2023,"transportation_state_rnk",62.0068
"79010","zcta",2023,"transportation_state_rnk",NA
"79011","zcta",2023,"transportation_state_rnk",7.1026
"79012","zcta",2023,"transportation_state_rnk",NA
"79013","zcta",2023,"transportation_state_rnk",58.5118
"79014","zcta",2023,"transportation_state_rnk",54.3687
"79015","zcta",2023,"transportation_state_rnk",37.9932
"79016","zcta",2023,"transportation_state_rnk",NA
"79018","zcta",2023,"transportation_state_rnk",6.5389
"79019","zcta",2023,"transportation_state_rnk",65.3608
"79021","zcta",2023,"transportation_state_rnk",NA
"79022","zcta",2023,"transportation_state_rnk",32.5536
"79024","zcta",2023,"transportation_state_rnk",47.3224
"79025","zcta",2023,"transportation_state_rnk",NA
"79027","zcta",2023,"transportation_state_rnk",44.8422
"79029","zcta",2023,"transportation_state_rnk",43.1511
"79031","zcta",2023,"transportation_state_rnk",36.584
"79032","zcta",2023,"transportation_state_rnk",3.664
"79033","zcta",2023,"transportation_state_rnk",NA
"79034","zcta",2023,"transportation_state_rnk",17.2773
"79035","zcta",2023,"transportation_state_rnk",19.1657
"79036","zcta",2023,"transportation_state_rnk",43.1511
"79039","zcta",2023,"transportation_state_rnk",9.0192
"79040","zcta",2023,"transportation_state_rnk",31.8771
"79041","zcta",2023,"transportation_state_rnk",7.159
"79042","zcta",2023,"transportation_state_rnk",42.531
"79043","zcta",2023,"transportation_state_rnk",64.6843
"79044","zcta",2023,"transportation_state_rnk",54.1714
"79045","zcta",2023,"transportation_state_rnk",28.664
"79046","zcta",2023,"transportation_state_rnk",23.5062
"79051","zcta",2023,"transportation_state_rnk",NA
"79052","zcta",2023,"transportation_state_rnk",32.779
"79053","zcta",2023,"transportation_state_rnk",NA
"79054","zcta",2023,"transportation_state_rnk",67.0237
"79056","zcta",2023,"transportation_state_rnk",NA
"79057","zcta",2023,"transportation_state_rnk",18.1793
"79058","zcta",2023,"transportation_state_rnk",NA
"79059","zcta",2023,"transportation_state_rnk",47.5197
"79061","zcta",2023,"transportation_state_rnk",8.9064
"79062","zcta",2023,"transportation_state_rnk",15.3608
"79063","zcta",2023,"transportation_state_rnk",7.8354
"79064","zcta",2023,"transportation_state_rnk",65.7835
"79065","zcta",2023,"transportation_state_rnk",40.0789
"79066","zcta",2023,"transportation_state_rnk",NA
"79068","zcta",2023,"transportation_state_rnk",65.8963
"79070","zcta",2023,"transportation_state_rnk",37.1759
"79072","zcta",2023,"transportation_state_rnk",39.628
"79073","zcta",2023,"transportation_state_rnk",NA
"79078","zcta",2023,"transportation_state_rnk",52.5085
"79079","zcta",2023,"transportation_state_rnk",88.7824
"79080","zcta",2023,"transportation_state_rnk",40.7272
"79081","zcta",2023,"transportation_state_rnk",19.3348
"79082","zcta",2023,"transportation_state_rnk",8.1172
"79083","zcta",2023,"transportation_state_rnk",11.4713
"79084","zcta",2023,"transportation_state_rnk",84.611
"79085","zcta",2023,"transportation_state_rnk",NA
"79086","zcta",2023,"transportation_state_rnk",43.602
"79087","zcta",2023,"transportation_state_rnk",20.575
"79088","zcta",2023,"transportation_state_rnk",35.2593
"79091","zcta",2023,"transportation_state_rnk",NA
"79092","zcta",2023,"transportation_state_rnk",92.4746
"79093","zcta",2023,"transportation_state_rnk",7.7227
"79094","zcta",2023,"transportation_state_rnk",NA
"79095","zcta",2023,"transportation_state_rnk",70.7441
"79096","zcta",2023,"transportation_state_rnk",60.9639
"79097","zcta",2023,"transportation_state_rnk",21.195
"79098","zcta",2023,"transportation_state_rnk",6.0316
"79101","zcta",2023,"transportation_state_rnk",70.9132
"79102","zcta",2023,"transportation_state_rnk",48.3935
"79103","zcta",2023,"transportation_state_rnk",49.0981
"79104","zcta",2023,"transportation_state_rnk",64.2616
"79106","zcta",2023,"transportation_state_rnk",57.2153
"79107","zcta",2023,"transportation_state_rnk",58.9346
"79108","zcta",2023,"transportation_state_rnk",51.1274
"79109","zcta",2023,"transportation_state_rnk",33.7373
"79110","zcta",2023,"transportation_state_rnk",38.5006
"79111","zcta",2023,"transportation_state_rnk",8.7091
"79118","zcta",2023,"transportation_state_rnk",54.9605
"79119","zcta",2023,"transportation_state_rnk",38.3033
"79121","zcta",2023,"transportation_state_rnk",33.1736
"79124","zcta",2023,"transportation_state_rnk",22.1251
"79201","zcta",2023,"transportation_state_rnk",23.8162
"79220","zcta",2023,"transportation_state_rnk",66.7418
"79223","zcta",2023,"transportation_state_rnk",NA
"79225","zcta",2023,"transportation_state_rnk",46.1387
"79226","zcta",2023,"transportation_state_rnk",47.1533
"79227","zcta",2023,"transportation_state_rnk",52.9876
"79229","zcta",2023,"transportation_state_rnk",14.7407
"79230","zcta",2023,"transportation_state_rnk",NA
"79231","zcta",2023,"transportation_state_rnk",NA
"79233","zcta",2023,"transportation_state_rnk",NA
"79234","zcta",2023,"transportation_state_rnk",6.5389
"79235","zcta",2023,"transportation_state_rnk",45.8568
"79236","zcta",2023,"transportation_state_rnk",28.9177
"79237","zcta",2023,"transportation_state_rnk",53.9741
"79239","zcta",2023,"transportation_state_rnk",NA
"79240","zcta",2023,"transportation_state_rnk",NA
"79241","zcta",2023,"transportation_state_rnk",4.566
"79243","zcta",2023,"transportation_state_rnk",NA
"79244","zcta",2023,"transportation_state_rnk",63.1342
"79245","zcta",2023,"transportation_state_rnk",25.4791
"79247","zcta",2023,"transportation_state_rnk",NA
"79248","zcta",2023,"transportation_state_rnk",57.3844
"79250","zcta",2023,"transportation_state_rnk",14.628
"79251","zcta",2023,"transportation_state_rnk",NA
"79252","zcta",2023,"transportation_state_rnk",57.018
"79255","zcta",2023,"transportation_state_rnk",55.2142
"79256","zcta",2023,"transportation_state_rnk",64.9662
"79257","zcta",2023,"transportation_state_rnk",47.0124
"79258","zcta",2023,"transportation_state_rnk",NA
"79259","zcta",2023,"transportation_state_rnk",NA
"79261","zcta",2023,"transportation_state_rnk",47.5197
"79311","zcta",2023,"transportation_state_rnk",33.0609
"79312","zcta",2023,"transportation_state_rnk",40.4171
"79313","zcta",2023,"transportation_state_rnk",48.9853
"79314","zcta",2023,"transportation_state_rnk",0.1127
"79316","zcta",2023,"transportation_state_rnk",25.6764
"79322","zcta",2023,"transportation_state_rnk",71.0259
"79323","zcta",2023,"transportation_state_rnk",39.2616
"79324","zcta",2023,"transportation_state_rnk",NA
"79325","zcta",2023,"transportation_state_rnk",13.1623
"79326","zcta",2023,"transportation_state_rnk",NA
"79329","zcta",2023,"transportation_state_rnk",37.5141
"79330","zcta",2023,"transportation_state_rnk",1.6911
"79331","zcta",2023,"transportation_state_rnk",100
"79336","zcta",2023,"transportation_state_rnk",77.7339
"79339","zcta",2023,"transportation_state_rnk",23.6471
"79342","zcta",2023,"transportation_state_rnk",20.0676
"79343","zcta",2023,"transportation_state_rnk",32.5536
"79344","zcta",2023,"transportation_state_rnk",NA
"79345","zcta",2023,"transportation_state_rnk",44.3348
"79346","zcta",2023,"transportation_state_rnk",64.9662
"79347","zcta",2023,"transportation_state_rnk",57.469
"79350","zcta",2023,"transportation_state_rnk",1.8602
"79351","zcta",2023,"transportation_state_rnk",45.5186
"79353","zcta",2023,"transportation_state_rnk",NA
"79355","zcta",2023,"transportation_state_rnk",32.9481
"79356","zcta",2023,"transportation_state_rnk",25.9583
"79357","zcta",2023,"transportation_state_rnk",71.4205
"79358","zcta",2023,"transportation_state_rnk",35.513
"79359","zcta",2023,"transportation_state_rnk",51.212
"79360","zcta",2023,"transportation_state_rnk",58.8501
"79363","zcta",2023,"transportation_state_rnk",30.3551
"79364","zcta",2023,"transportation_state_rnk",19.1657
"79366","zcta",2023,"transportation_state_rnk",13.1623
"79367","zcta",2023,"transportation_state_rnk",57.018
"79369","zcta",2023,"transportation_state_rnk",NA
"79370","zcta",2023,"transportation_state_rnk",65.9808
"79371","zcta",2023,"transportation_state_rnk",48.8726
"79372","zcta",2023,"transportation_state_rnk",37.1759
"79373","zcta",2023,"transportation_state_rnk",35.823
"79376","zcta",2023,"transportation_state_rnk",NA
"79377","zcta",2023,"transportation_state_rnk",5.7497
"79378","zcta",2023,"transportation_state_rnk",6.7362
"79379","zcta",2023,"transportation_state_rnk",9.1883
"79380","zcta",2023,"transportation_state_rnk",NA
"79381","zcta",2023,"transportation_state_rnk",31.0879
"79382","zcta",2023,"transportation_state_rnk",16.009
"79383","zcta",2023,"transportation_state_rnk",NA
"79401","zcta",2023,"transportation_state_rnk",97.407
"79402","zcta",2023,"transportation_state_rnk",NA
"79403","zcta",2023,"transportation_state_rnk",89.4589
"79404","zcta",2023,"transportation_state_rnk",82.7508
"79406","zcta",2023,"transportation_state_rnk",NA
"79407","zcta",2023,"transportation_state_rnk",78.2131
"79410","zcta",2023,"transportation_state_rnk",85.9921
"79411","zcta",2023,"transportation_state_rnk",54.2277
"79412","zcta",2023,"transportation_state_rnk",89.2897
"79413","zcta",2023,"transportation_state_rnk",83.2018
"79414","zcta",2023,"transportation_state_rnk",79.1714
"79415","zcta",2023,"transportation_state_rnk",91.8264
"79416","zcta",2023,"transportation_state_rnk",81.7362
"79423","zcta",2023,"transportation_state_rnk",78.4386
"79424","zcta",2023,"transportation_state_rnk",77.903
"79501","zcta",2023,"transportation_state_rnk",20.4904
"79502","zcta",2023,"transportation_state_rnk",12.7959
"79503","zcta",2023,"transportation_state_rnk",67.8692
"79504","zcta",2023,"transportation_state_rnk",70.6595
"79505","zcta",2023,"transportation_state_rnk",6.2007
"79506","zcta",2023,"transportation_state_rnk",58.2864
"79508","zcta",2023,"transportation_state_rnk",33.9064
"79510","zcta",2023,"transportation_state_rnk",36.584
"79511","zcta",2023,"transportation_state_rnk",10.3157
"79512","zcta",2023,"transportation_state_rnk",61.7813
"79517","zcta",2023,"transportation_state_rnk",4.2277
"79518","zcta",2023,"transportation_state_rnk",26.4656
"79519","zcta",2023,"transportation_state_rnk",0.9583
"79520","zcta",2023,"transportation_state_rnk",60.1747
"79521","zcta",2023,"transportation_state_rnk",49.0981
"79525","zcta",2023,"transportation_state_rnk",12.3732
"79526","zcta",2023,"transportation_state_rnk",16.9391
"79527","zcta",2023,"transportation_state_rnk",2.1421
"79528","zcta",2023,"transportation_state_rnk",17.9538
"79529","zcta",2023,"transportation_state_rnk",42.3055
"79530","zcta",2023,"transportation_state_rnk",51.7193
"79532","zcta",2023,"transportation_state_rnk",59.4138
"79533","zcta",2023,"transportation_state_rnk",50.0282
"79534","zcta",2023,"transportation_state_rnk",1.6347
"79535","zcta",2023,"transportation_state_rnk",11.0485
"79536","zcta",2023,"transportation_state_rnk",34.1883
"79537","zcta",2023,"transportation_state_rnk",NA
"79538","zcta",2023,"transportation_state_rnk",8.7091
"79539","zcta",2023,"transportation_state_rnk",13.726
"79540","zcta",2023,"transportation_state_rnk",NA
"79541","zcta",2023,"transportation_state_rnk",10.8794
"79543","zcta",2023,"transportation_state_rnk",18.0383
"79544","zcta",2023,"transportation_state_rnk",28.664
"79545","zcta",2023,"transportation_state_rnk",69.1094
"79546","zcta",2023,"transportation_state_rnk",23.6471
"79547","zcta",2023,"transportation_state_rnk",57.3281
"79548","zcta",2023,"transportation_state_rnk",60.7666
"79549","zcta",2023,"transportation_state_rnk",61.584
"79553","zcta",2023,"transportation_state_rnk",50.4228
"79556","zcta",2023,"transportation_state_rnk",35.823
"79560","zcta",2023,"transportation_state_rnk",NA
"79561","zcta",2023,"transportation_state_rnk",12.5141
"79562","zcta",2023,"transportation_state_rnk",13.1623
"79563","zcta",2023,"transportation_state_rnk",27.593
"79565","zcta",2023,"transportation_state_rnk",1.2401
"79566","zcta",2023,"transportation_state_rnk",4.425
"79567","zcta",2023,"transportation_state_rnk",34.3574
"79601","zcta",2023,"transportation_state_rnk",49.69
"79602","zcta",2023,"transportation_state_rnk",43.4047
"79603","zcta",2023,"transportation_state_rnk",38.1623
"79605","zcta",2023,"transportation_state_rnk",39.4589
"79606","zcta",2023,"transportation_state_rnk",29.5378
"79607","zcta",2023,"transportation_state_rnk",37.1759
"79699","zcta",2023,"transportation_state_rnk",NA
"79701","zcta",2023,"transportation_state_rnk",56.7644
"79703","zcta",2023,"transportation_state_rnk",46.336
"79705","zcta",2023,"transportation_state_rnk",22.6607
"79706","zcta",2023,"transportation_state_rnk",62.345
"79707","zcta",2023,"transportation_state_rnk",46.0259
"79713","zcta",2023,"transportation_state_rnk",57.8918
"79714","zcta",2023,"transportation_state_rnk",23.2807
"79718","zcta",2023,"transportation_state_rnk",15.2198
"79719","zcta",2023,"transportation_state_rnk",25.6764
"79720","zcta",2023,"transportation_state_rnk",41.9109
"79721","zcta",2023,"transportation_state_rnk",NA
"79730","zcta",2023,"transportation_state_rnk",16.5163
"79731","zcta",2023,"transportation_state_rnk",43.292
"79733","zcta",2023,"transportation_state_rnk",14.2616
"79734","zcta",2023,"transportation_state_rnk",58.9346
"79735","zcta",2023,"transportation_state_rnk",71.0823
"79738","zcta",2023,"transportation_state_rnk",9.1319
"79739","zcta",2023,"transportation_state_rnk",20.6595
"79741","zcta",2023,"transportation_state_rnk",23.8162
"79742","zcta",2023,"transportation_state_rnk",7.2717
"79743","zcta",2023,"transportation_state_rnk",2.593
"79744","zcta",2023,"transportation_state_rnk",49.549
"79745","zcta",2023,"transportation_state_rnk",56.1443
"79748","zcta",2023,"transportation_state_rnk",3.4949
"79749","zcta",2023,"transportation_state_rnk",34.9493
"79752","zcta",2023,"transportation_state_rnk",10.9357
"79754","zcta",2023,"transportation_state_rnk",NA
"79755","zcta",2023,"transportation_state_rnk",NA
"79756","zcta",2023,"transportation_state_rnk",55.7779
"79758","zcta",2023,"transportation_state_rnk",50.2818
"79759","zcta",2023,"transportation_state_rnk",NA
"79761","zcta",2023,"transportation_state_rnk",89.6843
"79762","zcta",2023,"transportation_state_rnk",88.3315
"79763","zcta",2023,"transportation_state_rnk",89.0643
"79764","zcta",2023,"transportation_state_rnk",89.9098
"79765","zcta",2023,"transportation_state_rnk",40.7272
"79766","zcta",2023,"transportation_state_rnk",51.212
"79769","zcta",2023,"transportation_state_rnk",NA
"79770","zcta",2023,"transportation_state_rnk",NA
"79772","zcta",2023,"transportation_state_rnk",19.7294
"79776","zcta",2023,"transportation_state_rnk",NA
"79777","zcta",2023,"transportation_state_rnk",2.7339
"79778","zcta",2023,"transportation_state_rnk",24.2108
"79780","zcta",2023,"transportation_state_rnk",NA
"79781","zcta",2023,"transportation_state_rnk",19.7294
"79782","zcta",2023,"transportation_state_rnk",55.5524
"79783","zcta",2023,"transportation_state_rnk",NA
"79785","zcta",2023,"transportation_state_rnk",NA
"79788","zcta",2023,"transportation_state_rnk",4.9605
"79789","zcta",2023,"transportation_state_rnk",70.4622
"79821","zcta",2023,"transportation_state_rnk",29.2559
"79830","zcta",2023,"transportation_state_rnk",41.2345
"79832","zcta",2023,"transportation_state_rnk",NA
"79834","zcta",2023,"transportation_state_rnk",5.1578
"79835","zcta",2023,"transportation_state_rnk",27.8185
"79836","zcta",2023,"transportation_state_rnk",43.7711
"79838","zcta",2023,"transportation_state_rnk",11.1048
"79839","zcta",2023,"transportation_state_rnk",5.5242
"79842","zcta",2023,"transportation_state_rnk",70.5186
"79843","zcta",2023,"transportation_state_rnk",67.8129
"79845","zcta",2023,"transportation_state_rnk",30.0169
"79846","zcta",2023,"transportation_state_rnk",2.0293
"79847","zcta",2023,"transportation_state_rnk",61.3303
"79848","zcta",2023,"transportation_state_rnk",33.0609
"79849","zcta",2023,"transportation_state_rnk",50.1127
"79851","zcta",2023,"transportation_state_rnk",NA
"79852","zcta",2023,"transportation_state_rnk",64.6843
"79853","zcta",2023,"transportation_state_rnk",25.0282
"79854","zcta",2023,"transportation_state_rnk",71.2514
"79855","zcta",2023,"transportation_state_rnk",6.4262
"79901","zcta",2023,"transportation_state_rnk",83.5682
"79902","zcta",2023,"transportation_state_rnk",70.6595
"79903","zcta",2023,"transportation_state_rnk",60.0902
"79904","zcta",2023,"transportation_state_rnk",55.5524
"79905","zcta",2023,"transportation_state_rnk",65.5017
"79906","zcta",2023,"transportation_state_rnk",53.9741
"79907","zcta",2023,"transportation_state_rnk",54.6223
"79908","zcta",2023,"transportation_state_rnk",42.7001
"79911","zcta",2023,"transportation_state_rnk",37.9932
"79912","zcta",2023,"transportation_state_rnk",47.1533
"79915","zcta",2023,"transportation_state_rnk",47.7734
"79916","zcta",2023,"transportation_state_rnk",NA
"79918","zcta",2023,"transportation_state_rnk",NA
"79920","zcta",2023,"transportation_state_rnk",NA
"79922","zcta",2023,"transportation_state_rnk",62.4577
"79924","zcta",2023,"transportation_state_rnk",47.5197
"79925","zcta",2023,"transportation_state_rnk",46.4205
"79927","zcta",2023,"transportation_state_rnk",39.9098
"79928","zcta",2023,"transportation_state_rnk",41.5445
"79930","zcta",2023,"transportation_state_rnk",59.1883
"79932","zcta",2023,"transportation_state_rnk",45.5186
"79934","zcta",2023,"transportation_state_rnk",44.1375
"79935","zcta",2023,"transportation_state_rnk",38.5006
"79936","zcta",2023,"transportation_state_rnk",41.2345
"79938","zcta",2023,"transportation_state_rnk",31.2007
