"geoid","geolevel","year","level","value"
"41095","zcta",2023,"transportation_score",91.87
"46001","zcta",2023,"transportation_score",90.89
"46011","zcta",2023,"transportation_score",91.32
"46012","zcta",2023,"transportation_score",95.16
"46013","zcta",2023,"transportation_score",93.75
"46016","zcta",2023,"transportation_score",96.41
"46017","zcta",2023,"transportation_score",93.03
"46030","zcta",2023,"transportation_score",94.4
"46031","zcta",2023,"transportation_score",91.34
"46032","zcta",2023,"transportation_score",111.89
"46033","zcta",2023,"transportation_score",111.69
"46034","zcta",2023,"transportation_score",91.16
"46035","zcta",2023,"transportation_score",89.83
"46036","zcta",2023,"transportation_score",91.77
"46037","zcta",2023,"transportation_score",111.92
"46038","zcta",2023,"transportation_score",111.7
"46039","zcta",2023,"transportation_score",89.19
"46040","zcta",2023,"transportation_score",112.46
"46041","zcta",2023,"transportation_score",131.57
"46044","zcta",2023,"transportation_score",89.52
"46045","zcta",2023,"transportation_score",85.31
"46047","zcta",2023,"transportation_score",NA
"46048","zcta",2023,"transportation_score",90.35
"46049","zcta",2023,"transportation_score",88.83
"46050","zcta",2023,"transportation_score",91.37
"46051","zcta",2023,"transportation_score",91.35
"46052","zcta",2023,"transportation_score",131.8
"46055","zcta",2023,"transportation_score",92.22
"46056","zcta",2023,"transportation_score",89.82
"46057","zcta",2023,"transportation_score",93.54
"46058","zcta",2023,"transportation_score",89.94
"46060","zcta",2023,"transportation_score",111.21
"46062","zcta",2023,"transportation_score",110.85
"46063","zcta",2023,"transportation_score",90.92
"46064","zcta",2023,"transportation_score",91.65
"46065","zcta",2023,"transportation_score",90.62
"46068","zcta",2023,"transportation_score",89.95
"46069","zcta",2023,"transportation_score",93.09
"46070","zcta",2023,"transportation_score",89.88
"46071","zcta",2023,"transportation_score",92.23
"46072","zcta",2023,"transportation_score",91.9
"46074","zcta",2023,"transportation_score",112.86
"46075","zcta",2023,"transportation_score",91.09
"46076","zcta",2023,"transportation_score",89.21
"46077","zcta",2023,"transportation_score",112.48
"46102","zcta",2023,"transportation_score",89.63
"46103","zcta",2023,"transportation_score",91.11
"46104","zcta",2023,"transportation_score",88.15
"46105","zcta",2023,"transportation_score",88.83
"46106","zcta",2023,"transportation_score",91.57
"46107","zcta",2023,"transportation_score",110.09
"46110","zcta",2023,"transportation_score",91.32
"46111","zcta",2023,"transportation_score",87.87
"46112","zcta",2023,"transportation_score",111.17
"46113","zcta",2023,"transportation_score",110.01
"46115","zcta",2023,"transportation_score",91.03
"46117","zcta",2023,"transportation_score",89.48
"46118","zcta",2023,"transportation_score",90.98
"46120","zcta",2023,"transportation_score",91.69
"46121","zcta",2023,"transportation_score",89.68
"46122","zcta",2023,"transportation_score",110.58
"46123","zcta",2023,"transportation_score",111.57
"46124","zcta",2023,"transportation_score",130.91
"46125","zcta",2023,"transportation_score",NA
"46126","zcta",2023,"transportation_score",91.7
"46127","zcta",2023,"transportation_score",92.08
"46128","zcta",2023,"transportation_score",91.82
"46130","zcta",2023,"transportation_score",88.65
"46131","zcta",2023,"transportation_score",110.55
"46133","zcta",2023,"transportation_score",88.94
"46135","zcta",2023,"transportation_score",92.31
"46140","zcta",2023,"transportation_score",110.76
"46142","zcta",2023,"transportation_score",110.95
"46143","zcta",2023,"transportation_score",111.34
"46144","zcta",2023,"transportation_score",86.27
"46146","zcta",2023,"transportation_score",86.51
"46147","zcta",2023,"transportation_score",89.77
"46148","zcta",2023,"transportation_score",90.48
"46149","zcta",2023,"transportation_score",89.62
"46150","zcta",2023,"transportation_score",90.05
"46151","zcta",2023,"transportation_score",91.94
"46154","zcta",2023,"transportation_score",NA
"46155","zcta",2023,"transportation_score",NA
"46156","zcta",2023,"transportation_score",93.33
"46157","zcta",2023,"transportation_score",90.9
"46158","zcta",2023,"transportation_score",109.64
"46160","zcta",2023,"transportation_score",90.36
"46161","zcta",2023,"transportation_score",91.91
"46162","zcta",2023,"transportation_score",89.14
"46163","zcta",2023,"transportation_score",90.33
"46164","zcta",2023,"transportation_score",89.81
"46165","zcta",2023,"transportation_score",92.74
"46166","zcta",2023,"transportation_score",91.98
"46167","zcta",2023,"transportation_score",90.36
"46168","zcta",2023,"transportation_score",111.4
"46170","zcta",2023,"transportation_score",NA
"46171","zcta",2023,"transportation_score",89.71
"46172","zcta",2023,"transportation_score",89.45
"46173","zcta",2023,"transportation_score",131.29
"46175","zcta",2023,"transportation_score",92.82
"46176","zcta",2023,"transportation_score",132.54
"46180","zcta",2023,"transportation_score",91.44
"46181","zcta",2023,"transportation_score",91
"46182","zcta",2023,"transportation_score",92.88
"46183","zcta",2023,"transportation_score",NA
"46184","zcta",2023,"transportation_score",90.18
"46186","zcta",2023,"transportation_score",89.09
"46201","zcta",2023,"transportation_score",119.7
"46202","zcta",2023,"transportation_score",119.54
"46203","zcta",2023,"transportation_score",113.5
"46204","zcta",2023,"transportation_score",99.93
"46205","zcta",2023,"transportation_score",113.53
"46206","zcta",2023,"transportation_score",NA
"46208","zcta",2023,"transportation_score",118.76
"46214","zcta",2023,"transportation_score",110.78
"46216","zcta",2023,"transportation_score",94.62
"46217","zcta",2023,"transportation_score",111.74
"46218","zcta",2023,"transportation_score",122.9
"46219","zcta",2023,"transportation_score",115.83
"46220","zcta",2023,"transportation_score",112.45
"46221","zcta",2023,"transportation_score",113.62
"46222","zcta",2023,"transportation_score",117.37
"46224","zcta",2023,"transportation_score",114.15
"46225","zcta",2023,"transportation_score",120.46
"46226","zcta",2023,"transportation_score",117.52
"46227","zcta",2023,"transportation_score",114.67
"46228","zcta",2023,"transportation_score",111.56
"46229","zcta",2023,"transportation_score",111.14
"46231","zcta",2023,"transportation_score",90.28
"46234","zcta",2023,"transportation_score",113.31
"46235","zcta",2023,"transportation_score",113.96
"46236","zcta",2023,"transportation_score",110.89
"46237","zcta",2023,"transportation_score",110.77
"46239","zcta",2023,"transportation_score",111.98
"46240","zcta",2023,"transportation_score",111.82
"46241","zcta",2023,"transportation_score",111.4
"46250","zcta",2023,"transportation_score",115.19
"46254","zcta",2023,"transportation_score",115.32
"46256","zcta",2023,"transportation_score",111.21
"46259","zcta",2023,"transportation_score",110.37
"46260","zcta",2023,"transportation_score",113.13
"46268","zcta",2023,"transportation_score",112.29
"46278","zcta",2023,"transportation_score",110.22
"46280","zcta",2023,"transportation_score",92.07
"46290","zcta",2023,"transportation_score",85.04
"46301","zcta",2023,"transportation_score",92.47
"46302","zcta",2023,"transportation_score",NA
"46303","zcta",2023,"transportation_score",128.44
"46304","zcta",2023,"transportation_score",135.07
"46307","zcta",2023,"transportation_score",134.15
"46310","zcta",2023,"transportation_score",93.58
"46311","zcta",2023,"transportation_score",131.98
"46312","zcta",2023,"transportation_score",133.91
"46319","zcta",2023,"transportation_score",133
"46320","zcta",2023,"transportation_score",134.65
"46321","zcta",2023,"transportation_score",138.06
"46322","zcta",2023,"transportation_score",136.31
"46323","zcta",2023,"transportation_score",136.03
"46324","zcta",2023,"transportation_score",147.11
"46327","zcta",2023,"transportation_score",132.49
"46340","zcta",2023,"transportation_score",90.16
"46341","zcta",2023,"transportation_score",89.52
"46342","zcta",2023,"transportation_score",128.65
"46345","zcta",2023,"transportation_score",NA
"46346","zcta",2023,"transportation_score",89.02
"46347","zcta",2023,"transportation_score",89.43
"46348","zcta",2023,"transportation_score",89.09
"46349","zcta",2023,"transportation_score",90.53
"46350","zcta",2023,"transportation_score",137.25
"46356","zcta",2023,"transportation_score",89.9
"46360","zcta",2023,"transportation_score",139.9
"46365","zcta",2023,"transportation_score",89.63
"46366","zcta",2023,"transportation_score",89.74
"46368","zcta",2023,"transportation_score",132.63
"46371","zcta",2023,"transportation_score",88.4
"46373","zcta",2023,"transportation_score",132.63
"46374","zcta",2023,"transportation_score",88.3
"46375","zcta",2023,"transportation_score",139.1
"46376","zcta",2023,"transportation_score",93.82
"46377","zcta",2023,"transportation_score",NA
"46379","zcta",2023,"transportation_score",88.47
"46381","zcta",2023,"transportation_score",89.36
"46382","zcta",2023,"transportation_score",89.7
"46383","zcta",2023,"transportation_score",132.51
"46385","zcta",2023,"transportation_score",129.99
"46390","zcta",2023,"transportation_score",89.94
"46391","zcta",2023,"transportation_score",NA
"46392","zcta",2023,"transportation_score",90.84
"46393","zcta",2023,"transportation_score",91.27
"46394","zcta",2023,"transportation_score",132.58
"46402","zcta",2023,"transportation_score",135.5
"46403","zcta",2023,"transportation_score",141.01
"46404","zcta",2023,"transportation_score",137.76
"46405","zcta",2023,"transportation_score",128.97
"46406","zcta",2023,"transportation_score",130.76
"46407","zcta",2023,"transportation_score",135.6
"46408","zcta",2023,"transportation_score",130.66
"46409","zcta",2023,"transportation_score",134
"46410","zcta",2023,"transportation_score",138.08
"46501","zcta",2023,"transportation_score",99.83
"46502","zcta",2023,"transportation_score",NA
"46504","zcta",2023,"transportation_score",94.1
"46506","zcta",2023,"transportation_score",93.9
"46507","zcta",2023,"transportation_score",92.74
"46508","zcta",2023,"transportation_score",94.14
"46510","zcta",2023,"transportation_score",91.39
"46511","zcta",2023,"transportation_score",92.43
"46513","zcta",2023,"transportation_score",NA
"46514","zcta",2023,"transportation_score",110.26
"46516","zcta",2023,"transportation_score",108.89
"46517","zcta",2023,"transportation_score",109.82
"46524","zcta",2023,"transportation_score",105.99
"46526","zcta",2023,"transportation_score",110.24
"46528","zcta",2023,"transportation_score",110.16
"46530","zcta",2023,"transportation_score",120.92
"46531","zcta",2023,"transportation_score",88.98
"46532","zcta",2023,"transportation_score",90.87
"46534","zcta",2023,"transportation_score",92.33
"46536","zcta",2023,"transportation_score",89.47
"46537","zcta",2023,"transportation_score",88.47
"46538","zcta",2023,"transportation_score",90.13
"46539","zcta",2023,"transportation_score",90.38
"46540","zcta",2023,"transportation_score",99.96
"46542","zcta",2023,"transportation_score",93.19
"46543","zcta",2023,"transportation_score",105.8
"46544","zcta",2023,"transportation_score",123.5
"46545","zcta",2023,"transportation_score",122.97
"46550","zcta",2023,"transportation_score",98.92
"46552","zcta",2023,"transportation_score",90.57
"46553","zcta",2023,"transportation_score",92.71
"46554","zcta",2023,"transportation_score",90.14
"46555","zcta",2023,"transportation_score",89.52
"46556","zcta",2023,"transportation_score",NA
"46561","zcta",2023,"transportation_score",121.29
"46562","zcta",2023,"transportation_score",92.95
"46563","zcta",2023,"transportation_score",131.71
"46565","zcta",2023,"transportation_score",105.46
"46567","zcta",2023,"transportation_score",92.01
"46570","zcta",2023,"transportation_score",88.53
"46571","zcta",2023,"transportation_score",111.41
"46572","zcta",2023,"transportation_score",81.03
"46573","zcta",2023,"transportation_score",93.32
"46574","zcta",2023,"transportation_score",90.86
"46580","zcta",2023,"transportation_score",146.62
"46582","zcta",2023,"transportation_score",146.87
"46590","zcta",2023,"transportation_score",90.97
"46595","zcta",2023,"transportation_score",NA
"46601","zcta",2023,"transportation_score",129.4
"46613","zcta",2023,"transportation_score",125.36
"46614","zcta",2023,"transportation_score",121.27
"46615","zcta",2023,"transportation_score",123.72
"46616","zcta",2023,"transportation_score",96.92
"46617","zcta",2023,"transportation_score",126.2
"46619","zcta",2023,"transportation_score",123.14
"46624","zcta",2023,"transportation_score",NA
"46628","zcta",2023,"transportation_score",125.92
"46635","zcta",2023,"transportation_score",90.42
"46637","zcta",2023,"transportation_score",122.73
"46701","zcta",2023,"transportation_score",91.49
"46702","zcta",2023,"transportation_score",88.44
"46703","zcta",2023,"transportation_score",91.62
"46704","zcta",2023,"transportation_score",NA
"46705","zcta",2023,"transportation_score",90.36
"46706","zcta",2023,"transportation_score",91.13
"46710","zcta",2023,"transportation_score",90.19
"46711","zcta",2023,"transportation_score",96.13
"46714","zcta",2023,"transportation_score",90.78
"46721","zcta",2023,"transportation_score",91.74
"46723","zcta",2023,"transportation_score",92.14
"46725","zcta",2023,"transportation_score",130.89
"46730","zcta",2023,"transportation_score",89.88
"46731","zcta",2023,"transportation_score",89.89
"46732","zcta",2023,"transportation_score",91.88
"46733","zcta",2023,"transportation_score",91.26
"46737","zcta",2023,"transportation_score",90.27
"46738","zcta",2023,"transportation_score",94.84
"46740","zcta",2023,"transportation_score",109.05
"46741","zcta",2023,"transportation_score",100.97
"46742","zcta",2023,"transportation_score",90.42
"46743","zcta",2023,"transportation_score",95.98
"46745","zcta",2023,"transportation_score",89.86
"46746","zcta",2023,"transportation_score",93.1
"46747","zcta",2023,"transportation_score",90.15
"46748","zcta",2023,"transportation_score",90.41
"46750","zcta",2023,"transportation_score",146.83
"46755","zcta",2023,"transportation_score",91.09
"46759","zcta",2023,"transportation_score",87.48
"46760","zcta",2023,"transportation_score",90.67
"46761","zcta",2023,"transportation_score",142.42
"46763","zcta",2023,"transportation_score",93.53
"46764","zcta",2023,"transportation_score",87.67
"46765","zcta",2023,"transportation_score",89.54
"46766","zcta",2023,"transportation_score",85.89
"46767","zcta",2023,"transportation_score",97.44
"46770","zcta",2023,"transportation_score",90.21
"46771","zcta",2023,"transportation_score",81.79
"46772","zcta",2023,"transportation_score",106.11
"46773","zcta",2023,"transportation_score",90.04
"46774","zcta",2023,"transportation_score",133.28
"46776","zcta",2023,"transportation_score",90.68
"46777","zcta",2023,"transportation_score",89.49
"46778","zcta",2023,"transportation_score",NA
"46779","zcta",2023,"transportation_score",90.15
"46781","zcta",2023,"transportation_score",90.71
"46783","zcta",2023,"transportation_score",90.34
"46784","zcta",2023,"transportation_score",90.31
"46785","zcta",2023,"transportation_score",91.51
"46786","zcta",2023,"transportation_score",NA
"46787","zcta",2023,"transportation_score",94.69
"46788","zcta",2023,"transportation_score",95.25
"46789","zcta",2023,"transportation_score",81.52
"46791","zcta",2023,"transportation_score",88.93
"46792","zcta",2023,"transportation_score",89.65
"46793","zcta",2023,"transportation_score",89.49
"46794","zcta",2023,"transportation_score",93.83
"46795","zcta",2023,"transportation_score",96.01
"46796","zcta",2023,"transportation_score",81.36
"46797","zcta",2023,"transportation_score",95.76
"46798","zcta",2023,"transportation_score",88.31
"46799","zcta",2023,"transportation_score",89.93
"46802","zcta",2023,"transportation_score",137.22
"46803","zcta",2023,"transportation_score",139.8
"46804","zcta",2023,"transportation_score",133.58
"46805","zcta",2023,"transportation_score",135.33
"46806","zcta",2023,"transportation_score",137.34
"46807","zcta",2023,"transportation_score",136.4
"46808","zcta",2023,"transportation_score",134.19
"46809","zcta",2023,"transportation_score",134.01
"46814","zcta",2023,"transportation_score",132.75
"46815","zcta",2023,"transportation_score",135.28
"46816","zcta",2023,"transportation_score",135.73
"46818","zcta",2023,"transportation_score",134.99
"46819","zcta",2023,"transportation_score",89.97
"46825","zcta",2023,"transportation_score",134.67
"46835","zcta",2023,"transportation_score",133.58
"46845","zcta",2023,"transportation_score",133.97
"46901","zcta",2023,"transportation_score",124.89
"46902","zcta",2023,"transportation_score",122.84
"46910","zcta",2023,"transportation_score",93.3
"46911","zcta",2023,"transportation_score",89.15
"46913","zcta",2023,"transportation_score",93.9
"46914","zcta",2023,"transportation_score",90.98
"46915","zcta",2023,"transportation_score",90.72
"46917","zcta",2023,"transportation_score",91.41
"46919","zcta",2023,"transportation_score",90.2
"46920","zcta",2023,"transportation_score",91.28
"46922","zcta",2023,"transportation_score",NA
"46923","zcta",2023,"transportation_score",88.95
"46926","zcta",2023,"transportation_score",89.32
"46928","zcta",2023,"transportation_score",92.46
"46929","zcta",2023,"transportation_score",89.69
"46930","zcta",2023,"transportation_score",91.48
"46931","zcta",2023,"transportation_score",88.58
"46932","zcta",2023,"transportation_score",89.13
"46933","zcta",2023,"transportation_score",118.04
"46936","zcta",2023,"transportation_score",92.02
"46937","zcta",2023,"transportation_score",NA
"46938","zcta",2023,"transportation_score",89.83
"46939","zcta",2023,"transportation_score",90.57
"46940","zcta",2023,"transportation_score",89.76
"46941","zcta",2023,"transportation_score",88.95
"46943","zcta",2023,"transportation_score",90.38
"46945","zcta",2023,"transportation_score",NA
"46946","zcta",2023,"transportation_score",NA
"46947","zcta",2023,"transportation_score",136.94
"46950","zcta",2023,"transportation_score",88.49
"46951","zcta",2023,"transportation_score",94.03
"46952","zcta",2023,"transportation_score",119.35
"46953","zcta",2023,"transportation_score",122.75
"46957","zcta",2023,"transportation_score",88.74
"46958","zcta",2023,"transportation_score",88.89
"46959","zcta",2023,"transportation_score",89.75
"46960","zcta",2023,"transportation_score",97.56
"46961","zcta",2023,"transportation_score",NA
"46962","zcta",2023,"transportation_score",90.75
"46965","zcta",2023,"transportation_score",NA
"46967","zcta",2023,"transportation_score",88.53
"46968","zcta",2023,"transportation_score",86.51
"46970","zcta",2023,"transportation_score",131.94
"46971","zcta",2023,"transportation_score",NA
"46974","zcta",2023,"transportation_score",90
"46975","zcta",2023,"transportation_score",133.22
"46978","zcta",2023,"transportation_score",89.55
"46979","zcta",2023,"transportation_score",90.75
"46980","zcta",2023,"transportation_score",NA
"46982","zcta",2023,"transportation_score",89.36
"46984","zcta",2023,"transportation_score",NA
"46985","zcta",2023,"transportation_score",91.18
"46986","zcta",2023,"transportation_score",93.48
"46987","zcta",2023,"transportation_score",88.84
"46988","zcta",2023,"transportation_score",91.62
"46989","zcta",2023,"transportation_score",96
"46990","zcta",2023,"transportation_score",92.73
"46991","zcta",2023,"transportation_score",96.24
"46992","zcta",2023,"transportation_score",131.63
"46994","zcta",2023,"transportation_score",89.62
"46996","zcta",2023,"transportation_score",91.89
"46998","zcta",2023,"transportation_score",80.67
"47001","zcta",2023,"transportation_score",90.23
"47003","zcta",2023,"transportation_score",89.44
"47006","zcta",2023,"transportation_score",90.15
"47010","zcta",2023,"transportation_score",97.65
"47011","zcta",2023,"transportation_score",90.02
"47012","zcta",2023,"transportation_score",94.13
"47016","zcta",2023,"transportation_score",95.13
"47017","zcta",2023,"transportation_score",88.72
"47018","zcta",2023,"transportation_score",90.17
"47020","zcta",2023,"transportation_score",88.54
"47021","zcta",2023,"transportation_score",NA
"47022","zcta",2023,"transportation_score",89.85
"47023","zcta",2023,"transportation_score",90.06
"47024","zcta",2023,"transportation_score",89.92
"47025","zcta",2023,"transportation_score",127.73
"47030","zcta",2023,"transportation_score",91.35
"47031","zcta",2023,"transportation_score",90.79
"47032","zcta",2023,"transportation_score",90.87
"47033","zcta",2023,"transportation_score",NA
"47034","zcta",2023,"transportation_score",87.1
"47035","zcta",2023,"transportation_score",93.42
"47036","zcta",2023,"transportation_score",89.83
"47037","zcta",2023,"transportation_score",89.65
"47038","zcta",2023,"transportation_score",92.1
"47040","zcta",2023,"transportation_score",89.93
"47041","zcta",2023,"transportation_score",100.98
"47042","zcta",2023,"transportation_score",90.97
"47043","zcta",2023,"transportation_score",90.34
"47060","zcta",2023,"transportation_score",90.39
"47102","zcta",2023,"transportation_score",90.47
"47104","zcta",2023,"transportation_score",NA
"47106","zcta",2023,"transportation_score",90.02
"47108","zcta",2023,"transportation_score",91.78
"47110","zcta",2023,"transportation_score",86.72
"47111","zcta",2023,"transportation_score",90.65
"47112","zcta",2023,"transportation_score",91.35
"47114","zcta",2023,"transportation_score",94.61
"47115","zcta",2023,"transportation_score",88.09
"47116","zcta",2023,"transportation_score",90.83
"47117","zcta",2023,"transportation_score",89.32
"47118","zcta",2023,"transportation_score",91.2
"47119","zcta",2023,"transportation_score",89.69
"47120","zcta",2023,"transportation_score",92.29
"47122","zcta",2023,"transportation_score",90.47
"47123","zcta",2023,"transportation_score",92.68
"47124","zcta",2023,"transportation_score",89.95
"47125","zcta",2023,"transportation_score",91.57
"47126","zcta",2023,"transportation_score",91.68
"47129","zcta",2023,"transportation_score",121.19
"47130","zcta",2023,"transportation_score",121.68
"47135","zcta",2023,"transportation_score",90.07
"47136","zcta",2023,"transportation_score",90.63
"47138","zcta",2023,"transportation_score",91.1
"47140","zcta",2023,"transportation_score",95.08
"47141","zcta",2023,"transportation_score",88.54
"47142","zcta",2023,"transportation_score",86.85
"47143","zcta",2023,"transportation_score",90.5
"47145","zcta",2023,"transportation_score",90.48
"47147","zcta",2023,"transportation_score",97.34
"47150","zcta",2023,"transportation_score",123.35
"47160","zcta",2023,"transportation_score",NA
"47161","zcta",2023,"transportation_score",92.32
"47162","zcta",2023,"transportation_score",88.34
"47163","zcta",2023,"transportation_score",94.56
"47164","zcta",2023,"transportation_score",91.22
"47165","zcta",2023,"transportation_score",91.29
"47166","zcta",2023,"transportation_score",89.28
"47167","zcta",2023,"transportation_score",93.06
"47170","zcta",2023,"transportation_score",90.27
"47172","zcta",2023,"transportation_score",90.96
"47174","zcta",2023,"transportation_score",NA
"47175","zcta",2023,"transportation_score",89.4
"47177","zcta",2023,"transportation_score",87.96
"47201","zcta",2023,"transportation_score",131.18
"47203","zcta",2023,"transportation_score",130.29
"47220","zcta",2023,"transportation_score",89.47
"47223","zcta",2023,"transportation_score",87.62
"47224","zcta",2023,"transportation_score",94.21
"47225","zcta",2023,"transportation_score",NA
"47226","zcta",2023,"transportation_score",91.62
"47227","zcta",2023,"transportation_score",89.08
"47229","zcta",2023,"transportation_score",90.75
"47230","zcta",2023,"transportation_score",90.2
"47231","zcta",2023,"transportation_score",88.63
"47232","zcta",2023,"transportation_score",90.19
"47234","zcta",2023,"transportation_score",89.82
"47235","zcta",2023,"transportation_score",88.83
"47236","zcta",2023,"transportation_score",82.94
"47240","zcta",2023,"transportation_score",91.39
"47243","zcta",2023,"transportation_score",92.9
"47244","zcta",2023,"transportation_score",90.14
"47246","zcta",2023,"transportation_score",90.18
"47247","zcta",2023,"transportation_score",88.2
"47250","zcta",2023,"transportation_score",89.88
"47260","zcta",2023,"transportation_score",92.05
"47263","zcta",2023,"transportation_score",89.35
"47264","zcta",2023,"transportation_score",89.96
"47265","zcta",2023,"transportation_score",90.42
"47270","zcta",2023,"transportation_score",86.98
"47272","zcta",2023,"transportation_score",90.44
"47273","zcta",2023,"transportation_score",90.07
"47274","zcta",2023,"transportation_score",133.86
"47280","zcta",2023,"transportation_score",93.43
"47281","zcta",2023,"transportation_score",89.77
"47282","zcta",2023,"transportation_score",90.15
"47283","zcta",2023,"transportation_score",91.05
"47302","zcta",2023,"transportation_score",119.03
"47303","zcta",2023,"transportation_score",119.16
"47304","zcta",2023,"transportation_score",118.9
"47305","zcta",2023,"transportation_score",97.22
"47306","zcta",2023,"transportation_score",NA
"47320","zcta",2023,"transportation_score",89.77
"47324","zcta",2023,"transportation_score",90.24
"47325","zcta",2023,"transportation_score",91.77
"47326","zcta",2023,"transportation_score",96.8
"47327","zcta",2023,"transportation_score",89.9
"47330","zcta",2023,"transportation_score",89.16
"47331","zcta",2023,"transportation_score",131.4
"47334","zcta",2023,"transportation_score",90.77
"47335","zcta",2023,"transportation_score",92.17
"47336","zcta",2023,"transportation_score",88.87
"47337","zcta",2023,"transportation_score",87.56
"47338","zcta",2023,"transportation_score",88.66
"47339","zcta",2023,"transportation_score",97.02
"47340","zcta",2023,"transportation_score",91.81
"47341","zcta",2023,"transportation_score",94.88
"47342","zcta",2023,"transportation_score",92.32
"47344","zcta",2023,"transportation_score",89.43
"47345","zcta",2023,"transportation_score",90.96
"47346","zcta",2023,"transportation_score",91.32
"47348","zcta",2023,"transportation_score",91.31
"47351","zcta",2023,"transportation_score",89.8
"47352","zcta",2023,"transportation_score",89.18
"47353","zcta",2023,"transportation_score",90.12
"47354","zcta",2023,"transportation_score",91.26
"47355","zcta",2023,"transportation_score",91.88
"47356","zcta",2023,"transportation_score",91.47
"47357","zcta",2023,"transportation_score",90
"47358","zcta",2023,"transportation_score",92.72
"47359","zcta",2023,"transportation_score",90.47
"47360","zcta",2023,"transportation_score",91.12
"47361","zcta",2023,"transportation_score",90.65
"47362","zcta",2023,"transportation_score",115.27
"47366","zcta",2023,"transportation_score",NA
"47367","zcta",2023,"transportation_score",84.02
"47368","zcta",2023,"transportation_score",89.48
"47369","zcta",2023,"transportation_score",92.81
"47370","zcta",2023,"transportation_score",88.82
"47371","zcta",2023,"transportation_score",93.49
"47373","zcta",2023,"transportation_score",92.02
"47374","zcta",2023,"transportation_score",124.56
"47380","zcta",2023,"transportation_score",90.71
"47381","zcta",2023,"transportation_score",90.61
"47382","zcta",2023,"transportation_score",91.75
"47383","zcta",2023,"transportation_score",89.12
"47384","zcta",2023,"transportation_score",89.44
"47385","zcta",2023,"transportation_score",88.66
"47386","zcta",2023,"transportation_score",92.43
"47387","zcta",2023,"transportation_score",93.4
"47388","zcta",2023,"transportation_score",92.22
"47390","zcta",2023,"transportation_score",90.52
"47392","zcta",2023,"transportation_score",86.23
"47393","zcta",2023,"transportation_score",95.65
"47394","zcta",2023,"transportation_score",91.14
"47396","zcta",2023,"transportation_score",117.84
"47401","zcta",2023,"transportation_score",97.47
"47403","zcta",2023,"transportation_score",92.07
"47404","zcta",2023,"transportation_score",94.82
"47405","zcta",2023,"transportation_score",NA
"47406","zcta",2023,"transportation_score",NA
"47408","zcta",2023,"transportation_score",97.6
"47420","zcta",2023,"transportation_score",NA
"47421","zcta",2023,"transportation_score",90.74
"47424","zcta",2023,"transportation_score",90.7
"47427","zcta",2023,"transportation_score",92.78
"47429","zcta",2023,"transportation_score",91.17
"47431","zcta",2023,"transportation_score",89.16
"47432","zcta",2023,"transportation_score",90.66
"47433","zcta",2023,"transportation_score",89.58
"47434","zcta",2023,"transportation_score",NA
"47435","zcta",2023,"transportation_score",55.89
"47436","zcta",2023,"transportation_score",90.9
"47437","zcta",2023,"transportation_score",NA
"47438","zcta",2023,"transportation_score",91.83
"47441","zcta",2023,"transportation_score",90.28
"47443","zcta",2023,"transportation_score",105.35
"47445","zcta",2023,"transportation_score",NA
"47446","zcta",2023,"transportation_score",91.06
"47448","zcta",2023,"transportation_score",93.53
"47449","zcta",2023,"transportation_score",88.5
"47451","zcta",2023,"transportation_score",90.02
"47452","zcta",2023,"transportation_score",93.09
"47453","zcta",2023,"transportation_score",97.22
"47454","zcta",2023,"transportation_score",130.88
"47455","zcta",2023,"transportation_score",NA
"47456","zcta",2023,"transportation_score",89.17
"47457","zcta",2023,"transportation_score",NA
"47458","zcta",2023,"transportation_score",NA
"47459","zcta",2023,"transportation_score",92.23
"47460","zcta",2023,"transportation_score",89.92
"47462","zcta",2023,"transportation_score",88.93
"47464","zcta",2023,"transportation_score",87.79
"47465","zcta",2023,"transportation_score",88.05
"47467","zcta",2023,"transportation_score",NA
"47468","zcta",2023,"transportation_score",92.07
"47469","zcta",2023,"transportation_score",91.9
"47470","zcta",2023,"transportation_score",91.3
"47471","zcta",2023,"transportation_score",91.83
"47501","zcta",2023,"transportation_score",106.26
"47512","zcta",2023,"transportation_score",90.53
"47513","zcta",2023,"transportation_score",91.28
"47514","zcta",2023,"transportation_score",NA
"47515","zcta",2023,"transportation_score",87.98
"47516","zcta",2023,"transportation_score",89.29
"47519","zcta",2023,"transportation_score",89.74
"47520","zcta",2023,"transportation_score",91.36
"47521","zcta",2023,"transportation_score",90.24
"47522","zcta",2023,"transportation_score",92.19
"47523","zcta",2023,"transportation_score",91.16
"47524","zcta",2023,"transportation_score",94.13
"47525","zcta",2023,"transportation_score",91.12
"47527","zcta",2023,"transportation_score",88.2
"47528","zcta",2023,"transportation_score",88.92
"47529","zcta",2023,"transportation_score",90.86
"47531","zcta",2023,"transportation_score",90.32
"47532","zcta",2023,"transportation_score",89.34
"47535","zcta",2023,"transportation_score",89.68
"47537","zcta",2023,"transportation_score",88.01
"47541","zcta",2023,"transportation_score",90.38
"47542","zcta",2023,"transportation_score",90.4
"47546","zcta",2023,"transportation_score",90.52
"47550","zcta",2023,"transportation_score",88.6
"47551","zcta",2023,"transportation_score",90.23
"47552","zcta",2023,"transportation_score",86.98
"47553","zcta",2023,"transportation_score",122.18
"47557","zcta",2023,"transportation_score",88.55
"47558","zcta",2023,"transportation_score",103
"47561","zcta",2023,"transportation_score",90.1
"47562","zcta",2023,"transportation_score",101.26
"47564","zcta",2023,"transportation_score",92.61
"47567","zcta",2023,"transportation_score",89.21
"47568","zcta",2023,"transportation_score",95.47
"47573","zcta",2023,"transportation_score",NA
"47574","zcta",2023,"transportation_score",95.73
"47575","zcta",2023,"transportation_score",91.16
"47576","zcta",2023,"transportation_score",90.49
"47577","zcta",2023,"transportation_score",91.34
"47578","zcta",2023,"transportation_score",89.57
"47579","zcta",2023,"transportation_score",89.88
"47580","zcta",2023,"transportation_score",81.28
"47581","zcta",2023,"transportation_score",89.57
"47584","zcta",2023,"transportation_score",90.72
"47585","zcta",2023,"transportation_score",96.67
"47586","zcta",2023,"transportation_score",89.54
"47588","zcta",2023,"transportation_score",90.85
"47590","zcta",2023,"transportation_score",90.77
"47591","zcta",2023,"transportation_score",132.05
"47596","zcta",2023,"transportation_score",NA
"47597","zcta",2023,"transportation_score",90.63
"47598","zcta",2023,"transportation_score",92.05
"47601","zcta",2023,"transportation_score",90.09
"47610","zcta",2023,"transportation_score",115.71
"47611","zcta",2023,"transportation_score",89.48
"47612","zcta",2023,"transportation_score",89.68
"47613","zcta",2023,"transportation_score",88.22
"47615","zcta",2023,"transportation_score",90.22
"47616","zcta",2023,"transportation_score",91.57
"47619","zcta",2023,"transportation_score",91.11
"47620","zcta",2023,"transportation_score",90.22
"47630","zcta",2023,"transportation_score",114.72
"47631","zcta",2023,"transportation_score",90.67
"47633","zcta",2023,"transportation_score",92.84
"47634","zcta",2023,"transportation_score",89.02
"47635","zcta",2023,"transportation_score",89.82
"47637","zcta",2023,"transportation_score",88.33
"47638","zcta",2023,"transportation_score",91.39
"47639","zcta",2023,"transportation_score",91.63
"47640","zcta",2023,"transportation_score",87.9
"47648","zcta",2023,"transportation_score",90.78
"47649","zcta",2023,"transportation_score",89.13
"47654","zcta",2023,"transportation_score",NA
"47660","zcta",2023,"transportation_score",92.06
"47665","zcta",2023,"transportation_score",88.93
"47666","zcta",2023,"transportation_score",88.96
"47670","zcta",2023,"transportation_score",90.84
"47683","zcta",2023,"transportation_score",NA
"47708","zcta",2023,"transportation_score",98.11
"47710","zcta",2023,"transportation_score",115.13
"47711","zcta",2023,"transportation_score",117.25
"47712","zcta",2023,"transportation_score",115.98
"47713","zcta",2023,"transportation_score",120.94
"47714","zcta",2023,"transportation_score",118.33
"47715","zcta",2023,"transportation_score",116.17
"47720","zcta",2023,"transportation_score",89.75
"47725","zcta",2023,"transportation_score",114.52
"47802","zcta",2023,"transportation_score",127.58
"47803","zcta",2023,"transportation_score",125.02
"47804","zcta",2023,"transportation_score",126.24
"47805","zcta",2023,"transportation_score",123.79
"47807","zcta",2023,"transportation_score",132.14
"47809","zcta",2023,"transportation_score",NA
"47831","zcta",2023,"transportation_score",NA
"47832","zcta",2023,"transportation_score",92.09
"47833","zcta",2023,"transportation_score",92.36
"47834","zcta",2023,"transportation_score",124.37
"47836","zcta",2023,"transportation_score",NA
"47837","zcta",2023,"transportation_score",89.55
"47838","zcta",2023,"transportation_score",NA
"47840","zcta",2023,"transportation_score",90.76
"47841","zcta",2023,"transportation_score",92.1
"47842","zcta",2023,"transportation_score",91.58
"47845","zcta",2023,"transportation_score",NA
"47846","zcta",2023,"transportation_score",89.65
"47847","zcta",2023,"transportation_score",88.18
"47848","zcta",2023,"transportation_score",89.83
"47849","zcta",2023,"transportation_score",92.04
"47850","zcta",2023,"transportation_score",90.11
"47851","zcta",2023,"transportation_score",NA
"47853","zcta",2023,"transportation_score",87.13
"47854","zcta",2023,"transportation_score",88.75
"47855","zcta",2023,"transportation_score",91.1
"47857","zcta",2023,"transportation_score",94.48
"47858","zcta",2023,"transportation_score",86.75
"47859","zcta",2023,"transportation_score",102.37
"47860","zcta",2023,"transportation_score",90.95
"47861","zcta",2023,"transportation_score",88.43
"47862","zcta",2023,"transportation_score",91.76
"47863","zcta",2023,"transportation_score",86.19
"47865","zcta",2023,"transportation_score",NA
"47866","zcta",2023,"transportation_score",85.86
"47868","zcta",2023,"transportation_score",91.19
"47869","zcta",2023,"transportation_score",NA
"47870","zcta",2023,"transportation_score",NA
"47871","zcta",2023,"transportation_score",94.43
"47872","zcta",2023,"transportation_score",96.06
"47874","zcta",2023,"transportation_score",89.51
"47875","zcta",2023,"transportation_score",NA
"47876","zcta",2023,"transportation_score",NA
"47879","zcta",2023,"transportation_score",93.54
"47880","zcta",2023,"transportation_score",NA
"47881","zcta",2023,"transportation_score",88.06
"47882","zcta",2023,"transportation_score",89.78
"47884","zcta",2023,"transportation_score",89.44
"47885","zcta",2023,"transportation_score",125.38
"47901","zcta",2023,"transportation_score",105.12
"47904","zcta",2023,"transportation_score",134.46
"47905","zcta",2023,"transportation_score",131.74
"47906","zcta",2023,"transportation_score",137.79
"47907","zcta",2023,"transportation_score",NA
"47909","zcta",2023,"transportation_score",129.51
"47916","zcta",2023,"transportation_score",NA
"47917","zcta",2023,"transportation_score",90.36
"47918","zcta",2023,"transportation_score",91.09
"47920","zcta",2023,"transportation_score",90.7
"47921","zcta",2023,"transportation_score",96.7
"47922","zcta",2023,"transportation_score",92.47
"47923","zcta",2023,"transportation_score",91.89
"47924","zcta",2023,"transportation_score",NA
"47925","zcta",2023,"transportation_score",NA
"47926","zcta",2023,"transportation_score",89.87
"47928","zcta",2023,"transportation_score",89.25
"47929","zcta",2023,"transportation_score",90.03
"47930","zcta",2023,"transportation_score",88.96
"47932","zcta",2023,"transportation_score",92.76
"47933","zcta",2023,"transportation_score",92.02
"47940","zcta",2023,"transportation_score",90.54
"47941","zcta",2023,"transportation_score",89.5
"47942","zcta",2023,"transportation_score",91.02
"47943","zcta",2023,"transportation_score",89.8
"47944","zcta",2023,"transportation_score",90.89
"47946","zcta",2023,"transportation_score",89.71
"47948","zcta",2023,"transportation_score",90.49
"47949","zcta",2023,"transportation_score",90.33
"47950","zcta",2023,"transportation_score",90.69
"47951","zcta",2023,"transportation_score",91.51
"47952","zcta",2023,"transportation_score",88.87
"47954","zcta",2023,"transportation_score",90.31
"47955","zcta",2023,"transportation_score",89.74
"47957","zcta",2023,"transportation_score",90.82
"47958","zcta",2023,"transportation_score",88.93
"47959","zcta",2023,"transportation_score",90.04
"47960","zcta",2023,"transportation_score",131.98
"47963","zcta",2023,"transportation_score",92.45
"47964","zcta",2023,"transportation_score",NA
"47965","zcta",2023,"transportation_score",89.58
"47966","zcta",2023,"transportation_score",89.68
"47967","zcta",2023,"transportation_score",89.77
"47968","zcta",2023,"transportation_score",89.14
"47969","zcta",2023,"transportation_score",90.27
"47970","zcta",2023,"transportation_score",90.44
"47971","zcta",2023,"transportation_score",90.37
"47974","zcta",2023,"transportation_score",90.01
"47975","zcta",2023,"transportation_score",89.35
"47977","zcta",2023,"transportation_score",90.1
"47978","zcta",2023,"transportation_score",90.75
"47980","zcta",2023,"transportation_score",90.96
"47981","zcta",2023,"transportation_score",86.92
"47982","zcta",2023,"transportation_score",NA
"47983","zcta",2023,"transportation_score",87.13
"47986","zcta",2023,"transportation_score",NA
"47987","zcta",2023,"transportation_score",89.85
"47989","zcta",2023,"transportation_score",93.07
"47990","zcta",2023,"transportation_score",90.29
"47991","zcta",2023,"transportation_score",90.95
"47992","zcta",2023,"transportation_score",88.57
"47993","zcta",2023,"transportation_score",91.6
"47994","zcta",2023,"transportation_score",89.08
"47995","zcta",2023,"transportation_score",91.43
"47997","zcta",2023,"transportation_score",89.15
"41095","zcta",2023,"transportation_rnk",47.6257
"46001","zcta",2023,"transportation_rnk",34.0207
"46011","zcta",2023,"transportation_rnk",40.595
"46012","zcta",2023,"transportation_rnk",68.624
"46013","zcta",2023,"transportation_rnk",63.3218
"46016","zcta",2023,"transportation_rnk",71.2686
"46017","zcta",2023,"transportation_rnk",58.7997
"46030","zcta",2023,"transportation_rnk",66.1509
"46031","zcta",2023,"transportation_rnk",40.8539
"46032","zcta",2023,"transportation_rnk",80.2738
"46033","zcta",2023,"transportation_rnk",80.1573
"46034","zcta",2023,"transportation_rnk",38.1575
"46035","zcta",2023,"transportation_rnk",18.4249
"46036","zcta",2023,"transportation_rnk",46.5413
"46037","zcta",2023,"transportation_rnk",80.29
"46038","zcta",2023,"transportation_rnk",80.1703
"46039","zcta",2023,"transportation_rnk",11.7211
"46040","zcta",2023,"transportation_rnk",80.5975
"46041","zcta",2023,"transportation_rnk",94.099
"46044","zcta",2023,"transportation_rnk",14.7962
"46045","zcta",2023,"transportation_rnk",1.9551
"46047","zcta",2023,"transportation_rnk",NA
"46048","zcta",2023,"transportation_rnk",25.5139
"46049","zcta",2023,"transportation_rnk",9.2578
"46050","zcta",2023,"transportation_rnk",41.3265
"46051","zcta",2023,"transportation_rnk",41.0093
"46052","zcta",2023,"transportation_rnk",94.2252
"46055","zcta",2023,"transportation_rnk",51.701
"46056","zcta",2023,"transportation_rnk",18.2986
"46057","zcta",2023,"transportation_rnk",62.1176
"46058","zcta",2023,"transportation_rnk",19.7715
"46060","zcta",2023,"transportation_rnk",79.8854
"46062","zcta",2023,"transportation_rnk",79.688
"46063","zcta",2023,"transportation_rnk",34.4738
"46064","zcta",2023,"transportation_rnk",45.007
"46065","zcta",2023,"transportation_rnk",29.8191
"46068","zcta",2023,"transportation_rnk",19.9074
"46069","zcta",2023,"transportation_rnk",59.1752
"46070","zcta",2023,"transportation_rnk",18.9914
"46071","zcta",2023,"transportation_rnk",51.8435
"46072","zcta",2023,"transportation_rnk",48.0206
"46074","zcta",2023,"transportation_rnk",80.8403
"46075","zcta",2023,"transportation_rnk",37.0051
"46076","zcta",2023,"transportation_rnk",11.8765
"46077","zcta",2023,"transportation_rnk",80.6105
"46102","zcta",2023,"transportation_rnk",16.0101
"46103","zcta",2023,"transportation_rnk",37.3191
"46104","zcta",2023,"transportation_rnk",6.27
"46105","zcta",2023,"transportation_rnk",9.2578
"46106","zcta",2023,"transportation_rnk",44.0585
"46107","zcta",2023,"transportation_rnk",79.3384
"46110","zcta",2023,"transportation_rnk",40.595
"46111","zcta",2023,"transportation_rnk",5.4252
"46112","zcta",2023,"transportation_rnk",79.8725
"46113","zcta",2023,"transportation_rnk",79.3028
"46115","zcta",2023,"transportation_rnk",36.0535
"46117","zcta",2023,"transportation_rnk",14.3301
"46118","zcta",2023,"transportation_rnk",35.2831
"46120","zcta",2023,"transportation_rnk",45.5475
"46121","zcta",2023,"transportation_rnk",16.5701
"46122","zcta",2023,"transportation_rnk",79.5617
"46123","zcta",2023,"transportation_rnk",80.1055
"46124","zcta",2023,"transportation_rnk",93.8724
"46125","zcta",2023,"transportation_rnk",NA
"46126","zcta",2023,"transportation_rnk",45.6641
"46127","zcta",2023,"transportation_rnk",50.1538
"46128","zcta",2023,"transportation_rnk",47.0624
"46130","zcta",2023,"transportation_rnk",8.3287
"46131","zcta",2023,"transportation_rnk",79.5423
"46133","zcta",2023,"transportation_rnk",9.9764
"46135","zcta",2023,"transportation_rnk",52.5977
"46140","zcta",2023,"transportation_rnk",79.6491
"46142","zcta",2023,"transportation_rnk",79.7592
"46143","zcta",2023,"transportation_rnk",79.9469
"46144","zcta",2023,"transportation_rnk",2.8939
"46146","zcta",2023,"transportation_rnk",3.1237
"46147","zcta",2023,"transportation_rnk",17.7257
"46148","zcta",2023,"transportation_rnk",27.5564
"46149","zcta",2023,"transportation_rnk",15.9292
"46150","zcta",2023,"transportation_rnk",21.0727
"46151","zcta",2023,"transportation_rnk",48.5126
"46154","zcta",2023,"transportation_rnk",NA
"46155","zcta",2023,"transportation_rnk",NA
"46156","zcta",2023,"transportation_rnk",60.7937
"46157","zcta",2023,"transportation_rnk",34.1663
"46158","zcta",2023,"transportation_rnk",79.0794
"46160","zcta",2023,"transportation_rnk",25.6725
"46161","zcta",2023,"transportation_rnk",48.1339
"46162","zcta",2023,"transportation_rnk",11.3359
"46163","zcta",2023,"transportation_rnk",25.2258
"46164","zcta",2023,"transportation_rnk",18.153
"46165","zcta",2023,"transportation_rnk",56.673
"46166","zcta",2023,"transportation_rnk",48.9625
"46167","zcta",2023,"transportation_rnk",25.6725
"46168","zcta",2023,"transportation_rnk",79.9858
"46170","zcta",2023,"transportation_rnk",NA
"46171","zcta",2023,"transportation_rnk",16.9521
"46172","zcta",2023,"transportation_rnk",14.042
"46173","zcta",2023,"transportation_rnk",94.0019
"46175","zcta",2023,"transportation_rnk",57.3269
"46176","zcta",2023,"transportation_rnk",94.5942
"46180","zcta",2023,"transportation_rnk",42.2458
"46181","zcta",2023,"transportation_rnk",35.5776
"46182","zcta",2023,"transportation_rnk",57.7704
"46183","zcta",2023,"transportation_rnk",NA
"46184","zcta",2023,"transportation_rnk",22.9923
"46186","zcta",2023,"transportation_rnk",11.0446
"46201","zcta",2023,"transportation_rnk",86.751
"46202","zcta",2023,"transportation_rnk",86.6151
"46203","zcta",2023,"transportation_rnk",81.3032
"46204","zcta",2023,"transportation_rnk",75.0914
"46205","zcta",2023,"transportation_rnk",81.3194
"46206","zcta",2023,"transportation_rnk",NA
"46208","zcta",2023,"transportation_rnk",85.9159
"46214","zcta",2023,"transportation_rnk",79.6621
"46216","zcta",2023,"transportation_rnk",67.0249
"46217","zcta",2023,"transportation_rnk",80.1994
"46218","zcta",2023,"transportation_rnk",89.632
"46219","zcta",2023,"transportation_rnk",83.2616
"46220","zcta",2023,"transportation_rnk",80.5878
"46221","zcta",2023,"transportation_rnk",81.3906
"46222","zcta",2023,"transportation_rnk",84.6859
"46224","zcta",2023,"transportation_rnk",81.8373
"46225","zcta",2023,"transportation_rnk",87.3434
"46226","zcta",2023,"transportation_rnk",84.8283
"46227","zcta",2023,"transportation_rnk",82.2419
"46228","zcta",2023,"transportation_rnk",80.0958
"46229","zcta",2023,"transportation_rnk",79.853
"46231","zcta",2023,"transportation_rnk",24.436
"46234","zcta",2023,"transportation_rnk",81.1996
"46235","zcta",2023,"transportation_rnk",81.656
"46236","zcta",2023,"transportation_rnk",79.7074
"46237","zcta",2023,"transportation_rnk",79.6588
"46239","zcta",2023,"transportation_rnk",80.3159
"46240","zcta",2023,"transportation_rnk",80.2415
"46241","zcta",2023,"transportation_rnk",79.9858
"46250","zcta",2023,"transportation_rnk",82.7016
"46254","zcta",2023,"transportation_rnk",82.789
"46256","zcta",2023,"transportation_rnk",79.8854
"46259","zcta",2023,"transportation_rnk",79.4549
"46260","zcta",2023,"transportation_rnk",81.0669
"46268","zcta",2023,"transportation_rnk",80.481
"46278","zcta",2023,"transportation_rnk",79.3999
"46280","zcta",2023,"transportation_rnk",50.0275
"46290","zcta",2023,"transportation_rnk",1.8095
"46301","zcta",2023,"transportation_rnk",54.2388
"46302","zcta",2023,"transportation_rnk",NA
"46303","zcta",2023,"transportation_rnk",93.1603
"46304","zcta",2023,"transportation_rnk",95.4359
"46307","zcta",2023,"transportation_rnk",95.2125
"46310","zcta",2023,"transportation_rnk",62.3798
"46311","zcta",2023,"transportation_rnk",94.3159
"46312","zcta",2023,"transportation_rnk",95.1122
"46319","zcta",2023,"transportation_rnk",94.7885
"46320","zcta",2023,"transportation_rnk",95.3517
"46321","zcta",2023,"transportation_rnk",96.0056
"46322","zcta",2023,"transportation_rnk",95.6592
"46323","zcta",2023,"transportation_rnk",95.6139
"46324","zcta",2023,"transportation_rnk",97.6888
"46327","zcta",2023,"transportation_rnk",94.5619
"46340","zcta",2023,"transportation_rnk",22.688
"46341","zcta",2023,"transportation_rnk",14.7962
"46342","zcta",2023,"transportation_rnk",93.2185
"46345","zcta",2023,"transportation_rnk",NA
"46346","zcta",2023,"transportation_rnk",10.5461
"46347","zcta",2023,"transportation_rnk",13.8834
"46348","zcta",2023,"transportation_rnk",11.0446
"46349","zcta",2023,"transportation_rnk",28.411
"46350","zcta",2023,"transportation_rnk",95.8437
"46356","zcta",2023,"transportation_rnk",19.2406
"46360","zcta",2023,"transportation_rnk",96.4717
"46365","zcta",2023,"transportation_rnk",16.0101
"46366","zcta",2023,"transportation_rnk",17.3696
"46368","zcta",2023,"transportation_rnk",94.6331
"46371","zcta",2023,"transportation_rnk",7.1926
"46373","zcta",2023,"transportation_rnk",94.6331
"46374","zcta",2023,"transportation_rnk",6.8236
"46375","zcta",2023,"transportation_rnk",96.2807
"46376","zcta",2023,"transportation_rnk",63.707
"46377","zcta",2023,"transportation_rnk",NA
"46379","zcta",2023,"transportation_rnk",7.4612
"46381","zcta",2023,"transportation_rnk",13.1389
"46382","zcta",2023,"transportation_rnk",16.8193
"46383","zcta",2023,"transportation_rnk",94.5748
"46385","zcta",2023,"transportation_rnk",93.6232
"46390","zcta",2023,"transportation_rnk",19.7715
"46391","zcta",2023,"transportation_rnk",NA
"46392","zcta",2023,"transportation_rnk",33.1564
"46393","zcta",2023,"transportation_rnk",39.7987
"46394","zcta",2023,"transportation_rnk",94.6104
"46402","zcta",2023,"transportation_rnk",95.5168
"46403","zcta",2023,"transportation_rnk",96.6821
"46404","zcta",2023,"transportation_rnk",95.9473
"46405","zcta",2023,"transportation_rnk",93.3124
"46406","zcta",2023,"transportation_rnk",93.8206
"46407","zcta",2023,"transportation_rnk",95.5362
"46408","zcta",2023,"transportation_rnk",93.7915
"46409","zcta",2023,"transportation_rnk",95.164
"46410","zcta",2023,"transportation_rnk",96.0185
"46501","zcta",2023,"transportation_rnk",75.0138
"46502","zcta",2023,"transportation_rnk",NA
"46504","zcta",2023,"transportation_rnk",65.018
"46506","zcta",2023,"transportation_rnk",64.1084
"46507","zcta",2023,"transportation_rnk",56.673
"46508","zcta",2023,"transportation_rnk",65.1992
"46510","zcta",2023,"transportation_rnk",41.6567
"46511","zcta",2023,"transportation_rnk",53.8892
"46513","zcta",2023,"transportation_rnk",NA
"46514","zcta",2023,"transportation_rnk",79.4193
"46516","zcta",2023,"transportation_rnk",78.7233
"46517","zcta",2023,"transportation_rnk",79.1959
"46524","zcta",2023,"transportation_rnk",77.5904
"46526","zcta",2023,"transportation_rnk",79.416
"46528","zcta",2023,"transportation_rnk",79.3707
"46530","zcta",2023,"transportation_rnk",87.6574
"46531","zcta",2023,"transportation_rnk",10.2742
"46532","zcta",2023,"transportation_rnk",33.5869
"46534","zcta",2023,"transportation_rnk",52.8113
"46536","zcta",2023,"transportation_rnk",14.2557
"46537","zcta",2023,"transportation_rnk",7.4612
"46538","zcta",2023,"transportation_rnk",22.1765
"46539","zcta",2023,"transportation_rnk",25.9768
"46540","zcta",2023,"transportation_rnk",75.1141
"46542","zcta",2023,"transportation_rnk",59.8453
"46543","zcta",2023,"transportation_rnk",77.5418
"46544","zcta",2023,"transportation_rnk",90.2535
"46545","zcta",2023,"transportation_rnk",89.7129
"46550","zcta",2023,"transportation_rnk",74.2951
"46552","zcta",2023,"transportation_rnk",29.0713
"46553","zcta",2023,"transportation_rnk",56.4367
"46554","zcta",2023,"transportation_rnk",22.3254
"46555","zcta",2023,"transportation_rnk",14.7962
"46556","zcta",2023,"transportation_rnk",NA
"46561","zcta",2023,"transportation_rnk",87.9843
"46562","zcta",2023,"transportation_rnk",58.2786
"46563","zcta",2023,"transportation_rnk",94.1637
"46565","zcta",2023,"transportation_rnk",77.4512
"46567","zcta",2023,"transportation_rnk",49.3445
"46570","zcta",2023,"transportation_rnk",7.7429
"46571","zcta",2023,"transportation_rnk",80.0019
"46572","zcta",2023,"transportation_rnk",0.4499
"46573","zcta",2023,"transportation_rnk",60.7387
"46574","zcta",2023,"transportation_rnk",33.4348
"46580","zcta",2023,"transportation_rnk",97.6111
"46582","zcta",2023,"transportation_rnk",97.6564
"46590","zcta",2023,"transportation_rnk",35.1568
"46595","zcta",2023,"transportation_rnk",NA
"46601","zcta",2023,"transportation_rnk",93.4484
"46613","zcta",2023,"transportation_rnk",91.8687
"46614","zcta",2023,"transportation_rnk",87.9617
"46615","zcta",2023,"transportation_rnk",90.5092
"46616","zcta",2023,"transportation_rnk",72.1782
"46617","zcta",2023,"transportation_rnk",92.3348
"46619","zcta",2023,"transportation_rnk",89.9136
"46624","zcta",2023,"transportation_rnk",NA
"46628","zcta",2023,"transportation_rnk",92.2474
"46635","zcta",2023,"transportation_rnk",26.5788
"46637","zcta",2023,"transportation_rnk",89.4118
"46701","zcta",2023,"transportation_rnk",42.9838
"46702","zcta",2023,"transportation_rnk",7.3609
"46703","zcta",2023,"transportation_rnk",44.6509
"46704","zcta",2023,"transportation_rnk",NA
"46705","zcta",2023,"transportation_rnk",25.6725
"46706","zcta",2023,"transportation_rnk",37.659
"46710","zcta",2023,"transportation_rnk",23.1509
"46711","zcta",2023,"transportation_rnk",70.7409
"46714","zcta",2023,"transportation_rnk",32.2792
"46721","zcta",2023,"transportation_rnk",46.2273
"46723","zcta",2023,"transportation_rnk",50.8465
"46725","zcta",2023,"transportation_rnk",93.8595
"46730","zcta",2023,"transportation_rnk",18.9914
"46731","zcta",2023,"transportation_rnk",19.1144
"46732","zcta",2023,"transportation_rnk",47.7325
"46733","zcta",2023,"transportation_rnk",39.6239
"46737","zcta",2023,"transportation_rnk",24.2806
"46738","zcta",2023,"transportation_rnk",67.7856
"46740","zcta",2023,"transportation_rnk",78.7751
"46741","zcta",2023,"transportation_rnk",75.7194
"46742","zcta",2023,"transportation_rnk",26.5788
"46743","zcta",2023,"transportation_rnk",70.4626
"46745","zcta",2023,"transportation_rnk",18.7518
"46746","zcta",2023,"transportation_rnk",59.2367
"46747","zcta",2023,"transportation_rnk",22.4938
"46748","zcta",2023,"transportation_rnk",26.4202
"46750","zcta",2023,"transportation_rnk",97.6467
"46755","zcta",2023,"transportation_rnk",37.0051
"46759","zcta",2023,"transportation_rnk",4.6256
"46760","zcta",2023,"transportation_rnk",30.5797
"46761","zcta",2023,"transportation_rnk",96.9346
"46763","zcta",2023,"transportation_rnk",62.0561
"46764","zcta",2023,"transportation_rnk",4.9396
"46765","zcta",2023,"transportation_rnk",15.0617
"46766","zcta",2023,"transportation_rnk",2.418
"46767","zcta",2023,"transportation_rnk",72.8385
"46770","zcta",2023,"transportation_rnk",23.426
"46771","zcta",2023,"transportation_rnk",0.5891
"46772","zcta",2023,"transportation_rnk",77.6292
"46773","zcta",2023,"transportation_rnk",20.9789
"46774","zcta",2023,"transportation_rnk",94.9147
"46776","zcta",2023,"transportation_rnk",30.7578
"46777","zcta",2023,"transportation_rnk",14.4563
"46778","zcta",2023,"transportation_rnk",NA
"46779","zcta",2023,"transportation_rnk",22.4938
"46781","zcta",2023,"transportation_rnk",31.1753
"46783","zcta",2023,"transportation_rnk",25.3844
"46784","zcta",2023,"transportation_rnk",24.8729
"46785","zcta",2023,"transportation_rnk",43.2363
"46786","zcta",2023,"transportation_rnk",NA
"46787","zcta",2023,"transportation_rnk",67.2223
"46788","zcta",2023,"transportation_rnk",68.87
"46789","zcta",2023,"transportation_rnk",0.5373
"46791","zcta",2023,"transportation_rnk",9.8857
"46792","zcta",2023,"transportation_rnk",16.2237
"46793","zcta",2023,"transportation_rnk",14.4563
"46794","zcta",2023,"transportation_rnk",63.7879
"46795","zcta",2023,"transportation_rnk",70.5467
"46796","zcta",2023,"transportation_rnk",0.5114
"46797","zcta",2023,"transportation_rnk",69.9932
"46798","zcta",2023,"transportation_rnk",6.8721
"46799","zcta",2023,"transportation_rnk",19.587
"46802","zcta",2023,"transportation_rnk",95.8372
"46803","zcta",2023,"transportation_rnk",96.4523
"46804","zcta",2023,"transportation_rnk",95.0215
"46805","zcta",2023,"transportation_rnk",95.4941
"46806","zcta",2023,"transportation_rnk",95.8599
"46807","zcta",2023,"transportation_rnk",95.6689
"46808","zcta",2023,"transportation_rnk",95.2287
"46809","zcta",2023,"transportation_rnk",95.1704
"46814","zcta",2023,"transportation_rnk",94.6881
"46815","zcta",2023,"transportation_rnk",95.4877
"46816","zcta",2023,"transportation_rnk",95.5621
"46818","zcta",2023,"transportation_rnk",95.4229
"46819","zcta",2023,"transportation_rnk",20.1437
"46825","zcta",2023,"transportation_rnk",95.3549
"46835","zcta",2023,"transportation_rnk",95.0215
"46845","zcta",2023,"transportation_rnk",95.1478
"46901","zcta",2023,"transportation_rnk",91.4932
"46902","zcta",2023,"transportation_rnk",89.564
"46910","zcta",2023,"transportation_rnk",60.6157
"46911","zcta",2023,"transportation_rnk",11.4298
"46913","zcta",2023,"transportation_rnk",64.1084
"46914","zcta",2023,"transportation_rnk",35.2831
"46915","zcta",2023,"transportation_rnk",31.3534
"46917","zcta",2023,"transportation_rnk",41.8897
"46919","zcta",2023,"transportation_rnk",23.2901
"46920","zcta",2023,"transportation_rnk",39.9637
"46922","zcta",2023,"transportation_rnk",NA
"46923","zcta",2023,"transportation_rnk",10.0638
"46926","zcta",2023,"transportation_rnk",12.8055
"46928","zcta",2023,"transportation_rnk",54.145
"46929","zcta",2023,"transportation_rnk",16.6899
"46930","zcta",2023,"transportation_rnk",42.7929
"46931","zcta",2023,"transportation_rnk",8.0115
"46932","zcta",2023,"transportation_rnk",11.2776
"46933","zcta",2023,"transportation_rnk",85.3009
"46936","zcta",2023,"transportation_rnk",49.4416
"46937","zcta",2023,"transportation_rnk",NA
"46938","zcta",2023,"transportation_rnk",18.4249
"46939","zcta",2023,"transportation_rnk",29.0713
"46940","zcta",2023,"transportation_rnk",17.6318
"46941","zcta",2023,"transportation_rnk",10.0638
"46943","zcta",2023,"transportation_rnk",25.9768
"46945","zcta",2023,"transportation_rnk",NA
"46946","zcta",2023,"transportation_rnk",NA
"46947","zcta",2023,"transportation_rnk",95.779
"46950","zcta",2023,"transportation_rnk",7.5551
"46951","zcta",2023,"transportation_rnk",64.7428
"46952","zcta",2023,"transportation_rnk",86.4306
"46953","zcta",2023,"transportation_rnk",89.4345
"46957","zcta",2023,"transportation_rnk",8.8467
"46958","zcta",2023,"transportation_rnk",9.5653
"46959","zcta",2023,"transportation_rnk",17.4926
"46960","zcta",2023,"transportation_rnk",72.9453
"46961","zcta",2023,"transportation_rnk",NA
"46962","zcta",2023,"transportation_rnk",31.8001
"46965","zcta",2023,"transportation_rnk",NA
"46967","zcta",2023,"transportation_rnk",7.7429
"46968","zcta",2023,"transportation_rnk",3.1237
"46970","zcta",2023,"transportation_rnk",94.29
"46971","zcta",2023,"transportation_rnk",NA
"46974","zcta",2023,"transportation_rnk",20.4739
"46975","zcta",2023,"transportation_rnk",94.892
"46978","zcta",2023,"transportation_rnk",15.1458
"46979","zcta",2023,"transportation_rnk",31.8001
"46980","zcta",2023,"transportation_rnk",NA
"46982","zcta",2023,"transportation_rnk",13.1389
"46984","zcta",2023,"transportation_rnk",NA
"46985","zcta",2023,"transportation_rnk",38.4391
"46986","zcta",2023,"transportation_rnk",61.713
"46987","zcta",2023,"transportation_rnk",9.2998
"46988","zcta",2023,"transportation_rnk",44.6509
"46989","zcta",2023,"transportation_rnk",70.5241
"46990","zcta",2023,"transportation_rnk",56.5986
"46991","zcta",2023,"transportation_rnk",70.9805
"46992","zcta",2023,"transportation_rnk",94.1281
"46994","zcta",2023,"transportation_rnk",15.9292
"46996","zcta",2023,"transportation_rnk",47.8652
"46998","zcta",2023,"transportation_rnk",0.3981
"47001","zcta",2023,"transportation_rnk",23.685
"47003","zcta",2023,"transportation_rnk",13.9514
"47006","zcta",2023,"transportation_rnk",22.4938
"47010","zcta",2023,"transportation_rnk",73.0457
"47011","zcta",2023,"transportation_rnk",20.7199
"47012","zcta",2023,"transportation_rnk",65.1572
"47016","zcta",2023,"transportation_rnk",68.5592
"47017","zcta",2023,"transportation_rnk",8.7366
"47018","zcta",2023,"transportation_rnk",22.8369
"47020","zcta",2023,"transportation_rnk",7.7979
"47021","zcta",2023,"transportation_rnk",NA
"47022","zcta",2023,"transportation_rnk",18.6482
"47023","zcta",2023,"transportation_rnk",21.199
"47024","zcta",2023,"transportation_rnk",19.4575
"47025","zcta",2023,"transportation_rnk",92.9693
"47030","zcta",2023,"transportation_rnk",41.0093
"47031","zcta",2023,"transportation_rnk",32.4345
"47032","zcta",2023,"transportation_rnk",33.5869
"47033","zcta",2023,"transportation_rnk",NA
"47034","zcta",2023,"transportation_rnk",3.9006
"47035","zcta",2023,"transportation_rnk",61.3699
"47036","zcta",2023,"transportation_rnk",18.4249
"47037","zcta",2023,"transportation_rnk",16.2237
"47038","zcta",2023,"transportation_rnk",50.3901
"47040","zcta",2023,"transportation_rnk",19.587
"47041","zcta",2023,"transportation_rnk",75.7227
"47042","zcta",2023,"transportation_rnk",35.1568
"47043","zcta",2023,"transportation_rnk",25.3844
"47060","zcta",2023,"transportation_rnk",26.1354
"47102","zcta",2023,"transportation_rnk",27.3492
"47104","zcta",2023,"transportation_rnk",NA
"47106","zcta",2023,"transportation_rnk",20.7199
"47108","zcta",2023,"transportation_rnk",46.6611
"47110","zcta",2023,"transportation_rnk",3.3632
"47111","zcta",2023,"transportation_rnk",30.2399
"47112","zcta",2023,"transportation_rnk",41.0093
"47114","zcta",2023,"transportation_rnk",66.986
"47115","zcta",2023,"transportation_rnk",6.0499
"47116","zcta",2023,"transportation_rnk",33.0107
"47117","zcta",2023,"transportation_rnk",12.8055
"47118","zcta",2023,"transportation_rnk",38.7628
"47119","zcta",2023,"transportation_rnk",16.6899
"47120","zcta",2023,"transportation_rnk",52.384
"47122","zcta",2023,"transportation_rnk",27.3492
"47123","zcta",2023,"transportation_rnk",56.1745
"47124","zcta",2023,"transportation_rnk",19.9074
"47125","zcta",2023,"transportation_rnk",44.0585
"47126","zcta",2023,"transportation_rnk",45.4181
"47129","zcta",2023,"transportation_rnk",87.9002
"47130","zcta",2023,"transportation_rnk",88.2886
"47135","zcta",2023,"transportation_rnk",21.3285
"47136","zcta",2023,"transportation_rnk",29.9582
"47138","zcta",2023,"transportation_rnk",37.1735
"47140","zcta",2023,"transportation_rnk",68.4168
"47141","zcta",2023,"transportation_rnk",7.7979
"47142","zcta",2023,"transportation_rnk",3.4765
"47143","zcta",2023,"transportation_rnk",27.8704
"47145","zcta",2023,"transportation_rnk",27.5564
"47147","zcta",2023,"transportation_rnk",72.7414
"47150","zcta",2023,"transportation_rnk",90.0981
"47160","zcta",2023,"transportation_rnk",NA
"47161","zcta",2023,"transportation_rnk",52.7142
"47162","zcta",2023,"transportation_rnk",6.9692
"47163","zcta",2023,"transportation_rnk",66.7627
"47164","zcta",2023,"transportation_rnk",39.0412
"47165","zcta",2023,"transportation_rnk",40.1191
"47166","zcta",2023,"transportation_rnk",12.4915
"47167","zcta",2023,"transportation_rnk",58.9939
"47170","zcta",2023,"transportation_rnk",24.2806
"47172","zcta",2023,"transportation_rnk",35.0079
"47174","zcta",2023,"transportation_rnk",NA
"47175","zcta",2023,"transportation_rnk",13.5727
"47177","zcta",2023,"transportation_rnk",5.6809
"47201","zcta",2023,"transportation_rnk",93.9566
"47203","zcta",2023,"transportation_rnk",93.7041
"47220","zcta",2023,"transportation_rnk",14.2557
"47223","zcta",2023,"transportation_rnk",4.849
"47224","zcta",2023,"transportation_rnk",65.4485
"47225","zcta",2023,"transportation_rnk",NA
"47226","zcta",2023,"transportation_rnk",44.6509
"47227","zcta",2023,"transportation_rnk",10.9572
"47229","zcta",2023,"transportation_rnk",31.8001
"47230","zcta",2023,"transportation_rnk",23.2901
"47231","zcta",2023,"transportation_rnk",8.2349
"47232","zcta",2023,"transportation_rnk",23.1509
"47234","zcta",2023,"transportation_rnk",18.2986
"47235","zcta",2023,"transportation_rnk",9.2578
"47236","zcta",2023,"transportation_rnk",0.819
"47240","zcta",2023,"transportation_rnk",41.6567
"47243","zcta",2023,"transportation_rnk",57.8869
"47244","zcta",2023,"transportation_rnk",22.3254
"47246","zcta",2023,"transportation_rnk",22.9923
"47247","zcta",2023,"transportation_rnk",6.461
"47250","zcta",2023,"transportation_rnk",18.9914
"47260","zcta",2023,"transportation_rnk",49.7912
"47263","zcta",2023,"transportation_rnk",13.0547
"47264","zcta",2023,"transportation_rnk",20.011
"47265","zcta",2023,"transportation_rnk",26.5788
"47270","zcta",2023,"transportation_rnk",3.5769
"47272","zcta",2023,"transportation_rnk",26.922
"47273","zcta",2023,"transportation_rnk",21.3285
"47274","zcta",2023,"transportation_rnk",95.0927
"47280","zcta",2023,"transportation_rnk",61.4184
"47281","zcta",2023,"transportation_rnk",17.7257
"47282","zcta",2023,"transportation_rnk",22.4938
"47283","zcta",2023,"transportation_rnk",36.3642
"47302","zcta",2023,"transportation_rnk",86.1652
"47303","zcta",2023,"transportation_rnk",86.2687
"47304","zcta",2023,"transportation_rnk",86.0486
"47305","zcta",2023,"transportation_rnk",72.5666
"47306","zcta",2023,"transportation_rnk",NA
"47320","zcta",2023,"transportation_rnk",17.7257
"47324","zcta",2023,"transportation_rnk",23.8274
"47325","zcta",2023,"transportation_rnk",46.5413
"47326","zcta",2023,"transportation_rnk",71.9904
"47327","zcta",2023,"transportation_rnk",19.2406
"47330","zcta",2023,"transportation_rnk",11.501
"47331","zcta",2023,"transportation_rnk",94.0472
"47334","zcta",2023,"transportation_rnk",32.1076
"47335","zcta",2023,"transportation_rnk",51.2025
"47336","zcta",2023,"transportation_rnk",9.452
"47337","zcta",2023,"transportation_rnk",4.7551
"47338","zcta",2023,"transportation_rnk",8.4032
"47339","zcta",2023,"transportation_rnk",72.2979
"47340","zcta",2023,"transportation_rnk",46.9815
"47341","zcta",2023,"transportation_rnk",67.9054
"47342","zcta",2023,"transportation_rnk",52.7142
"47344","zcta",2023,"transportation_rnk",13.8834
"47345","zcta",2023,"transportation_rnk",35.0079
"47346","zcta",2023,"transportation_rnk",40.595
"47348","zcta",2023,"transportation_rnk",40.4299
"47351","zcta",2023,"transportation_rnk",18.0559
"47352","zcta",2023,"transportation_rnk",11.6499
"47353","zcta",2023,"transportation_rnk",22.0309
"47354","zcta",2023,"transportation_rnk",39.6239
"47355","zcta",2023,"transportation_rnk",47.7325
"47356","zcta",2023,"transportation_rnk",42.6278
"47357","zcta",2023,"transportation_rnk",20.4739
"47358","zcta",2023,"transportation_rnk",56.5177
"47359","zcta",2023,"transportation_rnk",27.3492
"47360","zcta",2023,"transportation_rnk",37.5166
"47361","zcta",2023,"transportation_rnk",30.2399
"47362","zcta",2023,"transportation_rnk",82.7566
"47366","zcta",2023,"transportation_rnk",NA
"47367","zcta",2023,"transportation_rnk",1.2786
"47368","zcta",2023,"transportation_rnk",14.3301
"47369","zcta",2023,"transportation_rnk",57.2266
"47370","zcta",2023,"transportation_rnk",9.2222
"47371","zcta",2023,"transportation_rnk",61.8134
"47373","zcta",2023,"transportation_rnk",49.4416
"47374","zcta",2023,"transportation_rnk",91.244
"47380","zcta",2023,"transportation_rnk",31.1753
"47381","zcta",2023,"transportation_rnk",29.7187
"47382","zcta",2023,"transportation_rnk",46.3535
"47383","zcta",2023,"transportation_rnk",11.2097
"47384","zcta",2023,"transportation_rnk",13.9514
"47385","zcta",2023,"transportation_rnk",8.4032
"47386","zcta",2023,"transportation_rnk",53.8892
"47387","zcta",2023,"transportation_rnk",61.2178
"47388","zcta",2023,"transportation_rnk",51.701
"47390","zcta",2023,"transportation_rnk",28.2491
"47392","zcta",2023,"transportation_rnk",2.8453
"47393","zcta",2023,"transportation_rnk",69.7699
"47394","zcta",2023,"transportation_rnk",37.8241
"47396","zcta",2023,"transportation_rnk",85.1293
"47401","zcta",2023,"transportation_rnk",72.8644
"47403","zcta",2023,"transportation_rnk",50.0275
"47404","zcta",2023,"transportation_rnk",67.7241
"47405","zcta",2023,"transportation_rnk",NA
"47406","zcta",2023,"transportation_rnk",NA
"47408","zcta",2023,"transportation_rnk",72.9939
"47420","zcta",2023,"transportation_rnk",NA
"47421","zcta",2023,"transportation_rnk",31.6738
"47424","zcta",2023,"transportation_rnk",31.0394
"47427","zcta",2023,"transportation_rnk",57.0226
"47429","zcta",2023,"transportation_rnk",38.3129
"47431","zcta",2023,"transportation_rnk",11.501
"47432","zcta",2023,"transportation_rnk",30.3855
"47433","zcta",2023,"transportation_rnk",15.5278
"47434","zcta",2023,"transportation_rnk",NA
"47435","zcta",2023,"transportation_rnk",0.0032
"47436","zcta",2023,"transportation_rnk",34.1663
"47437","zcta",2023,"transportation_rnk",NA
"47438","zcta",2023,"transportation_rnk",47.166
"47441","zcta",2023,"transportation_rnk",24.436
"47443","zcta",2023,"transportation_rnk",77.4383
"47445","zcta",2023,"transportation_rnk",NA
"47446","zcta",2023,"transportation_rnk",36.5164
"47448","zcta",2023,"transportation_rnk",62.0561
"47449","zcta",2023,"transportation_rnk",7.5907
"47451","zcta",2023,"transportation_rnk",20.7199
"47452","zcta",2023,"transportation_rnk",59.1752
"47453","zcta",2023,"transportation_rnk",72.5666
"47454","zcta",2023,"transportation_rnk",93.8497
"47455","zcta",2023,"transportation_rnk",NA
"47456","zcta",2023,"transportation_rnk",11.5884
"47457","zcta",2023,"transportation_rnk",NA
"47458","zcta",2023,"transportation_rnk",NA
"47459","zcta",2023,"transportation_rnk",51.8435
"47460","zcta",2023,"transportation_rnk",19.4575
"47462","zcta",2023,"transportation_rnk",9.8857
"47464","zcta",2023,"transportation_rnk",5.2277
"47465","zcta",2023,"transportation_rnk",5.9399
"47467","zcta",2023,"transportation_rnk",NA
"47468","zcta",2023,"transportation_rnk",50.0275
"47469","zcta",2023,"transportation_rnk",48.0206
"47470","zcta",2023,"transportation_rnk",40.2842
"47471","zcta",2023,"transportation_rnk",47.166
"47501","zcta",2023,"transportation_rnk",77.6746
"47512","zcta",2023,"transportation_rnk",28.411
"47513","zcta",2023,"transportation_rnk",39.9637
"47514","zcta",2023,"transportation_rnk",NA
"47515","zcta",2023,"transportation_rnk",5.7392
"47516","zcta",2023,"transportation_rnk",12.5757
"47519","zcta",2023,"transportation_rnk",17.3696
"47520","zcta",2023,"transportation_rnk",41.1711
"47521","zcta",2023,"transportation_rnk",23.8274
"47522","zcta",2023,"transportation_rnk",51.4097
"47523","zcta",2023,"transportation_rnk",38.1575
"47524","zcta",2023,"transportation_rnk",65.1572
"47525","zcta",2023,"transportation_rnk",37.5166
"47527","zcta",2023,"transportation_rnk",6.461
"47528","zcta",2023,"transportation_rnk",9.8016
"47529","zcta",2023,"transportation_rnk",33.4348
"47531","zcta",2023,"transportation_rnk",25.0445
"47532","zcta",2023,"transportation_rnk",12.9868
"47535","zcta",2023,"transportation_rnk",16.5701
"47537","zcta",2023,"transportation_rnk",5.8169
"47541","zcta",2023,"transportation_rnk",25.9768
"47542","zcta",2023,"transportation_rnk",26.2843
"47546","zcta",2023,"transportation_rnk",28.2491
"47550","zcta",2023,"transportation_rnk",8.1054
"47551","zcta",2023,"transportation_rnk",23.685
"47552","zcta",2023,"transportation_rnk",3.5769
"47553","zcta",2023,"transportation_rnk",88.8259
"47557","zcta",2023,"transportation_rnk",7.8367
"47558","zcta",2023,"transportation_rnk",76.7002
"47561","zcta",2023,"transportation_rnk",21.759
"47562","zcta",2023,"transportation_rnk",75.9072
"47564","zcta",2023,"transportation_rnk",55.5369
"47567","zcta",2023,"transportation_rnk",11.8765
"47568","zcta",2023,"transportation_rnk",69.3944
"47573","zcta",2023,"transportation_rnk",NA
"47574","zcta",2023,"transportation_rnk",69.922
"47575","zcta",2023,"transportation_rnk",38.1575
"47576","zcta",2023,"transportation_rnk",27.7247
"47577","zcta",2023,"transportation_rnk",40.8539
"47578","zcta",2023,"transportation_rnk",15.3886
"47579","zcta",2023,"transportation_rnk",18.9914
"47580","zcta",2023,"transportation_rnk",0.4953
"47581","zcta",2023,"transportation_rnk",15.3886
"47584","zcta",2023,"transportation_rnk",31.3534
"47585","zcta",2023,"transportation_rnk",71.7606
"47586","zcta",2023,"transportation_rnk",15.0617
"47588","zcta",2023,"transportation_rnk",33.3312
"47590","zcta",2023,"transportation_rnk",32.1076
"47591","zcta",2023,"transportation_rnk",94.3612
"47596","zcta",2023,"transportation_rnk",NA
"47597","zcta",2023,"transportation_rnk",29.9582
"47598","zcta",2023,"transportation_rnk",49.7912
"47601","zcta",2023,"transportation_rnk",21.6133
"47610","zcta",2023,"transportation_rnk",83.1807
"47611","zcta",2023,"transportation_rnk",14.3301
"47612","zcta",2023,"transportation_rnk",16.5701
"47613","zcta",2023,"transportation_rnk",6.5387
"47615","zcta",2023,"transportation_rnk",23.5523
"47616","zcta",2023,"transportation_rnk",44.0585
"47619","zcta",2023,"transportation_rnk",37.3191
"47620","zcta",2023,"transportation_rnk",23.5523
"47630","zcta",2023,"transportation_rnk",82.2808
"47631","zcta",2023,"transportation_rnk",30.5797
"47633","zcta",2023,"transportation_rnk",57.4564
"47634","zcta",2023,"transportation_rnk",10.5461
"47635","zcta",2023,"transportation_rnk",18.2986
"47637","zcta",2023,"transportation_rnk",6.9498
"47638","zcta",2023,"transportation_rnk",41.6567
"47639","zcta",2023,"transportation_rnk",44.7901
"47640","zcta",2023,"transportation_rnk",5.5158
"47648","zcta",2023,"transportation_rnk",32.2792
"47649","zcta",2023,"transportation_rnk",11.2776
"47654","zcta",2023,"transportation_rnk",NA
"47660","zcta",2023,"transportation_rnk",49.8916
"47665","zcta",2023,"transportation_rnk",9.8857
"47666","zcta",2023,"transportation_rnk",10.1091
"47670","zcta",2023,"transportation_rnk",33.1564
"47683","zcta",2023,"transportation_rnk",NA
"47708","zcta",2023,"transportation_rnk",73.6186
"47710","zcta",2023,"transportation_rnk",82.6368
"47711","zcta",2023,"transportation_rnk",84.5596
"47712","zcta",2023,"transportation_rnk",83.3878
"47713","zcta",2023,"transportation_rnk",87.6833
"47714","zcta",2023,"transportation_rnk",85.5695
"47715","zcta",2023,"transportation_rnk",83.5853
"47720","zcta",2023,"transportation_rnk",17.4926
"47725","zcta",2023,"transportation_rnk",82.1319
"47802","zcta",2023,"transportation_rnk",92.9143
"47803","zcta",2023,"transportation_rnk",91.5903
"47804","zcta",2023,"transportation_rnk",92.351
"47805","zcta",2023,"transportation_rnk",90.5804
"47807","zcta",2023,"transportation_rnk",94.4194
"47809","zcta",2023,"transportation_rnk",NA
"47831","zcta",2023,"transportation_rnk",NA
"47832","zcta",2023,"transportation_rnk",50.2573
"47833","zcta",2023,"transportation_rnk",53.1706
"47834","zcta",2023,"transportation_rnk",91.0983
"47836","zcta",2023,"transportation_rnk",NA
"47837","zcta",2023,"transportation_rnk",15.1458
"47838","zcta",2023,"transportation_rnk",NA
"47840","zcta",2023,"transportation_rnk",31.9522
"47841","zcta",2023,"transportation_rnk",50.3901
"47842","zcta",2023,"transportation_rnk",44.1556
"47845","zcta",2023,"transportation_rnk",NA
"47846","zcta",2023,"transportation_rnk",16.2237
"47847","zcta",2023,"transportation_rnk",6.3671
"47848","zcta",2023,"transportation_rnk",18.4249
"47849","zcta",2023,"transportation_rnk",49.7038
"47850","zcta",2023,"transportation_rnk",21.882
"47851","zcta",2023,"transportation_rnk",NA
"47853","zcta",2023,"transportation_rnk",4.0041
"47854","zcta",2023,"transportation_rnk",8.8952
"47855","zcta",2023,"transportation_rnk",37.1735
"47857","zcta",2023,"transportation_rnk",66.4649
"47858","zcta",2023,"transportation_rnk",3.3956
"47859","zcta",2023,"transportation_rnk",76.4672
"47860","zcta",2023,"transportation_rnk",34.8623
"47861","zcta",2023,"transportation_rnk",7.3091
"47862","zcta",2023,"transportation_rnk",46.4507
"47863","zcta",2023,"transportation_rnk",2.8194
"47865","zcta",2023,"transportation_rnk",NA
"47866","zcta",2023,"transportation_rnk",2.3857
"47868","zcta",2023,"transportation_rnk",38.6042
"47869","zcta",2023,"transportation_rnk",NA
"47870","zcta",2023,"transportation_rnk",NA
"47871","zcta",2023,"transportation_rnk",66.2998
"47872","zcta",2023,"transportation_rnk",70.6341
"47874","zcta",2023,"transportation_rnk",14.657
"47875","zcta",2023,"transportation_rnk",NA
"47876","zcta",2023,"transportation_rnk",NA
"47879","zcta",2023,"transportation_rnk",62.1176
"47880","zcta",2023,"transportation_rnk",NA
"47881","zcta",2023,"transportation_rnk",5.969
"47882","zcta",2023,"transportation_rnk",17.8228
"47884","zcta",2023,"transportation_rnk",13.9514
"47885","zcta",2023,"transportation_rnk",91.8817
"47901","zcta",2023,"transportation_rnk",77.3832
"47904","zcta",2023,"transportation_rnk",95.2934
"47905","zcta",2023,"transportation_rnk",94.1896
"47906","zcta",2023,"transportation_rnk",95.9538
"47907","zcta",2023,"transportation_rnk",NA
"47909","zcta",2023,"transportation_rnk",93.4937
"47916","zcta",2023,"transportation_rnk",NA
"47917","zcta",2023,"transportation_rnk",25.6725
"47918","zcta",2023,"transportation_rnk",37.0051
"47920","zcta",2023,"transportation_rnk",31.0394
"47921","zcta",2023,"transportation_rnk",71.8091
"47922","zcta",2023,"transportation_rnk",54.2388
"47923","zcta",2023,"transportation_rnk",47.8652
"47924","zcta",2023,"transportation_rnk",NA
"47925","zcta",2023,"transportation_rnk",NA
"47926","zcta",2023,"transportation_rnk",18.8586
"47928","zcta",2023,"transportation_rnk",12.2358
"47929","zcta",2023,"transportation_rnk",20.8526
"47930","zcta",2023,"transportation_rnk",10.1091
"47932","zcta",2023,"transportation_rnk",56.8575
"47933","zcta",2023,"transportation_rnk",49.4416
"47940","zcta",2023,"transportation_rnk",28.5469
"47941","zcta",2023,"transportation_rnk",14.5599
"47942","zcta",2023,"transportation_rnk",35.8949
"47943","zcta",2023,"transportation_rnk",18.0559
"47944","zcta",2023,"transportation_rnk",34.0207
"47946","zcta",2023,"transportation_rnk",16.9521
"47948","zcta",2023,"transportation_rnk",27.7247
"47949","zcta",2023,"transportation_rnk",25.2258
"47950","zcta",2023,"transportation_rnk",30.8937
"47951","zcta",2023,"transportation_rnk",43.2363
"47952","zcta",2023,"transportation_rnk",9.452
"47954","zcta",2023,"transportation_rnk",24.8729
"47955","zcta",2023,"transportation_rnk",17.3696
"47957","zcta",2023,"transportation_rnk",32.823
"47958","zcta",2023,"transportation_rnk",9.8857
"47959","zcta",2023,"transportation_rnk",20.9789
"47960","zcta",2023,"transportation_rnk",94.3159
"47963","zcta",2023,"transportation_rnk",54.0543
"47964","zcta",2023,"transportation_rnk",NA
"47965","zcta",2023,"transportation_rnk",15.5278
"47966","zcta",2023,"transportation_rnk",16.5701
"47967","zcta",2023,"transportation_rnk",17.7257
"47968","zcta",2023,"transportation_rnk",11.3359
"47969","zcta",2023,"transportation_rnk",24.2806
"47970","zcta",2023,"transportation_rnk",26.922
"47971","zcta",2023,"transportation_rnk",25.8376
"47974","zcta",2023,"transportation_rnk",20.5904
"47975","zcta",2023,"transportation_rnk",13.0547
"47977","zcta",2023,"transportation_rnk",21.759
"47978","zcta",2023,"transportation_rnk",31.8001
"47980","zcta",2023,"transportation_rnk",35.0079
"47981","zcta",2023,"transportation_rnk",3.5315
"47982","zcta",2023,"transportation_rnk",NA
"47983","zcta",2023,"transportation_rnk",4.0041
"47986","zcta",2023,"transportation_rnk",NA
"47987","zcta",2023,"transportation_rnk",18.6482
"47989","zcta",2023,"transportation_rnk",59.0393
"47990","zcta",2023,"transportation_rnk",24.5881
"47991","zcta",2023,"transportation_rnk",34.8623
"47992","zcta",2023,"transportation_rnk",7.963
"47993","zcta",2023,"transportation_rnk",44.3855
"47994","zcta",2023,"transportation_rnk",10.9572
"47995","zcta",2023,"transportation_rnk",42.1066
"47997","zcta",2023,"transportation_rnk",11.4298
"41095","zcta",2023,"transportation_state_rnk",56.6576
"46001","zcta",2023,"transportation_state_rnk",44.4973
"46011","zcta",2023,"transportation_state_rnk",50.8152
"46012","zcta",2023,"transportation_state_rnk",70.5163
"46013","zcta",2023,"transportation_state_rnk",67.3913
"46016","zcta",2023,"transportation_state_rnk",72.1467
"46017","zcta",2023,"transportation_state_rnk",64.6739
"46030","zcta",2023,"transportation_state_rnk",68.8859
"46031","zcta",2023,"transportation_state_rnk",51.1549
"46032","zcta",2023,"transportation_state_rnk",80.8424
"46033","zcta",2023,"transportation_state_rnk",80.2989
"46034","zcta",2023,"transportation_state_rnk",48.6413
"46035","zcta",2023,"transportation_state_rnk",24.6603
"46036","zcta",2023,"transportation_state_rnk",55.7745
"46037","zcta",2023,"transportation_state_rnk",80.9783
"46038","zcta",2023,"transportation_state_rnk",80.4348
"46039","zcta",2023,"transportation_state_rnk",14.538
"46040","zcta",2023,"transportation_state_rnk",81.5217
"46041","zcta",2023,"transportation_state_rnk",92.1196
"46044","zcta",2023,"transportation_state_rnk",18.6141
"46045","zcta",2023,"transportation_state_rnk",1.3587
"46047","zcta",2023,"transportation_state_rnk",NA
"46048","zcta",2023,"transportation_state_rnk",35.0543
"46049","zcta",2023,"transportation_state_rnk",9.9185
"46050","zcta",2023,"transportation_state_rnk",51.9022
"46051","zcta",2023,"transportation_state_rnk",51.4946
"46052","zcta",2023,"transportation_state_rnk",92.663
"46055","zcta",2023,"transportation_state_rnk",60.5299
"46056","zcta",2023,"transportation_state_rnk",24.1848
"46057","zcta",2023,"transportation_state_rnk",67.0516
"46058","zcta",2023,"transportation_state_rnk",27.106
"46060","zcta",2023,"transportation_state_rnk",79.2799
"46062","zcta",2023,"transportation_state_rnk",78.5326
"46063","zcta",2023,"transportation_state_rnk",44.9728
"46064","zcta",2023,"transportation_state_rnk",54.7554
"46065","zcta",2023,"transportation_state_rnk",39.538
"46068","zcta",2023,"transportation_state_rnk",27.3777
"46069","zcta",2023,"transportation_state_rnk",65.1495
"46070","zcta",2023,"transportation_state_rnk",25.7473
"46071","zcta",2023,"transportation_state_rnk",60.8016
"46072","zcta",2023,"transportation_state_rnk",57.4049
"46074","zcta",2023,"transportation_state_rnk",81.7935
"46075","zcta",2023,"transportation_state_rnk",47.1467
"46076","zcta",2023,"transportation_state_rnk",14.7418
"46077","zcta",2023,"transportation_state_rnk",81.6576
"46102","zcta",2023,"transportation_state_rnk",20.3125
"46103","zcta",2023,"transportation_state_rnk",47.7582
"46104","zcta",2023,"transportation_state_rnk",5.4348
"46105","zcta",2023,"transportation_state_rnk",9.9185
"46106","zcta",2023,"transportation_state_rnk",53.6685
"46107","zcta",2023,"transportation_state_rnk",77.038
"46110","zcta",2023,"transportation_state_rnk",50.8152
"46111","zcta",2023,"transportation_state_rnk",4.3478
"46112","zcta",2023,"transportation_state_rnk",79.0761
"46113","zcta",2023,"transportation_state_rnk",76.9022
"46115","zcta",2023,"transportation_state_rnk",46.6033
"46117","zcta",2023,"transportation_state_rnk",17.663
"46118","zcta",2023,"transportation_state_rnk",46.1277
"46120","zcta",2023,"transportation_state_rnk",55.0272
"46121","zcta",2023,"transportation_state_rnk",21.1277
"46122","zcta",2023,"transportation_state_rnk",77.9891
"46123","zcta",2023,"transportation_state_rnk",80.163
"46124","zcta",2023,"transportation_state_rnk",91.5761
"46125","zcta",2023,"transportation_state_rnk",NA
"46126","zcta",2023,"transportation_state_rnk",55.163
"46127","zcta",2023,"transportation_state_rnk",59.5109
"46128","zcta",2023,"transportation_state_rnk",56.25
"46130","zcta",2023,"transportation_state_rnk",8.8315
"46131","zcta",2023,"transportation_state_rnk",77.8533
"46133","zcta",2023,"transportation_state_rnk",11.413
"46135","zcta",2023,"transportation_state_rnk",61.1413
"46140","zcta",2023,"transportation_state_rnk",78.125
"46142","zcta",2023,"transportation_state_rnk",78.8043
"46143","zcta",2023,"transportation_state_rnk",79.4837
"46144","zcta",2023,"transportation_state_rnk",2.038
"46146","zcta",2023,"transportation_state_rnk",2.2418
"46147","zcta",2023,"transportation_state_rnk",23.1658
"46148","zcta",2023,"transportation_state_rnk",37.8397
"46149","zcta",2023,"transportation_state_rnk",20.0408
"46150","zcta",2023,"transportation_state_rnk",29.0761
"46151","zcta",2023,"transportation_state_rnk",57.7446
"46154","zcta",2023,"transportation_state_rnk",NA
"46155","zcta",2023,"transportation_state_rnk",NA
"46156","zcta",2023,"transportation_state_rnk",65.8967
"46157","zcta",2023,"transportation_state_rnk",44.769
"46158","zcta",2023,"transportation_state_rnk",76.6304
"46160","zcta",2023,"transportation_state_rnk",35.394
"46161","zcta",2023,"transportation_state_rnk",57.6087
"46162","zcta",2023,"transportation_state_rnk",13.519
"46163","zcta",2023,"transportation_state_rnk",34.5788
"46164","zcta",2023,"transportation_state_rnk",23.913
"46165","zcta",2023,"transportation_state_rnk",63.3832
"46166","zcta",2023,"transportation_state_rnk",57.8804
"46167","zcta",2023,"transportation_state_rnk",35.394
"46168","zcta",2023,"transportation_state_rnk",79.6875
"46170","zcta",2023,"transportation_state_rnk",NA
"46171","zcta",2023,"transportation_state_rnk",21.9429
"46172","zcta",2023,"transportation_state_rnk",17.1196
"46173","zcta",2023,"transportation_state_rnk",91.8478
"46175","zcta",2023,"transportation_state_rnk",63.9946
"46176","zcta",2023,"transportation_state_rnk",93.75
"46180","zcta",2023,"transportation_state_rnk",52.7174
"46181","zcta",2023,"transportation_state_rnk",46.3315
"46182","zcta",2023,"transportation_state_rnk",64.2663
"46183","zcta",2023,"transportation_state_rnk",NA
"46184","zcta",2023,"transportation_state_rnk",31.5897
"46186","zcta",2023,"transportation_state_rnk",12.8397
"46201","zcta",2023,"transportation_state_rnk",86.0054
"46202","zcta",2023,"transportation_state_rnk",85.8696
"46203","zcta",2023,"transportation_state_rnk",82.2011
"46204","zcta",2023,"transportation_state_rnk",74.4565
"46205","zcta",2023,"transportation_state_rnk",82.337
"46206","zcta",2023,"transportation_state_rnk",NA
"46208","zcta",2023,"transportation_state_rnk",85.1902
"46214","zcta",2023,"transportation_state_rnk",78.3967
"46216","zcta",2023,"transportation_state_rnk",69.5652
"46217","zcta",2023,"transportation_state_rnk",80.5707
"46218","zcta",2023,"transportation_state_rnk",87.6359
"46219","zcta",2023,"transportation_state_rnk",83.9674
"46220","zcta",2023,"transportation_state_rnk",81.3859
"46221","zcta",2023,"transportation_state_rnk",82.4728
"46222","zcta",2023,"transportation_state_rnk",84.5109
"46224","zcta",2023,"transportation_state_rnk",82.7446
"46225","zcta",2023,"transportation_state_rnk",86.1413
"46226","zcta",2023,"transportation_state_rnk",84.6467
"46227","zcta",2023,"transportation_state_rnk",83.0163
"46228","zcta",2023,"transportation_state_rnk",80.0272
"46229","zcta",2023,"transportation_state_rnk",78.9402
"46231","zcta",2023,"transportation_state_rnk",33.7636
"46234","zcta",2023,"transportation_state_rnk",82.0652
"46235","zcta",2023,"transportation_state_rnk",82.6087
"46236","zcta",2023,"transportation_state_rnk",78.6685
"46237","zcta",2023,"transportation_state_rnk",78.2609
"46239","zcta",2023,"transportation_state_rnk",81.1141
"46240","zcta",2023,"transportation_state_rnk",80.7065
"46241","zcta",2023,"transportation_state_rnk",79.6875
"46250","zcta",2023,"transportation_state_rnk",83.4239
"46254","zcta",2023,"transportation_state_rnk",83.6957
"46256","zcta",2023,"transportation_state_rnk",79.2799
"46259","zcta",2023,"transportation_state_rnk",77.7174
"46260","zcta",2023,"transportation_state_rnk",81.9293
"46268","zcta",2023,"transportation_state_rnk",81.25
"46278","zcta",2023,"transportation_state_rnk",77.3098
"46280","zcta",2023,"transportation_state_rnk",59.2391
"46290","zcta",2023,"transportation_state_rnk",1.2228
"46301","zcta",2023,"transportation_state_rnk",62.4321
"46302","zcta",2023,"transportation_state_rnk",NA
"46303","zcta",2023,"transportation_state_rnk",90.0815
"46304","zcta",2023,"transportation_state_rnk",96.6033
"46307","zcta",2023,"transportation_state_rnk",95.788
"46310","zcta",2023,"transportation_state_rnk",67.2554
"46311","zcta",2023,"transportation_state_rnk",93.0027
"46312","zcta",2023,"transportation_state_rnk",95.2446
"46319","zcta",2023,"transportation_state_rnk",94.4293
"46320","zcta",2023,"transportation_state_rnk",96.1957
"46321","zcta",2023,"transportation_state_rnk",98.6413
"46322","zcta",2023,"transportation_state_rnk",97.5543
"46323","zcta",2023,"transportation_state_rnk",97.4185
"46324","zcta",2023,"transportation_state_rnk",100
"46327","zcta",2023,"transportation_state_rnk",93.4783
"46340","zcta",2023,"transportation_state_rnk",31.25
"46341","zcta",2023,"transportation_state_rnk",18.6141
"46342","zcta",2023,"transportation_state_rnk",90.2174
"46345","zcta",2023,"transportation_state_rnk",NA
"46346","zcta",2023,"transportation_state_rnk",12.2962
"46347","zcta",2023,"transportation_state_rnk",16.5082
"46348","zcta",2023,"transportation_state_rnk",12.8397
"46349","zcta",2023,"transportation_state_rnk",38.7908
"46350","zcta",2023,"transportation_state_rnk",98.0978
"46356","zcta",2023,"transportation_state_rnk",26.2908
"46360","zcta",2023,"transportation_state_rnk",99.1848
"46365","zcta",2023,"transportation_state_rnk",20.3125
"46366","zcta",2023,"transportation_state_rnk",22.2826
"46368","zcta",2023,"transportation_state_rnk",94.0897
"46371","zcta",2023,"transportation_state_rnk",6.6576
"46373","zcta",2023,"transportation_state_rnk",94.0897
"46374","zcta",2023,"transportation_state_rnk",6.1141
"46375","zcta",2023,"transportation_state_rnk",98.913
"46376","zcta",2023,"transportation_state_rnk",67.5272
"46377","zcta",2023,"transportation_state_rnk",NA
"46379","zcta",2023,"transportation_state_rnk",7.1332
"46381","zcta",2023,"transportation_state_rnk",16.1005
"46382","zcta",2023,"transportation_state_rnk",21.7391
"46383","zcta",2023,"transportation_state_rnk",93.6141
"46385","zcta",2023,"transportation_state_rnk",90.7609
"46390","zcta",2023,"transportation_state_rnk",27.106
"46391","zcta",2023,"transportation_state_rnk",NA
"46392","zcta",2023,"transportation_state_rnk",43.5462
"46393","zcta",2023,"transportation_state_rnk",49.8641
"46394","zcta",2023,"transportation_state_rnk",93.8859
"46402","zcta",2023,"transportation_state_rnk",97.0109
"46403","zcta",2023,"transportation_state_rnk",99.3207
"46404","zcta",2023,"transportation_state_rnk",98.3696
"46405","zcta",2023,"transportation_state_rnk",90.3533
"46406","zcta",2023,"transportation_state_rnk",91.1685
"46407","zcta",2023,"transportation_state_rnk",97.1467
"46408","zcta",2023,"transportation_state_rnk",91.0326
"46409","zcta",2023,"transportation_state_rnk",95.5163
"46410","zcta",2023,"transportation_state_rnk",98.7772
"46501","zcta",2023,"transportation_state_rnk",74.3207
"46502","zcta",2023,"transportation_state_rnk",NA
"46504","zcta",2023,"transportation_state_rnk",68.2065
"46506","zcta",2023,"transportation_state_rnk",67.8668
"46507","zcta",2023,"transportation_state_rnk",63.3832
"46508","zcta",2023,"transportation_state_rnk",68.6141
"46510","zcta",2023,"transportation_state_rnk",52.1739
"46511","zcta",2023,"transportation_state_rnk",61.8886
"46513","zcta",2023,"transportation_state_rnk",NA
"46514","zcta",2023,"transportation_state_rnk",77.5815
"46516","zcta",2023,"transportation_state_rnk",76.3587
"46517","zcta",2023,"transportation_state_rnk",76.7663
"46524","zcta",2023,"transportation_state_rnk",75.9511
"46526","zcta",2023,"transportation_state_rnk",77.4457
"46528","zcta",2023,"transportation_state_rnk",77.1739
"46530","zcta",2023,"transportation_state_rnk",86.2772
"46531","zcta",2023,"transportation_state_rnk",12.0924
"46532","zcta",2023,"transportation_state_rnk",44.2255
"46534","zcta",2023,"transportation_state_rnk",61.5489
"46536","zcta",2023,"transportation_state_rnk",17.3234
"46537","zcta",2023,"transportation_state_rnk",7.1332
"46538","zcta",2023,"transportation_state_rnk",30.2989
"46539","zcta",2023,"transportation_state_rnk",36.0054
"46540","zcta",2023,"transportation_state_rnk",74.5924
"46542","zcta",2023,"transportation_state_rnk",65.4891
"46543","zcta",2023,"transportation_state_rnk",75.8152
"46544","zcta",2023,"transportation_state_rnk",88.1793
"46545","zcta",2023,"transportation_state_rnk",87.7717
"46550","zcta",2023,"transportation_state_rnk",74.1848
"46552","zcta",2023,"transportation_state_rnk",39.1984
"46553","zcta",2023,"transportation_state_rnk",62.9076
"46554","zcta",2023,"transportation_state_rnk",30.5027
"46555","zcta",2023,"transportation_state_rnk",18.6141
"46556","zcta",2023,"transportation_state_rnk",NA
"46561","zcta",2023,"transportation_state_rnk",86.8207
"46562","zcta",2023,"transportation_state_rnk",64.538
"46563","zcta",2023,"transportation_state_rnk",92.3913
"46565","zcta",2023,"transportation_state_rnk",75.6793
"46567","zcta",2023,"transportation_state_rnk",58.0163
"46570","zcta",2023,"transportation_state_rnk",7.6766
"46571","zcta",2023,"transportation_state_rnk",79.8913
"46572","zcta",2023,"transportation_state_rnk",0.2717
"46573","zcta",2023,"transportation_state_rnk",65.7609
"46574","zcta",2023,"transportation_state_rnk",43.9538
"46580","zcta",2023,"transportation_state_rnk",99.5924
"46582","zcta",2023,"transportation_state_rnk",99.8641
"46590","zcta",2023,"transportation_state_rnk",45.856
"46595","zcta",2023,"transportation_state_rnk",NA
"46601","zcta",2023,"transportation_state_rnk",90.4891
"46613","zcta",2023,"transportation_state_rnk",89.1304
"46614","zcta",2023,"transportation_state_rnk",86.6848
"46615","zcta",2023,"transportation_state_rnk",88.3152
"46616","zcta",2023,"transportation_state_rnk",72.6902
"46617","zcta",2023,"transportation_state_rnk",89.538
"46619","zcta",2023,"transportation_state_rnk",87.9076
"46624","zcta",2023,"transportation_state_rnk",NA
"46628","zcta",2023,"transportation_state_rnk",89.4022
"46635","zcta",2023,"transportation_state_rnk",36.8207
"46637","zcta",2023,"transportation_state_rnk",87.2283
"46701","zcta",2023,"transportation_state_rnk",53.125
"46702","zcta",2023,"transportation_state_rnk",6.9293
"46703","zcta",2023,"transportation_state_rnk",54.3478
"46704","zcta",2023,"transportation_state_rnk",NA
"46705","zcta",2023,"transportation_state_rnk",35.394
"46706","zcta",2023,"transportation_state_rnk",48.2337
"46710","zcta",2023,"transportation_state_rnk",31.8614
"46711","zcta",2023,"transportation_state_rnk",71.875
"46714","zcta",2023,"transportation_state_rnk",42.8668
"46721","zcta",2023,"transportation_state_rnk",55.2989
"46723","zcta",2023,"transportation_state_rnk",60.0543
"46725","zcta",2023,"transportation_state_rnk",91.4402
"46730","zcta",2023,"transportation_state_rnk",25.7473
"46731","zcta",2023,"transportation_state_rnk",26.087
"46732","zcta",2023,"transportation_state_rnk",56.8614
"46733","zcta",2023,"transportation_state_rnk",49.6603
"46737","zcta",2023,"transportation_state_rnk",33.4239
"46738","zcta",2023,"transportation_state_rnk",69.9728
"46740","zcta",2023,"transportation_state_rnk",76.4946
"46741","zcta",2023,"transportation_state_rnk",74.7283
"46742","zcta",2023,"transportation_state_rnk",36.8207
"46743","zcta",2023,"transportation_state_rnk",71.3315
"46745","zcta",2023,"transportation_state_rnk",25.2717
"46746","zcta",2023,"transportation_state_rnk",65.3533
"46747","zcta",2023,"transportation_state_rnk",30.9103
"46748","zcta",2023,"transportation_state_rnk",36.5489
"46750","zcta",2023,"transportation_state_rnk",99.7283
"46755","zcta",2023,"transportation_state_rnk",47.1467
"46759","zcta",2023,"transportation_state_rnk",3.6685
"46760","zcta",2023,"transportation_state_rnk",40.4212
"46761","zcta",2023,"transportation_state_rnk",99.4565
"46763","zcta",2023,"transportation_state_rnk",66.7799
"46764","zcta",2023,"transportation_state_rnk",4.0761
"46765","zcta",2023,"transportation_state_rnk",18.9538
"46766","zcta",2023,"transportation_state_rnk",1.6304
"46767","zcta",2023,"transportation_state_rnk",73.3696
"46770","zcta",2023,"transportation_state_rnk",32.337
"46771","zcta",2023,"transportation_state_rnk",0.8152
"46772","zcta",2023,"transportation_state_rnk",76.087
"46773","zcta",2023,"transportation_state_rnk",28.8723
"46774","zcta",2023,"transportation_state_rnk",94.7011
"46776","zcta",2023,"transportation_state_rnk",40.625
"46777","zcta",2023,"transportation_state_rnk",18.0027
"46778","zcta",2023,"transportation_state_rnk",NA
"46779","zcta",2023,"transportation_state_rnk",30.9103
"46781","zcta",2023,"transportation_state_rnk",41.2364
"46783","zcta",2023,"transportation_state_rnk",34.8505
"46784","zcta",2023,"transportation_state_rnk",34.1712
"46785","zcta",2023,"transportation_state_rnk",53.3288
"46786","zcta",2023,"transportation_state_rnk",NA
"46787","zcta",2023,"transportation_state_rnk",69.7011
"46788","zcta",2023,"transportation_state_rnk",70.6522
"46789","zcta",2023,"transportation_state_rnk",0.6793
"46791","zcta",2023,"transportation_state_rnk",11.0734
"46792","zcta",2023,"transportation_state_rnk",20.6522
"46793","zcta",2023,"transportation_state_rnk",18.0027
"46794","zcta",2023,"transportation_state_rnk",67.663
"46795","zcta",2023,"transportation_state_rnk",71.6033
"46796","zcta",2023,"transportation_state_rnk",0.5435
"46797","zcta",2023,"transportation_state_rnk",71.1957
"46798","zcta",2023,"transportation_state_rnk",6.25
"46799","zcta",2023,"transportation_state_rnk",26.8342
"46802","zcta",2023,"transportation_state_rnk",97.962
"46803","zcta",2023,"transportation_state_rnk",99.0489
"46804","zcta",2023,"transportation_state_rnk",94.9049
"46805","zcta",2023,"transportation_state_rnk",96.875
"46806","zcta",2023,"transportation_state_rnk",98.2337
"46807","zcta",2023,"transportation_state_rnk",97.6902
"46808","zcta",2023,"transportation_state_rnk",95.9239
"46809","zcta",2023,"transportation_state_rnk",95.6522
"46814","zcta",2023,"transportation_state_rnk",94.2935
"46815","zcta",2023,"transportation_state_rnk",96.7391
"46816","zcta",2023,"transportation_state_rnk",97.2826
"46818","zcta",2023,"transportation_state_rnk",96.4674
"46819","zcta",2023,"transportation_state_rnk",27.7174
"46825","zcta",2023,"transportation_state_rnk",96.3315
"46835","zcta",2023,"transportation_state_rnk",94.9049
"46845","zcta",2023,"transportation_state_rnk",95.3804
"46901","zcta",2023,"transportation_state_rnk",88.8587
"46902","zcta",2023,"transportation_state_rnk",87.5
"46910","zcta",2023,"transportation_state_rnk",65.625
"46911","zcta",2023,"transportation_state_rnk",13.7908
"46913","zcta",2023,"transportation_state_rnk",67.8668
"46914","zcta",2023,"transportation_state_rnk",46.1277
"46915","zcta",2023,"transportation_state_rnk",41.5082
"46917","zcta",2023,"transportation_state_rnk",52.4457
"46919","zcta",2023,"transportation_state_rnk",32.1332
"46920","zcta",2023,"transportation_state_rnk",50.0679
"46922","zcta",2023,"transportation_state_rnk",NA
"46923","zcta",2023,"transportation_state_rnk",11.6168
"46926","zcta",2023,"transportation_state_rnk",15.4212
"46928","zcta",2023,"transportation_state_rnk",62.2283
"46929","zcta",2023,"transportation_state_rnk",21.5353
"46930","zcta",2023,"transportation_state_rnk",52.9891
"46931","zcta",2023,"transportation_state_rnk",8.4239
"46932","zcta",2023,"transportation_state_rnk",13.2473
"46933","zcta",2023,"transportation_state_rnk",84.9185
"46936","zcta",2023,"transportation_state_rnk",58.288
"46937","zcta",2023,"transportation_state_rnk",NA
"46938","zcta",2023,"transportation_state_rnk",24.6603
"46939","zcta",2023,"transportation_state_rnk",39.1984
"46940","zcta",2023,"transportation_state_rnk",22.8261
"46941","zcta",2023,"transportation_state_rnk",11.6168
"46943","zcta",2023,"transportation_state_rnk",36.0054
"46945","zcta",2023,"transportation_state_rnk",NA
"46946","zcta",2023,"transportation_state_rnk",NA
"46947","zcta",2023,"transportation_state_rnk",97.8261
"46950","zcta",2023,"transportation_state_rnk",7.337
"46951","zcta",2023,"transportation_state_rnk",68.0707
"46952","zcta",2023,"transportation_state_rnk",85.7337
"46953","zcta",2023,"transportation_state_rnk",87.3641
"46957","zcta",2023,"transportation_state_rnk",9.375
"46958","zcta",2023,"transportation_state_rnk",10.5978
"46959","zcta",2023,"transportation_state_rnk",22.6223
"46960","zcta",2023,"transportation_state_rnk",73.6413
"46961","zcta",2023,"transportation_state_rnk",NA
"46962","zcta",2023,"transportation_state_rnk",42.0516
"46965","zcta",2023,"transportation_state_rnk",NA
"46967","zcta",2023,"transportation_state_rnk",7.6766
"46968","zcta",2023,"transportation_state_rnk",2.2418
"46970","zcta",2023,"transportation_state_rnk",92.7989
"46971","zcta",2023,"transportation_state_rnk",NA
"46974","zcta",2023,"transportation_state_rnk",27.9212
"46975","zcta",2023,"transportation_state_rnk",94.5652
"46978","zcta",2023,"transportation_state_rnk",19.2255
"46979","zcta",2023,"transportation_state_rnk",42.0516
"46980","zcta",2023,"transportation_state_rnk",NA
"46982","zcta",2023,"transportation_state_rnk",16.1005
"46984","zcta",2023,"transportation_state_rnk",NA
"46985","zcta",2023,"transportation_state_rnk",49.0489
"46986","zcta",2023,"transportation_state_rnk",66.4402
"46987","zcta",2023,"transportation_state_rnk",10.1902
"46988","zcta",2023,"transportation_state_rnk",54.3478
"46989","zcta",2023,"transportation_state_rnk",71.4674
"46990","zcta",2023,"transportation_state_rnk",63.1793
"46991","zcta",2023,"transportation_state_rnk",72.0109
"46992","zcta",2023,"transportation_state_rnk",92.2554
"46994","zcta",2023,"transportation_state_rnk",20.0408
"46996","zcta",2023,"transportation_state_rnk",57.1332
"46998","zcta",2023,"transportation_state_rnk",0.1359
"47001","zcta",2023,"transportation_state_rnk",32.8125
"47003","zcta",2023,"transportation_state_rnk",16.8478
"47006","zcta",2023,"transportation_state_rnk",30.9103
"47010","zcta",2023,"transportation_state_rnk",73.913
"47011","zcta",2023,"transportation_state_rnk",28.3967
"47012","zcta",2023,"transportation_state_rnk",68.4103
"47016","zcta",2023,"transportation_state_rnk",70.3804
"47017","zcta",2023,"transportation_state_rnk",9.2391
"47018","zcta",2023,"transportation_state_rnk",31.3859
"47020","zcta",2023,"transportation_state_rnk",7.9484
"47021","zcta",2023,"transportation_state_rnk",NA
"47022","zcta",2023,"transportation_state_rnk",25.0679
"47023","zcta",2023,"transportation_state_rnk",29.212
"47024","zcta",2023,"transportation_state_rnk",26.5625
"47025","zcta",2023,"transportation_state_rnk",89.9457
"47030","zcta",2023,"transportation_state_rnk",51.4946
"47031","zcta",2023,"transportation_state_rnk",43.0707
"47032","zcta",2023,"transportation_state_rnk",44.2255
"47033","zcta",2023,"transportation_state_rnk",NA
"47034","zcta",2023,"transportation_state_rnk",3.2609
"47035","zcta",2023,"transportation_state_rnk",66.1685
"47036","zcta",2023,"transportation_state_rnk",24.6603
"47037","zcta",2023,"transportation_state_rnk",20.6522
"47038","zcta",2023,"transportation_state_rnk",59.8505
"47040","zcta",2023,"transportation_state_rnk",26.8342
"47041","zcta",2023,"transportation_state_rnk",74.8641
"47042","zcta",2023,"transportation_state_rnk",45.856
"47043","zcta",2023,"transportation_state_rnk",34.8505
"47060","zcta",2023,"transportation_state_rnk",36.2772
"47102","zcta",2023,"transportation_state_rnk",37.5
"47104","zcta",2023,"transportation_state_rnk",NA
"47106","zcta",2023,"transportation_state_rnk",28.3967
"47108","zcta",2023,"transportation_state_rnk",55.9783
"47110","zcta",2023,"transportation_state_rnk",2.4457
"47111","zcta",2023,"transportation_state_rnk",40.0136
"47112","zcta",2023,"transportation_state_rnk",51.4946
"47114","zcta",2023,"transportation_state_rnk",69.4293
"47115","zcta",2023,"transportation_state_rnk",5.2989
"47116","zcta",2023,"transportation_state_rnk",43.3424
"47117","zcta",2023,"transportation_state_rnk",15.4212
"47118","zcta",2023,"transportation_state_rnk",49.3207
"47119","zcta",2023,"transportation_state_rnk",21.5353
"47120","zcta",2023,"transportation_state_rnk",61.0054
"47122","zcta",2023,"transportation_state_rnk",37.5
"47123","zcta",2023,"transportation_state_rnk",62.7717
"47124","zcta",2023,"transportation_state_rnk",27.3777
"47125","zcta",2023,"transportation_state_rnk",53.6685
"47126","zcta",2023,"transportation_state_rnk",54.8913
"47129","zcta",2023,"transportation_state_rnk",86.5489
"47130","zcta",2023,"transportation_state_rnk",86.9565
"47135","zcta",2023,"transportation_state_rnk",29.4158
"47136","zcta",2023,"transportation_state_rnk",39.7418
"47138","zcta",2023,"transportation_state_rnk",47.4864
"47140","zcta",2023,"transportation_state_rnk",70.2446
"47141","zcta",2023,"transportation_state_rnk",7.9484
"47142","zcta",2023,"transportation_state_rnk",2.7174
"47143","zcta",2023,"transportation_state_rnk",38.3152
"47145","zcta",2023,"transportation_state_rnk",37.8397
"47147","zcta",2023,"transportation_state_rnk",73.2337
"47150","zcta",2023,"transportation_state_rnk",88.0435
"47160","zcta",2023,"transportation_state_rnk",NA
"47161","zcta",2023,"transportation_state_rnk",61.3451
"47162","zcta",2023,"transportation_state_rnk",6.5217
"47163","zcta",2023,"transportation_state_rnk",69.2935
"47164","zcta",2023,"transportation_state_rnk",49.4565
"47165","zcta",2023,"transportation_state_rnk",50.2717
"47166","zcta",2023,"transportation_state_rnk",15.0815
"47167","zcta",2023,"transportation_state_rnk",64.8098
"47170","zcta",2023,"transportation_state_rnk",33.4239
"47172","zcta",2023,"transportation_state_rnk",45.5163
"47174","zcta",2023,"transportation_state_rnk",NA
"47175","zcta",2023,"transportation_state_rnk",16.3043
"47177","zcta",2023,"transportation_state_rnk",4.6196
"47201","zcta",2023,"transportation_state_rnk",91.712
"47203","zcta",2023,"transportation_state_rnk",90.8967
"47220","zcta",2023,"transportation_state_rnk",17.3234
"47223","zcta",2023,"transportation_state_rnk",3.9402
"47224","zcta",2023,"transportation_state_rnk",68.75
"47225","zcta",2023,"transportation_state_rnk",NA
"47226","zcta",2023,"transportation_state_rnk",54.3478
"47227","zcta",2023,"transportation_state_rnk",12.5679
"47229","zcta",2023,"transportation_state_rnk",42.0516
"47230","zcta",2023,"transportation_state_rnk",32.1332
"47231","zcta",2023,"transportation_state_rnk",8.6957
"47232","zcta",2023,"transportation_state_rnk",31.8614
"47234","zcta",2023,"transportation_state_rnk",24.1848
"47235","zcta",2023,"transportation_state_rnk",9.9185
"47236","zcta",2023,"transportation_state_rnk",0.9511
"47240","zcta",2023,"transportation_state_rnk",52.1739
"47243","zcta",2023,"transportation_state_rnk",64.4022
"47244","zcta",2023,"transportation_state_rnk",30.5027
"47246","zcta",2023,"transportation_state_rnk",31.5897
"47247","zcta",2023,"transportation_state_rnk",5.7745
"47250","zcta",2023,"transportation_state_rnk",25.7473
"47260","zcta",2023,"transportation_state_rnk",58.7636
"47263","zcta",2023,"transportation_state_rnk",15.8288
"47264","zcta",2023,"transportation_state_rnk",27.5815
"47265","zcta",2023,"transportation_state_rnk",36.8207
"47270","zcta",2023,"transportation_state_rnk",3.0571
"47272","zcta",2023,"transportation_state_rnk",37.1603
"47273","zcta",2023,"transportation_state_rnk",29.4158
"47274","zcta",2023,"transportation_state_rnk",95.1087
"47280","zcta",2023,"transportation_state_rnk",66.3043
"47281","zcta",2023,"transportation_state_rnk",23.1658
"47282","zcta",2023,"transportation_state_rnk",30.9103
"47283","zcta",2023,"transportation_state_rnk",46.7391
"47302","zcta",2023,"transportation_state_rnk",85.462
"47303","zcta",2023,"transportation_state_rnk",85.5978
"47304","zcta",2023,"transportation_state_rnk",85.3261
"47305","zcta",2023,"transportation_state_rnk",73.0299
"47306","zcta",2023,"transportation_state_rnk",NA
"47320","zcta",2023,"transportation_state_rnk",23.1658
"47324","zcta",2023,"transportation_state_rnk",33.0842
"47325","zcta",2023,"transportation_state_rnk",55.7745
"47326","zcta",2023,"transportation_state_rnk",72.5543
"47327","zcta",2023,"transportation_state_rnk",26.2908
"47330","zcta",2023,"transportation_state_rnk",14.0625
"47331","zcta",2023,"transportation_state_rnk",91.9837
"47334","zcta",2023,"transportation_state_rnk",42.5951
"47335","zcta",2023,"transportation_state_rnk",60.1902
"47336","zcta",2023,"transportation_state_rnk",10.394
"47337","zcta",2023,"transportation_state_rnk",3.8043
"47338","zcta",2023,"transportation_state_rnk",9.0353
"47339","zcta",2023,"transportation_state_rnk",72.8261
"47340","zcta",2023,"transportation_state_rnk",56.1141
"47341","zcta",2023,"transportation_state_rnk",70.1087
"47342","zcta",2023,"transportation_state_rnk",61.3451
"47344","zcta",2023,"transportation_state_rnk",16.5082
"47345","zcta",2023,"transportation_state_rnk",45.5163
"47346","zcta",2023,"transportation_state_rnk",50.8152
"47348","zcta",2023,"transportation_state_rnk",50.5435
"47351","zcta",2023,"transportation_state_rnk",23.7092
"47352","zcta",2023,"transportation_state_rnk",14.4022
"47353","zcta",2023,"transportation_state_rnk",30.163
"47354","zcta",2023,"transportation_state_rnk",49.6603
"47355","zcta",2023,"transportation_state_rnk",56.8614
"47356","zcta",2023,"transportation_state_rnk",52.8533
"47357","zcta",2023,"transportation_state_rnk",27.9212
"47358","zcta",2023,"transportation_state_rnk",63.0435
"47359","zcta",2023,"transportation_state_rnk",37.5
"47360","zcta",2023,"transportation_state_rnk",48.0299
"47361","zcta",2023,"transportation_state_rnk",40.0136
"47362","zcta",2023,"transportation_state_rnk",83.5598
"47366","zcta",2023,"transportation_state_rnk",NA
"47367","zcta",2023,"transportation_state_rnk",1.087
"47368","zcta",2023,"transportation_state_rnk",17.663
"47369","zcta",2023,"transportation_state_rnk",63.8587
"47370","zcta",2023,"transportation_state_rnk",9.6467
"47371","zcta",2023,"transportation_state_rnk",66.5761
"47373","zcta",2023,"transportation_state_rnk",58.288
"47374","zcta",2023,"transportation_state_rnk",88.7228
"47380","zcta",2023,"transportation_state_rnk",41.2364
"47381","zcta",2023,"transportation_state_rnk",39.4022
"47382","zcta",2023,"transportation_state_rnk",55.4348
"47383","zcta",2023,"transportation_state_rnk",13.0435
"47384","zcta",2023,"transportation_state_rnk",16.8478
"47385","zcta",2023,"transportation_state_rnk",9.0353
"47386","zcta",2023,"transportation_state_rnk",61.8886
"47387","zcta",2023,"transportation_state_rnk",66.0326
"47388","zcta",2023,"transportation_state_rnk",60.5299
"47390","zcta",2023,"transportation_state_rnk",38.519
"47392","zcta",2023,"transportation_state_rnk",1.9022
"47393","zcta",2023,"transportation_state_rnk",70.9239
"47394","zcta",2023,"transportation_state_rnk",48.3696
"47396","zcta",2023,"transportation_state_rnk",84.7826
"47401","zcta",2023,"transportation_state_rnk",73.5054
"47403","zcta",2023,"transportation_state_rnk",59.2391
"47404","zcta",2023,"transportation_state_rnk",69.837
"47405","zcta",2023,"transportation_state_rnk",NA
"47406","zcta",2023,"transportation_state_rnk",NA
"47408","zcta",2023,"transportation_state_rnk",73.7772
"47420","zcta",2023,"transportation_state_rnk",NA
"47421","zcta",2023,"transportation_state_rnk",41.712
"47424","zcta",2023,"transportation_state_rnk",40.9647
"47427","zcta",2023,"transportation_state_rnk",63.7228
"47429","zcta",2023,"transportation_state_rnk",48.913
"47431","zcta",2023,"transportation_state_rnk",14.0625
"47432","zcta",2023,"transportation_state_rnk",40.2174
"47433","zcta",2023,"transportation_state_rnk",19.769
"47434","zcta",2023,"transportation_state_rnk",NA
"47435","zcta",2023,"transportation_state_rnk",0
"47436","zcta",2023,"transportation_state_rnk",44.769
"47437","zcta",2023,"transportation_state_rnk",NA
"47438","zcta",2023,"transportation_state_rnk",56.4538
"47441","zcta",2023,"transportation_state_rnk",33.7636
"47443","zcta",2023,"transportation_state_rnk",75.5435
"47445","zcta",2023,"transportation_state_rnk",NA
"47446","zcta",2023,"transportation_state_rnk",46.875
"47448","zcta",2023,"transportation_state_rnk",66.7799
"47449","zcta",2023,"transportation_state_rnk",7.4728
"47451","zcta",2023,"transportation_state_rnk",28.3967
"47452","zcta",2023,"transportation_state_rnk",65.1495
"47453","zcta",2023,"transportation_state_rnk",73.0299
"47454","zcta",2023,"transportation_state_rnk",91.3043
"47455","zcta",2023,"transportation_state_rnk",NA
"47456","zcta",2023,"transportation_state_rnk",14.2663
"47457","zcta",2023,"transportation_state_rnk",NA
"47458","zcta",2023,"transportation_state_rnk",NA
"47459","zcta",2023,"transportation_state_rnk",60.8016
"47460","zcta",2023,"transportation_state_rnk",26.5625
"47462","zcta",2023,"transportation_state_rnk",11.0734
"47464","zcta",2023,"transportation_state_rnk",4.212
"47465","zcta",2023,"transportation_state_rnk",5.0272
"47467","zcta",2023,"transportation_state_rnk",NA
"47468","zcta",2023,"transportation_state_rnk",59.2391
"47469","zcta",2023,"transportation_state_rnk",57.4049
"47470","zcta",2023,"transportation_state_rnk",50.4076
"47471","zcta",2023,"transportation_state_rnk",56.4538
"47501","zcta",2023,"transportation_state_rnk",76.2228
"47512","zcta",2023,"transportation_state_rnk",38.7908
"47513","zcta",2023,"transportation_state_rnk",50.0679
"47514","zcta",2023,"transportation_state_rnk",NA
"47515","zcta",2023,"transportation_state_rnk",4.7554
"47516","zcta",2023,"transportation_state_rnk",15.2174
"47519","zcta",2023,"transportation_state_rnk",22.2826
"47520","zcta",2023,"transportation_state_rnk",51.7663
"47521","zcta",2023,"transportation_state_rnk",33.0842
"47522","zcta",2023,"transportation_state_rnk",60.3261
"47523","zcta",2023,"transportation_state_rnk",48.6413
"47524","zcta",2023,"transportation_state_rnk",68.4103
"47525","zcta",2023,"transportation_state_rnk",48.0299
"47527","zcta",2023,"transportation_state_rnk",5.7745
"47528","zcta",2023,"transportation_state_rnk",10.7337
"47529","zcta",2023,"transportation_state_rnk",43.9538
"47531","zcta",2023,"transportation_state_rnk",34.375
"47532","zcta",2023,"transportation_state_rnk",15.625
"47535","zcta",2023,"transportation_state_rnk",21.1277
"47537","zcta",2023,"transportation_state_rnk",4.8913
"47541","zcta",2023,"transportation_state_rnk",36.0054
"47542","zcta",2023,"transportation_state_rnk",36.413
"47546","zcta",2023,"transportation_state_rnk",38.519
"47550","zcta",2023,"transportation_state_rnk",8.5598
"47551","zcta",2023,"transportation_state_rnk",32.8125
"47552","zcta",2023,"transportation_state_rnk",3.0571
"47553","zcta",2023,"transportation_state_rnk",87.0924
"47557","zcta",2023,"transportation_state_rnk",8.1522
"47558","zcta",2023,"transportation_state_rnk",75.2717
"47561","zcta",2023,"transportation_state_rnk",29.8234
"47562","zcta",2023,"transportation_state_rnk",75
"47564","zcta",2023,"transportation_state_rnk",62.6359
"47567","zcta",2023,"transportation_state_rnk",14.7418
"47568","zcta",2023,"transportation_state_rnk",70.788
"47573","zcta",2023,"transportation_state_rnk",NA
"47574","zcta",2023,"transportation_state_rnk",71.0598
"47575","zcta",2023,"transportation_state_rnk",48.6413
"47576","zcta",2023,"transportation_state_rnk",38.1114
"47577","zcta",2023,"transportation_state_rnk",51.1549
"47578","zcta",2023,"transportation_state_rnk",19.4973
"47579","zcta",2023,"transportation_state_rnk",25.7473
"47580","zcta",2023,"transportation_state_rnk",0.4076
"47581","zcta",2023,"transportation_state_rnk",19.4973
"47584","zcta",2023,"transportation_state_rnk",41.5082
"47585","zcta",2023,"transportation_state_rnk",72.2826
"47586","zcta",2023,"transportation_state_rnk",18.9538
"47588","zcta",2023,"transportation_state_rnk",43.75
"47590","zcta",2023,"transportation_state_rnk",42.5951
"47591","zcta",2023,"transportation_state_rnk",93.2065
"47596","zcta",2023,"transportation_state_rnk",NA
"47597","zcta",2023,"transportation_state_rnk",39.7418
"47598","zcta",2023,"transportation_state_rnk",58.7636
"47601","zcta",2023,"transportation_state_rnk",29.6196
"47610","zcta",2023,"transportation_state_rnk",83.8315
"47611","zcta",2023,"transportation_state_rnk",17.663
"47612","zcta",2023,"transportation_state_rnk",21.1277
"47613","zcta",2023,"transportation_state_rnk",5.9783
"47615","zcta",2023,"transportation_state_rnk",32.5408
"47616","zcta",2023,"transportation_state_rnk",53.6685
"47619","zcta",2023,"transportation_state_rnk",47.7582
"47620","zcta",2023,"transportation_state_rnk",32.5408
"47630","zcta",2023,"transportation_state_rnk",83.1522
"47631","zcta",2023,"transportation_state_rnk",40.4212
"47633","zcta",2023,"transportation_state_rnk",64.1304
"47634","zcta",2023,"transportation_state_rnk",12.2962
"47635","zcta",2023,"transportation_state_rnk",24.1848
"47637","zcta",2023,"transportation_state_rnk",6.3859
"47638","zcta",2023,"transportation_state_rnk",52.1739
"47639","zcta",2023,"transportation_state_rnk",54.6196
"47640","zcta",2023,"transportation_state_rnk",4.4837
"47648","zcta",2023,"transportation_state_rnk",42.8668
"47649","zcta",2023,"transportation_state_rnk",13.2473
"47654","zcta",2023,"transportation_state_rnk",NA
"47660","zcta",2023,"transportation_state_rnk",58.9674
"47665","zcta",2023,"transportation_state_rnk",11.0734
"47666","zcta",2023,"transportation_state_rnk",11.8886
"47670","zcta",2023,"transportation_state_rnk",43.5462
"47683","zcta",2023,"transportation_state_rnk",NA
"47708","zcta",2023,"transportation_state_rnk",74.0489
"47710","zcta",2023,"transportation_state_rnk",83.288
"47711","zcta",2023,"transportation_state_rnk",84.375
"47712","zcta",2023,"transportation_state_rnk",84.1033
"47713","zcta",2023,"transportation_state_rnk",86.413
"47714","zcta",2023,"transportation_state_rnk",85.0543
"47715","zcta",2023,"transportation_state_rnk",84.2391
"47720","zcta",2023,"transportation_state_rnk",22.6223
"47725","zcta",2023,"transportation_state_rnk",82.8804
"47802","zcta",2023,"transportation_state_rnk",89.8098
"47803","zcta",2023,"transportation_state_rnk",88.9946
"47804","zcta",2023,"transportation_state_rnk",89.6739
"47805","zcta",2023,"transportation_state_rnk",88.4511
"47807","zcta",2023,"transportation_state_rnk",93.3424
"47809","zcta",2023,"transportation_state_rnk",NA
"47831","zcta",2023,"transportation_state_rnk",NA
"47832","zcta",2023,"transportation_state_rnk",59.6467
"47833","zcta",2023,"transportation_state_rnk",61.6848
"47834","zcta",2023,"transportation_state_rnk",88.587
"47836","zcta",2023,"transportation_state_rnk",NA
"47837","zcta",2023,"transportation_state_rnk",19.2255
"47838","zcta",2023,"transportation_state_rnk",NA
"47840","zcta",2023,"transportation_state_rnk",42.3913
"47841","zcta",2023,"transportation_state_rnk",59.8505
"47842","zcta",2023,"transportation_state_rnk",53.9402
"47845","zcta",2023,"transportation_state_rnk",NA
"47846","zcta",2023,"transportation_state_rnk",20.6522
"47847","zcta",2023,"transportation_state_rnk",5.5707
"47848","zcta",2023,"transportation_state_rnk",24.6603
"47849","zcta",2023,"transportation_state_rnk",58.5598
"47850","zcta",2023,"transportation_state_rnk",30.0272
"47851","zcta",2023,"transportation_state_rnk",NA
"47853","zcta",2023,"transportation_state_rnk",3.4647
"47854","zcta",2023,"transportation_state_rnk",9.5109
"47855","zcta",2023,"transportation_state_rnk",47.4864
"47857","zcta",2023,"transportation_state_rnk",69.1576
"47858","zcta",2023,"transportation_state_rnk",2.5815
"47859","zcta",2023,"transportation_state_rnk",75.1359
"47860","zcta",2023,"transportation_state_rnk",45.1766
"47861","zcta",2023,"transportation_state_rnk",6.7935
"47862","zcta",2023,"transportation_state_rnk",55.5707
"47863","zcta",2023,"transportation_state_rnk",1.7663
"47865","zcta",2023,"transportation_state_rnk",NA
"47866","zcta",2023,"transportation_state_rnk",1.4946
"47868","zcta",2023,"transportation_state_rnk",49.1848
"47869","zcta",2023,"transportation_state_rnk",NA
"47870","zcta",2023,"transportation_state_rnk",NA
"47871","zcta",2023,"transportation_state_rnk",69.0217
"47872","zcta",2023,"transportation_state_rnk",71.7391
"47874","zcta",2023,"transportation_state_rnk",18.3424
"47875","zcta",2023,"transportation_state_rnk",NA
"47876","zcta",2023,"transportation_state_rnk",NA
"47879","zcta",2023,"transportation_state_rnk",67.0516
"47880","zcta",2023,"transportation_state_rnk",NA
"47881","zcta",2023,"transportation_state_rnk",5.163
"47882","zcta",2023,"transportation_state_rnk",23.5054
"47884","zcta",2023,"transportation_state_rnk",16.8478
"47885","zcta",2023,"transportation_state_rnk",89.2663
"47901","zcta",2023,"transportation_state_rnk",75.4076
"47904","zcta",2023,"transportation_state_rnk",96.0598
"47905","zcta",2023,"transportation_state_rnk",92.5272
"47906","zcta",2023,"transportation_state_rnk",98.5054
"47907","zcta",2023,"transportation_state_rnk",NA
"47909","zcta",2023,"transportation_state_rnk",90.625
"47916","zcta",2023,"transportation_state_rnk",NA
"47917","zcta",2023,"transportation_state_rnk",35.394
"47918","zcta",2023,"transportation_state_rnk",47.1467
"47920","zcta",2023,"transportation_state_rnk",40.9647
"47921","zcta",2023,"transportation_state_rnk",72.4185
"47922","zcta",2023,"transportation_state_rnk",62.4321
"47923","zcta",2023,"transportation_state_rnk",57.1332
"47924","zcta",2023,"transportation_state_rnk",NA
"47925","zcta",2023,"transportation_state_rnk",NA
"47926","zcta",2023,"transportation_state_rnk",25.4076
"47928","zcta",2023,"transportation_state_rnk",14.9457
"47929","zcta",2023,"transportation_state_rnk",28.6685
"47930","zcta",2023,"transportation_state_rnk",11.8886
"47932","zcta",2023,"transportation_state_rnk",63.587
"47933","zcta",2023,"transportation_state_rnk",58.288
"47940","zcta",2023,"transportation_state_rnk",38.9946
"47941","zcta",2023,"transportation_state_rnk",18.2065
"47942","zcta",2023,"transportation_state_rnk",46.4674
"47943","zcta",2023,"transportation_state_rnk",23.7092
"47944","zcta",2023,"transportation_state_rnk",44.4973
"47946","zcta",2023,"transportation_state_rnk",21.9429
"47948","zcta",2023,"transportation_state_rnk",38.1114
"47949","zcta",2023,"transportation_state_rnk",34.5788
"47950","zcta",2023,"transportation_state_rnk",40.7609
"47951","zcta",2023,"transportation_state_rnk",53.3288
"47952","zcta",2023,"transportation_state_rnk",10.394
"47954","zcta",2023,"transportation_state_rnk",34.1712
"47955","zcta",2023,"transportation_state_rnk",22.2826
"47957","zcta",2023,"transportation_state_rnk",43.2065
"47958","zcta",2023,"transportation_state_rnk",11.0734
"47959","zcta",2023,"transportation_state_rnk",28.8723
"47960","zcta",2023,"transportation_state_rnk",93.0027
"47963","zcta",2023,"transportation_state_rnk",62.0924
"47964","zcta",2023,"transportation_state_rnk",NA
"47965","zcta",2023,"transportation_state_rnk",19.769
"47966","zcta",2023,"transportation_state_rnk",21.1277
"47967","zcta",2023,"transportation_state_rnk",23.1658
"47968","zcta",2023,"transportation_state_rnk",13.519
"47969","zcta",2023,"transportation_state_rnk",33.4239
"47970","zcta",2023,"transportation_state_rnk",37.1603
"47971","zcta",2023,"transportation_state_rnk",35.7337
"47974","zcta",2023,"transportation_state_rnk",28.125
"47975","zcta",2023,"transportation_state_rnk",15.8288
"47977","zcta",2023,"transportation_state_rnk",29.8234
"47978","zcta",2023,"transportation_state_rnk",42.0516
"47980","zcta",2023,"transportation_state_rnk",45.5163
"47981","zcta",2023,"transportation_state_rnk",2.8533
"47982","zcta",2023,"transportation_state_rnk",NA
"47983","zcta",2023,"transportation_state_rnk",3.4647
"47986","zcta",2023,"transportation_state_rnk",NA
"47987","zcta",2023,"transportation_state_rnk",25.0679
"47989","zcta",2023,"transportation_state_rnk",64.9457
"47990","zcta",2023,"transportation_state_rnk",33.9674
"47991","zcta",2023,"transportation_state_rnk",45.1766
"47992","zcta",2023,"transportation_state_rnk",8.288
"47993","zcta",2023,"transportation_state_rnk",54.0761
"47994","zcta",2023,"transportation_state_rnk",12.5679
"47995","zcta",2023,"transportation_state_rnk",52.5815
"47997","zcta",2023,"transportation_state_rnk",13.7908
