"geoid","geolevel","year","level","value"
"60002","zcta",2023,"transportation_score",92.2
"60004","zcta",2023,"transportation_score",170.21
"60005","zcta",2023,"transportation_score",146.94
"60007","zcta",2023,"transportation_score",140.57
"60008","zcta",2023,"transportation_score",138.16
"60010","zcta",2023,"transportation_score",157.72
"60012","zcta",2023,"transportation_score",93.08
"60013","zcta",2023,"transportation_score",139.29
"60014","zcta",2023,"transportation_score",146.79
"60015","zcta",2023,"transportation_score",158.73
"60016","zcta",2023,"transportation_score",170.88
"60018","zcta",2023,"transportation_score",149.19
"60020","zcta",2023,"transportation_score",98.52
"60021","zcta",2023,"transportation_score",97.22
"60022","zcta",2023,"transportation_score",160.3
"60025","zcta",2023,"transportation_score",170.45
"60026","zcta",2023,"transportation_score",97.88
"60029","zcta",2023,"transportation_score",105.92
"60030","zcta",2023,"transportation_score",93.84
"60031","zcta",2023,"transportation_score",136.35
"60033","zcta",2023,"transportation_score",93.43
"60034","zcta",2023,"transportation_score",91.27
"60035","zcta",2023,"transportation_score",159.36
"60040","zcta",2023,"transportation_score",95.51
"60041","zcta",2023,"transportation_score",92.37
"60042","zcta",2023,"transportation_score",90.81
"60043","zcta",2023,"transportation_score",108.54
"60044","zcta",2023,"transportation_score",138.13
"60045","zcta",2023,"transportation_score",171.9
"60046","zcta",2023,"transportation_score",91.54
"60047","zcta",2023,"transportation_score",153.36
"60048","zcta",2023,"transportation_score",142.38
"60050","zcta",2023,"transportation_score",92.43
"60051","zcta",2023,"transportation_score",91.29
"60053","zcta",2023,"transportation_score",148.09
"60056","zcta",2023,"transportation_score",164.92
"60060","zcta",2023,"transportation_score",137.58
"60061","zcta",2023,"transportation_score",142.64
"60062","zcta",2023,"transportation_score",172.82
"60064","zcta",2023,"transportation_score",138.5
"60067","zcta",2023,"transportation_score",151.29
"60068","zcta",2023,"transportation_score",174.49
"60069","zcta",2023,"transportation_score",96.19
"60070","zcta",2023,"transportation_score",135.19
"60071","zcta",2023,"transportation_score",91.34
"60072","zcta",2023,"transportation_score",91.3
"60073","zcta",2023,"transportation_score",93.06
"60074","zcta",2023,"transportation_score",135.31
"60075","zcta",2023,"transportation_score",NA
"60076","zcta",2023,"transportation_score",156.7
"60077","zcta",2023,"transportation_score",159.7
"60081","zcta",2023,"transportation_score",95.86
"60083","zcta",2023,"transportation_score",91.53
"60084","zcta",2023,"transportation_score",133.4
"60085","zcta",2023,"transportation_score",159
"60087","zcta",2023,"transportation_score",134.63
"60088","zcta",2023,"transportation_score",NA
"60089","zcta",2023,"transportation_score",151.9
"60090","zcta",2023,"transportation_score",154.27
"60091","zcta",2023,"transportation_score",181.82
"60093","zcta",2023,"transportation_score",172.24
"60096","zcta",2023,"transportation_score",128.06
"60097","zcta",2023,"transportation_score",91.65
"60098","zcta",2023,"transportation_score",92.04
"60099","zcta",2023,"transportation_score",135.42
"60101","zcta",2023,"transportation_score",138.86
"60102","zcta",2023,"transportation_score",134.11
"60103","zcta",2023,"transportation_score",145.43
"60104","zcta",2023,"transportation_score",145.61
"60106","zcta",2023,"transportation_score",137.09
"60107","zcta",2023,"transportation_score",137.69
"60108","zcta",2023,"transportation_score",136.06
"60109","zcta",2023,"transportation_score",89.37
"60110","zcta",2023,"transportation_score",134.94
"60111","zcta",2023,"transportation_score",88.16
"60112","zcta",2023,"transportation_score",91.31
"60113","zcta",2023,"transportation_score",88.88
"60115","zcta",2023,"transportation_score",118.35
"60118","zcta",2023,"transportation_score",129.63
"60119","zcta",2023,"transportation_score",91.96
"60120","zcta",2023,"transportation_score",143.13
"60123","zcta",2023,"transportation_score",140.21
"60124","zcta",2023,"transportation_score",138.5
"60126","zcta",2023,"transportation_score",174.41
"60129","zcta",2023,"transportation_score",92.64
"60130","zcta",2023,"transportation_score",163.88
"60131","zcta",2023,"transportation_score",138.63
"60133","zcta",2023,"transportation_score",143.15
"60134","zcta",2023,"transportation_score",156.71
"60135","zcta",2023,"transportation_score",92.13
"60136","zcta",2023,"transportation_score",92.03
"60137","zcta",2023,"transportation_score",169.32
"60139","zcta",2023,"transportation_score",137.94
"60140","zcta",2023,"transportation_score",128.93
"60141","zcta",2023,"transportation_score",NA
"60142","zcta",2023,"transportation_score",134.71
"60143","zcta",2023,"transportation_score",95.04
"60144","zcta",2023,"transportation_score",NA
"60145","zcta",2023,"transportation_score",91.34
"60146","zcta",2023,"transportation_score",91.05
"60148","zcta",2023,"transportation_score",156.78
"60150","zcta",2023,"transportation_score",92.09
"60151","zcta",2023,"transportation_score",93.23
"60152","zcta",2023,"transportation_score",90.33
"60153","zcta",2023,"transportation_score",149.21
"60154","zcta",2023,"transportation_score",146.18
"60155","zcta",2023,"transportation_score",140.13
"60156","zcta",2023,"transportation_score",131.66
"60157","zcta",2023,"transportation_score",90.59
"60160","zcta",2023,"transportation_score",137.66
"60162","zcta",2023,"transportation_score",96.73
"60163","zcta",2023,"transportation_score",94.62
"60164","zcta",2023,"transportation_score",137.12
"60165","zcta",2023,"transportation_score",90.3
"60169","zcta",2023,"transportation_score",139.56
"60171","zcta",2023,"transportation_score",97.63
"60172","zcta",2023,"transportation_score",138.76
"60173","zcta",2023,"transportation_score",95.97
"60174","zcta",2023,"transportation_score",141.81
"60175","zcta",2023,"transportation_score",141.22
"60176","zcta",2023,"transportation_score",136.62
"60177","zcta",2023,"transportation_score",136.3
"60178","zcta",2023,"transportation_score",117.33
"60180","zcta",2023,"transportation_score",91.31
"60181","zcta",2023,"transportation_score",144.87
"60183","zcta",2023,"transportation_score",NA
"60184","zcta",2023,"transportation_score",91.3
"60185","zcta",2023,"transportation_score",139.31
"60187","zcta",2023,"transportation_score",152.87
"60188","zcta",2023,"transportation_score",145.87
"60189","zcta",2023,"transportation_score",154.28
"60190","zcta",2023,"transportation_score",95.29
"60191","zcta",2023,"transportation_score",132.05
"60192","zcta",2023,"transportation_score",139.91
"60193","zcta",2023,"transportation_score",143.34
"60194","zcta",2023,"transportation_score",142.69
"60195","zcta",2023,"transportation_score",96.8
"60201","zcta",2023,"transportation_score",183.54
"60202","zcta",2023,"transportation_score",182.97
"60203","zcta",2023,"transportation_score",96.82
"60208","zcta",2023,"transportation_score",NA
"60301","zcta",2023,"transportation_score",108.1
"60302","zcta",2023,"transportation_score",183.2
"60304","zcta",2023,"transportation_score",181.98
"60305","zcta",2023,"transportation_score",168.34
"60401","zcta",2023,"transportation_score",92.35
"60402","zcta",2023,"transportation_score",174.97
"60403","zcta",2023,"transportation_score",91.58
"60404","zcta",2023,"transportation_score",132.1
"60406","zcta",2023,"transportation_score",159.63
"60407","zcta",2023,"transportation_score",88.65
"60408","zcta",2023,"transportation_score",88.72
"60409","zcta",2023,"transportation_score",169.46
"60410","zcta",2023,"transportation_score",128.79
"60411","zcta",2023,"transportation_score",166.76
"60415","zcta",2023,"transportation_score",134.63
"60416","zcta",2023,"transportation_score",90.15
"60417","zcta",2023,"transportation_score",130.38
"60418","zcta",2023,"transportation_score",139.49
"60419","zcta",2023,"transportation_score",153
"60420","zcta",2023,"transportation_score",91.27
"60421","zcta",2023,"transportation_score",90.7
"60422","zcta",2023,"transportation_score",158.74
"60423","zcta",2023,"transportation_score",144.51
"60424","zcta",2023,"transportation_score",88.5
"60425","zcta",2023,"transportation_score",140.69
"60426","zcta",2023,"transportation_score",167.57
"60428","zcta",2023,"transportation_score",145.12
"60429","zcta",2023,"transportation_score",148.99
"60430","zcta",2023,"transportation_score",164.48
"60431","zcta",2023,"transportation_score",91.47
"60432","zcta",2023,"transportation_score",138.07
"60433","zcta",2023,"transportation_score",136.85
"60435","zcta",2023,"transportation_score",138.06
"60436","zcta",2023,"transportation_score",133.34
"60437","zcta",2023,"transportation_score",80.52
"60438","zcta",2023,"transportation_score",142.59
"60439","zcta",2023,"transportation_score",142.33
"60440","zcta",2023,"transportation_score",141.36
"60441","zcta",2023,"transportation_score",137.52
"60442","zcta",2023,"transportation_score",134.01
"60443","zcta",2023,"transportation_score",141.05
"60444","zcta",2023,"transportation_score",88.46
"60445","zcta",2023,"transportation_score",135.08
"60446","zcta",2023,"transportation_score",141.79
"60447","zcta",2023,"transportation_score",129.52
"60448","zcta",2023,"transportation_score",146.8
"60449","zcta",2023,"transportation_score",138.94
"60450","zcta",2023,"transportation_score",132.44
"60451","zcta",2023,"transportation_score",148.34
"60452","zcta",2023,"transportation_score",156.36
"60453","zcta",2023,"transportation_score",161.45
"60455","zcta",2023,"transportation_score",134.4
"60456","zcta",2023,"transportation_score",138.58
"60457","zcta",2023,"transportation_score",138.22
"60458","zcta",2023,"transportation_score",139.82
"60459","zcta",2023,"transportation_score",140.95
"60460","zcta",2023,"transportation_score",90.86
"60461","zcta",2023,"transportation_score",98.81
"60462","zcta",2023,"transportation_score",150.63
"60463","zcta",2023,"transportation_score",140.45
"60464","zcta",2023,"transportation_score",93.58
"60465","zcta",2023,"transportation_score",139.23
"60466","zcta",2023,"transportation_score",150.83
"60467","zcta",2023,"transportation_score",144.01
"60468","zcta",2023,"transportation_score",102.64
"60469","zcta",2023,"transportation_score",131.09
"60470","zcta",2023,"transportation_score",89.4
"60471","zcta",2023,"transportation_score",94.93
"60472","zcta",2023,"transportation_score",138.54
"60473","zcta",2023,"transportation_score",149.12
"60474","zcta",2023,"transportation_score",89.2
"60475","zcta",2023,"transportation_score",136.81
"60476","zcta",2023,"transportation_score",92.75
"60477","zcta",2023,"transportation_score",154.73
"60478","zcta",2023,"transportation_score",139.76
"60479","zcta",2023,"transportation_score",91.36
"60480","zcta",2023,"transportation_score",128.42
"60481","zcta",2023,"transportation_score",91.96
"60482","zcta",2023,"transportation_score",131.36
"60484","zcta",2023,"transportation_score",135.84
"60487","zcta",2023,"transportation_score",149.13
"60490","zcta",2023,"transportation_score",143.14
"60491","zcta",2023,"transportation_score",134.75
"60501","zcta",2023,"transportation_score",97.83
"60502","zcta",2023,"transportation_score",156.86
"60503","zcta",2023,"transportation_score",145.9
"60504","zcta",2023,"transportation_score",169.69
"60505","zcta",2023,"transportation_score",142.78
"60506","zcta",2023,"transportation_score",135.55
"60510","zcta",2023,"transportation_score",139.45
"60511","zcta",2023,"transportation_score",92.53
"60512","zcta",2023,"transportation_score",86.48
"60513","zcta",2023,"transportation_score",160.7
"60514","zcta",2023,"transportation_score",148.52
"60515","zcta",2023,"transportation_score",172.47
"60516","zcta",2023,"transportation_score",159.94
"60517","zcta",2023,"transportation_score",149.93
"60518","zcta",2023,"transportation_score",96.78
"60519","zcta",2023,"transportation_score",NA
"60520","zcta",2023,"transportation_score",91.17
"60521","zcta",2023,"transportation_score",174.62
"60523","zcta",2023,"transportation_score",133.56
"60525","zcta",2023,"transportation_score",171.15
"60526","zcta",2023,"transportation_score",148.26
"60527","zcta",2023,"transportation_score",155.72
"60530","zcta",2023,"transportation_score",92.85
"60531","zcta",2023,"transportation_score",90.62
"60532","zcta",2023,"transportation_score",163.32
"60534","zcta",2023,"transportation_score",148.44
"60536","zcta",2023,"transportation_score",NA
"60537","zcta",2023,"transportation_score",89.4
"60538","zcta",2023,"transportation_score",129.93
"60539","zcta",2023,"transportation_score",NA
"60540","zcta",2023,"transportation_score",174.36
"60541","zcta",2023,"transportation_score",90.95
"60542","zcta",2023,"transportation_score",132.75
"60543","zcta",2023,"transportation_score",132.36
"60544","zcta",2023,"transportation_score",136.54
"60545","zcta",2023,"transportation_score",90.25
"60546","zcta",2023,"transportation_score",149.97
"60548","zcta",2023,"transportation_score",128.03
"60549","zcta",2023,"transportation_score",87.24
"60550","zcta",2023,"transportation_score",89.67
"60551","zcta",2023,"transportation_score",90.52
"60552","zcta",2023,"transportation_score",91.47
"60553","zcta",2023,"transportation_score",91.52
"60554","zcta",2023,"transportation_score",131.32
"60555","zcta",2023,"transportation_score",137.92
"60556","zcta",2023,"transportation_score",90.79
"60557","zcta",2023,"transportation_score",NA
"60558","zcta",2023,"transportation_score",155.43
"60559","zcta",2023,"transportation_score",146.06
"60560","zcta",2023,"transportation_score",133.94
"60561","zcta",2023,"transportation_score",139.43
"60563","zcta",2023,"transportation_score",163.46
"60564","zcta",2023,"transportation_score",173.41
"60565","zcta",2023,"transportation_score",163.88
"60585","zcta",2023,"transportation_score",133.9
"60586","zcta",2023,"transportation_score",132.5
"60601","zcta",2023,"transportation_score",198.21
"60602","zcta",2023,"transportation_score",134.53
"60603","zcta",2023,"transportation_score",118.8
"60604","zcta",2023,"transportation_score",116.82
"60605","zcta",2023,"transportation_score",198.08
"60606","zcta",2023,"transportation_score",124.76
"60607","zcta",2023,"transportation_score",193.23
"60608","zcta",2023,"transportation_score",193.27
"60609","zcta",2023,"transportation_score",187.61
"60610","zcta",2023,"transportation_score",206.92
"60611","zcta",2023,"transportation_score",197.52
"60612","zcta",2023,"transportation_score",190.65
"60613","zcta",2023,"transportation_score",206.86
"60614","zcta",2023,"transportation_score",207.6
"60615","zcta",2023,"transportation_score",193.24
"60616","zcta",2023,"transportation_score",190.89
"60617","zcta",2023,"transportation_score",183.21
"60618","zcta",2023,"transportation_score",191.93
"60619","zcta",2023,"transportation_score",192.48
"60620","zcta",2023,"transportation_score",189.64
"60621","zcta",2023,"transportation_score",191.66
"60622","zcta",2023,"transportation_score",193.87
"60623","zcta",2023,"transportation_score",185.09
"60624","zcta",2023,"transportation_score",194.19
"60625","zcta",2023,"transportation_score",198.25
"60626","zcta",2023,"transportation_score",203.17
"60628","zcta",2023,"transportation_score",183.77
"60629","zcta",2023,"transportation_score",183.83
"60630","zcta",2023,"transportation_score",181.24
"60631","zcta",2023,"transportation_score",166.52
"60632","zcta",2023,"transportation_score",181.21
"60633","zcta",2023,"transportation_score",151.68
"60634","zcta",2023,"transportation_score",175.19
"60636","zcta",2023,"transportation_score",188.11
"60637","zcta",2023,"transportation_score",196.53
"60638","zcta",2023,"transportation_score",173.76
"60639","zcta",2023,"transportation_score",182.85
"60640","zcta",2023,"transportation_score",206.56
"60641","zcta",2023,"transportation_score",185.09
"60642","zcta",2023,"transportation_score",194.16
"60643","zcta",2023,"transportation_score",180.55
"60644","zcta",2023,"transportation_score",196
"60645","zcta",2023,"transportation_score",180.51
"60646","zcta",2023,"transportation_score",163.91
"60647","zcta",2023,"transportation_score",198.93
"60649","zcta",2023,"transportation_score",194
"60651","zcta",2023,"transportation_score",188.37
"60652","zcta",2023,"transportation_score",178.17
"60653","zcta",2023,"transportation_score",189.66
"60654","zcta",2023,"transportation_score",193.94
"60655","zcta",2023,"transportation_score",151.45
"60656","zcta",2023,"transportation_score",174.97
"60657","zcta",2023,"transportation_score",215.2
"60659","zcta",2023,"transportation_score",177.6
"60660","zcta",2023,"transportation_score",201.05
"60661","zcta",2023,"transportation_score",114.31
"60706","zcta",2023,"transportation_score",144.82
"60707","zcta",2023,"transportation_score",169.46
"60712","zcta",2023,"transportation_score",137.13
"60714","zcta",2023,"transportation_score",149.31
"60803","zcta",2023,"transportation_score",142.5
"60804","zcta",2023,"transportation_score",175.45
"60805","zcta",2023,"transportation_score",148.29
"60827","zcta",2023,"transportation_score",181.04
"60901","zcta",2023,"transportation_score",115.34
"60910","zcta",2023,"transportation_score",90.53
"60911","zcta",2023,"transportation_score",91.33
"60912","zcta",2023,"transportation_score",89.81
"60913","zcta",2023,"transportation_score",90.92
"60914","zcta",2023,"transportation_score",112.75
"60915","zcta",2023,"transportation_score",113.45
"60917","zcta",2023,"transportation_score",91.29
"60918","zcta",2023,"transportation_score",89.08
"60919","zcta",2023,"transportation_score",90.71
"60920","zcta",2023,"transportation_score",92.05
"60921","zcta",2023,"transportation_score",91.14
"60922","zcta",2023,"transportation_score",89.83
"60924","zcta",2023,"transportation_score",90.84
"60926","zcta",2023,"transportation_score",NA
"60927","zcta",2023,"transportation_score",89.72
"60928","zcta",2023,"transportation_score",89.2
"60929","zcta",2023,"transportation_score",90.09
"60930","zcta",2023,"transportation_score",91.17
"60931","zcta",2023,"transportation_score",89.27
"60932","zcta",2023,"transportation_score",85.33
"60933","zcta",2023,"transportation_score",87.8
"60934","zcta",2023,"transportation_score",90.55
"60935","zcta",2023,"transportation_score",91.35
"60936","zcta",2023,"transportation_score",92.78
"60938","zcta",2023,"transportation_score",91.32
"60939","zcta",2023,"transportation_score",NA
"60940","zcta",2023,"transportation_score",89.62
"60941","zcta",2023,"transportation_score",89.63
"60942","zcta",2023,"transportation_score",93.36
"60945","zcta",2023,"transportation_score",87.01
"60946","zcta",2023,"transportation_score",89.28
"60948","zcta",2023,"transportation_score",92.57
"60949","zcta",2023,"transportation_score",91.22
"60950","zcta",2023,"transportation_score",112.18
"60951","zcta",2023,"transportation_score",88.81
"60952","zcta",2023,"transportation_score",88.88
"60953","zcta",2023,"transportation_score",90.62
"60954","zcta",2023,"transportation_score",91.02
"60955","zcta",2023,"transportation_score",90.13
"60956","zcta",2023,"transportation_score",90.67
"60957","zcta",2023,"transportation_score",91.74
"60958","zcta",2023,"transportation_score",111.93
"60959","zcta",2023,"transportation_score",91.7
"60960","zcta",2023,"transportation_score",98.31
"60961","zcta",2023,"transportation_score",87.87
"60962","zcta",2023,"transportation_score",93.56
"60963","zcta",2023,"transportation_score",89.83
"60964","zcta",2023,"transportation_score",93.23
"60966","zcta",2023,"transportation_score",91.31
"60967","zcta",2023,"transportation_score",NA
"60968","zcta",2023,"transportation_score",92.15
"60969","zcta",2023,"transportation_score",NA
"60970","zcta",2023,"transportation_score",91.04
"60973","zcta",2023,"transportation_score",91.26
"60974","zcta",2023,"transportation_score",88.53
"61001","zcta",2023,"transportation_score",90.16
"61006","zcta",2023,"transportation_score",91.64
"61007","zcta",2023,"transportation_score",85.48
"61008","zcta",2023,"transportation_score",124.04
"61010","zcta",2023,"transportation_score",91.79
"61011","zcta",2023,"transportation_score",91.52
"61012","zcta",2023,"transportation_score",91.73
"61013","zcta",2023,"transportation_score",90.82
"61014","zcta",2023,"transportation_score",89.44
"61015","zcta",2023,"transportation_score",89.26
"61016","zcta",2023,"transportation_score",121.55
"61018","zcta",2023,"transportation_score",94.11
"61019","zcta",2023,"transportation_score",94.88
"61020","zcta",2023,"transportation_score",89.82
"61021","zcta",2023,"transportation_score",122.96
"61024","zcta",2023,"transportation_score",93.66
"61025","zcta",2023,"transportation_score",126.8
"61027","zcta",2023,"transportation_score",NA
"61028","zcta",2023,"transportation_score",91.69
"61030","zcta",2023,"transportation_score",100.15
"61031","zcta",2023,"transportation_score",90.13
"61032","zcta",2023,"transportation_score",147.6
"61036","zcta",2023,"transportation_score",96.75
"61037","zcta",2023,"transportation_score",NA
"61038","zcta",2023,"transportation_score",90.24
"61039","zcta",2023,"transportation_score",92.13
"61041","zcta",2023,"transportation_score",90.48
"61042","zcta",2023,"transportation_score",91.79
"61043","zcta",2023,"transportation_score",92.15
"61044","zcta",2023,"transportation_score",92.96
"61046","zcta",2023,"transportation_score",91.12
"61047","zcta",2023,"transportation_score",91.14
"61048","zcta",2023,"transportation_score",90.69
"61049","zcta",2023,"transportation_score",88.56
"61050","zcta",2023,"transportation_score",92.16
"61051","zcta",2023,"transportation_score",90.31
"61052","zcta",2023,"transportation_score",88.94
"61053","zcta",2023,"transportation_score",91.16
"61054","zcta",2023,"transportation_score",134.39
"61057","zcta",2023,"transportation_score",NA
"61059","zcta",2023,"transportation_score",96.07
"61060","zcta",2023,"transportation_score",90.96
"61061","zcta",2023,"transportation_score",89.46
"61062","zcta",2023,"transportation_score",90.17
"61063","zcta",2023,"transportation_score",93.21
"61064","zcta",2023,"transportation_score",92.25
"61065","zcta",2023,"transportation_score",91.46
"61067","zcta",2023,"transportation_score",92.64
"61068","zcta",2023,"transportation_score",92.79
"61070","zcta",2023,"transportation_score",90.43
"61071","zcta",2023,"transportation_score",90.4
"61072","zcta",2023,"transportation_score",91.3
"61073","zcta",2023,"transportation_score",90.86
"61074","zcta",2023,"transportation_score",93.02
"61075","zcta",2023,"transportation_score",90.15
"61077","zcta",2023,"transportation_score",80.72
"61078","zcta",2023,"transportation_score",91.97
"61079","zcta",2023,"transportation_score",96.43
"61080","zcta",2023,"transportation_score",91.44
"61081","zcta",2023,"transportation_score",94.76
"61084","zcta",2023,"transportation_score",89.94
"61085","zcta",2023,"transportation_score",92.34
"61087","zcta",2023,"transportation_score",89.25
"61088","zcta",2023,"transportation_score",89.86
"61089","zcta",2023,"transportation_score",90.43
"61091","zcta",2023,"transportation_score",NA
"61101","zcta",2023,"transportation_score",125.07
"61102","zcta",2023,"transportation_score",124.89
"61103","zcta",2023,"transportation_score",125.54
"61104","zcta",2023,"transportation_score",128.56
"61107","zcta",2023,"transportation_score",123.47
"61108","zcta",2023,"transportation_score",127.13
"61109","zcta",2023,"transportation_score",123.1
"61111","zcta",2023,"transportation_score",122.34
"61112","zcta",2023,"transportation_score",NA
"61114","zcta",2023,"transportation_score",122.1
"61115","zcta",2023,"transportation_score",122.15
"61201","zcta",2023,"transportation_score",118.49
"61230","zcta",2023,"transportation_score",91.03
"61231","zcta",2023,"transportation_score",89.69
"61232","zcta",2023,"transportation_score",89.4
"61233","zcta",2023,"transportation_score",91.74
"61234","zcta",2023,"transportation_score",89.81
"61235","zcta",2023,"transportation_score",92.61
"61236","zcta",2023,"transportation_score",NA
"61237","zcta",2023,"transportation_score",NA
"61238","zcta",2023,"transportation_score",90.57
"61239","zcta",2023,"transportation_score",100.2
"61240","zcta",2023,"transportation_score",114.53
"61241","zcta",2023,"transportation_score",114.56
"61242","zcta",2023,"transportation_score",89.72
"61243","zcta",2023,"transportation_score",89.87
"61244","zcta",2023,"transportation_score",119.14
"61250","zcta",2023,"transportation_score",89.71
"61251","zcta",2023,"transportation_score",85.38
"61252","zcta",2023,"transportation_score",122.93
"61254","zcta",2023,"transportation_score",90.21
"61256","zcta",2023,"transportation_score",92.85
"61257","zcta",2023,"transportation_score",88.76
"61258","zcta",2023,"transportation_score",89.92
"61259","zcta",2023,"transportation_score",87
"61260","zcta",2023,"transportation_score",93.49
"61261","zcta",2023,"transportation_score",91.9
"61262","zcta",2023,"transportation_score",87.73
"61263","zcta",2023,"transportation_score",90.97
"61264","zcta",2023,"transportation_score",116.18
"61265","zcta",2023,"transportation_score",117.66
"61270","zcta",2023,"transportation_score",132.81
"61272","zcta",2023,"transportation_score",90.25
"61273","zcta",2023,"transportation_score",90.82
"61274","zcta",2023,"transportation_score",91.12
"61275","zcta",2023,"transportation_score",92.39
"61276","zcta",2023,"transportation_score",NA
"61277","zcta",2023,"transportation_score",90.62
"61278","zcta",2023,"transportation_score",88.82
"61279","zcta",2023,"transportation_score",90.9
"61281","zcta",2023,"transportation_score",89.17
"61282","zcta",2023,"transportation_score",116.58
"61283","zcta",2023,"transportation_score",90.23
"61284","zcta",2023,"transportation_score",91.12
"61285","zcta",2023,"transportation_score",NA
"61301","zcta",2023,"transportation_score",90.74
"61310","zcta",2023,"transportation_score",90.6
"61311","zcta",2023,"transportation_score",83.9
"61312","zcta",2023,"transportation_score",90.6
"61313","zcta",2023,"transportation_score",86.55
"61314","zcta",2023,"transportation_score",91.09
"61315","zcta",2023,"transportation_score",89.25
"61316","zcta",2023,"transportation_score",90.27
"61317","zcta",2023,"transportation_score",88.62
"61318","zcta",2023,"transportation_score",89.31
"61319","zcta",2023,"transportation_score",90.15
"61320","zcta",2023,"transportation_score",88.47
"61321","zcta",2023,"transportation_score",87.14
"61322","zcta",2023,"transportation_score",90.07
"61323","zcta",2023,"transportation_score",89.42
"61324","zcta",2023,"transportation_score",78.53
"61325","zcta",2023,"transportation_score",89.12
"61326","zcta",2023,"transportation_score",92.74
"61327","zcta",2023,"transportation_score",89.96
"61328","zcta",2023,"transportation_score",NA
"61329","zcta",2023,"transportation_score",89.24
"61330","zcta",2023,"transportation_score",89.25
"61331","zcta",2023,"transportation_score",NA
"61332","zcta",2023,"transportation_score",87.58
"61333","zcta",2023,"transportation_score",89.5
"61334","zcta",2023,"transportation_score",92.02
"61335","zcta",2023,"transportation_score",88.87
"61336","zcta",2023,"transportation_score",88.51
"61337","zcta",2023,"transportation_score",89.94
"61338","zcta",2023,"transportation_score",88.68
"61340","zcta",2023,"transportation_score",89.48
"61341","zcta",2023,"transportation_score",89.52
"61342","zcta",2023,"transportation_score",90.5
"61344","zcta",2023,"transportation_score",90.03
"61345","zcta",2023,"transportation_score",89.46
"61346","zcta",2023,"transportation_score",NA
"61348","zcta",2023,"transportation_score",89.77
"61349","zcta",2023,"transportation_score",90.11
"61350","zcta",2023,"transportation_score",124.91
"61353","zcta",2023,"transportation_score",90.13
"61354","zcta",2023,"transportation_score",91.33
"61356","zcta",2023,"transportation_score",125.4
"61358","zcta",2023,"transportation_score",87.73
"61359","zcta",2023,"transportation_score",88.26
"61360","zcta",2023,"transportation_score",90.39
"61361","zcta",2023,"transportation_score",90.09
"61362","zcta",2023,"transportation_score",90.66
"61363","zcta",2023,"transportation_score",88.87
"61364","zcta",2023,"transportation_score",92.12
"61367","zcta",2023,"transportation_score",90.16
"61368","zcta",2023,"transportation_score",90.85
"61369","zcta",2023,"transportation_score",89.78
"61370","zcta",2023,"transportation_score",91.53
"61371","zcta",2023,"transportation_score",NA
"61372","zcta",2023,"transportation_score",87.7
"61373","zcta",2023,"transportation_score",90.44
"61374","zcta",2023,"transportation_score",NA
"61375","zcta",2023,"transportation_score",88.53
"61376","zcta",2023,"transportation_score",95.28
"61377","zcta",2023,"transportation_score",88.94
"61378","zcta",2023,"transportation_score",91.73
"61379","zcta",2023,"transportation_score",90.78
"61401","zcta",2023,"transportation_score",126.13
"61402","zcta",2023,"transportation_score",NA
"61410","zcta",2023,"transportation_score",88.63
"61411","zcta",2023,"transportation_score",89.67
"61412","zcta",2023,"transportation_score",89.33
"61413","zcta",2023,"transportation_score",89.32
"61414","zcta",2023,"transportation_score",90.7
"61415","zcta",2023,"transportation_score",95.06
"61416","zcta",2023,"transportation_score",92.91
"61417","zcta",2023,"transportation_score",87.09
"61418","zcta",2023,"transportation_score",89.79
"61419","zcta",2023,"transportation_score",95.2
"61420","zcta",2023,"transportation_score",92.35
"61421","zcta",2023,"transportation_score",90.55
"61422","zcta",2023,"transportation_score",92.3
"61423","zcta",2023,"transportation_score",87.12
"61424","zcta",2023,"transportation_score",NA
"61425","zcta",2023,"transportation_score",89.68
"61426","zcta",2023,"transportation_score",NA
"61427","zcta",2023,"transportation_score",93.32
"61428","zcta",2023,"transportation_score",90.42
"61430","zcta",2023,"transportation_score",90.56
"61431","zcta",2023,"transportation_score",87.31
"61432","zcta",2023,"transportation_score",90.17
"61433","zcta",2023,"transportation_score",NA
"61434","zcta",2023,"transportation_score",92.34
"61435","zcta",2023,"transportation_score",80.6
"61436","zcta",2023,"transportation_score",88.57
"61437","zcta",2023,"transportation_score",88.81
"61438","zcta",2023,"transportation_score",89.61
"61439","zcta",2023,"transportation_score",87.28
"61440","zcta",2023,"transportation_score",89.69
"61441","zcta",2023,"transportation_score",89.4
"61442","zcta",2023,"transportation_score",91.02
"61443","zcta",2023,"transportation_score",91.76
"61447","zcta",2023,"transportation_score",90.15
"61448","zcta",2023,"transportation_score",89.36
"61449","zcta",2023,"transportation_score",92.61
"61450","zcta",2023,"transportation_score",91.2
"61451","zcta",2023,"transportation_score",83.91
"61452","zcta",2023,"transportation_score",87.92
"61453","zcta",2023,"transportation_score",90.5
"61454","zcta",2023,"transportation_score",90.62
"61455","zcta",2023,"transportation_score",118.09
"61458","zcta",2023,"transportation_score",88.54
"61459","zcta",2023,"transportation_score",87.43
"61460","zcta",2023,"transportation_score",87.93
"61462","zcta",2023,"transportation_score",147.34
"61465","zcta",2023,"transportation_score",90.17
"61466","zcta",2023,"transportation_score",89.9
"61467","zcta",2023,"transportation_score",89.28
"61468","zcta",2023,"transportation_score",86.01
"61469","zcta",2023,"transportation_score",89.61
"61470","zcta",2023,"transportation_score",89.19
"61471","zcta",2023,"transportation_score",83.24
"61472","zcta",2023,"transportation_score",88.43
"61473","zcta",2023,"transportation_score",89.51
"61474","zcta",2023,"transportation_score",91.69
"61475","zcta",2023,"transportation_score",90.28
"61476","zcta",2023,"transportation_score",93.28
"61477","zcta",2023,"transportation_score",90.21
"61478","zcta",2023,"transportation_score",92.25
"61479","zcta",2023,"transportation_score",NA
"61480","zcta",2023,"transportation_score",89.25
"61482","zcta",2023,"transportation_score",88.63
"61483","zcta",2023,"transportation_score",90.27
"61484","zcta",2023,"transportation_score",90.67
"61485","zcta",2023,"transportation_score",87.85
"61486","zcta",2023,"transportation_score",94.74
"61488","zcta",2023,"transportation_score",90.97
"61489","zcta",2023,"transportation_score",90.22
"61490","zcta",2023,"transportation_score",90.42
"61491","zcta",2023,"transportation_score",91.39
"61501","zcta",2023,"transportation_score",91.33
"61516","zcta",2023,"transportation_score",89.11
"61517","zcta",2023,"transportation_score",91.24
"61519","zcta",2023,"transportation_score",90.98
"61520","zcta",2023,"transportation_score",90.15
"61523","zcta",2023,"transportation_score",110.86
"61524","zcta",2023,"transportation_score",87.97
"61525","zcta",2023,"transportation_score",112.64
"61526","zcta",2023,"transportation_score",90.66
"61528","zcta",2023,"transportation_score",91.14
"61529","zcta",2023,"transportation_score",93.14
"61530","zcta",2023,"transportation_score",132.22
"61531","zcta",2023,"transportation_score",89.94
"61532","zcta",2023,"transportation_score",94.37
"61533","zcta",2023,"transportation_score",90.53
"61534","zcta",2023,"transportation_score",94.24
"61535","zcta",2023,"transportation_score",89.29
"61536","zcta",2023,"transportation_score",89.41
"61537","zcta",2023,"transportation_score",89.31
"61539","zcta",2023,"transportation_score",87.12
"61540","zcta",2023,"transportation_score",89.08
"61541","zcta",2023,"transportation_score",89.26
"61542","zcta",2023,"transportation_score",90.83
"61543","zcta",2023,"transportation_score",NA
"61544","zcta",2023,"transportation_score",89.5
"61545","zcta",2023,"transportation_score",90.13
"61546","zcta",2023,"transportation_score",90.1
"61547","zcta",2023,"transportation_score",89.69
"61548","zcta",2023,"transportation_score",90.38
"61550","zcta",2023,"transportation_score",111.46
"61552","zcta",2023,"transportation_score",87.18
"61553","zcta",2023,"transportation_score",89.31
"61554","zcta",2023,"transportation_score",112.05
"61559","zcta",2023,"transportation_score",90.76
"61560","zcta",2023,"transportation_score",90.89
"61561","zcta",2023,"transportation_score",91.15
"61562","zcta",2023,"transportation_score",NA
"61563","zcta",2023,"transportation_score",91.08
"61564","zcta",2023,"transportation_score",90.27
"61565","zcta",2023,"transportation_score",90.41
"61567","zcta",2023,"transportation_score",92.08
"61568","zcta",2023,"transportation_score",90.33
"61569","zcta",2023,"transportation_score",90.21
"61570","zcta",2023,"transportation_score",91.69
"61571","zcta",2023,"transportation_score",111.59
"61572","zcta",2023,"transportation_score",90.09
"61602","zcta",2023,"transportation_score",100.18
"61603","zcta",2023,"transportation_score",117.24
"61604","zcta",2023,"transportation_score",113.51
"61605","zcta",2023,"transportation_score",119.46
"61606","zcta",2023,"transportation_score",96.04
"61607","zcta",2023,"transportation_score",111.9
"61610","zcta",2023,"transportation_score",113
"61611","zcta",2023,"transportation_score",112.88
"61614","zcta",2023,"transportation_score",112.82
"61615","zcta",2023,"transportation_score",112.52
"61616","zcta",2023,"transportation_score",90.97
"61625","zcta",2023,"transportation_score",NA
"61701","zcta",2023,"transportation_score",95.65
"61704","zcta",2023,"transportation_score",92.67
"61705","zcta",2023,"transportation_score",92.65
"61720","zcta",2023,"transportation_score",95.4
"61721","zcta",2023,"transportation_score",90.62
"61722","zcta",2023,"transportation_score",87.99
"61723","zcta",2023,"transportation_score",92.22
"61724","zcta",2023,"transportation_score",89.41
"61725","zcta",2023,"transportation_score",91.07
"61726","zcta",2023,"transportation_score",92.33
"61727","zcta",2023,"transportation_score",90.68
"61728","zcta",2023,"transportation_score",90.49
"61729","zcta",2023,"transportation_score",93.81
"61730","zcta",2023,"transportation_score",90.18
"61731","zcta",2023,"transportation_score",99.54
"61732","zcta",2023,"transportation_score",92.14
"61733","zcta",2023,"transportation_score",90.32
"61734","zcta",2023,"transportation_score",92.81
"61735","zcta",2023,"transportation_score",87.23
"61736","zcta",2023,"transportation_score",91.65
"61737","zcta",2023,"transportation_score",90.6
"61738","zcta",2023,"transportation_score",91.51
"61739","zcta",2023,"transportation_score",92.33
"61740","zcta",2023,"transportation_score",90.66
"61741","zcta",2023,"transportation_score",89.39
"61742","zcta",2023,"transportation_score",92.09
"61743","zcta",2023,"transportation_score",93.93
"61744","zcta",2023,"transportation_score",90.7
"61745","zcta",2023,"transportation_score",90.16
"61747","zcta",2023,"transportation_score",90.67
"61748","zcta",2023,"transportation_score",90.78
"61749","zcta",2023,"transportation_score",90.59
"61750","zcta",2023,"transportation_score",78.5
"61751","zcta",2023,"transportation_score",NA
"61752","zcta",2023,"transportation_score",91.4
"61753","zcta",2023,"transportation_score",92.44
"61754","zcta",2023,"transportation_score",92.64
"61755","zcta",2023,"transportation_score",90.23
"61756","zcta",2023,"transportation_score",90.91
"61759","zcta",2023,"transportation_score",90.14
"61760","zcta",2023,"transportation_score",90.8
"61761","zcta",2023,"transportation_score",93.9
"61764","zcta",2023,"transportation_score",91.83
"61769","zcta",2023,"transportation_score",89.94
"61770","zcta",2023,"transportation_score",92.91
"61771","zcta",2023,"transportation_score",89.12
"61772","zcta",2023,"transportation_score",84.04
"61773","zcta",2023,"transportation_score",93.63
"61774","zcta",2023,"transportation_score",91.33
"61775","zcta",2023,"transportation_score",89.1
"61776","zcta",2023,"transportation_score",90.19
"61777","zcta",2023,"transportation_score",91.57
"61778","zcta",2023,"transportation_score",90.11
"61801","zcta",2023,"transportation_score",130.29
"61802","zcta",2023,"transportation_score",118.54
"61810","zcta",2023,"transportation_score",88.99
"61811","zcta",2023,"transportation_score",89.23
"61812","zcta",2023,"transportation_score",87.9
"61813","zcta",2023,"transportation_score",108.4
"61814","zcta",2023,"transportation_score",89.55
"61815","zcta",2023,"transportation_score",88.3
"61816","zcta",2023,"transportation_score",89.34
"61817","zcta",2023,"transportation_score",90.52
"61818","zcta",2023,"transportation_score",89.78
"61820","zcta",2023,"transportation_score",131.1
"61821","zcta",2023,"transportation_score",118.95
"61822","zcta",2023,"transportation_score",93.38
"61830","zcta",2023,"transportation_score",94.04
"61831","zcta",2023,"transportation_score",90.66
"61832","zcta",2023,"transportation_score",123.1
"61833","zcta",2023,"transportation_score",89.02
"61834","zcta",2023,"transportation_score",90.78
"61839","zcta",2023,"transportation_score",91.16
"61840","zcta",2023,"transportation_score",85.96
"61841","zcta",2023,"transportation_score",91.33
"61842","zcta",2023,"transportation_score",89.45
"61843","zcta",2023,"transportation_score",90.4
"61844","zcta",2023,"transportation_score",89.7
"61845","zcta",2023,"transportation_score",89.73
"61846","zcta",2023,"transportation_score",123.08
"61847","zcta",2023,"transportation_score",90.95
"61848","zcta",2023,"transportation_score",90.91
"61849","zcta",2023,"transportation_score",91.11
"61850","zcta",2023,"transportation_score",88.3
"61851","zcta",2023,"transportation_score",95.14
"61852","zcta",2023,"transportation_score",86.1
"61853","zcta",2023,"transportation_score",90.38
"61854","zcta",2023,"transportation_score",91.44
"61855","zcta",2023,"transportation_score",NA
"61856","zcta",2023,"transportation_score",129.75
"61857","zcta",2023,"transportation_score",83.62
"61858","zcta",2023,"transportation_score",90.29
"61859","zcta",2023,"transportation_score",90.02
"61862","zcta",2023,"transportation_score",88.7
"61863","zcta",2023,"transportation_score",89.64
"61864","zcta",2023,"transportation_score",89.17
"61865","zcta",2023,"transportation_score",91.28
"61866","zcta",2023,"transportation_score",93.45
"61870","zcta",2023,"transportation_score",91.53
"61871","zcta",2023,"transportation_score",90.52
"61872","zcta",2023,"transportation_score",90.41
"61873","zcta",2023,"transportation_score",89.94
"61874","zcta",2023,"transportation_score",92.01
"61875","zcta",2023,"transportation_score",90.64
"61876","zcta",2023,"transportation_score",87.99
"61877","zcta",2023,"transportation_score",91.95
"61878","zcta",2023,"transportation_score",90.61
"61880","zcta",2023,"transportation_score",89.78
"61882","zcta",2023,"transportation_score",90.58
"61883","zcta",2023,"transportation_score",89.38
"61884","zcta",2023,"transportation_score",89.67
"61910","zcta",2023,"transportation_score",98.56
"61911","zcta",2023,"transportation_score",105.17
"61912","zcta",2023,"transportation_score",93.98
"61913","zcta",2023,"transportation_score",90.78
"61914","zcta",2023,"transportation_score",89.85
"61917","zcta",2023,"transportation_score",89.33
"61919","zcta",2023,"transportation_score",89.41
"61920","zcta",2023,"transportation_score",127.01
"61924","zcta",2023,"transportation_score",93.35
"61925","zcta",2023,"transportation_score",89.87
"61928","zcta",2023,"transportation_score",87.72
"61929","zcta",2023,"transportation_score",88.81
"61930","zcta",2023,"transportation_score",89.23
"61931","zcta",2023,"transportation_score",92.25
"61932","zcta",2023,"transportation_score",89.79
"61933","zcta",2023,"transportation_score",90.45
"61936","zcta",2023,"transportation_score",80.56
"61937","zcta",2023,"transportation_score",91.13
"61938","zcta",2023,"transportation_score",91
"61940","zcta",2023,"transportation_score",89.31
"61941","zcta",2023,"transportation_score",81.14
"61942","zcta",2023,"transportation_score",90.65
"61943","zcta",2023,"transportation_score",96.33
"61944","zcta",2023,"transportation_score",90.2
"61949","zcta",2023,"transportation_score",90.17
"61951","zcta",2023,"transportation_score",97.72
"61953","zcta",2023,"transportation_score",91.59
"61955","zcta",2023,"transportation_score",89.94
"61956","zcta",2023,"transportation_score",90.02
"61957","zcta",2023,"transportation_score",90.24
"62001","zcta",2023,"transportation_score",89.67
"62002","zcta",2023,"transportation_score",93.64
"62006","zcta",2023,"transportation_score",89.63
"62009","zcta",2023,"transportation_score",89.06
"62010","zcta",2023,"transportation_score",90.98
"62011","zcta",2023,"transportation_score",90.39
"62012","zcta",2023,"transportation_score",90.33
"62013","zcta",2023,"transportation_score",88.51
"62014","zcta",2023,"transportation_score",89.17
"62015","zcta",2023,"transportation_score",87.79
"62016","zcta",2023,"transportation_score",91.65
"62017","zcta",2023,"transportation_score",88.84
"62018","zcta",2023,"transportation_score",90.57
"62019","zcta",2023,"transportation_score",89.65
"62021","zcta",2023,"transportation_score",89.66
"62022","zcta",2023,"transportation_score",90.71
"62023","zcta",2023,"transportation_score",92.99
"62024","zcta",2023,"transportation_score",90.9
"62025","zcta",2023,"transportation_score",117.95
"62026","zcta",2023,"transportation_score",NA
"62027","zcta",2023,"transportation_score",87.32
"62028","zcta",2023,"transportation_score",NA
"62030","zcta",2023,"transportation_score",80.74
"62031","zcta",2023,"transportation_score",89.23
"62032","zcta",2023,"transportation_score",93.4
"62033","zcta",2023,"transportation_score",89.52
"62034","zcta",2023,"transportation_score",91.7
"62035","zcta",2023,"transportation_score",90.71
"62036","zcta",2023,"transportation_score",89.32
"62037","zcta",2023,"transportation_score",91.1
"62040","zcta",2023,"transportation_score",118.07
"62044","zcta",2023,"transportation_score",91.42
"62045","zcta",2023,"transportation_score",87.81
"62046","zcta",2023,"transportation_score",91.84
"62047","zcta",2023,"transportation_score",91.35
"62048","zcta",2023,"transportation_score",95.85
"62049","zcta",2023,"transportation_score",91.11
"62050","zcta",2023,"transportation_score",97.91
"62051","zcta",2023,"transportation_score",90.12
"62052","zcta",2023,"transportation_score",132.32
"62053","zcta",2023,"transportation_score",88.87
"62054","zcta",2023,"transportation_score",89.82
"62056","zcta",2023,"transportation_score",91.51
"62058","zcta",2023,"transportation_score",88.83
"62059","zcta",2023,"transportation_score",99.82
"62060","zcta",2023,"transportation_score",90.18
"62061","zcta",2023,"transportation_score",94.11
"62062","zcta",2023,"transportation_score",91.87
"62063","zcta",2023,"transportation_score",95.34
"62067","zcta",2023,"transportation_score",89.41
"62069","zcta",2023,"transportation_score",88.14
"62074","zcta",2023,"transportation_score",90.59
"62075","zcta",2023,"transportation_score",93.18
"62076","zcta",2023,"transportation_score",NA
"62077","zcta",2023,"transportation_score",92.49
"62078","zcta",2023,"transportation_score",NA
"62079","zcta",2023,"transportation_score",92.69
"62080","zcta",2023,"transportation_score",89.53
"62081","zcta",2023,"transportation_score",85.16
"62082","zcta",2023,"transportation_score",90.56
"62083","zcta",2023,"transportation_score",88.51
"62084","zcta",2023,"transportation_score",89.45
"62085","zcta",2023,"transportation_score",87.1
"62086","zcta",2023,"transportation_score",87.92
"62087","zcta",2023,"transportation_score",90.93
"62088","zcta",2023,"transportation_score",89.59
"62089","zcta",2023,"transportation_score",89.2
"62090","zcta",2023,"transportation_score",94.56
"62091","zcta",2023,"transportation_score",86.06
"62092","zcta",2023,"transportation_score",90.58
"62093","zcta",2023,"transportation_score",89.66
"62094","zcta",2023,"transportation_score",91.64
"62095","zcta",2023,"transportation_score",90.56
"62097","zcta",2023,"transportation_score",90.23
"62098","zcta",2023,"transportation_score",NA
"62201","zcta",2023,"transportation_score",95.71
"62203","zcta",2023,"transportation_score",119.09
"62204","zcta",2023,"transportation_score",121.96
"62205","zcta",2023,"transportation_score",129.54
"62206","zcta",2023,"transportation_score",124.53
"62207","zcta",2023,"transportation_score",121.23
"62208","zcta",2023,"transportation_score",118.05
"62214","zcta",2023,"transportation_score",89.71
"62215","zcta",2023,"transportation_score",91.51
"62216","zcta",2023,"transportation_score",91.02
"62217","zcta",2023,"transportation_score",90.34
"62218","zcta",2023,"transportation_score",91.6
"62219","zcta",2023,"transportation_score",89.47
"62220","zcta",2023,"transportation_score",122.31
"62221","zcta",2023,"transportation_score",120.05
"62223","zcta",2023,"transportation_score",119.32
"62225","zcta",2023,"transportation_score",91.88
"62226","zcta",2023,"transportation_score",120.15
"62230","zcta",2023,"transportation_score",90.73
"62231","zcta",2023,"transportation_score",90.94
"62232","zcta",2023,"transportation_score",91.99
"62233","zcta",2023,"transportation_score",NA
"62234","zcta",2023,"transportation_score",118.8
"62236","zcta",2023,"transportation_score",89.71
"62237","zcta",2023,"transportation_score",89
"62238","zcta",2023,"transportation_score",88.42
"62239","zcta",2023,"transportation_score",117.07
"62240","zcta",2023,"transportation_score",88.95
"62241","zcta",2023,"transportation_score",88.26
"62242","zcta",2023,"transportation_score",90.65
"62243","zcta",2023,"transportation_score",91.65
"62244","zcta",2023,"transportation_score",89.87
"62245","zcta",2023,"transportation_score",90.55
"62246","zcta",2023,"transportation_score",133.74
"62248","zcta",2023,"transportation_score",88.37
"62249","zcta",2023,"transportation_score",90.92
"62250","zcta",2023,"transportation_score",87.86
"62253","zcta",2023,"transportation_score",88.83
"62254","zcta",2023,"transportation_score",92.74
"62255","zcta",2023,"transportation_score",89.57
"62256","zcta",2023,"transportation_score",NA
"62257","zcta",2023,"transportation_score",95.59
"62258","zcta",2023,"transportation_score",92.33
"62260","zcta",2023,"transportation_score",90.39
"62261","zcta",2023,"transportation_score",NA
"62262","zcta",2023,"transportation_score",91.22
"62263","zcta",2023,"transportation_score",90.37
"62264","zcta",2023,"transportation_score",90.32
"62265","zcta",2023,"transportation_score",99.51
"62266","zcta",2023,"transportation_score",NA
"62268","zcta",2023,"transportation_score",90.21
"62269","zcta",2023,"transportation_score",117.81
"62271","zcta",2023,"transportation_score",92.87
"62272","zcta",2023,"transportation_score",90.05
"62273","zcta",2023,"transportation_score",87.48
"62274","zcta",2023,"transportation_score",88.59
"62275","zcta",2023,"transportation_score",90.76
"62277","zcta",2023,"transportation_score",89.56
"62278","zcta",2023,"transportation_score",95.97
"62279","zcta",2023,"transportation_score",NA
"62280","zcta",2023,"transportation_score",88.19
"62281","zcta",2023,"transportation_score",88.68
"62282","zcta",2023,"transportation_score",89.43
"62284","zcta",2023,"transportation_score",90.87
"62285","zcta",2023,"transportation_score",89.89
"62286","zcta",2023,"transportation_score",131.83
"62288","zcta",2023,"transportation_score",88.51
"62289","zcta",2023,"transportation_score",90.29
"62292","zcta",2023,"transportation_score",91.45
"62293","zcta",2023,"transportation_score",90.22
"62294","zcta",2023,"transportation_score",116.21
"62295","zcta",2023,"transportation_score",89.85
"62297","zcta",2023,"transportation_score",90.44
"62298","zcta",2023,"transportation_score",91.34
"62301","zcta",2023,"transportation_score",128.54
"62305","zcta",2023,"transportation_score",125.2
"62311","zcta",2023,"transportation_score",90.33
"62312","zcta",2023,"transportation_score",95.88
"62313","zcta",2023,"transportation_score",87.93
"62314","zcta",2023,"transportation_score",87.38
"62316","zcta",2023,"transportation_score",90.4
"62319","zcta",2023,"transportation_score",90.32
"62320","zcta",2023,"transportation_score",92.76
"62321","zcta",2023,"transportation_score",90.33
"62323","zcta",2023,"transportation_score",85.9
"62324","zcta",2023,"transportation_score",90.42
"62325","zcta",2023,"transportation_score",87.99
"62326","zcta",2023,"transportation_score",93.7
"62330","zcta",2023,"transportation_score",90.03
"62334","zcta",2023,"transportation_score",88.56
"62336","zcta",2023,"transportation_score",NA
"62338","zcta",2023,"transportation_score",89.03
"62339","zcta",2023,"transportation_score",89.11
"62340","zcta",2023,"transportation_score",91.52
"62341","zcta",2023,"transportation_score",90.88
"62343","zcta",2023,"transportation_score",91.95
"62344","zcta",2023,"transportation_score",NA
"62345","zcta",2023,"transportation_score",94.12
"62346","zcta",2023,"transportation_score",82.95
"62347","zcta",2023,"transportation_score",89.21
"62348","zcta",2023,"transportation_score",89.02
"62349","zcta",2023,"transportation_score",91.02
"62351","zcta",2023,"transportation_score",89.19
"62352","zcta",2023,"transportation_score",87.34
"62353","zcta",2023,"transportation_score",NA
"62354","zcta",2023,"transportation_score",92.67
"62355","zcta",2023,"transportation_score",91.8
"62356","zcta",2023,"transportation_score",90.78
"62357","zcta",2023,"transportation_score",95.57
"62358","zcta",2023,"transportation_score",92.59
"62359","zcta",2023,"transportation_score",NA
"62360","zcta",2023,"transportation_score",88.65
"62361","zcta",2023,"transportation_score",87.45
"62362","zcta",2023,"transportation_score",91.33
"62363","zcta",2023,"transportation_score",89.68
"62365","zcta",2023,"transportation_score",90.57
"62366","zcta",2023,"transportation_score",91.61
"62367","zcta",2023,"transportation_score",92.58
"62370","zcta",2023,"transportation_score",94.45
"62373","zcta",2023,"transportation_score",87.14
"62374","zcta",2023,"transportation_score",90.52
"62375","zcta",2023,"transportation_score",90.07
"62376","zcta",2023,"transportation_score",90.14
"62378","zcta",2023,"transportation_score",89.08
"62379","zcta",2023,"transportation_score",91.15
"62380","zcta",2023,"transportation_score",91.02
"62401","zcta",2023,"transportation_score",132.33
"62410","zcta",2023,"transportation_score",90.95
"62411","zcta",2023,"transportation_score",92.66
"62413","zcta",2023,"transportation_score",88.18
"62414","zcta",2023,"transportation_score",90.28
"62417","zcta",2023,"transportation_score",91.3
"62418","zcta",2023,"transportation_score",91.06
"62419","zcta",2023,"transportation_score",89.74
"62420","zcta",2023,"transportation_score",92.15
"62421","zcta",2023,"transportation_score",88.54
"62422","zcta",2023,"transportation_score",88.33
"62423","zcta",2023,"transportation_score",86.12
"62424","zcta",2023,"transportation_score",90.38
"62425","zcta",2023,"transportation_score",90.51
"62426","zcta",2023,"transportation_score",90.52
"62427","zcta",2023,"transportation_score",92.1
"62428","zcta",2023,"transportation_score",90.51
"62431","zcta",2023,"transportation_score",90.47
"62432","zcta",2023,"transportation_score",87.01
"62433","zcta",2023,"transportation_score",88.4
"62434","zcta",2023,"transportation_score",86.38
"62436","zcta",2023,"transportation_score",88.52
"62438","zcta",2023,"transportation_score",87.93
"62439","zcta",2023,"transportation_score",90.56
"62440","zcta",2023,"transportation_score",90.35
"62441","zcta",2023,"transportation_score",90.65
"62442","zcta",2023,"transportation_score",90.36
"62443","zcta",2023,"transportation_score",90.07
"62444","zcta",2023,"transportation_score",90.05
"62445","zcta",2023,"transportation_score",88.61
"62446","zcta",2023,"transportation_score",86.54
"62447","zcta",2023,"transportation_score",92.38
"62448","zcta",2023,"transportation_score",90.69
"62449","zcta",2023,"transportation_score",89.93
"62450","zcta",2023,"transportation_score",91
"62451","zcta",2023,"transportation_score",107.59
"62452","zcta",2023,"transportation_score",88.41
"62454","zcta",2023,"transportation_score",89.72
"62458","zcta",2023,"transportation_score",91.18
"62459","zcta",2023,"transportation_score",90.88
"62460","zcta",2023,"transportation_score",94.37
"62461","zcta",2023,"transportation_score",91.37
"62462","zcta",2023,"transportation_score",89.18
"62463","zcta",2023,"transportation_score",91.42
"62464","zcta",2023,"transportation_score",84.19
"62465","zcta",2023,"transportation_score",88.89
"62466","zcta",2023,"transportation_score",NA
"62467","zcta",2023,"transportation_score",115.89
"62468","zcta",2023,"transportation_score",91.21
"62469","zcta",2023,"transportation_score",92.5
"62471","zcta",2023,"transportation_score",91.48
"62473","zcta",2023,"transportation_score",90.79
"62474","zcta",2023,"transportation_score",88.38
"62475","zcta",2023,"transportation_score",88.38
"62476","zcta",2023,"transportation_score",90.15
"62477","zcta",2023,"transportation_score",91.28
"62478","zcta",2023,"transportation_score",85.43
"62479","zcta",2023,"transportation_score",91.09
"62480","zcta",2023,"transportation_score",87.76
"62481","zcta",2023,"transportation_score",85.71
"62501","zcta",2023,"transportation_score",90.94
"62510","zcta",2023,"transportation_score",95
"62512","zcta",2023,"transportation_score",88.31
"62513","zcta",2023,"transportation_score",90.94
"62514","zcta",2023,"transportation_score",85.49
"62515","zcta",2023,"transportation_score",92.2
"62517","zcta",2023,"transportation_score",89.39
"62518","zcta",2023,"transportation_score",86.04
"62519","zcta",2023,"transportation_score",NA
"62520","zcta",2023,"transportation_score",90.65
"62521","zcta",2023,"transportation_score",105.26
"62522","zcta",2023,"transportation_score",107.26
"62523","zcta",2023,"transportation_score",NA
"62526","zcta",2023,"transportation_score",104.84
"62530","zcta",2023,"transportation_score",92.2
"62531","zcta",2023,"transportation_score",89.87
"62532","zcta",2023,"transportation_score",NA
"62533","zcta",2023,"transportation_score",91.03
"62534","zcta",2023,"transportation_score",89.82
"62535","zcta",2023,"transportation_score",89.82
"62536","zcta",2023,"transportation_score",89.61
"62537","zcta",2023,"transportation_score",86.91
"62538","zcta",2023,"transportation_score",88.39
"62539","zcta",2023,"transportation_score",90.36
"62540","zcta",2023,"transportation_score",89.66
"62541","zcta",2023,"transportation_score",NA
"62543","zcta",2023,"transportation_score",94
"62544","zcta",2023,"transportation_score",89.53
"62545","zcta",2023,"transportation_score",89.8
"62546","zcta",2023,"transportation_score",89.71
"62547","zcta",2023,"transportation_score",92.56
"62548","zcta",2023,"transportation_score",92.22
"62549","zcta",2023,"transportation_score",102.64
"62550","zcta",2023,"transportation_score",89.84
"62551","zcta",2023,"transportation_score",90.94
"62553","zcta",2023,"transportation_score",91.74
"62554","zcta",2023,"transportation_score",89.02
"62555","zcta",2023,"transportation_score",89.37
"62556","zcta",2023,"transportation_score",88.66
"62557","zcta",2023,"transportation_score",95.13
"62558","zcta",2023,"transportation_score",90.26
"62560","zcta",2023,"transportation_score",101.89
"62561","zcta",2023,"transportation_score",89.89
"62563","zcta",2023,"transportation_score",90.99
"62565","zcta",2023,"transportation_score",132.21
"62567","zcta",2023,"transportation_score",89.48
"62568","zcta",2023,"transportation_score",89.57
"62570","zcta",2023,"transportation_score",88.93
"62571","zcta",2023,"transportation_score",88.72
"62572","zcta",2023,"transportation_score",93.9
"62573","zcta",2023,"transportation_score",88.58
"62601","zcta",2023,"transportation_score",90.64
"62610","zcta",2023,"transportation_score",90.62
"62611","zcta",2023,"transportation_score",91.51
"62612","zcta",2023,"transportation_score",91.97
"62613","zcta",2023,"transportation_score",89.72
"62615","zcta",2023,"transportation_score",90.63
"62617","zcta",2023,"transportation_score",92.11
"62618","zcta",2023,"transportation_score",91.16
"62621","zcta",2023,"transportation_score",89.44
"62622","zcta",2023,"transportation_score",NA
"62624","zcta",2023,"transportation_score",85.87
"62625","zcta",2023,"transportation_score",89.19
"62626","zcta",2023,"transportation_score",131.73
"62627","zcta",2023,"transportation_score",91.41
"62628","zcta",2023,"transportation_score",90.02
"62629","zcta",2023,"transportation_score",126.91
"62630","zcta",2023,"transportation_score",90.96
"62631","zcta",2023,"transportation_score",85.91
"62633","zcta",2023,"transportation_score",88.3
"62634","zcta",2023,"transportation_score",91.41
"62635","zcta",2023,"transportation_score",89.83
"62638","zcta",2023,"transportation_score",89.45
"62639","zcta",2023,"transportation_score",87.13
"62640","zcta",2023,"transportation_score",90.48
"62642","zcta",2023,"transportation_score",89.41
"62643","zcta",2023,"transportation_score",90.87
"62644","zcta",2023,"transportation_score",90.52
"62649","zcta",2023,"transportation_score",92.79
"62650","zcta",2023,"transportation_score",134.35
"62655","zcta",2023,"transportation_score",91.2
"62656","zcta",2023,"transportation_score",133.02
"62661","zcta",2023,"transportation_score",89.73
"62663","zcta",2023,"transportation_score",90.23
"62664","zcta",2023,"transportation_score",90.36
"62665","zcta",2023,"transportation_score",89.6
"62666","zcta",2023,"transportation_score",89.58
"62667","zcta",2023,"transportation_score",93.59
"62668","zcta",2023,"transportation_score",91.52
"62670","zcta",2023,"transportation_score",91.88
"62671","zcta",2023,"transportation_score",88.92
"62672","zcta",2023,"transportation_score",82.26
"62673","zcta",2023,"transportation_score",90.93
"62674","zcta",2023,"transportation_score",91.31
"62675","zcta",2023,"transportation_score",90.86
"62677","zcta",2023,"transportation_score",90.51
"62681","zcta",2023,"transportation_score",90.83
"62682","zcta",2023,"transportation_score",88.39
"62684","zcta",2023,"transportation_score",89.86
"62685","zcta",2023,"transportation_score",88.89
"62688","zcta",2023,"transportation_score",90.54
"62689","zcta",2023,"transportation_score",92.74
"62690","zcta",2023,"transportation_score",93.8
"62691","zcta",2023,"transportation_score",88.92
"62692","zcta",2023,"transportation_score",92.41
"62693","zcta",2023,"transportation_score",90.66
"62694","zcta",2023,"transportation_score",89.81
"62695","zcta",2023,"transportation_score",88.16
"62701","zcta",2023,"transportation_score",104.4
"62702","zcta",2023,"transportation_score",128.89
"62703","zcta",2023,"transportation_score",132.22
"62704","zcta",2023,"transportation_score",129.32
"62706","zcta",2023,"transportation_score",NA
"62707","zcta",2023,"transportation_score",90.39
"62711","zcta",2023,"transportation_score",90.11
"62712","zcta",2023,"transportation_score",89.37
"62801","zcta",2023,"transportation_score",123.2
"62803","zcta",2023,"transportation_score",88.76
"62806","zcta",2023,"transportation_score",92.19
"62807","zcta",2023,"transportation_score",90.32
"62808","zcta",2023,"transportation_score",89.77
"62809","zcta",2023,"transportation_score",86.33
"62810","zcta",2023,"transportation_score",94.41
"62811","zcta",2023,"transportation_score",88.53
"62812","zcta",2023,"transportation_score",91.89
"62814","zcta",2023,"transportation_score",89.34
"62815","zcta",2023,"transportation_score",94.09
"62816","zcta",2023,"transportation_score",89.89
"62817","zcta",2023,"transportation_score",87.48
"62818","zcta",2023,"transportation_score",88.72
"62819","zcta",2023,"transportation_score",90.51
"62820","zcta",2023,"transportation_score",87.31
"62821","zcta",2023,"transportation_score",91.33
"62822","zcta",2023,"transportation_score",90.74
"62823","zcta",2023,"transportation_score",91.36
"62824","zcta",2023,"transportation_score",89.61
"62825","zcta",2023,"transportation_score",87.5
"62827","zcta",2023,"transportation_score",91.12
"62828","zcta",2023,"transportation_score",89.77
"62829","zcta",2023,"transportation_score",82.56
"62830","zcta",2023,"transportation_score",89.42
"62831","zcta",2023,"transportation_score",89.14
"62832","zcta",2023,"transportation_score",91.6
"62833","zcta",2023,"transportation_score",90.22
"62835","zcta",2023,"transportation_score",91.02
"62836","zcta",2023,"transportation_score",89.12
"62837","zcta",2023,"transportation_score",91.08
"62838","zcta",2023,"transportation_score",90.21
"62839","zcta",2023,"transportation_score",89.09
"62841","zcta",2023,"transportation_score",85.02
"62842","zcta",2023,"transportation_score",90.09
"62843","zcta",2023,"transportation_score",NA
"62844","zcta",2023,"transportation_score",93.48
"62846","zcta",2023,"transportation_score",NA
"62848","zcta",2023,"transportation_score",89.05
"62849","zcta",2023,"transportation_score",89.31
"62850","zcta",2023,"transportation_score",99.22
"62851","zcta",2023,"transportation_score",89.14
"62852","zcta",2023,"transportation_score",90.58
"62853","zcta",2023,"transportation_score",89.41
"62854","zcta",2023,"transportation_score",90.33
"62856","zcta",2023,"transportation_score",90.27
"62858","zcta",2023,"transportation_score",90.44
"62859","zcta",2023,"transportation_score",90.43
"62860","zcta",2023,"transportation_score",92.09
"62861","zcta",2023,"transportation_score",88.41
"62862","zcta",2023,"transportation_score",88.45
"62863","zcta",2023,"transportation_score",94.81
"62864","zcta",2023,"transportation_score",92.12
"62865","zcta",2023,"transportation_score",91.39
"62867","zcta",2023,"transportation_score",89.26
"62868","zcta",2023,"transportation_score",91.9
"62869","zcta",2023,"transportation_score",89.69
"62870","zcta",2023,"transportation_score",89.19
"62871","zcta",2023,"transportation_score",91.32
"62872","zcta",2023,"transportation_score",96.87
"62874","zcta",2023,"transportation_score",90.81
"62875","zcta",2023,"transportation_score",89.37
"62876","zcta",2023,"transportation_score",88.03
"62877","zcta",2023,"transportation_score",91.73
"62878","zcta",2023,"transportation_score",93.16
"62879","zcta",2023,"transportation_score",NA
"62880","zcta",2023,"transportation_score",94.78
"62881","zcta",2023,"transportation_score",91.11
"62882","zcta",2023,"transportation_score",90.82
"62883","zcta",2023,"transportation_score",88.14
"62884","zcta",2023,"transportation_score",101.48
"62885","zcta",2023,"transportation_score",91.01
"62886","zcta",2023,"transportation_score",90.68
"62887","zcta",2023,"transportation_score",88.01
"62888","zcta",2023,"transportation_score",89.43
"62889","zcta",2023,"transportation_score",87.91
"62890","zcta",2023,"transportation_score",89.77
"62891","zcta",2023,"transportation_score",90.64
"62892","zcta",2023,"transportation_score",92.88
"62893","zcta",2023,"transportation_score",89.54
"62894","zcta",2023,"transportation_score",90.61
"62895","zcta",2023,"transportation_score",91.38
"62896","zcta",2023,"transportation_score",91.6
"62897","zcta",2023,"transportation_score",98.98
"62898","zcta",2023,"transportation_score",90
"62899","zcta",2023,"transportation_score",92.92
"62901","zcta",2023,"transportation_score",122.41
"62902","zcta",2023,"transportation_score",91.08
"62903","zcta",2023,"transportation_score",95.1
"62905","zcta",2023,"transportation_score",89.58
"62906","zcta",2023,"transportation_score",89.7
"62907","zcta",2023,"transportation_score",94.34
"62908","zcta",2023,"transportation_score",88.31
"62910","zcta",2023,"transportation_score",88.41
"62912","zcta",2023,"transportation_score",89.04
"62914","zcta",2023,"transportation_score",91.44
"62915","zcta",2023,"transportation_score",89.05
"62916","zcta",2023,"transportation_score",99.18
"62917","zcta",2023,"transportation_score",89.37
"62918","zcta",2023,"transportation_score",113.77
"62919","zcta",2023,"transportation_score",88.2
"62920","zcta",2023,"transportation_score",92.52
"62921","zcta",2023,"transportation_score",88.95
"62922","zcta",2023,"transportation_score",90.63
"62923","zcta",2023,"transportation_score",88.63
"62924","zcta",2023,"transportation_score",91.7
"62926","zcta",2023,"transportation_score",90.39
"62927","zcta",2023,"transportation_score",90.35
"62928","zcta",2023,"transportation_score",NA
"62930","zcta",2023,"transportation_score",91.06
"62931","zcta",2023,"transportation_score",91.72
"62932","zcta",2023,"transportation_score",89.03
"62933","zcta",2023,"transportation_score",89.46
"62934","zcta",2023,"transportation_score",89.32
"62935","zcta",2023,"transportation_score",90.28
"62938","zcta",2023,"transportation_score",90.14
"62939","zcta",2023,"transportation_score",88.93
"62940","zcta",2023,"transportation_score",88.53
"62941","zcta",2023,"transportation_score",90.28
"62942","zcta",2023,"transportation_score",90.02
"62943","zcta",2023,"transportation_score",90.13
"62946","zcta",2023,"transportation_score",112.47
"62947","zcta",2023,"transportation_score",92.2
"62948","zcta",2023,"transportation_score",114.65
"62949","zcta",2023,"transportation_score",91.29
"62950","zcta",2023,"transportation_score",84.6
"62951","zcta",2023,"transportation_score",89.99
"62952","zcta",2023,"transportation_score",89.86
"62953","zcta",2023,"transportation_score",90.08
"62954","zcta",2023,"transportation_score",88.16
"62956","zcta",2023,"transportation_score",90.62
"62957","zcta",2023,"transportation_score",88.1
"62958","zcta",2023,"transportation_score",89.14
"62959","zcta",2023,"transportation_score",113.98
"62960","zcta",2023,"transportation_score",92.76
"62961","zcta",2023,"transportation_score",NA
"62962","zcta",2023,"transportation_score",NA
"62963","zcta",2023,"transportation_score",94.09
"62964","zcta",2023,"transportation_score",89.92
"62965","zcta",2023,"transportation_score",NA
"62966","zcta",2023,"transportation_score",91.06
"62967","zcta",2023,"transportation_score",88.06
"62969","zcta",2023,"transportation_score",89.59
"62970","zcta",2023,"transportation_score",92.57
"62972","zcta",2023,"transportation_score",89.67
"62974","zcta",2023,"transportation_score",89.89
"62975","zcta",2023,"transportation_score",85.62
"62976","zcta",2023,"transportation_score",93.42
"62977","zcta",2023,"transportation_score",88.56
"62979","zcta",2023,"transportation_score",88.16
"62982","zcta",2023,"transportation_score",92.14
"62983","zcta",2023,"transportation_score",89.88
"62984","zcta",2023,"transportation_score",89.5
"62985","zcta",2023,"transportation_score",89
"62987","zcta",2023,"transportation_score",92.61
"62988","zcta",2023,"transportation_score",90.46
"62990","zcta",2023,"transportation_score",90.53
"62992","zcta",2023,"transportation_score",90.5
"62994","zcta",2023,"transportation_score",92.04
"62995","zcta",2023,"transportation_score",90.62
"62996","zcta",2023,"transportation_score",89.01
"62997","zcta",2023,"transportation_score",88.11
"62998","zcta",2023,"transportation_score",89.2
"62999","zcta",2023,"transportation_score",90.71
"60002","zcta",2023,"transportation_rnk",51.5262
"60004","zcta",2023,"transportation_rnk",98.6631
"60005","zcta",2023,"transportation_rnk",97.6629
"60007","zcta",2023,"transportation_rnk",96.6012
"60008","zcta",2023,"transportation_rnk",96.0347
"60010","zcta",2023,"transportation_rnk",98.3265
"60012","zcta",2023,"transportation_rnk",59.0975
"60013","zcta",2023,"transportation_rnk",96.3293
"60014","zcta",2023,"transportation_rnk",97.6402
"60015","zcta",2023,"transportation_rnk",98.3621
"60016","zcta",2023,"transportation_rnk",98.6858
"60018","zcta",2023,"transportation_rnk",97.9057
"60020","zcta",2023,"transportation_rnk",73.9812
"60021","zcta",2023,"transportation_rnk",72.5666
"60022","zcta",2023,"transportation_rnk",98.4139
"60025","zcta",2023,"transportation_rnk",98.6728
"60026","zcta",2023,"transportation_rnk",73.3532
"60029","zcta",2023,"transportation_rnk",77.5677
"60030","zcta",2023,"transportation_rnk",63.8559
"60031","zcta",2023,"transportation_rnk",95.6624
"60033","zcta",2023,"transportation_rnk",61.4184
"60034","zcta",2023,"transportation_rnk",39.7987
"60035","zcta",2023,"transportation_rnk",98.388
"60040","zcta",2023,"transportation_rnk",69.4785
"60041","zcta",2023,"transportation_rnk",53.2515
"60042","zcta",2023,"transportation_rnk",32.6838
"60043","zcta",2023,"transportation_rnk",78.555
"60044","zcta",2023,"transportation_rnk",96.0315
"60045","zcta",2023,"transportation_rnk",98.6987
"60046","zcta",2023,"transportation_rnk",43.6733
"60047","zcta",2023,"transportation_rnk",98.1743
"60048","zcta",2023,"transportation_rnk",96.9184
"60050","zcta",2023,"transportation_rnk",53.8892
"60051","zcta",2023,"transportation_rnk",40.1191
"60053","zcta",2023,"transportation_rnk",97.7956
"60056","zcta",2023,"transportation_rnk",98.5563
"60060","zcta",2023,"transportation_rnk",95.9052
"60061","zcta",2023,"transportation_rnk",96.9767
"60062","zcta",2023,"transportation_rnk",98.7182
"60064","zcta",2023,"transportation_rnk",96.0994
"60067","zcta",2023,"transportation_rnk",98.0481
"60068","zcta",2023,"transportation_rnk",98.7635
"60069","zcta",2023,"transportation_rnk",70.8931
"60070","zcta",2023,"transportation_rnk",95.4715
"60071","zcta",2023,"transportation_rnk",40.8539
"60072","zcta",2023,"transportation_rnk",40.2842
"60073","zcta",2023,"transportation_rnk",58.9939
"60074","zcta",2023,"transportation_rnk",95.4909
"60075","zcta",2023,"transportation_rnk",NA
"60076","zcta",2023,"transportation_rnk",98.2844
"60077","zcta",2023,"transportation_rnk",98.4042
"60081","zcta",2023,"transportation_rnk",70.2263
"60083","zcta",2023,"transportation_rnk",43.5471
"60084","zcta",2023,"transportation_rnk",94.973
"60085","zcta",2023,"transportation_rnk",98.3783
"60087","zcta",2023,"transportation_rnk",95.3387
"60088","zcta",2023,"transportation_rnk",NA
"60089","zcta",2023,"transportation_rnk",98.0999
"60090","zcta",2023,"transportation_rnk",98.21
"60091","zcta",2023,"transportation_rnk",98.9286
"60093","zcta",2023,"transportation_rnk",98.702
"60096","zcta",2023,"transportation_rnk",93.0664
"60097","zcta",2023,"transportation_rnk",45.007
"60098","zcta",2023,"transportation_rnk",49.7038
"60099","zcta",2023,"transportation_rnk",95.5071
"60101","zcta",2023,"transportation_rnk",96.2127
"60102","zcta",2023,"transportation_rnk",95.1996
"60103","zcta",2023,"transportation_rnk",97.4395
"60104","zcta",2023,"transportation_rnk",97.459
"60106","zcta",2023,"transportation_rnk",95.8049
"60107","zcta",2023,"transportation_rnk",95.9311
"60108","zcta",2023,"transportation_rnk",95.6236
"60109","zcta",2023,"transportation_rnk",13.2166
"60110","zcta",2023,"transportation_rnk",95.4164
"60111","zcta",2023,"transportation_rnk",6.3024
"60112","zcta",2023,"transportation_rnk",40.4299
"60113","zcta",2023,"transportation_rnk",9.507
"60115","zcta",2023,"transportation_rnk",85.5825
"60118","zcta",2023,"transportation_rnk",93.5228
"60119","zcta",2023,"transportation_rnk",48.7165
"60120","zcta",2023,"transportation_rnk",97.0641
"60123","zcta",2023,"transportation_rnk",96.5494
"60124","zcta",2023,"transportation_rnk",96.0994
"60126","zcta",2023,"transportation_rnk",98.757
"60129","zcta",2023,"transportation_rnk",55.7926
"60130","zcta",2023,"transportation_rnk",98.5207
"60131","zcta",2023,"transportation_rnk",96.1448
"60133","zcta",2023,"transportation_rnk",97.0705
"60134","zcta",2023,"transportation_rnk",98.2876
"60135","zcta",2023,"transportation_rnk",50.7558
"60136","zcta",2023,"transportation_rnk",49.5905
"60137","zcta",2023,"transportation_rnk",98.6372
"60139","zcta",2023,"transportation_rnk",95.9829
"60140","zcta",2023,"transportation_rnk",93.2962
"60141","zcta",2023,"transportation_rnk",NA
"60142","zcta",2023,"transportation_rnk",95.3679
"60143","zcta",2023,"transportation_rnk",68.3164
"60144","zcta",2023,"transportation_rnk",NA
"60145","zcta",2023,"transportation_rnk",40.8539
"60146","zcta",2023,"transportation_rnk",36.3642
"60148","zcta",2023,"transportation_rnk",98.2909
"60150","zcta",2023,"transportation_rnk",50.2573
"60151","zcta",2023,"transportation_rnk",60.1237
"60152","zcta",2023,"transportation_rnk",25.2258
"60153","zcta",2023,"transportation_rnk",97.9089
"60154","zcta",2023,"transportation_rnk",97.5367
"60155","zcta",2023,"transportation_rnk",96.5332
"60156","zcta",2023,"transportation_rnk",94.1411
"60157","zcta",2023,"transportation_rnk",29.3626
"60160","zcta",2023,"transportation_rnk",95.9182
"60162","zcta",2023,"transportation_rnk",71.8804
"60163","zcta",2023,"transportation_rnk",67.0249
"60164","zcta",2023,"transportation_rnk",95.8146
"60165","zcta",2023,"transportation_rnk",24.7435
"60169","zcta",2023,"transportation_rnk",96.4005
"60171","zcta",2023,"transportation_rnk",73.0263
"60172","zcta",2023,"transportation_rnk",96.1836
"60173","zcta",2023,"transportation_rnk",70.4302
"60174","zcta",2023,"transportation_rnk",96.8245
"60175","zcta",2023,"transportation_rnk",96.7274
"60176","zcta",2023,"transportation_rnk",95.7013
"60177","zcta",2023,"transportation_rnk",95.656
"60178","zcta",2023,"transportation_rnk",84.6502
"60180","zcta",2023,"transportation_rnk",40.4299
"60181","zcta",2023,"transportation_rnk",97.3619
"60183","zcta",2023,"transportation_rnk",NA
"60184","zcta",2023,"transportation_rnk",40.2842
"60185","zcta",2023,"transportation_rnk",96.3357
"60187","zcta",2023,"transportation_rnk",98.1355
"60188","zcta",2023,"transportation_rnk",97.4784
"60189","zcta",2023,"transportation_rnk",98.2164
"60190","zcta",2023,"transportation_rnk",68.9638
"60191","zcta",2023,"transportation_rnk",94.3612
"60192","zcta",2023,"transportation_rnk",96.4782
"60193","zcta",2023,"transportation_rnk",97.1029
"60194","zcta",2023,"transportation_rnk",96.9928
"60195","zcta",2023,"transportation_rnk",71.9904
"60201","zcta",2023,"transportation_rnk",98.9771
"60202","zcta",2023,"transportation_rnk",98.9642
"60203","zcta",2023,"transportation_rnk",72.0131
"60208","zcta",2023,"transportation_rnk",NA
"60301","zcta",2023,"transportation_rnk",78.3737
"60302","zcta",2023,"transportation_rnk",98.9706
"60304","zcta",2023,"transportation_rnk",98.935
"60305","zcta",2023,"transportation_rnk",98.6178
"60401","zcta",2023,"transportation_rnk",53.0476
"60402","zcta",2023,"transportation_rnk",98.7861
"60403","zcta",2023,"transportation_rnk",44.1556
"60404","zcta",2023,"transportation_rnk",94.3968
"60406","zcta",2023,"transportation_rnk",98.3977
"60407","zcta",2023,"transportation_rnk",8.3287
"60408","zcta",2023,"transportation_rnk",8.7366
"60409","zcta",2023,"transportation_rnk",98.6405
"60410","zcta",2023,"transportation_rnk",93.2509
"60411","zcta",2023,"transportation_rnk",98.5952
"60415","zcta",2023,"transportation_rnk",95.3387
"60416","zcta",2023,"transportation_rnk",22.4938
"60417","zcta",2023,"transportation_rnk",93.7364
"60418","zcta",2023,"transportation_rnk",96.3778
"60419","zcta",2023,"transportation_rnk",98.142
"60420","zcta",2023,"transportation_rnk",39.7987
"60421","zcta",2023,"transportation_rnk",31.0394
"60422","zcta",2023,"transportation_rnk",98.3686
"60423","zcta",2023,"transportation_rnk",97.3068
"60424","zcta",2023,"transportation_rnk",7.5907
"60425","zcta",2023,"transportation_rnk",96.6303
"60426","zcta",2023,"transportation_rnk",98.6113
"60428","zcta",2023,"transportation_rnk",97.3975
"60429","zcta",2023,"transportation_rnk",97.8863
"60430","zcta",2023,"transportation_rnk",98.5434
"60431","zcta",2023,"transportation_rnk",42.6278
"60432","zcta",2023,"transportation_rnk",96.0153
"60433","zcta",2023,"transportation_rnk",95.7628
"60435","zcta",2023,"transportation_rnk",96.0056
"60436","zcta",2023,"transportation_rnk",94.9374
"60437","zcta",2023,"transportation_rnk",0.3528
"60438","zcta",2023,"transportation_rnk",96.967
"60439","zcta",2023,"transportation_rnk",96.9087
"60440","zcta",2023,"transportation_rnk",96.7565
"60441","zcta",2023,"transportation_rnk",95.8923
"60442","zcta",2023,"transportation_rnk",95.1704
"60443","zcta",2023,"transportation_rnk",96.6918
"60444","zcta",2023,"transportation_rnk",7.4321
"60445","zcta",2023,"transportation_rnk",95.4391
"60446","zcta",2023,"transportation_rnk",96.8213
"60447","zcta",2023,"transportation_rnk",93.5034
"60448","zcta",2023,"transportation_rnk",97.6435
"60449","zcta",2023,"transportation_rnk",96.2289
"60450","zcta",2023,"transportation_rnk",94.5489
"60451","zcta",2023,"transportation_rnk",97.8215
"60452","zcta",2023,"transportation_rnk",98.2779
"60453","zcta",2023,"transportation_rnk",98.4495
"60455","zcta",2023,"transportation_rnk",95.2837
"60456","zcta",2023,"transportation_rnk",96.1286
"60457","zcta",2023,"transportation_rnk",96.0574
"60458","zcta",2023,"transportation_rnk",96.462
"60459","zcta",2023,"transportation_rnk",96.6691
"60460","zcta",2023,"transportation_rnk",33.4348
"60461","zcta",2023,"transportation_rnk",74.2077
"60462","zcta",2023,"transportation_rnk",97.9963
"60463","zcta",2023,"transportation_rnk",96.5882
"60464","zcta",2023,"transportation_rnk",62.3798
"60465","zcta",2023,"transportation_rnk",96.3131
"60466","zcta",2023,"transportation_rnk",98.0157
"60467","zcta",2023,"transportation_rnk",97.2097
"60468","zcta",2023,"transportation_rnk",76.6096
"60469","zcta",2023,"transportation_rnk",93.9307
"60470","zcta",2023,"transportation_rnk",13.5727
"60471","zcta",2023,"transportation_rnk",68.0445
"60472","zcta",2023,"transportation_rnk",96.1156
"60473","zcta",2023,"transportation_rnk",97.896
"60474","zcta",2023,"transportation_rnk",11.7923
"60475","zcta",2023,"transportation_rnk",95.7498
"60476","zcta",2023,"transportation_rnk",56.7831
"60477","zcta",2023,"transportation_rnk",98.2294
"60478","zcta",2023,"transportation_rnk",96.4426
"60479","zcta",2023,"transportation_rnk",41.1711
"60480","zcta",2023,"transportation_rnk",93.1538
"60481","zcta",2023,"transportation_rnk",48.7165
"60482","zcta",2023,"transportation_rnk",94.0278
"60484","zcta",2023,"transportation_rnk",95.5912
"60487","zcta",2023,"transportation_rnk",97.8992
"60490","zcta",2023,"transportation_rnk",97.0673
"60491","zcta",2023,"transportation_rnk",95.3841
"60501","zcta",2023,"transportation_rnk",73.282
"60502","zcta",2023,"transportation_rnk",98.3006
"60503","zcta",2023,"transportation_rnk",97.4816
"60504","zcta",2023,"transportation_rnk",98.6502
"60505","zcta",2023,"transportation_rnk",97.0155
"60506","zcta",2023,"transportation_rnk",95.5297
"60510","zcta",2023,"transportation_rnk",96.3649
"60511","zcta",2023,"transportation_rnk",54.8636
"60512","zcta",2023,"transportation_rnk",3.0978
"60513","zcta",2023,"transportation_rnk",98.4236
"60514","zcta",2023,"transportation_rnk",97.8377
"60515","zcta",2023,"transportation_rnk",98.7117
"60516","zcta",2023,"transportation_rnk",98.4074
"60517","zcta",2023,"transportation_rnk",97.9413
"60518","zcta",2023,"transportation_rnk",71.9516
"60519","zcta",2023,"transportation_rnk",NA
"60520","zcta",2023,"transportation_rnk",38.3129
"60521","zcta",2023,"transportation_rnk",98.7764
"60523","zcta",2023,"transportation_rnk",95.0183
"60525","zcta",2023,"transportation_rnk",98.689
"60526","zcta",2023,"transportation_rnk",97.815
"60527","zcta",2023,"transportation_rnk",98.2715
"60530","zcta",2023,"transportation_rnk",57.5146
"60531","zcta",2023,"transportation_rnk",29.8191
"60532","zcta",2023,"transportation_rnk",98.5078
"60534","zcta",2023,"transportation_rnk",97.8312
"60536","zcta",2023,"transportation_rnk",NA
"60537","zcta",2023,"transportation_rnk",13.5727
"60538","zcta",2023,"transportation_rnk",93.6037
"60539","zcta",2023,"transportation_rnk",NA
"60540","zcta",2023,"transportation_rnk",98.7538
"60541","zcta",2023,"transportation_rnk",34.8623
"60542","zcta",2023,"transportation_rnk",94.6881
"60543","zcta",2023,"transportation_rnk",94.5198
"60544","zcta",2023,"transportation_rnk",95.6916
"60545","zcta",2023,"transportation_rnk",23.9925
"60546","zcta",2023,"transportation_rnk",97.9445
"60548","zcta",2023,"transportation_rnk",93.0502
"60549","zcta",2023,"transportation_rnk",4.2307
"60550","zcta",2023,"transportation_rnk",16.46
"60551","zcta",2023,"transportation_rnk",28.2491
"60552","zcta",2023,"transportation_rnk",42.6278
"60553","zcta",2023,"transportation_rnk",43.3949
"60554","zcta",2023,"transportation_rnk",94.0148
"60555","zcta",2023,"transportation_rnk",95.9797
"60556","zcta",2023,"transportation_rnk",32.4345
"60557","zcta",2023,"transportation_rnk",NA
"60558","zcta",2023,"transportation_rnk",98.2585
"60559","zcta",2023,"transportation_rnk",97.5205
"60560","zcta",2023,"transportation_rnk",95.1283
"60561","zcta",2023,"transportation_rnk",96.3616
"60563","zcta",2023,"transportation_rnk",98.511
"60564","zcta",2023,"transportation_rnk",98.7279
"60565","zcta",2023,"transportation_rnk",98.5207
"60585","zcta",2023,"transportation_rnk",95.1057
"60586","zcta",2023,"transportation_rnk",94.5683
"60601","zcta",2023,"transportation_rnk",99.2393
"60602","zcta",2023,"transportation_rnk",95.3161
"60603","zcta",2023,"transportation_rnk",85.9386
"60604","zcta",2023,"transportation_rnk",84.1776
"60605","zcta",2023,"transportation_rnk",99.2361
"60606","zcta",2023,"transportation_rnk",91.3864
"60607","zcta",2023,"transportation_rnk",99.1584
"60608","zcta",2023,"transportation_rnk",99.1649
"60609","zcta",2023,"transportation_rnk",99.0645
"60610","zcta",2023,"transportation_rnk",99.317
"60611","zcta",2023,"transportation_rnk",99.2296
"60612","zcta",2023,"transportation_rnk",99.1066
"60613","zcta",2023,"transportation_rnk",99.3138
"60614","zcta",2023,"transportation_rnk",99.3235
"60615","zcta",2023,"transportation_rnk",99.1616
"60616","zcta",2023,"transportation_rnk",99.1228
"60617","zcta",2023,"transportation_rnk",98.9739
"60618","zcta",2023,"transportation_rnk",99.1454
"60619","zcta",2023,"transportation_rnk",99.1519
"60620","zcta",2023,"transportation_rnk",99.0969
"60621","zcta",2023,"transportation_rnk",99.1357
"60622","zcta",2023,"transportation_rnk",99.1713
"60623","zcta",2023,"transportation_rnk",99.0192
"60624","zcta",2023,"transportation_rnk",99.194
"60625","zcta",2023,"transportation_rnk",99.2425
"60626","zcta",2023,"transportation_rnk",99.2782
"60628","zcta",2023,"transportation_rnk",98.9933
"60629","zcta",2023,"transportation_rnk",98.9965
"60630","zcta",2023,"transportation_rnk",98.9188
"60631","zcta",2023,"transportation_rnk",98.5854
"60632","zcta",2023,"transportation_rnk",98.9156
"60633","zcta",2023,"transportation_rnk",98.0902
"60634","zcta",2023,"transportation_rnk",98.7991
"60636","zcta",2023,"transportation_rnk",99.0742
"60637","zcta",2023,"transportation_rnk",99.2167
"60638","zcta",2023,"transportation_rnk",98.7408
"60639","zcta",2023,"transportation_rnk",98.9577
"60640","zcta",2023,"transportation_rnk",99.3105
"60641","zcta",2023,"transportation_rnk",99.0192
"60642","zcta",2023,"transportation_rnk",99.1908
"60643","zcta",2023,"transportation_rnk",98.9027
"60644","zcta",2023,"transportation_rnk",99.2102
"60645","zcta",2023,"transportation_rnk",98.8994
"60646","zcta",2023,"transportation_rnk",98.5272
"60647","zcta",2023,"transportation_rnk",99.249
"60649","zcta",2023,"transportation_rnk",99.181
"60651","zcta",2023,"transportation_rnk",99.0775
"60652","zcta",2023,"transportation_rnk",98.8541
"60653","zcta",2023,"transportation_rnk",99.1001
"60654","zcta",2023,"transportation_rnk",99.1778
"60655","zcta",2023,"transportation_rnk",98.0708
"60656","zcta",2023,"transportation_rnk",98.7861
"60657","zcta",2023,"transportation_rnk",99.3753
"60659","zcta",2023,"transportation_rnk",98.8444
"60660","zcta",2023,"transportation_rnk",99.2717
"60661","zcta",2023,"transportation_rnk",81.9603
"60706","zcta",2023,"transportation_rnk",97.3522
"60707","zcta",2023,"transportation_rnk",98.6405
"60712","zcta",2023,"transportation_rnk",95.8178
"60714","zcta",2023,"transportation_rnk",97.9121
"60803","zcta",2023,"transportation_rnk",96.9572
"60804","zcta",2023,"transportation_rnk",98.8023
"60805","zcta",2023,"transportation_rnk",97.8183
"60827","zcta",2023,"transportation_rnk",98.9091
"60901","zcta",2023,"transportation_rnk",82.8246
"60910","zcta",2023,"transportation_rnk",28.411
"60911","zcta",2023,"transportation_rnk",40.6921
"60912","zcta",2023,"transportation_rnk",18.153
"60913","zcta",2023,"transportation_rnk",34.4738
"60914","zcta",2023,"transportation_rnk",80.7788
"60915","zcta",2023,"transportation_rnk",81.2708
"60917","zcta",2023,"transportation_rnk",40.1191
"60918","zcta",2023,"transportation_rnk",10.9572
"60919","zcta",2023,"transportation_rnk",31.1753
"60920","zcta",2023,"transportation_rnk",49.7912
"60921","zcta",2023,"transportation_rnk",37.8241
"60922","zcta",2023,"transportation_rnk",18.4249
"60924","zcta",2023,"transportation_rnk",33.1564
"60926","zcta",2023,"transportation_rnk",NA
"60927","zcta",2023,"transportation_rnk",17.0913
"60928","zcta",2023,"transportation_rnk",11.7923
"60929","zcta",2023,"transportation_rnk",21.6133
"60930","zcta",2023,"transportation_rnk",38.3129
"60931","zcta",2023,"transportation_rnk",12.4009
"60932","zcta",2023,"transportation_rnk",1.9681
"60933","zcta",2023,"transportation_rnk",5.2504
"60934","zcta",2023,"transportation_rnk",28.7217
"60935","zcta",2023,"transportation_rnk",41.0093
"60936","zcta",2023,"transportation_rnk",57.0226
"60938","zcta",2023,"transportation_rnk",40.595
"60939","zcta",2023,"transportation_rnk",NA
"60940","zcta",2023,"transportation_rnk",15.9292
"60941","zcta",2023,"transportation_rnk",16.0101
"60942","zcta",2023,"transportation_rnk",60.9815
"60945","zcta",2023,"transportation_rnk",3.6384
"60946","zcta",2023,"transportation_rnk",12.4915
"60948","zcta",2023,"transportation_rnk",55.2391
"60949","zcta",2023,"transportation_rnk",39.0412
"60950","zcta",2023,"transportation_rnk",80.413
"60951","zcta",2023,"transportation_rnk",9.1574
"60952","zcta",2023,"transportation_rnk",9.507
"60953","zcta",2023,"transportation_rnk",29.8191
"60954","zcta",2023,"transportation_rnk",35.8949
"60955","zcta",2023,"transportation_rnk",22.1765
"60956","zcta",2023,"transportation_rnk",30.5797
"60957","zcta",2023,"transportation_rnk",46.2273
"60958","zcta",2023,"transportation_rnk",80.2997
"60959","zcta",2023,"transportation_rnk",45.6641
"60960","zcta",2023,"transportation_rnk",73.7805
"60961","zcta",2023,"transportation_rnk",5.4252
"60962","zcta",2023,"transportation_rnk",62.2503
"60963","zcta",2023,"transportation_rnk",18.4249
"60964","zcta",2023,"transportation_rnk",60.1237
"60966","zcta",2023,"transportation_rnk",40.4299
"60967","zcta",2023,"transportation_rnk",NA
"60968","zcta",2023,"transportation_rnk",50.9598
"60969","zcta",2023,"transportation_rnk",NA
"60970","zcta",2023,"transportation_rnk",36.2153
"60973","zcta",2023,"transportation_rnk",39.6239
"60974","zcta",2023,"transportation_rnk",7.7429
"61001","zcta",2023,"transportation_rnk",22.688
"61006","zcta",2023,"transportation_rnk",44.9131
"61007","zcta",2023,"transportation_rnk",2.0846
"61008","zcta",2023,"transportation_rnk",90.807
"61010","zcta",2023,"transportation_rnk",46.7841
"61011","zcta",2023,"transportation_rnk",43.3949
"61012","zcta",2023,"transportation_rnk",46.0946
"61013","zcta",2023,"transportation_rnk",32.823
"61014","zcta",2023,"transportation_rnk",13.9514
"61015","zcta",2023,"transportation_rnk",12.3199
"61016","zcta",2023,"transportation_rnk",88.1527
"61018","zcta",2023,"transportation_rnk",65.0568
"61019","zcta",2023,"transportation_rnk",67.9054
"61020","zcta",2023,"transportation_rnk",18.2986
"61021","zcta",2023,"transportation_rnk",89.6902
"61024","zcta",2023,"transportation_rnk",62.833
"61025","zcta",2023,"transportation_rnk",92.6035
"61027","zcta",2023,"transportation_rnk",NA
"61028","zcta",2023,"transportation_rnk",45.5475
"61030","zcta",2023,"transportation_rnk",75.2339
"61031","zcta",2023,"transportation_rnk",22.1765
"61032","zcta",2023,"transportation_rnk",97.7535
"61036","zcta",2023,"transportation_rnk",71.8998
"61037","zcta",2023,"transportation_rnk",NA
"61038","zcta",2023,"transportation_rnk",23.8274
"61039","zcta",2023,"transportation_rnk",50.7558
"61041","zcta",2023,"transportation_rnk",27.5564
"61042","zcta",2023,"transportation_rnk",46.7841
"61043","zcta",2023,"transportation_rnk",50.9598
"61044","zcta",2023,"transportation_rnk",58.3563
"61046","zcta",2023,"transportation_rnk",37.5166
"61047","zcta",2023,"transportation_rnk",37.8241
"61048","zcta",2023,"transportation_rnk",30.8937
"61049","zcta",2023,"transportation_rnk",7.9144
"61050","zcta",2023,"transportation_rnk",51.1022
"61051","zcta",2023,"transportation_rnk",24.8729
"61052","zcta",2023,"transportation_rnk",9.9764
"61053","zcta",2023,"transportation_rnk",38.1575
"61054","zcta",2023,"transportation_rnk",95.2805
"61057","zcta",2023,"transportation_rnk",NA
"61059","zcta",2023,"transportation_rnk",70.6535
"61060","zcta",2023,"transportation_rnk",35.0079
"61061","zcta",2023,"transportation_rnk",14.1553
"61062","zcta",2023,"transportation_rnk",22.8369
"61063","zcta",2023,"transportation_rnk",60.0104
"61064","zcta",2023,"transportation_rnk",51.9988
"61065","zcta",2023,"transportation_rnk",42.5436
"61067","zcta",2023,"transportation_rnk",55.7926
"61068","zcta",2023,"transportation_rnk",57.1133
"61070","zcta",2023,"transportation_rnk",26.7569
"61071","zcta",2023,"transportation_rnk",26.2843
"61072","zcta",2023,"transportation_rnk",40.2842
"61073","zcta",2023,"transportation_rnk",33.4348
"61074","zcta",2023,"transportation_rnk",58.7382
"61075","zcta",2023,"transportation_rnk",22.4938
"61077","zcta",2023,"transportation_rnk",0.4046
"61078","zcta",2023,"transportation_rnk",48.846
"61079","zcta",2023,"transportation_rnk",71.3139
"61080","zcta",2023,"transportation_rnk",42.2458
"61081","zcta",2023,"transportation_rnk",67.491
"61084","zcta",2023,"transportation_rnk",19.7715
"61085","zcta",2023,"transportation_rnk",52.9376
"61087","zcta",2023,"transportation_rnk",12.2358
"61088","zcta",2023,"transportation_rnk",18.7518
"61089","zcta",2023,"transportation_rnk",26.7569
"61091","zcta",2023,"transportation_rnk",NA
"61101","zcta",2023,"transportation_rnk",91.6389
"61102","zcta",2023,"transportation_rnk",91.4932
"61103","zcta",2023,"transportation_rnk",91.995
"61104","zcta",2023,"transportation_rnk",93.1959
"61107","zcta",2023,"transportation_rnk",90.2276
"61108","zcta",2023,"transportation_rnk",92.7297
"61109","zcta",2023,"transportation_rnk",89.8553
"61111","zcta",2023,"transportation_rnk",88.9748
"61112","zcta",2023,"transportation_rnk",NA
"61114","zcta",2023,"transportation_rnk",88.7062
"61115","zcta",2023,"transportation_rnk",88.7774
"61201","zcta",2023,"transportation_rnk",85.6926
"61230","zcta",2023,"transportation_rnk",36.0535
"61231","zcta",2023,"transportation_rnk",16.6899
"61232","zcta",2023,"transportation_rnk",13.5727
"61233","zcta",2023,"transportation_rnk",46.2273
"61234","zcta",2023,"transportation_rnk",18.153
"61235","zcta",2023,"transportation_rnk",55.5369
"61236","zcta",2023,"transportation_rnk",NA
"61237","zcta",2023,"transportation_rnk",NA
"61238","zcta",2023,"transportation_rnk",29.0713
"61239","zcta",2023,"transportation_rnk",75.2662
"61240","zcta",2023,"transportation_rnk",82.1448
"61241","zcta",2023,"transportation_rnk",82.1675
"61242","zcta",2023,"transportation_rnk",17.0913
"61243","zcta",2023,"transportation_rnk",18.8586
"61244","zcta",2023,"transportation_rnk",86.2558
"61250","zcta",2023,"transportation_rnk",16.9521
"61251","zcta",2023,"transportation_rnk",2.0296
"61252","zcta",2023,"transportation_rnk",89.6514
"61254","zcta",2023,"transportation_rnk",23.426
"61256","zcta",2023,"transportation_rnk",57.5146
"61257","zcta",2023,"transportation_rnk",8.96
"61258","zcta",2023,"transportation_rnk",19.4575
"61259","zcta",2023,"transportation_rnk",3.6157
"61260","zcta",2023,"transportation_rnk",61.8134
"61261","zcta",2023,"transportation_rnk",48.0206
"61262","zcta",2023,"transportation_rnk",5.0626
"61263","zcta",2023,"transportation_rnk",35.1568
"61264","zcta",2023,"transportation_rnk",83.595
"61265","zcta",2023,"transportation_rnk",84.948
"61270","zcta",2023,"transportation_rnk",94.727
"61272","zcta",2023,"transportation_rnk",23.9925
"61273","zcta",2023,"transportation_rnk",32.823
"61274","zcta",2023,"transportation_rnk",37.5166
"61275","zcta",2023,"transportation_rnk",53.4846
"61276","zcta",2023,"transportation_rnk",NA
"61277","zcta",2023,"transportation_rnk",29.8191
"61278","zcta",2023,"transportation_rnk",9.2222
"61279","zcta",2023,"transportation_rnk",34.1663
"61281","zcta",2023,"transportation_rnk",11.5884
"61282","zcta",2023,"transportation_rnk",83.9446
"61283","zcta",2023,"transportation_rnk",23.685
"61284","zcta",2023,"transportation_rnk",37.5166
"61285","zcta",2023,"transportation_rnk",NA
"61301","zcta",2023,"transportation_rnk",31.6738
"61310","zcta",2023,"transportation_rnk",29.5504
"61311","zcta",2023,"transportation_rnk",1.2365
"61312","zcta",2023,"transportation_rnk",29.5504
"61313","zcta",2023,"transportation_rnk",3.182
"61314","zcta",2023,"transportation_rnk",37.0051
"61315","zcta",2023,"transportation_rnk",12.2358
"61316","zcta",2023,"transportation_rnk",24.2806
"61317","zcta",2023,"transportation_rnk",8.1928
"61318","zcta",2023,"transportation_rnk",12.7149
"61319","zcta",2023,"transportation_rnk",22.4938
"61320","zcta",2023,"transportation_rnk",7.4612
"61321","zcta",2023,"transportation_rnk",4.0398
"61322","zcta",2023,"transportation_rnk",21.3285
"61323","zcta",2023,"transportation_rnk",13.8057
"61324","zcta",2023,"transportation_rnk",0.178
"61325","zcta",2023,"transportation_rnk",11.2097
"61326","zcta",2023,"transportation_rnk",56.673
"61327","zcta",2023,"transportation_rnk",20.011
"61328","zcta",2023,"transportation_rnk",NA
"61329","zcta",2023,"transportation_rnk",12.1549
"61330","zcta",2023,"transportation_rnk",12.2358
"61331","zcta",2023,"transportation_rnk",NA
"61332","zcta",2023,"transportation_rnk",4.7745
"61333","zcta",2023,"transportation_rnk",14.5599
"61334","zcta",2023,"transportation_rnk",49.4416
"61335","zcta",2023,"transportation_rnk",9.452
"61336","zcta",2023,"transportation_rnk",7.6393
"61337","zcta",2023,"transportation_rnk",19.7715
"61338","zcta",2023,"transportation_rnk",8.5392
"61340","zcta",2023,"transportation_rnk",14.3301
"61341","zcta",2023,"transportation_rnk",14.7962
"61342","zcta",2023,"transportation_rnk",27.8704
"61344","zcta",2023,"transportation_rnk",20.8526
"61345","zcta",2023,"transportation_rnk",14.1553
"61346","zcta",2023,"transportation_rnk",NA
"61348","zcta",2023,"transportation_rnk",17.7257
"61349","zcta",2023,"transportation_rnk",21.882
"61350","zcta",2023,"transportation_rnk",91.5353
"61353","zcta",2023,"transportation_rnk",22.1765
"61354","zcta",2023,"transportation_rnk",40.6921
"61356","zcta",2023,"transportation_rnk",91.8978
"61358","zcta",2023,"transportation_rnk",5.0626
"61359","zcta",2023,"transportation_rnk",6.6649
"61360","zcta",2023,"transportation_rnk",26.1354
"61361","zcta",2023,"transportation_rnk",21.6133
"61362","zcta",2023,"transportation_rnk",30.3855
"61363","zcta",2023,"transportation_rnk",9.452
"61364","zcta",2023,"transportation_rnk",50.6005
"61367","zcta",2023,"transportation_rnk",22.688
"61368","zcta",2023,"transportation_rnk",33.3312
"61369","zcta",2023,"transportation_rnk",17.8228
"61370","zcta",2023,"transportation_rnk",43.5471
"61371","zcta",2023,"transportation_rnk",NA
"61372","zcta",2023,"transportation_rnk",5.0044
"61373","zcta",2023,"transportation_rnk",26.922
"61374","zcta",2023,"transportation_rnk",NA
"61375","zcta",2023,"transportation_rnk",7.7429
"61376","zcta",2023,"transportation_rnk",68.9347
"61377","zcta",2023,"transportation_rnk",9.9764
"61378","zcta",2023,"transportation_rnk",46.0946
"61379","zcta",2023,"transportation_rnk",32.2792
"61401","zcta",2023,"transportation_rnk",92.3154
"61402","zcta",2023,"transportation_rnk",NA
"61410","zcta",2023,"transportation_rnk",8.2349
"61411","zcta",2023,"transportation_rnk",16.46
"61412","zcta",2023,"transportation_rnk",12.9123
"61413","zcta",2023,"transportation_rnk",12.8055
"61414","zcta",2023,"transportation_rnk",31.0394
"61415","zcta",2023,"transportation_rnk",68.365
"61416","zcta",2023,"transportation_rnk",57.9711
"61417","zcta",2023,"transportation_rnk",3.8552
"61418","zcta",2023,"transportation_rnk",17.9296
"61419","zcta",2023,"transportation_rnk",68.7308
"61420","zcta",2023,"transportation_rnk",53.0476
"61421","zcta",2023,"transportation_rnk",28.7217
"61422","zcta",2023,"transportation_rnk",52.4909
"61423","zcta",2023,"transportation_rnk",3.9588
"61424","zcta",2023,"transportation_rnk",NA
"61425","zcta",2023,"transportation_rnk",16.5701
"61426","zcta",2023,"transportation_rnk",NA
"61427","zcta",2023,"transportation_rnk",60.7387
"61428","zcta",2023,"transportation_rnk",26.5788
"61430","zcta",2023,"transportation_rnk",28.8868
"61431","zcta",2023,"transportation_rnk",4.3408
"61432","zcta",2023,"transportation_rnk",22.8369
"61433","zcta",2023,"transportation_rnk",NA
"61434","zcta",2023,"transportation_rnk",52.9376
"61435","zcta",2023,"transportation_rnk",0.3852
"61436","zcta",2023,"transportation_rnk",7.963
"61437","zcta",2023,"transportation_rnk",9.1574
"61438","zcta",2023,"transportation_rnk",15.8159
"61439","zcta",2023,"transportation_rnk",4.2858
"61440","zcta",2023,"transportation_rnk",16.6899
"61441","zcta",2023,"transportation_rnk",13.5727
"61442","zcta",2023,"transportation_rnk",35.8949
"61443","zcta",2023,"transportation_rnk",46.4507
"61447","zcta",2023,"transportation_rnk",22.4938
"61448","zcta",2023,"transportation_rnk",13.1389
"61449","zcta",2023,"transportation_rnk",55.5369
"61450","zcta",2023,"transportation_rnk",38.7628
"61451","zcta",2023,"transportation_rnk",1.2398
"61452","zcta",2023,"transportation_rnk",5.5741
"61453","zcta",2023,"transportation_rnk",27.8704
"61454","zcta",2023,"transportation_rnk",29.8191
"61455","zcta",2023,"transportation_rnk",85.3591
"61458","zcta",2023,"transportation_rnk",7.7979
"61459","zcta",2023,"transportation_rnk",4.5123
"61460","zcta",2023,"transportation_rnk",5.6097
"61462","zcta",2023,"transportation_rnk",97.7309
"61465","zcta",2023,"transportation_rnk",22.8369
"61466","zcta",2023,"transportation_rnk",19.2406
"61467","zcta",2023,"transportation_rnk",12.4915
"61468","zcta",2023,"transportation_rnk",2.5572
"61469","zcta",2023,"transportation_rnk",15.8159
"61470","zcta",2023,"transportation_rnk",11.7211
"61471","zcta",2023,"transportation_rnk",0.9258
"61472","zcta",2023,"transportation_rnk",7.3091
"61473","zcta",2023,"transportation_rnk",14.657
"61474","zcta",2023,"transportation_rnk",45.5475
"61475","zcta",2023,"transportation_rnk",24.436
"61476","zcta",2023,"transportation_rnk",60.4376
"61477","zcta",2023,"transportation_rnk",23.426
"61478","zcta",2023,"transportation_rnk",51.9988
"61479","zcta",2023,"transportation_rnk",NA
"61480","zcta",2023,"transportation_rnk",12.2358
"61482","zcta",2023,"transportation_rnk",8.2349
"61483","zcta",2023,"transportation_rnk",24.2806
"61484","zcta",2023,"transportation_rnk",30.5797
"61485","zcta",2023,"transportation_rnk",5.3896
"61486","zcta",2023,"transportation_rnk",67.3971
"61488","zcta",2023,"transportation_rnk",35.1568
"61489","zcta",2023,"transportation_rnk",23.5523
"61490","zcta",2023,"transportation_rnk",26.5788
"61491","zcta",2023,"transportation_rnk",41.6567
"61501","zcta",2023,"transportation_rnk",40.6921
"61516","zcta",2023,"transportation_rnk",11.1482
"61517","zcta",2023,"transportation_rnk",39.3261
"61519","zcta",2023,"transportation_rnk",35.2831
"61520","zcta",2023,"transportation_rnk",22.4938
"61523","zcta",2023,"transportation_rnk",79.6912
"61524","zcta",2023,"transportation_rnk",5.71
"61525","zcta",2023,"transportation_rnk",80.7076
"61526","zcta",2023,"transportation_rnk",30.3855
"61528","zcta",2023,"transportation_rnk",37.8241
"61529","zcta",2023,"transportation_rnk",59.5248
"61530","zcta",2023,"transportation_rnk",94.4551
"61531","zcta",2023,"transportation_rnk",19.7715
"61532","zcta",2023,"transportation_rnk",66.0409
"61533","zcta",2023,"transportation_rnk",28.411
"61534","zcta",2023,"transportation_rnk",65.5553
"61535","zcta",2023,"transportation_rnk",12.5757
"61536","zcta",2023,"transportation_rnk",13.6892
"61537","zcta",2023,"transportation_rnk",12.7149
"61539","zcta",2023,"transportation_rnk",3.9588
"61540","zcta",2023,"transportation_rnk",10.9572
"61541","zcta",2023,"transportation_rnk",12.3199
"61542","zcta",2023,"transportation_rnk",33.0107
"61543","zcta",2023,"transportation_rnk",NA
"61544","zcta",2023,"transportation_rnk",14.5599
"61545","zcta",2023,"transportation_rnk",22.1765
"61546","zcta",2023,"transportation_rnk",21.759
"61547","zcta",2023,"transportation_rnk",16.6899
"61548","zcta",2023,"transportation_rnk",25.9768
"61550","zcta",2023,"transportation_rnk",80.0278
"61552","zcta",2023,"transportation_rnk",4.153
"61553","zcta",2023,"transportation_rnk",12.7149
"61554","zcta",2023,"transportation_rnk",80.3483
"61559","zcta",2023,"transportation_rnk",31.9522
"61560","zcta",2023,"transportation_rnk",34.0207
"61561","zcta",2023,"transportation_rnk",38.0118
"61562","zcta",2023,"transportation_rnk",NA
"61563","zcta",2023,"transportation_rnk",36.8498
"61564","zcta",2023,"transportation_rnk",24.2806
"61565","zcta",2023,"transportation_rnk",26.4202
"61567","zcta",2023,"transportation_rnk",50.1538
"61568","zcta",2023,"transportation_rnk",25.2258
"61569","zcta",2023,"transportation_rnk",23.426
"61570","zcta",2023,"transportation_rnk",45.5475
"61571","zcta",2023,"transportation_rnk",80.1152
"61572","zcta",2023,"transportation_rnk",21.6133
"61602","zcta",2023,"transportation_rnk",75.2501
"61603","zcta",2023,"transportation_rnk",84.5434
"61604","zcta",2023,"transportation_rnk",81.3064
"61605","zcta",2023,"transportation_rnk",86.5277
"61606","zcta",2023,"transportation_rnk",70.6115
"61607","zcta",2023,"transportation_rnk",80.2803
"61610","zcta",2023,"transportation_rnk",80.9471
"61611","zcta",2023,"transportation_rnk",80.8565
"61614","zcta",2023,"transportation_rnk",80.8177
"61615","zcta",2023,"transportation_rnk",80.6364
"61616","zcta",2023,"transportation_rnk",35.1568
"61625","zcta",2023,"transportation_rnk",NA
"61701","zcta",2023,"transportation_rnk",69.7699
"61704","zcta",2023,"transportation_rnk",56.0742
"61705","zcta",2023,"transportation_rnk",55.8703
"61720","zcta",2023,"transportation_rnk",69.2196
"61721","zcta",2023,"transportation_rnk",29.8191
"61722","zcta",2023,"transportation_rnk",5.7553
"61723","zcta",2023,"transportation_rnk",51.701
"61724","zcta",2023,"transportation_rnk",13.6892
"61725","zcta",2023,"transportation_rnk",36.6782
"61726","zcta",2023,"transportation_rnk",52.8113
"61727","zcta",2023,"transportation_rnk",30.7578
"61728","zcta",2023,"transportation_rnk",27.7247
"61729","zcta",2023,"transportation_rnk",63.6358
"61730","zcta",2023,"transportation_rnk",22.9923
"61731","zcta",2023,"transportation_rnk",74.7807
"61732","zcta",2023,"transportation_rnk",50.8465
"61733","zcta",2023,"transportation_rnk",25.0445
"61734","zcta",2023,"transportation_rnk",57.2266
"61735","zcta",2023,"transportation_rnk",4.2145
"61736","zcta",2023,"transportation_rnk",45.007
"61737","zcta",2023,"transportation_rnk",29.5504
"61738","zcta",2023,"transportation_rnk",43.2363
"61739","zcta",2023,"transportation_rnk",52.8113
"61740","zcta",2023,"transportation_rnk",30.3855
"61741","zcta",2023,"transportation_rnk",13.4723
"61742","zcta",2023,"transportation_rnk",50.2573
"61743","zcta",2023,"transportation_rnk",64.2217
"61744","zcta",2023,"transportation_rnk",31.0394
"61745","zcta",2023,"transportation_rnk",22.688
"61747","zcta",2023,"transportation_rnk",30.5797
"61748","zcta",2023,"transportation_rnk",32.2792
"61749","zcta",2023,"transportation_rnk",29.3626
"61750","zcta",2023,"transportation_rnk",0.1748
"61751","zcta",2023,"transportation_rnk",NA
"61752","zcta",2023,"transportation_rnk",41.7959
"61753","zcta",2023,"transportation_rnk",53.9766
"61754","zcta",2023,"transportation_rnk",55.7926
"61755","zcta",2023,"transportation_rnk",23.685
"61756","zcta",2023,"transportation_rnk",34.2828
"61759","zcta",2023,"transportation_rnk",22.3254
"61760","zcta",2023,"transportation_rnk",32.5705
"61761","zcta",2023,"transportation_rnk",64.1084
"61764","zcta",2023,"transportation_rnk",47.166
"61769","zcta",2023,"transportation_rnk",19.7715
"61770","zcta",2023,"transportation_rnk",57.9711
"61771","zcta",2023,"transportation_rnk",11.2097
"61772","zcta",2023,"transportation_rnk",1.2916
"61773","zcta",2023,"transportation_rnk",62.6614
"61774","zcta",2023,"transportation_rnk",40.6921
"61775","zcta",2023,"transportation_rnk",11.1028
"61776","zcta",2023,"transportation_rnk",23.1509
"61777","zcta",2023,"transportation_rnk",44.0585
"61778","zcta",2023,"transportation_rnk",21.882
"61801","zcta",2023,"transportation_rnk",93.7041
"61802","zcta",2023,"transportation_rnk",85.7379
"61810","zcta",2023,"transportation_rnk",10.3421
"61811","zcta",2023,"transportation_rnk",12.0739
"61812","zcta",2023,"transportation_rnk",5.5158
"61813","zcta",2023,"transportation_rnk",78.4773
"61814","zcta",2023,"transportation_rnk",15.1458
"61815","zcta",2023,"transportation_rnk",6.8236
"61816","zcta",2023,"transportation_rnk",12.9868
"61817","zcta",2023,"transportation_rnk",28.2491
"61818","zcta",2023,"transportation_rnk",17.8228
"61820","zcta",2023,"transportation_rnk",93.9339
"61821","zcta",2023,"transportation_rnk",86.081
"61822","zcta",2023,"transportation_rnk",61.098
"61830","zcta",2023,"transportation_rnk",64.7946
"61831","zcta",2023,"transportation_rnk",30.3855
"61832","zcta",2023,"transportation_rnk",89.8553
"61833","zcta",2023,"transportation_rnk",10.5461
"61834","zcta",2023,"transportation_rnk",32.2792
"61839","zcta",2023,"transportation_rnk",38.1575
"61840","zcta",2023,"transportation_rnk",2.5087
"61841","zcta",2023,"transportation_rnk",40.6921
"61842","zcta",2023,"transportation_rnk",14.042
"61843","zcta",2023,"transportation_rnk",26.2843
"61844","zcta",2023,"transportation_rnk",16.8193
"61845","zcta",2023,"transportation_rnk",17.2272
"61846","zcta",2023,"transportation_rnk",89.8294
"61847","zcta",2023,"transportation_rnk",34.8623
"61848","zcta",2023,"transportation_rnk",34.2828
"61849","zcta",2023,"transportation_rnk",37.3191
"61850","zcta",2023,"transportation_rnk",6.8236
"61851","zcta",2023,"transportation_rnk",68.5819
"61852","zcta",2023,"transportation_rnk",2.664
"61853","zcta",2023,"transportation_rnk",25.9768
"61854","zcta",2023,"transportation_rnk",42.2458
"61855","zcta",2023,"transportation_rnk",NA
"61856","zcta",2023,"transportation_rnk",93.5519
"61857","zcta",2023,"transportation_rnk",1.1038
"61858","zcta",2023,"transportation_rnk",24.5881
"61859","zcta",2023,"transportation_rnk",20.7199
"61862","zcta",2023,"transportation_rnk",8.6363
"61863","zcta",2023,"transportation_rnk",16.1299
"61864","zcta",2023,"transportation_rnk",11.5884
"61865","zcta",2023,"transportation_rnk",39.9637
"61866","zcta",2023,"transportation_rnk",61.5447
"61870","zcta",2023,"transportation_rnk",43.5471
"61871","zcta",2023,"transportation_rnk",28.2491
"61872","zcta",2023,"transportation_rnk",26.4202
"61873","zcta",2023,"transportation_rnk",19.7715
"61874","zcta",2023,"transportation_rnk",49.3445
"61875","zcta",2023,"transportation_rnk",30.1169
"61876","zcta",2023,"transportation_rnk",5.7553
"61877","zcta",2023,"transportation_rnk",48.6291
"61878","zcta",2023,"transportation_rnk",29.7187
"61880","zcta",2023,"transportation_rnk",17.8228
"61882","zcta",2023,"transportation_rnk",29.2073
"61883","zcta",2023,"transportation_rnk",13.359
"61884","zcta",2023,"transportation_rnk",16.46
"61910","zcta",2023,"transportation_rnk",73.9973
"61911","zcta",2023,"transportation_rnk",77.3897
"61912","zcta",2023,"transportation_rnk",64.4644
"61913","zcta",2023,"transportation_rnk",32.2792
"61914","zcta",2023,"transportation_rnk",18.6482
"61917","zcta",2023,"transportation_rnk",12.9123
"61919","zcta",2023,"transportation_rnk",13.6892
"61920","zcta",2023,"transportation_rnk",92.6682
"61924","zcta",2023,"transportation_rnk",60.9394
"61925","zcta",2023,"transportation_rnk",18.8586
"61928","zcta",2023,"transportation_rnk",5.04
"61929","zcta",2023,"transportation_rnk",9.1574
"61930","zcta",2023,"transportation_rnk",12.0739
"61931","zcta",2023,"transportation_rnk",51.9988
"61932","zcta",2023,"transportation_rnk",17.9296
"61933","zcta",2023,"transportation_rnk",27.0676
"61936","zcta",2023,"transportation_rnk",0.369
"61937","zcta",2023,"transportation_rnk",37.659
"61938","zcta",2023,"transportation_rnk",35.5776
"61940","zcta",2023,"transportation_rnk",12.7149
"61941","zcta",2023,"transportation_rnk",0.4726
"61942","zcta",2023,"transportation_rnk",30.2399
"61943","zcta",2023,"transportation_rnk",71.1326
"61944","zcta",2023,"transportation_rnk",23.2901
"61949","zcta",2023,"transportation_rnk",22.8369
"61951","zcta",2023,"transportation_rnk",73.1395
"61953","zcta",2023,"transportation_rnk",44.2625
"61955","zcta",2023,"transportation_rnk",19.7715
"61956","zcta",2023,"transportation_rnk",20.7199
"61957","zcta",2023,"transportation_rnk",23.8274
"62001","zcta",2023,"transportation_rnk",16.46
"62002","zcta",2023,"transportation_rnk",62.7456
"62006","zcta",2023,"transportation_rnk",16.0101
"62009","zcta",2023,"transportation_rnk",10.8374
"62010","zcta",2023,"transportation_rnk",35.2831
"62011","zcta",2023,"transportation_rnk",26.1354
"62012","zcta",2023,"transportation_rnk",25.2258
"62013","zcta",2023,"transportation_rnk",7.6393
"62014","zcta",2023,"transportation_rnk",11.5884
"62015","zcta",2023,"transportation_rnk",5.2277
"62016","zcta",2023,"transportation_rnk",45.007
"62017","zcta",2023,"transportation_rnk",9.2998
"62018","zcta",2023,"transportation_rnk",29.0713
"62019","zcta",2023,"transportation_rnk",16.2237
"62021","zcta",2023,"transportation_rnk",16.3273
"62022","zcta",2023,"transportation_rnk",31.1753
"62023","zcta",2023,"transportation_rnk",58.5311
"62024","zcta",2023,"transportation_rnk",34.1663
"62025","zcta",2023,"transportation_rnk",85.22
"62026","zcta",2023,"transportation_rnk",NA
"62027","zcta",2023,"transportation_rnk",4.3699
"62028","zcta",2023,"transportation_rnk",NA
"62030","zcta",2023,"transportation_rnk",0.4079
"62031","zcta",2023,"transportation_rnk",12.0739
"62032","zcta",2023,"transportation_rnk",61.2178
"62033","zcta",2023,"transportation_rnk",14.7962
"62034","zcta",2023,"transportation_rnk",45.6641
"62035","zcta",2023,"transportation_rnk",31.1753
"62036","zcta",2023,"transportation_rnk",12.8055
"62037","zcta",2023,"transportation_rnk",37.1735
"62040","zcta",2023,"transportation_rnk",85.3365
"62044","zcta",2023,"transportation_rnk",41.9804
"62045","zcta",2023,"transportation_rnk",5.286
"62046","zcta",2023,"transportation_rnk",47.2761
"62047","zcta",2023,"transportation_rnk",41.0093
"62048","zcta",2023,"transportation_rnk",70.2004
"62049","zcta",2023,"transportation_rnk",37.3191
"62050","zcta",2023,"transportation_rnk",73.4082
"62051","zcta",2023,"transportation_rnk",22.0309
"62052","zcta",2023,"transportation_rnk",94.5036
"62053","zcta",2023,"transportation_rnk",9.452
"62054","zcta",2023,"transportation_rnk",18.2986
"62056","zcta",2023,"transportation_rnk",43.2363
"62058","zcta",2023,"transportation_rnk",9.2578
"62059","zcta",2023,"transportation_rnk",75.0008
"62060","zcta",2023,"transportation_rnk",22.9923
"62061","zcta",2023,"transportation_rnk",65.0568
"62062","zcta",2023,"transportation_rnk",47.6257
"62063","zcta",2023,"transportation_rnk",69.0707
"62067","zcta",2023,"transportation_rnk",13.6892
"62069","zcta",2023,"transportation_rnk",6.2279
"62074","zcta",2023,"transportation_rnk",29.3626
"62075","zcta",2023,"transportation_rnk",59.7773
"62076","zcta",2023,"transportation_rnk",NA
"62077","zcta",2023,"transportation_rnk",54.4266
"62078","zcta",2023,"transportation_rnk",NA
"62079","zcta",2023,"transportation_rnk",56.2522
"62080","zcta",2023,"transportation_rnk",14.971
"62081","zcta",2023,"transportation_rnk",1.8839
"62082","zcta",2023,"transportation_rnk",28.8868
"62083","zcta",2023,"transportation_rnk",7.6393
"62084","zcta",2023,"transportation_rnk",14.042
"62085","zcta",2023,"transportation_rnk",3.9006
"62086","zcta",2023,"transportation_rnk",5.5741
"62087","zcta",2023,"transportation_rnk",34.5968
"62088","zcta",2023,"transportation_rnk",15.6411
"62089","zcta",2023,"transportation_rnk",11.7923
"62090","zcta",2023,"transportation_rnk",66.7627
"62091","zcta",2023,"transportation_rnk",2.6025
"62092","zcta",2023,"transportation_rnk",29.2073
"62093","zcta",2023,"transportation_rnk",16.3273
"62094","zcta",2023,"transportation_rnk",44.9131
"62095","zcta",2023,"transportation_rnk",28.8868
"62097","zcta",2023,"transportation_rnk",23.685
"62098","zcta",2023,"transportation_rnk",NA
"62201","zcta",2023,"transportation_rnk",69.8864
"62203","zcta",2023,"transportation_rnk",86.2072
"62204","zcta",2023,"transportation_rnk",88.5767
"62205","zcta",2023,"transportation_rnk",93.5066
"62206","zcta",2023,"transportation_rnk",91.2375
"62207","zcta",2023,"transportation_rnk",87.9358
"62208","zcta",2023,"transportation_rnk",85.3074
"62214","zcta",2023,"transportation_rnk",16.9521
"62215","zcta",2023,"transportation_rnk",43.2363
"62216","zcta",2023,"transportation_rnk",35.8949
"62217","zcta",2023,"transportation_rnk",25.3844
"62218","zcta",2023,"transportation_rnk",44.3855
"62219","zcta",2023,"transportation_rnk",14.2557
"62220","zcta",2023,"transportation_rnk",88.9522
"62221","zcta",2023,"transportation_rnk",86.9938
"62223","zcta",2023,"transportation_rnk",86.4144
"62225","zcta",2023,"transportation_rnk",47.7325
"62226","zcta",2023,"transportation_rnk",87.0586
"62230","zcta",2023,"transportation_rnk",31.5023
"62231","zcta",2023,"transportation_rnk",34.7328
"62232","zcta",2023,"transportation_rnk",49.0823
"62233","zcta",2023,"transportation_rnk",NA
"62234","zcta",2023,"transportation_rnk",85.9386
"62236","zcta",2023,"transportation_rnk",16.9521
"62237","zcta",2023,"transportation_rnk",10.4295
"62238","zcta",2023,"transportation_rnk",7.267
"62239","zcta",2023,"transportation_rnk",84.3978
"62240","zcta",2023,"transportation_rnk",10.0638
"62241","zcta",2023,"transportation_rnk",6.6649
"62242","zcta",2023,"transportation_rnk",30.2399
"62243","zcta",2023,"transportation_rnk",45.007
"62244","zcta",2023,"transportation_rnk",18.8586
"62245","zcta",2023,"transportation_rnk",28.7217
"62246","zcta",2023,"transportation_rnk",95.0668
"62248","zcta",2023,"transportation_rnk",7.0987
"62249","zcta",2023,"transportation_rnk",34.4738
"62250","zcta",2023,"transportation_rnk",5.409
"62253","zcta",2023,"transportation_rnk",9.2578
"62254","zcta",2023,"transportation_rnk",56.673
"62255","zcta",2023,"transportation_rnk",15.3886
"62256","zcta",2023,"transportation_rnk",NA
"62257","zcta",2023,"transportation_rnk",69.6663
"62258","zcta",2023,"transportation_rnk",52.8113
"62260","zcta",2023,"transportation_rnk",26.1354
"62261","zcta",2023,"transportation_rnk",NA
"62262","zcta",2023,"transportation_rnk",39.0412
"62263","zcta",2023,"transportation_rnk",25.8376
"62264","zcta",2023,"transportation_rnk",25.0445
"62265","zcta",2023,"transportation_rnk",74.758
"62266","zcta",2023,"transportation_rnk",NA
"62268","zcta",2023,"transportation_rnk",23.426
"62269","zcta",2023,"transportation_rnk",85.0937
"62271","zcta",2023,"transportation_rnk",57.6894
"62272","zcta",2023,"transportation_rnk",21.0727
"62273","zcta",2023,"transportation_rnk",4.6256
"62274","zcta",2023,"transportation_rnk",8.0601
"62275","zcta",2023,"transportation_rnk",31.9522
"62277","zcta",2023,"transportation_rnk",15.2947
"62278","zcta",2023,"transportation_rnk",70.4302
"62279","zcta",2023,"transportation_rnk",NA
"62280","zcta",2023,"transportation_rnk",6.4319
"62281","zcta",2023,"transportation_rnk",8.5392
"62282","zcta",2023,"transportation_rnk",13.8834
"62284","zcta",2023,"transportation_rnk",33.5869
"62285","zcta",2023,"transportation_rnk",19.1144
"62286","zcta",2023,"transportation_rnk",94.2414
"62288","zcta",2023,"transportation_rnk",7.6393
"62289","zcta",2023,"transportation_rnk",24.5881
"62292","zcta",2023,"transportation_rnk",42.3882
"62293","zcta",2023,"transportation_rnk",23.5523
"62294","zcta",2023,"transportation_rnk",83.6176
"62295","zcta",2023,"transportation_rnk",18.6482
"62297","zcta",2023,"transportation_rnk",26.922
"62298","zcta",2023,"transportation_rnk",40.8539
"62301","zcta",2023,"transportation_rnk",93.1862
"62305","zcta",2023,"transportation_rnk",91.7133
"62311","zcta",2023,"transportation_rnk",25.2258
"62312","zcta",2023,"transportation_rnk",70.2554
"62313","zcta",2023,"transportation_rnk",5.6097
"62314","zcta",2023,"transportation_rnk",4.4476
"62316","zcta",2023,"transportation_rnk",26.2843
"62319","zcta",2023,"transportation_rnk",25.0445
"62320","zcta",2023,"transportation_rnk",56.8575
"62321","zcta",2023,"transportation_rnk",25.2258
"62323","zcta",2023,"transportation_rnk",2.4245
"62324","zcta",2023,"transportation_rnk",26.5788
"62325","zcta",2023,"transportation_rnk",5.7553
"62326","zcta",2023,"transportation_rnk",63.0466
"62330","zcta",2023,"transportation_rnk",20.8526
"62334","zcta",2023,"transportation_rnk",7.9144
"62336","zcta",2023,"transportation_rnk",NA
"62338","zcta",2023,"transportation_rnk",10.6238
"62339","zcta",2023,"transportation_rnk",11.1482
"62340","zcta",2023,"transportation_rnk",43.3949
"62341","zcta",2023,"transportation_rnk",33.8005
"62343","zcta",2023,"transportation_rnk",48.6291
"62344","zcta",2023,"transportation_rnk",NA
"62345","zcta",2023,"transportation_rnk",65.1086
"62346","zcta",2023,"transportation_rnk",0.8222
"62347","zcta",2023,"transportation_rnk",11.8765
"62348","zcta",2023,"transportation_rnk",10.5461
"62349","zcta",2023,"transportation_rnk",35.8949
"62351","zcta",2023,"transportation_rnk",11.7211
"62352","zcta",2023,"transportation_rnk",4.3926
"62353","zcta",2023,"transportation_rnk",NA
"62354","zcta",2023,"transportation_rnk",56.0742
"62355","zcta",2023,"transportation_rnk",46.8682
"62356","zcta",2023,"transportation_rnk",32.2792
"62357","zcta",2023,"transportation_rnk",69.6242
"62358","zcta",2023,"transportation_rnk",55.4074
"62359","zcta",2023,"transportation_rnk",NA
"62360","zcta",2023,"transportation_rnk",8.3287
"62361","zcta",2023,"transportation_rnk",4.5544
"62362","zcta",2023,"transportation_rnk",40.6921
"62363","zcta",2023,"transportation_rnk",16.5701
"62365","zcta",2023,"transportation_rnk",29.0713
"62366","zcta",2023,"transportation_rnk",44.5149
"62367","zcta",2023,"transportation_rnk",55.3394
"62370","zcta",2023,"transportation_rnk",66.3516
"62373","zcta",2023,"transportation_rnk",4.0398
"62374","zcta",2023,"transportation_rnk",28.2491
"62375","zcta",2023,"transportation_rnk",21.3285
"62376","zcta",2023,"transportation_rnk",22.3254
"62378","zcta",2023,"transportation_rnk",10.9572
"62379","zcta",2023,"transportation_rnk",38.0118
"62380","zcta",2023,"transportation_rnk",35.8949
"62401","zcta",2023,"transportation_rnk",94.5068
"62410","zcta",2023,"transportation_rnk",34.8623
"62411","zcta",2023,"transportation_rnk",55.9933
"62413","zcta",2023,"transportation_rnk",6.3671
"62414","zcta",2023,"transportation_rnk",24.436
"62417","zcta",2023,"transportation_rnk",40.2842
"62418","zcta",2023,"transportation_rnk",36.5164
"62419","zcta",2023,"transportation_rnk",17.3696
"62420","zcta",2023,"transportation_rnk",50.9598
"62421","zcta",2023,"transportation_rnk",7.7979
"62422","zcta",2023,"transportation_rnk",6.9498
"62423","zcta",2023,"transportation_rnk",2.7061
"62424","zcta",2023,"transportation_rnk",25.9768
"62425","zcta",2023,"transportation_rnk",28.0549
"62426","zcta",2023,"transportation_rnk",28.2491
"62427","zcta",2023,"transportation_rnk",50.3901
"62428","zcta",2023,"transportation_rnk",28.0549
"62431","zcta",2023,"transportation_rnk",27.3492
"62432","zcta",2023,"transportation_rnk",3.6384
"62433","zcta",2023,"transportation_rnk",7.1926
"62434","zcta",2023,"transportation_rnk",2.9877
"62436","zcta",2023,"transportation_rnk",7.6846
"62438","zcta",2023,"transportation_rnk",5.6097
"62439","zcta",2023,"transportation_rnk",28.8868
"62440","zcta",2023,"transportation_rnk",25.5139
"62441","zcta",2023,"transportation_rnk",30.2399
"62442","zcta",2023,"transportation_rnk",25.6725
"62443","zcta",2023,"transportation_rnk",21.3285
"62444","zcta",2023,"transportation_rnk",21.0727
"62445","zcta",2023,"transportation_rnk",8.1442
"62446","zcta",2023,"transportation_rnk",3.1658
"62447","zcta",2023,"transportation_rnk",53.3454
"62448","zcta",2023,"transportation_rnk",30.8937
"62449","zcta",2023,"transportation_rnk",19.587
"62450","zcta",2023,"transportation_rnk",35.5776
"62451","zcta",2023,"transportation_rnk",78.2022
"62452","zcta",2023,"transportation_rnk",7.2379
"62454","zcta",2023,"transportation_rnk",17.0913
"62458","zcta",2023,"transportation_rnk",38.4391
"62459","zcta",2023,"transportation_rnk",33.8005
"62460","zcta",2023,"transportation_rnk",66.0409
"62461","zcta",2023,"transportation_rnk",41.3265
"62462","zcta",2023,"transportation_rnk",11.6499
"62463","zcta",2023,"transportation_rnk",41.9804
"62464","zcta",2023,"transportation_rnk",1.3595
"62465","zcta",2023,"transportation_rnk",9.5653
"62466","zcta",2023,"transportation_rnk",NA
"62467","zcta",2023,"transportation_rnk",83.3134
"62468","zcta",2023,"transportation_rnk",38.9214
"62469","zcta",2023,"transportation_rnk",54.5399
"62471","zcta",2023,"transportation_rnk",42.7929
"62473","zcta",2023,"transportation_rnk",32.4345
"62474","zcta",2023,"transportation_rnk",7.1214
"62475","zcta",2023,"transportation_rnk",7.1214
"62476","zcta",2023,"transportation_rnk",22.4938
"62477","zcta",2023,"transportation_rnk",39.9637
"62478","zcta",2023,"transportation_rnk",2.062
"62479","zcta",2023,"transportation_rnk",37.0051
"62480","zcta",2023,"transportation_rnk",5.1371
"62481","zcta",2023,"transportation_rnk",2.2562
"62501","zcta",2023,"transportation_rnk",34.7328
"62510","zcta",2023,"transportation_rnk",68.2032
"62512","zcta",2023,"transportation_rnk",6.8721
"62513","zcta",2023,"transportation_rnk",34.7328
"62514","zcta",2023,"transportation_rnk",2.0943
"62515","zcta",2023,"transportation_rnk",51.5262
"62517","zcta",2023,"transportation_rnk",13.4723
"62518","zcta",2023,"transportation_rnk",2.5896
"62519","zcta",2023,"transportation_rnk",NA
"62520","zcta",2023,"transportation_rnk",30.2399
"62521","zcta",2023,"transportation_rnk",77.4091
"62522","zcta",2023,"transportation_rnk",78.0598
"62523","zcta",2023,"transportation_rnk",NA
"62526","zcta",2023,"transportation_rnk",77.2926
"62530","zcta",2023,"transportation_rnk",51.5262
"62531","zcta",2023,"transportation_rnk",18.8586
"62532","zcta",2023,"transportation_rnk",NA
"62533","zcta",2023,"transportation_rnk",36.0535
"62534","zcta",2023,"transportation_rnk",18.2986
"62535","zcta",2023,"transportation_rnk",18.2986
"62536","zcta",2023,"transportation_rnk",15.8159
"62537","zcta",2023,"transportation_rnk",3.5251
"62538","zcta",2023,"transportation_rnk",7.1537
"62539","zcta",2023,"transportation_rnk",25.6725
"62540","zcta",2023,"transportation_rnk",16.3273
"62541","zcta",2023,"transportation_rnk",NA
"62543","zcta",2023,"transportation_rnk",64.5551
"62544","zcta",2023,"transportation_rnk",14.971
"62545","zcta",2023,"transportation_rnk",18.0559
"62546","zcta",2023,"transportation_rnk",16.9521
"62547","zcta",2023,"transportation_rnk",55.1452
"62548","zcta",2023,"transportation_rnk",51.701
"62549","zcta",2023,"transportation_rnk",76.6096
"62550","zcta",2023,"transportation_rnk",18.5641
"62551","zcta",2023,"transportation_rnk",34.7328
"62553","zcta",2023,"transportation_rnk",46.2273
"62554","zcta",2023,"transportation_rnk",10.5461
"62555","zcta",2023,"transportation_rnk",13.2166
"62556","zcta",2023,"transportation_rnk",8.4032
"62557","zcta",2023,"transportation_rnk",68.5592
"62558","zcta",2023,"transportation_rnk",24.1382
"62560","zcta",2023,"transportation_rnk",76.2341
"62561","zcta",2023,"transportation_rnk",19.1144
"62563","zcta",2023,"transportation_rnk",35.4223
"62565","zcta",2023,"transportation_rnk",94.4486
"62567","zcta",2023,"transportation_rnk",14.3301
"62568","zcta",2023,"transportation_rnk",15.3886
"62570","zcta",2023,"transportation_rnk",9.8857
"62571","zcta",2023,"transportation_rnk",8.7366
"62572","zcta",2023,"transportation_rnk",64.1084
"62573","zcta",2023,"transportation_rnk",8.0115
"62601","zcta",2023,"transportation_rnk",30.1169
"62610","zcta",2023,"transportation_rnk",29.8191
"62611","zcta",2023,"transportation_rnk",43.2363
"62612","zcta",2023,"transportation_rnk",48.846
"62613","zcta",2023,"transportation_rnk",17.0913
"62615","zcta",2023,"transportation_rnk",29.9582
"62617","zcta",2023,"transportation_rnk",50.5034
"62618","zcta",2023,"transportation_rnk",38.1575
"62621","zcta",2023,"transportation_rnk",13.9514
"62622","zcta",2023,"transportation_rnk",NA
"62624","zcta",2023,"transportation_rnk",2.3921
"62625","zcta",2023,"transportation_rnk",11.7211
"62626","zcta",2023,"transportation_rnk",94.1767
"62627","zcta",2023,"transportation_rnk",41.8897
"62628","zcta",2023,"transportation_rnk",20.7199
"62629","zcta",2023,"transportation_rnk",92.6294
"62630","zcta",2023,"transportation_rnk",35.0079
"62631","zcta",2023,"transportation_rnk",2.4504
"62633","zcta",2023,"transportation_rnk",6.8236
"62634","zcta",2023,"transportation_rnk",41.8897
"62635","zcta",2023,"transportation_rnk",18.4249
"62638","zcta",2023,"transportation_rnk",14.042
"62639","zcta",2023,"transportation_rnk",4.0041
"62640","zcta",2023,"transportation_rnk",27.5564
"62642","zcta",2023,"transportation_rnk",13.6892
"62643","zcta",2023,"transportation_rnk",33.5869
"62644","zcta",2023,"transportation_rnk",28.2491
"62649","zcta",2023,"transportation_rnk",57.1133
"62650","zcta",2023,"transportation_rnk",95.2578
"62655","zcta",2023,"transportation_rnk",38.7628
"62656","zcta",2023,"transportation_rnk",94.7982
"62661","zcta",2023,"transportation_rnk",17.2272
"62663","zcta",2023,"transportation_rnk",23.685
"62664","zcta",2023,"transportation_rnk",25.6725
"62665","zcta",2023,"transportation_rnk",15.7317
"62666","zcta",2023,"transportation_rnk",15.5278
"62667","zcta",2023,"transportation_rnk",62.4446
"62668","zcta",2023,"transportation_rnk",43.3949
"62670","zcta",2023,"transportation_rnk",47.7325
"62671","zcta",2023,"transportation_rnk",9.8016
"62672","zcta",2023,"transportation_rnk",0.6668
"62673","zcta",2023,"transportation_rnk",34.5968
"62674","zcta",2023,"transportation_rnk",40.4299
"62675","zcta",2023,"transportation_rnk",33.4348
"62677","zcta",2023,"transportation_rnk",28.0549
"62681","zcta",2023,"transportation_rnk",33.0107
"62682","zcta",2023,"transportation_rnk",7.1537
"62684","zcta",2023,"transportation_rnk",18.7518
"62685","zcta",2023,"transportation_rnk",9.5653
"62688","zcta",2023,"transportation_rnk",28.5469
"62689","zcta",2023,"transportation_rnk",56.673
"62690","zcta",2023,"transportation_rnk",63.5807
"62691","zcta",2023,"transportation_rnk",9.8016
"62692","zcta",2023,"transportation_rnk",53.6691
"62693","zcta",2023,"transportation_rnk",30.3855
"62694","zcta",2023,"transportation_rnk",18.153
"62695","zcta",2023,"transportation_rnk",6.3024
"62701","zcta",2023,"transportation_rnk",77.1599
"62702","zcta",2023,"transportation_rnk",93.28
"62703","zcta",2023,"transportation_rnk",94.4551
"62704","zcta",2023,"transportation_rnk",93.416
"62706","zcta",2023,"transportation_rnk",NA
"62707","zcta",2023,"transportation_rnk",26.1354
"62711","zcta",2023,"transportation_rnk",21.882
"62712","zcta",2023,"transportation_rnk",13.2166
"62801","zcta",2023,"transportation_rnk",89.9557
"62803","zcta",2023,"transportation_rnk",8.96
"62806","zcta",2023,"transportation_rnk",51.4097
"62807","zcta",2023,"transportation_rnk",25.0445
"62808","zcta",2023,"transportation_rnk",17.7257
"62809","zcta",2023,"transportation_rnk",2.9359
"62810","zcta",2023,"transportation_rnk",66.2092
"62811","zcta",2023,"transportation_rnk",7.7429
"62812","zcta",2023,"transportation_rnk",47.8652
"62814","zcta",2023,"transportation_rnk",12.9868
"62815","zcta",2023,"transportation_rnk",64.9662
"62816","zcta",2023,"transportation_rnk",19.1144
"62817","zcta",2023,"transportation_rnk",4.6256
"62818","zcta",2023,"transportation_rnk",8.7366
"62819","zcta",2023,"transportation_rnk",28.0549
"62820","zcta",2023,"transportation_rnk",4.3408
"62821","zcta",2023,"transportation_rnk",40.6921
"62822","zcta",2023,"transportation_rnk",31.6738
"62823","zcta",2023,"transportation_rnk",41.1711
"62824","zcta",2023,"transportation_rnk",15.8159
"62825","zcta",2023,"transportation_rnk",4.6645
"62827","zcta",2023,"transportation_rnk",37.5166
"62828","zcta",2023,"transportation_rnk",17.7257
"62829","zcta",2023,"transportation_rnk",0.7121
"62830","zcta",2023,"transportation_rnk",13.8057
"62831","zcta",2023,"transportation_rnk",11.3359
"62832","zcta",2023,"transportation_rnk",44.3855
"62833","zcta",2023,"transportation_rnk",23.5523
"62835","zcta",2023,"transportation_rnk",35.8949
"62836","zcta",2023,"transportation_rnk",11.2097
"62837","zcta",2023,"transportation_rnk",36.8498
"62838","zcta",2023,"transportation_rnk",23.426
"62839","zcta",2023,"transportation_rnk",11.0446
"62841","zcta",2023,"transportation_rnk",1.7998
"62842","zcta",2023,"transportation_rnk",21.6133
"62843","zcta",2023,"transportation_rnk",NA
"62844","zcta",2023,"transportation_rnk",61.713
"62846","zcta",2023,"transportation_rnk",NA
"62848","zcta",2023,"transportation_rnk",10.763
"62849","zcta",2023,"transportation_rnk",12.7149
"62850","zcta",2023,"transportation_rnk",74.5023
"62851","zcta",2023,"transportation_rnk",11.3359
"62852","zcta",2023,"transportation_rnk",29.2073
"62853","zcta",2023,"transportation_rnk",13.6892
"62854","zcta",2023,"transportation_rnk",25.2258
"62856","zcta",2023,"transportation_rnk",24.2806
"62858","zcta",2023,"transportation_rnk",26.922
"62859","zcta",2023,"transportation_rnk",26.7569
"62860","zcta",2023,"transportation_rnk",50.2573
"62861","zcta",2023,"transportation_rnk",7.2379
"62862","zcta",2023,"transportation_rnk",7.3965
"62863","zcta",2023,"transportation_rnk",67.6852
"62864","zcta",2023,"transportation_rnk",50.6005
"62865","zcta",2023,"transportation_rnk",41.6567
"62867","zcta",2023,"transportation_rnk",12.3199
"62868","zcta",2023,"transportation_rnk",48.0206
"62869","zcta",2023,"transportation_rnk",16.6899
"62870","zcta",2023,"transportation_rnk",11.7211
"62871","zcta",2023,"transportation_rnk",40.595
"62872","zcta",2023,"transportation_rnk",72.1102
"62874","zcta",2023,"transportation_rnk",32.6838
"62875","zcta",2023,"transportation_rnk",13.2166
"62876","zcta",2023,"transportation_rnk",5.8654
"62877","zcta",2023,"transportation_rnk",46.0946
"62878","zcta",2023,"transportation_rnk",59.6413
"62879","zcta",2023,"transportation_rnk",NA
"62880","zcta",2023,"transportation_rnk",67.546
"62881","zcta",2023,"transportation_rnk",37.3191
"62882","zcta",2023,"transportation_rnk",32.823
"62883","zcta",2023,"transportation_rnk",6.2279
"62884","zcta",2023,"transportation_rnk",76.0431
"62885","zcta",2023,"transportation_rnk",35.7589
"62886","zcta",2023,"transportation_rnk",30.7578
"62887","zcta",2023,"transportation_rnk",5.8169
"62888","zcta",2023,"transportation_rnk",13.8834
"62889","zcta",2023,"transportation_rnk",5.5482
"62890","zcta",2023,"transportation_rnk",17.7257
"62891","zcta",2023,"transportation_rnk",30.1169
"62892","zcta",2023,"transportation_rnk",57.7704
"62893","zcta",2023,"transportation_rnk",15.0617
"62894","zcta",2023,"transportation_rnk",29.7187
"62895","zcta",2023,"transportation_rnk",41.4787
"62896","zcta",2023,"transportation_rnk",44.3855
"62897","zcta",2023,"transportation_rnk",74.3469
"62898","zcta",2023,"transportation_rnk",20.4739
"62899","zcta",2023,"transportation_rnk",58.0585
"62901","zcta",2023,"transportation_rnk",89.0558
"62902","zcta",2023,"transportation_rnk",36.8498
"62903","zcta",2023,"transportation_rnk",68.4848
"62905","zcta",2023,"transportation_rnk",15.5278
"62906","zcta",2023,"transportation_rnk",16.8193
"62907","zcta",2023,"transportation_rnk",65.9308
"62908","zcta",2023,"transportation_rnk",6.8721
"62910","zcta",2023,"transportation_rnk",7.2379
"62912","zcta",2023,"transportation_rnk",10.6917
"62914","zcta",2023,"transportation_rnk",42.2458
"62915","zcta",2023,"transportation_rnk",10.763
"62916","zcta",2023,"transportation_rnk",74.4602
"62917","zcta",2023,"transportation_rnk",13.2166
"62918","zcta",2023,"transportation_rnk",81.5007
"62919","zcta",2023,"transportation_rnk",6.461
"62920","zcta",2023,"transportation_rnk",54.7535
"62921","zcta",2023,"transportation_rnk",10.0638
"62922","zcta",2023,"transportation_rnk",29.9582
"62923","zcta",2023,"transportation_rnk",8.2349
"62924","zcta",2023,"transportation_rnk",45.6641
"62926","zcta",2023,"transportation_rnk",26.1354
"62927","zcta",2023,"transportation_rnk",25.5139
"62928","zcta",2023,"transportation_rnk",NA
"62930","zcta",2023,"transportation_rnk",36.5164
"62931","zcta",2023,"transportation_rnk",45.9619
"62932","zcta",2023,"transportation_rnk",10.6238
"62933","zcta",2023,"transportation_rnk",14.1553
"62934","zcta",2023,"transportation_rnk",12.8055
"62935","zcta",2023,"transportation_rnk",24.436
"62938","zcta",2023,"transportation_rnk",22.3254
"62939","zcta",2023,"transportation_rnk",9.8857
"62940","zcta",2023,"transportation_rnk",7.7429
"62941","zcta",2023,"transportation_rnk",24.436
"62942","zcta",2023,"transportation_rnk",20.7199
"62943","zcta",2023,"transportation_rnk",22.1765
"62946","zcta",2023,"transportation_rnk",80.6073
"62947","zcta",2023,"transportation_rnk",51.5262
"62948","zcta",2023,"transportation_rnk",82.2257
"62949","zcta",2023,"transportation_rnk",40.1191
"62950","zcta",2023,"transportation_rnk",1.5958
"62951","zcta",2023,"transportation_rnk",20.3735
"62952","zcta",2023,"transportation_rnk",18.7518
"62953","zcta",2023,"transportation_rnk",21.4515
"62954","zcta",2023,"transportation_rnk",6.3024
"62956","zcta",2023,"transportation_rnk",29.8191
"62957","zcta",2023,"transportation_rnk",6.0855
"62958","zcta",2023,"transportation_rnk",11.3359
"62959","zcta",2023,"transportation_rnk",81.6755
"62960","zcta",2023,"transportation_rnk",56.8575
"62961","zcta",2023,"transportation_rnk",NA
"62962","zcta",2023,"transportation_rnk",NA
"62963","zcta",2023,"transportation_rnk",64.9662
"62964","zcta",2023,"transportation_rnk",19.4575
"62965","zcta",2023,"transportation_rnk",NA
"62966","zcta",2023,"transportation_rnk",36.5164
"62967","zcta",2023,"transportation_rnk",5.969
"62969","zcta",2023,"transportation_rnk",15.6411
"62970","zcta",2023,"transportation_rnk",55.2391
"62972","zcta",2023,"transportation_rnk",16.46
"62974","zcta",2023,"transportation_rnk",19.1144
"62975","zcta",2023,"transportation_rnk",2.185
"62976","zcta",2023,"transportation_rnk",61.3699
"62977","zcta",2023,"transportation_rnk",7.9144
"62979","zcta",2023,"transportation_rnk",6.3024
"62982","zcta",2023,"transportation_rnk",50.8465
"62983","zcta",2023,"transportation_rnk",18.9914
"62984","zcta",2023,"transportation_rnk",14.5599
"62985","zcta",2023,"transportation_rnk",10.4295
"62987","zcta",2023,"transportation_rnk",55.5369
"62988","zcta",2023,"transportation_rnk",27.2198
"62990","zcta",2023,"transportation_rnk",28.411
"62992","zcta",2023,"transportation_rnk",27.8704
"62994","zcta",2023,"transportation_rnk",49.7038
"62995","zcta",2023,"transportation_rnk",29.8191
"62996","zcta",2023,"transportation_rnk",10.4975
"62997","zcta",2023,"transportation_rnk",6.1082
"62998","zcta",2023,"transportation_rnk",11.7923
"62999","zcta",2023,"transportation_rnk",31.1753
"60002","zcta",2023,"transportation_state_rnk",60.8352
"60004","zcta",2023,"transportation_state_rnk",94.9586
"60005","zcta",2023,"transportation_state_rnk",90.2935
"60007","zcta",2023,"transportation_state_rnk",87.8856
"60008","zcta",2023,"transportation_state_rnk",86.155
"60010","zcta",2023,"transportation_state_rnk",93.0023
"60012","zcta",2023,"transportation_state_rnk",65.538
"60013","zcta",2023,"transportation_state_rnk",86.9827
"60014","zcta",2023,"transportation_state_rnk",90.143
"60015","zcta",2023,"transportation_state_rnk",93.0775
"60016","zcta",2023,"transportation_state_rnk",95.1091
"60018","zcta",2023,"transportation_state_rnk",91.1964
"60020","zcta",2023,"transportation_state_rnk",72.4605
"60021","zcta",2023,"transportation_state_rnk",71.9338
"60022","zcta",2023,"transportation_state_rnk",93.6042
"60025","zcta",2023,"transportation_state_rnk",95.0339
"60026","zcta",2023,"transportation_state_rnk",72.2348
"60029","zcta",2023,"transportation_state_rnk",73.9654
"60030","zcta",2023,"transportation_state_rnk",67.5696
"60031","zcta",2023,"transportation_state_rnk",84.8758
"60033","zcta",2023,"transportation_state_rnk",66.5914
"60034","zcta",2023,"transportation_state_rnk",51.1287
"60035","zcta",2023,"transportation_state_rnk",93.3032
"60040","zcta",2023,"transportation_state_rnk",70.3536
"60041","zcta",2023,"transportation_state_rnk",62.0015
"60042","zcta",2023,"transportation_state_rnk",44.4319
"60043","zcta",2023,"transportation_state_rnk",74.3416
"60044","zcta",2023,"transportation_state_rnk",86.0798
"60045","zcta",2023,"transportation_state_rnk",95.2596
"60046","zcta",2023,"transportation_state_rnk",55.5305
"60047","zcta",2023,"transportation_state_rnk",92.1746
"60048","zcta",2023,"transportation_state_rnk",88.5628
"60050","zcta",2023,"transportation_state_rnk",62.3025
"60051","zcta",2023,"transportation_state_rnk",51.4673
"60053","zcta",2023,"transportation_state_rnk",90.5192
"60056","zcta",2023,"transportation_state_rnk",94.2814
"60060","zcta",2023,"transportation_state_rnk",85.553
"60061","zcta",2023,"transportation_state_rnk",88.7886
"60062","zcta",2023,"transportation_state_rnk",95.4853
"60064","zcta",2023,"transportation_state_rnk",86.3431
"60067","zcta",2023,"transportation_state_rnk",91.7231
"60068","zcta",2023,"transportation_state_rnk",95.8616
"60069","zcta",2023,"transportation_state_rnk",71.2566
"60070","zcta",2023,"transportation_state_rnk",84.3491
"60071","zcta",2023,"transportation_state_rnk",52.9722
"60072","zcta",2023,"transportation_state_rnk",51.7306
"60073","zcta",2023,"transportation_state_rnk",65.4628
"60074","zcta",2023,"transportation_state_rnk",84.4244
"60075","zcta",2023,"transportation_state_rnk",NA
"60076","zcta",2023,"transportation_state_rnk",92.7013
"60077","zcta",2023,"transportation_state_rnk",93.4537
"60081","zcta",2023,"transportation_state_rnk",70.8051
"60083","zcta",2023,"transportation_state_rnk",55.38
"60084","zcta",2023,"transportation_state_rnk",83.07
"60085","zcta",2023,"transportation_state_rnk",93.228
"60087","zcta",2023,"transportation_state_rnk",83.9353
"60088","zcta",2023,"transportation_state_rnk",NA
"60089","zcta",2023,"transportation_state_rnk",91.9488
"60090","zcta",2023,"transportation_state_rnk",92.2498
"60091","zcta",2023,"transportation_state_rnk",96.8397
"60093","zcta",2023,"transportation_state_rnk",95.3348
"60096","zcta",2023,"transportation_state_rnk",80.3612
"60097","zcta",2023,"transportation_state_rnk",56.3958
"60098","zcta",2023,"transportation_state_rnk",59.2551
"60099","zcta",2023,"transportation_state_rnk",84.4996
"60101","zcta",2023,"transportation_state_rnk",86.757
"60102","zcta",2023,"transportation_state_rnk",83.5214
"60103","zcta",2023,"transportation_state_rnk",89.6915
"60104","zcta",2023,"transportation_state_rnk",89.7667
"60106","zcta",2023,"transportation_state_rnk",85.2521
"60107","zcta",2023,"transportation_state_rnk",85.7035
"60108","zcta",2023,"transportation_state_rnk",84.7254
"60109","zcta",2023,"transportation_state_rnk",18.8111
"60110","zcta",2023,"transportation_state_rnk",84.1986
"60111","zcta",2023,"transportation_state_rnk",7.3363
"60112","zcta",2023,"transportation_state_rnk",52.0316
"60113","zcta",2023,"transportation_state_rnk",12.754
"60115","zcta",2023,"transportation_state_rnk",77.2009
"60118","zcta",2023,"transportation_state_rnk",81.1136
"60119","zcta",2023,"transportation_state_rnk",58.6531
"60120","zcta",2023,"transportation_state_rnk",89.0143
"60123","zcta",2023,"transportation_state_rnk",87.7351
"60124","zcta",2023,"transportation_state_rnk",86.3431
"60126","zcta",2023,"transportation_state_rnk",95.7863
"60129","zcta",2023,"transportation_state_rnk",63.4312
"60130","zcta",2023,"transportation_state_rnk",94.0181
"60131","zcta",2023,"transportation_state_rnk",86.6065
"60133","zcta",2023,"transportation_state_rnk",89.1648
"60134","zcta",2023,"transportation_state_rnk",92.7765
"60135","zcta",2023,"transportation_state_rnk",60.0828
"60136","zcta",2023,"transportation_state_rnk",59.1422
"60137","zcta",2023,"transportation_state_rnk",94.6576
"60139","zcta",2023,"transportation_state_rnk",85.854
"60140","zcta",2023,"transportation_state_rnk",80.8126
"60141","zcta",2023,"transportation_state_rnk",NA
"60142","zcta",2023,"transportation_state_rnk",84.0482
"60143","zcta",2023,"transportation_state_rnk",69.6012
"60144","zcta",2023,"transportation_state_rnk",NA
"60145","zcta",2023,"transportation_state_rnk",52.9722
"60146","zcta",2023,"transportation_state_rnk",48.307
"60148","zcta",2023,"transportation_state_rnk",92.8518
"60150","zcta",2023,"transportation_state_rnk",59.5937
"60151","zcta",2023,"transportation_state_rnk",65.9518
"60152","zcta",2023,"transportation_state_rnk",34.9511
"60153","zcta",2023,"transportation_state_rnk",91.2716
"60154","zcta",2023,"transportation_state_rnk",90.0677
"60155","zcta",2023,"transportation_state_rnk",87.6599
"60156","zcta",2023,"transportation_state_rnk",81.7908
"60157","zcta",2023,"transportation_state_rnk",40.1806
"60160","zcta",2023,"transportation_state_rnk",85.6283
"60162","zcta",2023,"transportation_state_rnk",71.4823
"60163","zcta",2023,"transportation_state_rnk",68.9992
"60164","zcta",2023,"transportation_state_rnk",85.3273
"60165","zcta",2023,"transportation_state_rnk",34.3115
"60169","zcta",2023,"transportation_state_rnk",87.3589
"60171","zcta",2023,"transportation_state_rnk",72.009
"60172","zcta",2023,"transportation_state_rnk",86.6817
"60173","zcta",2023,"transportation_state_rnk",70.9932
"60174","zcta",2023,"transportation_state_rnk",88.4123
"60175","zcta",2023,"transportation_state_rnk",88.1866
"60176","zcta",2023,"transportation_state_rnk",85.0263
"60177","zcta",2023,"transportation_state_rnk",84.8006
"60178","zcta",2023,"transportation_state_rnk",76.6742
"60180","zcta",2023,"transportation_state_rnk",52.0316
"60181","zcta",2023,"transportation_state_rnk",89.541
"60183","zcta",2023,"transportation_state_rnk",NA
"60184","zcta",2023,"transportation_state_rnk",51.7306
"60185","zcta",2023,"transportation_state_rnk",87.0579
"60187","zcta",2023,"transportation_state_rnk",92.0241
"60188","zcta",2023,"transportation_state_rnk",89.842
"60189","zcta",2023,"transportation_state_rnk",92.3251
"60190","zcta",2023,"transportation_state_rnk",70.1279
"60191","zcta",2023,"transportation_state_rnk",82.0166
"60192","zcta",2023,"transportation_state_rnk",87.5847
"60193","zcta",2023,"transportation_state_rnk",89.24
"60194","zcta",2023,"transportation_state_rnk",88.8638
"60195","zcta",2023,"transportation_state_rnk",71.7081
"60201","zcta",2023,"transportation_state_rnk",97.2912
"60202","zcta",2023,"transportation_state_rnk",97.0655
"60203","zcta",2023,"transportation_state_rnk",71.7833
"60208","zcta",2023,"transportation_state_rnk",NA
"60301","zcta",2023,"transportation_state_rnk",74.1911
"60302","zcta",2023,"transportation_state_rnk",97.1407
"60304","zcta",2023,"transportation_state_rnk",96.915
"60305","zcta",2023,"transportation_state_rnk",94.5824
"60401","zcta",2023,"transportation_state_rnk",61.8886
"60402","zcta",2023,"transportation_state_rnk",96.0497
"60403","zcta",2023,"transportation_state_rnk",55.681
"60404","zcta",2023,"transportation_state_rnk",82.0918
"60406","zcta",2023,"transportation_state_rnk",93.3785
"60407","zcta",2023,"transportation_state_rnk",11.1738
"60408","zcta",2023,"transportation_state_rnk",11.6629
"60409","zcta",2023,"transportation_state_rnk",94.7705
"60410","zcta",2023,"transportation_state_rnk",80.6622
"60411","zcta",2023,"transportation_state_rnk",94.4319
"60415","zcta",2023,"transportation_state_rnk",83.9353
"60416","zcta",2023,"transportation_state_rnk",31.1889
"60417","zcta",2023,"transportation_state_rnk",81.4146
"60418","zcta",2023,"transportation_state_rnk",87.2837
"60419","zcta",2023,"transportation_state_rnk",92.0993
"60420","zcta",2023,"transportation_state_rnk",51.1287
"60421","zcta",2023,"transportation_state_rnk",42.9646
"60422","zcta",2023,"transportation_state_rnk",93.1527
"60423","zcta",2023,"transportation_state_rnk",89.3905
"60424","zcta",2023,"transportation_state_rnk",9.4056
"60425","zcta",2023,"transportation_state_rnk",87.9609
"60426","zcta",2023,"transportation_state_rnk",94.5071
"60428","zcta",2023,"transportation_state_rnk",89.6163
"60429","zcta",2023,"transportation_state_rnk",90.9707
"60430","zcta",2023,"transportation_state_rnk",94.2062
"60431","zcta",2023,"transportation_state_rnk",54.5147
"60432","zcta",2023,"transportation_state_rnk",86.0045
"60433","zcta",2023,"transportation_state_rnk",85.1768
"60435","zcta",2023,"transportation_state_rnk",85.9293
"60436","zcta",2023,"transportation_state_rnk",82.9947
"60437","zcta",2023,"transportation_state_rnk",0.1505
"60438","zcta",2023,"transportation_state_rnk",88.7133
"60439","zcta",2023,"transportation_state_rnk",88.4876
"60440","zcta",2023,"transportation_state_rnk",88.2619
"60441","zcta",2023,"transportation_state_rnk",85.4778
"60442","zcta",2023,"transportation_state_rnk",83.4462
"60443","zcta",2023,"transportation_state_rnk",88.1114
"60444","zcta",2023,"transportation_state_rnk",9.2551
"60445","zcta",2023,"transportation_state_rnk",84.2739
"60446","zcta",2023,"transportation_state_rnk",88.3371
"60447","zcta",2023,"transportation_state_rnk",80.9631
"60448","zcta",2023,"transportation_state_rnk",90.2182
"60449","zcta",2023,"transportation_state_rnk",86.8322
"60450","zcta",2023,"transportation_state_rnk",82.6185
"60451","zcta",2023,"transportation_state_rnk",90.7449
"60452","zcta",2023,"transportation_state_rnk",92.626
"60453","zcta",2023,"transportation_state_rnk",93.7547
"60455","zcta",2023,"transportation_state_rnk",83.7472
"60456","zcta",2023,"transportation_state_rnk",86.5312
"60457","zcta",2023,"transportation_state_rnk",86.2302
"60458","zcta",2023,"transportation_state_rnk",87.5094
"60459","zcta",2023,"transportation_state_rnk",88.0361
"60460","zcta",2023,"transportation_state_rnk",45.1467
"60461","zcta",2023,"transportation_state_rnk",72.611
"60462","zcta",2023,"transportation_state_rnk",91.5726
"60463","zcta",2023,"transportation_state_rnk",87.8104
"60464","zcta",2023,"transportation_state_rnk",66.9676
"60465","zcta",2023,"transportation_state_rnk",86.9074
"60466","zcta",2023,"transportation_state_rnk",91.6479
"60467","zcta",2023,"transportation_state_rnk",89.3153
"60468","zcta",2023,"transportation_state_rnk",73.5515
"60469","zcta",2023,"transportation_state_rnk",81.4898
"60470","zcta",2023,"transportation_state_rnk",19.3755
"60471","zcta",2023,"transportation_state_rnk",69.4507
"60472","zcta",2023,"transportation_state_rnk",86.456
"60473","zcta",2023,"transportation_state_rnk",91.0459
"60474","zcta",2023,"transportation_state_rnk",16.2904
"60475","zcta",2023,"transportation_state_rnk",85.1016
"60476","zcta",2023,"transportation_state_rnk",64.1836
"60477","zcta",2023,"transportation_state_rnk",92.4003
"60478","zcta",2023,"transportation_state_rnk",87.4342
"60479","zcta",2023,"transportation_state_rnk",53.3108
"60480","zcta",2023,"transportation_state_rnk",80.4364
"60481","zcta",2023,"transportation_state_rnk",58.6531
"60482","zcta",2023,"transportation_state_rnk",81.7156
"60484","zcta",2023,"transportation_state_rnk",84.6501
"60487","zcta",2023,"transportation_state_rnk",91.1211
"60490","zcta",2023,"transportation_state_rnk",89.0895
"60491","zcta",2023,"transportation_state_rnk",84.1234
"60501","zcta",2023,"transportation_state_rnk",72.1595
"60502","zcta",2023,"transportation_state_rnk",92.927
"60503","zcta",2023,"transportation_state_rnk",89.9172
"60504","zcta",2023,"transportation_state_rnk",94.8834
"60505","zcta",2023,"transportation_state_rnk",88.9391
"60506","zcta",2023,"transportation_state_rnk",84.5749
"60510","zcta",2023,"transportation_state_rnk",87.2084
"60511","zcta",2023,"transportation_state_rnk",62.6787
"60512","zcta",2023,"transportation_state_rnk",2.8593
"60513","zcta",2023,"transportation_state_rnk",93.6795
"60514","zcta",2023,"transportation_state_rnk",90.8954
"60515","zcta",2023,"transportation_state_rnk",95.4101
"60516","zcta",2023,"transportation_state_rnk",93.529
"60517","zcta",2023,"transportation_state_rnk",91.4221
"60518","zcta",2023,"transportation_state_rnk",71.6328
"60519","zcta",2023,"transportation_state_rnk",NA
"60520","zcta",2023,"transportation_state_rnk",50.3762
"60521","zcta",2023,"transportation_state_rnk",95.9368
"60523","zcta",2023,"transportation_state_rnk",83.1452
"60525","zcta",2023,"transportation_state_rnk",95.1843
"60526","zcta",2023,"transportation_state_rnk",90.5944
"60527","zcta",2023,"transportation_state_rnk",92.5508
"60530","zcta",2023,"transportation_state_rnk",64.7479
"60531","zcta",2023,"transportation_state_rnk",40.9707
"60532","zcta",2023,"transportation_state_rnk",93.8299
"60534","zcta",2023,"transportation_state_rnk",90.8202
"60536","zcta",2023,"transportation_state_rnk",NA
"60537","zcta",2023,"transportation_state_rnk",19.3755
"60538","zcta",2023,"transportation_state_rnk",81.2641
"60539","zcta",2023,"transportation_state_rnk",NA
"60540","zcta",2023,"transportation_state_rnk",95.7111
"60541","zcta",2023,"transportation_state_rnk",46.6516
"60542","zcta",2023,"transportation_state_rnk",82.769
"60543","zcta",2023,"transportation_state_rnk",82.5433
"60544","zcta",2023,"transportation_state_rnk",84.9511
"60545","zcta",2023,"transportation_state_rnk",33.371
"60546","zcta",2023,"transportation_state_rnk",91.4974
"60548","zcta",2023,"transportation_state_rnk",80.2859
"60549","zcta",2023,"transportation_state_rnk",4.0632
"60550","zcta",2023,"transportation_state_rnk",23.5515
"60551","zcta",2023,"transportation_state_rnk",38.5628
"60552","zcta",2023,"transportation_state_rnk",54.5147
"60553","zcta",2023,"transportation_state_rnk",55.1166
"60554","zcta",2023,"transportation_state_rnk",81.6403
"60555","zcta",2023,"transportation_state_rnk",85.7788
"60556","zcta",2023,"transportation_state_rnk",44.2062
"60557","zcta",2023,"transportation_state_rnk",NA
"60558","zcta",2023,"transportation_state_rnk",92.4755
"60559","zcta",2023,"transportation_state_rnk",89.9925
"60560","zcta",2023,"transportation_state_rnk",83.371
"60561","zcta",2023,"transportation_state_rnk",87.1332
"60563","zcta",2023,"transportation_state_rnk",93.9052
"60564","zcta",2023,"transportation_state_rnk",95.5606
"60565","zcta",2023,"transportation_state_rnk",94.0181
"60585","zcta",2023,"transportation_state_rnk",83.2957
"60586","zcta",2023,"transportation_state_rnk",82.6938
"60601","zcta",2023,"transportation_state_rnk",99.3228
"60602","zcta",2023,"transportation_state_rnk",83.8224
"60603","zcta",2023,"transportation_state_rnk",77.4643
"60604","zcta",2023,"transportation_state_rnk",76.4485
"60605","zcta",2023,"transportation_state_rnk",99.2476
"60606","zcta",2023,"transportation_state_rnk",79.383
"60607","zcta",2023,"transportation_state_rnk",98.4199
"60608","zcta",2023,"transportation_state_rnk",98.5704
"60609","zcta",2023,"transportation_state_rnk",97.6674
"60610","zcta",2023,"transportation_state_rnk",99.8495
"60611","zcta",2023,"transportation_state_rnk",99.1723
"60612","zcta",2023,"transportation_state_rnk",98.0436
"60613","zcta",2023,"transportation_state_rnk",99.7743
"60614","zcta",2023,"transportation_state_rnk",99.9248
"60615","zcta",2023,"transportation_state_rnk",98.4951
"60616","zcta",2023,"transportation_state_rnk",98.1189
"60617","zcta",2023,"transportation_state_rnk",97.216
"60618","zcta",2023,"transportation_state_rnk",98.2694
"60619","zcta",2023,"transportation_state_rnk",98.3446
"60620","zcta",2023,"transportation_state_rnk",97.8932
"60621","zcta",2023,"transportation_state_rnk",98.1941
"60622","zcta",2023,"transportation_state_rnk",98.6456
"60623","zcta",2023,"transportation_state_rnk",97.5546
"60624","zcta",2023,"transportation_state_rnk",98.9466
"60625","zcta",2023,"transportation_state_rnk",99.398
"60626","zcta",2023,"transportation_state_rnk",99.6238
"60628","zcta",2023,"transportation_state_rnk",97.3664
"60629","zcta",2023,"transportation_state_rnk",97.4417
"60630","zcta",2023,"transportation_state_rnk",96.7645
"60631","zcta",2023,"transportation_state_rnk",94.3567
"60632","zcta",2023,"transportation_state_rnk",96.6892
"60633","zcta",2023,"transportation_state_rnk",91.8736
"60634","zcta",2023,"transportation_state_rnk",96.1625
"60636","zcta",2023,"transportation_state_rnk",97.7427
"60637","zcta",2023,"transportation_state_rnk",99.0971
"60638","zcta",2023,"transportation_state_rnk",95.6358
"60639","zcta",2023,"transportation_state_rnk",96.9902
"60640","zcta",2023,"transportation_state_rnk",99.699
"60641","zcta",2023,"transportation_state_rnk",97.5546
"60642","zcta",2023,"transportation_state_rnk",98.8713
"60643","zcta",2023,"transportation_state_rnk",96.5388
"60644","zcta",2023,"transportation_state_rnk",99.0218
"60645","zcta",2023,"transportation_state_rnk",96.4635
"60646","zcta",2023,"transportation_state_rnk",94.1309
"60647","zcta",2023,"transportation_state_rnk",99.4733
"60649","zcta",2023,"transportation_state_rnk",98.7961
"60651","zcta",2023,"transportation_state_rnk",97.8179
"60652","zcta",2023,"transportation_state_rnk",96.3883
"60653","zcta",2023,"transportation_state_rnk",97.9684
"60654","zcta",2023,"transportation_state_rnk",98.7208
"60655","zcta",2023,"transportation_state_rnk",91.7983
"60656","zcta",2023,"transportation_state_rnk",96.0497
"60657","zcta",2023,"transportation_state_rnk",100
"60659","zcta",2023,"transportation_state_rnk",96.313
"60660","zcta",2023,"transportation_state_rnk",99.5485
"60661","zcta",2023,"transportation_state_rnk",75.7713
"60706","zcta",2023,"transportation_state_rnk",89.4658
"60707","zcta",2023,"transportation_state_rnk",94.7705
"60712","zcta",2023,"transportation_state_rnk",85.4026
"60714","zcta",2023,"transportation_state_rnk",91.3469
"60803","zcta",2023,"transportation_state_rnk",88.6381
"60804","zcta",2023,"transportation_state_rnk",96.2378
"60805","zcta",2023,"transportation_state_rnk",90.6697
"60827","zcta",2023,"transportation_state_rnk",96.614
"60901","zcta",2023,"transportation_state_rnk",76.0722
"60910","zcta",2023,"transportation_state_rnk",38.9014
"60911","zcta",2023,"transportation_state_rnk",52.5959
"60912","zcta",2023,"transportation_state_rnk",26.0346
"60913","zcta",2023,"transportation_state_rnk",46.012
"60914","zcta",2023,"transportation_state_rnk",75.1693
"60915","zcta",2023,"transportation_state_rnk",75.4703
"60917","zcta",2023,"transportation_state_rnk",51.4673
"60918","zcta",2023,"transportation_state_rnk",14.6727
"60919","zcta",2023,"transportation_state_rnk",43.228
"60920","zcta",2023,"transportation_state_rnk",59.3679
"60921","zcta",2023,"transportation_state_rnk",49.8119
"60922","zcta",2023,"transportation_state_rnk",26.5613
"60924","zcta",2023,"transportation_state_rnk",44.921
"60926","zcta",2023,"transportation_state_rnk",NA
"60927","zcta",2023,"transportation_state_rnk",24.7931
"60928","zcta",2023,"transportation_state_rnk",16.2904
"60929","zcta",2023,"transportation_state_rnk",29.8345
"60930","zcta",2023,"transportation_state_rnk",50.3762
"60931","zcta",2023,"transportation_state_rnk",17.3815
"60932","zcta",2023,"transportation_state_rnk",1.5049
"60933","zcta",2023,"transportation_state_rnk",5.4929
"60934","zcta",2023,"transportation_state_rnk",39.2024
"60935","zcta",2023,"transportation_state_rnk",53.1603
"60936","zcta",2023,"transportation_state_rnk",64.4093
"60938","zcta",2023,"transportation_state_rnk",52.2573
"60939","zcta",2023,"transportation_state_rnk",NA
"60940","zcta",2023,"transportation_state_rnk",22.7991
"60941","zcta",2023,"transportation_state_rnk",22.912
"60942","zcta",2023,"transportation_state_rnk",66.2904
"60945","zcta",2023,"transportation_state_rnk",3.2731
"60946","zcta",2023,"transportation_state_rnk",17.4944
"60948","zcta",2023,"transportation_state_rnk",62.8668
"60949","zcta",2023,"transportation_state_rnk",50.8277
"60950","zcta",2023,"transportation_state_rnk",74.8683
"60951","zcta",2023,"transportation_state_rnk",12.0391
"60952","zcta",2023,"transportation_state_rnk",12.754
"60953","zcta",2023,"transportation_state_rnk",40.9707
"60954","zcta",2023,"transportation_state_rnk",47.8179
"60955","zcta",2023,"transportation_state_rnk",30.5493
"60956","zcta",2023,"transportation_state_rnk",42.4379
"60957","zcta",2023,"transportation_state_rnk",57.4116
"60958","zcta",2023,"transportation_state_rnk",74.7178
"60959","zcta",2023,"transportation_state_rnk",56.8849
"60960","zcta",2023,"transportation_state_rnk",72.3853
"60961","zcta",2023,"transportation_state_rnk",5.7938
"60962","zcta",2023,"transportation_state_rnk",66.8924
"60963","zcta",2023,"transportation_state_rnk",26.5613
"60964","zcta",2023,"transportation_state_rnk",65.9518
"60966","zcta",2023,"transportation_state_rnk",52.0316
"60967","zcta",2023,"transportation_state_rnk",NA
"60968","zcta",2023,"transportation_state_rnk",60.4214
"60969","zcta",2023,"transportation_state_rnk",NA
"60970","zcta",2023,"transportation_state_rnk",48.2318
"60973","zcta",2023,"transportation_state_rnk",51.0158
"60974","zcta",2023,"transportation_state_rnk",9.9699
"61001","zcta",2023,"transportation_state_rnk",31.5275
"61006","zcta",2023,"transportation_state_rnk",56.1701
"61007","zcta",2023,"transportation_state_rnk",1.7306
"61008","zcta",2023,"transportation_state_rnk",79.2325
"61010","zcta",2023,"transportation_state_rnk",57.6749
"61011","zcta",2023,"transportation_state_rnk",55.1166
"61012","zcta",2023,"transportation_state_rnk",57.1859
"61013","zcta",2023,"transportation_state_rnk",44.62
"61014","zcta",2023,"transportation_state_rnk",20.3536
"61015","zcta",2023,"transportation_state_rnk",17.231
"61016","zcta",2023,"transportation_state_rnk",78.1791
"61018","zcta",2023,"transportation_state_rnk",68.2844
"61019","zcta",2023,"transportation_state_rnk",69.3755
"61020","zcta",2023,"transportation_state_rnk",26.298
"61021","zcta",2023,"transportation_state_rnk",78.781
"61024","zcta",2023,"transportation_state_rnk",67.2686
"61025","zcta",2023,"transportation_state_rnk",79.985
"61027","zcta",2023,"transportation_state_rnk",NA
"61028","zcta",2023,"transportation_state_rnk",56.6591
"61030","zcta",2023,"transportation_state_rnk",73.1377
"61031","zcta",2023,"transportation_state_rnk",30.5493
"61032","zcta",2023,"transportation_state_rnk",90.4439
"61036","zcta",2023,"transportation_state_rnk",71.5576
"61037","zcta",2023,"transportation_state_rnk",NA
"61038","zcta",2023,"transportation_state_rnk",33.2205
"61039","zcta",2023,"transportation_state_rnk",60.0828
"61041","zcta",2023,"transportation_state_rnk",37.6599
"61042","zcta",2023,"transportation_state_rnk",57.6749
"61043","zcta",2023,"transportation_state_rnk",60.4214
"61044","zcta",2023,"transportation_state_rnk",65.237
"61046","zcta",2023,"transportation_state_rnk",49.4733
"61047","zcta",2023,"transportation_state_rnk",49.8119
"61048","zcta",2023,"transportation_state_rnk",42.7765
"61049","zcta",2023,"transportation_state_rnk",10.3837
"61050","zcta",2023,"transportation_state_rnk",60.5719
"61051","zcta",2023,"transportation_state_rnk",34.3868
"61052","zcta",2023,"transportation_state_rnk",13.3559
"61053","zcta",2023,"transportation_state_rnk",50.1881
"61054","zcta",2023,"transportation_state_rnk",83.6719
"61057","zcta",2023,"transportation_state_rnk",NA
"61059","zcta",2023,"transportation_state_rnk",71.1813
"61060","zcta",2023,"transportation_state_rnk",46.8397
"61061","zcta",2023,"transportation_state_rnk",20.7675
"61062","zcta",2023,"transportation_state_rnk",31.7908
"61063","zcta",2023,"transportation_state_rnk",65.839
"61064","zcta",2023,"transportation_state_rnk",61.2491
"61065","zcta",2023,"transportation_state_rnk",54.4018
"61067","zcta",2023,"transportation_state_rnk",63.4312
"61068","zcta",2023,"transportation_state_rnk",64.5222
"61070","zcta",2023,"transportation_state_rnk",37.0203
"61071","zcta",2023,"transportation_state_rnk",36.4184
"61072","zcta",2023,"transportation_state_rnk",51.7306
"61073","zcta",2023,"transportation_state_rnk",45.1467
"61074","zcta",2023,"transportation_state_rnk",65.3875
"61075","zcta",2023,"transportation_state_rnk",31.1889
"61077","zcta",2023,"transportation_state_rnk",0.3762
"61078","zcta",2023,"transportation_state_rnk",58.8036
"61079","zcta",2023,"transportation_state_rnk",71.4071
"61080","zcta",2023,"transportation_state_rnk",54.1761
"61081","zcta",2023,"transportation_state_rnk",69.1497
"61084","zcta",2023,"transportation_state_rnk",28.3296
"61085","zcta",2023,"transportation_state_rnk",61.7381
"61087","zcta",2023,"transportation_state_rnk",16.9676
"61088","zcta",2023,"transportation_state_rnk",27.0128
"61089","zcta",2023,"transportation_state_rnk",37.0203
"61091","zcta",2023,"transportation_state_rnk",NA
"61101","zcta",2023,"transportation_state_rnk",79.6087
"61102","zcta",2023,"transportation_state_rnk",79.4582
"61103","zcta",2023,"transportation_state_rnk",79.8345
"61104","zcta",2023,"transportation_state_rnk",80.5869
"61107","zcta",2023,"transportation_state_rnk",79.1573
"61108","zcta",2023,"transportation_state_rnk",80.2107
"61109","zcta",2023,"transportation_state_rnk",78.9691
"61111","zcta",2023,"transportation_state_rnk",78.5553
"61112","zcta",2023,"transportation_state_rnk",NA
"61114","zcta",2023,"transportation_state_rnk",78.3296
"61115","zcta",2023,"transportation_state_rnk",78.4048
"61201","zcta",2023,"transportation_state_rnk",77.2761
"61230","zcta",2023,"transportation_state_rnk",48.1189
"61231","zcta",2023,"transportation_state_rnk",24.0406
"61232","zcta",2023,"transportation_state_rnk",19.3755
"61233","zcta",2023,"transportation_state_rnk",57.4116
"61234","zcta",2023,"transportation_state_rnk",26.0346
"61235","zcta",2023,"transportation_state_rnk",63.2054
"61236","zcta",2023,"transportation_state_rnk",NA
"61237","zcta",2023,"transportation_state_rnk",NA
"61238","zcta",2023,"transportation_state_rnk",39.7291
"61239","zcta",2023,"transportation_state_rnk",73.2882
"61240","zcta",2023,"transportation_state_rnk",75.8465
"61241","zcta",2023,"transportation_state_rnk",75.9217
"61242","zcta",2023,"transportation_state_rnk",24.7931
"61243","zcta",2023,"transportation_state_rnk",27.2761
"61244","zcta",2023,"transportation_state_rnk",77.7276
"61250","zcta",2023,"transportation_state_rnk",24.4921
"61251","zcta",2023,"transportation_state_rnk",1.5801
"61252","zcta",2023,"transportation_state_rnk",78.7058
"61254","zcta",2023,"transportation_state_rnk",32.4304
"61256","zcta",2023,"transportation_state_rnk",64.7479
"61257","zcta",2023,"transportation_state_rnk",11.851
"61258","zcta",2023,"transportation_state_rnk",27.9533
"61259","zcta",2023,"transportation_state_rnk",3.1603
"61260","zcta",2023,"transportation_state_rnk",66.8172
"61261","zcta",2023,"transportation_state_rnk",58.3521
"61262","zcta",2023,"transportation_state_rnk",5.2295
"61263","zcta",2023,"transportation_state_rnk",47.0278
"61264","zcta",2023,"transportation_state_rnk",76.2227
"61265","zcta",2023,"transportation_state_rnk",76.7494
"61270","zcta",2023,"transportation_state_rnk",82.8442
"61272","zcta",2023,"transportation_state_rnk",33.371
"61273","zcta",2023,"transportation_state_rnk",44.62
"61274","zcta",2023,"transportation_state_rnk",49.4733
"61275","zcta",2023,"transportation_state_rnk",62.152
"61276","zcta",2023,"transportation_state_rnk",NA
"61277","zcta",2023,"transportation_state_rnk",40.9707
"61278","zcta",2023,"transportation_state_rnk",12.1896
"61279","zcta",2023,"transportation_state_rnk",45.7111
"61281","zcta",2023,"transportation_state_rnk",15.6509
"61282","zcta",2023,"transportation_state_rnk",76.3732
"61283","zcta",2023,"transportation_state_rnk",32.9947
"61284","zcta",2023,"transportation_state_rnk",49.4733
"61285","zcta",2023,"transportation_state_rnk",NA
"61301","zcta",2023,"transportation_state_rnk",43.529
"61310","zcta",2023,"transportation_state_rnk",40.4063
"61311","zcta",2023,"transportation_state_rnk",0.9782
"61312","zcta",2023,"transportation_state_rnk",40.4063
"61313","zcta",2023,"transportation_state_rnk",3.0098
"61314","zcta",2023,"transportation_state_rnk",48.9466
"61315","zcta",2023,"transportation_state_rnk",16.9676
"61316","zcta",2023,"transportation_state_rnk",33.6719
"61317","zcta",2023,"transportation_state_rnk",10.8352
"61318","zcta",2023,"transportation_state_rnk",17.833
"61319","zcta",2023,"transportation_state_rnk",31.1889
"61320","zcta",2023,"transportation_state_rnk",9.3303
"61321","zcta",2023,"transportation_state_rnk",3.7998
"61322","zcta",2023,"transportation_state_rnk",29.4959
"61323","zcta",2023,"transportation_state_rnk",20.0527
"61324","zcta",2023,"transportation_state_rnk",0.0752
"61325","zcta",2023,"transportation_state_rnk",15.1994
"61326","zcta",2023,"transportation_state_rnk",64.0331
"61327","zcta",2023,"transportation_state_rnk",28.5929
"61328","zcta",2023,"transportation_state_rnk",NA
"61329","zcta",2023,"transportation_state_rnk",16.7795
"61330","zcta",2023,"transportation_state_rnk",16.9676
"61331","zcta",2023,"transportation_state_rnk",NA
"61332","zcta",2023,"transportation_state_rnk",4.9661
"61333","zcta",2023,"transportation_state_rnk",21.219
"61334","zcta",2023,"transportation_state_rnk",59.067
"61335","zcta",2023,"transportation_state_rnk",12.5658
"61336","zcta",2023,"transportation_state_rnk",9.5937
"61337","zcta",2023,"transportation_state_rnk",28.3296
"61338","zcta",2023,"transportation_state_rnk",11.3995
"61340","zcta",2023,"transportation_state_rnk",21.0309
"61341","zcta",2023,"transportation_state_rnk",21.4823
"61342","zcta",2023,"transportation_state_rnk",37.9233
"61344","zcta",2023,"transportation_state_rnk",29.1573
"61345","zcta",2023,"transportation_state_rnk",20.7675
"61346","zcta",2023,"transportation_state_rnk",NA
"61348","zcta",2023,"transportation_state_rnk",25.3198
"61349","zcta",2023,"transportation_state_rnk",30.1731
"61350","zcta",2023,"transportation_state_rnk",79.5335
"61353","zcta",2023,"transportation_state_rnk",30.5493
"61354","zcta",2023,"transportation_state_rnk",52.5959
"61356","zcta",2023,"transportation_state_rnk",79.7592
"61358","zcta",2023,"transportation_state_rnk",5.2295
"61359","zcta",2023,"transportation_state_rnk",7.7878
"61360","zcta",2023,"transportation_state_rnk",36.1174
"61361","zcta",2023,"transportation_state_rnk",29.8345
"61362","zcta",2023,"transportation_state_rnk",42.1369
"61363","zcta",2023,"transportation_state_rnk",12.5658
"61364","zcta",2023,"transportation_state_rnk",59.9323
"61367","zcta",2023,"transportation_state_rnk",31.5275
"61368","zcta",2023,"transportation_state_rnk",44.9962
"61369","zcta",2023,"transportation_state_rnk",25.5831
"61370","zcta",2023,"transportation_state_rnk",55.38
"61371","zcta",2023,"transportation_state_rnk",NA
"61372","zcta",2023,"transportation_state_rnk",5.0414
"61373","zcta",2023,"transportation_state_rnk",37.246
"61374","zcta",2023,"transportation_state_rnk",NA
"61375","zcta",2023,"transportation_state_rnk",9.9699
"61376","zcta",2023,"transportation_state_rnk",70.0527
"61377","zcta",2023,"transportation_state_rnk",13.3559
"61378","zcta",2023,"transportation_state_rnk",57.1859
"61379","zcta",2023,"transportation_state_rnk",43.9428
"61401","zcta",2023,"transportation_state_rnk",79.9097
"61402","zcta",2023,"transportation_state_rnk",NA
"61410","zcta",2023,"transportation_state_rnk",10.9857
"61411","zcta",2023,"transportation_state_rnk",23.5515
"61412","zcta",2023,"transportation_state_rnk",18.322
"61413","zcta",2023,"transportation_state_rnk",18.1339
"61414","zcta",2023,"transportation_state_rnk",42.9646
"61415","zcta",2023,"transportation_state_rnk",69.6764
"61416","zcta",2023,"transportation_state_rnk",65.0489
"61417","zcta",2023,"transportation_state_rnk",3.386
"61418","zcta",2023,"transportation_state_rnk",25.7713
"61419","zcta",2023,"transportation_state_rnk",69.9774
"61420","zcta",2023,"transportation_state_rnk",61.8886
"61421","zcta",2023,"transportation_state_rnk",39.2024
"61422","zcta",2023,"transportation_state_rnk",61.3995
"61423","zcta",2023,"transportation_state_rnk",3.5741
"61424","zcta",2023,"transportation_state_rnk",NA
"61425","zcta",2023,"transportation_state_rnk",23.8149
"61426","zcta",2023,"transportation_state_rnk",NA
"61427","zcta",2023,"transportation_state_rnk",66.14
"61428","zcta",2023,"transportation_state_rnk",36.7946
"61430","zcta",2023,"transportation_state_rnk",39.4658
"61431","zcta",2023,"transportation_state_rnk",4.2513
"61432","zcta",2023,"transportation_state_rnk",31.7908
"61433","zcta",2023,"transportation_state_rnk",NA
"61434","zcta",2023,"transportation_state_rnk",61.7381
"61435","zcta",2023,"transportation_state_rnk",0.301
"61436","zcta",2023,"transportation_state_rnk",10.5342
"61437","zcta",2023,"transportation_state_rnk",12.0391
"61438","zcta",2023,"transportation_state_rnk",22.611
"61439","zcta",2023,"transportation_state_rnk",4.1384
"61440","zcta",2023,"transportation_state_rnk",24.0406
"61441","zcta",2023,"transportation_state_rnk",19.3755
"61442","zcta",2023,"transportation_state_rnk",47.8179
"61443","zcta",2023,"transportation_state_rnk",57.5621
"61447","zcta",2023,"transportation_state_rnk",31.1889
"61448","zcta",2023,"transportation_state_rnk",18.5854
"61449","zcta",2023,"transportation_state_rnk",63.2054
"61450","zcta",2023,"transportation_state_rnk",50.602
"61451","zcta",2023,"transportation_state_rnk",1.0534
"61452","zcta",2023,"transportation_state_rnk",6.0572
"61453","zcta",2023,"transportation_state_rnk",37.9233
"61454","zcta",2023,"transportation_state_rnk",40.9707
"61455","zcta",2023,"transportation_state_rnk",77.1257
"61458","zcta",2023,"transportation_state_rnk",10.1956
"61459","zcta",2023,"transportation_state_rnk",4.5899
"61460","zcta",2023,"transportation_state_rnk",6.2453
"61462","zcta",2023,"transportation_state_rnk",90.3687
"61465","zcta",2023,"transportation_state_rnk",31.7908
"61466","zcta",2023,"transportation_state_rnk",27.8405
"61467","zcta",2023,"transportation_state_rnk",17.4944
"61468","zcta",2023,"transportation_state_rnk",2.3326
"61469","zcta",2023,"transportation_state_rnk",22.611
"61470","zcta",2023,"transportation_state_rnk",15.9895
"61471","zcta",2023,"transportation_state_rnk",0.8277
"61472","zcta",2023,"transportation_state_rnk",9.1046
"61473","zcta",2023,"transportation_state_rnk",21.3695
"61474","zcta",2023,"transportation_state_rnk",56.6591
"61475","zcta",2023,"transportation_state_rnk",33.9729
"61476","zcta",2023,"transportation_state_rnk",66.0647
"61477","zcta",2023,"transportation_state_rnk",32.4304
"61478","zcta",2023,"transportation_state_rnk",61.2491
"61479","zcta",2023,"transportation_state_rnk",NA
"61480","zcta",2023,"transportation_state_rnk",16.9676
"61482","zcta",2023,"transportation_state_rnk",10.9857
"61483","zcta",2023,"transportation_state_rnk",33.6719
"61484","zcta",2023,"transportation_state_rnk",42.4379
"61485","zcta",2023,"transportation_state_rnk",5.6433
"61486","zcta",2023,"transportation_state_rnk",69.0745
"61488","zcta",2023,"transportation_state_rnk",47.0278
"61489","zcta",2023,"transportation_state_rnk",32.7314
"61490","zcta",2023,"transportation_state_rnk",36.7946
"61491","zcta",2023,"transportation_state_rnk",53.6117
"61501","zcta",2023,"transportation_state_rnk",52.5959
"61516","zcta",2023,"transportation_state_rnk",15.0113
"61517","zcta",2023,"transportation_state_rnk",50.9406
"61519","zcta",2023,"transportation_state_rnk",47.216
"61520","zcta",2023,"transportation_state_rnk",31.1889
"61523","zcta",2023,"transportation_state_rnk",74.4169
"61524","zcta",2023,"transportation_state_rnk",6.3958
"61525","zcta",2023,"transportation_state_rnk",75.0941
"61526","zcta",2023,"transportation_state_rnk",42.1369
"61528","zcta",2023,"transportation_state_rnk",49.8119
"61529","zcta",2023,"transportation_state_rnk",65.6132
"61530","zcta",2023,"transportation_state_rnk",82.2799
"61531","zcta",2023,"transportation_state_rnk",28.3296
"61532","zcta",2023,"transportation_state_rnk",68.6606
"61533","zcta",2023,"transportation_state_rnk",38.9014
"61534","zcta",2023,"transportation_state_rnk",68.4725
"61535","zcta",2023,"transportation_state_rnk",17.6072
"61536","zcta",2023,"transportation_state_rnk",19.7517
"61537","zcta",2023,"transportation_state_rnk",17.833
"61539","zcta",2023,"transportation_state_rnk",3.5741
"61540","zcta",2023,"transportation_state_rnk",14.6727
"61541","zcta",2023,"transportation_state_rnk",17.231
"61542","zcta",2023,"transportation_state_rnk",44.8081
"61543","zcta",2023,"transportation_state_rnk",NA
"61544","zcta",2023,"transportation_state_rnk",21.219
"61545","zcta",2023,"transportation_state_rnk",30.5493
"61546","zcta",2023,"transportation_state_rnk",30.0226
"61547","zcta",2023,"transportation_state_rnk",24.0406
"61548","zcta",2023,"transportation_state_rnk",35.8164
"61550","zcta",2023,"transportation_state_rnk",74.4921
"61552","zcta",2023,"transportation_state_rnk",3.9127
"61553","zcta",2023,"transportation_state_rnk",17.833
"61554","zcta",2023,"transportation_state_rnk",74.7931
"61559","zcta",2023,"transportation_state_rnk",43.6795
"61560","zcta",2023,"transportation_state_rnk",45.5982
"61561","zcta",2023,"transportation_state_rnk",50
"61562","zcta",2023,"transportation_state_rnk",NA
"61563","zcta",2023,"transportation_state_rnk",48.7585
"61564","zcta",2023,"transportation_state_rnk",33.6719
"61565","zcta",2023,"transportation_state_rnk",36.6065
"61567","zcta",2023,"transportation_state_rnk",59.4432
"61568","zcta",2023,"transportation_state_rnk",34.9511
"61569","zcta",2023,"transportation_state_rnk",32.4304
"61570","zcta",2023,"transportation_state_rnk",56.6591
"61571","zcta",2023,"transportation_state_rnk",74.5673
"61572","zcta",2023,"transportation_state_rnk",29.8345
"61602","zcta",2023,"transportation_state_rnk",73.2129
"61603","zcta",2023,"transportation_state_rnk",76.5989
"61604","zcta",2023,"transportation_state_rnk",75.5455
"61605","zcta",2023,"transportation_state_rnk",77.8781
"61606","zcta",2023,"transportation_state_rnk",71.1061
"61607","zcta",2023,"transportation_state_rnk",74.6426
"61610","zcta",2023,"transportation_state_rnk",75.395
"61611","zcta",2023,"transportation_state_rnk",75.3198
"61614","zcta",2023,"transportation_state_rnk",75.2445
"61615","zcta",2023,"transportation_state_rnk",75.0188
"61616","zcta",2023,"transportation_state_rnk",47.0278
"61625","zcta",2023,"transportation_state_rnk",NA
"61701","zcta",2023,"transportation_state_rnk",70.5794
"61704","zcta",2023,"transportation_state_rnk",63.7698
"61705","zcta",2023,"transportation_state_rnk",63.5816
"61720","zcta",2023,"transportation_state_rnk",70.2784
"61721","zcta",2023,"transportation_state_rnk",40.9707
"61722","zcta",2023,"transportation_state_rnk",6.5463
"61723","zcta",2023,"transportation_state_rnk",61.0609
"61724","zcta",2023,"transportation_state_rnk",19.7517
"61725","zcta",2023,"transportation_state_rnk",48.608
"61726","zcta",2023,"transportation_state_rnk",61.55
"61727","zcta",2023,"transportation_state_rnk",42.626
"61728","zcta",2023,"transportation_state_rnk",37.7728
"61729","zcta",2023,"transportation_state_rnk",67.4944
"61730","zcta",2023,"transportation_state_rnk",32.0166
"61731","zcta",2023,"transportation_state_rnk",72.9872
"61732","zcta",2023,"transportation_state_rnk",60.2333
"61733","zcta",2023,"transportation_state_rnk",34.5749
"61734","zcta",2023,"transportation_state_rnk",64.6351
"61735","zcta",2023,"transportation_state_rnk",3.988
"61736","zcta",2023,"transportation_state_rnk",56.3958
"61737","zcta",2023,"transportation_state_rnk",40.4063
"61738","zcta",2023,"transportation_state_rnk",54.8157
"61739","zcta",2023,"transportation_state_rnk",61.55
"61740","zcta",2023,"transportation_state_rnk",42.1369
"61741","zcta",2023,"transportation_state_rnk",19.1497
"61742","zcta",2023,"transportation_state_rnk",59.5937
"61743","zcta",2023,"transportation_state_rnk",67.7953
"61744","zcta",2023,"transportation_state_rnk",42.9646
"61745","zcta",2023,"transportation_state_rnk",31.5275
"61747","zcta",2023,"transportation_state_rnk",42.4379
"61748","zcta",2023,"transportation_state_rnk",43.9428
"61749","zcta",2023,"transportation_state_rnk",40.1806
"61750","zcta",2023,"transportation_state_rnk",0
"61751","zcta",2023,"transportation_state_rnk",NA
"61752","zcta",2023,"transportation_state_rnk",53.7246
"61753","zcta",2023,"transportation_state_rnk",62.3777
"61754","zcta",2023,"transportation_state_rnk",63.4312
"61755","zcta",2023,"transportation_state_rnk",32.9947
"61756","zcta",2023,"transportation_state_rnk",45.8616
"61759","zcta",2023,"transportation_state_rnk",30.8503
"61760","zcta",2023,"transportation_state_rnk",44.319
"61761","zcta",2023,"transportation_state_rnk",67.6825
"61764","zcta",2023,"transportation_state_rnk",57.8631
"61769","zcta",2023,"transportation_state_rnk",28.3296
"61770","zcta",2023,"transportation_state_rnk",65.0489
"61771","zcta",2023,"transportation_state_rnk",15.1994
"61772","zcta",2023,"transportation_state_rnk",1.1287
"61773","zcta",2023,"transportation_state_rnk",67.1181
"61774","zcta",2023,"transportation_state_rnk",52.5959
"61775","zcta",2023,"transportation_state_rnk",14.8984
"61776","zcta",2023,"transportation_state_rnk",32.1294
"61777","zcta",2023,"transportation_state_rnk",55.6057
"61778","zcta",2023,"transportation_state_rnk",30.1731
"61801","zcta",2023,"transportation_state_rnk",81.3394
"61802","zcta",2023,"transportation_state_rnk",77.3514
"61810","zcta",2023,"transportation_state_rnk",13.6193
"61811","zcta",2023,"transportation_state_rnk",16.629
"61812","zcta",2023,"transportation_state_rnk",5.8691
"61813","zcta",2023,"transportation_state_rnk",74.2664
"61814","zcta",2023,"transportation_state_rnk",21.8209
"61815","zcta",2023,"transportation_state_rnk",7.9759
"61816","zcta",2023,"transportation_state_rnk",18.4725
"61817","zcta",2023,"transportation_state_rnk",38.5628
"61818","zcta",2023,"transportation_state_rnk",25.5831
"61820","zcta",2023,"transportation_state_rnk",81.5651
"61821","zcta",2023,"transportation_state_rnk",77.5771
"61822","zcta",2023,"transportation_state_rnk",66.3657
"61830","zcta",2023,"transportation_state_rnk",68.0211
"61831","zcta",2023,"transportation_state_rnk",42.1369
"61832","zcta",2023,"transportation_state_rnk",78.9691
"61833","zcta",2023,"transportation_state_rnk",13.9955
"61834","zcta",2023,"transportation_state_rnk",43.9428
"61839","zcta",2023,"transportation_state_rnk",50.1881
"61840","zcta",2023,"transportation_state_rnk",2.2573
"61841","zcta",2023,"transportation_state_rnk",52.5959
"61842","zcta",2023,"transportation_state_rnk",20.5418
"61843","zcta",2023,"transportation_state_rnk",36.4184
"61844","zcta",2023,"transportation_state_rnk",24.2664
"61845","zcta",2023,"transportation_state_rnk",25.0188
"61846","zcta",2023,"transportation_state_rnk",78.8563
"61847","zcta",2023,"transportation_state_rnk",46.6516
"61848","zcta",2023,"transportation_state_rnk",45.8616
"61849","zcta",2023,"transportation_state_rnk",49.2099
"61850","zcta",2023,"transportation_state_rnk",7.9759
"61851","zcta",2023,"transportation_state_rnk",69.9022
"61852","zcta",2023,"transportation_state_rnk",2.5583
"61853","zcta",2023,"transportation_state_rnk",35.8164
"61854","zcta",2023,"transportation_state_rnk",54.1761
"61855","zcta",2023,"transportation_state_rnk",NA
"61856","zcta",2023,"transportation_state_rnk",81.1889
"61857","zcta",2023,"transportation_state_rnk",0.9029
"61858","zcta",2023,"transportation_state_rnk",34.1986
"61859","zcta",2023,"transportation_state_rnk",28.9315
"61862","zcta",2023,"transportation_state_rnk",11.5124
"61863","zcta",2023,"transportation_state_rnk",23.0248
"61864","zcta",2023,"transportation_state_rnk",15.6509
"61865","zcta",2023,"transportation_state_rnk",51.2792
"61866","zcta",2023,"transportation_state_rnk",66.6667
"61870","zcta",2023,"transportation_state_rnk",55.38
"61871","zcta",2023,"transportation_state_rnk",38.5628
"61872","zcta",2023,"transportation_state_rnk",36.6065
"61873","zcta",2023,"transportation_state_rnk",28.3296
"61874","zcta",2023,"transportation_state_rnk",58.9917
"61875","zcta",2023,"transportation_state_rnk",41.535
"61876","zcta",2023,"transportation_state_rnk",6.5463
"61877","zcta",2023,"transportation_state_rnk",58.5026
"61878","zcta",2023,"transportation_state_rnk",40.5944
"61880","zcta",2023,"transportation_state_rnk",25.5831
"61882","zcta",2023,"transportation_state_rnk",39.9549
"61883","zcta",2023,"transportation_state_rnk",19.0369
"61884","zcta",2023,"transportation_state_rnk",23.5515
"61910","zcta",2023,"transportation_state_rnk",72.5357
"61911","zcta",2023,"transportation_state_rnk",73.8149
"61912","zcta",2023,"transportation_state_rnk",67.8706
"61913","zcta",2023,"transportation_state_rnk",43.9428
"61914","zcta",2023,"transportation_state_rnk",26.8247
"61917","zcta",2023,"transportation_state_rnk",18.322
"61919","zcta",2023,"transportation_state_rnk",19.7517
"61920","zcta",2023,"transportation_state_rnk",80.1354
"61924","zcta",2023,"transportation_state_rnk",66.2152
"61925","zcta",2023,"transportation_state_rnk",27.2761
"61928","zcta",2023,"transportation_state_rnk",5.1166
"61929","zcta",2023,"transportation_state_rnk",12.0391
"61930","zcta",2023,"transportation_state_rnk",16.629
"61931","zcta",2023,"transportation_state_rnk",61.2491
"61932","zcta",2023,"transportation_state_rnk",25.7713
"61933","zcta",2023,"transportation_state_rnk",37.3965
"61936","zcta",2023,"transportation_state_rnk",0.2257
"61937","zcta",2023,"transportation_state_rnk",49.6614
"61938","zcta",2023,"transportation_state_rnk",47.4417
"61940","zcta",2023,"transportation_state_rnk",17.833
"61941","zcta",2023,"transportation_state_rnk",0.5267
"61942","zcta",2023,"transportation_state_rnk",41.7983
"61943","zcta",2023,"transportation_state_rnk",71.3318
"61944","zcta",2023,"transportation_state_rnk",32.2047
"61949","zcta",2023,"transportation_state_rnk",31.7908
"61951","zcta",2023,"transportation_state_rnk",72.0843
"61953","zcta",2023,"transportation_state_rnk",55.7562
"61955","zcta",2023,"transportation_state_rnk",28.3296
"61956","zcta",2023,"transportation_state_rnk",28.9315
"61957","zcta",2023,"transportation_state_rnk",33.2205
"62001","zcta",2023,"transportation_state_rnk",23.5515
"62002","zcta",2023,"transportation_state_rnk",67.1934
"62006","zcta",2023,"transportation_state_rnk",22.912
"62009","zcta",2023,"transportation_state_rnk",14.5222
"62010","zcta",2023,"transportation_state_rnk",47.216
"62011","zcta",2023,"transportation_state_rnk",36.1174
"62012","zcta",2023,"transportation_state_rnk",34.9511
"62013","zcta",2023,"transportation_state_rnk",9.5937
"62014","zcta",2023,"transportation_state_rnk",15.6509
"62015","zcta",2023,"transportation_state_rnk",5.4176
"62016","zcta",2023,"transportation_state_rnk",56.3958
"62017","zcta",2023,"transportation_state_rnk",12.4153
"62018","zcta",2023,"transportation_state_rnk",39.7291
"62019","zcta",2023,"transportation_state_rnk",23.1001
"62021","zcta",2023,"transportation_state_rnk",23.2506
"62022","zcta",2023,"transportation_state_rnk",43.228
"62023","zcta",2023,"transportation_state_rnk",65.3123
"62024","zcta",2023,"transportation_state_rnk",45.7111
"62025","zcta",2023,"transportation_state_rnk",76.8999
"62026","zcta",2023,"transportation_state_rnk",NA
"62027","zcta",2023,"transportation_state_rnk",4.3642
"62028","zcta",2023,"transportation_state_rnk",NA
"62030","zcta",2023,"transportation_state_rnk",0.4515
"62031","zcta",2023,"transportation_state_rnk",16.629
"62032","zcta",2023,"transportation_state_rnk",66.4409
"62033","zcta",2023,"transportation_state_rnk",21.4823
"62034","zcta",2023,"transportation_state_rnk",56.8849
"62035","zcta",2023,"transportation_state_rnk",43.228
"62036","zcta",2023,"transportation_state_rnk",18.1339
"62037","zcta",2023,"transportation_state_rnk",49.0594
"62040","zcta",2023,"transportation_state_rnk",77.0504
"62044","zcta",2023,"transportation_state_rnk",53.988
"62045","zcta",2023,"transportation_state_rnk",5.5681
"62046","zcta",2023,"transportation_state_rnk",57.9383
"62047","zcta",2023,"transportation_state_rnk",53.1603
"62048","zcta",2023,"transportation_state_rnk",70.7299
"62049","zcta",2023,"transportation_state_rnk",49.2099
"62050","zcta",2023,"transportation_state_rnk",72.31
"62051","zcta",2023,"transportation_state_rnk",30.3236
"62052","zcta",2023,"transportation_state_rnk",82.3928
"62053","zcta",2023,"transportation_state_rnk",12.5658
"62054","zcta",2023,"transportation_state_rnk",26.298
"62056","zcta",2023,"transportation_state_rnk",54.8157
"62058","zcta",2023,"transportation_state_rnk",12.3025
"62059","zcta",2023,"transportation_state_rnk",73.0625
"62060","zcta",2023,"transportation_state_rnk",32.0166
"62061","zcta",2023,"transportation_state_rnk",68.2844
"62062","zcta",2023,"transportation_state_rnk",58.0135
"62063","zcta",2023,"transportation_state_rnk",70.2032
"62067","zcta",2023,"transportation_state_rnk",19.7517
"62069","zcta",2023,"transportation_state_rnk",7.1106
"62074","zcta",2023,"transportation_state_rnk",40.1806
"62075","zcta",2023,"transportation_state_rnk",65.7637
"62076","zcta",2023,"transportation_state_rnk",NA
"62077","zcta",2023,"transportation_state_rnk",62.453
"62078","zcta",2023,"transportation_state_rnk",NA
"62079","zcta",2023,"transportation_state_rnk",63.8826
"62080","zcta",2023,"transportation_state_rnk",21.6328
"62081","zcta",2023,"transportation_state_rnk",1.4296
"62082","zcta",2023,"transportation_state_rnk",39.4658
"62083","zcta",2023,"transportation_state_rnk",9.5937
"62084","zcta",2023,"transportation_state_rnk",20.5418
"62085","zcta",2023,"transportation_state_rnk",3.4612
"62086","zcta",2023,"transportation_state_rnk",6.0572
"62087","zcta",2023,"transportation_state_rnk",46.1625
"62088","zcta",2023,"transportation_state_rnk",22.31
"62089","zcta",2023,"transportation_state_rnk",16.2904
"62090","zcta",2023,"transportation_state_rnk",68.924
"62091","zcta",2023,"transportation_state_rnk",2.4831
"62092","zcta",2023,"transportation_state_rnk",39.9549
"62093","zcta",2023,"transportation_state_rnk",23.2506
"62094","zcta",2023,"transportation_state_rnk",56.1701
"62095","zcta",2023,"transportation_state_rnk",39.4658
"62097","zcta",2023,"transportation_state_rnk",32.9947
"62098","zcta",2023,"transportation_state_rnk",NA
"62201","zcta",2023,"transportation_state_rnk",70.6546
"62203","zcta",2023,"transportation_state_rnk",77.6524
"62204","zcta",2023,"transportation_state_rnk",78.2543
"62205","zcta",2023,"transportation_state_rnk",81.0384
"62206","zcta",2023,"transportation_state_rnk",79.3078
"62207","zcta",2023,"transportation_state_rnk",78.1038
"62208","zcta",2023,"transportation_state_rnk",76.9752
"62214","zcta",2023,"transportation_state_rnk",24.4921
"62215","zcta",2023,"transportation_state_rnk",54.8157
"62216","zcta",2023,"transportation_state_rnk",47.8179
"62217","zcta",2023,"transportation_state_rnk",35.2144
"62218","zcta",2023,"transportation_state_rnk",55.9067
"62219","zcta",2023,"transportation_state_rnk",20.918
"62220","zcta",2023,"transportation_state_rnk",78.4801
"62221","zcta",2023,"transportation_state_rnk",77.9533
"62223","zcta",2023,"transportation_state_rnk",77.8029
"62225","zcta",2023,"transportation_state_rnk",58.1264
"62226","zcta",2023,"transportation_state_rnk",78.0286
"62230","zcta",2023,"transportation_state_rnk",43.4161
"62231","zcta",2023,"transportation_state_rnk",46.3883
"62232","zcta",2023,"transportation_state_rnk",58.9165
"62233","zcta",2023,"transportation_state_rnk",NA
"62234","zcta",2023,"transportation_state_rnk",77.4643
"62236","zcta",2023,"transportation_state_rnk",24.4921
"62237","zcta",2023,"transportation_state_rnk",13.7321
"62238","zcta",2023,"transportation_state_rnk",9.0293
"62239","zcta",2023,"transportation_state_rnk",76.5237
"62240","zcta",2023,"transportation_state_rnk",13.5064
"62241","zcta",2023,"transportation_state_rnk",7.7878
"62242","zcta",2023,"transportation_state_rnk",41.7983
"62243","zcta",2023,"transportation_state_rnk",56.3958
"62244","zcta",2023,"transportation_state_rnk",27.2761
"62245","zcta",2023,"transportation_state_rnk",39.2024
"62246","zcta",2023,"transportation_state_rnk",83.2205
"62248","zcta",2023,"transportation_state_rnk",8.3521
"62249","zcta",2023,"transportation_state_rnk",46.012
"62250","zcta",2023,"transportation_state_rnk",5.7186
"62253","zcta",2023,"transportation_state_rnk",12.3025
"62254","zcta",2023,"transportation_state_rnk",64.0331
"62255","zcta",2023,"transportation_state_rnk",22.009
"62256","zcta",2023,"transportation_state_rnk",NA
"62257","zcta",2023,"transportation_state_rnk",70.5041
"62258","zcta",2023,"transportation_state_rnk",61.55
"62260","zcta",2023,"transportation_state_rnk",36.1174
"62261","zcta",2023,"transportation_state_rnk",NA
"62262","zcta",2023,"transportation_state_rnk",50.8277
"62263","zcta",2023,"transportation_state_rnk",35.6659
"62264","zcta",2023,"transportation_state_rnk",34.5749
"62265","zcta",2023,"transportation_state_rnk",72.912
"62266","zcta",2023,"transportation_state_rnk",NA
"62268","zcta",2023,"transportation_state_rnk",32.4304
"62269","zcta",2023,"transportation_state_rnk",76.8247
"62271","zcta",2023,"transportation_state_rnk",64.8608
"62272","zcta",2023,"transportation_state_rnk",29.3078
"62273","zcta",2023,"transportation_state_rnk",4.778
"62274","zcta",2023,"transportation_state_rnk",10.6847
"62275","zcta",2023,"transportation_state_rnk",43.6795
"62277","zcta",2023,"transportation_state_rnk",21.8962
"62278","zcta",2023,"transportation_state_rnk",70.9932
"62279","zcta",2023,"transportation_state_rnk",NA
"62280","zcta",2023,"transportation_state_rnk",7.5997
"62281","zcta",2023,"transportation_state_rnk",11.3995
"62282","zcta",2023,"transportation_state_rnk",20.2032
"62284","zcta",2023,"transportation_state_rnk",45.3348
"62285","zcta",2023,"transportation_state_rnk",27.6524
"62286","zcta",2023,"transportation_state_rnk",81.9413
"62288","zcta",2023,"transportation_state_rnk",9.5937
"62289","zcta",2023,"transportation_state_rnk",34.1986
"62292","zcta",2023,"transportation_state_rnk",54.3266
"62293","zcta",2023,"transportation_state_rnk",32.7314
"62294","zcta",2023,"transportation_state_rnk",76.298
"62295","zcta",2023,"transportation_state_rnk",26.8247
"62297","zcta",2023,"transportation_state_rnk",37.246
"62298","zcta",2023,"transportation_state_rnk",52.9722
"62301","zcta",2023,"transportation_state_rnk",80.5117
"62305","zcta",2023,"transportation_state_rnk",79.684
"62311","zcta",2023,"transportation_state_rnk",34.9511
"62312","zcta",2023,"transportation_state_rnk",70.8804
"62313","zcta",2023,"transportation_state_rnk",6.2453
"62314","zcta",2023,"transportation_state_rnk",4.5147
"62316","zcta",2023,"transportation_state_rnk",36.4184
"62319","zcta",2023,"transportation_state_rnk",34.5749
"62320","zcta",2023,"transportation_state_rnk",64.2965
"62321","zcta",2023,"transportation_state_rnk",34.9511
"62323","zcta",2023,"transportation_state_rnk",2.1068
"62324","zcta",2023,"transportation_state_rnk",36.7946
"62325","zcta",2023,"transportation_state_rnk",6.5463
"62326","zcta",2023,"transportation_state_rnk",67.3439
"62330","zcta",2023,"transportation_state_rnk",29.1573
"62334","zcta",2023,"transportation_state_rnk",10.3837
"62336","zcta",2023,"transportation_state_rnk",NA
"62338","zcta",2023,"transportation_state_rnk",14.1836
"62339","zcta",2023,"transportation_state_rnk",15.0113
"62340","zcta",2023,"transportation_state_rnk",55.1166
"62341","zcta",2023,"transportation_state_rnk",45.4853
"62343","zcta",2023,"transportation_state_rnk",58.5026
"62344","zcta",2023,"transportation_state_rnk",NA
"62345","zcta",2023,"transportation_state_rnk",68.3973
"62346","zcta",2023,"transportation_state_rnk",0.7524
"62347","zcta",2023,"transportation_state_rnk",16.4786
"62348","zcta",2023,"transportation_state_rnk",13.9955
"62349","zcta",2023,"transportation_state_rnk",47.8179
"62351","zcta",2023,"transportation_state_rnk",15.9895
"62352","zcta",2023,"transportation_state_rnk",4.4394
"62353","zcta",2023,"transportation_state_rnk",NA
"62354","zcta",2023,"transportation_state_rnk",63.7698
"62355","zcta",2023,"transportation_state_rnk",57.7878
"62356","zcta",2023,"transportation_state_rnk",43.9428
"62357","zcta",2023,"transportation_state_rnk",70.4289
"62358","zcta",2023,"transportation_state_rnk",63.0549
"62359","zcta",2023,"transportation_state_rnk",NA
"62360","zcta",2023,"transportation_state_rnk",11.1738
"62361","zcta",2023,"transportation_state_rnk",4.6652
"62362","zcta",2023,"transportation_state_rnk",52.5959
"62363","zcta",2023,"transportation_state_rnk",23.8149
"62365","zcta",2023,"transportation_state_rnk",39.7291
"62366","zcta",2023,"transportation_state_rnk",56.0572
"62367","zcta",2023,"transportation_state_rnk",62.9797
"62370","zcta",2023,"transportation_state_rnk",68.8488
"62373","zcta",2023,"transportation_state_rnk",3.7998
"62374","zcta",2023,"transportation_state_rnk",38.5628
"62375","zcta",2023,"transportation_state_rnk",29.4959
"62376","zcta",2023,"transportation_state_rnk",30.8503
"62378","zcta",2023,"transportation_state_rnk",14.6727
"62379","zcta",2023,"transportation_state_rnk",50
"62380","zcta",2023,"transportation_state_rnk",47.8179
"62401","zcta",2023,"transportation_state_rnk",82.468
"62410","zcta",2023,"transportation_state_rnk",46.6516
"62411","zcta",2023,"transportation_state_rnk",63.6569
"62413","zcta",2023,"transportation_state_rnk",7.5245
"62414","zcta",2023,"transportation_state_rnk",33.9729
"62417","zcta",2023,"transportation_state_rnk",51.7306
"62418","zcta",2023,"transportation_state_rnk",48.4575
"62419","zcta",2023,"transportation_state_rnk",25.1317
"62420","zcta",2023,"transportation_state_rnk",60.4214
"62421","zcta",2023,"transportation_state_rnk",10.1956
"62422","zcta",2023,"transportation_state_rnk",8.2769
"62423","zcta",2023,"transportation_state_rnk",2.6336
"62424","zcta",2023,"transportation_state_rnk",35.8164
"62425","zcta",2023,"transportation_state_rnk",38.1866
"62426","zcta",2023,"transportation_state_rnk",38.5628
"62427","zcta",2023,"transportation_state_rnk",59.7442
"62428","zcta",2023,"transportation_state_rnk",38.1866
"62431","zcta",2023,"transportation_state_rnk",37.547
"62432","zcta",2023,"transportation_state_rnk",3.2731
"62433","zcta",2023,"transportation_state_rnk",8.7284
"62434","zcta",2023,"transportation_state_rnk",2.784
"62436","zcta",2023,"transportation_state_rnk",9.7818
"62438","zcta",2023,"transportation_state_rnk",6.2453
"62439","zcta",2023,"transportation_state_rnk",39.4658
"62440","zcta",2023,"transportation_state_rnk",35.3273
"62441","zcta",2023,"transportation_state_rnk",41.7983
"62442","zcta",2023,"transportation_state_rnk",35.5154
"62443","zcta",2023,"transportation_state_rnk",29.4959
"62444","zcta",2023,"transportation_state_rnk",29.3078
"62445","zcta",2023,"transportation_state_rnk",10.76
"62446","zcta",2023,"transportation_state_rnk",2.9345
"62447","zcta",2023,"transportation_state_rnk",62.0767
"62448","zcta",2023,"transportation_state_rnk",42.7765
"62449","zcta",2023,"transportation_state_rnk",28.0662
"62450","zcta",2023,"transportation_state_rnk",47.4417
"62451","zcta",2023,"transportation_state_rnk",74.1159
"62452","zcta",2023,"transportation_state_rnk",8.8789
"62454","zcta",2023,"transportation_state_rnk",24.7931
"62458","zcta",2023,"transportation_state_rnk",50.4891
"62459","zcta",2023,"transportation_state_rnk",45.4853
"62460","zcta",2023,"transportation_state_rnk",68.6606
"62461","zcta",2023,"transportation_state_rnk",53.4236
"62462","zcta",2023,"transportation_state_rnk",15.8014
"62463","zcta",2023,"transportation_state_rnk",53.988
"62464","zcta",2023,"transportation_state_rnk",1.2039
"62465","zcta",2023,"transportation_state_rnk",12.9044
"62466","zcta",2023,"transportation_state_rnk",NA
"62467","zcta",2023,"transportation_state_rnk",76.1475
"62468","zcta",2023,"transportation_state_rnk",50.7148
"62469","zcta",2023,"transportation_state_rnk",62.5282
"62471","zcta",2023,"transportation_state_rnk",54.6275
"62473","zcta",2023,"transportation_state_rnk",44.2062
"62474","zcta",2023,"transportation_state_rnk",8.465
"62475","zcta",2023,"transportation_state_rnk",8.465
"62476","zcta",2023,"transportation_state_rnk",31.1889
"62477","zcta",2023,"transportation_state_rnk",51.2792
"62478","zcta",2023,"transportation_state_rnk",1.6554
"62479","zcta",2023,"transportation_state_rnk",48.9466
"62480","zcta",2023,"transportation_state_rnk",5.3424
"62481","zcta",2023,"transportation_state_rnk",1.9564
"62501","zcta",2023,"transportation_state_rnk",46.3883
"62510","zcta",2023,"transportation_state_rnk",69.526
"62512","zcta",2023,"transportation_state_rnk",8.164
"62513","zcta",2023,"transportation_state_rnk",46.3883
"62514","zcta",2023,"transportation_state_rnk",1.8059
"62515","zcta",2023,"transportation_state_rnk",60.8352
"62517","zcta",2023,"transportation_state_rnk",19.1497
"62518","zcta",2023,"transportation_state_rnk",2.4078
"62519","zcta",2023,"transportation_state_rnk",NA
"62520","zcta",2023,"transportation_state_rnk",41.7983
"62521","zcta",2023,"transportation_state_rnk",73.8901
"62522","zcta",2023,"transportation_state_rnk",74.0406
"62523","zcta",2023,"transportation_state_rnk",NA
"62526","zcta",2023,"transportation_state_rnk",73.7397
"62530","zcta",2023,"transportation_state_rnk",60.8352
"62531","zcta",2023,"transportation_state_rnk",27.2761
"62532","zcta",2023,"transportation_state_rnk",NA
"62533","zcta",2023,"transportation_state_rnk",48.1189
"62534","zcta",2023,"transportation_state_rnk",26.298
"62535","zcta",2023,"transportation_state_rnk",26.298
"62536","zcta",2023,"transportation_state_rnk",22.611
"62537","zcta",2023,"transportation_state_rnk",3.085
"62538","zcta",2023,"transportation_state_rnk",8.6155
"62539","zcta",2023,"transportation_state_rnk",35.5154
"62540","zcta",2023,"transportation_state_rnk",23.2506
"62541","zcta",2023,"transportation_state_rnk",NA
"62543","zcta",2023,"transportation_state_rnk",67.9458
"62544","zcta",2023,"transportation_state_rnk",21.6328
"62545","zcta",2023,"transportation_state_rnk",25.8841
"62546","zcta",2023,"transportation_state_rnk",24.4921
"62547","zcta",2023,"transportation_state_rnk",62.754
"62548","zcta",2023,"transportation_state_rnk",61.0609
"62549","zcta",2023,"transportation_state_rnk",73.5515
"62550","zcta",2023,"transportation_state_rnk",26.7118
"62551","zcta",2023,"transportation_state_rnk",46.3883
"62553","zcta",2023,"transportation_state_rnk",57.4116
"62554","zcta",2023,"transportation_state_rnk",13.9955
"62555","zcta",2023,"transportation_state_rnk",18.8111
"62556","zcta",2023,"transportation_state_rnk",11.2867
"62557","zcta",2023,"transportation_state_rnk",69.8269
"62558","zcta",2023,"transportation_state_rnk",33.4838
"62560","zcta",2023,"transportation_state_rnk",73.4387
"62561","zcta",2023,"transportation_state_rnk",27.6524
"62563","zcta",2023,"transportation_state_rnk",47.3288
"62565","zcta",2023,"transportation_state_rnk",82.167
"62567","zcta",2023,"transportation_state_rnk",21.0309
"62568","zcta",2023,"transportation_state_rnk",22.009
"62570","zcta",2023,"transportation_state_rnk",13.2054
"62571","zcta",2023,"transportation_state_rnk",11.6629
"62572","zcta",2023,"transportation_state_rnk",67.6825
"62573","zcta",2023,"transportation_state_rnk",10.6095
"62601","zcta",2023,"transportation_state_rnk",41.535
"62610","zcta",2023,"transportation_state_rnk",40.9707
"62611","zcta",2023,"transportation_state_rnk",54.8157
"62612","zcta",2023,"transportation_state_rnk",58.8036
"62613","zcta",2023,"transportation_state_rnk",24.7931
"62615","zcta",2023,"transportation_state_rnk",41.3469
"62617","zcta",2023,"transportation_state_rnk",59.8194
"62618","zcta",2023,"transportation_state_rnk",50.1881
"62621","zcta",2023,"transportation_state_rnk",20.3536
"62622","zcta",2023,"transportation_state_rnk",NA
"62624","zcta",2023,"transportation_state_rnk",2.0316
"62625","zcta",2023,"transportation_state_rnk",15.9895
"62626","zcta",2023,"transportation_state_rnk",81.8661
"62627","zcta",2023,"transportation_state_rnk",53.8375
"62628","zcta",2023,"transportation_state_rnk",28.9315
"62629","zcta",2023,"transportation_state_rnk",80.0602
"62630","zcta",2023,"transportation_state_rnk",46.8397
"62631","zcta",2023,"transportation_state_rnk",2.1821
"62633","zcta",2023,"transportation_state_rnk",7.9759
"62634","zcta",2023,"transportation_state_rnk",53.8375
"62635","zcta",2023,"transportation_state_rnk",26.5613
"62638","zcta",2023,"transportation_state_rnk",20.5418
"62639","zcta",2023,"transportation_state_rnk",3.687
"62640","zcta",2023,"transportation_state_rnk",37.6599
"62642","zcta",2023,"transportation_state_rnk",19.7517
"62643","zcta",2023,"transportation_state_rnk",45.3348
"62644","zcta",2023,"transportation_state_rnk",38.5628
"62649","zcta",2023,"transportation_state_rnk",64.5222
"62650","zcta",2023,"transportation_state_rnk",83.5967
"62655","zcta",2023,"transportation_state_rnk",50.602
"62656","zcta",2023,"transportation_state_rnk",82.9195
"62661","zcta",2023,"transportation_state_rnk",25.0188
"62663","zcta",2023,"transportation_state_rnk",32.9947
"62664","zcta",2023,"transportation_state_rnk",35.5154
"62665","zcta",2023,"transportation_state_rnk",22.4229
"62666","zcta",2023,"transportation_state_rnk",22.1595
"62667","zcta",2023,"transportation_state_rnk",67.0429
"62668","zcta",2023,"transportation_state_rnk",55.1166
"62670","zcta",2023,"transportation_state_rnk",58.1264
"62671","zcta",2023,"transportation_state_rnk",13.0549
"62672","zcta",2023,"transportation_state_rnk",0.602
"62673","zcta",2023,"transportation_state_rnk",46.1625
"62674","zcta",2023,"transportation_state_rnk",52.0316
"62675","zcta",2023,"transportation_state_rnk",45.1467
"62677","zcta",2023,"transportation_state_rnk",38.1866
"62681","zcta",2023,"transportation_state_rnk",44.8081
"62682","zcta",2023,"transportation_state_rnk",8.6155
"62684","zcta",2023,"transportation_state_rnk",27.0128
"62685","zcta",2023,"transportation_state_rnk",12.9044
"62688","zcta",2023,"transportation_state_rnk",39.0519
"62689","zcta",2023,"transportation_state_rnk",64.0331
"62690","zcta",2023,"transportation_state_rnk",67.4191
"62691","zcta",2023,"transportation_state_rnk",13.0549
"62692","zcta",2023,"transportation_state_rnk",62.2272
"62693","zcta",2023,"transportation_state_rnk",42.1369
"62694","zcta",2023,"transportation_state_rnk",26.0346
"62695","zcta",2023,"transportation_state_rnk",7.3363
"62701","zcta",2023,"transportation_state_rnk",73.6644
"62702","zcta",2023,"transportation_state_rnk",80.7374
"62703","zcta",2023,"transportation_state_rnk",82.2799
"62704","zcta",2023,"transportation_state_rnk",80.8879
"62706","zcta",2023,"transportation_state_rnk",NA
"62707","zcta",2023,"transportation_state_rnk",36.1174
"62711","zcta",2023,"transportation_state_rnk",30.1731
"62712","zcta",2023,"transportation_state_rnk",18.8111
"62801","zcta",2023,"transportation_state_rnk",79.082
"62803","zcta",2023,"transportation_state_rnk",11.851
"62806","zcta",2023,"transportation_state_rnk",60.6471
"62807","zcta",2023,"transportation_state_rnk",34.5749
"62808","zcta",2023,"transportation_state_rnk",25.3198
"62809","zcta",2023,"transportation_state_rnk",2.7088
"62810","zcta",2023,"transportation_state_rnk",68.7735
"62811","zcta",2023,"transportation_state_rnk",9.9699
"62812","zcta",2023,"transportation_state_rnk",58.2393
"62814","zcta",2023,"transportation_state_rnk",18.4725
"62815","zcta",2023,"transportation_state_rnk",68.1339
"62816","zcta",2023,"transportation_state_rnk",27.6524
"62817","zcta",2023,"transportation_state_rnk",4.778
"62818","zcta",2023,"transportation_state_rnk",11.6629
"62819","zcta",2023,"transportation_state_rnk",38.1866
"62820","zcta",2023,"transportation_state_rnk",4.2513
"62821","zcta",2023,"transportation_state_rnk",52.5959
"62822","zcta",2023,"transportation_state_rnk",43.529
"62823","zcta",2023,"transportation_state_rnk",53.3108
"62824","zcta",2023,"transportation_state_rnk",22.611
"62825","zcta",2023,"transportation_state_rnk",4.8909
"62827","zcta",2023,"transportation_state_rnk",49.4733
"62828","zcta",2023,"transportation_state_rnk",25.3198
"62829","zcta",2023,"transportation_state_rnk",0.6772
"62830","zcta",2023,"transportation_state_rnk",20.0527
"62831","zcta",2023,"transportation_state_rnk",15.4251
"62832","zcta",2023,"transportation_state_rnk",55.9067
"62833","zcta",2023,"transportation_state_rnk",32.7314
"62835","zcta",2023,"transportation_state_rnk",47.8179
"62836","zcta",2023,"transportation_state_rnk",15.1994
"62837","zcta",2023,"transportation_state_rnk",48.7585
"62838","zcta",2023,"transportation_state_rnk",32.4304
"62839","zcta",2023,"transportation_state_rnk",14.8232
"62841","zcta",2023,"transportation_state_rnk",1.3544
"62842","zcta",2023,"transportation_state_rnk",29.8345
"62843","zcta",2023,"transportation_state_rnk",NA
"62844","zcta",2023,"transportation_state_rnk",66.7419
"62846","zcta",2023,"transportation_state_rnk",NA
"62848","zcta",2023,"transportation_state_rnk",14.4093
"62849","zcta",2023,"transportation_state_rnk",17.833
"62850","zcta",2023,"transportation_state_rnk",72.8367
"62851","zcta",2023,"transportation_state_rnk",15.4251
"62852","zcta",2023,"transportation_state_rnk",39.9549
"62853","zcta",2023,"transportation_state_rnk",19.7517
"62854","zcta",2023,"transportation_state_rnk",34.9511
"62856","zcta",2023,"transportation_state_rnk",33.6719
"62858","zcta",2023,"transportation_state_rnk",37.246
"62859","zcta",2023,"transportation_state_rnk",37.0203
"62860","zcta",2023,"transportation_state_rnk",59.5937
"62861","zcta",2023,"transportation_state_rnk",8.8789
"62862","zcta",2023,"transportation_state_rnk",9.1798
"62863","zcta",2023,"transportation_state_rnk",69.3002
"62864","zcta",2023,"transportation_state_rnk",59.9323
"62865","zcta",2023,"transportation_state_rnk",53.6117
"62867","zcta",2023,"transportation_state_rnk",17.231
"62868","zcta",2023,"transportation_state_rnk",58.3521
"62869","zcta",2023,"transportation_state_rnk",24.0406
"62870","zcta",2023,"transportation_state_rnk",15.9895
"62871","zcta",2023,"transportation_state_rnk",52.2573
"62872","zcta",2023,"transportation_state_rnk",71.8585
"62874","zcta",2023,"transportation_state_rnk",44.4319
"62875","zcta",2023,"transportation_state_rnk",18.8111
"62876","zcta",2023,"transportation_state_rnk",6.772
"62877","zcta",2023,"transportation_state_rnk",57.1859
"62878","zcta",2023,"transportation_state_rnk",65.6885
"62879","zcta",2023,"transportation_state_rnk",NA
"62880","zcta",2023,"transportation_state_rnk",69.225
"62881","zcta",2023,"transportation_state_rnk",49.2099
"62882","zcta",2023,"transportation_state_rnk",44.62
"62883","zcta",2023,"transportation_state_rnk",7.1106
"62884","zcta",2023,"transportation_state_rnk",73.3634
"62885","zcta",2023,"transportation_state_rnk",47.5546
"62886","zcta",2023,"transportation_state_rnk",42.626
"62887","zcta",2023,"transportation_state_rnk",6.6968
"62888","zcta",2023,"transportation_state_rnk",20.2032
"62889","zcta",2023,"transportation_state_rnk",5.9443
"62890","zcta",2023,"transportation_state_rnk",25.3198
"62891","zcta",2023,"transportation_state_rnk",41.535
"62892","zcta",2023,"transportation_state_rnk",64.936
"62893","zcta",2023,"transportation_state_rnk",21.7457
"62894","zcta",2023,"transportation_state_rnk",40.5944
"62895","zcta",2023,"transportation_state_rnk",53.4989
"62896","zcta",2023,"transportation_state_rnk",55.9067
"62897","zcta",2023,"transportation_state_rnk",72.6862
"62898","zcta",2023,"transportation_state_rnk",28.7434
"62899","zcta",2023,"transportation_state_rnk",65.1618
"62901","zcta",2023,"transportation_state_rnk",78.6305
"62902","zcta",2023,"transportation_state_rnk",48.7585
"62903","zcta",2023,"transportation_state_rnk",69.7517
"62905","zcta",2023,"transportation_state_rnk",22.1595
"62906","zcta",2023,"transportation_state_rnk",24.2664
"62907","zcta",2023,"transportation_state_rnk",68.5478
"62908","zcta",2023,"transportation_state_rnk",8.164
"62910","zcta",2023,"transportation_state_rnk",8.8789
"62912","zcta",2023,"transportation_state_rnk",14.2965
"62914","zcta",2023,"transportation_state_rnk",54.1761
"62915","zcta",2023,"transportation_state_rnk",14.4093
"62916","zcta",2023,"transportation_state_rnk",72.7615
"62917","zcta",2023,"transportation_state_rnk",18.8111
"62918","zcta",2023,"transportation_state_rnk",75.6208
"62919","zcta",2023,"transportation_state_rnk",7.6749
"62920","zcta",2023,"transportation_state_rnk",62.6035
"62921","zcta",2023,"transportation_state_rnk",13.5064
"62922","zcta",2023,"transportation_state_rnk",41.3469
"62923","zcta",2023,"transportation_state_rnk",10.9857
"62924","zcta",2023,"transportation_state_rnk",56.8849
"62926","zcta",2023,"transportation_state_rnk",36.1174
"62927","zcta",2023,"transportation_state_rnk",35.3273
"62928","zcta",2023,"transportation_state_rnk",NA
"62930","zcta",2023,"transportation_state_rnk",48.4575
"62931","zcta",2023,"transportation_state_rnk",57.0354
"62932","zcta",2023,"transportation_state_rnk",14.1836
"62933","zcta",2023,"transportation_state_rnk",20.7675
"62934","zcta",2023,"transportation_state_rnk",18.1339
"62935","zcta",2023,"transportation_state_rnk",33.9729
"62938","zcta",2023,"transportation_state_rnk",30.8503
"62939","zcta",2023,"transportation_state_rnk",13.2054
"62940","zcta",2023,"transportation_state_rnk",9.9699
"62941","zcta",2023,"transportation_state_rnk",33.9729
"62942","zcta",2023,"transportation_state_rnk",28.9315
"62943","zcta",2023,"transportation_state_rnk",30.5493
"62946","zcta",2023,"transportation_state_rnk",74.9436
"62947","zcta",2023,"transportation_state_rnk",60.8352
"62948","zcta",2023,"transportation_state_rnk",75.997
"62949","zcta",2023,"transportation_state_rnk",51.4673
"62950","zcta",2023,"transportation_state_rnk",1.2792
"62951","zcta",2023,"transportation_state_rnk",28.6682
"62952","zcta",2023,"transportation_state_rnk",27.0128
"62953","zcta",2023,"transportation_state_rnk",29.6464
"62954","zcta",2023,"transportation_state_rnk",7.3363
"62956","zcta",2023,"transportation_state_rnk",40.9707
"62957","zcta",2023,"transportation_state_rnk",6.9225
"62958","zcta",2023,"transportation_state_rnk",15.4251
"62959","zcta",2023,"transportation_state_rnk",75.696
"62960","zcta",2023,"transportation_state_rnk",64.2965
"62961","zcta",2023,"transportation_state_rnk",NA
"62962","zcta",2023,"transportation_state_rnk",NA
"62963","zcta",2023,"transportation_state_rnk",68.1339
"62964","zcta",2023,"transportation_state_rnk",27.9533
"62965","zcta",2023,"transportation_state_rnk",NA
"62966","zcta",2023,"transportation_state_rnk",48.4575
"62967","zcta",2023,"transportation_state_rnk",6.8473
"62969","zcta",2023,"transportation_state_rnk",22.31
"62970","zcta",2023,"transportation_state_rnk",62.8668
"62972","zcta",2023,"transportation_state_rnk",23.5515
"62974","zcta",2023,"transportation_state_rnk",27.6524
"62975","zcta",2023,"transportation_state_rnk",1.8811
"62976","zcta",2023,"transportation_state_rnk",66.5162
"62977","zcta",2023,"transportation_state_rnk",10.3837
"62979","zcta",2023,"transportation_state_rnk",7.3363
"62982","zcta",2023,"transportation_state_rnk",60.2333
"62983","zcta",2023,"transportation_state_rnk",27.4643
"62984","zcta",2023,"transportation_state_rnk",21.219
"62985","zcta",2023,"transportation_state_rnk",13.7321
"62987","zcta",2023,"transportation_state_rnk",63.2054
"62988","zcta",2023,"transportation_state_rnk",37.4718
"62990","zcta",2023,"transportation_state_rnk",38.9014
"62992","zcta",2023,"transportation_state_rnk",37.9233
"62994","zcta",2023,"transportation_state_rnk",59.2551
"62995","zcta",2023,"transportation_state_rnk",40.9707
"62996","zcta",2023,"transportation_state_rnk",13.845
"62997","zcta",2023,"transportation_state_rnk",6.9977
"62998","zcta",2023,"transportation_state_rnk",16.2904
"62999","zcta",2023,"transportation_state_rnk",43.228
