"geoid","geolevel","year","level","value"
"27006","zcta",2023,"transportation_score",124.2
"27007","zcta",2023,"transportation_score",90.06
"27009","zcta",2023,"transportation_score",90.72
"27011","zcta",2023,"transportation_score",90.2
"27012","zcta",2023,"transportation_score",123.3
"27013","zcta",2023,"transportation_score",89.55
"27014","zcta",2023,"transportation_score",90.28
"27016","zcta",2023,"transportation_score",88.55
"27017","zcta",2023,"transportation_score",90.95
"27018","zcta",2023,"transportation_score",96.17
"27019","zcta",2023,"transportation_score",90.76
"27020","zcta",2023,"transportation_score",90.6
"27021","zcta",2023,"transportation_score",89.33
"27022","zcta",2023,"transportation_score",90.52
"27023","zcta",2023,"transportation_score",122.87
"27024","zcta",2023,"transportation_score",90.89
"27025","zcta",2023,"transportation_score",90.98
"27027","zcta",2023,"transportation_score",90.13
"27028","zcta",2023,"transportation_score",90.04
"27030","zcta",2023,"transportation_score",91.46
"27040","zcta",2023,"transportation_score",124.29
"27041","zcta",2023,"transportation_score",91.15
"27042","zcta",2023,"transportation_score",99.73
"27043","zcta",2023,"transportation_score",91
"27045","zcta",2023,"transportation_score",91.17
"27046","zcta",2023,"transportation_score",87.81
"27047","zcta",2023,"transportation_score",90.15
"27048","zcta",2023,"transportation_score",90.36
"27050","zcta",2023,"transportation_score",89.98
"27051","zcta",2023,"transportation_score",90.31
"27052","zcta",2023,"transportation_score",89.82
"27053","zcta",2023,"transportation_score",93.81
"27054","zcta",2023,"transportation_score",89.13
"27055","zcta",2023,"transportation_score",90.1
"27101","zcta",2023,"transportation_score",128.68
"27103","zcta",2023,"transportation_score",125.59
"27104","zcta",2023,"transportation_score",125.25
"27105","zcta",2023,"transportation_score",129.91
"27106","zcta",2023,"transportation_score",124.6
"27107","zcta",2023,"transportation_score",124.46
"27109","zcta",2023,"transportation_score",NA
"27110","zcta",2023,"transportation_score",NA
"27127","zcta",2023,"transportation_score",124.34
"27201","zcta",2023,"transportation_score",86.81
"27202","zcta",2023,"transportation_score",NA
"27203","zcta",2023,"transportation_score",90.97
"27205","zcta",2023,"transportation_score",91.94
"27207","zcta",2023,"transportation_score",89.48
"27208","zcta",2023,"transportation_score",88.22
"27209","zcta",2023,"transportation_score",92.51
"27212","zcta",2023,"transportation_score",NA
"27213","zcta",2023,"transportation_score",NA
"27214","zcta",2023,"transportation_score",91.1
"27215","zcta",2023,"transportation_score",106.56
"27217","zcta",2023,"transportation_score",107.76
"27229","zcta",2023,"transportation_score",88.79
"27231","zcta",2023,"transportation_score",90.45
"27233","zcta",2023,"transportation_score",89.78
"27235","zcta",2023,"transportation_score",89.94
"27239","zcta",2023,"transportation_score",90.36
"27242","zcta",2023,"transportation_score",90.32
"27243","zcta",2023,"transportation_score",91.5
"27244","zcta",2023,"transportation_score",92.56
"27247","zcta",2023,"transportation_score",97.36
"27248","zcta",2023,"transportation_score",88.51
"27249","zcta",2023,"transportation_score",90.69
"27252","zcta",2023,"transportation_score",92.15
"27253","zcta",2023,"transportation_score",107.91
"27256","zcta",2023,"transportation_score",NA
"27258","zcta",2023,"transportation_score",89.27
"27259","zcta",2023,"transportation_score",NA
"27260","zcta",2023,"transportation_score",127.07
"27262","zcta",2023,"transportation_score",125.74
"27263","zcta",2023,"transportation_score",124.56
"27265","zcta",2023,"transportation_score",124.24
"27268","zcta",2023,"transportation_score",NA
"27278","zcta",2023,"transportation_score",120.11
"27281","zcta",2023,"transportation_score",89.58
"27282","zcta",2023,"transportation_score",123.5
"27283","zcta",2023,"transportation_score",91.4
"27284","zcta",2023,"transportation_score",123.54
"27288","zcta",2023,"transportation_score",92.96
"27291","zcta",2023,"transportation_score",91.12
"27292","zcta",2023,"transportation_score",124.46
"27295","zcta",2023,"transportation_score",92.4
"27298","zcta",2023,"transportation_score",90.83
"27299","zcta",2023,"transportation_score",91.02
"27301","zcta",2023,"transportation_score",90.95
"27302","zcta",2023,"transportation_score",106.43
"27305","zcta",2023,"transportation_score",90.88
"27306","zcta",2023,"transportation_score",90.77
"27310","zcta",2023,"transportation_score",93.81
"27311","zcta",2023,"transportation_score",92.29
"27312","zcta",2023,"transportation_score",92.75
"27313","zcta",2023,"transportation_score",91.02
"27314","zcta",2023,"transportation_score",89
"27315","zcta",2023,"transportation_score",90.26
"27316","zcta",2023,"transportation_score",88.89
"27317","zcta",2023,"transportation_score",92.14
"27320","zcta",2023,"transportation_score",138.18
"27325","zcta",2023,"transportation_score",91.54
"27326","zcta",2023,"transportation_score",89.18
"27330","zcta",2023,"transportation_score",146.24
"27332","zcta",2023,"transportation_score",146.52
"27340","zcta",2023,"transportation_score",NA
"27341","zcta",2023,"transportation_score",91.07
"27342","zcta",2023,"transportation_score",NA
"27343","zcta",2023,"transportation_score",90.08
"27344","zcta",2023,"transportation_score",90.11
"27349","zcta",2023,"transportation_score",91.14
"27350","zcta",2023,"transportation_score",89.97
"27351","zcta",2023,"transportation_score",86.6
"27355","zcta",2023,"transportation_score",90.12
"27356","zcta",2023,"transportation_score",90.23
"27357","zcta",2023,"transportation_score",92.94
"27358","zcta",2023,"transportation_score",91.54
"27360","zcta",2023,"transportation_score",125.46
"27370","zcta",2023,"transportation_score",94.34
"27371","zcta",2023,"transportation_score",94.42
"27374","zcta",2023,"transportation_score",94.56
"27376","zcta",2023,"transportation_score",90.92
"27377","zcta",2023,"transportation_score",94.04
"27379","zcta",2023,"transportation_score",89.58
"27401","zcta",2023,"transportation_score",129.99
"27403","zcta",2023,"transportation_score",128.99
"27405","zcta",2023,"transportation_score",129.24
"27406","zcta",2023,"transportation_score",125.42
"27407","zcta",2023,"transportation_score",125.2
"27408","zcta",2023,"transportation_score",124.11
"27409","zcta",2023,"transportation_score",123.01
"27410","zcta",2023,"transportation_score",123.66
"27411","zcta",2023,"transportation_score",NA
"27412","zcta",2023,"transportation_score",NA
"27455","zcta",2023,"transportation_score",122.76
"27501","zcta",2023,"transportation_score",91.05
"27502","zcta",2023,"transportation_score",110.17
"27503","zcta",2023,"transportation_score",NA
"27504","zcta",2023,"transportation_score",113.23
"27505","zcta",2023,"transportation_score",89.34
"27506","zcta",2023,"transportation_score",NA
"27507","zcta",2023,"transportation_score",88.14
"27508","zcta",2023,"transportation_score",90.73
"27509","zcta",2023,"transportation_score",NA
"27510","zcta",2023,"transportation_score",127.94
"27511","zcta",2023,"transportation_score",111.99
"27513","zcta",2023,"transportation_score",109.73
"27514","zcta",2023,"transportation_score",128.63
"27516","zcta",2023,"transportation_score",121.75
"27517","zcta",2023,"transportation_score",120.69
"27518","zcta",2023,"transportation_score",111.1
"27519","zcta",2023,"transportation_score",110.41
"27520","zcta",2023,"transportation_score",107.44
"27521","zcta",2023,"transportation_score",91.63
"27522","zcta",2023,"transportation_score",91.02
"27523","zcta",2023,"transportation_score",109.77
"27524","zcta",2023,"transportation_score",90.15
"27525","zcta",2023,"transportation_score",90.8
"27526","zcta",2023,"transportation_score",109.21
"27527","zcta",2023,"transportation_score",91.45
"27529","zcta",2023,"transportation_score",108.7
"27530","zcta",2023,"transportation_score",124.83
"27531","zcta",2023,"transportation_score",NA
"27533","zcta",2023,"transportation_score",NA
"27534","zcta",2023,"transportation_score",126.5
"27536","zcta",2023,"transportation_score",124
"27537","zcta",2023,"transportation_score",91
"27539","zcta",2023,"transportation_score",93.55
"27540","zcta",2023,"transportation_score",108.96
"27541","zcta",2023,"transportation_score",89.86
"27542","zcta",2023,"transportation_score",91.25
"27544","zcta",2023,"transportation_score",90.11
"27545","zcta",2023,"transportation_score",109.14
"27546","zcta",2023,"transportation_score",91.35
"27549","zcta",2023,"transportation_score",90.63
"27551","zcta",2023,"transportation_score",96.4
"27553","zcta",2023,"transportation_score",91.39
"27555","zcta",2023,"transportation_score",92.9
"27556","zcta",2023,"transportation_score",83.35
"27557","zcta",2023,"transportation_score",89.93
"27559","zcta",2023,"transportation_score",92.3
"27560","zcta",2023,"transportation_score",110.16
"27562","zcta",2023,"transportation_score",96.71
"27563","zcta",2023,"transportation_score",90.25
"27565","zcta",2023,"transportation_score",90.44
"27568","zcta",2023,"transportation_score",89.85
"27569","zcta",2023,"transportation_score",96.58
"27570","zcta",2023,"transportation_score",NA
"27571","zcta",2023,"transportation_score",92.03
"27572","zcta",2023,"transportation_score",89.56
"27573","zcta",2023,"transportation_score",118.29
"27574","zcta",2023,"transportation_score",90.91
"27576","zcta",2023,"transportation_score",90.76
"27577","zcta",2023,"transportation_score",91.07
"27581","zcta",2023,"transportation_score",89.75
"27582","zcta",2023,"transportation_score",93.25
"27583","zcta",2023,"transportation_score",91.5
"27584","zcta",2023,"transportation_score",81.28
"27587","zcta",2023,"transportation_score",108.48
"27589","zcta",2023,"transportation_score",91.7
"27591","zcta",2023,"transportation_score",91.89
"27592","zcta",2023,"transportation_score",108.28
"27593","zcta",2023,"transportation_score",NA
"27594","zcta",2023,"transportation_score",NA
"27596","zcta",2023,"transportation_score",90.14
"27597","zcta",2023,"transportation_score",93.3
"27599","zcta",2023,"transportation_score",NA
"27601","zcta",2023,"transportation_score",100.71
"27603","zcta",2023,"transportation_score",109.17
"27604","zcta",2023,"transportation_score",111.61
"27605","zcta",2023,"transportation_score",98.44
"27606","zcta",2023,"transportation_score",111.99
"27607","zcta",2023,"transportation_score",111.04
"27608","zcta",2023,"transportation_score",109.05
"27609","zcta",2023,"transportation_score",109.75
"27610","zcta",2023,"transportation_score",112.35
"27612","zcta",2023,"transportation_score",108.84
"27613","zcta",2023,"transportation_score",109.47
"27614","zcta",2023,"transportation_score",109.83
"27615","zcta",2023,"transportation_score",108.81
"27616","zcta",2023,"transportation_score",109.09
"27617","zcta",2023,"transportation_score",109.82
"27695","zcta",2023,"transportation_score",NA
"27697","zcta",2023,"transportation_score",NA
"27701","zcta",2023,"transportation_score",122.34
"27703","zcta",2023,"transportation_score",120.3
"27704","zcta",2023,"transportation_score",121.9
"27705","zcta",2023,"transportation_score",123.28
"27707","zcta",2023,"transportation_score",120.74
"27708","zcta",2023,"transportation_score",NA
"27709","zcta",2023,"transportation_score",NA
"27712","zcta",2023,"transportation_score",119.09
"27713","zcta",2023,"transportation_score",118.85
"27801","zcta",2023,"transportation_score",112.3
"27803","zcta",2023,"transportation_score",109.42
"27804","zcta",2023,"transportation_score",108.04
"27805","zcta",2023,"transportation_score",90.91
"27806","zcta",2023,"transportation_score",89.88
"27807","zcta",2023,"transportation_score",89.47
"27808","zcta",2023,"transportation_score",89.68
"27809","zcta",2023,"transportation_score",89.37
"27810","zcta",2023,"transportation_score",91.73
"27812","zcta",2023,"transportation_score",89.75
"27813","zcta",2023,"transportation_score",91.93
"27814","zcta",2023,"transportation_score",90.07
"27815","zcta",2023,"transportation_score",NA
"27816","zcta",2023,"transportation_score",94.5
"27817","zcta",2023,"transportation_score",88.93
"27818","zcta",2023,"transportation_score",95.75
"27819","zcta",2023,"transportation_score",90.03
"27820","zcta",2023,"transportation_score",89.5
"27821","zcta",2023,"transportation_score",NA
"27822","zcta",2023,"transportation_score",90.09
"27823","zcta",2023,"transportation_score",92.33
"27824","zcta",2023,"transportation_score",95.21
"27825","zcta",2023,"transportation_score",87.16
"27826","zcta",2023,"transportation_score",NA
"27827","zcta",2023,"transportation_score",86.35
"27828","zcta",2023,"transportation_score",93.74
"27829","zcta",2023,"transportation_score",93.66
"27830","zcta",2023,"transportation_score",91
"27831","zcta",2023,"transportation_score",90.71
"27832","zcta",2023,"transportation_score",92.63
"27834","zcta",2023,"transportation_score",125.49
"27837","zcta",2023,"transportation_score",91.57
"27839","zcta",2023,"transportation_score",89.99
"27840","zcta",2023,"transportation_score",88.09
"27841","zcta",2023,"transportation_score",NA
"27842","zcta",2023,"transportation_score",90.02
"27843","zcta",2023,"transportation_score",91.43
"27844","zcta",2023,"transportation_score",90.58
"27845","zcta",2023,"transportation_score",89.53
"27846","zcta",2023,"transportation_score",89.83
"27847","zcta",2023,"transportation_score",88.4
"27849","zcta",2023,"transportation_score",87.63
"27850","zcta",2023,"transportation_score",91.36
"27851","zcta",2023,"transportation_score",90.63
"27852","zcta",2023,"transportation_score",89.51
"27853","zcta",2023,"transportation_score",93.91
"27855","zcta",2023,"transportation_score",93.43
"27856","zcta",2023,"transportation_score",93.02
"27857","zcta",2023,"transportation_score",88.37
"27858","zcta",2023,"transportation_score",122.48
"27860","zcta",2023,"transportation_score",91.98
"27861","zcta",2023,"transportation_score",86.11
"27862","zcta",2023,"transportation_score",88.59
"27863","zcta",2023,"transportation_score",89.1
"27864","zcta",2023,"transportation_score",90.43
"27865","zcta",2023,"transportation_score",89.88
"27866","zcta",2023,"transportation_score",89.49
"27869","zcta",2023,"transportation_score",89.94
"27870","zcta",2023,"transportation_score",91.74
"27871","zcta",2023,"transportation_score",90.36
"27872","zcta",2023,"transportation_score",92.39
"27873","zcta",2023,"transportation_score",94.33
"27874","zcta",2023,"transportation_score",104.34
"27875","zcta",2023,"transportation_score",84.88
"27876","zcta",2023,"transportation_score",89.79
"27877","zcta",2023,"transportation_score",NA
"27878","zcta",2023,"transportation_score",93.86
"27879","zcta",2023,"transportation_score",89.51
"27880","zcta",2023,"transportation_score",89.11
"27881","zcta",2023,"transportation_score",NA
"27882","zcta",2023,"transportation_score",90.68
"27883","zcta",2023,"transportation_score",88.93
"27884","zcta",2023,"transportation_score",87.94
"27885","zcta",2023,"transportation_score",87.42
"27886","zcta",2023,"transportation_score",97.51
"27888","zcta",2023,"transportation_score",87.83
"27889","zcta",2023,"transportation_score",123.21
"27890","zcta",2023,"transportation_score",91.91
"27891","zcta",2023,"transportation_score",90.23
"27892","zcta",2023,"transportation_score",147.75
"27893","zcta",2023,"transportation_score",113.38
"27896","zcta",2023,"transportation_score",107.82
"27897","zcta",2023,"transportation_score",87.82
"27909","zcta",2023,"transportation_score",132.77
"27910","zcta",2023,"transportation_score",91.63
"27915","zcta",2023,"transportation_score",85.8
"27916","zcta",2023,"transportation_score",89
"27917","zcta",2023,"transportation_score",90.71
"27919","zcta",2023,"transportation_score",88
"27920","zcta",2023,"transportation_score",94.81
"27921","zcta",2023,"transportation_score",91.33
"27922","zcta",2023,"transportation_score",89.7
"27923","zcta",2023,"transportation_score",90.19
"27924","zcta",2023,"transportation_score",89.22
"27925","zcta",2023,"transportation_score",92.61
"27926","zcta",2023,"transportation_score",88.17
"27927","zcta",2023,"transportation_score",99.4
"27928","zcta",2023,"transportation_score",94.5
"27929","zcta",2023,"transportation_score",91.46
"27932","zcta",2023,"transportation_score",91.11
"27935","zcta",2023,"transportation_score",89.49
"27936","zcta",2023,"transportation_score",94.15
"27937","zcta",2023,"transportation_score",88.99
"27938","zcta",2023,"transportation_score",90.43
"27939","zcta",2023,"transportation_score",90.16
"27941","zcta",2023,"transportation_score",86.4
"27942","zcta",2023,"transportation_score",88.07
"27943","zcta",2023,"transportation_score",96.47
"27944","zcta",2023,"transportation_score",90.69
"27946","zcta",2023,"transportation_score",89.12
"27947","zcta",2023,"transportation_score",87.25
"27948","zcta",2023,"transportation_score",90.78
"27949","zcta",2023,"transportation_score",91.34
"27950","zcta",2023,"transportation_score",90.99
"27953","zcta",2023,"transportation_score",90
"27954","zcta",2023,"transportation_score",133.25
"27956","zcta",2023,"transportation_score",86.95
"27957","zcta",2023,"transportation_score",96.99
"27958","zcta",2023,"transportation_score",90.28
"27959","zcta",2023,"transportation_score",90.25
"27960","zcta",2023,"transportation_score",93.34
"27962","zcta",2023,"transportation_score",92.01
"27964","zcta",2023,"transportation_score",87.23
"27965","zcta",2023,"transportation_score",86.73
"27966","zcta",2023,"transportation_score",92.88
"27967","zcta",2023,"transportation_score",85.93
"27968","zcta",2023,"transportation_score",93.84
"27969","zcta",2023,"transportation_score",84.83
"27970","zcta",2023,"transportation_score",93.13
"27972","zcta",2023,"transportation_score",93.11
"27973","zcta",2023,"transportation_score",92.41
"27974","zcta",2023,"transportation_score",91.22
"27976","zcta",2023,"transportation_score",89.85
"27978","zcta",2023,"transportation_score",92.04
"27979","zcta",2023,"transportation_score",93.16
"27980","zcta",2023,"transportation_score",89.41
"27981","zcta",2023,"transportation_score",93.7
"27982","zcta",2023,"transportation_score",96.77
"27983","zcta",2023,"transportation_score",92.06
"27985","zcta",2023,"transportation_score",94.99
"27986","zcta",2023,"transportation_score",NA
"28001","zcta",2023,"transportation_score",91.73
"28006","zcta",2023,"transportation_score",90.33
"28007","zcta",2023,"transportation_score",93.51
"28009","zcta",2023,"transportation_score",90.87
"28012","zcta",2023,"transportation_score",139.93
"28016","zcta",2023,"transportation_score",137.44
"28017","zcta",2023,"transportation_score",NA
"28018","zcta",2023,"transportation_score",90.64
"28019","zcta",2023,"transportation_score",NA
"28020","zcta",2023,"transportation_score",91.31
"28021","zcta",2023,"transportation_score",90.02
"28023","zcta",2023,"transportation_score",90.35
"28024","zcta",2023,"transportation_score",NA
"28025","zcta",2023,"transportation_score",135.91
"28027","zcta",2023,"transportation_score",136.46
"28031","zcta",2023,"transportation_score",122.47
"28032","zcta",2023,"transportation_score",89.6
"28033","zcta",2023,"transportation_score",89.51
"28034","zcta",2023,"transportation_score",137.67
"28036","zcta",2023,"transportation_score",123.38
"28037","zcta",2023,"transportation_score",91.33
"28039","zcta",2023,"transportation_score",NA
"28040","zcta",2023,"transportation_score",91.63
"28041","zcta",2023,"transportation_score",NA
"28042","zcta",2023,"transportation_score",89.04
"28043","zcta",2023,"transportation_score",90.51
"28052","zcta",2023,"transportation_score",140.23
"28054","zcta",2023,"transportation_score",138.17
"28056","zcta",2023,"transportation_score",136.89
"28071","zcta",2023,"transportation_score",91.14
"28072","zcta",2023,"transportation_score",88.38
"28073","zcta",2023,"transportation_score",89.07
"28074","zcta",2023,"transportation_score",NA
"28075","zcta",2023,"transportation_score",137.57
"28076","zcta",2023,"transportation_score",83.56
"28077","zcta",2023,"transportation_score",87.2
"28078","zcta",2023,"transportation_score",123.62
"28079","zcta",2023,"transportation_score",120.49
"28080","zcta",2023,"transportation_score",91.94
"28081","zcta",2023,"transportation_score",137.21
"28083","zcta",2023,"transportation_score",135.84
"28086","zcta",2023,"transportation_score",138.05
"28088","zcta",2023,"transportation_score",90.32
"28089","zcta",2023,"transportation_score",NA
"28090","zcta",2023,"transportation_score",89.69
"28091","zcta",2023,"transportation_score",90.37
"28092","zcta",2023,"transportation_score",132.7
"28097","zcta",2023,"transportation_score",90.28
"28098","zcta",2023,"transportation_score",91.25
"28101","zcta",2023,"transportation_score",91.22
"28102","zcta",2023,"transportation_score",92.74
"28103","zcta",2023,"transportation_score",91.61
"28104","zcta",2023,"transportation_score",121.16
"28105","zcta",2023,"transportation_score",123.05
"28107","zcta",2023,"transportation_score",92.96
"28108","zcta",2023,"transportation_score",NA
"28109","zcta",2023,"transportation_score",NA
"28110","zcta",2023,"transportation_score",120.64
"28112","zcta",2023,"transportation_score",122.98
"28114","zcta",2023,"transportation_score",90.36
"28115","zcta",2023,"transportation_score",120.91
"28117","zcta",2023,"transportation_score",122.29
"28119","zcta",2023,"transportation_score",91.62
"28120","zcta",2023,"transportation_score",138.55
"28124","zcta",2023,"transportation_score",90.49
"28125","zcta",2023,"transportation_score",90.47
"28127","zcta",2023,"transportation_score",90.84
"28128","zcta",2023,"transportation_score",91.26
"28129","zcta",2023,"transportation_score",90.1
"28133","zcta",2023,"transportation_score",88.12
"28134","zcta",2023,"transportation_score",123.31
"28135","zcta",2023,"transportation_score",90.88
"28136","zcta",2023,"transportation_score",NA
"28137","zcta",2023,"transportation_score",90.93
"28138","zcta",2023,"transportation_score",91.5
"28139","zcta",2023,"transportation_score",91.59
"28144","zcta",2023,"transportation_score",136.61
"28146","zcta",2023,"transportation_score",134.14
"28147","zcta",2023,"transportation_score",136.76
"28150","zcta",2023,"transportation_score",115.11
"28152","zcta",2023,"transportation_score",114.05
"28159","zcta",2023,"transportation_score",91.16
"28160","zcta",2023,"transportation_score",90.06
"28163","zcta",2023,"transportation_score",89.54
"28164","zcta",2023,"transportation_score",137.24
"28166","zcta",2023,"transportation_score",93.08
"28167","zcta",2023,"transportation_score",92.76
"28168","zcta",2023,"transportation_score",90.7
"28169","zcta",2023,"transportation_score",82.72
"28170","zcta",2023,"transportation_score",97.56
"28173","zcta",2023,"transportation_score",122.48
"28174","zcta",2023,"transportation_score",93.61
"28202","zcta",2023,"transportation_score",132.42
"28203","zcta",2023,"transportation_score",130.24
"28204","zcta",2023,"transportation_score",127.89
"28205","zcta",2023,"transportation_score",129.62
"28206","zcta",2023,"transportation_score",132.77
"28207","zcta",2023,"transportation_score",121.51
"28208","zcta",2023,"transportation_score",127.8
"28209","zcta",2023,"transportation_score",126.63
"28210","zcta",2023,"transportation_score",126.05
"28211","zcta",2023,"transportation_score",123.58
"28212","zcta",2023,"transportation_score",126.71
"28213","zcta",2023,"transportation_score",126.24
"28214","zcta",2023,"transportation_score",123.22
"28215","zcta",2023,"transportation_score",124.62
"28216","zcta",2023,"transportation_score",125.2
"28217","zcta",2023,"transportation_score",130.04
"28223","zcta",2023,"transportation_score",NA
"28226","zcta",2023,"transportation_score",123.21
"28227","zcta",2023,"transportation_score",122.32
"28244","zcta",2023,"transportation_score",NA
"28262","zcta",2023,"transportation_score",127.48
"28269","zcta",2023,"transportation_score",124.73
"28270","zcta",2023,"transportation_score",122.99
"28273","zcta",2023,"transportation_score",123.65
"28274","zcta",2023,"transportation_score",NA
"28277","zcta",2023,"transportation_score",125.05
"28278","zcta",2023,"transportation_score",93.55
"28280","zcta",2023,"transportation_score",NA
"28282","zcta",2023,"transportation_score",NA
"28301","zcta",2023,"transportation_score",122.65
"28303","zcta",2023,"transportation_score",117.74
"28304","zcta",2023,"transportation_score",117.97
"28305","zcta",2023,"transportation_score",90.95
"28306","zcta",2023,"transportation_score",117.05
"28307","zcta",2023,"transportation_score",119.6
"28308","zcta",2023,"transportation_score",NA
"28310","zcta",2023,"transportation_score",NA
"28311","zcta",2023,"transportation_score",117.07
"28312","zcta",2023,"transportation_score",93.61
"28314","zcta",2023,"transportation_score",117.94
"28315","zcta",2023,"transportation_score",91.03
"28318","zcta",2023,"transportation_score",90.46
"28320","zcta",2023,"transportation_score",89.51
"28323","zcta",2023,"transportation_score",89.43
"28325","zcta",2023,"transportation_score",88.92
"28326","zcta",2023,"transportation_score",90.33
"28327","zcta",2023,"transportation_score",91.39
"28328","zcta",2023,"transportation_score",132.35
"28330","zcta",2023,"transportation_score",83.64
"28331","zcta",2023,"transportation_score",NA
"28332","zcta",2023,"transportation_score",87.64
"28333","zcta",2023,"transportation_score",124.13
"28334","zcta",2023,"transportation_score",93.07
"28337","zcta",2023,"transportation_score",91.1
"28338","zcta",2023,"transportation_score",88.86
"28339","zcta",2023,"transportation_score",89.48
"28340","zcta",2023,"transportation_score",90.85
"28341","zcta",2023,"transportation_score",90.67
"28342","zcta",2023,"transportation_score",NA
"28343","zcta",2023,"transportation_score",89.47
"28344","zcta",2023,"transportation_score",89.69
"28345","zcta",2023,"transportation_score",135.15
"28347","zcta",2023,"transportation_score",NA
"28348","zcta",2023,"transportation_score",116.62
"28349","zcta",2023,"transportation_score",89.08
"28350","zcta",2023,"transportation_score",94.07
"28351","zcta",2023,"transportation_score",94.62
"28352","zcta",2023,"transportation_score",124.03
"28355","zcta",2023,"transportation_score",NA
"28356","zcta",2023,"transportation_score",90.06
"28357","zcta",2023,"transportation_score",91.91
"28358","zcta",2023,"transportation_score",133.8
"28359","zcta",2023,"transportation_score",NA
"28360","zcta",2023,"transportation_score",89.8
"28362","zcta",2023,"transportation_score",NA
"28363","zcta",2023,"transportation_score",88.18
"28364","zcta",2023,"transportation_score",89.59
"28365","zcta",2023,"transportation_score",92.55
"28366","zcta",2023,"transportation_score",92.91
"28367","zcta",2023,"transportation_score",87.08
"28368","zcta",2023,"transportation_score",77.82
"28369","zcta",2023,"transportation_score",89.28
"28371","zcta",2023,"transportation_score",91.86
"28372","zcta",2023,"transportation_score",92.63
"28373","zcta",2023,"transportation_score",91.09
"28374","zcta",2023,"transportation_score",132.84
"28375","zcta",2023,"transportation_score",87.47
"28376","zcta",2023,"transportation_score",118.63
"28377","zcta",2023,"transportation_score",90.24
"28378","zcta",2023,"transportation_score",NA
"28379","zcta",2023,"transportation_score",132.13
"28382","zcta",2023,"transportation_score",90.56
"28383","zcta",2023,"transportation_score",110.22
"28384","zcta",2023,"transportation_score",91.48
"28385","zcta",2023,"transportation_score",89.58
"28386","zcta",2023,"transportation_score",89.97
"28387","zcta",2023,"transportation_score",133.54
"28390","zcta",2023,"transportation_score",120.69
"28391","zcta",2023,"transportation_score",88.6
"28392","zcta",2023,"transportation_score",92.71
"28393","zcta",2023,"transportation_score",90.22
"28394","zcta",2023,"transportation_score",91.33
"28395","zcta",2023,"transportation_score",91.5
"28396","zcta",2023,"transportation_score",89.99
"28398","zcta",2023,"transportation_score",92.19
"28399","zcta",2023,"transportation_score",94.23
"28401","zcta",2023,"transportation_score",123.6
"28403","zcta",2023,"transportation_score",118.72
"28405","zcta",2023,"transportation_score",116.79
"28409","zcta",2023,"transportation_score",115.74
"28411","zcta",2023,"transportation_score",116.14
"28412","zcta",2023,"transportation_score",116.76
"28420","zcta",2023,"transportation_score",92.72
"28421","zcta",2023,"transportation_score",88.95
"28422","zcta",2023,"transportation_score",92.43
"28423","zcta",2023,"transportation_score",89.9
"28424","zcta",2023,"transportation_score",NA
"28425","zcta",2023,"transportation_score",91.06
"28428","zcta",2023,"transportation_score",116.11
"28429","zcta",2023,"transportation_score",90.22
"28430","zcta",2023,"transportation_score",88.17
"28431","zcta",2023,"transportation_score",89.86
"28432","zcta",2023,"transportation_score",89.9
"28433","zcta",2023,"transportation_score",89.63
"28434","zcta",2023,"transportation_score",92.25
"28435","zcta",2023,"transportation_score",90.87
"28436","zcta",2023,"transportation_score",91.06
"28438","zcta",2023,"transportation_score",89.88
"28439","zcta",2023,"transportation_score",88.91
"28441","zcta",2023,"transportation_score",88.32
"28442","zcta",2023,"transportation_score",88.38
"28443","zcta",2023,"transportation_score",91.53
"28444","zcta",2023,"transportation_score",90.12
"28445","zcta",2023,"transportation_score",91.94
"28447","zcta",2023,"transportation_score",89.2
"28448","zcta",2023,"transportation_score",88.63
"28449","zcta",2023,"transportation_score",96.36
"28450","zcta",2023,"transportation_score",89.63
"28451","zcta",2023,"transportation_score",115.77
"28452","zcta",2023,"transportation_score",94.28
"28453","zcta",2023,"transportation_score",91.06
"28454","zcta",2023,"transportation_score",91.86
"28455","zcta",2023,"transportation_score",91.88
"28456","zcta",2023,"transportation_score",92.53
"28457","zcta",2023,"transportation_score",91.88
"28458","zcta",2023,"transportation_score",92.3
"28460","zcta",2023,"transportation_score",91.11
"28461","zcta",2023,"transportation_score",97.32
"28462","zcta",2023,"transportation_score",92.42
"28463","zcta",2023,"transportation_score",89.4
"28464","zcta",2023,"transportation_score",92.14
"28465","zcta",2023,"transportation_score",92.74
"28466","zcta",2023,"transportation_score",90
"28467","zcta",2023,"transportation_score",115.03
"28468","zcta",2023,"transportation_score",116.01
"28469","zcta",2023,"transportation_score",90.43
"28470","zcta",2023,"transportation_score",114.54
"28472","zcta",2023,"transportation_score",90.11
"28478","zcta",2023,"transportation_score",89.95
"28479","zcta",2023,"transportation_score",90.52
"28480","zcta",2023,"transportation_score",92
"28501","zcta",2023,"transportation_score",132.85
"28504","zcta",2023,"transportation_score",132.25
"28508","zcta",2023,"transportation_score",90.63
"28509","zcta",2023,"transportation_score",NA
"28510","zcta",2023,"transportation_score",91.08
"28511","zcta",2023,"transportation_score",92.84
"28512","zcta",2023,"transportation_score",92.11
"28513","zcta",2023,"transportation_score",121.74
"28515","zcta",2023,"transportation_score",89.24
"28516","zcta",2023,"transportation_score",90.57
"28518","zcta",2023,"transportation_score",89.42
"28519","zcta",2023,"transportation_score",89.93
"28520","zcta",2023,"transportation_score",86.41
"28521","zcta",2023,"transportation_score",90.23
"28523","zcta",2023,"transportation_score",88.69
"28524","zcta",2023,"transportation_score",91.03
"28525","zcta",2023,"transportation_score",90.43
"28526","zcta",2023,"transportation_score",88.59
"28527","zcta",2023,"transportation_score",88.78
"28528","zcta",2023,"transportation_score",88.98
"28529","zcta",2023,"transportation_score",90.64
"28530","zcta",2023,"transportation_score",92.22
"28531","zcta",2023,"transportation_score",95.7
"28532","zcta",2023,"transportation_score",90.45
"28533","zcta",2023,"transportation_score",NA
"28537","zcta",2023,"transportation_score",NA
"28538","zcta",2023,"transportation_score",89.27
"28539","zcta",2023,"transportation_score",90.14
"28540","zcta",2023,"transportation_score",126.58
"28542","zcta",2023,"transportation_score",NA
"28543","zcta",2023,"transportation_score",127.7
"28544","zcta",2023,"transportation_score",123.42
"28546","zcta",2023,"transportation_score",123.38
"28547","zcta",2023,"transportation_score",NA
"28551","zcta",2023,"transportation_score",90.33
"28552","zcta",2023,"transportation_score",85.3
"28553","zcta",2023,"transportation_score",92.32
"28554","zcta",2023,"transportation_score",NA
"28555","zcta",2023,"transportation_score",91.83
"28556","zcta",2023,"transportation_score",88.92
"28557","zcta",2023,"transportation_score",92.85
"28560","zcta",2023,"transportation_score",117.72
"28562","zcta",2023,"transportation_score",115.32
"28570","zcta",2023,"transportation_score",91.87
"28571","zcta",2023,"transportation_score",91.91
"28572","zcta",2023,"transportation_score",90.06
"28573","zcta",2023,"transportation_score",92.09
"28574","zcta",2023,"transportation_score",90.35
"28575","zcta",2023,"transportation_score",83.78
"28577","zcta",2023,"transportation_score",92.57
"28578","zcta",2023,"transportation_score",93.54
"28579","zcta",2023,"transportation_score",87.05
"28580","zcta",2023,"transportation_score",90.5
"28581","zcta",2023,"transportation_score",88.75
"28582","zcta",2023,"transportation_score",90.14
"28584","zcta",2023,"transportation_score",91.37
"28585","zcta",2023,"transportation_score",92.34
"28586","zcta",2023,"transportation_score",92.69
"28587","zcta",2023,"transportation_score",92.51
"28589","zcta",2023,"transportation_score",NA
"28590","zcta",2023,"transportation_score",124.73
"28594","zcta",2023,"transportation_score",91.91
"28601","zcta",2023,"transportation_score",122.92
"28602","zcta",2023,"transportation_score",123.81
"28604","zcta",2023,"transportation_score",91.67
"28605","zcta",2023,"transportation_score",90.46
"28606","zcta",2023,"transportation_score",92.67
"28607","zcta",2023,"transportation_score",94.7
"28609","zcta",2023,"transportation_score",89.37
"28610","zcta",2023,"transportation_score",89.55
"28611","zcta",2023,"transportation_score",91.85
"28612","zcta",2023,"transportation_score",122.16
"28613","zcta",2023,"transportation_score",122.36
"28615","zcta",2023,"transportation_score",93.79
"28616","zcta",2023,"transportation_score",NA
"28617","zcta",2023,"transportation_score",91.21
"28618","zcta",2023,"transportation_score",90.77
"28619","zcta",2023,"transportation_score",88.44
"28621","zcta",2023,"transportation_score",91.69
"28622","zcta",2023,"transportation_score",91.55
"28623","zcta",2023,"transportation_score",92.72
"28624","zcta",2023,"transportation_score",92.78
"28625","zcta",2023,"transportation_score",120.55
"28626","zcta",2023,"transportation_score",89.37
"28627","zcta",2023,"transportation_score",93.95
"28628","zcta",2023,"transportation_score",NA
"28629","zcta",2023,"transportation_score",NA
"28630","zcta",2023,"transportation_score",122.17
"28631","zcta",2023,"transportation_score",89.2
"28634","zcta",2023,"transportation_score",91.36
"28635","zcta",2023,"transportation_score",89.78
"28636","zcta",2023,"transportation_score",91.48
"28637","zcta",2023,"transportation_score",89.94
"28638","zcta",2023,"transportation_score",125.72
"28640","zcta",2023,"transportation_score",91.99
"28641","zcta",2023,"transportation_score",NA
"28642","zcta",2023,"transportation_score",91.52
"28643","zcta",2023,"transportation_score",90.5
"28644","zcta",2023,"transportation_score",92.49
"28645","zcta",2023,"transportation_score",122.84
"28646","zcta",2023,"transportation_score",89
"28649","zcta",2023,"transportation_score",92.49
"28650","zcta",2023,"transportation_score",88.93
"28651","zcta",2023,"transportation_score",89.54
"28652","zcta",2023,"transportation_score",99.25
"28653","zcta",2023,"transportation_score",NA
"28654","zcta",2023,"transportation_score",89.6
"28655","zcta",2023,"transportation_score",123.72
"28657","zcta",2023,"transportation_score",90.47
"28658","zcta",2023,"transportation_score",123.56
"28659","zcta",2023,"transportation_score",123.12
"28660","zcta",2023,"transportation_score",90.68
"28662","zcta",2023,"transportation_score",NA
"28663","zcta",2023,"transportation_score",90.55
"28664","zcta",2023,"transportation_score",NA
"28665","zcta",2023,"transportation_score",91.51
"28666","zcta",2023,"transportation_score",82.84
"28667","zcta",2023,"transportation_score",90.07
"28668","zcta",2023,"transportation_score",100.38
"28669","zcta",2023,"transportation_score",90.56
"28670","zcta",2023,"transportation_score",89.88
"28671","zcta",2023,"transportation_score",85.76
"28672","zcta",2023,"transportation_score",86.51
"28673","zcta",2023,"transportation_score",89.7
"28675","zcta",2023,"transportation_score",92.52
"28676","zcta",2023,"transportation_score",89.39
"28677","zcta",2023,"transportation_score",122.34
"28678","zcta",2023,"transportation_score",89.63
"28679","zcta",2023,"transportation_score",90.99
"28681","zcta",2023,"transportation_score",90.91
"28682","zcta",2023,"transportation_score",94.52
"28683","zcta",2023,"transportation_score",90.1
"28684","zcta",2023,"transportation_score",91.49
"28685","zcta",2023,"transportation_score",90.32
"28689","zcta",2023,"transportation_score",92.12
"28690","zcta",2023,"transportation_score",89.39
"28692","zcta",2023,"transportation_score",89.86
"28693","zcta",2023,"transportation_score",89.29
"28694","zcta",2023,"transportation_score",90.16
"28697","zcta",2023,"transportation_score",89.92
"28701","zcta",2023,"transportation_score",89.51
"28702","zcta",2023,"transportation_score",93.48
"28704","zcta",2023,"transportation_score",93.46
"28705","zcta",2023,"transportation_score",90.78
"28707","zcta",2023,"transportation_score",87.09
"28708","zcta",2023,"transportation_score",90.96
"28709","zcta",2023,"transportation_score",91.64
"28710","zcta",2023,"transportation_score",NA
"28711","zcta",2023,"transportation_score",91.73
"28712","zcta",2023,"transportation_score",126.87
"28713","zcta",2023,"transportation_score",91.98
"28714","zcta",2023,"transportation_score",90.75
"28715","zcta",2023,"transportation_score",90.59
"28716","zcta",2023,"transportation_score",92.71
"28717","zcta",2023,"transportation_score",88.2
"28718","zcta",2023,"transportation_score",88.43
"28719","zcta",2023,"transportation_score",90.81
"28720","zcta",2023,"transportation_score",94.27
"28721","zcta",2023,"transportation_score",90.45
"28722","zcta",2023,"transportation_score",90.49
"28723","zcta",2023,"transportation_score",92.76
"28725","zcta",2023,"transportation_score",NA
"28726","zcta",2023,"transportation_score",91.05
"28729","zcta",2023,"transportation_score",91.14
"28730","zcta",2023,"transportation_score",92.18
"28731","zcta",2023,"transportation_score",90.48
"28732","zcta",2023,"transportation_score",91.33
"28733","zcta",2023,"transportation_score",NA
"28734","zcta",2023,"transportation_score",122.95
"28735","zcta",2023,"transportation_score",86.13
"28736","zcta",2023,"transportation_score",92.89
"28739","zcta",2023,"transportation_score",91.69
"28740","zcta",2023,"transportation_score",91.77
"28741","zcta",2023,"transportation_score",92.34
"28742","zcta",2023,"transportation_score",92.21
"28743","zcta",2023,"transportation_score",92.69
"28745","zcta",2023,"transportation_score",88.41
"28746","zcta",2023,"transportation_score",92.4
"28747","zcta",2023,"transportation_score",90.24
"28748","zcta",2023,"transportation_score",90.36
"28749","zcta",2023,"transportation_score",NA
"28751","zcta",2023,"transportation_score",91.75
"28752","zcta",2023,"transportation_score",131.3
"28753","zcta",2023,"transportation_score",90.81
"28754","zcta",2023,"transportation_score",91.65
"28755","zcta",2023,"transportation_score",NA
"28756","zcta",2023,"transportation_score",91.22
"28757","zcta",2023,"transportation_score",NA
"28758","zcta",2023,"transportation_score",NA
"28759","zcta",2023,"transportation_score",90.78
"28761","zcta",2023,"transportation_score",90
"28762","zcta",2023,"transportation_score",90.74
"28763","zcta",2023,"transportation_score",89.38
"28766","zcta",2023,"transportation_score",90.12
"28768","zcta",2023,"transportation_score",90.4
"28770","zcta",2023,"transportation_score",NA
"28771","zcta",2023,"transportation_score",90.18
"28772","zcta",2023,"transportation_score",92.62
"28773","zcta",2023,"transportation_score",90.93
"28774","zcta",2023,"transportation_score",96
"28775","zcta",2023,"transportation_score",90.2
"28777","zcta",2023,"transportation_score",91.02
"28778","zcta",2023,"transportation_score",91.67
"28779","zcta",2023,"transportation_score",90.16
"28781","zcta",2023,"transportation_score",88.34
"28782","zcta",2023,"transportation_score",92.16
"28783","zcta",2023,"transportation_score",91.7
"28785","zcta",2023,"transportation_score",91.12
"28786","zcta",2023,"transportation_score",91.61
"28787","zcta",2023,"transportation_score",92.46
"28788","zcta",2023,"transportation_score",90.41
"28789","zcta",2023,"transportation_score",89.18
"28790","zcta",2023,"transportation_score",89.05
"28791","zcta",2023,"transportation_score",90.64
"28792","zcta",2023,"transportation_score",92.2
"28801","zcta",2023,"transportation_score",104.71
"28803","zcta",2023,"transportation_score",94.41
"28804","zcta",2023,"transportation_score",92.59
"28805","zcta",2023,"transportation_score",93.82
"28806","zcta",2023,"transportation_score",93.92
"28901","zcta",2023,"transportation_score",90.74
"28902","zcta",2023,"transportation_score",89.44
"28904","zcta",2023,"transportation_score",90.6
"28905","zcta",2023,"transportation_score",90.72
"28906","zcta",2023,"transportation_score",92.11
"28909","zcta",2023,"transportation_score",87.83
"27006","zcta",2023,"transportation_rnk",90.9365
"27007","zcta",2023,"transportation_rnk",21.199
"27009","zcta",2023,"transportation_rnk",31.3534
"27011","zcta",2023,"transportation_rnk",23.2901
"27012","zcta",2023,"transportation_rnk",90.0528
"27013","zcta",2023,"transportation_rnk",15.1458
"27014","zcta",2023,"transportation_rnk",24.436
"27016","zcta",2023,"transportation_rnk",7.8367
"27017","zcta",2023,"transportation_rnk",34.8623
"27018","zcta",2023,"transportation_rnk",70.8542
"27019","zcta",2023,"transportation_rnk",31.9522
"27020","zcta",2023,"transportation_rnk",29.5504
"27021","zcta",2023,"transportation_rnk",12.9123
"27022","zcta",2023,"transportation_rnk",28.2491
"27023","zcta",2023,"transportation_rnk",89.5963
"27024","zcta",2023,"transportation_rnk",34.0207
"27025","zcta",2023,"transportation_rnk",35.2831
"27027","zcta",2023,"transportation_rnk",22.1765
"27028","zcta",2023,"transportation_rnk",20.9789
"27030","zcta",2023,"transportation_rnk",42.5436
"27040","zcta",2023,"transportation_rnk",91.0141
"27041","zcta",2023,"transportation_rnk",38.0118
"27042","zcta",2023,"transportation_rnk",74.9199
"27043","zcta",2023,"transportation_rnk",35.5776
"27045","zcta",2023,"transportation_rnk",38.3129
"27046","zcta",2023,"transportation_rnk",5.286
"27047","zcta",2023,"transportation_rnk",22.4938
"27048","zcta",2023,"transportation_rnk",25.6725
"27050","zcta",2023,"transportation_rnk",20.2797
"27051","zcta",2023,"transportation_rnk",24.8729
"27052","zcta",2023,"transportation_rnk",18.2986
"27053","zcta",2023,"transportation_rnk",63.6358
"27054","zcta",2023,"transportation_rnk",11.2776
"27055","zcta",2023,"transportation_rnk",21.759
"27101","zcta",2023,"transportation_rnk",93.2282
"27103","zcta",2023,"transportation_rnk",92.037
"27104","zcta",2023,"transportation_rnk",91.7554
"27105","zcta",2023,"transportation_rnk",93.594
"27106","zcta",2023,"transportation_rnk",91.2763
"27107","zcta",2023,"transportation_rnk",91.176
"27109","zcta",2023,"transportation_rnk",NA
"27110","zcta",2023,"transportation_rnk",NA
"27127","zcta",2023,"transportation_rnk",91.0756
"27201","zcta",2023,"transportation_rnk",3.4312
"27202","zcta",2023,"transportation_rnk",NA
"27203","zcta",2023,"transportation_rnk",35.1568
"27205","zcta",2023,"transportation_rnk",48.5126
"27207","zcta",2023,"transportation_rnk",14.3301
"27208","zcta",2023,"transportation_rnk",6.5387
"27209","zcta",2023,"transportation_rnk",54.6434
"27212","zcta",2023,"transportation_rnk",NA
"27213","zcta",2023,"transportation_rnk",NA
"27214","zcta",2023,"transportation_rnk",37.1735
"27215","zcta",2023,"transportation_rnk",77.8008
"27217","zcta",2023,"transportation_rnk",78.2702
"27229","zcta",2023,"transportation_rnk",9.0862
"27231","zcta",2023,"transportation_rnk",27.0676
"27233","zcta",2023,"transportation_rnk",17.8228
"27235","zcta",2023,"transportation_rnk",19.7715
"27239","zcta",2023,"transportation_rnk",25.6725
"27242","zcta",2023,"transportation_rnk",25.0445
"27243","zcta",2023,"transportation_rnk",43.1036
"27244","zcta",2023,"transportation_rnk",55.1452
"27247","zcta",2023,"transportation_rnk",72.7543
"27248","zcta",2023,"transportation_rnk",7.6393
"27249","zcta",2023,"transportation_rnk",30.8937
"27252","zcta",2023,"transportation_rnk",50.9598
"27253","zcta",2023,"transportation_rnk",78.3219
"27256","zcta",2023,"transportation_rnk",NA
"27258","zcta",2023,"transportation_rnk",12.4009
"27259","zcta",2023,"transportation_rnk",NA
"27260","zcta",2023,"transportation_rnk",92.6909
"27262","zcta",2023,"transportation_rnk",92.1406
"27263","zcta",2023,"transportation_rnk",91.244
"27265","zcta",2023,"transportation_rnk",90.9753
"27268","zcta",2023,"transportation_rnk",NA
"27278","zcta",2023,"transportation_rnk",87.0294
"27281","zcta",2023,"transportation_rnk",15.5278
"27282","zcta",2023,"transportation_rnk",90.2535
"27283","zcta",2023,"transportation_rnk",41.7959
"27284","zcta",2023,"transportation_rnk",90.2955
"27288","zcta",2023,"transportation_rnk",58.3563
"27291","zcta",2023,"transportation_rnk",37.5166
"27292","zcta",2023,"transportation_rnk",91.176
"27295","zcta",2023,"transportation_rnk",53.5688
"27298","zcta",2023,"transportation_rnk",33.0107
"27299","zcta",2023,"transportation_rnk",35.8949
"27301","zcta",2023,"transportation_rnk",34.8623
"27302","zcta",2023,"transportation_rnk",77.7522
"27305","zcta",2023,"transportation_rnk",33.8005
"27306","zcta",2023,"transportation_rnk",32.1076
"27310","zcta",2023,"transportation_rnk",63.6358
"27311","zcta",2023,"transportation_rnk",52.384
"27312","zcta",2023,"transportation_rnk",56.7831
"27313","zcta",2023,"transportation_rnk",35.8949
"27314","zcta",2023,"transportation_rnk",10.4295
"27315","zcta",2023,"transportation_rnk",24.1382
"27316","zcta",2023,"transportation_rnk",9.5653
"27317","zcta",2023,"transportation_rnk",50.8465
"27320","zcta",2023,"transportation_rnk",96.0444
"27325","zcta",2023,"transportation_rnk",43.6733
"27326","zcta",2023,"transportation_rnk",11.6499
"27330","zcta",2023,"transportation_rnk",97.5431
"27332","zcta",2023,"transportation_rnk",97.5885
"27340","zcta",2023,"transportation_rnk",NA
"27341","zcta",2023,"transportation_rnk",36.6782
"27342","zcta",2023,"transportation_rnk",NA
"27343","zcta",2023,"transportation_rnk",21.4515
"27344","zcta",2023,"transportation_rnk",21.882
"27349","zcta",2023,"transportation_rnk",37.8241
"27350","zcta",2023,"transportation_rnk",20.1437
"27351","zcta",2023,"transportation_rnk",3.2402
"27355","zcta",2023,"transportation_rnk",22.0309
"27356","zcta",2023,"transportation_rnk",23.685
"27357","zcta",2023,"transportation_rnk",58.1912
"27358","zcta",2023,"transportation_rnk",43.6733
"27360","zcta",2023,"transportation_rnk",91.9334
"27370","zcta",2023,"transportation_rnk",65.9308
"27371","zcta",2023,"transportation_rnk",66.2415
"27374","zcta",2023,"transportation_rnk",66.7627
"27376","zcta",2023,"transportation_rnk",34.4738
"27377","zcta",2023,"transportation_rnk",64.7946
"27379","zcta",2023,"transportation_rnk",15.5278
"27401","zcta",2023,"transportation_rnk",93.6232
"27403","zcta",2023,"transportation_rnk",93.3286
"27405","zcta",2023,"transportation_rnk",93.3966
"27406","zcta",2023,"transportation_rnk",91.914
"27407","zcta",2023,"transportation_rnk",91.7133
"27408","zcta",2023,"transportation_rnk",90.8588
"27409","zcta",2023,"transportation_rnk",89.7647
"27410","zcta",2023,"transportation_rnk",90.4315
"27411","zcta",2023,"transportation_rnk",NA
"27412","zcta",2023,"transportation_rnk",NA
"27455","zcta",2023,"transportation_rnk",89.4572
"27501","zcta",2023,"transportation_rnk",36.3642
"27502","zcta",2023,"transportation_rnk",79.3804
"27503","zcta",2023,"transportation_rnk",NA
"27504","zcta",2023,"transportation_rnk",81.1187
"27505","zcta",2023,"transportation_rnk",12.9868
"27506","zcta",2023,"transportation_rnk",NA
"27507","zcta",2023,"transportation_rnk",6.2279
"27508","zcta",2023,"transportation_rnk",31.5023
"27509","zcta",2023,"transportation_rnk",NA
"27510","zcta",2023,"transportation_rnk",93.0275
"27511","zcta",2023,"transportation_rnk",80.3224
"27513","zcta",2023,"transportation_rnk",79.128
"27514","zcta",2023,"transportation_rnk",93.2088
"27516","zcta",2023,"transportation_rnk",88.3372
"27517","zcta",2023,"transportation_rnk",87.5117
"27518","zcta",2023,"transportation_rnk",79.8174
"27519","zcta",2023,"transportation_rnk",79.4776
"27520","zcta",2023,"transportation_rnk",78.1245
"27521","zcta",2023,"transportation_rnk",44.7901
"27522","zcta",2023,"transportation_rnk",35.8949
"27523","zcta",2023,"transportation_rnk",79.1668
"27524","zcta",2023,"transportation_rnk",22.4938
"27525","zcta",2023,"transportation_rnk",32.5705
"27526","zcta",2023,"transportation_rnk",78.8884
"27527","zcta",2023,"transportation_rnk",42.3882
"27529","zcta",2023,"transportation_rnk",78.6327
"27530","zcta",2023,"transportation_rnk",91.4414
"27531","zcta",2023,"transportation_rnk",NA
"27533","zcta",2023,"transportation_rnk",NA
"27534","zcta",2023,"transportation_rnk",92.4805
"27536","zcta",2023,"transportation_rnk",90.7584
"27537","zcta",2023,"transportation_rnk",35.5776
"27539","zcta",2023,"transportation_rnk",62.1727
"27540","zcta",2023,"transportation_rnk",78.7428
"27541","zcta",2023,"transportation_rnk",18.7518
"27542","zcta",2023,"transportation_rnk",39.4653
"27544","zcta",2023,"transportation_rnk",21.882
"27545","zcta",2023,"transportation_rnk",78.8334
"27546","zcta",2023,"transportation_rnk",41.0093
"27549","zcta",2023,"transportation_rnk",29.9582
"27551","zcta",2023,"transportation_rnk",71.2394
"27553","zcta",2023,"transportation_rnk",41.6567
"27555","zcta",2023,"transportation_rnk",57.8869
"27556","zcta",2023,"transportation_rnk",0.9743
"27557","zcta",2023,"transportation_rnk",19.587
"27559","zcta",2023,"transportation_rnk",52.4909
"27560","zcta",2023,"transportation_rnk",79.3707
"27562","zcta",2023,"transportation_rnk",71.8318
"27563","zcta",2023,"transportation_rnk",23.9925
"27565","zcta",2023,"transportation_rnk",26.922
"27568","zcta",2023,"transportation_rnk",18.6482
"27569","zcta",2023,"transportation_rnk",71.5793
"27570","zcta",2023,"transportation_rnk",NA
"27571","zcta",2023,"transportation_rnk",49.5905
"27572","zcta",2023,"transportation_rnk",15.2947
"27573","zcta",2023,"transportation_rnk",85.5437
"27574","zcta",2023,"transportation_rnk",34.2828
"27576","zcta",2023,"transportation_rnk",31.9522
"27577","zcta",2023,"transportation_rnk",36.6782
"27581","zcta",2023,"transportation_rnk",17.4926
"27582","zcta",2023,"transportation_rnk",60.2726
"27583","zcta",2023,"transportation_rnk",43.1036
"27584","zcta",2023,"transportation_rnk",0.4953
"27587","zcta",2023,"transportation_rnk",78.5259
"27589","zcta",2023,"transportation_rnk",45.6641
"27591","zcta",2023,"transportation_rnk",47.8652
"27592","zcta",2023,"transportation_rnk",78.432
"27593","zcta",2023,"transportation_rnk",NA
"27594","zcta",2023,"transportation_rnk",NA
"27596","zcta",2023,"transportation_rnk",22.3254
"27597","zcta",2023,"transportation_rnk",60.6157
"27599","zcta",2023,"transportation_rnk",NA
"27601","zcta",2023,"transportation_rnk",75.5802
"27603","zcta",2023,"transportation_rnk",78.8561
"27604","zcta",2023,"transportation_rnk",80.1217
"27605","zcta",2023,"transportation_rnk",73.897
"27606","zcta",2023,"transportation_rnk",80.3224
"27607","zcta",2023,"transportation_rnk",79.7851
"27608","zcta",2023,"transportation_rnk",78.7751
"27609","zcta",2023,"transportation_rnk",79.1441
"27610","zcta",2023,"transportation_rnk",80.5166
"27612","zcta",2023,"transportation_rnk",78.7007
"27613","zcta",2023,"transportation_rnk",79.0244
"27614","zcta",2023,"transportation_rnk",79.2024
"27615","zcta",2023,"transportation_rnk",78.6748
"27616","zcta",2023,"transportation_rnk",78.8075
"27617","zcta",2023,"transportation_rnk",79.1959
"27695","zcta",2023,"transportation_rnk",NA
"27697","zcta",2023,"transportation_rnk",NA
"27701","zcta",2023,"transportation_rnk",88.9748
"27703","zcta",2023,"transportation_rnk",87.2075
"27704","zcta",2023,"transportation_rnk",88.5184
"27705","zcta",2023,"transportation_rnk",90.0366
"27707","zcta",2023,"transportation_rnk",87.5538
"27708","zcta",2023,"transportation_rnk",NA
"27709","zcta",2023,"transportation_rnk",NA
"27712","zcta",2023,"transportation_rnk",86.2072
"27713","zcta",2023,"transportation_rnk",86.0065
"27801","zcta",2023,"transportation_rnk",80.4843
"27803","zcta",2023,"transportation_rnk",79.0082
"27804","zcta",2023,"transportation_rnk",78.364
"27805","zcta",2023,"transportation_rnk",34.2828
"27806","zcta",2023,"transportation_rnk",18.9914
"27807","zcta",2023,"transportation_rnk",14.2557
"27808","zcta",2023,"transportation_rnk",16.5701
"27809","zcta",2023,"transportation_rnk",13.2166
"27810","zcta",2023,"transportation_rnk",46.0946
"27812","zcta",2023,"transportation_rnk",17.4926
"27813","zcta",2023,"transportation_rnk",48.354
"27814","zcta",2023,"transportation_rnk",21.3285
"27815","zcta",2023,"transportation_rnk",NA
"27816","zcta",2023,"transportation_rnk",66.5652
"27817","zcta",2023,"transportation_rnk",9.8857
"27818","zcta",2023,"transportation_rnk",69.9705
"27819","zcta",2023,"transportation_rnk",20.8526
"27820","zcta",2023,"transportation_rnk",14.5599
"27821","zcta",2023,"transportation_rnk",NA
"27822","zcta",2023,"transportation_rnk",21.6133
"27823","zcta",2023,"transportation_rnk",52.8113
"27824","zcta",2023,"transportation_rnk",68.7534
"27825","zcta",2023,"transportation_rnk",4.1174
"27826","zcta",2023,"transportation_rnk",NA
"27827","zcta",2023,"transportation_rnk",2.9586
"27828","zcta",2023,"transportation_rnk",63.2635
"27829","zcta",2023,"transportation_rnk",62.833
"27830","zcta",2023,"transportation_rnk",35.5776
"27831","zcta",2023,"transportation_rnk",31.1753
"27832","zcta",2023,"transportation_rnk",55.6955
"27834","zcta",2023,"transportation_rnk",91.9658
"27837","zcta",2023,"transportation_rnk",44.0585
"27839","zcta",2023,"transportation_rnk",20.3735
"27840","zcta",2023,"transportation_rnk",6.0499
"27841","zcta",2023,"transportation_rnk",NA
"27842","zcta",2023,"transportation_rnk",20.7199
"27843","zcta",2023,"transportation_rnk",42.1066
"27844","zcta",2023,"transportation_rnk",29.2073
"27845","zcta",2023,"transportation_rnk",14.971
"27846","zcta",2023,"transportation_rnk",18.4249
"27847","zcta",2023,"transportation_rnk",7.1926
"27849","zcta",2023,"transportation_rnk",4.8684
"27850","zcta",2023,"transportation_rnk",41.1711
"27851","zcta",2023,"transportation_rnk",29.9582
"27852","zcta",2023,"transportation_rnk",14.657
"27853","zcta",2023,"transportation_rnk",64.131
"27855","zcta",2023,"transportation_rnk",61.4184
"27856","zcta",2023,"transportation_rnk",58.7382
"27857","zcta",2023,"transportation_rnk",7.0987
"27858","zcta",2023,"transportation_rnk",89.1496
"27860","zcta",2023,"transportation_rnk",48.9625
"27861","zcta",2023,"transportation_rnk",2.6932
"27862","zcta",2023,"transportation_rnk",8.0601
"27863","zcta",2023,"transportation_rnk",11.1028
"27864","zcta",2023,"transportation_rnk",26.7569
"27865","zcta",2023,"transportation_rnk",18.9914
"27866","zcta",2023,"transportation_rnk",14.4563
"27869","zcta",2023,"transportation_rnk",19.7715
"27870","zcta",2023,"transportation_rnk",46.2273
"27871","zcta",2023,"transportation_rnk",25.6725
"27872","zcta",2023,"transportation_rnk",53.4846
"27873","zcta",2023,"transportation_rnk",65.8822
"27874","zcta",2023,"transportation_rnk",77.1405
"27875","zcta",2023,"transportation_rnk",1.7318
"27876","zcta",2023,"transportation_rnk",17.9296
"27877","zcta",2023,"transportation_rnk",NA
"27878","zcta",2023,"transportation_rnk",63.9465
"27879","zcta",2023,"transportation_rnk",14.657
"27880","zcta",2023,"transportation_rnk",11.1482
"27881","zcta",2023,"transportation_rnk",NA
"27882","zcta",2023,"transportation_rnk",30.7578
"27883","zcta",2023,"transportation_rnk",9.8857
"27884","zcta",2023,"transportation_rnk",5.6388
"27885","zcta",2023,"transportation_rnk",4.4994
"27886","zcta",2023,"transportation_rnk",72.8935
"27888","zcta",2023,"transportation_rnk",5.3443
"27889","zcta",2023,"transportation_rnk",89.9686
"27890","zcta",2023,"transportation_rnk",48.1339
"27891","zcta",2023,"transportation_rnk",23.685
"27892","zcta",2023,"transportation_rnk",97.7697
"27893","zcta",2023,"transportation_rnk",81.2514
"27896","zcta",2023,"transportation_rnk",78.2863
"27897","zcta",2023,"transportation_rnk",5.3281
"27909","zcta",2023,"transportation_rnk",94.7075
"27910","zcta",2023,"transportation_rnk",44.7901
"27915","zcta",2023,"transportation_rnk",2.3403
"27916","zcta",2023,"transportation_rnk",10.4295
"27917","zcta",2023,"transportation_rnk",31.1753
"27919","zcta",2023,"transportation_rnk",5.7845
"27920","zcta",2023,"transportation_rnk",67.6852
"27921","zcta",2023,"transportation_rnk",40.6921
"27922","zcta",2023,"transportation_rnk",16.8193
"27923","zcta",2023,"transportation_rnk",23.1509
"27924","zcta",2023,"transportation_rnk",11.9703
"27925","zcta",2023,"transportation_rnk",55.5369
"27926","zcta",2023,"transportation_rnk",6.3348
"27927","zcta",2023,"transportation_rnk",74.6609
"27928","zcta",2023,"transportation_rnk",66.5652
"27929","zcta",2023,"transportation_rnk",42.5436
"27932","zcta",2023,"transportation_rnk",37.3191
"27935","zcta",2023,"transportation_rnk",14.4563
"27936","zcta",2023,"transportation_rnk",65.2187
"27937","zcta",2023,"transportation_rnk",10.3421
"27938","zcta",2023,"transportation_rnk",26.7569
"27939","zcta",2023,"transportation_rnk",22.688
"27941","zcta",2023,"transportation_rnk",3.0039
"27942","zcta",2023,"transportation_rnk",5.9884
"27943","zcta",2023,"transportation_rnk",71.3657
"27944","zcta",2023,"transportation_rnk",30.8937
"27946","zcta",2023,"transportation_rnk",11.2097
"27947","zcta",2023,"transportation_rnk",4.2502
"27948","zcta",2023,"transportation_rnk",32.2792
"27949","zcta",2023,"transportation_rnk",40.8539
"27950","zcta",2023,"transportation_rnk",35.4223
"27953","zcta",2023,"transportation_rnk",20.4739
"27954","zcta",2023,"transportation_rnk",94.9018
"27956","zcta",2023,"transportation_rnk",3.5477
"27957","zcta",2023,"transportation_rnk",72.2461
"27958","zcta",2023,"transportation_rnk",24.436
"27959","zcta",2023,"transportation_rnk",23.9925
"27960","zcta",2023,"transportation_rnk",60.8682
"27962","zcta",2023,"transportation_rnk",49.3445
"27964","zcta",2023,"transportation_rnk",4.2145
"27965","zcta",2023,"transportation_rnk",3.3729
"27966","zcta",2023,"transportation_rnk",57.7704
"27967","zcta",2023,"transportation_rnk",2.4763
"27968","zcta",2023,"transportation_rnk",63.8559
"27969","zcta",2023,"transportation_rnk",1.6994
"27970","zcta",2023,"transportation_rnk",59.4471
"27972","zcta",2023,"transportation_rnk",59.3274
"27973","zcta",2023,"transportation_rnk",53.6691
"27974","zcta",2023,"transportation_rnk",39.0412
"27976","zcta",2023,"transportation_rnk",18.6482
"27978","zcta",2023,"transportation_rnk",49.7038
"27979","zcta",2023,"transportation_rnk",59.6413
"27980","zcta",2023,"transportation_rnk",13.6892
"27981","zcta",2023,"transportation_rnk",63.0466
"27982","zcta",2023,"transportation_rnk",71.9289
"27983","zcta",2023,"transportation_rnk",49.8916
"27985","zcta",2023,"transportation_rnk",68.1934
"27986","zcta",2023,"transportation_rnk",NA
"28001","zcta",2023,"transportation_rnk",46.0946
"28006","zcta",2023,"transportation_rnk",25.2258
"28007","zcta",2023,"transportation_rnk",61.9493
"28009","zcta",2023,"transportation_rnk",33.5869
"28012","zcta",2023,"transportation_rnk",96.4879
"28016","zcta",2023,"transportation_rnk",95.8826
"28017","zcta",2023,"transportation_rnk",NA
"28018","zcta",2023,"transportation_rnk",30.1169
"28019","zcta",2023,"transportation_rnk",NA
"28020","zcta",2023,"transportation_rnk",40.4299
"28021","zcta",2023,"transportation_rnk",20.7199
"28023","zcta",2023,"transportation_rnk",25.5139
"28024","zcta",2023,"transportation_rnk",NA
"28025","zcta",2023,"transportation_rnk",95.6042
"28027","zcta",2023,"transportation_rnk",95.6851
"28031","zcta",2023,"transportation_rnk",89.1335
"28032","zcta",2023,"transportation_rnk",15.7317
"28033","zcta",2023,"transportation_rnk",14.657
"28034","zcta",2023,"transportation_rnk",95.9214
"28036","zcta",2023,"transportation_rnk",90.1434
"28037","zcta",2023,"transportation_rnk",40.6921
"28039","zcta",2023,"transportation_rnk",NA
"28040","zcta",2023,"transportation_rnk",44.7901
"28041","zcta",2023,"transportation_rnk",NA
"28042","zcta",2023,"transportation_rnk",10.6917
"28043","zcta",2023,"transportation_rnk",28.0549
"28052","zcta",2023,"transportation_rnk",96.5526
"28054","zcta",2023,"transportation_rnk",96.0379
"28056","zcta",2023,"transportation_rnk",95.7725
"28071","zcta",2023,"transportation_rnk",37.8241
"28072","zcta",2023,"transportation_rnk",7.1214
"28073","zcta",2023,"transportation_rnk",10.8989
"28074","zcta",2023,"transportation_rnk",NA
"28075","zcta",2023,"transportation_rnk",95.8987
"28076","zcta",2023,"transportation_rnk",1.0779
"28077","zcta",2023,"transportation_rnk",4.1887
"28078","zcta",2023,"transportation_rnk",90.3926
"28079","zcta",2023,"transportation_rnk",87.3725
"28080","zcta",2023,"transportation_rnk",48.5126
"28081","zcta",2023,"transportation_rnk",95.834
"28083","zcta",2023,"transportation_rnk",95.5912
"28086","zcta",2023,"transportation_rnk",95.9991
"28088","zcta",2023,"transportation_rnk",25.0445
"28089","zcta",2023,"transportation_rnk",NA
"28090","zcta",2023,"transportation_rnk",16.6899
"28091","zcta",2023,"transportation_rnk",25.8376
"28092","zcta",2023,"transportation_rnk",94.659
"28097","zcta",2023,"transportation_rnk",24.436
"28098","zcta",2023,"transportation_rnk",39.4653
"28101","zcta",2023,"transportation_rnk",39.0412
"28102","zcta",2023,"transportation_rnk",56.673
"28103","zcta",2023,"transportation_rnk",44.5149
"28104","zcta",2023,"transportation_rnk",87.871
"28105","zcta",2023,"transportation_rnk",89.797
"28107","zcta",2023,"transportation_rnk",58.3563
"28108","zcta",2023,"transportation_rnk",NA
"28109","zcta",2023,"transportation_rnk",NA
"28110","zcta",2023,"transportation_rnk",87.4794
"28112","zcta",2023,"transportation_rnk",89.7291
"28114","zcta",2023,"transportation_rnk",25.6725
"28115","zcta",2023,"transportation_rnk",87.6477
"28117","zcta",2023,"transportation_rnk",88.936
"28119","zcta",2023,"transportation_rnk",44.6509
"28120","zcta",2023,"transportation_rnk",96.1253
"28124","zcta",2023,"transportation_rnk",27.7247
"28125","zcta",2023,"transportation_rnk",27.3492
"28127","zcta",2023,"transportation_rnk",33.1564
"28128","zcta",2023,"transportation_rnk",39.6239
"28129","zcta",2023,"transportation_rnk",21.759
"28133","zcta",2023,"transportation_rnk",6.1535
"28134","zcta",2023,"transportation_rnk",90.0657
"28135","zcta",2023,"transportation_rnk",33.8005
"28136","zcta",2023,"transportation_rnk",NA
"28137","zcta",2023,"transportation_rnk",34.5968
"28138","zcta",2023,"transportation_rnk",43.1036
"28139","zcta",2023,"transportation_rnk",44.2625
"28144","zcta",2023,"transportation_rnk",95.6981
"28146","zcta",2023,"transportation_rnk",95.206
"28147","zcta",2023,"transportation_rnk",95.7401
"28150","zcta",2023,"transportation_rnk",82.6174
"28152","zcta",2023,"transportation_rnk",81.7467
"28159","zcta",2023,"transportation_rnk",38.1575
"28160","zcta",2023,"transportation_rnk",21.199
"28163","zcta",2023,"transportation_rnk",15.0617
"28164","zcta",2023,"transportation_rnk",95.8405
"28166","zcta",2023,"transportation_rnk",59.0975
"28167","zcta",2023,"transportation_rnk",56.8575
"28168","zcta",2023,"transportation_rnk",31.0394
"28169","zcta",2023,"transportation_rnk",0.7413
"28170","zcta",2023,"transportation_rnk",72.9453
"28173","zcta",2023,"transportation_rnk",89.1496
"28174","zcta",2023,"transportation_rnk",62.5417
"28202","zcta",2023,"transportation_rnk",94.536
"28203","zcta",2023,"transportation_rnk",93.7008
"28204","zcta",2023,"transportation_rnk",93.0178
"28205","zcta",2023,"transportation_rnk",93.5196
"28206","zcta",2023,"transportation_rnk",94.7075
"28207","zcta",2023,"transportation_rnk",88.13
"28208","zcta",2023,"transportation_rnk",92.9855
"28209","zcta",2023,"transportation_rnk",92.542
"28210","zcta",2023,"transportation_rnk",92.3025
"28211","zcta",2023,"transportation_rnk",90.3473
"28212","zcta",2023,"transportation_rnk",92.5711
"28213","zcta",2023,"transportation_rnk",92.351
"28214","zcta",2023,"transportation_rnk",89.9815
"28215","zcta",2023,"transportation_rnk",91.2958
"28216","zcta",2023,"transportation_rnk",91.7133
"28217","zcta",2023,"transportation_rnk",93.6426
"28223","zcta",2023,"transportation_rnk",NA
"28226","zcta",2023,"transportation_rnk",89.9686
"28227","zcta",2023,"transportation_rnk",88.9619
"28244","zcta",2023,"transportation_rnk",NA
"28262","zcta",2023,"transportation_rnk",92.8689
"28269","zcta",2023,"transportation_rnk",91.3605
"28270","zcta",2023,"transportation_rnk",89.742
"28273","zcta",2023,"transportation_rnk",90.4153
"28274","zcta",2023,"transportation_rnk",NA
"28277","zcta",2023,"transportation_rnk",91.6259
"28278","zcta",2023,"transportation_rnk",62.1727
"28280","zcta",2023,"transportation_rnk",NA
"28282","zcta",2023,"transportation_rnk",NA
"28301","zcta",2023,"transportation_rnk",89.3277
"28303","zcta",2023,"transportation_rnk",85.0387
"28304","zcta",2023,"transportation_rnk",85.2426
"28305","zcta",2023,"transportation_rnk",34.8623
"28306","zcta",2023,"transportation_rnk",84.3848
"28307","zcta",2023,"transportation_rnk",86.6701
"28308","zcta",2023,"transportation_rnk",NA
"28310","zcta",2023,"transportation_rnk",NA
"28311","zcta",2023,"transportation_rnk",84.3978
"28312","zcta",2023,"transportation_rnk",62.5417
"28314","zcta",2023,"transportation_rnk",85.2135
"28315","zcta",2023,"transportation_rnk",36.0535
"28318","zcta",2023,"transportation_rnk",27.2198
"28320","zcta",2023,"transportation_rnk",14.657
"28323","zcta",2023,"transportation_rnk",13.8834
"28325","zcta",2023,"transportation_rnk",9.8016
"28326","zcta",2023,"transportation_rnk",25.2258
"28327","zcta",2023,"transportation_rnk",41.6567
"28328","zcta",2023,"transportation_rnk",94.5166
"28330","zcta",2023,"transportation_rnk",1.1135
"28331","zcta",2023,"transportation_rnk",NA
"28332","zcta",2023,"transportation_rnk",4.8943
"28333","zcta",2023,"transportation_rnk",90.875
"28334","zcta",2023,"transportation_rnk",59.0393
"28337","zcta",2023,"transportation_rnk",37.1735
"28338","zcta",2023,"transportation_rnk",9.397
"28339","zcta",2023,"transportation_rnk",14.3301
"28340","zcta",2023,"transportation_rnk",33.3312
"28341","zcta",2023,"transportation_rnk",30.5797
"28342","zcta",2023,"transportation_rnk",NA
"28343","zcta",2023,"transportation_rnk",14.2557
"28344","zcta",2023,"transportation_rnk",16.6899
"28345","zcta",2023,"transportation_rnk",95.4553
"28347","zcta",2023,"transportation_rnk",NA
"28348","zcta",2023,"transportation_rnk",83.9964
"28349","zcta",2023,"transportation_rnk",10.9572
"28350","zcta",2023,"transportation_rnk",64.9047
"28351","zcta",2023,"transportation_rnk",67.0249
"28352","zcta",2023,"transportation_rnk",90.7843
"28355","zcta",2023,"transportation_rnk",NA
"28356","zcta",2023,"transportation_rnk",21.199
"28357","zcta",2023,"transportation_rnk",48.1339
"28358","zcta",2023,"transportation_rnk",95.0863
"28359","zcta",2023,"transportation_rnk",NA
"28360","zcta",2023,"transportation_rnk",18.0559
"28362","zcta",2023,"transportation_rnk",NA
"28363","zcta",2023,"transportation_rnk",6.3671
"28364","zcta",2023,"transportation_rnk",15.6411
"28365","zcta",2023,"transportation_rnk",55.0643
"28366","zcta",2023,"transportation_rnk",57.9711
"28367","zcta",2023,"transportation_rnk",3.8229
"28368","zcta",2023,"transportation_rnk",0.123
"28369","zcta",2023,"transportation_rnk",12.4915
"28371","zcta",2023,"transportation_rnk",47.535
"28372","zcta",2023,"transportation_rnk",55.6955
"28373","zcta",2023,"transportation_rnk",37.0051
"28374","zcta",2023,"transportation_rnk",94.7367
"28375","zcta",2023,"transportation_rnk",4.6095
"28376","zcta",2023,"transportation_rnk",85.8123
"28377","zcta",2023,"transportation_rnk",23.8274
"28378","zcta",2023,"transportation_rnk",NA
"28379","zcta",2023,"transportation_rnk",94.413
"28382","zcta",2023,"transportation_rnk",28.8868
"28383","zcta",2023,"transportation_rnk",79.3999
"28384","zcta",2023,"transportation_rnk",42.7929
"28385","zcta",2023,"transportation_rnk",15.5278
"28386","zcta",2023,"transportation_rnk",20.1437
"28387","zcta",2023,"transportation_rnk",95.0118
"28390","zcta",2023,"transportation_rnk",87.5117
"28391","zcta",2023,"transportation_rnk",8.1054
"28392","zcta",2023,"transportation_rnk",56.4367
"28393","zcta",2023,"transportation_rnk",23.5523
"28394","zcta",2023,"transportation_rnk",40.6921
"28395","zcta",2023,"transportation_rnk",43.1036
"28396","zcta",2023,"transportation_rnk",20.3735
"28398","zcta",2023,"transportation_rnk",51.4097
"28399","zcta",2023,"transportation_rnk",65.5229
"28401","zcta",2023,"transportation_rnk",90.3732
"28403","zcta",2023,"transportation_rnk",85.8706
"28405","zcta",2023,"transportation_rnk",84.1323
"28409","zcta",2023,"transportation_rnk",83.2066
"28411","zcta",2023,"transportation_rnk",83.5529
"28412","zcta",2023,"transportation_rnk",84.1194
"28420","zcta",2023,"transportation_rnk",56.5177
"28421","zcta",2023,"transportation_rnk",10.0638
"28422","zcta",2023,"transportation_rnk",53.8892
"28423","zcta",2023,"transportation_rnk",19.2406
"28424","zcta",2023,"transportation_rnk",NA
"28425","zcta",2023,"transportation_rnk",36.5164
"28428","zcta",2023,"transportation_rnk",83.5011
"28429","zcta",2023,"transportation_rnk",23.5523
"28430","zcta",2023,"transportation_rnk",6.3348
"28431","zcta",2023,"transportation_rnk",18.7518
"28432","zcta",2023,"transportation_rnk",19.2406
"28433","zcta",2023,"transportation_rnk",16.0101
"28434","zcta",2023,"transportation_rnk",51.9988
"28435","zcta",2023,"transportation_rnk",33.5869
"28436","zcta",2023,"transportation_rnk",36.5164
"28438","zcta",2023,"transportation_rnk",18.9914
"28439","zcta",2023,"transportation_rnk",9.7206
"28441","zcta",2023,"transportation_rnk",6.9142
"28442","zcta",2023,"transportation_rnk",7.1214
"28443","zcta",2023,"transportation_rnk",43.5471
"28444","zcta",2023,"transportation_rnk",22.0309
"28445","zcta",2023,"transportation_rnk",48.5126
"28447","zcta",2023,"transportation_rnk",11.7923
"28448","zcta",2023,"transportation_rnk",8.2349
"28449","zcta",2023,"transportation_rnk",71.1715
"28450","zcta",2023,"transportation_rnk",16.0101
"28451","zcta",2023,"transportation_rnk",83.2292
"28452","zcta",2023,"transportation_rnk",65.6783
"28453","zcta",2023,"transportation_rnk",36.5164
"28454","zcta",2023,"transportation_rnk",47.535
"28455","zcta",2023,"transportation_rnk",47.7325
"28456","zcta",2023,"transportation_rnk",54.8636
"28457","zcta",2023,"transportation_rnk",47.7325
"28458","zcta",2023,"transportation_rnk",52.4909
"28460","zcta",2023,"transportation_rnk",37.3191
"28461","zcta",2023,"transportation_rnk",72.709
"28462","zcta",2023,"transportation_rnk",53.7954
"28463","zcta",2023,"transportation_rnk",13.5727
"28464","zcta",2023,"transportation_rnk",50.8465
"28465","zcta",2023,"transportation_rnk",56.673
"28466","zcta",2023,"transportation_rnk",20.4739
"28467","zcta",2023,"transportation_rnk",82.5559
"28468","zcta",2023,"transportation_rnk",83.417
"28469","zcta",2023,"transportation_rnk",26.7569
"28470","zcta",2023,"transportation_rnk",82.1545
"28472","zcta",2023,"transportation_rnk",21.882
"28478","zcta",2023,"transportation_rnk",19.9074
"28479","zcta",2023,"transportation_rnk",28.2491
"28480","zcta",2023,"transportation_rnk",49.2474
"28501","zcta",2023,"transportation_rnk",94.7399
"28504","zcta",2023,"transportation_rnk",94.4777
"28508","zcta",2023,"transportation_rnk",29.9582
"28509","zcta",2023,"transportation_rnk",NA
"28510","zcta",2023,"transportation_rnk",36.8498
"28511","zcta",2023,"transportation_rnk",57.4564
"28512","zcta",2023,"transportation_rnk",50.5034
"28513","zcta",2023,"transportation_rnk",88.3242
"28515","zcta",2023,"transportation_rnk",12.1549
"28516","zcta",2023,"transportation_rnk",29.0713
"28518","zcta",2023,"transportation_rnk",13.8057
"28519","zcta",2023,"transportation_rnk",19.587
"28520","zcta",2023,"transportation_rnk",3.0072
"28521","zcta",2023,"transportation_rnk",23.685
"28523","zcta",2023,"transportation_rnk",8.5877
"28524","zcta",2023,"transportation_rnk",36.0535
"28525","zcta",2023,"transportation_rnk",26.7569
"28526","zcta",2023,"transportation_rnk",8.0601
"28527","zcta",2023,"transportation_rnk",9.0376
"28528","zcta",2023,"transportation_rnk",10.2742
"28529","zcta",2023,"transportation_rnk",30.1169
"28530","zcta",2023,"transportation_rnk",51.701
"28531","zcta",2023,"transportation_rnk",69.867
"28532","zcta",2023,"transportation_rnk",27.0676
"28533","zcta",2023,"transportation_rnk",NA
"28537","zcta",2023,"transportation_rnk",NA
"28538","zcta",2023,"transportation_rnk",12.4009
"28539","zcta",2023,"transportation_rnk",22.3254
"28540","zcta",2023,"transportation_rnk",92.5258
"28542","zcta",2023,"transportation_rnk",NA
"28543","zcta",2023,"transportation_rnk",92.966
"28544","zcta",2023,"transportation_rnk",90.179
"28546","zcta",2023,"transportation_rnk",90.1434
"28547","zcta",2023,"transportation_rnk",NA
"28551","zcta",2023,"transportation_rnk",25.2258
"28552","zcta",2023,"transportation_rnk",1.939
"28553","zcta",2023,"transportation_rnk",52.7142
"28554","zcta",2023,"transportation_rnk",NA
"28555","zcta",2023,"transportation_rnk",47.166
"28556","zcta",2023,"transportation_rnk",9.8016
"28557","zcta",2023,"transportation_rnk",57.5146
"28560","zcta",2023,"transportation_rnk",85.0193
"28562","zcta",2023,"transportation_rnk",82.789
"28570","zcta",2023,"transportation_rnk",47.6257
"28571","zcta",2023,"transportation_rnk",48.1339
"28572","zcta",2023,"transportation_rnk",21.199
"28573","zcta",2023,"transportation_rnk",50.2573
"28574","zcta",2023,"transportation_rnk",25.5139
"28575","zcta",2023,"transportation_rnk",1.175
"28577","zcta",2023,"transportation_rnk",55.2391
"28578","zcta",2023,"transportation_rnk",62.1176
"28579","zcta",2023,"transportation_rnk",3.7419
"28580","zcta",2023,"transportation_rnk",27.8704
"28581","zcta",2023,"transportation_rnk",8.8952
"28582","zcta",2023,"transportation_rnk",22.3254
"28584","zcta",2023,"transportation_rnk",41.3265
"28585","zcta",2023,"transportation_rnk",52.9376
"28586","zcta",2023,"transportation_rnk",56.2522
"28587","zcta",2023,"transportation_rnk",54.6434
"28589","zcta",2023,"transportation_rnk",NA
"28590","zcta",2023,"transportation_rnk",91.3605
"28594","zcta",2023,"transportation_rnk",48.1339
"28601","zcta",2023,"transportation_rnk",89.6449
"28602","zcta",2023,"transportation_rnk",90.5998
"28604","zcta",2023,"transportation_rnk",45.3048
"28605","zcta",2023,"transportation_rnk",27.2198
"28606","zcta",2023,"transportation_rnk",56.0742
"28607","zcta",2023,"transportation_rnk",67.2482
"28609","zcta",2023,"transportation_rnk",13.2166
"28610","zcta",2023,"transportation_rnk",15.1458
"28611","zcta",2023,"transportation_rnk",47.3959
"28612","zcta",2023,"transportation_rnk",88.7968
"28613","zcta",2023,"transportation_rnk",88.9975
"28615","zcta",2023,"transportation_rnk",63.5257
"28616","zcta",2023,"transportation_rnk",NA
"28617","zcta",2023,"transportation_rnk",38.9214
"28618","zcta",2023,"transportation_rnk",32.1076
"28619","zcta",2023,"transportation_rnk",7.3609
"28621","zcta",2023,"transportation_rnk",45.5475
"28622","zcta",2023,"transportation_rnk",43.806
"28623","zcta",2023,"transportation_rnk",56.5177
"28624","zcta",2023,"transportation_rnk",57.0226
"28625","zcta",2023,"transportation_rnk",87.4211
"28626","zcta",2023,"transportation_rnk",13.2166
"28627","zcta",2023,"transportation_rnk",64.3317
"28628","zcta",2023,"transportation_rnk",NA
"28629","zcta",2023,"transportation_rnk",NA
"28630","zcta",2023,"transportation_rnk",88.8098
"28631","zcta",2023,"transportation_rnk",11.7923
"28634","zcta",2023,"transportation_rnk",41.1711
"28635","zcta",2023,"transportation_rnk",17.8228
"28636","zcta",2023,"transportation_rnk",42.7929
"28637","zcta",2023,"transportation_rnk",19.7715
"28638","zcta",2023,"transportation_rnk",92.1277
"28640","zcta",2023,"transportation_rnk",49.0823
"28641","zcta",2023,"transportation_rnk",NA
"28642","zcta",2023,"transportation_rnk",43.3949
"28643","zcta",2023,"transportation_rnk",27.8704
"28644","zcta",2023,"transportation_rnk",54.4266
"28645","zcta",2023,"transportation_rnk",89.564
"28646","zcta",2023,"transportation_rnk",10.4295
"28649","zcta",2023,"transportation_rnk",54.4266
"28650","zcta",2023,"transportation_rnk",9.8857
"28651","zcta",2023,"transportation_rnk",15.0617
"28652","zcta",2023,"transportation_rnk",74.5314
"28653","zcta",2023,"transportation_rnk",NA
"28654","zcta",2023,"transportation_rnk",15.7317
"28655","zcta",2023,"transportation_rnk",90.5092
"28657","zcta",2023,"transportation_rnk",27.3492
"28658","zcta",2023,"transportation_rnk",90.3214
"28659","zcta",2023,"transportation_rnk",89.8844
"28660","zcta",2023,"transportation_rnk",30.7578
"28662","zcta",2023,"transportation_rnk",NA
"28663","zcta",2023,"transportation_rnk",28.7217
"28664","zcta",2023,"transportation_rnk",NA
"28665","zcta",2023,"transportation_rnk",43.2363
"28666","zcta",2023,"transportation_rnk",0.7672
"28667","zcta",2023,"transportation_rnk",21.3285
"28668","zcta",2023,"transportation_rnk",75.399
"28669","zcta",2023,"transportation_rnk",28.8868
"28670","zcta",2023,"transportation_rnk",18.9914
"28671","zcta",2023,"transportation_rnk",2.3177
"28672","zcta",2023,"transportation_rnk",3.1237
"28673","zcta",2023,"transportation_rnk",16.8193
"28675","zcta",2023,"transportation_rnk",54.7535
"28676","zcta",2023,"transportation_rnk",13.4723
"28677","zcta",2023,"transportation_rnk",88.9748
"28678","zcta",2023,"transportation_rnk",16.0101
"28679","zcta",2023,"transportation_rnk",35.4223
"28681","zcta",2023,"transportation_rnk",34.2828
"28682","zcta",2023,"transportation_rnk",66.6526
"28683","zcta",2023,"transportation_rnk",21.759
"28684","zcta",2023,"transportation_rnk",42.9838
"28685","zcta",2023,"transportation_rnk",25.0445
"28689","zcta",2023,"transportation_rnk",50.6005
"28690","zcta",2023,"transportation_rnk",13.4723
"28692","zcta",2023,"transportation_rnk",18.7518
"28693","zcta",2023,"transportation_rnk",12.5757
"28694","zcta",2023,"transportation_rnk",22.688
"28697","zcta",2023,"transportation_rnk",19.4575
"28701","zcta",2023,"transportation_rnk",14.657
"28702","zcta",2023,"transportation_rnk",61.713
"28704","zcta",2023,"transportation_rnk",61.6062
"28705","zcta",2023,"transportation_rnk",32.2792
"28707","zcta",2023,"transportation_rnk",3.8552
"28708","zcta",2023,"transportation_rnk",35.0079
"28709","zcta",2023,"transportation_rnk",44.9131
"28710","zcta",2023,"transportation_rnk",NA
"28711","zcta",2023,"transportation_rnk",46.0946
"28712","zcta",2023,"transportation_rnk",92.6165
"28713","zcta",2023,"transportation_rnk",48.9625
"28714","zcta",2023,"transportation_rnk",31.8001
"28715","zcta",2023,"transportation_rnk",29.3626
"28716","zcta",2023,"transportation_rnk",56.4367
"28717","zcta",2023,"transportation_rnk",6.461
"28718","zcta",2023,"transportation_rnk",7.3091
"28719","zcta",2023,"transportation_rnk",32.6838
"28720","zcta",2023,"transportation_rnk",65.6459
"28721","zcta",2023,"transportation_rnk",27.0676
"28722","zcta",2023,"transportation_rnk",27.7247
"28723","zcta",2023,"transportation_rnk",56.8575
"28725","zcta",2023,"transportation_rnk",NA
"28726","zcta",2023,"transportation_rnk",36.3642
"28729","zcta",2023,"transportation_rnk",37.8241
"28730","zcta",2023,"transportation_rnk",51.2996
"28731","zcta",2023,"transportation_rnk",27.5564
"28732","zcta",2023,"transportation_rnk",40.6921
"28733","zcta",2023,"transportation_rnk",NA
"28734","zcta",2023,"transportation_rnk",89.674
"28735","zcta",2023,"transportation_rnk",2.732
"28736","zcta",2023,"transportation_rnk",57.8351
"28739","zcta",2023,"transportation_rnk",45.5475
"28740","zcta",2023,"transportation_rnk",46.5413
"28741","zcta",2023,"transportation_rnk",52.9376
"28742","zcta",2023,"transportation_rnk",51.6136
"28743","zcta",2023,"transportation_rnk",56.2522
"28745","zcta",2023,"transportation_rnk",7.2379
"28746","zcta",2023,"transportation_rnk",53.5688
"28747","zcta",2023,"transportation_rnk",23.8274
"28748","zcta",2023,"transportation_rnk",25.6725
"28749","zcta",2023,"transportation_rnk",NA
"28751","zcta",2023,"transportation_rnk",46.3535
"28752","zcta",2023,"transportation_rnk",94.0084
"28753","zcta",2023,"transportation_rnk",32.6838
"28754","zcta",2023,"transportation_rnk",45.007
"28755","zcta",2023,"transportation_rnk",NA
"28756","zcta",2023,"transportation_rnk",39.0412
"28757","zcta",2023,"transportation_rnk",NA
"28758","zcta",2023,"transportation_rnk",NA
"28759","zcta",2023,"transportation_rnk",32.2792
"28761","zcta",2023,"transportation_rnk",20.4739
"28762","zcta",2023,"transportation_rnk",31.6738
"28763","zcta",2023,"transportation_rnk",13.359
"28766","zcta",2023,"transportation_rnk",22.0309
"28768","zcta",2023,"transportation_rnk",26.2843
"28770","zcta",2023,"transportation_rnk",NA
"28771","zcta",2023,"transportation_rnk",22.9923
"28772","zcta",2023,"transportation_rnk",55.6081
"28773","zcta",2023,"transportation_rnk",34.5968
"28774","zcta",2023,"transportation_rnk",70.5241
"28775","zcta",2023,"transportation_rnk",23.2901
"28777","zcta",2023,"transportation_rnk",35.8949
"28778","zcta",2023,"transportation_rnk",45.3048
"28779","zcta",2023,"transportation_rnk",22.688
"28781","zcta",2023,"transportation_rnk",6.9692
"28782","zcta",2023,"transportation_rnk",51.1022
"28783","zcta",2023,"transportation_rnk",45.6641
"28785","zcta",2023,"transportation_rnk",37.5166
"28786","zcta",2023,"transportation_rnk",44.5149
"28787","zcta",2023,"transportation_rnk",54.145
"28788","zcta",2023,"transportation_rnk",26.4202
"28789","zcta",2023,"transportation_rnk",11.6499
"28790","zcta",2023,"transportation_rnk",10.763
"28791","zcta",2023,"transportation_rnk",30.1169
"28792","zcta",2023,"transportation_rnk",51.5262
"28801","zcta",2023,"transportation_rnk",77.2635
"28803","zcta",2023,"transportation_rnk",66.2092
"28804","zcta",2023,"transportation_rnk",55.4074
"28805","zcta",2023,"transportation_rnk",63.707
"28806","zcta",2023,"transportation_rnk",64.1893
"28901","zcta",2023,"transportation_rnk",31.6738
"28902","zcta",2023,"transportation_rnk",13.9514
"28904","zcta",2023,"transportation_rnk",29.5504
"28905","zcta",2023,"transportation_rnk",31.3534
"28906","zcta",2023,"transportation_rnk",50.5034
"28909","zcta",2023,"transportation_rnk",5.3443
"27006","zcta",2023,"transportation_state_rnk",89.8964
"27007","zcta",2023,"transportation_state_rnk",24.0285
"27009","zcta",2023,"transportation_state_rnk",37.1114
"27011","zcta",2023,"transportation_state_rnk",27.5259
"27012","zcta",2023,"transportation_state_rnk",87.4352
"27013","zcta",2023,"transportation_state_rnk",16.7746
"27014","zcta",2023,"transportation_state_rnk",29.1451
"27016","zcta",2023,"transportation_state_rnk",7.772
"27017","zcta",2023,"transportation_state_rnk",41.0622
"27018","zcta",2023,"transportation_state_rnk",71.6321
"27019","zcta",2023,"transportation_state_rnk",37.8886
"27020","zcta",2023,"transportation_state_rnk",35.0389
"27021","zcta",2023,"transportation_state_rnk",13.0829
"27022","zcta",2023,"transportation_state_rnk",34.0026
"27023","zcta",2023,"transportation_state_rnk",85.8808
"27024","zcta",2023,"transportation_state_rnk",40.0259
"27025","zcta",2023,"transportation_state_rnk",41.5803
"27027","zcta",2023,"transportation_state_rnk",26.0363
"27028","zcta",2023,"transportation_state_rnk",23.7047
"27030","zcta",2023,"transportation_state_rnk",48.7694
"27040","zcta",2023,"transportation_state_rnk",90.1554
"27041","zcta",2023,"transportation_state_rnk",45.4663
"27042","zcta",2023,"transportation_state_rnk",73.5751
"27043","zcta",2023,"transportation_state_rnk",42.0984
"27045","zcta",2023,"transportation_state_rnk",45.7254
"27046","zcta",2023,"transportation_state_rnk",4.5337
"27047","zcta",2023,"transportation_state_rnk",26.6192
"27048","zcta",2023,"transportation_state_rnk",30.829
"27050","zcta",2023,"transportation_state_rnk",22.5389
"27051","zcta",2023,"transportation_state_rnk",29.4041
"27052","zcta",2023,"transportation_state_rnk",19.6891
"27053","zcta",2023,"transportation_state_rnk",67.8109
"27054","zcta",2023,"transportation_state_rnk",11.658
"27055","zcta",2023,"transportation_state_rnk",25
"27101","zcta",2023,"transportation_state_rnk",94.5596
"27103","zcta",2023,"transportation_state_rnk",92.3575
"27104","zcta",2023,"transportation_state_rnk",91.8394
"27105","zcta",2023,"transportation_state_rnk",95.0777
"27106","zcta",2023,"transportation_state_rnk",90.8031
"27107","zcta",2023,"transportation_state_rnk",90.4793
"27109","zcta",2023,"transportation_state_rnk",NA
"27110","zcta",2023,"transportation_state_rnk",NA
"27127","zcta",2023,"transportation_state_rnk",90.285
"27201","zcta",2023,"transportation_state_rnk",2.8497
"27202","zcta",2023,"transportation_state_rnk",NA
"27203","zcta",2023,"transportation_state_rnk",41.4508
"27205","zcta",2023,"transportation_state_rnk",55.3109
"27207","zcta",2023,"transportation_state_rnk",15.0907
"27208","zcta",2023,"transportation_state_rnk",6.3472
"27209","zcta",2023,"transportation_state_rnk",60.557
"27212","zcta",2023,"transportation_state_rnk",NA
"27213","zcta",2023,"transportation_state_rnk",NA
"27214","zcta",2023,"transportation_state_rnk",44.3653
"27215","zcta",2023,"transportation_state_rnk",74.3523
"27217","zcta",2023,"transportation_state_rnk",74.6114
"27229","zcta",2023,"transportation_state_rnk",8.8083
"27231","zcta",2023,"transportation_state_rnk",32.3834
"27233","zcta",2023,"transportation_state_rnk",19.2358
"27235","zcta",2023,"transportation_state_rnk",21.8912
"27239","zcta",2023,"transportation_state_rnk",30.829
"27242","zcta",2023,"transportation_state_rnk",29.6632
"27243","zcta",2023,"transportation_state_rnk",49.5466
"27244","zcta",2023,"transportation_state_rnk",61.1399
"27247","zcta",2023,"transportation_state_rnk",72.7979
"27248","zcta",2023,"transportation_state_rnk",7.6425
"27249","zcta",2023,"transportation_state_rnk",36.4637
"27252","zcta",2023,"transportation_state_rnk",57.3834
"27253","zcta",2023,"transportation_state_rnk",74.8705
"27256","zcta",2023,"transportation_state_rnk",NA
"27258","zcta",2023,"transportation_state_rnk",12.6295
"27259","zcta",2023,"transportation_state_rnk",NA
"27260","zcta",2023,"transportation_state_rnk",93.6528
"27262","zcta",2023,"transportation_state_rnk",92.6166
"27263","zcta",2023,"transportation_state_rnk",90.6736
"27265","zcta",2023,"transportation_state_rnk",90.0259
"27268","zcta",2023,"transportation_state_rnk",NA
"27278","zcta",2023,"transportation_state_rnk",82.3834
"27281","zcta",2023,"transportation_state_rnk",17.228
"27282","zcta",2023,"transportation_state_rnk",88.0829
"27283","zcta",2023,"transportation_state_rnk",48.3161
"27284","zcta",2023,"transportation_state_rnk",88.2124
"27288","zcta",2023,"transportation_state_rnk",64.7021
"27291","zcta",2023,"transportation_state_rnk",44.8834
"27292","zcta",2023,"transportation_state_rnk",90.4793
"27295","zcta",2023,"transportation_state_rnk",59.5207
"27298","zcta",2023,"transportation_state_rnk",39.1192
"27299","zcta",2023,"transportation_state_rnk",42.5518
"27301","zcta",2023,"transportation_state_rnk",41.0622
"27302","zcta",2023,"transportation_state_rnk",74.2228
"27305","zcta",2023,"transportation_state_rnk",39.8316
"27306","zcta",2023,"transportation_state_rnk",38.1477
"27310","zcta",2023,"transportation_state_rnk",67.8109
"27311","zcta",2023,"transportation_state_rnk",58.4197
"27312","zcta",2023,"transportation_state_rnk",63.2124
"27313","zcta",2023,"transportation_state_rnk",42.5518
"27314","zcta",2023,"transportation_state_rnk",10.4922
"27315","zcta",2023,"transportation_state_rnk",28.886
"27316","zcta",2023,"transportation_state_rnk",9.0674
"27317","zcta",2023,"transportation_state_rnk",57.1891
"27320","zcta",2023,"transportation_state_rnk",99.2228
"27325","zcta",2023,"transportation_state_rnk",50.3238
"27326","zcta",2023,"transportation_state_rnk",11.8523
"27330","zcta",2023,"transportation_state_rnk",99.7409
"27332","zcta",2023,"transportation_state_rnk",99.8705
"27340","zcta",2023,"transportation_state_rnk",NA
"27341","zcta",2023,"transportation_state_rnk",43.8472
"27342","zcta",2023,"transportation_state_rnk",NA
"27343","zcta",2023,"transportation_state_rnk",24.6114
"27344","zcta",2023,"transportation_state_rnk",25.3886
"27349","zcta",2023,"transportation_state_rnk",45.2073
"27350","zcta",2023,"transportation_state_rnk",22.3446
"27351","zcta",2023,"transportation_state_rnk",2.5907
"27355","zcta",2023,"transportation_state_rnk",25.7772
"27356","zcta",2023,"transportation_state_rnk",28.1088
"27357","zcta",2023,"transportation_state_rnk",64.5078
"27358","zcta",2023,"transportation_state_rnk",50.3238
"27360","zcta",2023,"transportation_state_rnk",92.0984
"27370","zcta",2023,"transportation_state_rnk",69.6891
"27371","zcta",2023,"transportation_state_rnk",69.9482
"27374","zcta",2023,"transportation_state_rnk",70.4663
"27376","zcta",2023,"transportation_state_rnk",40.544
"27377","zcta",2023,"transportation_state_rnk",68.7824
"27379","zcta",2023,"transportation_state_rnk",17.228
"27401","zcta",2023,"transportation_state_rnk",95.2073
"27403","zcta",2023,"transportation_state_rnk",94.6891
"27405","zcta",2023,"transportation_state_rnk",94.8187
"27406","zcta",2023,"transportation_state_rnk",91.9689
"27407","zcta",2023,"transportation_state_rnk",91.6451
"27408","zcta",2023,"transportation_state_rnk",89.6373
"27409","zcta",2023,"transportation_state_rnk",86.5285
"27410","zcta",2023,"transportation_state_rnk",88.9896
"27411","zcta",2023,"transportation_state_rnk",NA
"27412","zcta",2023,"transportation_state_rnk",NA
"27455","zcta",2023,"transportation_state_rnk",85.6218
"27501","zcta",2023,"transportation_state_rnk",43.1995
"27502","zcta",2023,"transportation_state_rnk",77.5907
"27503","zcta",2023,"transportation_state_rnk",NA
"27504","zcta",2023,"transportation_state_rnk",78.886
"27505","zcta",2023,"transportation_state_rnk",13.2124
"27506","zcta",2023,"transportation_state_rnk",NA
"27507","zcta",2023,"transportation_state_rnk",5.6995
"27508","zcta",2023,"transportation_state_rnk",37.3057
"27509","zcta",2023,"transportation_state_rnk",NA
"27510","zcta",2023,"transportation_state_rnk",94.3005
"27511","zcta",2023,"transportation_state_rnk",78.4326
"27513","zcta",2023,"transportation_state_rnk",76.8135
"27514","zcta",2023,"transportation_state_rnk",94.4301
"27516","zcta",2023,"transportation_state_rnk",83.9378
"27517","zcta",2023,"transportation_state_rnk",83.0959
"27518","zcta",2023,"transportation_state_rnk",78.1088
"27519","zcta",2023,"transportation_state_rnk",77.8497
"27520","zcta",2023,"transportation_state_rnk",74.4819
"27521","zcta",2023,"transportation_state_rnk",51.4249
"27522","zcta",2023,"transportation_state_rnk",42.5518
"27523","zcta",2023,"transportation_state_rnk",77.0725
"27524","zcta",2023,"transportation_state_rnk",26.6192
"27525","zcta",2023,"transportation_state_rnk",38.7306
"27526","zcta",2023,"transportation_state_rnk",76.4249
"27527","zcta",2023,"transportation_state_rnk",48.5751
"27529","zcta",2023,"transportation_state_rnk",75.3886
"27530","zcta",2023,"transportation_state_rnk",91.3212
"27531","zcta",2023,"transportation_state_rnk",NA
"27533","zcta",2023,"transportation_state_rnk",NA
"27534","zcta",2023,"transportation_state_rnk",93.0052
"27536","zcta",2023,"transportation_state_rnk",89.3782
"27537","zcta",2023,"transportation_state_rnk",42.0984
"27539","zcta",2023,"transportation_state_rnk",66.7746
"27540","zcta",2023,"transportation_state_rnk",75.7772
"27541","zcta",2023,"transportation_state_rnk",20.3368
"27542","zcta",2023,"transportation_state_rnk",46.4378
"27544","zcta",2023,"transportation_state_rnk",25.3886
"27545","zcta",2023,"transportation_state_rnk",76.1658
"27546","zcta",2023,"transportation_state_rnk",47.5389
"27549","zcta",2023,"transportation_state_rnk",35.3627
"27551","zcta",2023,"transportation_state_rnk",71.8912
"27553","zcta",2023,"transportation_state_rnk",48.1218
"27555","zcta",2023,"transportation_state_rnk",64.2487
"27556","zcta",2023,"transportation_state_rnk",0.5181
"27557","zcta",2023,"transportation_state_rnk",21.5674
"27559","zcta",2023,"transportation_state_rnk",58.614
"27560","zcta",2023,"transportation_state_rnk",77.4611
"27562","zcta",2023,"transportation_state_rnk",72.2798
"27563","zcta",2023,"transportation_state_rnk",28.6917
"27565","zcta",2023,"transportation_state_rnk",32.1244
"27568","zcta",2023,"transportation_state_rnk",20.013
"27569","zcta",2023,"transportation_state_rnk",72.1503
"27570","zcta",2023,"transportation_state_rnk",NA
"27571","zcta",2023,"transportation_state_rnk",56.2176
"27572","zcta",2023,"transportation_state_rnk",16.9689
"27573","zcta",2023,"transportation_state_rnk",81.6062
"27574","zcta",2023,"transportation_state_rnk",40.285
"27576","zcta",2023,"transportation_state_rnk",37.8886
"27577","zcta",2023,"transportation_state_rnk",43.8472
"27581","zcta",2023,"transportation_state_rnk",18.9767
"27582","zcta",2023,"transportation_state_rnk",65.6736
"27583","zcta",2023,"transportation_state_rnk",49.5466
"27584","zcta",2023,"transportation_state_rnk",0.1295
"27587","zcta",2023,"transportation_state_rnk",75.2591
"27589","zcta",2023,"transportation_state_rnk",52.5259
"27591","zcta",2023,"transportation_state_rnk",54.4041
"27592","zcta",2023,"transportation_state_rnk",75.1295
"27593","zcta",2023,"transportation_state_rnk",NA
"27594","zcta",2023,"transportation_state_rnk",NA
"27596","zcta",2023,"transportation_state_rnk",26.2953
"27597","zcta",2023,"transportation_state_rnk",65.8031
"27599","zcta",2023,"transportation_state_rnk",NA
"27601","zcta",2023,"transportation_state_rnk",73.8342
"27603","zcta",2023,"transportation_state_rnk",76.2953
"27604","zcta",2023,"transportation_state_rnk",78.2383
"27605","zcta",2023,"transportation_state_rnk",73.1865
"27606","zcta",2023,"transportation_state_rnk",78.4326
"27607","zcta",2023,"transportation_state_rnk",77.9793
"27608","zcta",2023,"transportation_state_rnk",75.9067
"27609","zcta",2023,"transportation_state_rnk",76.943
"27610","zcta",2023,"transportation_state_rnk",78.7565
"27612","zcta",2023,"transportation_state_rnk",75.6477
"27613","zcta",2023,"transportation_state_rnk",76.6839
"27614","zcta",2023,"transportation_state_rnk",77.3316
"27615","zcta",2023,"transportation_state_rnk",75.5181
"27616","zcta",2023,"transportation_state_rnk",76.0363
"27617","zcta",2023,"transportation_state_rnk",77.2021
"27695","zcta",2023,"transportation_state_rnk",NA
"27697","zcta",2023,"transportation_state_rnk",NA
"27701","zcta",2023,"transportation_state_rnk",84.7798
"27703","zcta",2023,"transportation_state_rnk",82.513
"27704","zcta",2023,"transportation_state_rnk",84.0674
"27705","zcta",2023,"transportation_state_rnk",87.3057
"27707","zcta",2023,"transportation_state_rnk",83.2902
"27708","zcta",2023,"transportation_state_rnk",NA
"27709","zcta",2023,"transportation_state_rnk",NA
"27712","zcta",2023,"transportation_state_rnk",82.1244
"27713","zcta",2023,"transportation_state_rnk",81.9948
"27801","zcta",2023,"transportation_state_rnk",78.6269
"27803","zcta",2023,"transportation_state_rnk",76.5544
"27804","zcta",2023,"transportation_state_rnk",75
"27805","zcta",2023,"transportation_state_rnk",40.285
"27806","zcta",2023,"transportation_state_rnk",20.7902
"27807","zcta",2023,"transportation_state_rnk",14.8316
"27808","zcta",2023,"transportation_state_rnk",18.2642
"27809","zcta",2023,"transportation_state_rnk",13.4715
"27810","zcta",2023,"transportation_state_rnk",52.8497
"27812","zcta",2023,"transportation_state_rnk",18.9767
"27813","zcta",2023,"transportation_state_rnk",55.0518
"27814","zcta",2023,"transportation_state_rnk",24.4171
"27815","zcta",2023,"transportation_state_rnk",NA
"27816","zcta",2023,"transportation_state_rnk",70.1425
"27817","zcta",2023,"transportation_state_rnk",9.715
"27818","zcta",2023,"transportation_state_rnk",71.3731
"27819","zcta",2023,"transportation_state_rnk",23.5751
"27820","zcta",2023,"transportation_state_rnk",15.544
"27821","zcta",2023,"transportation_state_rnk",NA
"27822","zcta",2023,"transportation_state_rnk",24.7409
"27823","zcta",2023,"transportation_state_rnk",58.9378
"27824","zcta",2023,"transportation_state_rnk",71.114
"27825","zcta",2023,"transportation_state_rnk",3.4974
"27826","zcta",2023,"transportation_state_rnk",NA
"27827","zcta",2023,"transportation_state_rnk",2.0725
"27828","zcta",2023,"transportation_state_rnk",67.487
"27829","zcta",2023,"transportation_state_rnk",67.228
"27830","zcta",2023,"transportation_state_rnk",42.0984
"27831","zcta",2023,"transportation_state_rnk",36.8523
"27832","zcta",2023,"transportation_state_rnk",61.8523
"27834","zcta",2023,"transportation_state_rnk",92.228
"27837","zcta",2023,"transportation_state_rnk",50.6477
"27839","zcta",2023,"transportation_state_rnk",22.7332
"27840","zcta",2023,"transportation_state_rnk",5.4404
"27841","zcta",2023,"transportation_state_rnk",NA
"27842","zcta",2023,"transportation_state_rnk",23.3808
"27843","zcta",2023,"transportation_state_rnk",48.4456
"27844","zcta",2023,"transportation_state_rnk",34.715
"27845","zcta",2023,"transportation_state_rnk",16.3212
"27846","zcta",2023,"transportation_state_rnk",19.8187
"27847","zcta",2023,"transportation_state_rnk",7.1244
"27849","zcta",2023,"transportation_state_rnk",4.2746
"27850","zcta",2023,"transportation_state_rnk",47.7332
"27851","zcta",2023,"transportation_state_rnk",35.3627
"27852","zcta",2023,"transportation_state_rnk",15.9326
"27853","zcta",2023,"transportation_state_rnk",68.3938
"27855","zcta",2023,"transportation_state_rnk",66.0622
"27856","zcta",2023,"transportation_state_rnk",64.8964
"27857","zcta",2023,"transportation_state_rnk",6.7358
"27858","zcta",2023,"transportation_state_rnk",85.2979
"27860","zcta",2023,"transportation_state_rnk",55.6347
"27861","zcta",2023,"transportation_state_rnk",1.8135
"27862","zcta",2023,"transportation_state_rnk",7.9663
"27863","zcta",2023,"transportation_state_rnk",11.2694
"27864","zcta",2023,"transportation_state_rnk",31.8005
"27865","zcta",2023,"transportation_state_rnk",20.7902
"27866","zcta",2023,"transportation_state_rnk",15.3497
"27869","zcta",2023,"transportation_state_rnk",21.8912
"27870","zcta",2023,"transportation_state_rnk",53.1088
"27871","zcta",2023,"transportation_state_rnk",30.829
"27872","zcta",2023,"transportation_state_rnk",59.3264
"27873","zcta",2023,"transportation_state_rnk",69.5596
"27874","zcta",2023,"transportation_state_rnk",73.9637
"27875","zcta",2023,"transportation_state_rnk",1.1658
"27876","zcta",2023,"transportation_state_rnk",19.4301
"27877","zcta",2023,"transportation_state_rnk",NA
"27878","zcta",2023,"transportation_state_rnk",68.2642
"27879","zcta",2023,"transportation_state_rnk",15.9326
"27880","zcta",2023,"transportation_state_rnk",11.399
"27881","zcta",2023,"transportation_state_rnk",NA
"27882","zcta",2023,"transportation_state_rnk",36.2047
"27883","zcta",2023,"transportation_state_rnk",9.715
"27884","zcta",2023,"transportation_state_rnk",5.0518
"27885","zcta",2023,"transportation_state_rnk",4.0155
"27886","zcta",2023,"transportation_state_rnk",72.9275
"27888","zcta",2023,"transportation_state_rnk",4.8575
"27889","zcta",2023,"transportation_state_rnk",86.9819
"27890","zcta",2023,"transportation_state_rnk",54.728
"27891","zcta",2023,"transportation_state_rnk",28.1088
"27892","zcta",2023,"transportation_state_rnk",100
"27893","zcta",2023,"transportation_state_rnk",79.0155
"27896","zcta",2023,"transportation_state_rnk",74.7409
"27897","zcta",2023,"transportation_state_rnk",4.6632
"27909","zcta",2023,"transportation_state_rnk",96.4378
"27910","zcta",2023,"transportation_state_rnk",51.4249
"27915","zcta",2023,"transportation_state_rnk",1.5544
"27916","zcta",2023,"transportation_state_rnk",10.4922
"27917","zcta",2023,"transportation_state_rnk",36.8523
"27919","zcta",2023,"transportation_state_rnk",5.1813
"27920","zcta",2023,"transportation_state_rnk",70.8549
"27921","zcta",2023,"transportation_state_rnk",47.0855
"27922","zcta",2023,"transportation_state_rnk",18.7176
"27923","zcta",2023,"transportation_state_rnk",27.3316
"27924","zcta",2023,"transportation_state_rnk",12.3057
"27925","zcta",2023,"transportation_state_rnk",61.5285
"27926","zcta",2023,"transportation_state_rnk",5.8938
"27927","zcta",2023,"transportation_state_rnk",73.4456
"27928","zcta",2023,"transportation_state_rnk",70.1425
"27929","zcta",2023,"transportation_state_rnk",48.7694
"27932","zcta",2023,"transportation_state_rnk",44.6244
"27935","zcta",2023,"transportation_state_rnk",15.3497
"27936","zcta",2023,"transportation_state_rnk",69.0415
"27937","zcta",2023,"transportation_state_rnk",10.2332
"27938","zcta",2023,"transportation_state_rnk",31.8005
"27939","zcta",2023,"transportation_state_rnk",26.943
"27941","zcta",2023,"transportation_state_rnk",2.2021
"27942","zcta",2023,"transportation_state_rnk",5.3109
"27943","zcta",2023,"transportation_state_rnk",72.0207
"27944","zcta",2023,"transportation_state_rnk",36.4637
"27946","zcta",2023,"transportation_state_rnk",11.5285
"27947","zcta",2023,"transportation_state_rnk",3.886
"27948","zcta",2023,"transportation_state_rnk",38.4715
"27949","zcta",2023,"transportation_state_rnk",47.4093
"27950","zcta",2023,"transportation_state_rnk",41.7746
"27953","zcta",2023,"transportation_state_rnk",23.057
"27954","zcta",2023,"transportation_state_rnk",96.8912
"27956","zcta",2023,"transportation_state_rnk",2.9793
"27957","zcta",2023,"transportation_state_rnk",72.5389
"27958","zcta",2023,"transportation_state_rnk",29.1451
"27959","zcta",2023,"transportation_state_rnk",28.6917
"27960","zcta",2023,"transportation_state_rnk",65.9326
"27962","zcta",2023,"transportation_state_rnk",56.0881
"27964","zcta",2023,"transportation_state_rnk",3.7565
"27965","zcta",2023,"transportation_state_rnk",2.7202
"27966","zcta",2023,"transportation_state_rnk",63.9896
"27967","zcta",2023,"transportation_state_rnk",1.6839
"27968","zcta",2023,"transportation_state_rnk",68.1347
"27969","zcta",2023,"transportation_state_rnk",1.0363
"27970","zcta",2023,"transportation_state_rnk",65.4145
"27972","zcta",2023,"transportation_state_rnk",65.285
"27973","zcta",2023,"transportation_state_rnk",59.715
"27974","zcta",2023,"transportation_state_rnk",46.114
"27976","zcta",2023,"transportation_state_rnk",20.013
"27978","zcta",2023,"transportation_state_rnk",56.3472
"27979","zcta",2023,"transportation_state_rnk",65.544
"27980","zcta",2023,"transportation_state_rnk",14.2487
"27981","zcta",2023,"transportation_state_rnk",67.3575
"27982","zcta",2023,"transportation_state_rnk",72.4093
"27983","zcta",2023,"transportation_state_rnk",56.4767
"27985","zcta",2023,"transportation_state_rnk",70.9845
"27986","zcta",2023,"transportation_state_rnk",NA
"28001","zcta",2023,"transportation_state_rnk",52.8497
"28006","zcta",2023,"transportation_state_rnk",30.0518
"28007","zcta",2023,"transportation_state_rnk",66.4508
"28009","zcta",2023,"transportation_state_rnk",39.5725
"28012","zcta",2023,"transportation_state_rnk",99.4819
"28016","zcta",2023,"transportation_state_rnk",98.5751
"28017","zcta",2023,"transportation_state_rnk",NA
"28018","zcta",2023,"transportation_state_rnk",35.7513
"28019","zcta",2023,"transportation_state_rnk",NA
"28020","zcta",2023,"transportation_state_rnk",46.7617
"28021","zcta",2023,"transportation_state_rnk",23.3808
"28023","zcta",2023,"transportation_state_rnk",30.3756
"28024","zcta",2023,"transportation_state_rnk",NA
"28025","zcta",2023,"transportation_state_rnk",97.6684
"28027","zcta",2023,"transportation_state_rnk",97.7979
"28031","zcta",2023,"transportation_state_rnk",85.1036
"28032","zcta",2023,"transportation_state_rnk",17.6813
"28033","zcta",2023,"transportation_state_rnk",15.9326
"28034","zcta",2023,"transportation_state_rnk",98.8342
"28036","zcta",2023,"transportation_state_rnk",87.7591
"28037","zcta",2023,"transportation_state_rnk",47.0855
"28039","zcta",2023,"transportation_state_rnk",NA
"28040","zcta",2023,"transportation_state_rnk",51.4249
"28041","zcta",2023,"transportation_state_rnk",NA
"28042","zcta",2023,"transportation_state_rnk",10.7513
"28043","zcta",2023,"transportation_state_rnk",33.8083
"28052","zcta",2023,"transportation_state_rnk",99.6114
"28054","zcta",2023,"transportation_state_rnk",99.0933
"28056","zcta",2023,"transportation_state_rnk",98.1865
"28071","zcta",2023,"transportation_state_rnk",45.2073
"28072","zcta",2023,"transportation_state_rnk",6.9301
"28073","zcta",2023,"transportation_state_rnk",11.0104
"28074","zcta",2023,"transportation_state_rnk",NA
"28075","zcta",2023,"transportation_state_rnk",98.7047
"28076","zcta",2023,"transportation_state_rnk",0.6477
"28077","zcta",2023,"transportation_state_rnk",3.6269
"28078","zcta",2023,"transportation_state_rnk",88.7306
"28079","zcta",2023,"transportation_state_rnk",82.6425
"28080","zcta",2023,"transportation_state_rnk",55.3109
"28081","zcta",2023,"transportation_state_rnk",98.3161
"28083","zcta",2023,"transportation_state_rnk",97.5389
"28086","zcta",2023,"transportation_state_rnk",98.9637
"28088","zcta",2023,"transportation_state_rnk",29.6632
"28089","zcta",2023,"transportation_state_rnk",NA
"28090","zcta",2023,"transportation_state_rnk",18.4585
"28091","zcta",2023,"transportation_state_rnk",31.2176
"28092","zcta",2023,"transportation_state_rnk",96.2435
"28097","zcta",2023,"transportation_state_rnk",29.1451
"28098","zcta",2023,"transportation_state_rnk",46.4378
"28101","zcta",2023,"transportation_state_rnk",46.114
"28102","zcta",2023,"transportation_state_rnk",63.0181
"28103","zcta",2023,"transportation_state_rnk",50.9715
"28104","zcta",2023,"transportation_state_rnk",83.5492
"28105","zcta",2023,"transportation_state_rnk",86.658
"28107","zcta",2023,"transportation_state_rnk",64.7021
"28108","zcta",2023,"transportation_state_rnk",NA
"28109","zcta",2023,"transportation_state_rnk",NA
"28110","zcta",2023,"transportation_state_rnk",82.9016
"28112","zcta",2023,"transportation_state_rnk",86.2694
"28114","zcta",2023,"transportation_state_rnk",30.829
"28115","zcta",2023,"transportation_state_rnk",83.4197
"28117","zcta",2023,"transportation_state_rnk",84.456
"28119","zcta",2023,"transportation_state_rnk",51.1658
"28120","zcta",2023,"transportation_state_rnk",99.3523
"28124","zcta",2023,"transportation_state_rnk",33.3549
"28125","zcta",2023,"transportation_state_rnk",32.9663
"28127","zcta",2023,"transportation_state_rnk",39.2487
"28128","zcta",2023,"transportation_state_rnk",46.6321
"28129","zcta",2023,"transportation_state_rnk",25
"28133","zcta",2023,"transportation_state_rnk",5.5699
"28134","zcta",2023,"transportation_state_rnk",87.5648
"28135","zcta",2023,"transportation_state_rnk",39.8316
"28136","zcta",2023,"transportation_state_rnk",NA
"28137","zcta",2023,"transportation_state_rnk",40.7383
"28138","zcta",2023,"transportation_state_rnk",49.5466
"28139","zcta",2023,"transportation_state_rnk",50.7772
"28144","zcta",2023,"transportation_state_rnk",97.9275
"28146","zcta",2023,"transportation_state_rnk",97.2798
"28147","zcta",2023,"transportation_state_rnk",98.057
"28150","zcta",2023,"transportation_state_rnk",79.5337
"28152","zcta",2023,"transportation_state_rnk",79.1451
"28159","zcta",2023,"transportation_state_rnk",45.5959
"28160","zcta",2023,"transportation_state_rnk",24.0285
"28163","zcta",2023,"transportation_state_rnk",16.5155
"28164","zcta",2023,"transportation_state_rnk",98.4456
"28166","zcta",2023,"transportation_state_rnk",65.1554
"28167","zcta",2023,"transportation_state_rnk",63.4067
"28168","zcta",2023,"transportation_state_rnk",36.658
"28169","zcta",2023,"transportation_state_rnk",0.2591
"28170","zcta",2023,"transportation_state_rnk",73.057
"28173","zcta",2023,"transportation_state_rnk",85.2979
"28174","zcta",2023,"transportation_state_rnk",67.0337
"28202","zcta",2023,"transportation_state_rnk",96.114
"28203","zcta",2023,"transportation_state_rnk",95.4663
"28204","zcta",2023,"transportation_state_rnk",94.171
"28205","zcta",2023,"transportation_state_rnk",94.9482
"28206","zcta",2023,"transportation_state_rnk",96.4378
"28207","zcta",2023,"transportation_state_rnk",83.6788
"28208","zcta",2023,"transportation_state_rnk",94.0415
"28209","zcta",2023,"transportation_state_rnk",93.2642
"28210","zcta",2023,"transportation_state_rnk",92.7461
"28211","zcta",2023,"transportation_state_rnk",88.4715
"28212","zcta",2023,"transportation_state_rnk",93.3938
"28213","zcta",2023,"transportation_state_rnk",92.8756
"28214","zcta",2023,"transportation_state_rnk",87.1762
"28215","zcta",2023,"transportation_state_rnk",90.9326
"28216","zcta",2023,"transportation_state_rnk",91.6451
"28217","zcta",2023,"transportation_state_rnk",95.3368
"28223","zcta",2023,"transportation_state_rnk",NA
"28226","zcta",2023,"transportation_state_rnk",86.9819
"28227","zcta",2023,"transportation_state_rnk",84.5855
"28244","zcta",2023,"transportation_state_rnk",NA
"28262","zcta",2023,"transportation_state_rnk",93.7824
"28269","zcta",2023,"transportation_state_rnk",91.1269
"28270","zcta",2023,"transportation_state_rnk",86.399
"28273","zcta",2023,"transportation_state_rnk",88.8601
"28274","zcta",2023,"transportation_state_rnk",NA
"28277","zcta",2023,"transportation_state_rnk",91.4508
"28278","zcta",2023,"transportation_state_rnk",66.7746
"28280","zcta",2023,"transportation_state_rnk",NA
"28282","zcta",2023,"transportation_state_rnk",NA
"28301","zcta",2023,"transportation_state_rnk",85.4922
"28303","zcta",2023,"transportation_state_rnk",81.2176
"28304","zcta",2023,"transportation_state_rnk",81.4767
"28305","zcta",2023,"transportation_state_rnk",41.0622
"28306","zcta",2023,"transportation_state_rnk",80.829
"28307","zcta",2023,"transportation_state_rnk",82.2539
"28308","zcta",2023,"transportation_state_rnk",NA
"28310","zcta",2023,"transportation_state_rnk",NA
"28311","zcta",2023,"transportation_state_rnk",80.9585
"28312","zcta",2023,"transportation_state_rnk",67.0337
"28314","zcta",2023,"transportation_state_rnk",81.3472
"28315","zcta",2023,"transportation_state_rnk",42.9404
"28318","zcta",2023,"transportation_state_rnk",32.7073
"28320","zcta",2023,"transportation_state_rnk",15.9326
"28323","zcta",2023,"transportation_state_rnk",14.5078
"28325","zcta",2023,"transportation_state_rnk",9.3912
"28326","zcta",2023,"transportation_state_rnk",30.0518
"28327","zcta",2023,"transportation_state_rnk",48.1218
"28328","zcta",2023,"transportation_state_rnk",95.9845
"28330","zcta",2023,"transportation_state_rnk",0.7772
"28331","zcta",2023,"transportation_state_rnk",NA
"28332","zcta",2023,"transportation_state_rnk",4.4041
"28333","zcta",2023,"transportation_state_rnk",89.7668
"28334","zcta",2023,"transportation_state_rnk",65.0259
"28337","zcta",2023,"transportation_state_rnk",44.3653
"28338","zcta",2023,"transportation_state_rnk",8.9378
"28339","zcta",2023,"transportation_state_rnk",15.0907
"28340","zcta",2023,"transportation_state_rnk",39.3782
"28341","zcta",2023,"transportation_state_rnk",36.0104
"28342","zcta",2023,"transportation_state_rnk",NA
"28343","zcta",2023,"transportation_state_rnk",14.8316
"28344","zcta",2023,"transportation_state_rnk",18.4585
"28345","zcta",2023,"transportation_state_rnk",97.4093
"28347","zcta",2023,"transportation_state_rnk",NA
"28348","zcta",2023,"transportation_state_rnk",80.4404
"28349","zcta",2023,"transportation_state_rnk",11.1399
"28350","zcta",2023,"transportation_state_rnk",68.9119
"28351","zcta",2023,"transportation_state_rnk",70.5959
"28352","zcta",2023,"transportation_state_rnk",89.5078
"28355","zcta",2023,"transportation_state_rnk",NA
"28356","zcta",2023,"transportation_state_rnk",24.0285
"28357","zcta",2023,"transportation_state_rnk",54.728
"28358","zcta",2023,"transportation_state_rnk",97.1503
"28359","zcta",2023,"transportation_state_rnk",NA
"28360","zcta",2023,"transportation_state_rnk",19.5596
"28362","zcta",2023,"transportation_state_rnk",NA
"28363","zcta",2023,"transportation_state_rnk",6.0881
"28364","zcta",2023,"transportation_state_rnk",17.487
"28365","zcta",2023,"transportation_state_rnk",61.0104
"28366","zcta",2023,"transportation_state_rnk",64.3782
"28367","zcta",2023,"transportation_state_rnk",3.2383
"28368","zcta",2023,"transportation_state_rnk",0
"28369","zcta",2023,"transportation_state_rnk",12.8238
"28371","zcta",2023,"transportation_state_rnk",53.8212
"28372","zcta",2023,"transportation_state_rnk",61.8523
"28373","zcta",2023,"transportation_state_rnk",44.171
"28374","zcta",2023,"transportation_state_rnk",96.6321
"28375","zcta",2023,"transportation_state_rnk",4.1451
"28376","zcta",2023,"transportation_state_rnk",81.7358
"28377","zcta",2023,"transportation_state_rnk",28.4326
"28378","zcta",2023,"transportation_state_rnk",NA
"28379","zcta",2023,"transportation_state_rnk",95.7254
"28382","zcta",2023,"transportation_state_rnk",34.3912
"28383","zcta",2023,"transportation_state_rnk",77.7202
"28384","zcta",2023,"transportation_state_rnk",49.0285
"28385","zcta",2023,"transportation_state_rnk",17.228
"28386","zcta",2023,"transportation_state_rnk",22.3446
"28387","zcta",2023,"transportation_state_rnk",97.0207
"28390","zcta",2023,"transportation_state_rnk",83.0959
"28391","zcta",2023,"transportation_state_rnk",8.1606
"28392","zcta",2023,"transportation_state_rnk",62.5
"28393","zcta",2023,"transportation_state_rnk",27.785
"28394","zcta",2023,"transportation_state_rnk",47.0855
"28395","zcta",2023,"transportation_state_rnk",49.5466
"28396","zcta",2023,"transportation_state_rnk",22.7332
"28398","zcta",2023,"transportation_state_rnk",57.772
"28399","zcta",2023,"transportation_state_rnk",69.171
"28401","zcta",2023,"transportation_state_rnk",88.601
"28403","zcta",2023,"transportation_state_rnk",81.8653
"28405","zcta",2023,"transportation_state_rnk",80.6995
"28409","zcta",2023,"transportation_state_rnk",79.7927
"28411","zcta",2023,"transportation_state_rnk",80.3109
"28412","zcta",2023,"transportation_state_rnk",80.5699
"28420","zcta",2023,"transportation_state_rnk",62.7591
"28421","zcta",2023,"transportation_state_rnk",9.9741
"28422","zcta",2023,"transportation_state_rnk",59.9741
"28423","zcta",2023,"transportation_state_rnk",21.1788
"28424","zcta",2023,"transportation_state_rnk",NA
"28425","zcta",2023,"transportation_state_rnk",43.5233
"28428","zcta",2023,"transportation_state_rnk",80.1813
"28429","zcta",2023,"transportation_state_rnk",27.785
"28430","zcta",2023,"transportation_state_rnk",5.8938
"28431","zcta",2023,"transportation_state_rnk",20.3368
"28432","zcta",2023,"transportation_state_rnk",21.1788
"28433","zcta",2023,"transportation_state_rnk",18.0052
"28434","zcta",2023,"transportation_state_rnk",58.2902
"28435","zcta",2023,"transportation_state_rnk",39.5725
"28436","zcta",2023,"transportation_state_rnk",43.5233
"28438","zcta",2023,"transportation_state_rnk",20.7902
"28439","zcta",2023,"transportation_state_rnk",9.1969
"28441","zcta",2023,"transportation_state_rnk",6.4767
"28442","zcta",2023,"transportation_state_rnk",6.9301
"28443","zcta",2023,"transportation_state_rnk",50.1295
"28444","zcta",2023,"transportation_state_rnk",25.7772
"28445","zcta",2023,"transportation_state_rnk",55.3109
"28447","zcta",2023,"transportation_state_rnk",12.1114
"28448","zcta",2023,"transportation_state_rnk",8.2902
"28449","zcta",2023,"transportation_state_rnk",71.7617
"28450","zcta",2023,"transportation_state_rnk",18.0052
"28451","zcta",2023,"transportation_state_rnk",79.9223
"28452","zcta",2023,"transportation_state_rnk",69.4301
"28453","zcta",2023,"transportation_state_rnk",43.5233
"28454","zcta",2023,"transportation_state_rnk",53.8212
"28455","zcta",2023,"transportation_state_rnk",54.2098
"28456","zcta",2023,"transportation_state_rnk",60.8808
"28457","zcta",2023,"transportation_state_rnk",54.2098
"28458","zcta",2023,"transportation_state_rnk",58.614
"28460","zcta",2023,"transportation_state_rnk",44.6244
"28461","zcta",2023,"transportation_state_rnk",72.6684
"28462","zcta",2023,"transportation_state_rnk",59.8446
"28463","zcta",2023,"transportation_state_rnk",14.1192
"28464","zcta",2023,"transportation_state_rnk",57.1891
"28465","zcta",2023,"transportation_state_rnk",63.0181
"28466","zcta",2023,"transportation_state_rnk",23.057
"28467","zcta",2023,"transportation_state_rnk",79.4041
"28468","zcta",2023,"transportation_state_rnk",80.0518
"28469","zcta",2023,"transportation_state_rnk",31.8005
"28470","zcta",2023,"transportation_state_rnk",79.2746
"28472","zcta",2023,"transportation_state_rnk",25.3886
"28478","zcta",2023,"transportation_state_rnk",22.1503
"28479","zcta",2023,"transportation_state_rnk",34.0026
"28480","zcta",2023,"transportation_state_rnk",55.9585
"28501","zcta",2023,"transportation_state_rnk",96.7617
"28504","zcta",2023,"transportation_state_rnk",95.8549
"28508","zcta",2023,"transportation_state_rnk",35.3627
"28509","zcta",2023,"transportation_state_rnk",NA
"28510","zcta",2023,"transportation_state_rnk",44.0415
"28511","zcta",2023,"transportation_state_rnk",63.7306
"28512","zcta",2023,"transportation_state_rnk",56.8005
"28513","zcta",2023,"transportation_state_rnk",83.8083
"28515","zcta",2023,"transportation_state_rnk",12.4352
"28516","zcta",2023,"transportation_state_rnk",34.5855
"28518","zcta",2023,"transportation_state_rnk",14.3782
"28519","zcta",2023,"transportation_state_rnk",21.5674
"28520","zcta",2023,"transportation_state_rnk",2.3316
"28521","zcta",2023,"transportation_state_rnk",28.1088
"28523","zcta",2023,"transportation_state_rnk",8.4197
"28524","zcta",2023,"transportation_state_rnk",42.9404
"28525","zcta",2023,"transportation_state_rnk",31.8005
"28526","zcta",2023,"transportation_state_rnk",7.9663
"28527","zcta",2023,"transportation_state_rnk",8.6788
"28528","zcta",2023,"transportation_state_rnk",10.1036
"28529","zcta",2023,"transportation_state_rnk",35.7513
"28530","zcta",2023,"transportation_state_rnk",58.1606
"28531","zcta",2023,"transportation_state_rnk",71.2435
"28532","zcta",2023,"transportation_state_rnk",32.3834
"28533","zcta",2023,"transportation_state_rnk",NA
"28537","zcta",2023,"transportation_state_rnk",NA
"28538","zcta",2023,"transportation_state_rnk",12.6295
"28539","zcta",2023,"transportation_state_rnk",26.2953
"28540","zcta",2023,"transportation_state_rnk",93.1347
"28542","zcta",2023,"transportation_state_rnk",NA
"28543","zcta",2023,"transportation_state_rnk",93.9119
"28544","zcta",2023,"transportation_state_rnk",87.9534
"28546","zcta",2023,"transportation_state_rnk",87.7591
"28547","zcta",2023,"transportation_state_rnk",NA
"28551","zcta",2023,"transportation_state_rnk",30.0518
"28552","zcta",2023,"transportation_state_rnk",1.2953
"28553","zcta",2023,"transportation_state_rnk",58.8083
"28554","zcta",2023,"transportation_state_rnk",NA
"28555","zcta",2023,"transportation_state_rnk",53.4974
"28556","zcta",2023,"transportation_state_rnk",9.3912
"28557","zcta",2023,"transportation_state_rnk",63.8601
"28560","zcta",2023,"transportation_state_rnk",81.0881
"28562","zcta",2023,"transportation_state_rnk",79.6632
"28570","zcta",2023,"transportation_state_rnk",54.0155
"28571","zcta",2023,"transportation_state_rnk",54.728
"28572","zcta",2023,"transportation_state_rnk",24.0285
"28573","zcta",2023,"transportation_state_rnk",56.6062
"28574","zcta",2023,"transportation_state_rnk",30.3756
"28575","zcta",2023,"transportation_state_rnk",0.9067
"28577","zcta",2023,"transportation_state_rnk",61.2694
"28578","zcta",2023,"transportation_state_rnk",66.5803
"28579","zcta",2023,"transportation_state_rnk",3.1088
"28580","zcta",2023,"transportation_state_rnk",33.614
"28581","zcta",2023,"transportation_state_rnk",8.5492
"28582","zcta",2023,"transportation_state_rnk",26.2953
"28584","zcta",2023,"transportation_state_rnk",47.9275
"28585","zcta",2023,"transportation_state_rnk",59.1321
"28586","zcta",2023,"transportation_state_rnk",62.2409
"28587","zcta",2023,"transportation_state_rnk",60.557
"28589","zcta",2023,"transportation_state_rnk",NA
"28590","zcta",2023,"transportation_state_rnk",91.1269
"28594","zcta",2023,"transportation_state_rnk",54.728
"28601","zcta",2023,"transportation_state_rnk",86.0104
"28602","zcta",2023,"transportation_state_rnk",89.2487
"28604","zcta",2023,"transportation_state_rnk",52.0078
"28605","zcta",2023,"transportation_state_rnk",32.7073
"28606","zcta",2023,"transportation_state_rnk",62.0466
"28607","zcta",2023,"transportation_state_rnk",70.7254
"28609","zcta",2023,"transportation_state_rnk",13.4715
"28610","zcta",2023,"transportation_state_rnk",16.7746
"28611","zcta",2023,"transportation_state_rnk",53.6269
"28612","zcta",2023,"transportation_state_rnk",84.1969
"28613","zcta",2023,"transportation_state_rnk",84.9741
"28615","zcta",2023,"transportation_state_rnk",67.6166
"28616","zcta",2023,"transportation_state_rnk",NA
"28617","zcta",2023,"transportation_state_rnk",45.8549
"28618","zcta",2023,"transportation_state_rnk",38.1477
"28619","zcta",2023,"transportation_state_rnk",7.513
"28621","zcta",2023,"transportation_state_rnk",52.2668
"28622","zcta",2023,"transportation_state_rnk",50.5181
"28623","zcta",2023,"transportation_state_rnk",62.7591
"28624","zcta",2023,"transportation_state_rnk",63.601
"28625","zcta",2023,"transportation_state_rnk",82.772
"28626","zcta",2023,"transportation_state_rnk",13.4715
"28627","zcta",2023,"transportation_state_rnk",68.6528
"28628","zcta",2023,"transportation_state_rnk",NA
"28629","zcta",2023,"transportation_state_rnk",NA
"28630","zcta",2023,"transportation_state_rnk",84.3264
"28631","zcta",2023,"transportation_state_rnk",12.1114
"28634","zcta",2023,"transportation_state_rnk",47.7332
"28635","zcta",2023,"transportation_state_rnk",19.2358
"28636","zcta",2023,"transportation_state_rnk",49.0285
"28637","zcta",2023,"transportation_state_rnk",21.8912
"28638","zcta",2023,"transportation_state_rnk",92.487
"28640","zcta",2023,"transportation_state_rnk",55.829
"28641","zcta",2023,"transportation_state_rnk",NA
"28642","zcta",2023,"transportation_state_rnk",50
"28643","zcta",2023,"transportation_state_rnk",33.614
"28644","zcta",2023,"transportation_state_rnk",60.2979
"28645","zcta",2023,"transportation_state_rnk",85.7513
"28646","zcta",2023,"transportation_state_rnk",10.4922
"28649","zcta",2023,"transportation_state_rnk",60.2979
"28650","zcta",2023,"transportation_state_rnk",9.715
"28651","zcta",2023,"transportation_state_rnk",16.5155
"28652","zcta",2023,"transportation_state_rnk",73.3161
"28653","zcta",2023,"transportation_state_rnk",NA
"28654","zcta",2023,"transportation_state_rnk",17.6813
"28655","zcta",2023,"transportation_state_rnk",89.1192
"28657","zcta",2023,"transportation_state_rnk",32.9663
"28658","zcta",2023,"transportation_state_rnk",88.342
"28659","zcta",2023,"transportation_state_rnk",86.7876
"28660","zcta",2023,"transportation_state_rnk",36.2047
"28662","zcta",2023,"transportation_state_rnk",NA
"28663","zcta",2023,"transportation_state_rnk",34.1969
"28664","zcta",2023,"transportation_state_rnk",NA
"28665","zcta",2023,"transportation_state_rnk",49.8705
"28666","zcta",2023,"transportation_state_rnk",0.3886
"28667","zcta",2023,"transportation_state_rnk",24.4171
"28668","zcta",2023,"transportation_state_rnk",73.7047
"28669","zcta",2023,"transportation_state_rnk",34.3912
"28670","zcta",2023,"transportation_state_rnk",20.7902
"28671","zcta",2023,"transportation_state_rnk",1.4249
"28672","zcta",2023,"transportation_state_rnk",2.4611
"28673","zcta",2023,"transportation_state_rnk",18.7176
"28675","zcta",2023,"transportation_state_rnk",60.7513
"28676","zcta",2023,"transportation_state_rnk",13.9249
"28677","zcta",2023,"transportation_state_rnk",84.7798
"28678","zcta",2023,"transportation_state_rnk",18.0052
"28679","zcta",2023,"transportation_state_rnk",41.7746
"28681","zcta",2023,"transportation_state_rnk",40.285
"28682","zcta",2023,"transportation_state_rnk",70.3368
"28683","zcta",2023,"transportation_state_rnk",25
"28684","zcta",2023,"transportation_state_rnk",49.2228
"28685","zcta",2023,"transportation_state_rnk",29.6632
"28689","zcta",2023,"transportation_state_rnk",56.9948
"28690","zcta",2023,"transportation_state_rnk",13.9249
"28692","zcta",2023,"transportation_state_rnk",20.3368
"28693","zcta",2023,"transportation_state_rnk",12.9534
"28694","zcta",2023,"transportation_state_rnk",26.943
"28697","zcta",2023,"transportation_state_rnk",21.3731
"28701","zcta",2023,"transportation_state_rnk",15.9326
"28702","zcta",2023,"transportation_state_rnk",66.3212
"28704","zcta",2023,"transportation_state_rnk",66.1917
"28705","zcta",2023,"transportation_state_rnk",38.4715
"28707","zcta",2023,"transportation_state_rnk",3.3679
"28708","zcta",2023,"transportation_state_rnk",41.3212
"28709","zcta",2023,"transportation_state_rnk",51.6839
"28710","zcta",2023,"transportation_state_rnk",NA
"28711","zcta",2023,"transportation_state_rnk",52.8497
"28712","zcta",2023,"transportation_state_rnk",93.5233
"28713","zcta",2023,"transportation_state_rnk",55.6347
"28714","zcta",2023,"transportation_state_rnk",37.6943
"28715","zcta",2023,"transportation_state_rnk",34.8446
"28716","zcta",2023,"transportation_state_rnk",62.5
"28717","zcta",2023,"transportation_state_rnk",6.2176
"28718","zcta",2023,"transportation_state_rnk",7.3834
"28719","zcta",2023,"transportation_state_rnk",38.9249
"28720","zcta",2023,"transportation_state_rnk",69.3005
"28721","zcta",2023,"transportation_state_rnk",32.3834
"28722","zcta",2023,"transportation_state_rnk",33.3549
"28723","zcta",2023,"transportation_state_rnk",63.4067
"28725","zcta",2023,"transportation_state_rnk",NA
"28726","zcta",2023,"transportation_state_rnk",43.1995
"28729","zcta",2023,"transportation_state_rnk",45.2073
"28730","zcta",2023,"transportation_state_rnk",57.6425
"28731","zcta",2023,"transportation_state_rnk",33.1606
"28732","zcta",2023,"transportation_state_rnk",47.0855
"28733","zcta",2023,"transportation_state_rnk",NA
"28734","zcta",2023,"transportation_state_rnk",86.1399
"28735","zcta",2023,"transportation_state_rnk",1.943
"28736","zcta",2023,"transportation_state_rnk",64.1192
"28739","zcta",2023,"transportation_state_rnk",52.2668
"28740","zcta",2023,"transportation_state_rnk",53.3679
"28741","zcta",2023,"transportation_state_rnk",59.1321
"28742","zcta",2023,"transportation_state_rnk",58.0311
"28743","zcta",2023,"transportation_state_rnk",62.2409
"28745","zcta",2023,"transportation_state_rnk",7.2539
"28746","zcta",2023,"transportation_state_rnk",59.5207
"28747","zcta",2023,"transportation_state_rnk",28.4326
"28748","zcta",2023,"transportation_state_rnk",30.829
"28749","zcta",2023,"transportation_state_rnk",NA
"28751","zcta",2023,"transportation_state_rnk",53.2383
"28752","zcta",2023,"transportation_state_rnk",95.5959
"28753","zcta",2023,"transportation_state_rnk",38.9249
"28754","zcta",2023,"transportation_state_rnk",51.8135
"28755","zcta",2023,"transportation_state_rnk",NA
"28756","zcta",2023,"transportation_state_rnk",46.114
"28757","zcta",2023,"transportation_state_rnk",NA
"28758","zcta",2023,"transportation_state_rnk",NA
"28759","zcta",2023,"transportation_state_rnk",38.4715
"28761","zcta",2023,"transportation_state_rnk",23.057
"28762","zcta",2023,"transportation_state_rnk",37.5
"28763","zcta",2023,"transportation_state_rnk",13.7306
"28766","zcta",2023,"transportation_state_rnk",25.7772
"28768","zcta",2023,"transportation_state_rnk",31.3472
"28770","zcta",2023,"transportation_state_rnk",NA
"28771","zcta",2023,"transportation_state_rnk",27.2021
"28772","zcta",2023,"transportation_state_rnk",61.658
"28773","zcta",2023,"transportation_state_rnk",40.7383
"28774","zcta",2023,"transportation_state_rnk",71.5026
"28775","zcta",2023,"transportation_state_rnk",27.5259
"28777","zcta",2023,"transportation_state_rnk",42.5518
"28778","zcta",2023,"transportation_state_rnk",52.0078
"28779","zcta",2023,"transportation_state_rnk",26.943
"28781","zcta",2023,"transportation_state_rnk",6.6062
"28782","zcta",2023,"transportation_state_rnk",57.513
"28783","zcta",2023,"transportation_state_rnk",52.5259
"28785","zcta",2023,"transportation_state_rnk",44.8834
"28786","zcta",2023,"transportation_state_rnk",50.9715
"28787","zcta",2023,"transportation_state_rnk",60.1036
"28788","zcta",2023,"transportation_state_rnk",31.4767
"28789","zcta",2023,"transportation_state_rnk",11.8523
"28790","zcta",2023,"transportation_state_rnk",10.8808
"28791","zcta",2023,"transportation_state_rnk",35.7513
"28792","zcta",2023,"transportation_state_rnk",57.9016
"28801","zcta",2023,"transportation_state_rnk",74.0933
"28803","zcta",2023,"transportation_state_rnk",69.8187
"28804","zcta",2023,"transportation_state_rnk",61.399
"28805","zcta",2023,"transportation_state_rnk",68.0052
"28806","zcta",2023,"transportation_state_rnk",68.5233
"28901","zcta",2023,"transportation_state_rnk",37.5
"28902","zcta",2023,"transportation_state_rnk",14.6373
"28904","zcta",2023,"transportation_state_rnk",35.0389
"28905","zcta",2023,"transportation_state_rnk",37.1114
"28906","zcta",2023,"transportation_state_rnk",56.8005
"28909","zcta",2023,"transportation_state_rnk",4.8575
