"geoid","geolevel","year","level","value"
"10001","zcta",2023,"transportation_score",144.51
"10002","zcta",2023,"transportation_score",146.34
"10003","zcta",2023,"transportation_score",143.74
"10004","zcta",2023,"transportation_score",144.1
"10005","zcta",2023,"transportation_score",150.52
"10006","zcta",2023,"transportation_score",150.6
"10007","zcta",2023,"transportation_score",145.14
"10009","zcta",2023,"transportation_score",145.68
"10010","zcta",2023,"transportation_score",144.14
"10011","zcta",2023,"transportation_score",143.77
"10012","zcta",2023,"transportation_score",140.79
"10013","zcta",2023,"transportation_score",140.18
"10014","zcta",2023,"transportation_score",142.75
"10016","zcta",2023,"transportation_score",139.06
"10017","zcta",2023,"transportation_score",137.48
"10018","zcta",2023,"transportation_score",144.48
"10019","zcta",2023,"transportation_score",144.68
"10020","zcta",2023,"transportation_score",NA
"10021","zcta",2023,"transportation_score",139.47
"10022","zcta",2023,"transportation_score",135.26
"10023","zcta",2023,"transportation_score",141.35
"10024","zcta",2023,"transportation_score",141.03
"10025","zcta",2023,"transportation_score",146.77
"10026","zcta",2023,"transportation_score",146.53
"10027","zcta",2023,"transportation_score",144.7
"10028","zcta",2023,"transportation_score",139.9
"10029","zcta",2023,"transportation_score",153.74
"10030","zcta",2023,"transportation_score",155.15
"10031","zcta",2023,"transportation_score",150.27
"10032","zcta",2023,"transportation_score",153.9
"10033","zcta",2023,"transportation_score",149.98
"10034","zcta",2023,"transportation_score",147.44
"10035","zcta",2023,"transportation_score",154.12
"10036","zcta",2023,"transportation_score",147.22
"10037","zcta",2023,"transportation_score",147.69
"10038","zcta",2023,"transportation_score",144.87
"10039","zcta",2023,"transportation_score",158.55
"10040","zcta",2023,"transportation_score",150.72
"10044","zcta",2023,"transportation_score",149.59
"10065","zcta",2023,"transportation_score",140.08
"10069","zcta",2023,"transportation_score",136.71
"10075","zcta",2023,"transportation_score",140.78
"10103","zcta",2023,"transportation_score",NA
"10110","zcta",2023,"transportation_score",NA
"10111","zcta",2023,"transportation_score",NA
"10112","zcta",2023,"transportation_score",NA
"10115","zcta",2023,"transportation_score",NA
"10119","zcta",2023,"transportation_score",NA
"10128","zcta",2023,"transportation_score",145.49
"10152","zcta",2023,"transportation_score",NA
"10153","zcta",2023,"transportation_score",NA
"10154","zcta",2023,"transportation_score",NA
"10162","zcta",2023,"transportation_score",124.84
"10165","zcta",2023,"transportation_score",NA
"10167","zcta",2023,"transportation_score",NA
"10168","zcta",2023,"transportation_score",NA
"10169","zcta",2023,"transportation_score",NA
"10170","zcta",2023,"transportation_score",NA
"10171","zcta",2023,"transportation_score",NA
"10172","zcta",2023,"transportation_score",NA
"10173","zcta",2023,"transportation_score",NA
"10174","zcta",2023,"transportation_score",NA
"10177","zcta",2023,"transportation_score",NA
"10199","zcta",2023,"transportation_score",NA
"10271","zcta",2023,"transportation_score",NA
"10278","zcta",2023,"transportation_score",NA
"10279","zcta",2023,"transportation_score",118.05
"10280","zcta",2023,"transportation_score",144.79
"10282","zcta",2023,"transportation_score",135.15
"10301","zcta",2023,"transportation_score",116.81
"10302","zcta",2023,"transportation_score",113.42
"10303","zcta",2023,"transportation_score",118.97
"10304","zcta",2023,"transportation_score",117.8
"10305","zcta",2023,"transportation_score",116.88
"10306","zcta",2023,"transportation_score",111.65
"10307","zcta",2023,"transportation_score",100.24
"10308","zcta",2023,"transportation_score",107.84
"10309","zcta",2023,"transportation_score",102.23
"10310","zcta",2023,"transportation_score",109.75
"10311","zcta",2023,"transportation_score",NA
"10312","zcta",2023,"transportation_score",103.59
"10314","zcta",2023,"transportation_score",105.54
"10451","zcta",2023,"transportation_score",151.48
"10452","zcta",2023,"transportation_score",153.35
"10453","zcta",2023,"transportation_score",149.07
"10454","zcta",2023,"transportation_score",150.02
"10455","zcta",2023,"transportation_score",147.25
"10456","zcta",2023,"transportation_score",147
"10457","zcta",2023,"transportation_score",150.16
"10458","zcta",2023,"transportation_score",148.67
"10459","zcta",2023,"transportation_score",141.88
"10460","zcta",2023,"transportation_score",144.95
"10461","zcta",2023,"transportation_score",128.28
"10462","zcta",2023,"transportation_score",139
"10463","zcta",2023,"transportation_score",136.35
"10464","zcta",2023,"transportation_score",109.99
"10465","zcta",2023,"transportation_score",111.23
"10466","zcta",2023,"transportation_score",126.87
"10467","zcta",2023,"transportation_score",143.29
"10468","zcta",2023,"transportation_score",151.21
"10469","zcta",2023,"transportation_score",122.19
"10470","zcta",2023,"transportation_score",126.44
"10471","zcta",2023,"transportation_score",121.42
"10472","zcta",2023,"transportation_score",143.57
"10473","zcta",2023,"transportation_score",126.98
"10474","zcta",2023,"transportation_score",151
"10475","zcta",2023,"transportation_score",133.91
"10501","zcta",2023,"transportation_score",97.07
"10502","zcta",2023,"transportation_score",103.94
"10503","zcta",2023,"transportation_score",123.51
"10504","zcta",2023,"transportation_score",102.45
"10505","zcta",2023,"transportation_score",95.27
"10506","zcta",2023,"transportation_score",103.52
"10507","zcta",2023,"transportation_score",97.71
"10509","zcta",2023,"transportation_score",95.6
"10510","zcta",2023,"transportation_score",103.66
"10511","zcta",2023,"transportation_score",93.96
"10512","zcta",2023,"transportation_score",94.45
"10514","zcta",2023,"transportation_score",105.59
"10516","zcta",2023,"transportation_score",103.96
"10517","zcta",2023,"transportation_score",92.39
"10518","zcta",2023,"transportation_score",97.88
"10519","zcta",2023,"transportation_score",83.83
"10520","zcta",2023,"transportation_score",109.25
"10522","zcta",2023,"transportation_score",105.71
"10523","zcta",2023,"transportation_score",98.63
"10524","zcta",2023,"transportation_score",97.3
"10526","zcta",2023,"transportation_score",98.54
"10527","zcta",2023,"transportation_score",93.13
"10528","zcta",2023,"transportation_score",107.78
"10530","zcta",2023,"transportation_score",107.18
"10532","zcta",2023,"transportation_score",102.18
"10533","zcta",2023,"transportation_score",107.4
"10535","zcta",2023,"transportation_score",87.19
"10536","zcta",2023,"transportation_score",103.54
"10537","zcta",2023,"transportation_score",94.7
"10538","zcta",2023,"transportation_score",113.29
"10540","zcta",2023,"transportation_score",NA
"10541","zcta",2023,"transportation_score",94.04
"10542","zcta",2023,"transportation_score",NA
"10543","zcta",2023,"transportation_score",109.14
"10545","zcta",2023,"transportation_score",NA
"10546","zcta",2023,"transportation_score",97.94
"10547","zcta",2023,"transportation_score",97.52
"10548","zcta",2023,"transportation_score",97.84
"10549","zcta",2023,"transportation_score",99.98
"10550","zcta",2023,"transportation_score",117.68
"10552","zcta",2023,"transportation_score",112.89
"10553","zcta",2023,"transportation_score",111.56
"10560","zcta",2023,"transportation_score",100.19
"10562","zcta",2023,"transportation_score",101.5
"10566","zcta",2023,"transportation_score",100.28
"10567","zcta",2023,"transportation_score",98.74
"10570","zcta",2023,"transportation_score",102.26
"10573","zcta",2023,"transportation_score",103.84
"10576","zcta",2023,"transportation_score",100.44
"10577","zcta",2023,"transportation_score",NA
"10578","zcta",2023,"transportation_score",92.02
"10579","zcta",2023,"transportation_score",97.06
"10580","zcta",2023,"transportation_score",112.81
"10583","zcta",2023,"transportation_score",112.13
"10588","zcta",2023,"transportation_score",91.57
"10589","zcta",2023,"transportation_score",99.88
"10590","zcta",2023,"transportation_score",96.35
"10591","zcta",2023,"transportation_score",107.11
"10594","zcta",2023,"transportation_score",97.98
"10595","zcta",2023,"transportation_score",99.99
"10596","zcta",2023,"transportation_score",106.34
"10597","zcta",2023,"transportation_score",93.43
"10598","zcta",2023,"transportation_score",98.65
"10601","zcta",2023,"transportation_score",111.76
"10603","zcta",2023,"transportation_score",100.87
"10604","zcta",2023,"transportation_score",97.7
"10605","zcta",2023,"transportation_score",100.86
"10606","zcta",2023,"transportation_score",105.53
"10607","zcta",2023,"transportation_score",100.47
"10701","zcta",2023,"transportation_score",116.19
"10703","zcta",2023,"transportation_score",110
"10704","zcta",2023,"transportation_score",105.56
"10705","zcta",2023,"transportation_score",115.97
"10706","zcta",2023,"transportation_score",109.23
"10707","zcta",2023,"transportation_score",107.56
"10708","zcta",2023,"transportation_score",113.06
"10709","zcta",2023,"transportation_score",102.33
"10710","zcta",2023,"transportation_score",102.2
"10801","zcta",2023,"transportation_score",109.45
"10803","zcta",2023,"transportation_score",110.07
"10804","zcta",2023,"transportation_score",105.46
"10805","zcta",2023,"transportation_score",103.73
"10901","zcta",2023,"transportation_score",94.42
"10910","zcta",2023,"transportation_score",NA
"10911","zcta",2023,"transportation_score",NA
"10913","zcta",2023,"transportation_score",96.22
"10914","zcta",2023,"transportation_score",100.23
"10915","zcta",2023,"transportation_score",NA
"10916","zcta",2023,"transportation_score",93.94
"10917","zcta",2023,"transportation_score",94.63
"10918","zcta",2023,"transportation_score",95.34
"10919","zcta",2023,"transportation_score",96.22
"10920","zcta",2023,"transportation_score",93.9
"10921","zcta",2023,"transportation_score",96.77
"10922","zcta",2023,"transportation_score",90.2
"10923","zcta",2023,"transportation_score",94.52
"10924","zcta",2023,"transportation_score",130.97
"10925","zcta",2023,"transportation_score",115
"10926","zcta",2023,"transportation_score",104.59
"10927","zcta",2023,"transportation_score",102.98
"10928","zcta",2023,"transportation_score",90.79
"10930","zcta",2023,"transportation_score",115.82
"10931","zcta",2023,"transportation_score",91.63
"10932","zcta",2023,"transportation_score",NA
"10933","zcta",2023,"transportation_score",84.3
"10940","zcta",2023,"transportation_score",130.19
"10941","zcta",2023,"transportation_score",127.8
"10950","zcta",2023,"transportation_score",124.56
"10952","zcta",2023,"transportation_score",102.9
"10953","zcta",2023,"transportation_score",NA
"10954","zcta",2023,"transportation_score",94.12
"10956","zcta",2023,"transportation_score",95.22
"10958","zcta",2023,"transportation_score",92.35
"10960","zcta",2023,"transportation_score",99.89
"10962","zcta",2023,"transportation_score",93.71
"10963","zcta",2023,"transportation_score",90.39
"10964","zcta",2023,"transportation_score",95.68
"10965","zcta",2023,"transportation_score",95.17
"10968","zcta",2023,"transportation_score",96.72
"10969","zcta",2023,"transportation_score",90.06
"10970","zcta",2023,"transportation_score",93.51
"10973","zcta",2023,"transportation_score",91
"10974","zcta",2023,"transportation_score",96.42
"10975","zcta",2023,"transportation_score",87.09
"10976","zcta",2023,"transportation_score",96.5
"10977","zcta",2023,"transportation_score",103.64
"10979","zcta",2023,"transportation_score",NA
"10980","zcta",2023,"transportation_score",92.36
"10983","zcta",2023,"transportation_score",96.42
"10984","zcta",2023,"transportation_score",91.91
"10985","zcta",2023,"transportation_score",NA
"10986","zcta",2023,"transportation_score",95.05
"10987","zcta",2023,"transportation_score",102.01
"10988","zcta",2023,"transportation_score",91.64
"10989","zcta",2023,"transportation_score",94.6
"10990","zcta",2023,"transportation_score",111.38
"10992","zcta",2023,"transportation_score",113.95
"10993","zcta",2023,"transportation_score",98.02
"10994","zcta",2023,"transportation_score",93.82
"10996","zcta",2023,"transportation_score",NA
"10998","zcta",2023,"transportation_score",91.91
"11001","zcta",2023,"transportation_score",102.16
"11003","zcta",2023,"transportation_score",100.78
"11004","zcta",2023,"transportation_score",109.7
"11005","zcta",2023,"transportation_score",94.44
"11010","zcta",2023,"transportation_score",99.33
"11020","zcta",2023,"transportation_score",103.46
"11021","zcta",2023,"transportation_score",109.47
"11023","zcta",2023,"transportation_score",106.44
"11024","zcta",2023,"transportation_score",106.27
"11030","zcta",2023,"transportation_score",110.37
"11040","zcta",2023,"transportation_score",100.99
"11042","zcta",2023,"transportation_score",NA
"11050","zcta",2023,"transportation_score",106.38
"11096","zcta",2023,"transportation_score",110.94
"11101","zcta",2023,"transportation_score",146.47
"11102","zcta",2023,"transportation_score",142.46
"11103","zcta",2023,"transportation_score",146.59
"11104","zcta",2023,"transportation_score",144.26
"11105","zcta",2023,"transportation_score",135.34
"11106","zcta",2023,"transportation_score",146.3
"11109","zcta",2023,"transportation_score",139.57
"11201","zcta",2023,"transportation_score",142.56
"11203","zcta",2023,"transportation_score",139.49
"11204","zcta",2023,"transportation_score",132.8
"11205","zcta",2023,"transportation_score",138.2
"11206","zcta",2023,"transportation_score",146.02
"11207","zcta",2023,"transportation_score",140.46
"11208","zcta",2023,"transportation_score",136.66
"11209","zcta",2023,"transportation_score",132.24
"11210","zcta",2023,"transportation_score",131.33
"11211","zcta",2023,"transportation_score",143.42
"11212","zcta",2023,"transportation_score",151.06
"11213","zcta",2023,"transportation_score",143.18
"11214","zcta",2023,"transportation_score",134.57
"11215","zcta",2023,"transportation_score",136.98
"11216","zcta",2023,"transportation_score",144.01
"11217","zcta",2023,"transportation_score",145.15
"11218","zcta",2023,"transportation_score",134.69
"11219","zcta",2023,"transportation_score",132.02
"11220","zcta",2023,"transportation_score",141.39
"11221","zcta",2023,"transportation_score",143.23
"11222","zcta",2023,"transportation_score",139.8
"11223","zcta",2023,"transportation_score",126.91
"11224","zcta",2023,"transportation_score",134.37
"11225","zcta",2023,"transportation_score",144.82
"11226","zcta",2023,"transportation_score",149.68
"11228","zcta",2023,"transportation_score",125.04
"11229","zcta",2023,"transportation_score",129.01
"11230","zcta",2023,"transportation_score",130.73
"11231","zcta",2023,"transportation_score",134.63
"11232","zcta",2023,"transportation_score",141.44
"11233","zcta",2023,"transportation_score",144
"11234","zcta",2023,"transportation_score",121.85
"11235","zcta",2023,"transportation_score",129.39
"11236","zcta",2023,"transportation_score",129.46
"11237","zcta",2023,"transportation_score",146.86
"11238","zcta",2023,"transportation_score",142.33
"11239","zcta",2023,"transportation_score",137.65
"11249","zcta",2023,"transportation_score",139.91
"11354","zcta",2023,"transportation_score",126.64
"11355","zcta",2023,"transportation_score",130.98
"11356","zcta",2023,"transportation_score",115.27
"11357","zcta",2023,"transportation_score",104.53
"11358","zcta",2023,"transportation_score",115.87
"11359","zcta",2023,"transportation_score",NA
"11360","zcta",2023,"transportation_score",107.47
"11361","zcta",2023,"transportation_score",112.41
"11362","zcta",2023,"transportation_score",104.52
"11363","zcta",2023,"transportation_score",110
"11364","zcta",2023,"transportation_score",108.13
"11365","zcta",2023,"transportation_score",112.67
"11366","zcta",2023,"transportation_score",119.6
"11367","zcta",2023,"transportation_score",119.84
"11368","zcta",2023,"transportation_score",148.56
"11369","zcta",2023,"transportation_score",129.94
"11370","zcta",2023,"transportation_score",126.5
"11371","zcta",2023,"transportation_score",NA
"11372","zcta",2023,"transportation_score",140.91
"11373","zcta",2023,"transportation_score",145.99
"11374","zcta",2023,"transportation_score",135.11
"11375","zcta",2023,"transportation_score",130.22
"11377","zcta",2023,"transportation_score",139.55
"11378","zcta",2023,"transportation_score",122.14
"11379","zcta",2023,"transportation_score",118.14
"11385","zcta",2023,"transportation_score",135.1
"11411","zcta",2023,"transportation_score",110.37
"11412","zcta",2023,"transportation_score",117.79
"11413","zcta",2023,"transportation_score",113.68
"11414","zcta",2023,"transportation_score",106.34
"11415","zcta",2023,"transportation_score",131.2
"11416","zcta",2023,"transportation_score",125.3
"11417","zcta",2023,"transportation_score",125.3
"11418","zcta",2023,"transportation_score",127.87
"11419","zcta",2023,"transportation_score",124.36
"11420","zcta",2023,"transportation_score",117.67
"11421","zcta",2023,"transportation_score",134.17
"11422","zcta",2023,"transportation_score",114.56
"11423","zcta",2023,"transportation_score",125.04
"11424","zcta",2023,"transportation_score",NA
"11426","zcta",2023,"transportation_score",105.66
"11427","zcta",2023,"transportation_score",112.96
"11428","zcta",2023,"transportation_score",114.59
"11429","zcta",2023,"transportation_score",116.92
"11430","zcta",2023,"transportation_score",NA
"11432","zcta",2023,"transportation_score",133.53
"11433","zcta",2023,"transportation_score",123.61
"11434","zcta",2023,"transportation_score",122.25
"11435","zcta",2023,"transportation_score",132.08
"11436","zcta",2023,"transportation_score",116.33
"11439","zcta",2023,"transportation_score",NA
"11451","zcta",2023,"transportation_score",NA
"11501","zcta",2023,"transportation_score",104.55
"11507","zcta",2023,"transportation_score",99.87
"11509","zcta",2023,"transportation_score",99.84
"11510","zcta",2023,"transportation_score",100.13
"11514","zcta",2023,"transportation_score",98.36
"11516","zcta",2023,"transportation_score",98
"11518","zcta",2023,"transportation_score",98.32
"11520","zcta",2023,"transportation_score",99.59
"11530","zcta",2023,"transportation_score",102.6
"11542","zcta",2023,"transportation_score",98.51
"11545","zcta",2023,"transportation_score",98.1
"11547","zcta",2023,"transportation_score",103.44
"11548","zcta",2023,"transportation_score",NA
"11549","zcta",2023,"transportation_score",NA
"11550","zcta",2023,"transportation_score",109.06
"11552","zcta",2023,"transportation_score",102.52
"11553","zcta",2023,"transportation_score",100.85
"11554","zcta",2023,"transportation_score",98.83
"11556","zcta",2023,"transportation_score",NA
"11557","zcta",2023,"transportation_score",102.04
"11558","zcta",2023,"transportation_score",100.84
"11559","zcta",2023,"transportation_score",107.53
"11560","zcta",2023,"transportation_score",98.88
"11561","zcta",2023,"transportation_score",103.11
"11563","zcta",2023,"transportation_score",102.97
"11565","zcta",2023,"transportation_score",96.15
"11566","zcta",2023,"transportation_score",100.89
"11568","zcta",2023,"transportation_score",100.32
"11569","zcta",2023,"transportation_score",97.71
"11570","zcta",2023,"transportation_score",104.55
"11572","zcta",2023,"transportation_score",99.51
"11575","zcta",2023,"transportation_score",102.2
"11576","zcta",2023,"transportation_score",105.11
"11577","zcta",2023,"transportation_score",99.03
"11579","zcta",2023,"transportation_score",97.73
"11580","zcta",2023,"transportation_score",104.97
"11581","zcta",2023,"transportation_score",103.06
"11590","zcta",2023,"transportation_score",102.23
"11596","zcta",2023,"transportation_score",102.38
"11598","zcta",2023,"transportation_score",103.12
"11691","zcta",2023,"transportation_score",121.19
"11692","zcta",2023,"transportation_score",123.87
"11693","zcta",2023,"transportation_score",115.49
"11694","zcta",2023,"transportation_score",114.29
"11697","zcta",2023,"transportation_score",101.52
"11701","zcta",2023,"transportation_score",100.42
"11702","zcta",2023,"transportation_score",96.26
"11703","zcta",2023,"transportation_score",94.65
"11704","zcta",2023,"transportation_score",94.33
"11705","zcta",2023,"transportation_score",92.96
"11706","zcta",2023,"transportation_score",95.38
"11709","zcta",2023,"transportation_score",99.92
"11710","zcta",2023,"transportation_score",98.3
"11713","zcta",2023,"transportation_score",92.75
"11714","zcta",2023,"transportation_score",98.18
"11715","zcta",2023,"transportation_score",99.01
"11716","zcta",2023,"transportation_score",91.43
"11718","zcta",2023,"transportation_score",95.54
"11719","zcta",2023,"transportation_score",91.91
"11720","zcta",2023,"transportation_score",92.23
"11721","zcta",2023,"transportation_score",101.28
"11722","zcta",2023,"transportation_score",94.12
"11724","zcta",2023,"transportation_score",104.02
"11725","zcta",2023,"transportation_score",100.03
"11726","zcta",2023,"transportation_score",96.27
"11727","zcta",2023,"transportation_score",93.89
"11729","zcta",2023,"transportation_score",97.16
"11730","zcta",2023,"transportation_score",91.76
"11731","zcta",2023,"transportation_score",96.2
"11732","zcta",2023,"transportation_score",94.74
"11733","zcta",2023,"transportation_score",94
"11735","zcta",2023,"transportation_score",97.83
"11738","zcta",2023,"transportation_score",102.21
"11739","zcta",2023,"transportation_score",101.45
"11740","zcta",2023,"transportation_score",96.47
"11741","zcta",2023,"transportation_score",96.18
"11742","zcta",2023,"transportation_score",93.1
"11743","zcta",2023,"transportation_score",99.92
"11746","zcta",2023,"transportation_score",99.75
"11747","zcta",2023,"transportation_score",99.19
"11749","zcta",2023,"transportation_score",90.88
"11751","zcta",2023,"transportation_score",92.49
"11752","zcta",2023,"transportation_score",91.71
"11753","zcta",2023,"transportation_score",103.33
"11754","zcta",2023,"transportation_score",95.61
"11755","zcta",2023,"transportation_score",93.2
"11756","zcta",2023,"transportation_score",96.39
"11757","zcta",2023,"transportation_score",96.51
"11758","zcta",2023,"transportation_score",98.42
"11762","zcta",2023,"transportation_score",97.14
"11763","zcta",2023,"transportation_score",95.23
"11764","zcta",2023,"transportation_score",91
"11765","zcta",2023,"transportation_score",95.75
"11766","zcta",2023,"transportation_score",93.34
"11767","zcta",2023,"transportation_score",93.09
"11768","zcta",2023,"transportation_score",94.35
"11769","zcta",2023,"transportation_score",90.71
"11770","zcta",2023,"transportation_score",104.1
"11771","zcta",2023,"transportation_score",96.24
"11772","zcta",2023,"transportation_score",95.33
"11776","zcta",2023,"transportation_score",92.57
"11777","zcta",2023,"transportation_score",93.83
"11778","zcta",2023,"transportation_score",92.32
"11779","zcta",2023,"transportation_score",93.84
"11780","zcta",2023,"transportation_score",92.91
"11782","zcta",2023,"transportation_score",93.55
"11783","zcta",2023,"transportation_score",99.69
"11784","zcta",2023,"transportation_score",97.81
"11786","zcta",2023,"transportation_score",91.51
"11787","zcta",2023,"transportation_score",93.52
"11788","zcta",2023,"transportation_score",92.97
"11789","zcta",2023,"transportation_score",92.34
"11790","zcta",2023,"transportation_score",NA
"11791","zcta",2023,"transportation_score",102.01
"11792","zcta",2023,"transportation_score",91.59
"11793","zcta",2023,"transportation_score",98.59
"11794","zcta",2023,"transportation_score",NA
"11795","zcta",2023,"transportation_score",94.24
"11796","zcta",2023,"transportation_score",94.82
"11797","zcta",2023,"transportation_score",99.98
"11801","zcta",2023,"transportation_score",102.07
"11803","zcta",2023,"transportation_score",98.97
"11804","zcta",2023,"transportation_score",98.38
"11901","zcta",2023,"transportation_score",93.37
"11930","zcta",2023,"transportation_score",88.94
"11931","zcta",2023,"transportation_score",NA
"11932","zcta",2023,"transportation_score",102.48
"11933","zcta",2023,"transportation_score",92.38
"11934","zcta",2023,"transportation_score",92.26
"11935","zcta",2023,"transportation_score",95.43
"11937","zcta",2023,"transportation_score",95.53
"11939","zcta",2023,"transportation_score",97.06
"11940","zcta",2023,"transportation_score",93.5
"11941","zcta",2023,"transportation_score",97.07
"11942","zcta",2023,"transportation_score",92.39
"11944","zcta",2023,"transportation_score",97.52
"11946","zcta",2023,"transportation_score",97
"11947","zcta",2023,"transportation_score",84.02
"11948","zcta",2023,"transportation_score",97.89
"11949","zcta",2023,"transportation_score",91.86
"11950","zcta",2023,"transportation_score",91.23
"11951","zcta",2023,"transportation_score",92.14
"11952","zcta",2023,"transportation_score",99.32
"11953","zcta",2023,"transportation_score",94.89
"11954","zcta",2023,"transportation_score",95.59
"11955","zcta",2023,"transportation_score",92.67
"11956","zcta",2023,"transportation_score",109.88
"11957","zcta",2023,"transportation_score",99.09
"11958","zcta",2023,"transportation_score",107.3
"11959","zcta",2023,"transportation_score",92.2
"11960","zcta",2023,"transportation_score",88.94
"11961","zcta",2023,"transportation_score",91.04
"11962","zcta",2023,"transportation_score",96.38
"11963","zcta",2023,"transportation_score",95.84
"11964","zcta",2023,"transportation_score",101.94
"11965","zcta",2023,"transportation_score",102.11
"11967","zcta",2023,"transportation_score",94.18
"11968","zcta",2023,"transportation_score",98.21
"11970","zcta",2023,"transportation_score",128.23
"11971","zcta",2023,"transportation_score",96.04
"11972","zcta",2023,"transportation_score",98.88
"11973","zcta",2023,"transportation_score",NA
"11975","zcta",2023,"transportation_score",97.8
"11976","zcta",2023,"transportation_score",101.52
"11977","zcta",2023,"transportation_score",100.62
"11978","zcta",2023,"transportation_score",98.64
"11980","zcta",2023,"transportation_score",92.57
"12007","zcta",2023,"transportation_score",89.21
"12008","zcta",2023,"transportation_score",90.51
"12009","zcta",2023,"transportation_score",90.89
"12010","zcta",2023,"transportation_score",93.04
"12015","zcta",2023,"transportation_score",92.47
"12017","zcta",2023,"transportation_score",92.85
"12018","zcta",2023,"transportation_score",91.61
"12019","zcta",2023,"transportation_score",93.68
"12020","zcta",2023,"transportation_score",91.59
"12022","zcta",2023,"transportation_score",92.98
"12023","zcta",2023,"transportation_score",92.55
"12024","zcta",2023,"transportation_score",NA
"12025","zcta",2023,"transportation_score",90.87
"12027","zcta",2023,"transportation_score",91.31
"12028","zcta",2023,"transportation_score",91.87
"12029","zcta",2023,"transportation_score",95.56
"12031","zcta",2023,"transportation_score",91.03
"12032","zcta",2023,"transportation_score",89.71
"12033","zcta",2023,"transportation_score",90.04
"12035","zcta",2023,"transportation_score",87.44
"12036","zcta",2023,"transportation_score",97.87
"12037","zcta",2023,"transportation_score",93.28
"12040","zcta",2023,"transportation_score",NA
"12041","zcta",2023,"transportation_score",91.39
"12042","zcta",2023,"transportation_score",84.61
"12043","zcta",2023,"transportation_score",94.7
"12045","zcta",2023,"transportation_score",87.49
"12046","zcta",2023,"transportation_score",87.17
"12047","zcta",2023,"transportation_score",94.03
"12051","zcta",2023,"transportation_score",91.93
"12052","zcta",2023,"transportation_score",88.96
"12053","zcta",2023,"transportation_score",91.59
"12054","zcta",2023,"transportation_score",92.46
"12056","zcta",2023,"transportation_score",92.22
"12057","zcta",2023,"transportation_score",90.53
"12058","zcta",2023,"transportation_score",90.69
"12059","zcta",2023,"transportation_score",89.6
"12060","zcta",2023,"transportation_score",92.74
"12061","zcta",2023,"transportation_score",92.43
"12062","zcta",2023,"transportation_score",91.67
"12063","zcta",2023,"transportation_score",87.86
"12064","zcta",2023,"transportation_score",91.57
"12065","zcta",2023,"transportation_score",91.72
"12066","zcta",2023,"transportation_score",90.71
"12067","zcta",2023,"transportation_score",88.65
"12068","zcta",2023,"transportation_score",90.27
"12069","zcta",2023,"transportation_score",94.07
"12070","zcta",2023,"transportation_score",90.88
"12071","zcta",2023,"transportation_score",89.01
"12072","zcta",2023,"transportation_score",91.87
"12074","zcta",2023,"transportation_score",89.55
"12075","zcta",2023,"transportation_score",92.82
"12076","zcta",2023,"transportation_score",90.8
"12077","zcta",2023,"transportation_score",92.27
"12078","zcta",2023,"transportation_score",116.36
"12082","zcta",2023,"transportation_score",NA
"12083","zcta",2023,"transportation_score",93.38
"12084","zcta",2023,"transportation_score",94.37
"12085","zcta",2023,"transportation_score",NA
"12086","zcta",2023,"transportation_score",89.44
"12087","zcta",2023,"transportation_score",89.61
"12090","zcta",2023,"transportation_score",91.6
"12092","zcta",2023,"transportation_score",89.57
"12093","zcta",2023,"transportation_score",94.35
"12094","zcta",2023,"transportation_score",90.08
"12095","zcta",2023,"transportation_score",116.11
"12106","zcta",2023,"transportation_score",93.91
"12108","zcta",2023,"transportation_score",94.74
"12110","zcta",2023,"transportation_score",91.65
"12115","zcta",2023,"transportation_score",NA
"12116","zcta",2023,"transportation_score",90.29
"12117","zcta",2023,"transportation_score",89.37
"12118","zcta",2023,"transportation_score",90.93
"12120","zcta",2023,"transportation_score",91.99
"12121","zcta",2023,"transportation_score",91.43
"12122","zcta",2023,"transportation_score",91.22
"12123","zcta",2023,"transportation_score",92.47
"12124","zcta",2023,"transportation_score",86.06
"12125","zcta",2023,"transportation_score",91.78
"12130","zcta",2023,"transportation_score",85.08
"12131","zcta",2023,"transportation_score",91.5
"12132","zcta",2023,"transportation_score",86.02
"12134","zcta",2023,"transportation_score",90.54
"12136","zcta",2023,"transportation_score",97.03
"12137","zcta",2023,"transportation_score",89.82
"12138","zcta",2023,"transportation_score",90.58
"12139","zcta",2023,"transportation_score",90.84
"12140","zcta",2023,"transportation_score",91.38
"12143","zcta",2023,"transportation_score",91.47
"12144","zcta",2023,"transportation_score",95.93
"12147","zcta",2023,"transportation_score",87.32
"12148","zcta",2023,"transportation_score",91.25
"12149","zcta",2023,"transportation_score",93.25
"12150","zcta",2023,"transportation_score",91.27
"12151","zcta",2023,"transportation_score",91.67
"12153","zcta",2023,"transportation_score",90.27
"12154","zcta",2023,"transportation_score",89.34
"12155","zcta",2023,"transportation_score",89.07
"12156","zcta",2023,"transportation_score",93.99
"12157","zcta",2023,"transportation_score",92.68
"12158","zcta",2023,"transportation_score",90.33
"12159","zcta",2023,"transportation_score",91.02
"12160","zcta",2023,"transportation_score",91.97
"12161","zcta",2023,"transportation_score",NA
"12164","zcta",2023,"transportation_score",97.72
"12165","zcta",2023,"transportation_score",94.14
"12166","zcta",2023,"transportation_score",90.67
"12167","zcta",2023,"transportation_score",93.52
"12168","zcta",2023,"transportation_score",89.21
"12169","zcta",2023,"transportation_score",88.18
"12170","zcta",2023,"transportation_score",90.85
"12172","zcta",2023,"transportation_score",81.99
"12173","zcta",2023,"transportation_score",89.85
"12174","zcta",2023,"transportation_score",101.8
"12175","zcta",2023,"transportation_score",90.47
"12176","zcta",2023,"transportation_score",91.1
"12177","zcta",2023,"transportation_score",86.24
"12180","zcta",2023,"transportation_score",97.6
"12182","zcta",2023,"transportation_score",94.53
"12183","zcta",2023,"transportation_score",101.82
"12184","zcta",2023,"transportation_score",91.45
"12185","zcta",2023,"transportation_score",88.88
"12186","zcta",2023,"transportation_score",90.97
"12187","zcta",2023,"transportation_score",94.07
"12188","zcta",2023,"transportation_score",92.01
"12189","zcta",2023,"transportation_score",94.78
"12190","zcta",2023,"transportation_score",88.48
"12192","zcta",2023,"transportation_score",91.6
"12193","zcta",2023,"transportation_score",92.13
"12194","zcta",2023,"transportation_score",92.16
"12195","zcta",2023,"transportation_score",87.12
"12196","zcta",2023,"transportation_score",90.88
"12197","zcta",2023,"transportation_score",91.78
"12198","zcta",2023,"transportation_score",90.85
"12202","zcta",2023,"transportation_score",115.16
"12203","zcta",2023,"transportation_score",97.04
"12204","zcta",2023,"transportation_score",102.91
"12205","zcta",2023,"transportation_score",98.63
"12206","zcta",2023,"transportation_score",113.03
"12207","zcta",2023,"transportation_score",115.74
"12208","zcta",2023,"transportation_score",98.02
"12209","zcta",2023,"transportation_score",97.88
"12210","zcta",2023,"transportation_score",116.79
"12211","zcta",2023,"transportation_score",93.83
"12222","zcta",2023,"transportation_score",NA
"12226","zcta",2023,"transportation_score",NA
"12302","zcta",2023,"transportation_score",92.77
"12303","zcta",2023,"transportation_score",95.52
"12304","zcta",2023,"transportation_score",98.28
"12305","zcta",2023,"transportation_score",99.6
"12306","zcta",2023,"transportation_score",91.7
"12307","zcta",2023,"transportation_score",112.36
"12308","zcta",2023,"transportation_score",98.81
"12309","zcta",2023,"transportation_score",91.78
"12401","zcta",2023,"transportation_score",111.53
"12404","zcta",2023,"transportation_score",95.84
"12405","zcta",2023,"transportation_score",95.58
"12406","zcta",2023,"transportation_score",88.28
"12407","zcta",2023,"transportation_score",90.14
"12409","zcta",2023,"transportation_score",98.48
"12410","zcta",2023,"transportation_score",90.78
"12411","zcta",2023,"transportation_score",88.76
"12412","zcta",2023,"transportation_score",93.22
"12413","zcta",2023,"transportation_score",92.17
"12414","zcta",2023,"transportation_score",103.71
"12416","zcta",2023,"transportation_score",97.9
"12417","zcta",2023,"transportation_score",88.89
"12418","zcta",2023,"transportation_score",95.51
"12419","zcta",2023,"transportation_score",92.78
"12420","zcta",2023,"transportation_score",87.81
"12421","zcta",2023,"transportation_score",97.4
"12422","zcta",2023,"transportation_score",96.23
"12423","zcta",2023,"transportation_score",94.62
"12424","zcta",2023,"transportation_score",89.46
"12427","zcta",2023,"transportation_score",NA
"12428","zcta",2023,"transportation_score",92.6
"12429","zcta",2023,"transportation_score",NA
"12430","zcta",2023,"transportation_score",94.57
"12431","zcta",2023,"transportation_score",89.36
"12432","zcta",2023,"transportation_score",90.02
"12433","zcta",2023,"transportation_score",91.65
"12434","zcta",2023,"transportation_score",94.31
"12435","zcta",2023,"transportation_score",89.88
"12436","zcta",2023,"transportation_score",89.52
"12438","zcta",2023,"transportation_score",NA
"12439","zcta",2023,"transportation_score",90.03
"12440","zcta",2023,"transportation_score",93.02
"12441","zcta",2023,"transportation_score",NA
"12442","zcta",2023,"transportation_score",94.41
"12443","zcta",2023,"transportation_score",92.1
"12444","zcta",2023,"transportation_score",93.09
"12446","zcta",2023,"transportation_score",97.83
"12448","zcta",2023,"transportation_score",90.17
"12449","zcta",2023,"transportation_score",91.93
"12450","zcta",2023,"transportation_score",91.71
"12451","zcta",2023,"transportation_score",91.33
"12452","zcta",2023,"transportation_score",NA
"12453","zcta",2023,"transportation_score",89.37
"12454","zcta",2023,"transportation_score",94.37
"12455","zcta",2023,"transportation_score",93.48
"12456","zcta",2023,"transportation_score",89.51
"12457","zcta",2023,"transportation_score",92.7
"12458","zcta",2023,"transportation_score",NA
"12459","zcta",2023,"transportation_score",NA
"12460","zcta",2023,"transportation_score",88.69
"12461","zcta",2023,"transportation_score",106.36
"12463","zcta",2023,"transportation_score",97.28
"12464","zcta",2023,"transportation_score",97.06
"12465","zcta",2023,"transportation_score",98.83
"12466","zcta",2023,"transportation_score",95.71
"12468","zcta",2023,"transportation_score",96.5
"12469","zcta",2023,"transportation_score",91.34
"12470","zcta",2023,"transportation_score",88.81
"12471","zcta",2023,"transportation_score",84.71
"12472","zcta",2023,"transportation_score",94.85
"12473","zcta",2023,"transportation_score",91.42
"12474","zcta",2023,"transportation_score",88.27
"12475","zcta",2023,"transportation_score",87.76
"12477","zcta",2023,"transportation_score",109.67
"12480","zcta",2023,"transportation_score",104.33
"12481","zcta",2023,"transportation_score",95.08
"12482","zcta",2023,"transportation_score",89.63
"12483","zcta",2023,"transportation_score",NA
"12484","zcta",2023,"transportation_score",98.27
"12485","zcta",2023,"transportation_score",97.95
"12486","zcta",2023,"transportation_score",89.02
"12487","zcta",2023,"transportation_score",92.04
"12489","zcta",2023,"transportation_score",45.81
"12490","zcta",2023,"transportation_score",NA
"12491","zcta",2023,"transportation_score",90.4
"12492","zcta",2023,"transportation_score",93.47
"12493","zcta",2023,"transportation_score",78.23
"12494","zcta",2023,"transportation_score",95.61
"12495","zcta",2023,"transportation_score",87.62
"12496","zcta",2023,"transportation_score",98.17
"12498","zcta",2023,"transportation_score",98.14
"12501","zcta",2023,"transportation_score",94.71
"12502","zcta",2023,"transportation_score",104.53
"12503","zcta",2023,"transportation_score",94.17
"12504","zcta",2023,"transportation_score",NA
"12507","zcta",2023,"transportation_score",95.95
"12508","zcta",2023,"transportation_score",117.89
"12512","zcta",2023,"transportation_score",87.76
"12513","zcta",2023,"transportation_score",95.41
"12514","zcta",2023,"transportation_score",92.65
"12515","zcta",2023,"transportation_score",94.39
"12516","zcta",2023,"transportation_score",96.84
"12517","zcta",2023,"transportation_score",90.63
"12518","zcta",2023,"transportation_score",114.51
"12520","zcta",2023,"transportation_score",93.06
"12521","zcta",2023,"transportation_score",92.95
"12522","zcta",2023,"transportation_score",94.01
"12523","zcta",2023,"transportation_score",92.02
"12524","zcta",2023,"transportation_score",115.28
"12525","zcta",2023,"transportation_score",91.06
"12526","zcta",2023,"transportation_score",97.28
"12527","zcta",2023,"transportation_score",NA
"12528","zcta",2023,"transportation_score",114.93
"12529","zcta",2023,"transportation_score",97.14
"12530","zcta",2023,"transportation_score",78.59
"12531","zcta",2023,"transportation_score",93.97
"12533","zcta",2023,"transportation_score",113.69
"12534","zcta",2023,"transportation_score",105.27
"12538","zcta",2023,"transportation_score",114.74
"12540","zcta",2023,"transportation_score",93.27
"12542","zcta",2023,"transportation_score",91.58
"12543","zcta",2023,"transportation_score",91.69
"12544","zcta",2023,"transportation_score",NA
"12545","zcta",2023,"transportation_score",97.85
"12546","zcta",2023,"transportation_score",93.03
"12547","zcta",2023,"transportation_score",93.5
"12548","zcta",2023,"transportation_score",89.96
"12549","zcta",2023,"transportation_score",93.39
"12550","zcta",2023,"transportation_score",119.17
"12553","zcta",2023,"transportation_score",115.94
"12561","zcta",2023,"transportation_score",118.3
"12563","zcta",2023,"transportation_score",94.09
"12564","zcta",2023,"transportation_score",114.45
"12565","zcta",2023,"transportation_score",91.59
"12566","zcta",2023,"transportation_score",90.96
"12567","zcta",2023,"transportation_score",96.73
"12569","zcta",2023,"transportation_score",114.04
"12570","zcta",2023,"transportation_score",92.31
"12571","zcta",2023,"transportation_score",94.48
"12572","zcta",2023,"transportation_score",98.08
"12574","zcta",2023,"transportation_score",100.23
"12575","zcta",2023,"transportation_score",92.13
"12577","zcta",2023,"transportation_score",95.19
"12578","zcta",2023,"transportation_score",95.72
"12580","zcta",2023,"transportation_score",94.31
"12581","zcta",2023,"transportation_score",97.74
"12582","zcta",2023,"transportation_score",90.85
"12583","zcta",2023,"transportation_score",93.29
"12585","zcta",2023,"transportation_score",93.32
"12586","zcta",2023,"transportation_score",93.08
"12589","zcta",2023,"transportation_score",91.11
"12590","zcta",2023,"transportation_score",115.7
"12592","zcta",2023,"transportation_score",95.85
"12594","zcta",2023,"transportation_score",91.13
"12601","zcta",2023,"transportation_score",119.31
"12603","zcta",2023,"transportation_score",116.29
"12604","zcta",2023,"transportation_score",NA
"12701","zcta",2023,"transportation_score",113.15
"12719","zcta",2023,"transportation_score",93.63
"12720","zcta",2023,"transportation_score",89.92
"12721","zcta",2023,"transportation_score",94.46
"12722","zcta",2023,"transportation_score",NA
"12723","zcta",2023,"transportation_score",95.17
"12724","zcta",2023,"transportation_score",NA
"12725","zcta",2023,"transportation_score",93.06
"12726","zcta",2023,"transportation_score",90.6
"12729","zcta",2023,"transportation_score",98.96
"12732","zcta",2023,"transportation_score",93.86
"12733","zcta",2023,"transportation_score",NA
"12734","zcta",2023,"transportation_score",101.43
"12736","zcta",2023,"transportation_score",92.12
"12737","zcta",2023,"transportation_score",90.16
"12738","zcta",2023,"transportation_score",87.04
"12740","zcta",2023,"transportation_score",93.55
"12741","zcta",2023,"transportation_score",91.69
"12742","zcta",2023,"transportation_score",80.93
"12743","zcta",2023,"transportation_score",93.56
"12745","zcta",2023,"transportation_score",NA
"12746","zcta",2023,"transportation_score",91.79
"12747","zcta",2023,"transportation_score",94.01
"12748","zcta",2023,"transportation_score",93.74
"12749","zcta",2023,"transportation_score",106.24
"12750","zcta",2023,"transportation_score",NA
"12751","zcta",2023,"transportation_score",98.28
"12752","zcta",2023,"transportation_score",90.77
"12754","zcta",2023,"transportation_score",93.02
"12758","zcta",2023,"transportation_score",95.6
"12759","zcta",2023,"transportation_score",97.29
"12760","zcta",2023,"transportation_score",88.68
"12762","zcta",2023,"transportation_score",94.74
"12763","zcta",2023,"transportation_score",95.45
"12764","zcta",2023,"transportation_score",95.08
"12765","zcta",2023,"transportation_score",87.08
"12766","zcta",2023,"transportation_score",87.95
"12767","zcta",2023,"transportation_score",84.99
"12768","zcta",2023,"transportation_score",94.93
"12769","zcta",2023,"transportation_score",86.18
"12770","zcta",2023,"transportation_score",93.19
"12771","zcta",2023,"transportation_score",148.78
"12775","zcta",2023,"transportation_score",92.04
"12776","zcta",2023,"transportation_score",90.77
"12777","zcta",2023,"transportation_score",94.61
"12778","zcta",2023,"transportation_score",85.08
"12779","zcta",2023,"transportation_score",96.49
"12780","zcta",2023,"transportation_score",91.47
"12781","zcta",2023,"transportation_score",84.41
"12783","zcta",2023,"transportation_score",89.48
"12784","zcta",2023,"transportation_score",NA
"12785","zcta",2023,"transportation_score",96.58
"12786","zcta",2023,"transportation_score",88.13
"12787","zcta",2023,"transportation_score",85.58
"12788","zcta",2023,"transportation_score",90.15
"12789","zcta",2023,"transportation_score",91.26
"12790","zcta",2023,"transportation_score",92.07
"12791","zcta",2023,"transportation_score",85.94
"12792","zcta",2023,"transportation_score",87.32
"12801","zcta",2023,"transportation_score",124.91
"12803","zcta",2023,"transportation_score",121.77
"12804","zcta",2023,"transportation_score",124.72
"12808","zcta",2023,"transportation_score",88.81
"12809","zcta",2023,"transportation_score",91.17
"12810","zcta",2023,"transportation_score",89.64
"12811","zcta",2023,"transportation_score",87.05
"12812","zcta",2023,"transportation_score",99.7
"12814","zcta",2023,"transportation_score",93.72
"12815","zcta",2023,"transportation_score",90.51
"12816","zcta",2023,"transportation_score",93.13
"12817","zcta",2023,"transportation_score",93.2
"12819","zcta",2023,"transportation_score",89.04
"12820","zcta",2023,"transportation_score",NA
"12821","zcta",2023,"transportation_score",NA
"12822","zcta",2023,"transportation_score",91.77
"12823","zcta",2023,"transportation_score",86.88
"12824","zcta",2023,"transportation_score",92.11
"12827","zcta",2023,"transportation_score",89.86
"12828","zcta",2023,"transportation_score",91.04
"12831","zcta",2023,"transportation_score",90.58
"12832","zcta",2023,"transportation_score",90.68
"12833","zcta",2023,"transportation_score",92.7
"12834","zcta",2023,"transportation_score",90.88
"12835","zcta",2023,"transportation_score",92.61
"12836","zcta",2023,"transportation_score",90.61
"12837","zcta",2023,"transportation_score",90.57
"12838","zcta",2023,"transportation_score",91.66
"12839","zcta",2023,"transportation_score",123.47
"12841","zcta",2023,"transportation_score",NA
"12842","zcta",2023,"transportation_score",93.27
"12843","zcta",2023,"transportation_score",87.27
"12844","zcta",2023,"transportation_score",93.66
"12845","zcta",2023,"transportation_score",92.42
"12846","zcta",2023,"transportation_score",90.33
"12847","zcta",2023,"transportation_score",91.92
"12849","zcta",2023,"transportation_score",93.13
"12850","zcta",2023,"transportation_score",88.49
"12851","zcta",2023,"transportation_score",90.16
"12852","zcta",2023,"transportation_score",90.81
"12853","zcta",2023,"transportation_score",90.41
"12854","zcta",2023,"transportation_score",NA
"12855","zcta",2023,"transportation_score",85.42
"12856","zcta",2023,"transportation_score",93.47
"12857","zcta",2023,"transportation_score",94.21
"12858","zcta",2023,"transportation_score",92.5
"12859","zcta",2023,"transportation_score",91.44
"12860","zcta",2023,"transportation_score",87.04
"12861","zcta",2023,"transportation_score",89.63
"12862","zcta",2023,"transportation_score",96.31
"12863","zcta",2023,"transportation_score",89.85
"12864","zcta",2023,"transportation_score",NA
"12865","zcta",2023,"transportation_score",91.31
"12866","zcta",2023,"transportation_score",94.25
"12870","zcta",2023,"transportation_score",94.88
"12871","zcta",2023,"transportation_score",93.61
"12872","zcta",2023,"transportation_score",NA
"12873","zcta",2023,"transportation_score",98.74
"12874","zcta",2023,"transportation_score",101.28
"12878","zcta",2023,"transportation_score",91.02
"12883","zcta",2023,"transportation_score",95.24
"12884","zcta",2023,"transportation_score",89.22
"12885","zcta",2023,"transportation_score",92.74
"12886","zcta",2023,"transportation_score",86.08
"12887","zcta",2023,"transportation_score",91.68
"12901","zcta",2023,"transportation_score",127
"12903","zcta",2023,"transportation_score",92.31
"12910","zcta",2023,"transportation_score",89.98
"12911","zcta",2023,"transportation_score",NA
"12912","zcta",2023,"transportation_score",90.29
"12913","zcta",2023,"transportation_score",90.16
"12914","zcta",2023,"transportation_score",96.53
"12915","zcta",2023,"transportation_score",NA
"12916","zcta",2023,"transportation_score",90.66
"12917","zcta",2023,"transportation_score",93.64
"12918","zcta",2023,"transportation_score",90.09
"12919","zcta",2023,"transportation_score",92.68
"12920","zcta",2023,"transportation_score",89.01
"12921","zcta",2023,"transportation_score",91.69
"12922","zcta",2023,"transportation_score",NA
"12923","zcta",2023,"transportation_score",92.7
"12924","zcta",2023,"transportation_score",84.62
"12926","zcta",2023,"transportation_score",92.83
"12927","zcta",2023,"transportation_score",98.21
"12928","zcta",2023,"transportation_score",90.03
"12929","zcta",2023,"transportation_score",NA
"12930","zcta",2023,"transportation_score",89.94
"12932","zcta",2023,"transportation_score",92.76
"12933","zcta",2023,"transportation_score",NA
"12934","zcta",2023,"transportation_score",90.5
"12935","zcta",2023,"transportation_score",89.87
"12936","zcta",2023,"transportation_score",95.36
"12937","zcta",2023,"transportation_score",97.42
"12939","zcta",2023,"transportation_score",92.71
"12941","zcta",2023,"transportation_score",93.41
"12942","zcta",2023,"transportation_score",90.77
"12943","zcta",2023,"transportation_score",95.1
"12944","zcta",2023,"transportation_score",90.32
"12945","zcta",2023,"transportation_score",88.29
"12946","zcta",2023,"transportation_score",96.64
"12950","zcta",2023,"transportation_score",88.74
"12952","zcta",2023,"transportation_score",83.1
"12953","zcta",2023,"transportation_score",108.41
"12955","zcta",2023,"transportation_score",94.93
"12956","zcta",2023,"transportation_score",92.19
"12957","zcta",2023,"transportation_score",88.43
"12958","zcta",2023,"transportation_score",91.24
"12959","zcta",2023,"transportation_score",90.84
"12960","zcta",2023,"transportation_score",88.1
"12961","zcta",2023,"transportation_score",NA
"12962","zcta",2023,"transportation_score",89.82
"12964","zcta",2023,"transportation_score",NA
"12965","zcta",2023,"transportation_score",90.98
"12966","zcta",2023,"transportation_score",94.82
"12967","zcta",2023,"transportation_score",93.28
"12969","zcta",2023,"transportation_score",89.31
"12970","zcta",2023,"transportation_score",NA
"12972","zcta",2023,"transportation_score",92.92
"12973","zcta",2023,"transportation_score",88.19
"12974","zcta",2023,"transportation_score",92.77
"12975","zcta",2023,"transportation_score",89.32
"12976","zcta",2023,"transportation_score",88.64
"12977","zcta",2023,"transportation_score",NA
"12978","zcta",2023,"transportation_score",87.11
"12979","zcta",2023,"transportation_score",90.99
"12980","zcta",2023,"transportation_score",90.35
"12981","zcta",2023,"transportation_score",89.12
"12983","zcta",2023,"transportation_score",94.01
"12985","zcta",2023,"transportation_score",90.07
"12986","zcta",2023,"transportation_score",92.77
"12987","zcta",2023,"transportation_score",86.16
"12989","zcta",2023,"transportation_score",91.09
"12992","zcta",2023,"transportation_score",89.15
"12993","zcta",2023,"transportation_score",91.14
"12996","zcta",2023,"transportation_score",89.3
"12997","zcta",2023,"transportation_score",94.36
"12998","zcta",2023,"transportation_score",95.47
"13020","zcta",2023,"transportation_score",83.33
"13021","zcta",2023,"transportation_score",92.37
"13024","zcta",2023,"transportation_score",NA
"13026","zcta",2023,"transportation_score",97.14
"13027","zcta",2023,"transportation_score",122.75
"13028","zcta",2023,"transportation_score",91.52
"13029","zcta",2023,"transportation_score",92.32
"13030","zcta",2023,"transportation_score",89.92
"13031","zcta",2023,"transportation_score",122.97
"13032","zcta",2023,"transportation_score",90.97
"13033","zcta",2023,"transportation_score",90.13
"13034","zcta",2023,"transportation_score",90.34
"13035","zcta",2023,"transportation_score",92.75
"13036","zcta",2023,"transportation_score",120.39
"13037","zcta",2023,"transportation_score",90.65
"13039","zcta",2023,"transportation_score",121.77
"13040","zcta",2023,"transportation_score",90.82
"13041","zcta",2023,"transportation_score",122.32
"13042","zcta",2023,"transportation_score",89.4
"13044","zcta",2023,"transportation_score",90.45
"13045","zcta",2023,"transportation_score",112.2
"13051","zcta",2023,"transportation_score",NA
"13052","zcta",2023,"transportation_score",90.21
"13053","zcta",2023,"transportation_score",93.38
"13054","zcta",2023,"transportation_score",88.79
"13057","zcta",2023,"transportation_score",125.22
"13060","zcta",2023,"transportation_score",91.58
"13061","zcta",2023,"transportation_score",89.88
"13062","zcta",2023,"transportation_score",88.05
"13063","zcta",2023,"transportation_score",91.07
"13065","zcta",2023,"transportation_score",86.1
"13066","zcta",2023,"transportation_score",123.1
"13068","zcta",2023,"transportation_score",93.93
"13069","zcta",2023,"transportation_score",108.5
"13071","zcta",2023,"transportation_score",93.15
"13072","zcta",2023,"transportation_score",90.17
"13073","zcta",2023,"transportation_score",91.75
"13074","zcta",2023,"transportation_score",90.2
"13076","zcta",2023,"transportation_score",90.53
"13077","zcta",2023,"transportation_score",107.75
"13078","zcta",2023,"transportation_score",91.11
"13080","zcta",2023,"transportation_score",90.61
"13081","zcta",2023,"transportation_score",92.8
"13082","zcta",2023,"transportation_score",91.27
"13083","zcta",2023,"transportation_score",92.9
"13084","zcta",2023,"transportation_score",89.33
"13087","zcta",2023,"transportation_score",88.56
"13088","zcta",2023,"transportation_score",123.87
"13090","zcta",2023,"transportation_score",124.06
"13092","zcta",2023,"transportation_score",91.75
"13101","zcta",2023,"transportation_score",90.61
"13102","zcta",2023,"transportation_score",NA
"13103","zcta",2023,"transportation_score",91.29
"13104","zcta",2023,"transportation_score",123.56
"13108","zcta",2023,"transportation_score",122.76
"13110","zcta",2023,"transportation_score",89.98
"13111","zcta",2023,"transportation_score",91.89
"13112","zcta",2023,"transportation_score",90.49
"13113","zcta",2023,"transportation_score",NA
"13114","zcta",2023,"transportation_score",90.26
"13115","zcta",2023,"transportation_score",92.46
"13116","zcta",2023,"transportation_score",90.33
"13117","zcta",2023,"transportation_score",87.65
"13118","zcta",2023,"transportation_score",91.24
"13119","zcta",2023,"transportation_score",NA
"13120","zcta",2023,"transportation_score",90.61
"13121","zcta",2023,"transportation_score",NA
"13122","zcta",2023,"transportation_score",98.83
"13123","zcta",2023,"transportation_score",NA
"13124","zcta",2023,"transportation_score",NA
"13126","zcta",2023,"transportation_score",113.48
"13131","zcta",2023,"transportation_score",90.89
"13132","zcta",2023,"transportation_score",90.57
"13134","zcta",2023,"transportation_score",87.05
"13135","zcta",2023,"transportation_score",123.69
"13136","zcta",2023,"transportation_score",90.56
"13138","zcta",2023,"transportation_score",90.88
"13140","zcta",2023,"transportation_score",90.73
"13141","zcta",2023,"transportation_score",90.66
"13142","zcta",2023,"transportation_score",90.29
"13143","zcta",2023,"transportation_score",89.83
"13144","zcta",2023,"transportation_score",90.53
"13145","zcta",2023,"transportation_score",91.71
"13146","zcta",2023,"transportation_score",91.95
"13147","zcta",2023,"transportation_score",93.74
"13148","zcta",2023,"transportation_score",92.47
"13152","zcta",2023,"transportation_score",94.29
"13153","zcta",2023,"transportation_score",89.85
"13154","zcta",2023,"transportation_score",NA
"13155","zcta",2023,"transportation_score",90.4
"13156","zcta",2023,"transportation_score",91.63
"13157","zcta",2023,"transportation_score",93.7
"13158","zcta",2023,"transportation_score",89.47
"13159","zcta",2023,"transportation_score",91.73
"13160","zcta",2023,"transportation_score",92.21
"13162","zcta",2023,"transportation_score",84.71
"13163","zcta",2023,"transportation_score",91.57
"13164","zcta",2023,"transportation_score",88.77
"13165","zcta",2023,"transportation_score",92.02
"13166","zcta",2023,"transportation_score",90.53
"13167","zcta",2023,"transportation_score",91.39
"13202","zcta",2023,"transportation_score",111.69
"13203","zcta",2023,"transportation_score",131.73
"13204","zcta",2023,"transportation_score",132.19
"13205","zcta",2023,"transportation_score",135.14
"13206","zcta",2023,"transportation_score",125.6
"13207","zcta",2023,"transportation_score",125.96
"13208","zcta",2023,"transportation_score",131.18
"13209","zcta",2023,"transportation_score",125.31
"13210","zcta",2023,"transportation_score",141.13
"13211","zcta",2023,"transportation_score",123.8
"13212","zcta",2023,"transportation_score",122.5
"13214","zcta",2023,"transportation_score",125.82
"13215","zcta",2023,"transportation_score",122.36
"13219","zcta",2023,"transportation_score",122.57
"13224","zcta",2023,"transportation_score",95.49
"13244","zcta",2023,"transportation_score",NA
"13290","zcta",2023,"transportation_score",NA
"13301","zcta",2023,"transportation_score",85.66
"13302","zcta",2023,"transportation_score",92.41
"13303","zcta",2023,"transportation_score",90.05
"13304","zcta",2023,"transportation_score",91.68
"13305","zcta",2023,"transportation_score",85.55
"13308","zcta",2023,"transportation_score",89.98
"13309","zcta",2023,"transportation_score",92.16
"13310","zcta",2023,"transportation_score",87.88
"13312","zcta",2023,"transportation_score",92.57
"13313","zcta",2023,"transportation_score",89.48
"13314","zcta",2023,"transportation_score",92.79
"13315","zcta",2023,"transportation_score",92.29
"13316","zcta",2023,"transportation_score",95.12
"13317","zcta",2023,"transportation_score",93.96
"13318","zcta",2023,"transportation_score",88.13
"13319","zcta",2023,"transportation_score",91.29
"13320","zcta",2023,"transportation_score",94.02
"13321","zcta",2023,"transportation_score",88.74
"13322","zcta",2023,"transportation_score",90.72
"13323","zcta",2023,"transportation_score",93.28
"13324","zcta",2023,"transportation_score",90.25
"13325","zcta",2023,"transportation_score",91.76
"13326","zcta",2023,"transportation_score",98.1
"13327","zcta",2023,"transportation_score",89.88
"13328","zcta",2023,"transportation_score",90.38
"13329","zcta",2023,"transportation_score",91.92
"13331","zcta",2023,"transportation_score",88.45
"13332","zcta",2023,"transportation_score",92.45
"13333","zcta",2023,"transportation_score",NA
"13334","zcta",2023,"transportation_score",90.36
"13335","zcta",2023,"transportation_score",94.91
"13337","zcta",2023,"transportation_score",89.38
"13338","zcta",2023,"transportation_score",89.66
"13339","zcta",2023,"transportation_score",91.78
"13340","zcta",2023,"transportation_score",91.43
"13342","zcta",2023,"transportation_score",90.94
"13343","zcta",2023,"transportation_score",91.04
"13345","zcta",2023,"transportation_score",93.22
"13346","zcta",2023,"transportation_score",NA
"13348","zcta",2023,"transportation_score",90.72
"13350","zcta",2023,"transportation_score",92.65
"13352","zcta",2023,"transportation_score",NA
"13353","zcta",2023,"transportation_score",NA
"13354","zcta",2023,"transportation_score",92.13
"13355","zcta",2023,"transportation_score",90.86
"13357","zcta",2023,"transportation_score",90.55
"13360","zcta",2023,"transportation_score",88.08
"13361","zcta",2023,"transportation_score",94.89
"13363","zcta",2023,"transportation_score",90.73
"13364","zcta",2023,"transportation_score",88.34
"13365","zcta",2023,"transportation_score",91.89
"13367","zcta",2023,"transportation_score",111.4
"13368","zcta",2023,"transportation_score",90.36
"13402","zcta",2023,"transportation_score",90.37
"13403","zcta",2023,"transportation_score",NA
"13404","zcta",2023,"transportation_score",88.91
"13406","zcta",2023,"transportation_score",89.64
"13407","zcta",2023,"transportation_score",92
"13408","zcta",2023,"transportation_score",NA
"13409","zcta",2023,"transportation_score",90.4
"13410","zcta",2023,"transportation_score",92.82
"13411","zcta",2023,"transportation_score",92.77
"13413","zcta",2023,"transportation_score",90.79
"13415","zcta",2023,"transportation_score",NA
"13416","zcta",2023,"transportation_score",91.05
"13417","zcta",2023,"transportation_score",96.02
"13418","zcta",2023,"transportation_score",90.64
"13420","zcta",2023,"transportation_score",93.37
"13421","zcta",2023,"transportation_score",91.8
"13424","zcta",2023,"transportation_score",93.68
"13425","zcta",2023,"transportation_score",93.61
"13428","zcta",2023,"transportation_score",91.55
"13431","zcta",2023,"transportation_score",89.76
"13433","zcta",2023,"transportation_score",92
"13435","zcta",2023,"transportation_score",90.13
"13436","zcta",2023,"transportation_score",90.42
"13437","zcta",2023,"transportation_score",91.03
"13438","zcta",2023,"transportation_score",91.37
"13439","zcta",2023,"transportation_score",91.99
"13440","zcta",2023,"transportation_score",92.93
"13441","zcta",2023,"transportation_score",92.72
"13450","zcta",2023,"transportation_score",99.78
"13452","zcta",2023,"transportation_score",92.81
"13454","zcta",2023,"transportation_score",93.11
"13455","zcta",2023,"transportation_score",NA
"13456","zcta",2023,"transportation_score",89.52
"13457","zcta",2023,"transportation_score",NA
"13459","zcta",2023,"transportation_score",92.88
"13460","zcta",2023,"transportation_score",91.24
"13461","zcta",2023,"transportation_score",91.12
"13464","zcta",2023,"transportation_score",93.38
"13468","zcta",2023,"transportation_score",88.59
"13469","zcta",2023,"transportation_score",92.63
"13470","zcta",2023,"transportation_score",90.84
"13471","zcta",2023,"transportation_score",89.44
"13472","zcta",2023,"transportation_score",86.11
"13473","zcta",2023,"transportation_score",92.17
"13475","zcta",2023,"transportation_score",NA
"13476","zcta",2023,"transportation_score",93.75
"13477","zcta",2023,"transportation_score",91.43
"13478","zcta",2023,"transportation_score",91.33
"13480","zcta",2023,"transportation_score",91.6
"13482","zcta",2023,"transportation_score",NA
"13483","zcta",2023,"transportation_score",92.03
"13484","zcta",2023,"transportation_score",79.7
"13485","zcta",2023,"transportation_score",92.43
"13486","zcta",2023,"transportation_score",89.25
"13488","zcta",2023,"transportation_score",85.9
"13489","zcta",2023,"transportation_score",95.46
"13490","zcta",2023,"transportation_score",90.89
"13491","zcta",2023,"transportation_score",90.06
"13492","zcta",2023,"transportation_score",90.31
"13493","zcta",2023,"transportation_score",91.05
"13494","zcta",2023,"transportation_score",88.37
"13495","zcta",2023,"transportation_score",92.37
"13501","zcta",2023,"transportation_score",96
"13502","zcta",2023,"transportation_score",96.33
"13601","zcta",2023,"transportation_score",117.82
"13602","zcta",2023,"transportation_score",NA
"13603","zcta",2023,"transportation_score",115.84
"13605","zcta",2023,"transportation_score",92.32
"13606","zcta",2023,"transportation_score",91.02
"13607","zcta",2023,"transportation_score",93.32
"13608","zcta",2023,"transportation_score",91.07
"13611","zcta",2023,"transportation_score",85.39
"13612","zcta",2023,"transportation_score",89.83
"13613","zcta",2023,"transportation_score",90.21
"13614","zcta",2023,"transportation_score",88.97
"13615","zcta",2023,"transportation_score",90
"13616","zcta",2023,"transportation_score",94.55
"13617","zcta",2023,"transportation_score",103.78
"13618","zcta",2023,"transportation_score",92.26
"13619","zcta",2023,"transportation_score",116.04
"13620","zcta",2023,"transportation_score",91.93
"13621","zcta",2023,"transportation_score",88.92
"13622","zcta",2023,"transportation_score",91.36
"13623","zcta",2023,"transportation_score",NA
"13624","zcta",2023,"transportation_score",90.63
"13625","zcta",2023,"transportation_score",90.8
"13626","zcta",2023,"transportation_score",90.82
"13628","zcta",2023,"transportation_score",90.8
"13630","zcta",2023,"transportation_score",95.48
"13632","zcta",2023,"transportation_score",79.1
"13633","zcta",2023,"transportation_score",93.94
"13634","zcta",2023,"transportation_score",90.36
"13635","zcta",2023,"transportation_score",89.92
"13636","zcta",2023,"transportation_score",89.39
"13637","zcta",2023,"transportation_score",95.42
"13638","zcta",2023,"transportation_score",86.44
"13639","zcta",2023,"transportation_score",NA
"13640","zcta",2023,"transportation_score",89.96
"13641","zcta",2023,"transportation_score",NA
"13642","zcta",2023,"transportation_score",90.88
"13643","zcta",2023,"transportation_score",NA
"13645","zcta",2023,"transportation_score",NA
"13646","zcta",2023,"transportation_score",91.67
"13647","zcta",2023,"transportation_score",82.93
"13648","zcta",2023,"transportation_score",91.11
"13649","zcta",2023,"transportation_score",NA
"13650","zcta",2023,"transportation_score",92.89
"13651","zcta",2023,"transportation_score",94.56
"13652","zcta",2023,"transportation_score",89.35
"13654","zcta",2023,"transportation_score",94.6
"13655","zcta",2023,"transportation_score",92.9
"13656","zcta",2023,"transportation_score",94.65
"13658","zcta",2023,"transportation_score",90.57
"13659","zcta",2023,"transportation_score",88.96
"13660","zcta",2023,"transportation_score",89.53
"13661","zcta",2023,"transportation_score",88.81
"13662","zcta",2023,"transportation_score",91.36
"13664","zcta",2023,"transportation_score",90.52
"13665","zcta",2023,"transportation_score",88.88
"13666","zcta",2023,"transportation_score",89.08
"13667","zcta",2023,"transportation_score",90.18
"13668","zcta",2023,"transportation_score",90.68
"13669","zcta",2023,"transportation_score",98.58
"13670","zcta",2023,"transportation_score",90.6
"13672","zcta",2023,"transportation_score",92.05
"13673","zcta",2023,"transportation_score",92.02
"13674","zcta",2023,"transportation_score",99.06
"13675","zcta",2023,"transportation_score",NA
"13676","zcta",2023,"transportation_score",94.2
"13678","zcta",2023,"transportation_score",NA
"13679","zcta",2023,"transportation_score",90.42
"13680","zcta",2023,"transportation_score",96.78
"13681","zcta",2023,"transportation_score",92.13
"13682","zcta",2023,"transportation_score",90.03
"13683","zcta",2023,"transportation_score",NA
"13684","zcta",2023,"transportation_score",90.34
"13685","zcta",2023,"transportation_score",89.9
"13687","zcta",2023,"transportation_score",91.7
"13690","zcta",2023,"transportation_score",93.83
"13691","zcta",2023,"transportation_score",89.87
"13692","zcta",2023,"transportation_score",96.96
"13693","zcta",2023,"transportation_score",88.3
"13694","zcta",2023,"transportation_score",93.11
"13695","zcta",2023,"transportation_score",99.41
"13696","zcta",2023,"transportation_score",83.42
"13697","zcta",2023,"transportation_score",89.15
"13699","zcta",2023,"transportation_score",NA
"13730","zcta",2023,"transportation_score",90.02
"13731","zcta",2023,"transportation_score",94.54
"13732","zcta",2023,"transportation_score",91.94
"13733","zcta",2023,"transportation_score",91.63
"13734","zcta",2023,"transportation_score",88.14
"13736","zcta",2023,"transportation_score",92.85
"13738","zcta",2023,"transportation_score",NA
"13739","zcta",2023,"transportation_score",91.21
"13740","zcta",2023,"transportation_score",93.02
"13743","zcta",2023,"transportation_score",91.34
"13744","zcta",2023,"transportation_score",89.01
"13746","zcta",2023,"transportation_score",91.22
"13747","zcta",2023,"transportation_score",NA
"13748","zcta",2023,"transportation_score",91.74
"13750","zcta",2023,"transportation_score",91.69
"13751","zcta",2023,"transportation_score",87
"13752","zcta",2023,"transportation_score",94.79
"13753","zcta",2023,"transportation_score",96.57
"13754","zcta",2023,"transportation_score",91.34
"13755","zcta",2023,"transportation_score",91.38
"13756","zcta",2023,"transportation_score",95.28
"13757","zcta",2023,"transportation_score",91.13
"13760","zcta",2023,"transportation_score",93.82
"13774","zcta",2023,"transportation_score",84.22
"13775","zcta",2023,"transportation_score",91.9
"13776","zcta",2023,"transportation_score",91.24
"13777","zcta",2023,"transportation_score",88.77
"13778","zcta",2023,"transportation_score",90.15
"13780","zcta",2023,"transportation_score",88.61
"13782","zcta",2023,"transportation_score",89.62
"13783","zcta",2023,"transportation_score",92.73
"13784","zcta",2023,"transportation_score",90.86
"13786","zcta",2023,"transportation_score",94.35
"13787","zcta",2023,"transportation_score",92.61
"13788","zcta",2023,"transportation_score",96.92
"13790","zcta",2023,"transportation_score",97.08
"13795","zcta",2023,"transportation_score",92.15
"13796","zcta",2023,"transportation_score",89.05
"13797","zcta",2023,"transportation_score",90.79
"13801","zcta",2023,"transportation_score",95.39
"13802","zcta",2023,"transportation_score",88.34
"13803","zcta",2023,"transportation_score",91.82
"13804","zcta",2023,"transportation_score",91.39
"13806","zcta",2023,"transportation_score",90.83
"13807","zcta",2023,"transportation_score",91
"13808","zcta",2023,"transportation_score",95.91
"13809","zcta",2023,"transportation_score",90.81
"13810","zcta",2023,"transportation_score",94.15
"13811","zcta",2023,"transportation_score",89.94
"13812","zcta",2023,"transportation_score",91.02
"13813","zcta",2023,"transportation_score",86.85
"13814","zcta",2023,"transportation_score",NA
"13815","zcta",2023,"transportation_score",114.92
"13820","zcta",2023,"transportation_score",118.28
"13825","zcta",2023,"transportation_score",90.27
"13826","zcta",2023,"transportation_score",NA
"13827","zcta",2023,"transportation_score",92.78
"13830","zcta",2023,"transportation_score",92.57
"13832","zcta",2023,"transportation_score",86.77
"13833","zcta",2023,"transportation_score",91.57
"13834","zcta",2023,"transportation_score",79.34
"13835","zcta",2023,"transportation_score",90.51
"13838","zcta",2023,"transportation_score",94.45
"13839","zcta",2023,"transportation_score",88.68
"13841","zcta",2023,"transportation_score",91.11
"13842","zcta",2023,"transportation_score",91.01
"13843","zcta",2023,"transportation_score",90.02
"13844","zcta",2023,"transportation_score",90.91
"13846","zcta",2023,"transportation_score",85.11
"13847","zcta",2023,"transportation_score",NA
"13849","zcta",2023,"transportation_score",93.16
"13850","zcta",2023,"transportation_score",93.1
"13856","zcta",2023,"transportation_score",93.75
"13859","zcta",2023,"transportation_score",80.02
"13860","zcta",2023,"transportation_score",83.03
"13861","zcta",2023,"transportation_score",87.65
"13862","zcta",2023,"transportation_score",90.06
"13863","zcta",2023,"transportation_score",89.15
"13864","zcta",2023,"transportation_score",89.94
"13865","zcta",2023,"transportation_score",90.66
"13901","zcta",2023,"transportation_score",95.48
"13902","zcta",2023,"transportation_score",NA
"13903","zcta",2023,"transportation_score",97.33
"13904","zcta",2023,"transportation_score",95.15
"13905","zcta",2023,"transportation_score",98.83
"14001","zcta",2023,"transportation_score",90.69
"14004","zcta",2023,"transportation_score",90.62
"14005","zcta",2023,"transportation_score",90.32
"14006","zcta",2023,"transportation_score",118.21
"14008","zcta",2023,"transportation_score",91.43
"14009","zcta",2023,"transportation_score",90.16
"14011","zcta",2023,"transportation_score",90.83
"14012","zcta",2023,"transportation_score",90.51
"14013","zcta",2023,"transportation_score",90.68
"14020","zcta",2023,"transportation_score",92.08
"14024","zcta",2023,"transportation_score",92.06
"14025","zcta",2023,"transportation_score",89.68
"14026","zcta",2023,"transportation_score",87.59
"14027","zcta",2023,"transportation_score",85.44
"14028","zcta",2023,"transportation_score",90.61
"14029","zcta",2023,"transportation_score",NA
"14030","zcta",2023,"transportation_score",89.13
"14031","zcta",2023,"transportation_score",119.08
"14032","zcta",2023,"transportation_score",92.05
"14033","zcta",2023,"transportation_score",89.71
"14034","zcta",2023,"transportation_score",92.92
"14035","zcta",2023,"transportation_score",NA
"14036","zcta",2023,"transportation_score",90.7
"14037","zcta",2023,"transportation_score",90.5
"14039","zcta",2023,"transportation_score",85.3
"14040","zcta",2023,"transportation_score",88.88
"14041","zcta",2023,"transportation_score",97.05
"14042","zcta",2023,"transportation_score",91.75
"14043","zcta",2023,"transportation_score",117.26
"14047","zcta",2023,"transportation_score",117.66
"14048","zcta",2023,"transportation_score",91.23
"14051","zcta",2023,"transportation_score",117.23
"14052","zcta",2023,"transportation_score",91.79
"14054","zcta",2023,"transportation_score",89.96
"14055","zcta",2023,"transportation_score",91.63
"14056","zcta",2023,"transportation_score",100.89
"14057","zcta",2023,"transportation_score",90.47
"14058","zcta",2023,"transportation_score",90.47
"14059","zcta",2023,"transportation_score",91.1
"14060","zcta",2023,"transportation_score",96.67
"14061","zcta",2023,"transportation_score",79.7
"14062","zcta",2023,"transportation_score",89.47
"14063","zcta",2023,"transportation_score",93.83
"14065","zcta",2023,"transportation_score",92.12
"14066","zcta",2023,"transportation_score",89.15
"14067","zcta",2023,"transportation_score",90.3
"14068","zcta",2023,"transportation_score",90.99
"14069","zcta",2023,"transportation_score",87.03
"14070","zcta",2023,"transportation_score",92.12
"14072","zcta",2023,"transportation_score",117.95
"14075","zcta",2023,"transportation_score",118.01
"14080","zcta",2023,"transportation_score",92.59
"14081","zcta",2023,"transportation_score",93.78
"14082","zcta",2023,"transportation_score",88.98
"14083","zcta",2023,"transportation_score",NA
"14085","zcta",2023,"transportation_score",91.13
"14086","zcta",2023,"transportation_score",116.79
"14091","zcta",2023,"transportation_score",90.65
"14092","zcta",2023,"transportation_score",116.99
"14094","zcta",2023,"transportation_score",99.62
"14098","zcta",2023,"transportation_score",93.11
"14101","zcta",2023,"transportation_score",91.96
"14102","zcta",2023,"transportation_score",89.18
"14103","zcta",2023,"transportation_score",93.87
"14105","zcta",2023,"transportation_score",91.45
"14108","zcta",2023,"transportation_score",91.66
"14109","zcta",2023,"transportation_score",NA
"14111","zcta",2023,"transportation_score",92.37
"14112","zcta",2023,"transportation_score",NA
"14113","zcta",2023,"transportation_score",92.91
"14120","zcta",2023,"transportation_score",117.72
"14125","zcta",2023,"transportation_score",89.31
"14126","zcta",2023,"transportation_score",86.35
"14127","zcta",2023,"transportation_score",117.71
"14129","zcta",2023,"transportation_score",92.91
"14130","zcta",2023,"transportation_score",87.61
"14131","zcta",2023,"transportation_score",91.19
"14132","zcta",2023,"transportation_score",91.93
"14134","zcta",2023,"transportation_score",NA
"14135","zcta",2023,"transportation_score",90.15
"14136","zcta",2023,"transportation_score",91.71
"14138","zcta",2023,"transportation_score",94.71
"14139","zcta",2023,"transportation_score",90.64
"14141","zcta",2023,"transportation_score",90.89
"14143","zcta",2023,"transportation_score",89.26
"14145","zcta",2023,"transportation_score",94.51
"14150","zcta",2023,"transportation_score",120.69
"14166","zcta",2023,"transportation_score",85.43
"14167","zcta",2023,"transportation_score",91.32
"14168","zcta",2023,"transportation_score",NA
"14169","zcta",2023,"transportation_score",NA
"14170","zcta",2023,"transportation_score",92.06
"14171","zcta",2023,"transportation_score",91.07
"14172","zcta",2023,"transportation_score",90.89
"14173","zcta",2023,"transportation_score",86.15
"14174","zcta",2023,"transportation_score",89.96
"14201","zcta",2023,"transportation_score",131.26
"14202","zcta",2023,"transportation_score",102.56
"14203","zcta",2023,"transportation_score",102.29
"14204","zcta",2023,"transportation_score",132.95
"14206","zcta",2023,"transportation_score",123.09
"14207","zcta",2023,"transportation_score",128.09
"14208","zcta",2023,"transportation_score",128.38
"14209","zcta",2023,"transportation_score",133.61
"14210","zcta",2023,"transportation_score",128.48
"14211","zcta",2023,"transportation_score",135.76
"14212","zcta",2023,"transportation_score",128.42
"14213","zcta",2023,"transportation_score",129.23
"14214","zcta",2023,"transportation_score",126.57
"14215","zcta",2023,"transportation_score",131.94
"14216","zcta",2023,"transportation_score",120.77
"14217","zcta",2023,"transportation_score",119.72
"14218","zcta",2023,"transportation_score",123.06
"14219","zcta",2023,"transportation_score",123.56
"14220","zcta",2023,"transportation_score",119.83
"14221","zcta",2023,"transportation_score",117.54
"14222","zcta",2023,"transportation_score",123.72
"14223","zcta",2023,"transportation_score",118.22
"14224","zcta",2023,"transportation_score",116.98
"14225","zcta",2023,"transportation_score",117.87
"14226","zcta",2023,"transportation_score",120.08
"14227","zcta",2023,"transportation_score",117.73
"14228","zcta",2023,"transportation_score",119.35
"14260","zcta",2023,"transportation_score",NA
"14261","zcta",2023,"transportation_score",NA
"14301","zcta",2023,"transportation_score",128
"14302","zcta",2023,"transportation_score",NA
"14303","zcta",2023,"transportation_score",126.43
"14304","zcta",2023,"transportation_score",118.97
"14305","zcta",2023,"transportation_score",121.95
"14411","zcta",2023,"transportation_score",92.63
"14413","zcta",2023,"transportation_score",NA
"14414","zcta",2023,"transportation_score",90.31
"14415","zcta",2023,"transportation_score",90.9
"14416","zcta",2023,"transportation_score",90.88
"14418","zcta",2023,"transportation_score",93.36
"14420","zcta",2023,"transportation_score",93.46
"14422","zcta",2023,"transportation_score",90.03
"14423","zcta",2023,"transportation_score",91.37
"14424","zcta",2023,"transportation_score",120.54
"14425","zcta",2023,"transportation_score",93.57
"14427","zcta",2023,"transportation_score",91.74
"14428","zcta",2023,"transportation_score",90.64
"14432","zcta",2023,"transportation_score",89.68
"14433","zcta",2023,"transportation_score",92.57
"14435","zcta",2023,"transportation_score",90.34
"14437","zcta",2023,"transportation_score",92.4
"14441","zcta",2023,"transportation_score",91.19
"14445","zcta",2023,"transportation_score",91.65
"14450","zcta",2023,"transportation_score",120.34
"14453","zcta",2023,"transportation_score",NA
"14454","zcta",2023,"transportation_score",96.6
"14456","zcta",2023,"transportation_score",94.76
"14462","zcta",2023,"transportation_score",92.02
"14463","zcta",2023,"transportation_score",87.14
"14464","zcta",2023,"transportation_score",90.89
"14466","zcta",2023,"transportation_score",89.61
"14467","zcta",2023,"transportation_score",119.57
"14468","zcta",2023,"transportation_score",119.79
"14469","zcta",2023,"transportation_score",90.81
"14470","zcta",2023,"transportation_score",89.93
"14471","zcta",2023,"transportation_score",91.96
"14472","zcta",2023,"transportation_score",91.82
"14475","zcta",2023,"transportation_score",88.28
"14476","zcta",2023,"transportation_score",89.87
"14477","zcta",2023,"transportation_score",94.36
"14478","zcta",2023,"transportation_score",NA
"14479","zcta",2023,"transportation_score",NA
"14480","zcta",2023,"transportation_score",96.59
"14481","zcta",2023,"transportation_score",90.12
"14482","zcta",2023,"transportation_score",90.21
"14485","zcta",2023,"transportation_score",92.16
"14486","zcta",2023,"transportation_score",103.96
"14487","zcta",2023,"transportation_score",90.46
"14489","zcta",2023,"transportation_score",94.57
"14502","zcta",2023,"transportation_score",91.34
"14504","zcta",2023,"transportation_score",90.96
"14505","zcta",2023,"transportation_score",93.22
"14506","zcta",2023,"transportation_score",93.13
"14507","zcta",2023,"transportation_score",91.54
"14510","zcta",2023,"transportation_score",93.11
"14511","zcta",2023,"transportation_score",85.52
"14512","zcta",2023,"transportation_score",90.57
"14513","zcta",2023,"transportation_score",94.12
"14514","zcta",2023,"transportation_score",90.29
"14515","zcta",2023,"transportation_score",87.2
"14516","zcta",2023,"transportation_score",92.38
"14517","zcta",2023,"transportation_score",94.82
"14519","zcta",2023,"transportation_score",90.47
"14521","zcta",2023,"transportation_score",93.83
"14522","zcta",2023,"transportation_score",90.44
"14525","zcta",2023,"transportation_score",90.26
"14526","zcta",2023,"transportation_score",121.84
"14527","zcta",2023,"transportation_score",121.87
"14529","zcta",2023,"transportation_score",NA
"14530","zcta",2023,"transportation_score",97.44
"14532","zcta",2023,"transportation_score",100.38
"14533","zcta",2023,"transportation_score",96.69
"14534","zcta",2023,"transportation_score",120.11
"14536","zcta",2023,"transportation_score",95.66
"14537","zcta",2023,"transportation_score",88.48
"14539","zcta",2023,"transportation_score",88.17
"14541","zcta",2023,"transportation_score",94.98
"14542","zcta",2023,"transportation_score",NA
"14543","zcta",2023,"transportation_score",91.15
"14544","zcta",2023,"transportation_score",91.23
"14545","zcta",2023,"transportation_score",93.27
"14546","zcta",2023,"transportation_score",119.65
"14548","zcta",2023,"transportation_score",90.95
"14549","zcta",2023,"transportation_score",92.16
"14550","zcta",2023,"transportation_score",92.45
"14551","zcta",2023,"transportation_score",91.33
"14555","zcta",2023,"transportation_score",92.18
"14556","zcta",2023,"transportation_score",NA
"14557","zcta",2023,"transportation_score",86.99
"14559","zcta",2023,"transportation_score",119.34
"14560","zcta",2023,"transportation_score",89.62
"14561","zcta",2023,"transportation_score",95.94
"14564","zcta",2023,"transportation_score",120.67
"14568","zcta",2023,"transportation_score",89.79
"14569","zcta",2023,"transportation_score",95.44
"14571","zcta",2023,"transportation_score",95.58
"14572","zcta",2023,"transportation_score",93.71
"14580","zcta",2023,"transportation_score",121.06
"14585","zcta",2023,"transportation_score",90.77
"14586","zcta",2023,"transportation_score",91.01
"14588","zcta",2023,"transportation_score",NA
"14589","zcta",2023,"transportation_score",93.4
"14590","zcta",2023,"transportation_score",90.77
"14591","zcta",2023,"transportation_score",94.91
"14592","zcta",2023,"transportation_score",89.9
"14604","zcta",2023,"transportation_score",97.09
"14605","zcta",2023,"transportation_score",135.17
"14606","zcta",2023,"transportation_score",122.68
"14607","zcta",2023,"transportation_score",125.87
"14608","zcta",2023,"transportation_score",133.08
"14609","zcta",2023,"transportation_score",124.86
"14610","zcta",2023,"transportation_score",120.79
"14611","zcta",2023,"transportation_score",128.95
"14612","zcta",2023,"transportation_score",119.79
"14613","zcta",2023,"transportation_score",145.22
"14614","zcta",2023,"transportation_score",NA
"14615","zcta",2023,"transportation_score",121.06
"14616","zcta",2023,"transportation_score",121.09
"14617","zcta",2023,"transportation_score",120.78
"14618","zcta",2023,"transportation_score",123.52
"14619","zcta",2023,"transportation_score",124.56
"14620","zcta",2023,"transportation_score",125.67
"14621","zcta",2023,"transportation_score",131.13
"14622","zcta",2023,"transportation_score",120.54
"14623","zcta",2023,"transportation_score",125.75
"14624","zcta",2023,"transportation_score",121.56
"14625","zcta",2023,"transportation_score",120.98
"14626","zcta",2023,"transportation_score",119.9
"14627","zcta",2023,"transportation_score",NA
"14642","zcta",2023,"transportation_score",NA
"14701","zcta",2023,"transportation_score",93.59
"14706","zcta",2023,"transportation_score",95.34
"14707","zcta",2023,"transportation_score",88.79
"14708","zcta",2023,"transportation_score",87.91
"14709","zcta",2023,"transportation_score",90.84
"14710","zcta",2023,"transportation_score",92.77
"14711","zcta",2023,"transportation_score",95.58
"14712","zcta",2023,"transportation_score",88.99
"14714","zcta",2023,"transportation_score",94.75
"14715","zcta",2023,"transportation_score",92.53
"14716","zcta",2023,"transportation_score",91.29
"14717","zcta",2023,"transportation_score",92.48
"14718","zcta",2023,"transportation_score",91.43
"14719","zcta",2023,"transportation_score",94.24
"14720","zcta",2023,"transportation_score",90.88
"14721","zcta",2023,"transportation_score",87.91
"14722","zcta",2023,"transportation_score",NA
"14723","zcta",2023,"transportation_score",90.38
"14724","zcta",2023,"transportation_score",101.63
"14726","zcta",2023,"transportation_score",105.33
"14727","zcta",2023,"transportation_score",97.31
"14728","zcta",2023,"transportation_score",96.06
"14729","zcta",2023,"transportation_score",90.23
"14731","zcta",2023,"transportation_score",91.96
"14732","zcta",2023,"transportation_score",NA
"14733","zcta",2023,"transportation_score",102.43
"14735","zcta",2023,"transportation_score",93.79
"14736","zcta",2023,"transportation_score",88.78
"14737","zcta",2023,"transportation_score",94.33
"14738","zcta",2023,"transportation_score",90.87
"14739","zcta",2023,"transportation_score",91.46
"14740","zcta",2023,"transportation_score",92.53
"14741","zcta",2023,"transportation_score",89.24
"14742","zcta",2023,"transportation_score",85.09
"14743","zcta",2023,"transportation_score",91.05
"14744","zcta",2023,"transportation_score",NA
"14747","zcta",2023,"transportation_score",90.58
"14748","zcta",2023,"transportation_score",89.75
"14750","zcta",2023,"transportation_score",90.18
"14752","zcta",2023,"transportation_score",92.4
"14753","zcta",2023,"transportation_score",90.72
"14754","zcta",2023,"transportation_score",89.15
"14755","zcta",2023,"transportation_score",91.72
"14756","zcta",2023,"transportation_score",NA
"14757","zcta",2023,"transportation_score",91.13
"14760","zcta",2023,"transportation_score",118.72
"14767","zcta",2023,"transportation_score",97.76
"14769","zcta",2023,"transportation_score",88.67
"14770","zcta",2023,"transportation_score",90.9
"14772","zcta",2023,"transportation_score",93.32
"14774","zcta",2023,"transportation_score",94.83
"14775","zcta",2023,"transportation_score",92.5
"14777","zcta",2023,"transportation_score",91.11
"14778","zcta",2023,"transportation_score",NA
"14779","zcta",2023,"transportation_score",105.34
"14781","zcta",2023,"transportation_score",93.82
"14782","zcta",2023,"transportation_score",90.63
"14783","zcta",2023,"transportation_score",NA
"14784","zcta",2023,"transportation_score",97.5
"14785","zcta",2023,"transportation_score",NA
"14787","zcta",2023,"transportation_score",91.54
"14788","zcta",2023,"transportation_score",NA
"14801","zcta",2023,"transportation_score",92.49
"14802","zcta",2023,"transportation_score",NA
"14803","zcta",2023,"transportation_score",91.86
"14804","zcta",2023,"transportation_score",91.43
"14805","zcta",2023,"transportation_score",90.53
"14806","zcta",2023,"transportation_score",91.01
"14807","zcta",2023,"transportation_score",90.73
"14808","zcta",2023,"transportation_score",89.39
"14809","zcta",2023,"transportation_score",92.66
"14810","zcta",2023,"transportation_score",94.86
"14812","zcta",2023,"transportation_score",90.17
"14813","zcta",2023,"transportation_score",89.69
"14814","zcta",2023,"transportation_score",90
"14815","zcta",2023,"transportation_score",91.47
"14816","zcta",2023,"transportation_score",87.38
"14817","zcta",2023,"transportation_score",93.18
"14818","zcta",2023,"transportation_score",91.45
"14819","zcta",2023,"transportation_score",90.37
"14820","zcta",2023,"transportation_score",92.06
"14821","zcta",2023,"transportation_score",89.24
"14822","zcta",2023,"transportation_score",91.65
"14823","zcta",2023,"transportation_score",92.72
"14824","zcta",2023,"transportation_score",94.07
"14825","zcta",2023,"transportation_score",88.28
"14826","zcta",2023,"transportation_score",90.24
"14827","zcta",2023,"transportation_score",NA
"14830","zcta",2023,"transportation_score",100.56
"14836","zcta",2023,"transportation_score",91.95
"14837","zcta",2023,"transportation_score",94.87
"14838","zcta",2023,"transportation_score",89.73
"14839","zcta",2023,"transportation_score",92.14
"14840","zcta",2023,"transportation_score",90.99
"14841","zcta",2023,"transportation_score",93.33
"14842","zcta",2023,"transportation_score",100.41
"14843","zcta",2023,"transportation_score",125.97
"14845","zcta",2023,"transportation_score",99.89
"14846","zcta",2023,"transportation_score",89.18
"14847","zcta",2023,"transportation_score",96.84
"14850","zcta",2023,"transportation_score",127.14
"14853","zcta",2023,"transportation_score",NA
"14854","zcta",2023,"transportation_score",NA
"14855","zcta",2023,"transportation_score",101.82
"14856","zcta",2023,"transportation_score",NA
"14858","zcta",2023,"transportation_score",89.42
"14859","zcta",2023,"transportation_score",89.68
"14860","zcta",2023,"transportation_score",92.34
"14861","zcta",2023,"transportation_score",89.5
"14864","zcta",2023,"transportation_score",90.25
"14865","zcta",2023,"transportation_score",91.25
"14867","zcta",2023,"transportation_score",94.07
"14869","zcta",2023,"transportation_score",90.28
"14870","zcta",2023,"transportation_score",100.13
"14871","zcta",2023,"transportation_score",88.61
"14872","zcta",2023,"transportation_score",92.78
"14873","zcta",2023,"transportation_score",93.95
"14874","zcta",2023,"transportation_score",89.37
"14877","zcta",2023,"transportation_score",91.29
"14878","zcta",2023,"transportation_score",89.58
"14879","zcta",2023,"transportation_score",90.3
"14880","zcta",2023,"transportation_score",89.13
"14881","zcta",2023,"transportation_score",95.13
"14882","zcta",2023,"transportation_score",90.45
"14883","zcta",2023,"transportation_score",90.03
"14884","zcta",2023,"transportation_score",88.92
"14885","zcta",2023,"transportation_score",97.97
"14886","zcta",2023,"transportation_score",92.53
"14889","zcta",2023,"transportation_score",92.85
"14891","zcta",2023,"transportation_score",94.98
"14892","zcta",2023,"transportation_score",90.4
"14893","zcta",2023,"transportation_score",NA
"14894","zcta",2023,"transportation_score",91.07
"14895","zcta",2023,"transportation_score",90.67
"14897","zcta",2023,"transportation_score",90.21
"14898","zcta",2023,"transportation_score",92.85
"14901","zcta",2023,"transportation_score",108.41
"14903","zcta",2023,"transportation_score",98.94
"14904","zcta",2023,"transportation_score",102.34
"14905","zcta",2023,"transportation_score",104.44
"06390","zcta",2023,"transportation_score",NA
"10001","zcta",2023,"transportation_rnk",97.3068
"10002","zcta",2023,"transportation_rnk",97.5658
"10003","zcta",2023,"transportation_rnk",97.1644
"10004","zcta",2023,"transportation_rnk",97.2389
"10005","zcta",2023,"transportation_rnk",97.9834
"10006","zcta",2023,"transportation_rnk",97.9931
"10007","zcta",2023,"transportation_rnk",97.4039
"10009","zcta",2023,"transportation_rnk",97.4654
"10010","zcta",2023,"transportation_rnk",97.2486
"10011","zcta",2023,"transportation_rnk",97.1709
"10012","zcta",2023,"transportation_rnk",96.6497
"10013","zcta",2023,"transportation_rnk",96.5397
"10014","zcta",2023,"transportation_rnk",97.0058
"10016","zcta",2023,"transportation_rnk",96.2775
"10017","zcta",2023,"transportation_rnk",95.8858
"10018","zcta",2023,"transportation_rnk",97.3004
"10019","zcta",2023,"transportation_rnk",97.3327
"10020","zcta",2023,"transportation_rnk",NA
"10021","zcta",2023,"transportation_rnk",96.3746
"10022","zcta",2023,"transportation_rnk",95.4812
"10023","zcta",2023,"transportation_rnk",96.7468
"10024","zcta",2023,"transportation_rnk",96.6886
"10025","zcta",2023,"transportation_rnk",97.6338
"10026","zcta",2023,"transportation_rnk",97.5982
"10027","zcta",2023,"transportation_rnk",97.3392
"10028","zcta",2023,"transportation_rnk",96.4717
"10029","zcta",2023,"transportation_rnk",98.1776
"10030","zcta",2023,"transportation_rnk",98.252
"10031","zcta",2023,"transportation_rnk",97.9769
"10032","zcta",2023,"transportation_rnk",98.1905
"10033","zcta",2023,"transportation_rnk",97.9478
"10034","zcta",2023,"transportation_rnk",97.7374
"10035","zcta",2023,"transportation_rnk",98.2035
"10036","zcta",2023,"transportation_rnk",97.6985
"10037","zcta",2023,"transportation_rnk",97.7632
"10038","zcta",2023,"transportation_rnk",97.3619
"10039","zcta",2023,"transportation_rnk",98.3491
"10040","zcta",2023,"transportation_rnk",98.0093
"10044","zcta",2023,"transportation_rnk",97.9283
"10065","zcta",2023,"transportation_rnk",96.5138
"10069","zcta",2023,"transportation_rnk",95.7272
"10075","zcta",2023,"transportation_rnk",96.6465
"10103","zcta",2023,"transportation_rnk",NA
"10110","zcta",2023,"transportation_rnk",NA
"10111","zcta",2023,"transportation_rnk",NA
"10112","zcta",2023,"transportation_rnk",NA
"10115","zcta",2023,"transportation_rnk",NA
"10119","zcta",2023,"transportation_rnk",NA
"10128","zcta",2023,"transportation_rnk",97.446
"10152","zcta",2023,"transportation_rnk",NA
"10153","zcta",2023,"transportation_rnk",NA
"10154","zcta",2023,"transportation_rnk",NA
"10162","zcta",2023,"transportation_rnk",91.4479
"10165","zcta",2023,"transportation_rnk",NA
"10167","zcta",2023,"transportation_rnk",NA
"10168","zcta",2023,"transportation_rnk",NA
"10169","zcta",2023,"transportation_rnk",NA
"10170","zcta",2023,"transportation_rnk",NA
"10171","zcta",2023,"transportation_rnk",NA
"10172","zcta",2023,"transportation_rnk",NA
"10173","zcta",2023,"transportation_rnk",NA
"10174","zcta",2023,"transportation_rnk",NA
"10177","zcta",2023,"transportation_rnk",NA
"10199","zcta",2023,"transportation_rnk",NA
"10271","zcta",2023,"transportation_rnk",NA
"10278","zcta",2023,"transportation_rnk",NA
"10279","zcta",2023,"transportation_rnk",85.3074
"10280","zcta",2023,"transportation_rnk",97.3489
"10282","zcta",2023,"transportation_rnk",95.4553
"10301","zcta",2023,"transportation_rnk",84.1582
"10302","zcta",2023,"transportation_rnk",81.2644
"10303","zcta",2023,"transportation_rnk",86.1069
"10304","zcta",2023,"transportation_rnk",85.084
"10305","zcta",2023,"transportation_rnk",84.2262
"10306","zcta",2023,"transportation_rnk",80.1411
"10307","zcta",2023,"transportation_rnk",75.3051
"10308","zcta",2023,"transportation_rnk",78.2896
"10309","zcta",2023,"transportation_rnk",76.3571
"10310","zcta",2023,"transportation_rnk",79.1441
"10311","zcta",2023,"transportation_rnk",NA
"10312","zcta",2023,"transportation_rnk",76.8977
"10314","zcta",2023,"transportation_rnk",77.4739
"10451","zcta",2023,"transportation_rnk",98.0772
"10452","zcta",2023,"transportation_rnk",98.1711
"10453","zcta",2023,"transportation_rnk",97.8895
"10454","zcta",2023,"transportation_rnk",97.951
"10455","zcta",2023,"transportation_rnk",97.7115
"10456","zcta",2023,"transportation_rnk",97.6694
"10457","zcta",2023,"transportation_rnk",97.9704
"10458","zcta",2023,"transportation_rnk",97.8604
"10459","zcta",2023,"transportation_rnk",96.8439
"10460","zcta",2023,"transportation_rnk",97.3813
"10461","zcta",2023,"transportation_rnk",93.1182
"10462","zcta",2023,"transportation_rnk",96.2548
"10463","zcta",2023,"transportation_rnk",95.6624
"10464","zcta",2023,"transportation_rnk",79.2833
"10465","zcta",2023,"transportation_rnk",79.8951
"10466","zcta",2023,"transportation_rnk",92.6165
"10467","zcta",2023,"transportation_rnk",97.0932
"10468","zcta",2023,"transportation_rnk",98.0384
"10469","zcta",2023,"transportation_rnk",88.8324
"10470","zcta",2023,"transportation_rnk",92.4514
"10471","zcta",2023,"transportation_rnk",88.062
"10472","zcta",2023,"transportation_rnk",97.1482
"10473","zcta",2023,"transportation_rnk",92.6553
"10474","zcta",2023,"transportation_rnk",98.0222
"10475","zcta",2023,"transportation_rnk",95.1122
"10501","zcta",2023,"transportation_rnk",72.3853
"10502","zcta",2023,"transportation_rnk",76.9916
"10503","zcta",2023,"transportation_rnk",90.2632
"10504","zcta",2023,"transportation_rnk",76.5222
"10505","zcta",2023,"transportation_rnk",68.9153
"10506","zcta",2023,"transportation_rnk",76.8783
"10507","zcta",2023,"transportation_rnk",73.1234
"10509","zcta",2023,"transportation_rnk",69.6889
"10510","zcta",2023,"transportation_rnk",76.9139
"10511","zcta",2023,"transportation_rnk",64.3641
"10512","zcta",2023,"transportation_rnk",66.3516
"10514","zcta",2023,"transportation_rnk",77.49
"10516","zcta",2023,"transportation_rnk",77.0045
"10517","zcta",2023,"transportation_rnk",53.4846
"10518","zcta",2023,"transportation_rnk",73.3532
"10519","zcta",2023,"transportation_rnk",1.1944
"10520","zcta",2023,"transportation_rnk",78.9111
"10522","zcta",2023,"transportation_rnk",77.5127
"10523","zcta",2023,"transportation_rnk",74.0524
"10524","zcta",2023,"transportation_rnk",72.6831
"10526","zcta",2023,"transportation_rnk",73.9909
"10527","zcta",2023,"transportation_rnk",59.4471
"10528","zcta",2023,"transportation_rnk",78.2766
"10530","zcta",2023,"transportation_rnk",78.0144
"10532","zcta",2023,"transportation_rnk",76.3215
"10533","zcta",2023,"transportation_rnk",78.1115
"10535","zcta",2023,"transportation_rnk",4.1725
"10536","zcta",2023,"transportation_rnk",76.8847
"10537","zcta",2023,"transportation_rnk",67.2482
"10538","zcta",2023,"transportation_rnk",81.1834
"10540","zcta",2023,"transportation_rnk",NA
"10541","zcta",2023,"transportation_rnk",64.7946
"10542","zcta",2023,"transportation_rnk",NA
"10543","zcta",2023,"transportation_rnk",78.8334
"10545","zcta",2023,"transportation_rnk",NA
"10546","zcta",2023,"transportation_rnk",73.4438
"10547","zcta",2023,"transportation_rnk",72.9032
"10548","zcta",2023,"transportation_rnk",73.3014
"10549","zcta",2023,"transportation_rnk",75.1173
"10550","zcta",2023,"transportation_rnk",84.9772
"10552","zcta",2023,"transportation_rnk",80.8662
"10553","zcta",2023,"transportation_rnk",80.0958
"10560","zcta",2023,"transportation_rnk",75.2598
"10562","zcta",2023,"transportation_rnk",76.0496
"10566","zcta",2023,"transportation_rnk",75.331
"10567","zcta",2023,"transportation_rnk",74.156
"10570","zcta",2023,"transportation_rnk",76.3862
"10573","zcta",2023,"transportation_rnk",76.9721
"10576","zcta",2023,"transportation_rnk",75.454
"10577","zcta",2023,"transportation_rnk",NA
"10578","zcta",2023,"transportation_rnk",49.4416
"10579","zcta",2023,"transportation_rnk",72.3691
"10580","zcta",2023,"transportation_rnk",80.8112
"10583","zcta",2023,"transportation_rnk",80.3742
"10588","zcta",2023,"transportation_rnk",44.0585
"10589","zcta",2023,"transportation_rnk",75.0558
"10590","zcta",2023,"transportation_rnk",71.1682
"10591","zcta",2023,"transportation_rnk",77.9853
"10594","zcta",2023,"transportation_rnk",73.4859
"10595","zcta",2023,"transportation_rnk",75.1368
"10596","zcta",2023,"transportation_rnk",77.7102
"10597","zcta",2023,"transportation_rnk",61.4184
"10598","zcta",2023,"transportation_rnk",74.075
"10601","zcta",2023,"transportation_rnk",80.2156
"10603","zcta",2023,"transportation_rnk",75.6644
"10604","zcta",2023,"transportation_rnk",73.1072
"10605","zcta",2023,"transportation_rnk",75.6579
"10606","zcta",2023,"transportation_rnk",77.4674
"10607","zcta",2023,"transportation_rnk",75.4637
"10701","zcta",2023,"transportation_rnk",83.6047
"10703","zcta",2023,"transportation_rnk",79.2866
"10704","zcta",2023,"transportation_rnk",77.4771
"10705","zcta",2023,"transportation_rnk",83.3846
"10706","zcta",2023,"transportation_rnk",78.9046
"10707","zcta",2023,"transportation_rnk",78.1795
"10708","zcta",2023,"transportation_rnk",81.0216
"10709","zcta",2023,"transportation_rnk",76.4218
"10710","zcta",2023,"transportation_rnk",76.328
"10801","zcta",2023,"transportation_rnk",79.0147
"10803","zcta",2023,"transportation_rnk",79.3319
"10804","zcta",2023,"transportation_rnk",77.4512
"10805","zcta",2023,"transportation_rnk",76.9462
"10901","zcta",2023,"transportation_rnk",66.2415
"10910","zcta",2023,"transportation_rnk",NA
"10911","zcta",2023,"transportation_rnk",NA
"10913","zcta",2023,"transportation_rnk",70.9481
"10914","zcta",2023,"transportation_rnk",75.2889
"10915","zcta",2023,"transportation_rnk",NA
"10916","zcta",2023,"transportation_rnk",64.2767
"10917","zcta",2023,"transportation_rnk",67.0443
"10918","zcta",2023,"transportation_rnk",69.0707
"10919","zcta",2023,"transportation_rnk",70.9481
"10920","zcta",2023,"transportation_rnk",64.1084
"10921","zcta",2023,"transportation_rnk",71.9289
"10922","zcta",2023,"transportation_rnk",23.2901
"10923","zcta",2023,"transportation_rnk",66.6526
"10924","zcta",2023,"transportation_rnk",93.8951
"10925","zcta",2023,"transportation_rnk",82.5333
"10926","zcta",2023,"transportation_rnk",77.2246
"10927","zcta",2023,"transportation_rnk",76.6873
"10928","zcta",2023,"transportation_rnk",32.4345
"10930","zcta",2023,"transportation_rnk",83.2583
"10931","zcta",2023,"transportation_rnk",44.7901
"10932","zcta",2023,"transportation_rnk",NA
"10933","zcta",2023,"transportation_rnk",1.4243
"10940","zcta",2023,"transportation_rnk",93.6749
"10941","zcta",2023,"transportation_rnk",92.9855
"10950","zcta",2023,"transportation_rnk",91.244
"10952","zcta",2023,"transportation_rnk",76.6452
"10953","zcta",2023,"transportation_rnk",NA
"10954","zcta",2023,"transportation_rnk",65.1086
"10956","zcta",2023,"transportation_rnk",68.7858
"10958","zcta",2023,"transportation_rnk",53.0476
"10960","zcta",2023,"transportation_rnk",75.0688
"10962","zcta",2023,"transportation_rnk",63.1276
"10963","zcta",2023,"transportation_rnk",26.1354
"10964","zcta",2023,"transportation_rnk",69.8184
"10965","zcta",2023,"transportation_rnk",68.6531
"10968","zcta",2023,"transportation_rnk",71.8609
"10969","zcta",2023,"transportation_rnk",21.199
"10970","zcta",2023,"transportation_rnk",61.9493
"10973","zcta",2023,"transportation_rnk",35.5776
"10974","zcta",2023,"transportation_rnk",71.2945
"10975","zcta",2023,"transportation_rnk",3.8552
"10976","zcta",2023,"transportation_rnk",71.4304
"10977","zcta",2023,"transportation_rnk",76.9074
"10979","zcta",2023,"transportation_rnk",NA
"10980","zcta",2023,"transportation_rnk",53.1706
"10983","zcta",2023,"transportation_rnk",71.2945
"10984","zcta",2023,"transportation_rnk",48.1339
"10985","zcta",2023,"transportation_rnk",NA
"10986","zcta",2023,"transportation_rnk",68.3359
"10987","zcta",2023,"transportation_rnk",76.2697
"10988","zcta",2023,"transportation_rnk",44.9131
"10989","zcta",2023,"transportation_rnk",66.9278
"10990","zcta",2023,"transportation_rnk",79.9696
"10992","zcta",2023,"transportation_rnk",81.6431
"10993","zcta",2023,"transportation_rnk",73.5183
"10994","zcta",2023,"transportation_rnk",63.707
"10996","zcta",2023,"transportation_rnk",NA
"10998","zcta",2023,"transportation_rnk",48.1339
"11001","zcta",2023,"transportation_rnk",76.3118
"11003","zcta",2023,"transportation_rnk",75.6126
"11004","zcta",2023,"transportation_rnk",79.1053
"11005","zcta",2023,"transportation_rnk",66.3289
"11010","zcta",2023,"transportation_rnk",74.6091
"11020","zcta",2023,"transportation_rnk",76.8394
"11021","zcta",2023,"transportation_rnk",79.0244
"11023","zcta",2023,"transportation_rnk",77.7555
"11024","zcta",2023,"transportation_rnk",77.6843
"11030","zcta",2023,"transportation_rnk",79.4549
"11040","zcta",2023,"transportation_rnk",75.7291
"11042","zcta",2023,"transportation_rnk",NA
"11050","zcta",2023,"transportation_rnk",77.7328
"11096","zcta",2023,"transportation_rnk",79.7495
"11101","zcta",2023,"transportation_rnk",97.582
"11102","zcta",2023,"transportation_rnk",96.9508
"11103","zcta",2023,"transportation_rnk",97.6046
"11104","zcta",2023,"transportation_rnk",97.2615
"11105","zcta",2023,"transportation_rnk",95.4974
"11106","zcta",2023,"transportation_rnk",97.5561
"11109","zcta",2023,"transportation_rnk",96.4037
"11201","zcta",2023,"transportation_rnk",96.9605
"11203","zcta",2023,"transportation_rnk",96.3778
"11204","zcta",2023,"transportation_rnk",94.7237
"11205","zcta",2023,"transportation_rnk",96.0541
"11206","zcta",2023,"transportation_rnk",97.514
"11207","zcta",2023,"transportation_rnk",96.5915
"11208","zcta",2023,"transportation_rnk",95.7142
"11209","zcta",2023,"transportation_rnk",94.4648
"11210","zcta",2023,"transportation_rnk",94.0213
"11211","zcta",2023,"transportation_rnk",97.1288
"11212","zcta",2023,"transportation_rnk",98.0319
"11213","zcta",2023,"transportation_rnk",97.077
"11214","zcta",2023,"transportation_rnk",95.3323
"11215","zcta",2023,"transportation_rnk",95.7822
"11216","zcta",2023,"transportation_rnk",97.2097
"11217","zcta",2023,"transportation_rnk",97.4072
"11218","zcta",2023,"transportation_rnk",95.3614
"11219","zcta",2023,"transportation_rnk",94.3418
"11220","zcta",2023,"transportation_rnk",96.7598
"11221","zcta",2023,"transportation_rnk",97.0802
"11222","zcta",2023,"transportation_rnk",96.4523
"11223","zcta",2023,"transportation_rnk",92.6294
"11224","zcta",2023,"transportation_rnk",95.274
"11225","zcta",2023,"transportation_rnk",97.3522
"11226","zcta",2023,"transportation_rnk",97.9316
"11228","zcta",2023,"transportation_rnk",91.6097
"11229","zcta",2023,"transportation_rnk",93.3383
"11230","zcta",2023,"transportation_rnk",93.8044
"11231","zcta",2023,"transportation_rnk",95.3387
"11232","zcta",2023,"transportation_rnk",96.7727
"11233","zcta",2023,"transportation_rnk",97.2065
"11234","zcta",2023,"transportation_rnk",88.4602
"11235","zcta",2023,"transportation_rnk",93.4451
"11236","zcta",2023,"transportation_rnk",93.471
"11237","zcta",2023,"transportation_rnk",97.65
"11238","zcta",2023,"transportation_rnk",96.9087
"11239","zcta",2023,"transportation_rnk",95.9149
"11249","zcta",2023,"transportation_rnk",96.4782
"11354","zcta",2023,"transportation_rnk",92.5485
"11355","zcta",2023,"transportation_rnk",93.9015
"11356","zcta",2023,"transportation_rnk",82.7566
"11357","zcta",2023,"transportation_rnk",77.1987
"11358","zcta",2023,"transportation_rnk",83.2875
"11359","zcta",2023,"transportation_rnk",NA
"11360","zcta",2023,"transportation_rnk",78.1439
"11361","zcta",2023,"transportation_rnk",80.5652
"11362","zcta",2023,"transportation_rnk",77.1922
"11363","zcta",2023,"transportation_rnk",79.2866
"11364","zcta",2023,"transportation_rnk",78.377
"11365","zcta",2023,"transportation_rnk",80.727
"11366","zcta",2023,"transportation_rnk",86.6701
"11367","zcta",2023,"transportation_rnk",86.8514
"11368","zcta",2023,"transportation_rnk",97.8442
"11369","zcta",2023,"transportation_rnk",93.6102
"11370","zcta",2023,"transportation_rnk",92.4805
"11371","zcta",2023,"transportation_rnk",NA
"11372","zcta",2023,"transportation_rnk",96.6627
"11373","zcta",2023,"transportation_rnk",97.5011
"11374","zcta",2023,"transportation_rnk",95.4456
"11375","zcta",2023,"transportation_rnk",93.6879
"11377","zcta",2023,"transportation_rnk",96.394
"11378","zcta",2023,"transportation_rnk",88.7677
"11379","zcta",2023,"transportation_rnk",85.4174
"11385","zcta",2023,"transportation_rnk",95.4423
"11411","zcta",2023,"transportation_rnk",79.4549
"11412","zcta",2023,"transportation_rnk",85.0808
"11413","zcta",2023,"transportation_rnk",81.4295
"11414","zcta",2023,"transportation_rnk",77.7102
"11415","zcta",2023,"transportation_rnk",93.9663
"11416","zcta",2023,"transportation_rnk",91.8137
"11417","zcta",2023,"transportation_rnk",91.8137
"11418","zcta",2023,"transportation_rnk",93.0114
"11419","zcta",2023,"transportation_rnk",91.0918
"11420","zcta",2023,"transportation_rnk",84.961
"11421","zcta",2023,"transportation_rnk",95.2222
"11422","zcta",2023,"transportation_rnk",82.1675
"11423","zcta",2023,"transportation_rnk",91.6097
"11424","zcta",2023,"transportation_rnk",NA
"11426","zcta",2023,"transportation_rnk",77.4998
"11427","zcta",2023,"transportation_rnk",80.9212
"11428","zcta",2023,"transportation_rnk",82.1901
"11429","zcta",2023,"transportation_rnk",84.2521
"11430","zcta",2023,"transportation_rnk",NA
"11432","zcta",2023,"transportation_rnk",95.0021
"11433","zcta",2023,"transportation_rnk",90.3862
"11434","zcta",2023,"transportation_rnk",88.8875
"11435","zcta",2023,"transportation_rnk",94.3871
"11436","zcta",2023,"transportation_rnk",83.7018
"11439","zcta",2023,"transportation_rnk",NA
"11451","zcta",2023,"transportation_rnk",NA
"11501","zcta",2023,"transportation_rnk",77.2117
"11507","zcta",2023,"transportation_rnk",75.0461
"11509","zcta",2023,"transportation_rnk",75.0235
"11510","zcta",2023,"transportation_rnk",75.2209
"11514","zcta",2023,"transportation_rnk",73.8161
"11516","zcta",2023,"transportation_rnk",73.5021
"11518","zcta",2023,"transportation_rnk",73.7869
"11520","zcta",2023,"transportation_rnk",74.8292
"11530","zcta",2023,"transportation_rnk",76.5902
"11542","zcta",2023,"transportation_rnk",73.9714
"11545","zcta",2023,"transportation_rnk",73.6089
"11547","zcta",2023,"transportation_rnk",76.8329
"11548","zcta",2023,"transportation_rnk",NA
"11549","zcta",2023,"transportation_rnk",NA
"11550","zcta",2023,"transportation_rnk",78.7848
"11552","zcta",2023,"transportation_rnk",76.5513
"11553","zcta",2023,"transportation_rnk",75.6514
"11554","zcta",2023,"transportation_rnk",74.2239
"11556","zcta",2023,"transportation_rnk",NA
"11557","zcta",2023,"transportation_rnk",76.2827
"11558","zcta",2023,"transportation_rnk",75.6353
"11559","zcta",2023,"transportation_rnk",78.1698
"11560","zcta",2023,"transportation_rnk",74.279
"11561","zcta",2023,"transportation_rnk",76.7358
"11563","zcta",2023,"transportation_rnk",76.6808
"11565","zcta",2023,"transportation_rnk",70.7992
"11566","zcta",2023,"transportation_rnk",75.6773
"11568","zcta",2023,"transportation_rnk",75.3731
"11569","zcta",2023,"transportation_rnk",73.1234
"11570","zcta",2023,"transportation_rnk",77.2117
"11572","zcta",2023,"transportation_rnk",74.758
"11575","zcta",2023,"transportation_rnk",76.328
"11576","zcta",2023,"transportation_rnk",77.3768
"11577","zcta",2023,"transportation_rnk",74.3858
"11579","zcta",2023,"transportation_rnk",73.1752
"11580","zcta",2023,"transportation_rnk",77.3347
"11581","zcta",2023,"transportation_rnk",76.7196
"11590","zcta",2023,"transportation_rnk",76.3571
"11596","zcta",2023,"transportation_rnk",76.4769
"11598","zcta",2023,"transportation_rnk",76.7455
"11691","zcta",2023,"transportation_rnk",87.9002
"11692","zcta",2023,"transportation_rnk",90.6516
"11693","zcta",2023,"transportation_rnk",82.9605
"11694","zcta",2023,"transportation_rnk",81.9441
"11697","zcta",2023,"transportation_rnk",76.0625
"11701","zcta",2023,"transportation_rnk",75.4346
"11702","zcta",2023,"transportation_rnk",71.0129
"11703","zcta",2023,"transportation_rnk",67.0929
"11704","zcta",2023,"transportation_rnk",65.8822
"11705","zcta",2023,"transportation_rnk",58.3563
"11706","zcta",2023,"transportation_rnk",69.1516
"11709","zcta",2023,"transportation_rnk",75.0817
"11710","zcta",2023,"transportation_rnk",73.774
"11713","zcta",2023,"transportation_rnk",56.7831
"11714","zcta",2023,"transportation_rnk",73.6769
"11715","zcta",2023,"transportation_rnk",74.3761
"11716","zcta",2023,"transportation_rnk",42.1066
"11718","zcta",2023,"transportation_rnk",69.54
"11719","zcta",2023,"transportation_rnk",48.1339
"11720","zcta",2023,"transportation_rnk",51.8435
"11721","zcta",2023,"transportation_rnk",75.9266
"11722","zcta",2023,"transportation_rnk",65.1086
"11724","zcta",2023,"transportation_rnk",77.0369
"11725","zcta",2023,"transportation_rnk",75.1756
"11726","zcta",2023,"transportation_rnk",71.029
"11727","zcta",2023,"transportation_rnk",64.0469
"11729","zcta",2023,"transportation_rnk",72.4824
"11730","zcta",2023,"transportation_rnk",46.4507
"11731","zcta",2023,"transportation_rnk",70.9093
"11732","zcta",2023,"transportation_rnk",67.3971
"11733","zcta",2023,"transportation_rnk",64.5551
"11735","zcta",2023,"transportation_rnk",73.282
"11738","zcta",2023,"transportation_rnk",76.3442
"11739","zcta",2023,"transportation_rnk",76.0205
"11740","zcta",2023,"transportation_rnk",71.3657
"11741","zcta",2023,"transportation_rnk",70.8704
"11742","zcta",2023,"transportation_rnk",59.2367
"11743","zcta",2023,"transportation_rnk",75.0817
"11746","zcta",2023,"transportation_rnk",74.9328
"11747","zcta",2023,"transportation_rnk",74.4764
"11749","zcta",2023,"transportation_rnk",33.8005
"11751","zcta",2023,"transportation_rnk",54.4266
"11752","zcta",2023,"transportation_rnk",45.8324
"11753","zcta",2023,"transportation_rnk",76.8038
"11754","zcta",2023,"transportation_rnk",69.7116
"11755","zcta",2023,"transportation_rnk",59.9359
"11756","zcta",2023,"transportation_rnk",71.2297
"11757","zcta",2023,"transportation_rnk",71.4531
"11758","zcta",2023,"transportation_rnk",73.8582
"11762","zcta",2023,"transportation_rnk",72.4533
"11763","zcta",2023,"transportation_rnk",68.802
"11764","zcta",2023,"transportation_rnk",35.5776
"11765","zcta",2023,"transportation_rnk",69.9705
"11766","zcta",2023,"transportation_rnk",60.8682
"11767","zcta",2023,"transportation_rnk",59.1752
"11768","zcta",2023,"transportation_rnk",65.9696
"11769","zcta",2023,"transportation_rnk",31.1753
"11770","zcta",2023,"transportation_rnk",77.0692
"11771","zcta",2023,"transportation_rnk",70.9805
"11772","zcta",2023,"transportation_rnk",69.0415
"11776","zcta",2023,"transportation_rnk",55.2391
"11777","zcta",2023,"transportation_rnk",63.7879
"11778","zcta",2023,"transportation_rnk",52.7142
"11779","zcta",2023,"transportation_rnk",63.8559
"11780","zcta",2023,"transportation_rnk",57.9711
"11782","zcta",2023,"transportation_rnk",62.1727
"11783","zcta",2023,"transportation_rnk",74.8972
"11784","zcta",2023,"transportation_rnk",73.2561
"11786","zcta",2023,"transportation_rnk",43.2363
"11787","zcta",2023,"transportation_rnk",62.0076
"11788","zcta",2023,"transportation_rnk",58.4242
"11789","zcta",2023,"transportation_rnk",52.9376
"11790","zcta",2023,"transportation_rnk",NA
"11791","zcta",2023,"transportation_rnk",76.2697
"11792","zcta",2023,"transportation_rnk",44.2625
"11793","zcta",2023,"transportation_rnk",74.0232
"11794","zcta",2023,"transportation_rnk",NA
"11795","zcta",2023,"transportation_rnk",65.5553
"11796","zcta",2023,"transportation_rnk",67.7241
"11797","zcta",2023,"transportation_rnk",75.1173
"11801","zcta",2023,"transportation_rnk",76.2859
"11803","zcta",2023,"transportation_rnk",74.3437
"11804","zcta",2023,"transportation_rnk",73.8323
"11901","zcta",2023,"transportation_rnk",61.0397
"11930","zcta",2023,"transportation_rnk",9.9764
"11931","zcta",2023,"transportation_rnk",NA
"11932","zcta",2023,"transportation_rnk",76.5416
"11933","zcta",2023,"transportation_rnk",53.3454
"11934","zcta",2023,"transportation_rnk",52.0862
"11935","zcta",2023,"transportation_rnk",69.294
"11937","zcta",2023,"transportation_rnk",69.5206
"11939","zcta",2023,"transportation_rnk",72.3691
"11940","zcta",2023,"transportation_rnk",61.8846
"11941","zcta",2023,"transportation_rnk",72.3853
"11942","zcta",2023,"transportation_rnk",53.4846
"11944","zcta",2023,"transportation_rnk",72.9032
"11946","zcta",2023,"transportation_rnk",72.2591
"11947","zcta",2023,"transportation_rnk",1.2786
"11948","zcta",2023,"transportation_rnk",73.3791
"11949","zcta",2023,"transportation_rnk",47.535
"11950","zcta",2023,"transportation_rnk",39.1998
"11951","zcta",2023,"transportation_rnk",50.8465
"11952","zcta",2023,"transportation_rnk",74.5897
"11953","zcta",2023,"transportation_rnk",67.9442
"11954","zcta",2023,"transportation_rnk",69.6663
"11955","zcta",2023,"transportation_rnk",56.0742
"11956","zcta",2023,"transportation_rnk",79.238
"11957","zcta",2023,"transportation_rnk",74.4084
"11958","zcta",2023,"transportation_rnk",78.0792
"11959","zcta",2023,"transportation_rnk",51.5262
"11960","zcta",2023,"transportation_rnk",9.9764
"11961","zcta",2023,"transportation_rnk",36.2153
"11962","zcta",2023,"transportation_rnk",71.22
"11963","zcta",2023,"transportation_rnk",70.1615
"11964","zcta",2023,"transportation_rnk",76.2406
"11965","zcta",2023,"transportation_rnk",76.3021
"11967","zcta",2023,"transportation_rnk",65.3093
"11968","zcta",2023,"transportation_rnk",73.6898
"11970","zcta",2023,"transportation_rnk",93.1085
"11971","zcta",2023,"transportation_rnk",70.6115
"11972","zcta",2023,"transportation_rnk",74.279
"11973","zcta",2023,"transportation_rnk",NA
"11975","zcta",2023,"transportation_rnk",73.2496
"11976","zcta",2023,"transportation_rnk",76.0625
"11977","zcta",2023,"transportation_rnk",75.509
"11978","zcta",2023,"transportation_rnk",74.0621
"11980","zcta",2023,"transportation_rnk",55.2391
"12007","zcta",2023,"transportation_rnk",11.8765
"12008","zcta",2023,"transportation_rnk",28.0549
"12009","zcta",2023,"transportation_rnk",34.0207
"12010","zcta",2023,"transportation_rnk",58.8645
"12015","zcta",2023,"transportation_rnk",54.2388
"12017","zcta",2023,"transportation_rnk",57.5146
"12018","zcta",2023,"transportation_rnk",44.5149
"12019","zcta",2023,"transportation_rnk",62.9334
"12020","zcta",2023,"transportation_rnk",44.2625
"12022","zcta",2023,"transportation_rnk",58.4793
"12023","zcta",2023,"transportation_rnk",55.0643
"12024","zcta",2023,"transportation_rnk",NA
"12025","zcta",2023,"transportation_rnk",33.5869
"12027","zcta",2023,"transportation_rnk",40.4299
"12028","zcta",2023,"transportation_rnk",47.6257
"12029","zcta",2023,"transportation_rnk",69.6015
"12031","zcta",2023,"transportation_rnk",36.0535
"12032","zcta",2023,"transportation_rnk",16.9521
"12033","zcta",2023,"transportation_rnk",20.9789
"12035","zcta",2023,"transportation_rnk",4.5318
"12036","zcta",2023,"transportation_rnk",73.3435
"12037","zcta",2023,"transportation_rnk",60.4376
"12040","zcta",2023,"transportation_rnk",NA
"12041","zcta",2023,"transportation_rnk",41.6567
"12042","zcta",2023,"transportation_rnk",1.6055
"12043","zcta",2023,"transportation_rnk",67.2482
"12045","zcta",2023,"transportation_rnk",4.6418
"12046","zcta",2023,"transportation_rnk",4.1304
"12047","zcta",2023,"transportation_rnk",64.7428
"12051","zcta",2023,"transportation_rnk",48.354
"12052","zcta",2023,"transportation_rnk",10.1091
"12053","zcta",2023,"transportation_rnk",44.2625
"12054","zcta",2023,"transportation_rnk",54.145
"12056","zcta",2023,"transportation_rnk",51.701
"12057","zcta",2023,"transportation_rnk",28.411
"12058","zcta",2023,"transportation_rnk",30.8937
"12059","zcta",2023,"transportation_rnk",15.7317
"12060","zcta",2023,"transportation_rnk",56.673
"12061","zcta",2023,"transportation_rnk",53.8892
"12062","zcta",2023,"transportation_rnk",45.3048
"12063","zcta",2023,"transportation_rnk",5.409
"12064","zcta",2023,"transportation_rnk",44.0585
"12065","zcta",2023,"transportation_rnk",45.9619
"12066","zcta",2023,"transportation_rnk",31.1753
"12067","zcta",2023,"transportation_rnk",8.3287
"12068","zcta",2023,"transportation_rnk",24.2806
"12069","zcta",2023,"transportation_rnk",64.9047
"12070","zcta",2023,"transportation_rnk",33.8005
"12071","zcta",2023,"transportation_rnk",10.4975
"12072","zcta",2023,"transportation_rnk",47.6257
"12074","zcta",2023,"transportation_rnk",15.1458
"12075","zcta",2023,"transportation_rnk",57.3269
"12076","zcta",2023,"transportation_rnk",32.5705
"12077","zcta",2023,"transportation_rnk",52.1639
"12078","zcta",2023,"transportation_rnk",83.7277
"12082","zcta",2023,"transportation_rnk",NA
"12083","zcta",2023,"transportation_rnk",61.098
"12084","zcta",2023,"transportation_rnk",66.0409
"12085","zcta",2023,"transportation_rnk",NA
"12086","zcta",2023,"transportation_rnk",13.9514
"12087","zcta",2023,"transportation_rnk",15.8159
"12090","zcta",2023,"transportation_rnk",44.3855
"12092","zcta",2023,"transportation_rnk",15.3886
"12093","zcta",2023,"transportation_rnk",65.9696
"12094","zcta",2023,"transportation_rnk",21.4515
"12095","zcta",2023,"transportation_rnk",83.5011
"12106","zcta",2023,"transportation_rnk",64.131
"12108","zcta",2023,"transportation_rnk",67.3971
"12110","zcta",2023,"transportation_rnk",45.007
"12115","zcta",2023,"transportation_rnk",NA
"12116","zcta",2023,"transportation_rnk",24.5881
"12117","zcta",2023,"transportation_rnk",13.2166
"12118","zcta",2023,"transportation_rnk",34.5968
"12120","zcta",2023,"transportation_rnk",49.0823
"12121","zcta",2023,"transportation_rnk",42.1066
"12122","zcta",2023,"transportation_rnk",39.0412
"12123","zcta",2023,"transportation_rnk",54.2388
"12124","zcta",2023,"transportation_rnk",2.6025
"12125","zcta",2023,"transportation_rnk",46.6611
"12130","zcta",2023,"transportation_rnk",1.8354
"12131","zcta",2023,"transportation_rnk",43.1036
"12132","zcta",2023,"transportation_rnk",2.5702
"12134","zcta",2023,"transportation_rnk",28.5469
"12136","zcta",2023,"transportation_rnk",72.3271
"12137","zcta",2023,"transportation_rnk",18.2986
"12138","zcta",2023,"transportation_rnk",29.2073
"12139","zcta",2023,"transportation_rnk",33.1564
"12140","zcta",2023,"transportation_rnk",41.4787
"12143","zcta",2023,"transportation_rnk",42.6278
"12144","zcta",2023,"transportation_rnk",70.3655
"12147","zcta",2023,"transportation_rnk",4.3699
"12148","zcta",2023,"transportation_rnk",39.4653
"12149","zcta",2023,"transportation_rnk",60.2726
"12150","zcta",2023,"transportation_rnk",39.7987
"12151","zcta",2023,"transportation_rnk",45.3048
"12153","zcta",2023,"transportation_rnk",24.2806
"12154","zcta",2023,"transportation_rnk",12.9868
"12155","zcta",2023,"transportation_rnk",10.8989
"12156","zcta",2023,"transportation_rnk",64.5098
"12157","zcta",2023,"transportation_rnk",56.1745
"12158","zcta",2023,"transportation_rnk",25.2258
"12159","zcta",2023,"transportation_rnk",35.8949
"12160","zcta",2023,"transportation_rnk",48.846
"12161","zcta",2023,"transportation_rnk",NA
"12164","zcta",2023,"transportation_rnk",73.1395
"12165","zcta",2023,"transportation_rnk",65.1992
"12166","zcta",2023,"transportation_rnk",30.5797
"12167","zcta",2023,"transportation_rnk",62.0076
"12168","zcta",2023,"transportation_rnk",11.8765
"12169","zcta",2023,"transportation_rnk",6.3671
"12170","zcta",2023,"transportation_rnk",33.3312
"12172","zcta",2023,"transportation_rnk",0.628
"12173","zcta",2023,"transportation_rnk",18.6482
"12174","zcta",2023,"transportation_rnk",76.2017
"12175","zcta",2023,"transportation_rnk",27.3492
"12176","zcta",2023,"transportation_rnk",37.1735
"12177","zcta",2023,"transportation_rnk",2.8583
"12180","zcta",2023,"transportation_rnk",72.9939
"12182","zcta",2023,"transportation_rnk",66.6882
"12183","zcta",2023,"transportation_rnk",76.2114
"12184","zcta",2023,"transportation_rnk",42.3882
"12185","zcta",2023,"transportation_rnk",9.507
"12186","zcta",2023,"transportation_rnk",35.1568
"12187","zcta",2023,"transportation_rnk",64.9047
"12188","zcta",2023,"transportation_rnk",49.3445
"12189","zcta",2023,"transportation_rnk",67.546
"12190","zcta",2023,"transportation_rnk",7.4968
"12192","zcta",2023,"transportation_rnk",44.3855
"12193","zcta",2023,"transportation_rnk",50.7558
"12194","zcta",2023,"transportation_rnk",51.1022
"12195","zcta",2023,"transportation_rnk",3.9588
"12196","zcta",2023,"transportation_rnk",33.8005
"12197","zcta",2023,"transportation_rnk",46.6611
"12198","zcta",2023,"transportation_rnk",33.3312
"12202","zcta",2023,"transportation_rnk",82.666
"12203","zcta",2023,"transportation_rnk",72.34
"12204","zcta",2023,"transportation_rnk",76.6549
"12205","zcta",2023,"transportation_rnk",74.0524
"12206","zcta",2023,"transportation_rnk",80.9763
"12207","zcta",2023,"transportation_rnk",83.2066
"12208","zcta",2023,"transportation_rnk",73.5183
"12209","zcta",2023,"transportation_rnk",73.3532
"12210","zcta",2023,"transportation_rnk",84.1323
"12211","zcta",2023,"transportation_rnk",63.7879
"12222","zcta",2023,"transportation_rnk",NA
"12226","zcta",2023,"transportation_rnk",NA
"12302","zcta",2023,"transportation_rnk",56.9546
"12303","zcta",2023,"transportation_rnk",69.5012
"12304","zcta",2023,"transportation_rnk",73.7416
"12305","zcta",2023,"transportation_rnk",74.8422
"12306","zcta",2023,"transportation_rnk",45.6641
"12307","zcta",2023,"transportation_rnk",80.5263
"12308","zcta",2023,"transportation_rnk",74.2077
"12309","zcta",2023,"transportation_rnk",46.6611
"12401","zcta",2023,"transportation_rnk",80.0764
"12404","zcta",2023,"transportation_rnk",70.1615
"12405","zcta",2023,"transportation_rnk",69.6307
"12406","zcta",2023,"transportation_rnk",6.762
"12407","zcta",2023,"transportation_rnk",22.3254
"12409","zcta",2023,"transportation_rnk",73.9391
"12410","zcta",2023,"transportation_rnk",32.2792
"12411","zcta",2023,"transportation_rnk",8.96
"12412","zcta",2023,"transportation_rnk",60.0654
"12413","zcta",2023,"transportation_rnk",51.2025
"12414","zcta",2023,"transportation_rnk",76.9333
"12416","zcta",2023,"transportation_rnk",73.3953
"12417","zcta",2023,"transportation_rnk",9.5653
"12418","zcta",2023,"transportation_rnk",69.4785
"12419","zcta",2023,"transportation_rnk",57.0226
"12420","zcta",2023,"transportation_rnk",5.286
"12421","zcta",2023,"transportation_rnk",72.79
"12422","zcta",2023,"transportation_rnk",70.9675
"12423","zcta",2023,"transportation_rnk",67.0249
"12424","zcta",2023,"transportation_rnk",14.1553
"12427","zcta",2023,"transportation_rnk",NA
"12428","zcta",2023,"transportation_rnk",55.4721
"12429","zcta",2023,"transportation_rnk",NA
"12430","zcta",2023,"transportation_rnk",66.808
"12431","zcta",2023,"transportation_rnk",13.1389
"12432","zcta",2023,"transportation_rnk",20.7199
"12433","zcta",2023,"transportation_rnk",45.007
"12434","zcta",2023,"transportation_rnk",65.8143
"12435","zcta",2023,"transportation_rnk",18.9914
"12436","zcta",2023,"transportation_rnk",14.7962
"12438","zcta",2023,"transportation_rnk",NA
"12439","zcta",2023,"transportation_rnk",20.8526
"12440","zcta",2023,"transportation_rnk",58.7382
"12441","zcta",2023,"transportation_rnk",NA
"12442","zcta",2023,"transportation_rnk",66.2092
"12443","zcta",2023,"transportation_rnk",50.3901
"12444","zcta",2023,"transportation_rnk",59.1752
"12446","zcta",2023,"transportation_rnk",73.282
"12448","zcta",2023,"transportation_rnk",22.8369
"12449","zcta",2023,"transportation_rnk",48.354
"12450","zcta",2023,"transportation_rnk",45.8324
"12451","zcta",2023,"transportation_rnk",40.6921
"12452","zcta",2023,"transportation_rnk",NA
"12453","zcta",2023,"transportation_rnk",13.2166
"12454","zcta",2023,"transportation_rnk",66.0409
"12455","zcta",2023,"transportation_rnk",61.713
"12456","zcta",2023,"transportation_rnk",14.657
"12457","zcta",2023,"transportation_rnk",56.3299
"12458","zcta",2023,"transportation_rnk",NA
"12459","zcta",2023,"transportation_rnk",NA
"12460","zcta",2023,"transportation_rnk",8.5877
"12461","zcta",2023,"transportation_rnk",77.7231
"12463","zcta",2023,"transportation_rnk",72.6508
"12464","zcta",2023,"transportation_rnk",72.3691
"12465","zcta",2023,"transportation_rnk",74.2239
"12466","zcta",2023,"transportation_rnk",69.8864
"12468","zcta",2023,"transportation_rnk",71.4304
"12469","zcta",2023,"transportation_rnk",40.8539
"12470","zcta",2023,"transportation_rnk",9.1574
"12471","zcta",2023,"transportation_rnk",1.6638
"12472","zcta",2023,"transportation_rnk",67.818
"12473","zcta",2023,"transportation_rnk",41.9804
"12474","zcta",2023,"transportation_rnk",6.7297
"12475","zcta",2023,"transportation_rnk",5.1371
"12477","zcta",2023,"transportation_rnk",79.0988
"12480","zcta",2023,"transportation_rnk",77.1372
"12481","zcta",2023,"transportation_rnk",68.4168
"12482","zcta",2023,"transportation_rnk",16.0101
"12483","zcta",2023,"transportation_rnk",NA
"12484","zcta",2023,"transportation_rnk",73.7352
"12485","zcta",2023,"transportation_rnk",73.46
"12486","zcta",2023,"transportation_rnk",10.5461
"12487","zcta",2023,"transportation_rnk",49.7038
"12489","zcta",2023,"transportation_rnk",0
"12490","zcta",2023,"transportation_rnk",NA
"12491","zcta",2023,"transportation_rnk",26.2843
"12492","zcta",2023,"transportation_rnk",61.658
"12493","zcta",2023,"transportation_rnk",0.1618
"12494","zcta",2023,"transportation_rnk",69.7116
"12495","zcta",2023,"transportation_rnk",4.849
"12496","zcta",2023,"transportation_rnk",73.6639
"12498","zcta",2023,"transportation_rnk",73.6413
"12501","zcta",2023,"transportation_rnk",67.3162
"12502","zcta",2023,"transportation_rnk",77.1987
"12503","zcta",2023,"transportation_rnk",65.2737
"12504","zcta",2023,"transportation_rnk",NA
"12507","zcta",2023,"transportation_rnk",70.4011
"12508","zcta",2023,"transportation_rnk",85.1779
"12512","zcta",2023,"transportation_rnk",5.1371
"12513","zcta",2023,"transportation_rnk",69.2422
"12514","zcta",2023,"transportation_rnk",55.8703
"12515","zcta",2023,"transportation_rnk",66.1315
"12516","zcta",2023,"transportation_rnk",72.0616
"12517","zcta",2023,"transportation_rnk",29.9582
"12518","zcta",2023,"transportation_rnk",82.1222
"12520","zcta",2023,"transportation_rnk",58.9939
"12521","zcta",2023,"transportation_rnk",58.2786
"12522","zcta",2023,"transportation_rnk",64.6166
"12523","zcta",2023,"transportation_rnk",49.4416
"12524","zcta",2023,"transportation_rnk",82.7631
"12525","zcta",2023,"transportation_rnk",36.5164
"12526","zcta",2023,"transportation_rnk",72.6508
"12527","zcta",2023,"transportation_rnk",NA
"12528","zcta",2023,"transportation_rnk",82.4718
"12529","zcta",2023,"transportation_rnk",72.4533
"12530","zcta",2023,"transportation_rnk",0.1877
"12531","zcta",2023,"transportation_rnk",64.4288
"12533","zcta",2023,"transportation_rnk",81.4424
"12534","zcta",2023,"transportation_rnk",77.4156
"12538","zcta",2023,"transportation_rnk",82.3002
"12540","zcta",2023,"transportation_rnk",60.3697
"12542","zcta",2023,"transportation_rnk",44.1556
"12543","zcta",2023,"transportation_rnk",45.5475
"12544","zcta",2023,"transportation_rnk",NA
"12545","zcta",2023,"transportation_rnk",73.3143
"12546","zcta",2023,"transportation_rnk",58.7997
"12547","zcta",2023,"transportation_rnk",61.8846
"12548","zcta",2023,"transportation_rnk",20.011
"12549","zcta",2023,"transportation_rnk",61.153
"12550","zcta",2023,"transportation_rnk",86.2784
"12553","zcta",2023,"transportation_rnk",83.3652
"12561","zcta",2023,"transportation_rnk",85.5534
"12563","zcta",2023,"transportation_rnk",64.9662
"12564","zcta",2023,"transportation_rnk",82.0639
"12565","zcta",2023,"transportation_rnk",44.2625
"12566","zcta",2023,"transportation_rnk",35.0079
"12567","zcta",2023,"transportation_rnk",71.8804
"12569","zcta",2023,"transportation_rnk",81.7337
"12570","zcta",2023,"transportation_rnk",52.5977
"12571","zcta",2023,"transportation_rnk",66.4649
"12572","zcta",2023,"transportation_rnk",73.583
"12574","zcta",2023,"transportation_rnk",75.2889
"12575","zcta",2023,"transportation_rnk",50.7558
"12577","zcta",2023,"transportation_rnk",68.7016
"12578","zcta",2023,"transportation_rnk",69.909
"12580","zcta",2023,"transportation_rnk",65.8143
"12581","zcta",2023,"transportation_rnk",73.1946
"12582","zcta",2023,"transportation_rnk",33.3312
"12583","zcta",2023,"transportation_rnk",60.5347
"12585","zcta",2023,"transportation_rnk",60.7387
"12586","zcta",2023,"transportation_rnk",59.0975
"12589","zcta",2023,"transportation_rnk",37.3191
"12590","zcta",2023,"transportation_rnk",83.1742
"12592","zcta",2023,"transportation_rnk",70.2004
"12594","zcta",2023,"transportation_rnk",37.659
"12601","zcta",2023,"transportation_rnk",86.4079
"12603","zcta",2023,"transportation_rnk",83.6662
"12604","zcta",2023,"transportation_rnk",NA
"12701","zcta",2023,"transportation_rnk",81.0734
"12719","zcta",2023,"transportation_rnk",62.6614
"12720","zcta",2023,"transportation_rnk",19.4575
"12721","zcta",2023,"transportation_rnk",66.3937
"12722","zcta",2023,"transportation_rnk",NA
"12723","zcta",2023,"transportation_rnk",68.6531
"12724","zcta",2023,"transportation_rnk",NA
"12725","zcta",2023,"transportation_rnk",58.9939
"12726","zcta",2023,"transportation_rnk",29.5504
"12729","zcta",2023,"transportation_rnk",74.3308
"12732","zcta",2023,"transportation_rnk",63.9465
"12733","zcta",2023,"transportation_rnk",NA
"12734","zcta",2023,"transportation_rnk",76.0107
"12736","zcta",2023,"transportation_rnk",50.6005
"12737","zcta",2023,"transportation_rnk",22.688
"12738","zcta",2023,"transportation_rnk",3.7063
"12740","zcta",2023,"transportation_rnk",62.1727
"12741","zcta",2023,"transportation_rnk",45.5475
"12742","zcta",2023,"transportation_rnk",0.4338
"12743","zcta",2023,"transportation_rnk",62.2503
"12745","zcta",2023,"transportation_rnk",NA
"12746","zcta",2023,"transportation_rnk",46.7841
"12747","zcta",2023,"transportation_rnk",64.6166
"12748","zcta",2023,"transportation_rnk",63.2635
"12749","zcta",2023,"transportation_rnk",77.6713
"12750","zcta",2023,"transportation_rnk",NA
"12751","zcta",2023,"transportation_rnk",73.7416
"12752","zcta",2023,"transportation_rnk",32.1076
"12754","zcta",2023,"transportation_rnk",58.7382
"12758","zcta",2023,"transportation_rnk",69.6889
"12759","zcta",2023,"transportation_rnk",72.6637
"12760","zcta",2023,"transportation_rnk",8.5392
"12762","zcta",2023,"transportation_rnk",67.3971
"12763","zcta",2023,"transportation_rnk",69.3523
"12764","zcta",2023,"transportation_rnk",68.4168
"12765","zcta",2023,"transportation_rnk",3.8229
"12766","zcta",2023,"transportation_rnk",5.6582
"12767","zcta",2023,"transportation_rnk",1.7674
"12768","zcta",2023,"transportation_rnk",68.0445
"12769","zcta",2023,"transportation_rnk",2.8129
"12770","zcta",2023,"transportation_rnk",59.8453
"12771","zcta",2023,"transportation_rnk",97.8668
"12775","zcta",2023,"transportation_rnk",49.7038
"12776","zcta",2023,"transportation_rnk",32.1076
"12777","zcta",2023,"transportation_rnk",66.986
"12778","zcta",2023,"transportation_rnk",1.8354
"12779","zcta",2023,"transportation_rnk",71.4045
"12780","zcta",2023,"transportation_rnk",42.6278
"12781","zcta",2023,"transportation_rnk",1.4664
"12783","zcta",2023,"transportation_rnk",14.3301
"12784","zcta",2023,"transportation_rnk",NA
"12785","zcta",2023,"transportation_rnk",71.5793
"12786","zcta",2023,"transportation_rnk",6.1826
"12787","zcta",2023,"transportation_rnk",2.1688
"12788","zcta",2023,"transportation_rnk",22.4938
"12789","zcta",2023,"transportation_rnk",39.6239
"12790","zcta",2023,"transportation_rnk",50.0275
"12791","zcta",2023,"transportation_rnk",2.4828
"12792","zcta",2023,"transportation_rnk",4.3699
"12801","zcta",2023,"transportation_rnk",91.5353
"12803","zcta",2023,"transportation_rnk",88.3598
"12804","zcta",2023,"transportation_rnk",91.354
"12808","zcta",2023,"transportation_rnk",9.1574
"12809","zcta",2023,"transportation_rnk",38.3129
"12810","zcta",2023,"transportation_rnk",16.1299
"12811","zcta",2023,"transportation_rnk",3.7419
"12812","zcta",2023,"transportation_rnk",74.9005
"12814","zcta",2023,"transportation_rnk",63.1664
"12815","zcta",2023,"transportation_rnk",28.0549
"12816","zcta",2023,"transportation_rnk",59.4471
"12817","zcta",2023,"transportation_rnk",59.9359
"12819","zcta",2023,"transportation_rnk",10.6917
"12820","zcta",2023,"transportation_rnk",NA
"12821","zcta",2023,"transportation_rnk",NA
"12822","zcta",2023,"transportation_rnk",46.5413
"12823","zcta",2023,"transportation_rnk",3.5056
"12824","zcta",2023,"transportation_rnk",50.5034
"12827","zcta",2023,"transportation_rnk",18.7518
"12828","zcta",2023,"transportation_rnk",36.2153
"12831","zcta",2023,"transportation_rnk",29.2073
"12832","zcta",2023,"transportation_rnk",30.7578
"12833","zcta",2023,"transportation_rnk",56.3299
"12834","zcta",2023,"transportation_rnk",33.8005
"12835","zcta",2023,"transportation_rnk",55.5369
"12836","zcta",2023,"transportation_rnk",29.7187
"12837","zcta",2023,"transportation_rnk",29.0713
"12838","zcta",2023,"transportation_rnk",45.1559
"12839","zcta",2023,"transportation_rnk",90.2276
"12841","zcta",2023,"transportation_rnk",NA
"12842","zcta",2023,"transportation_rnk",60.3697
"12843","zcta",2023,"transportation_rnk",4.276
"12844","zcta",2023,"transportation_rnk",62.833
"12845","zcta",2023,"transportation_rnk",53.7954
"12846","zcta",2023,"transportation_rnk",25.2258
"12847","zcta",2023,"transportation_rnk",48.2634
"12849","zcta",2023,"transportation_rnk",59.4471
"12850","zcta",2023,"transportation_rnk",7.5551
"12851","zcta",2023,"transportation_rnk",22.688
"12852","zcta",2023,"transportation_rnk",32.6838
"12853","zcta",2023,"transportation_rnk",26.4202
"12854","zcta",2023,"transportation_rnk",NA
"12855","zcta",2023,"transportation_rnk",2.0458
"12856","zcta",2023,"transportation_rnk",61.658
"12857","zcta",2023,"transportation_rnk",65.4485
"12858","zcta",2023,"transportation_rnk",54.5399
"12859","zcta",2023,"transportation_rnk",42.2458
"12860","zcta",2023,"transportation_rnk",3.7063
"12861","zcta",2023,"transportation_rnk",16.0101
"12862","zcta",2023,"transportation_rnk",71.097
"12863","zcta",2023,"transportation_rnk",18.6482
"12864","zcta",2023,"transportation_rnk",NA
"12865","zcta",2023,"transportation_rnk",40.4299
"12866","zcta",2023,"transportation_rnk",65.5941
"12870","zcta",2023,"transportation_rnk",67.9054
"12871","zcta",2023,"transportation_rnk",62.5417
"12872","zcta",2023,"transportation_rnk",NA
"12873","zcta",2023,"transportation_rnk",74.156
"12874","zcta",2023,"transportation_rnk",75.9266
"12878","zcta",2023,"transportation_rnk",35.8949
"12883","zcta",2023,"transportation_rnk",68.8408
"12884","zcta",2023,"transportation_rnk",11.9703
"12885","zcta",2023,"transportation_rnk",56.673
"12886","zcta",2023,"transportation_rnk",2.6414
"12887","zcta",2023,"transportation_rnk",45.4181
"12901","zcta",2023,"transportation_rnk",92.6585
"12903","zcta",2023,"transportation_rnk",52.5977
"12910","zcta",2023,"transportation_rnk",20.2797
"12911","zcta",2023,"transportation_rnk",NA
"12912","zcta",2023,"transportation_rnk",24.5881
"12913","zcta",2023,"transportation_rnk",22.688
"12914","zcta",2023,"transportation_rnk",71.5081
"12915","zcta",2023,"transportation_rnk",NA
"12916","zcta",2023,"transportation_rnk",30.3855
"12917","zcta",2023,"transportation_rnk",62.7456
"12918","zcta",2023,"transportation_rnk",21.6133
"12919","zcta",2023,"transportation_rnk",56.1745
"12920","zcta",2023,"transportation_rnk",10.4975
"12921","zcta",2023,"transportation_rnk",45.5475
"12922","zcta",2023,"transportation_rnk",NA
"12923","zcta",2023,"transportation_rnk",56.3299
"12924","zcta",2023,"transportation_rnk",1.6185
"12926","zcta",2023,"transportation_rnk",57.3949
"12927","zcta",2023,"transportation_rnk",73.6898
"12928","zcta",2023,"transportation_rnk",20.8526
"12929","zcta",2023,"transportation_rnk",NA
"12930","zcta",2023,"transportation_rnk",19.7715
"12932","zcta",2023,"transportation_rnk",56.8575
"12933","zcta",2023,"transportation_rnk",NA
"12934","zcta",2023,"transportation_rnk",27.8704
"12935","zcta",2023,"transportation_rnk",18.8586
"12936","zcta",2023,"transportation_rnk",69.1225
"12937","zcta",2023,"transportation_rnk",72.8094
"12939","zcta",2023,"transportation_rnk",56.4367
"12941","zcta",2023,"transportation_rnk",61.2987
"12942","zcta",2023,"transportation_rnk",32.1076
"12943","zcta",2023,"transportation_rnk",68.4848
"12944","zcta",2023,"transportation_rnk",25.0445
"12945","zcta",2023,"transportation_rnk",6.7944
"12946","zcta",2023,"transportation_rnk",71.7023
"12950","zcta",2023,"transportation_rnk",8.8467
"12952","zcta",2023,"transportation_rnk",0.8707
"12953","zcta",2023,"transportation_rnk",78.487
"12955","zcta",2023,"transportation_rnk",68.0445
"12956","zcta",2023,"transportation_rnk",51.4097
"12957","zcta",2023,"transportation_rnk",7.3091
"12958","zcta",2023,"transportation_rnk",39.3261
"12959","zcta",2023,"transportation_rnk",33.1564
"12960","zcta",2023,"transportation_rnk",6.0855
"12961","zcta",2023,"transportation_rnk",NA
"12962","zcta",2023,"transportation_rnk",18.2986
"12964","zcta",2023,"transportation_rnk",NA
"12965","zcta",2023,"transportation_rnk",35.2831
"12966","zcta",2023,"transportation_rnk",67.7241
"12967","zcta",2023,"transportation_rnk",60.4376
"12969","zcta",2023,"transportation_rnk",12.7149
"12970","zcta",2023,"transportation_rnk",NA
"12972","zcta",2023,"transportation_rnk",58.0585
"12973","zcta",2023,"transportation_rnk",6.4319
"12974","zcta",2023,"transportation_rnk",56.9546
"12975","zcta",2023,"transportation_rnk",12.8055
"12976","zcta",2023,"transportation_rnk",8.2899
"12977","zcta",2023,"transportation_rnk",NA
"12978","zcta",2023,"transportation_rnk",3.9362
"12979","zcta",2023,"transportation_rnk",35.4223
"12980","zcta",2023,"transportation_rnk",25.5139
"12981","zcta",2023,"transportation_rnk",11.2097
"12983","zcta",2023,"transportation_rnk",64.6166
"12985","zcta",2023,"transportation_rnk",21.3285
"12986","zcta",2023,"transportation_rnk",56.9546
"12987","zcta",2023,"transportation_rnk",2.7773
"12989","zcta",2023,"transportation_rnk",37.0051
"12992","zcta",2023,"transportation_rnk",11.4298
"12993","zcta",2023,"transportation_rnk",37.8241
"12996","zcta",2023,"transportation_rnk",12.6501
"12997","zcta",2023,"transportation_rnk",66.0085
"12998","zcta",2023,"transportation_rnk",69.3944
"13020","zcta",2023,"transportation_rnk",0.9581
"13021","zcta",2023,"transportation_rnk",53.2515
"13024","zcta",2023,"transportation_rnk",NA
"13026","zcta",2023,"transportation_rnk",72.4533
"13027","zcta",2023,"transportation_rnk",89.4345
"13028","zcta",2023,"transportation_rnk",43.3949
"13029","zcta",2023,"transportation_rnk",52.7142
"13030","zcta",2023,"transportation_rnk",19.4575
"13031","zcta",2023,"transportation_rnk",89.7129
"13032","zcta",2023,"transportation_rnk",35.1568
"13033","zcta",2023,"transportation_rnk",22.1765
"13034","zcta",2023,"transportation_rnk",25.3844
"13035","zcta",2023,"transportation_rnk",56.7831
"13036","zcta",2023,"transportation_rnk",87.2819
"13037","zcta",2023,"transportation_rnk",30.2399
"13039","zcta",2023,"transportation_rnk",88.3598
"13040","zcta",2023,"transportation_rnk",32.823
"13041","zcta",2023,"transportation_rnk",88.9619
"13042","zcta",2023,"transportation_rnk",13.5727
"13044","zcta",2023,"transportation_rnk",27.0676
"13045","zcta",2023,"transportation_rnk",80.4227
"13051","zcta",2023,"transportation_rnk",NA
"13052","zcta",2023,"transportation_rnk",23.426
"13053","zcta",2023,"transportation_rnk",61.098
"13054","zcta",2023,"transportation_rnk",9.0862
"13057","zcta",2023,"transportation_rnk",91.736
"13060","zcta",2023,"transportation_rnk",44.1556
"13061","zcta",2023,"transportation_rnk",18.9914
"13062","zcta",2023,"transportation_rnk",5.9399
"13063","zcta",2023,"transportation_rnk",36.6782
"13065","zcta",2023,"transportation_rnk",2.664
"13066","zcta",2023,"transportation_rnk",89.8553
"13068","zcta",2023,"transportation_rnk",64.2217
"13069","zcta",2023,"transportation_rnk",78.5324
"13071","zcta",2023,"transportation_rnk",59.5896
"13072","zcta",2023,"transportation_rnk",22.8369
"13073","zcta",2023,"transportation_rnk",46.3535
"13074","zcta",2023,"transportation_rnk",23.2901
"13076","zcta",2023,"transportation_rnk",28.411
"13077","zcta",2023,"transportation_rnk",78.2669
"13078","zcta",2023,"transportation_rnk",37.3191
"13080","zcta",2023,"transportation_rnk",29.7187
"13081","zcta",2023,"transportation_rnk",57.1748
"13082","zcta",2023,"transportation_rnk",39.7987
"13083","zcta",2023,"transportation_rnk",57.8869
"13084","zcta",2023,"transportation_rnk",12.9123
"13087","zcta",2023,"transportation_rnk",7.9144
"13088","zcta",2023,"transportation_rnk",90.6516
"13090","zcta",2023,"transportation_rnk",90.8167
"13092","zcta",2023,"transportation_rnk",46.3535
"13101","zcta",2023,"transportation_rnk",29.7187
"13102","zcta",2023,"transportation_rnk",NA
"13103","zcta",2023,"transportation_rnk",40.1191
"13104","zcta",2023,"transportation_rnk",90.3214
"13108","zcta",2023,"transportation_rnk",89.4572
"13110","zcta",2023,"transportation_rnk",20.2797
"13111","zcta",2023,"transportation_rnk",47.8652
"13112","zcta",2023,"transportation_rnk",27.7247
"13113","zcta",2023,"transportation_rnk",NA
"13114","zcta",2023,"transportation_rnk",24.1382
"13115","zcta",2023,"transportation_rnk",54.145
"13116","zcta",2023,"transportation_rnk",25.2258
"13117","zcta",2023,"transportation_rnk",4.9073
"13118","zcta",2023,"transportation_rnk",39.3261
"13119","zcta",2023,"transportation_rnk",NA
"13120","zcta",2023,"transportation_rnk",29.7187
"13121","zcta",2023,"transportation_rnk",NA
"13122","zcta",2023,"transportation_rnk",74.2239
"13123","zcta",2023,"transportation_rnk",NA
"13124","zcta",2023,"transportation_rnk",NA
"13126","zcta",2023,"transportation_rnk",81.2967
"13131","zcta",2023,"transportation_rnk",34.0207
"13132","zcta",2023,"transportation_rnk",29.0713
"13134","zcta",2023,"transportation_rnk",3.7419
"13135","zcta",2023,"transportation_rnk",90.4671
"13136","zcta",2023,"transportation_rnk",28.8868
"13138","zcta",2023,"transportation_rnk",33.8005
"13140","zcta",2023,"transportation_rnk",31.5023
"13141","zcta",2023,"transportation_rnk",30.3855
"13142","zcta",2023,"transportation_rnk",24.5881
"13143","zcta",2023,"transportation_rnk",18.4249
"13144","zcta",2023,"transportation_rnk",28.411
"13145","zcta",2023,"transportation_rnk",45.8324
"13146","zcta",2023,"transportation_rnk",48.6291
"13147","zcta",2023,"transportation_rnk",63.2635
"13148","zcta",2023,"transportation_rnk",54.2388
"13152","zcta",2023,"transportation_rnk",65.7204
"13153","zcta",2023,"transportation_rnk",18.6482
"13154","zcta",2023,"transportation_rnk",NA
"13155","zcta",2023,"transportation_rnk",26.2843
"13156","zcta",2023,"transportation_rnk",44.7901
"13157","zcta",2023,"transportation_rnk",63.0466
"13158","zcta",2023,"transportation_rnk",14.2557
"13159","zcta",2023,"transportation_rnk",46.0946
"13160","zcta",2023,"transportation_rnk",51.6136
"13162","zcta",2023,"transportation_rnk",1.6638
"13163","zcta",2023,"transportation_rnk",44.0585
"13164","zcta",2023,"transportation_rnk",9.002
"13165","zcta",2023,"transportation_rnk",49.4416
"13166","zcta",2023,"transportation_rnk",28.411
"13167","zcta",2023,"transportation_rnk",41.6567
"13202","zcta",2023,"transportation_rnk",80.1573
"13203","zcta",2023,"transportation_rnk",94.1767
"13204","zcta",2023,"transportation_rnk",94.4389
"13205","zcta",2023,"transportation_rnk",95.4488
"13206","zcta",2023,"transportation_rnk",92.05
"13207","zcta",2023,"transportation_rnk",92.2669
"13208","zcta",2023,"transportation_rnk",93.9566
"13209","zcta",2023,"transportation_rnk",91.8202
"13210","zcta",2023,"transportation_rnk",96.7048
"13211","zcta",2023,"transportation_rnk",90.5869
"13212","zcta",2023,"transportation_rnk",89.1788
"13214","zcta",2023,"transportation_rnk",92.1762
"13215","zcta",2023,"transportation_rnk",88.9975
"13219","zcta",2023,"transportation_rnk",89.2759
"13224","zcta",2023,"transportation_rnk",69.4429
"13244","zcta",2023,"transportation_rnk",NA
"13290","zcta",2023,"transportation_rnk",NA
"13301","zcta",2023,"transportation_rnk",2.2011
"13302","zcta",2023,"transportation_rnk",53.6691
"13303","zcta",2023,"transportation_rnk",21.0727
"13304","zcta",2023,"transportation_rnk",45.4181
"13305","zcta",2023,"transportation_rnk",2.1332
"13308","zcta",2023,"transportation_rnk",20.2797
"13309","zcta",2023,"transportation_rnk",51.1022
"13310","zcta",2023,"transportation_rnk",5.464
"13312","zcta",2023,"transportation_rnk",55.2391
"13313","zcta",2023,"transportation_rnk",14.3301
"13314","zcta",2023,"transportation_rnk",57.1133
"13315","zcta",2023,"transportation_rnk",52.384
"13316","zcta",2023,"transportation_rnk",68.5463
"13317","zcta",2023,"transportation_rnk",64.3641
"13318","zcta",2023,"transportation_rnk",6.1826
"13319","zcta",2023,"transportation_rnk",40.1191
"13320","zcta",2023,"transportation_rnk",64.6684
"13321","zcta",2023,"transportation_rnk",8.8467
"13322","zcta",2023,"transportation_rnk",31.3534
"13323","zcta",2023,"transportation_rnk",60.4376
"13324","zcta",2023,"transportation_rnk",23.9925
"13325","zcta",2023,"transportation_rnk",46.4507
"13326","zcta",2023,"transportation_rnk",73.6089
"13327","zcta",2023,"transportation_rnk",18.9914
"13328","zcta",2023,"transportation_rnk",25.9768
"13329","zcta",2023,"transportation_rnk",48.2634
"13331","zcta",2023,"transportation_rnk",7.3965
"13332","zcta",2023,"transportation_rnk",54.0543
"13333","zcta",2023,"transportation_rnk",NA
"13334","zcta",2023,"transportation_rnk",25.6725
"13335","zcta",2023,"transportation_rnk",67.996
"13337","zcta",2023,"transportation_rnk",13.359
"13338","zcta",2023,"transportation_rnk",16.3273
"13339","zcta",2023,"transportation_rnk",46.6611
"13340","zcta",2023,"transportation_rnk",42.1066
"13342","zcta",2023,"transportation_rnk",34.7328
"13343","zcta",2023,"transportation_rnk",36.2153
"13345","zcta",2023,"transportation_rnk",60.0654
"13346","zcta",2023,"transportation_rnk",NA
"13348","zcta",2023,"transportation_rnk",31.3534
"13350","zcta",2023,"transportation_rnk",55.8703
"13352","zcta",2023,"transportation_rnk",NA
"13353","zcta",2023,"transportation_rnk",NA
"13354","zcta",2023,"transportation_rnk",50.7558
"13355","zcta",2023,"transportation_rnk",33.4348
"13357","zcta",2023,"transportation_rnk",28.7217
"13360","zcta",2023,"transportation_rnk",6.0143
"13361","zcta",2023,"transportation_rnk",67.9442
"13363","zcta",2023,"transportation_rnk",31.5023
"13364","zcta",2023,"transportation_rnk",6.9692
"13365","zcta",2023,"transportation_rnk",47.8652
"13367","zcta",2023,"transportation_rnk",79.9858
"13368","zcta",2023,"transportation_rnk",25.6725
"13402","zcta",2023,"transportation_rnk",25.8376
"13403","zcta",2023,"transportation_rnk",NA
"13404","zcta",2023,"transportation_rnk",9.7206
"13406","zcta",2023,"transportation_rnk",16.1299
"13407","zcta",2023,"transportation_rnk",49.2474
"13408","zcta",2023,"transportation_rnk",NA
"13409","zcta",2023,"transportation_rnk",26.2843
"13410","zcta",2023,"transportation_rnk",57.3269
"13411","zcta",2023,"transportation_rnk",56.9546
"13413","zcta",2023,"transportation_rnk",32.4345
"13415","zcta",2023,"transportation_rnk",NA
"13416","zcta",2023,"transportation_rnk",36.3642
"13417","zcta",2023,"transportation_rnk",70.5759
"13418","zcta",2023,"transportation_rnk",30.1169
"13420","zcta",2023,"transportation_rnk",61.0397
"13421","zcta",2023,"transportation_rnk",46.8682
"13424","zcta",2023,"transportation_rnk",62.9334
"13425","zcta",2023,"transportation_rnk",62.5417
"13428","zcta",2023,"transportation_rnk",43.806
"13431","zcta",2023,"transportation_rnk",17.6318
"13433","zcta",2023,"transportation_rnk",49.2474
"13435","zcta",2023,"transportation_rnk",22.1765
"13436","zcta",2023,"transportation_rnk",26.5788
"13437","zcta",2023,"transportation_rnk",36.0535
"13438","zcta",2023,"transportation_rnk",41.3265
"13439","zcta",2023,"transportation_rnk",49.0823
"13440","zcta",2023,"transportation_rnk",58.1264
"13441","zcta",2023,"transportation_rnk",56.5177
"13450","zcta",2023,"transportation_rnk",74.949
"13452","zcta",2023,"transportation_rnk",57.2266
"13454","zcta",2023,"transportation_rnk",59.3274
"13455","zcta",2023,"transportation_rnk",NA
"13456","zcta",2023,"transportation_rnk",14.7962
"13457","zcta",2023,"transportation_rnk",NA
"13459","zcta",2023,"transportation_rnk",57.7704
"13460","zcta",2023,"transportation_rnk",39.3261
"13461","zcta",2023,"transportation_rnk",37.5166
"13464","zcta",2023,"transportation_rnk",61.098
"13468","zcta",2023,"transportation_rnk",8.0601
"13469","zcta",2023,"transportation_rnk",55.6955
"13470","zcta",2023,"transportation_rnk",33.1564
"13471","zcta",2023,"transportation_rnk",13.9514
"13472","zcta",2023,"transportation_rnk",2.6932
"13473","zcta",2023,"transportation_rnk",51.2025
"13475","zcta",2023,"transportation_rnk",NA
"13476","zcta",2023,"transportation_rnk",63.3218
"13477","zcta",2023,"transportation_rnk",42.1066
"13478","zcta",2023,"transportation_rnk",40.6921
"13480","zcta",2023,"transportation_rnk",44.3855
"13482","zcta",2023,"transportation_rnk",NA
"13483","zcta",2023,"transportation_rnk",49.5905
"13484","zcta",2023,"transportation_rnk",0.2784
"13485","zcta",2023,"transportation_rnk",53.8892
"13486","zcta",2023,"transportation_rnk",12.2358
"13488","zcta",2023,"transportation_rnk",2.4245
"13489","zcta",2023,"transportation_rnk",69.3749
"13490","zcta",2023,"transportation_rnk",34.0207
"13491","zcta",2023,"transportation_rnk",21.199
"13492","zcta",2023,"transportation_rnk",24.8729
"13493","zcta",2023,"transportation_rnk",36.3642
"13494","zcta",2023,"transportation_rnk",7.0987
"13495","zcta",2023,"transportation_rnk",53.2515
"13501","zcta",2023,"transportation_rnk",70.5241
"13502","zcta",2023,"transportation_rnk",71.1326
"13601","zcta",2023,"transportation_rnk",85.1099
"13602","zcta",2023,"transportation_rnk",NA
"13603","zcta",2023,"transportation_rnk",83.2648
"13605","zcta",2023,"transportation_rnk",52.7142
"13606","zcta",2023,"transportation_rnk",35.8949
"13607","zcta",2023,"transportation_rnk",60.7387
"13608","zcta",2023,"transportation_rnk",36.6782
"13611","zcta",2023,"transportation_rnk",2.0328
"13612","zcta",2023,"transportation_rnk",18.4249
"13613","zcta",2023,"transportation_rnk",23.426
"13614","zcta",2023,"transportation_rnk",10.1771
"13615","zcta",2023,"transportation_rnk",20.4739
"13616","zcta",2023,"transportation_rnk",66.7336
"13617","zcta",2023,"transportation_rnk",76.9592
"13618","zcta",2023,"transportation_rnk",52.0862
"13619","zcta",2023,"transportation_rnk",83.4461
"13620","zcta",2023,"transportation_rnk",48.354
"13621","zcta",2023,"transportation_rnk",9.8016
"13622","zcta",2023,"transportation_rnk",41.1711
"13623","zcta",2023,"transportation_rnk",NA
"13624","zcta",2023,"transportation_rnk",29.9582
"13625","zcta",2023,"transportation_rnk",32.5705
"13626","zcta",2023,"transportation_rnk",32.823
"13628","zcta",2023,"transportation_rnk",32.5705
"13630","zcta",2023,"transportation_rnk",69.4235
"13632","zcta",2023,"transportation_rnk",0.2363
"13633","zcta",2023,"transportation_rnk",64.2767
"13634","zcta",2023,"transportation_rnk",25.6725
"13635","zcta",2023,"transportation_rnk",19.4575
"13636","zcta",2023,"transportation_rnk",13.4723
"13637","zcta",2023,"transportation_rnk",69.2714
"13638","zcta",2023,"transportation_rnk",3.0395
"13639","zcta",2023,"transportation_rnk",NA
"13640","zcta",2023,"transportation_rnk",20.011
"13641","zcta",2023,"transportation_rnk",NA
"13642","zcta",2023,"transportation_rnk",33.8005
"13643","zcta",2023,"transportation_rnk",NA
"13645","zcta",2023,"transportation_rnk",NA
"13646","zcta",2023,"transportation_rnk",45.3048
"13647","zcta",2023,"transportation_rnk",0.8157
"13648","zcta",2023,"transportation_rnk",37.3191
"13649","zcta",2023,"transportation_rnk",NA
"13650","zcta",2023,"transportation_rnk",57.8351
"13651","zcta",2023,"transportation_rnk",66.7627
"13652","zcta",2023,"transportation_rnk",13.0547
"13654","zcta",2023,"transportation_rnk",66.9278
"13655","zcta",2023,"transportation_rnk",57.8869
"13656","zcta",2023,"transportation_rnk",67.0929
"13658","zcta",2023,"transportation_rnk",29.0713
"13659","zcta",2023,"transportation_rnk",10.1091
"13660","zcta",2023,"transportation_rnk",14.971
"13661","zcta",2023,"transportation_rnk",9.1574
"13662","zcta",2023,"transportation_rnk",41.1711
"13664","zcta",2023,"transportation_rnk",28.2491
"13665","zcta",2023,"transportation_rnk",9.507
"13666","zcta",2023,"transportation_rnk",10.9572
"13667","zcta",2023,"transportation_rnk",22.9923
"13668","zcta",2023,"transportation_rnk",30.7578
"13669","zcta",2023,"transportation_rnk",74.0168
"13670","zcta",2023,"transportation_rnk",29.5504
"13672","zcta",2023,"transportation_rnk",49.7912
"13673","zcta",2023,"transportation_rnk",49.4416
"13674","zcta",2023,"transportation_rnk",74.402
"13675","zcta",2023,"transportation_rnk",NA
"13676","zcta",2023,"transportation_rnk",65.3967
"13678","zcta",2023,"transportation_rnk",NA
"13679","zcta",2023,"transportation_rnk",26.5788
"13680","zcta",2023,"transportation_rnk",71.9516
"13681","zcta",2023,"transportation_rnk",50.7558
"13682","zcta",2023,"transportation_rnk",20.8526
"13683","zcta",2023,"transportation_rnk",NA
"13684","zcta",2023,"transportation_rnk",25.3844
"13685","zcta",2023,"transportation_rnk",19.2406
"13687","zcta",2023,"transportation_rnk",45.6641
"13690","zcta",2023,"transportation_rnk",63.7879
"13691","zcta",2023,"transportation_rnk",18.8586
"13692","zcta",2023,"transportation_rnk",72.2202
"13693","zcta",2023,"transportation_rnk",6.8236
"13694","zcta",2023,"transportation_rnk",59.3274
"13695","zcta",2023,"transportation_rnk",74.6706
"13696","zcta",2023,"transportation_rnk",1.0132
"13697","zcta",2023,"transportation_rnk",11.4298
"13699","zcta",2023,"transportation_rnk",NA
"13730","zcta",2023,"transportation_rnk",20.7199
"13731","zcta",2023,"transportation_rnk",66.7271
"13732","zcta",2023,"transportation_rnk",48.5126
"13733","zcta",2023,"transportation_rnk",44.7901
"13734","zcta",2023,"transportation_rnk",6.2279
"13736","zcta",2023,"transportation_rnk",57.5146
"13738","zcta",2023,"transportation_rnk",NA
"13739","zcta",2023,"transportation_rnk",38.9214
"13740","zcta",2023,"transportation_rnk",58.7382
"13743","zcta",2023,"transportation_rnk",40.8539
"13744","zcta",2023,"transportation_rnk",10.4975
"13746","zcta",2023,"transportation_rnk",39.0412
"13747","zcta",2023,"transportation_rnk",NA
"13748","zcta",2023,"transportation_rnk",46.2273
"13750","zcta",2023,"transportation_rnk",45.5475
"13751","zcta",2023,"transportation_rnk",3.6157
"13752","zcta",2023,"transportation_rnk",67.6011
"13753","zcta",2023,"transportation_rnk",71.5534
"13754","zcta",2023,"transportation_rnk",40.8539
"13755","zcta",2023,"transportation_rnk",41.4787
"13756","zcta",2023,"transportation_rnk",68.9347
"13757","zcta",2023,"transportation_rnk",37.659
"13760","zcta",2023,"transportation_rnk",63.707
"13774","zcta",2023,"transportation_rnk",1.3822
"13775","zcta",2023,"transportation_rnk",48.0206
"13776","zcta",2023,"transportation_rnk",39.3261
"13777","zcta",2023,"transportation_rnk",9.002
"13778","zcta",2023,"transportation_rnk",22.4938
"13780","zcta",2023,"transportation_rnk",8.1442
"13782","zcta",2023,"transportation_rnk",15.9292
"13783","zcta",2023,"transportation_rnk",56.5986
"13784","zcta",2023,"transportation_rnk",33.4348
"13786","zcta",2023,"transportation_rnk",65.9696
"13787","zcta",2023,"transportation_rnk",55.5369
"13788","zcta",2023,"transportation_rnk",72.1782
"13790","zcta",2023,"transportation_rnk",72.3918
"13795","zcta",2023,"transportation_rnk",50.9598
"13796","zcta",2023,"transportation_rnk",10.763
"13797","zcta",2023,"transportation_rnk",32.4345
"13801","zcta",2023,"transportation_rnk",69.1937
"13802","zcta",2023,"transportation_rnk",6.9692
"13803","zcta",2023,"transportation_rnk",47.0624
"13804","zcta",2023,"transportation_rnk",41.6567
"13806","zcta",2023,"transportation_rnk",33.0107
"13807","zcta",2023,"transportation_rnk",35.5776
"13808","zcta",2023,"transportation_rnk",70.3072
"13809","zcta",2023,"transportation_rnk",32.6838
"13810","zcta",2023,"transportation_rnk",65.2187
"13811","zcta",2023,"transportation_rnk",19.7715
"13812","zcta",2023,"transportation_rnk",35.8949
"13813","zcta",2023,"transportation_rnk",3.4765
"13814","zcta",2023,"transportation_rnk",NA
"13815","zcta",2023,"transportation_rnk",82.4653
"13820","zcta",2023,"transportation_rnk",85.5372
"13825","zcta",2023,"transportation_rnk",24.2806
"13826","zcta",2023,"transportation_rnk",NA
"13827","zcta",2023,"transportation_rnk",57.0226
"13830","zcta",2023,"transportation_rnk",55.2391
"13832","zcta",2023,"transportation_rnk",3.415
"13833","zcta",2023,"transportation_rnk",44.0585
"13834","zcta",2023,"transportation_rnk",0.2492
"13835","zcta",2023,"transportation_rnk",28.0549
"13838","zcta",2023,"transportation_rnk",66.3516
"13839","zcta",2023,"transportation_rnk",8.5392
"13841","zcta",2023,"transportation_rnk",37.3191
"13842","zcta",2023,"transportation_rnk",35.7589
"13843","zcta",2023,"transportation_rnk",20.7199
"13844","zcta",2023,"transportation_rnk",34.2828
"13846","zcta",2023,"transportation_rnk",1.8548
"13847","zcta",2023,"transportation_rnk",NA
"13849","zcta",2023,"transportation_rnk",59.6413
"13850","zcta",2023,"transportation_rnk",59.2367
"13856","zcta",2023,"transportation_rnk",63.3218
"13859","zcta",2023,"transportation_rnk",0.3108
"13860","zcta",2023,"transportation_rnk",0.8449
"13861","zcta",2023,"transportation_rnk",4.9073
"13862","zcta",2023,"transportation_rnk",21.199
"13863","zcta",2023,"transportation_rnk",11.4298
"13864","zcta",2023,"transportation_rnk",19.7715
"13865","zcta",2023,"transportation_rnk",30.3855
"13901","zcta",2023,"transportation_rnk",69.4235
"13902","zcta",2023,"transportation_rnk",NA
"13903","zcta",2023,"transportation_rnk",72.7252
"13904","zcta",2023,"transportation_rnk",68.6013
"13905","zcta",2023,"transportation_rnk",74.2239
"14001","zcta",2023,"transportation_rnk",30.8937
"14004","zcta",2023,"transportation_rnk",29.8191
"14005","zcta",2023,"transportation_rnk",25.0445
"14006","zcta",2023,"transportation_rnk",85.4951
"14008","zcta",2023,"transportation_rnk",42.1066
"14009","zcta",2023,"transportation_rnk",22.688
"14011","zcta",2023,"transportation_rnk",33.0107
"14012","zcta",2023,"transportation_rnk",28.0549
"14013","zcta",2023,"transportation_rnk",30.7578
"14020","zcta",2023,"transportation_rnk",50.1538
"14024","zcta",2023,"transportation_rnk",49.8916
"14025","zcta",2023,"transportation_rnk",16.5701
"14026","zcta",2023,"transportation_rnk",4.794
"14027","zcta",2023,"transportation_rnk",2.0717
"14028","zcta",2023,"transportation_rnk",29.7187
"14029","zcta",2023,"transportation_rnk",NA
"14030","zcta",2023,"transportation_rnk",11.2776
"14031","zcta",2023,"transportation_rnk",86.1975
"14032","zcta",2023,"transportation_rnk",49.7912
"14033","zcta",2023,"transportation_rnk",16.9521
"14034","zcta",2023,"transportation_rnk",58.0585
"14035","zcta",2023,"transportation_rnk",NA
"14036","zcta",2023,"transportation_rnk",31.0394
"14037","zcta",2023,"transportation_rnk",27.8704
"14039","zcta",2023,"transportation_rnk",1.939
"14040","zcta",2023,"transportation_rnk",9.507
"14041","zcta",2023,"transportation_rnk",72.3562
"14042","zcta",2023,"transportation_rnk",46.3535
"14043","zcta",2023,"transportation_rnk",84.5758
"14047","zcta",2023,"transportation_rnk",84.948
"14048","zcta",2023,"transportation_rnk",39.1998
"14051","zcta",2023,"transportation_rnk",84.5305
"14052","zcta",2023,"transportation_rnk",46.7841
"14054","zcta",2023,"transportation_rnk",20.011
"14055","zcta",2023,"transportation_rnk",44.7901
"14056","zcta",2023,"transportation_rnk",75.6773
"14057","zcta",2023,"transportation_rnk",27.3492
"14058","zcta",2023,"transportation_rnk",27.3492
"14059","zcta",2023,"transportation_rnk",37.1735
"14060","zcta",2023,"transportation_rnk",71.7606
"14061","zcta",2023,"transportation_rnk",0.2784
"14062","zcta",2023,"transportation_rnk",14.2557
"14063","zcta",2023,"transportation_rnk",63.7879
"14065","zcta",2023,"transportation_rnk",50.6005
"14066","zcta",2023,"transportation_rnk",11.4298
"14067","zcta",2023,"transportation_rnk",24.7435
"14068","zcta",2023,"transportation_rnk",35.4223
"14069","zcta",2023,"transportation_rnk",3.6902
"14070","zcta",2023,"transportation_rnk",50.6005
"14072","zcta",2023,"transportation_rnk",85.22
"14075","zcta",2023,"transportation_rnk",85.2815
"14080","zcta",2023,"transportation_rnk",55.4074
"14081","zcta",2023,"transportation_rnk",63.4804
"14082","zcta",2023,"transportation_rnk",10.2742
"14083","zcta",2023,"transportation_rnk",NA
"14085","zcta",2023,"transportation_rnk",37.659
"14086","zcta",2023,"transportation_rnk",84.1323
"14091","zcta",2023,"transportation_rnk",30.2399
"14092","zcta",2023,"transportation_rnk",84.333
"14094","zcta",2023,"transportation_rnk",74.8584
"14098","zcta",2023,"transportation_rnk",59.3274
"14101","zcta",2023,"transportation_rnk",48.7165
"14102","zcta",2023,"transportation_rnk",11.6499
"14103","zcta",2023,"transportation_rnk",63.9789
"14105","zcta",2023,"transportation_rnk",42.3882
"14108","zcta",2023,"transportation_rnk",45.1559
"14109","zcta",2023,"transportation_rnk",NA
"14111","zcta",2023,"transportation_rnk",53.2515
"14112","zcta",2023,"transportation_rnk",NA
"14113","zcta",2023,"transportation_rnk",57.9711
"14120","zcta",2023,"transportation_rnk",85.0193
"14125","zcta",2023,"transportation_rnk",12.7149
"14126","zcta",2023,"transportation_rnk",2.9586
"14127","zcta",2023,"transportation_rnk",85.0063
"14129","zcta",2023,"transportation_rnk",57.9711
"14130","zcta",2023,"transportation_rnk",4.8296
"14131","zcta",2023,"transportation_rnk",38.6042
"14132","zcta",2023,"transportation_rnk",48.354
"14134","zcta",2023,"transportation_rnk",NA
"14135","zcta",2023,"transportation_rnk",22.4938
"14136","zcta",2023,"transportation_rnk",45.8324
"14138","zcta",2023,"transportation_rnk",67.3162
"14139","zcta",2023,"transportation_rnk",30.1169
"14141","zcta",2023,"transportation_rnk",34.0207
"14143","zcta",2023,"transportation_rnk",12.3199
"14145","zcta",2023,"transportation_rnk",66.6106
"14150","zcta",2023,"transportation_rnk",87.5117
"14166","zcta",2023,"transportation_rnk",2.062
"14167","zcta",2023,"transportation_rnk",40.595
"14168","zcta",2023,"transportation_rnk",NA
"14169","zcta",2023,"transportation_rnk",NA
"14170","zcta",2023,"transportation_rnk",49.8916
"14171","zcta",2023,"transportation_rnk",36.6782
"14172","zcta",2023,"transportation_rnk",34.0207
"14173","zcta",2023,"transportation_rnk",2.7644
"14174","zcta",2023,"transportation_rnk",20.011
"14201","zcta",2023,"transportation_rnk",93.9954
"14202","zcta",2023,"transportation_rnk",76.5707
"14203","zcta",2023,"transportation_rnk",76.3992
"14204","zcta",2023,"transportation_rnk",94.7755
"14206","zcta",2023,"transportation_rnk",89.8391
"14207","zcta",2023,"transportation_rnk",93.0761
"14208","zcta",2023,"transportation_rnk",93.1441
"14209","zcta",2023,"transportation_rnk",95.0345
"14210","zcta",2023,"transportation_rnk",93.1732
"14211","zcta",2023,"transportation_rnk",95.5718
"14212","zcta",2023,"transportation_rnk",93.1538
"14213","zcta",2023,"transportation_rnk",93.3901
"14214","zcta",2023,"transportation_rnk",92.5226
"14215","zcta",2023,"transportation_rnk",94.29
"14216","zcta",2023,"transportation_rnk",87.5732
"14217","zcta",2023,"transportation_rnk",86.764
"14218","zcta",2023,"transportation_rnk",89.8035
"14219","zcta",2023,"transportation_rnk",90.3214
"14220","zcta",2023,"transportation_rnk",86.8482
"14221","zcta",2023,"transportation_rnk",84.838
"14222","zcta",2023,"transportation_rnk",90.5092
"14223","zcta",2023,"transportation_rnk",85.5048
"14224","zcta",2023,"transportation_rnk",84.3168
"14225","zcta",2023,"transportation_rnk",85.1585
"14226","zcta",2023,"transportation_rnk",87.0132
"14227","zcta",2023,"transportation_rnk",85.0257
"14228","zcta",2023,"transportation_rnk",86.4306
"14260","zcta",2023,"transportation_rnk",NA
"14261","zcta",2023,"transportation_rnk",NA
"14301","zcta",2023,"transportation_rnk",93.0405
"14302","zcta",2023,"transportation_rnk",NA
"14303","zcta",2023,"transportation_rnk",92.4417
"14304","zcta",2023,"transportation_rnk",86.1069
"14305","zcta",2023,"transportation_rnk",88.5702
"14411","zcta",2023,"transportation_rnk",55.6955
"14413","zcta",2023,"transportation_rnk",NA
"14414","zcta",2023,"transportation_rnk",24.8729
"14415","zcta",2023,"transportation_rnk",34.1663
"14416","zcta",2023,"transportation_rnk",33.8005
"14418","zcta",2023,"transportation_rnk",60.9815
"14420","zcta",2023,"transportation_rnk",61.6062
"14422","zcta",2023,"transportation_rnk",20.8526
"14423","zcta",2023,"transportation_rnk",41.3265
"14424","zcta",2023,"transportation_rnk",87.4082
"14425","zcta",2023,"transportation_rnk",62.3313
"14427","zcta",2023,"transportation_rnk",46.2273
"14428","zcta",2023,"transportation_rnk",30.1169
"14432","zcta",2023,"transportation_rnk",16.5701
"14433","zcta",2023,"transportation_rnk",55.2391
"14435","zcta",2023,"transportation_rnk",25.3844
"14437","zcta",2023,"transportation_rnk",53.5688
"14441","zcta",2023,"transportation_rnk",38.6042
"14445","zcta",2023,"transportation_rnk",45.007
"14450","zcta",2023,"transportation_rnk",87.2366
"14453","zcta",2023,"transportation_rnk",NA
"14454","zcta",2023,"transportation_rnk",71.6214
"14456","zcta",2023,"transportation_rnk",67.491
"14462","zcta",2023,"transportation_rnk",49.4416
"14463","zcta",2023,"transportation_rnk",4.0398
"14464","zcta",2023,"transportation_rnk",34.0207
"14466","zcta",2023,"transportation_rnk",15.8159
"14467","zcta",2023,"transportation_rnk",86.6442
"14468","zcta",2023,"transportation_rnk",86.8125
"14469","zcta",2023,"transportation_rnk",32.6838
"14470","zcta",2023,"transportation_rnk",19.587
"14471","zcta",2023,"transportation_rnk",48.7165
"14472","zcta",2023,"transportation_rnk",47.0624
"14475","zcta",2023,"transportation_rnk",6.762
"14476","zcta",2023,"transportation_rnk",18.8586
"14477","zcta",2023,"transportation_rnk",66.0085
"14478","zcta",2023,"transportation_rnk",NA
"14479","zcta",2023,"transportation_rnk",NA
"14480","zcta",2023,"transportation_rnk",71.602
"14481","zcta",2023,"transportation_rnk",22.0309
"14482","zcta",2023,"transportation_rnk",23.426
"14485","zcta",2023,"transportation_rnk",51.1022
"14486","zcta",2023,"transportation_rnk",77.0045
"14487","zcta",2023,"transportation_rnk",27.2198
"14489","zcta",2023,"transportation_rnk",66.808
"14502","zcta",2023,"transportation_rnk",40.8539
"14504","zcta",2023,"transportation_rnk",35.0079
"14505","zcta",2023,"transportation_rnk",60.0654
"14506","zcta",2023,"transportation_rnk",59.4471
"14507","zcta",2023,"transportation_rnk",43.6733
"14510","zcta",2023,"transportation_rnk",59.3274
"14511","zcta",2023,"transportation_rnk",2.117
"14512","zcta",2023,"transportation_rnk",29.0713
"14513","zcta",2023,"transportation_rnk",65.1086
"14514","zcta",2023,"transportation_rnk",24.5881
"14515","zcta",2023,"transportation_rnk",4.1887
"14516","zcta",2023,"transportation_rnk",53.3454
"14517","zcta",2023,"transportation_rnk",67.7241
"14519","zcta",2023,"transportation_rnk",27.3492
"14521","zcta",2023,"transportation_rnk",63.7879
"14522","zcta",2023,"transportation_rnk",26.922
"14525","zcta",2023,"transportation_rnk",24.1382
"14526","zcta",2023,"transportation_rnk",88.4537
"14527","zcta",2023,"transportation_rnk",88.4764
"14529","zcta",2023,"transportation_rnk",NA
"14530","zcta",2023,"transportation_rnk",72.8385
"14532","zcta",2023,"transportation_rnk",75.399
"14533","zcta",2023,"transportation_rnk",71.7897
"14534","zcta",2023,"transportation_rnk",87.0294
"14536","zcta",2023,"transportation_rnk",69.7893
"14537","zcta",2023,"transportation_rnk",7.4968
"14539","zcta",2023,"transportation_rnk",6.3348
"14541","zcta",2023,"transportation_rnk",68.1675
"14542","zcta",2023,"transportation_rnk",NA
"14543","zcta",2023,"transportation_rnk",38.0118
"14544","zcta",2023,"transportation_rnk",39.1998
"14545","zcta",2023,"transportation_rnk",60.3697
"14546","zcta",2023,"transportation_rnk",86.696
"14548","zcta",2023,"transportation_rnk",34.8623
"14549","zcta",2023,"transportation_rnk",51.1022
"14550","zcta",2023,"transportation_rnk",54.0543
"14551","zcta",2023,"transportation_rnk",40.6921
"14555","zcta",2023,"transportation_rnk",51.2996
"14556","zcta",2023,"transportation_rnk",NA
"14557","zcta",2023,"transportation_rnk",3.6028
"14559","zcta",2023,"transportation_rnk",86.4273
"14560","zcta",2023,"transportation_rnk",15.9292
"14561","zcta",2023,"transportation_rnk",70.3881
"14564","zcta",2023,"transportation_rnk",87.4988
"14568","zcta",2023,"transportation_rnk",17.9296
"14569","zcta",2023,"transportation_rnk",69.3102
"14571","zcta",2023,"transportation_rnk",69.6307
"14572","zcta",2023,"transportation_rnk",63.1276
"14580","zcta",2023,"transportation_rnk",87.7934
"14585","zcta",2023,"transportation_rnk",32.1076
"14586","zcta",2023,"transportation_rnk",35.7589
"14588","zcta",2023,"transportation_rnk",NA
"14589","zcta",2023,"transportation_rnk",61.2178
"14590","zcta",2023,"transportation_rnk",32.1076
"14591","zcta",2023,"transportation_rnk",67.996
"14592","zcta",2023,"transportation_rnk",19.2406
"14604","zcta",2023,"transportation_rnk",72.4048
"14605","zcta",2023,"transportation_rnk",95.465
"14606","zcta",2023,"transportation_rnk",89.3568
"14607","zcta",2023,"transportation_rnk",92.2151
"14608","zcta",2023,"transportation_rnk",94.8241
"14609","zcta",2023,"transportation_rnk",91.4738
"14610","zcta",2023,"transportation_rnk",87.5829
"14611","zcta",2023,"transportation_rnk",93.3027
"14612","zcta",2023,"transportation_rnk",86.8125
"14613","zcta",2023,"transportation_rnk",97.4169
"14614","zcta",2023,"transportation_rnk",NA
"14615","zcta",2023,"transportation_rnk",87.7934
"14616","zcta",2023,"transportation_rnk",87.8192
"14617","zcta",2023,"transportation_rnk",87.5765
"14618","zcta",2023,"transportation_rnk",90.2761
"14619","zcta",2023,"transportation_rnk",91.244
"14620","zcta",2023,"transportation_rnk",92.0888
"14621","zcta",2023,"transportation_rnk",93.9468
"14622","zcta",2023,"transportation_rnk",87.4082
"14623","zcta",2023,"transportation_rnk",92.1439
"14624","zcta",2023,"transportation_rnk",88.1656
"14625","zcta",2023,"transportation_rnk",87.7157
"14626","zcta",2023,"transportation_rnk",86.8902
"14627","zcta",2023,"transportation_rnk",NA
"14642","zcta",2023,"transportation_rnk",NA
"14701","zcta",2023,"transportation_rnk",62.4446
"14706","zcta",2023,"transportation_rnk",69.0707
"14707","zcta",2023,"transportation_rnk",9.0862
"14708","zcta",2023,"transportation_rnk",5.5482
"14709","zcta",2023,"transportation_rnk",33.1564
"14710","zcta",2023,"transportation_rnk",56.9546
"14711","zcta",2023,"transportation_rnk",69.6307
"14712","zcta",2023,"transportation_rnk",10.3421
"14714","zcta",2023,"transportation_rnk",67.4392
"14715","zcta",2023,"transportation_rnk",54.8636
"14716","zcta",2023,"transportation_rnk",40.1191
"14717","zcta",2023,"transportation_rnk",54.3456
"14718","zcta",2023,"transportation_rnk",42.1066
"14719","zcta",2023,"transportation_rnk",65.5553
"14720","zcta",2023,"transportation_rnk",33.8005
"14721","zcta",2023,"transportation_rnk",5.5482
"14722","zcta",2023,"transportation_rnk",NA
"14723","zcta",2023,"transportation_rnk",25.9768
"14724","zcta",2023,"transportation_rnk",76.1079
"14726","zcta",2023,"transportation_rnk",77.4253
"14727","zcta",2023,"transportation_rnk",72.7058
"14728","zcta",2023,"transportation_rnk",70.6341
"14729","zcta",2023,"transportation_rnk",23.685
"14731","zcta",2023,"transportation_rnk",48.7165
"14732","zcta",2023,"transportation_rnk",NA
"14733","zcta",2023,"transportation_rnk",76.5125
"14735","zcta",2023,"transportation_rnk",63.5257
"14736","zcta",2023,"transportation_rnk",9.0376
"14737","zcta",2023,"transportation_rnk",65.8822
"14738","zcta",2023,"transportation_rnk",33.5869
"14739","zcta",2023,"transportation_rnk",42.5436
"14740","zcta",2023,"transportation_rnk",54.8636
"14741","zcta",2023,"transportation_rnk",12.1549
"14742","zcta",2023,"transportation_rnk",1.8483
"14743","zcta",2023,"transportation_rnk",36.3642
"14744","zcta",2023,"transportation_rnk",NA
"14747","zcta",2023,"transportation_rnk",29.2073
"14748","zcta",2023,"transportation_rnk",17.4926
"14750","zcta",2023,"transportation_rnk",22.9923
"14752","zcta",2023,"transportation_rnk",53.5688
"14753","zcta",2023,"transportation_rnk",31.3534
"14754","zcta",2023,"transportation_rnk",11.4298
"14755","zcta",2023,"transportation_rnk",45.9619
"14756","zcta",2023,"transportation_rnk",NA
"14757","zcta",2023,"transportation_rnk",37.659
"14760","zcta",2023,"transportation_rnk",85.8706
"14767","zcta",2023,"transportation_rnk",73.2108
"14769","zcta",2023,"transportation_rnk",8.4809
"14770","zcta",2023,"transportation_rnk",34.1663
"14772","zcta",2023,"transportation_rnk",60.7387
"14774","zcta",2023,"transportation_rnk",67.7597
"14775","zcta",2023,"transportation_rnk",54.5399
"14777","zcta",2023,"transportation_rnk",37.3191
"14778","zcta",2023,"transportation_rnk",NA
"14779","zcta",2023,"transportation_rnk",77.435
"14781","zcta",2023,"transportation_rnk",63.707
"14782","zcta",2023,"transportation_rnk",29.9582
"14783","zcta",2023,"transportation_rnk",NA
"14784","zcta",2023,"transportation_rnk",72.8838
"14785","zcta",2023,"transportation_rnk",NA
"14787","zcta",2023,"transportation_rnk",43.6733
"14788","zcta",2023,"transportation_rnk",NA
"14801","zcta",2023,"transportation_rnk",54.4266
"14802","zcta",2023,"transportation_rnk",NA
"14803","zcta",2023,"transportation_rnk",47.535
"14804","zcta",2023,"transportation_rnk",42.1066
"14805","zcta",2023,"transportation_rnk",28.411
"14806","zcta",2023,"transportation_rnk",35.7589
"14807","zcta",2023,"transportation_rnk",31.5023
"14808","zcta",2023,"transportation_rnk",13.4723
"14809","zcta",2023,"transportation_rnk",55.9933
"14810","zcta",2023,"transportation_rnk",67.8406
"14812","zcta",2023,"transportation_rnk",22.8369
"14813","zcta",2023,"transportation_rnk",16.6899
"14814","zcta",2023,"transportation_rnk",20.4739
"14815","zcta",2023,"transportation_rnk",42.6278
"14816","zcta",2023,"transportation_rnk",4.4476
"14817","zcta",2023,"transportation_rnk",59.7773
"14818","zcta",2023,"transportation_rnk",42.3882
"14819","zcta",2023,"transportation_rnk",25.8376
"14820","zcta",2023,"transportation_rnk",49.8916
"14821","zcta",2023,"transportation_rnk",12.1549
"14822","zcta",2023,"transportation_rnk",45.007
"14823","zcta",2023,"transportation_rnk",56.5177
"14824","zcta",2023,"transportation_rnk",64.9047
"14825","zcta",2023,"transportation_rnk",6.762
"14826","zcta",2023,"transportation_rnk",23.8274
"14827","zcta",2023,"transportation_rnk",NA
"14830","zcta",2023,"transportation_rnk",75.4928
"14836","zcta",2023,"transportation_rnk",48.6291
"14837","zcta",2023,"transportation_rnk",67.873
"14838","zcta",2023,"transportation_rnk",17.2272
"14839","zcta",2023,"transportation_rnk",50.8465
"14840","zcta",2023,"transportation_rnk",35.4223
"14841","zcta",2023,"transportation_rnk",60.7937
"14842","zcta",2023,"transportation_rnk",75.4313
"14843","zcta",2023,"transportation_rnk",92.2701
"14845","zcta",2023,"transportation_rnk",75.0688
"14846","zcta",2023,"transportation_rnk",11.6499
"14847","zcta",2023,"transportation_rnk",72.0616
"14850","zcta",2023,"transportation_rnk",92.7362
"14853","zcta",2023,"transportation_rnk",NA
"14854","zcta",2023,"transportation_rnk",NA
"14855","zcta",2023,"transportation_rnk",76.2114
"14856","zcta",2023,"transportation_rnk",NA
"14858","zcta",2023,"transportation_rnk",13.8057
"14859","zcta",2023,"transportation_rnk",16.5701
"14860","zcta",2023,"transportation_rnk",52.9376
"14861","zcta",2023,"transportation_rnk",14.5599
"14864","zcta",2023,"transportation_rnk",23.9925
"14865","zcta",2023,"transportation_rnk",39.4653
"14867","zcta",2023,"transportation_rnk",64.9047
"14869","zcta",2023,"transportation_rnk",24.436
"14870","zcta",2023,"transportation_rnk",75.2209
"14871","zcta",2023,"transportation_rnk",8.1442
"14872","zcta",2023,"transportation_rnk",57.0226
"14873","zcta",2023,"transportation_rnk",64.3317
"14874","zcta",2023,"transportation_rnk",13.2166
"14877","zcta",2023,"transportation_rnk",40.1191
"14878","zcta",2023,"transportation_rnk",15.5278
"14879","zcta",2023,"transportation_rnk",24.7435
"14880","zcta",2023,"transportation_rnk",11.2776
"14881","zcta",2023,"transportation_rnk",68.5592
"14882","zcta",2023,"transportation_rnk",27.0676
"14883","zcta",2023,"transportation_rnk",20.8526
"14884","zcta",2023,"transportation_rnk",9.8016
"14885","zcta",2023,"transportation_rnk",73.4762
"14886","zcta",2023,"transportation_rnk",54.8636
"14889","zcta",2023,"transportation_rnk",57.5146
"14891","zcta",2023,"transportation_rnk",68.1675
"14892","zcta",2023,"transportation_rnk",26.2843
"14893","zcta",2023,"transportation_rnk",NA
"14894","zcta",2023,"transportation_rnk",36.6782
"14895","zcta",2023,"transportation_rnk",30.5797
"14897","zcta",2023,"transportation_rnk",23.426
"14898","zcta",2023,"transportation_rnk",57.5146
"14901","zcta",2023,"transportation_rnk",78.487
"14903","zcta",2023,"transportation_rnk",74.3178
"14904","zcta",2023,"transportation_rnk",76.4283
"14905","zcta",2023,"transportation_rnk",77.1663
"06390","zcta",2023,"transportation_rnk",NA
"10001","zcta",2023,"transportation_state_rnk",97.0997
"10002","zcta",2023,"transportation_state_rnk",98.006
"10003","zcta",2023,"transportation_state_rnk",96.6163
"10004","zcta",2023,"transportation_state_rnk",96.858
"10005","zcta",2023,"transportation_state_rnk",99.2749
"10006","zcta",2023,"transportation_state_rnk",99.3353
"10007","zcta",2023,"transportation_state_rnk",97.5227
"10009","zcta",2023,"transportation_state_rnk",97.7644
"10010","zcta",2023,"transportation_state_rnk",96.9184
"10011","zcta",2023,"transportation_state_rnk",96.6767
"10012","zcta",2023,"transportation_state_rnk",95.5891
"10013","zcta",2023,"transportation_state_rnk",95.4079
"10014","zcta",2023,"transportation_state_rnk",96.2538
"10016","zcta",2023,"transportation_state_rnk",94.864
"10017","zcta",2023,"transportation_state_rnk",94.6224
"10018","zcta",2023,"transportation_state_rnk",97.0393
"10019","zcta",2023,"transportation_state_rnk",97.1601
"10020","zcta",2023,"transportation_state_rnk",NA
"10021","zcta",2023,"transportation_state_rnk",94.9245
"10022","zcta",2023,"transportation_state_rnk",94.1994
"10023","zcta",2023,"transportation_state_rnk",95.8308
"10024","zcta",2023,"transportation_state_rnk",95.71
"10025","zcta",2023,"transportation_state_rnk",98.2477
"10026","zcta",2023,"transportation_state_rnk",98.1269
"10027","zcta",2023,"transportation_state_rnk",97.2205
"10028","zcta",2023,"transportation_state_rnk",95.2266
"10029","zcta",2023,"transportation_state_rnk",99.7583
"10030","zcta",2023,"transportation_state_rnk",99.9396
"10031","zcta",2023,"transportation_state_rnk",99.2145
"10032","zcta",2023,"transportation_state_rnk",99.8187
"10033","zcta",2023,"transportation_state_rnk",99.0332
"10034","zcta",2023,"transportation_state_rnk",98.5498
"10035","zcta",2023,"transportation_state_rnk",99.8792
"10036","zcta",2023,"transportation_state_rnk",98.429
"10037","zcta",2023,"transportation_state_rnk",98.6103
"10038","zcta",2023,"transportation_state_rnk",97.4018
"10039","zcta",2023,"transportation_state_rnk",100
"10040","zcta",2023,"transportation_state_rnk",99.3958
"10044","zcta",2023,"transportation_state_rnk",98.9124
"10065","zcta",2023,"transportation_state_rnk",95.3474
"10069","zcta",2023,"transportation_state_rnk",94.5015
"10075","zcta",2023,"transportation_state_rnk",95.5287
"10103","zcta",2023,"transportation_state_rnk",NA
"10110","zcta",2023,"transportation_state_rnk",NA
"10111","zcta",2023,"transportation_state_rnk",NA
"10112","zcta",2023,"transportation_state_rnk",NA
"10115","zcta",2023,"transportation_state_rnk",NA
"10119","zcta",2023,"transportation_state_rnk",NA
"10128","zcta",2023,"transportation_state_rnk",97.7039
"10152","zcta",2023,"transportation_state_rnk",NA
"10153","zcta",2023,"transportation_state_rnk",NA
"10154","zcta",2023,"transportation_state_rnk",NA
"10162","zcta",2023,"transportation_state_rnk",89.7885
"10165","zcta",2023,"transportation_state_rnk",NA
"10167","zcta",2023,"transportation_state_rnk",NA
"10168","zcta",2023,"transportation_state_rnk",NA
"10169","zcta",2023,"transportation_state_rnk",NA
"10170","zcta",2023,"transportation_state_rnk",NA
"10171","zcta",2023,"transportation_state_rnk",NA
"10172","zcta",2023,"transportation_state_rnk",NA
"10173","zcta",2023,"transportation_state_rnk",NA
"10174","zcta",2023,"transportation_state_rnk",NA
"10177","zcta",2023,"transportation_state_rnk",NA
"10199","zcta",2023,"transportation_state_rnk",NA
"10271","zcta",2023,"transportation_state_rnk",NA
"10278","zcta",2023,"transportation_state_rnk",NA
"10279","zcta",2023,"transportation_state_rnk",85.136
"10280","zcta",2023,"transportation_state_rnk",97.281
"10282","zcta",2023,"transportation_state_rnk",94.0785
"10301","zcta",2023,"transportation_state_rnk",83.8671
"10302","zcta",2023,"transportation_state_rnk",81.8127
"10303","zcta",2023,"transportation_state_rnk",85.5891
"10304","zcta",2023,"transportation_state_rnk",84.7734
"10305","zcta",2023,"transportation_state_rnk",83.9275
"10306","zcta",2023,"transportation_state_rnk",80.9063
"10307","zcta",2023,"transportation_state_rnk",72.4471
"10308","zcta",2023,"transportation_state_rnk",79.2749
"10309","zcta",2023,"transportation_state_rnk",74.8943
"10310","zcta",2023,"transportation_state_rnk",80.0604
"10311","zcta",2023,"transportation_state_rnk",NA
"10312","zcta",2023,"transportation_state_rnk",76.3746
"10314","zcta",2023,"transportation_state_rnk",78.006
"10451","zcta",2023,"transportation_state_rnk",99.6375
"10452","zcta",2023,"transportation_state_rnk",99.6979
"10453","zcta",2023,"transportation_state_rnk",98.852
"10454","zcta",2023,"transportation_state_rnk",99.0937
"10455","zcta",2023,"transportation_state_rnk",98.4894
"10456","zcta",2023,"transportation_state_rnk",98.3686
"10457","zcta",2023,"transportation_state_rnk",99.1541
"10458","zcta",2023,"transportation_state_rnk",98.7311
"10459","zcta",2023,"transportation_state_rnk",96.0121
"10460","zcta",2023,"transportation_state_rnk",97.4622
"10461","zcta",2023,"transportation_state_rnk",91.6616
"10462","zcta",2023,"transportation_state_rnk",94.8036
"10463","zcta",2023,"transportation_state_rnk",94.3807
"10464","zcta",2023,"transportation_state_rnk",80.1813
"10465","zcta",2023,"transportation_state_rnk",80.6042
"10466","zcta",2023,"transportation_state_rnk",91.0574
"10467","zcta",2023,"transportation_state_rnk",96.435
"10468","zcta",2023,"transportation_state_rnk",99.577
"10469","zcta",2023,"transportation_state_rnk",88.0363
"10470","zcta",2023,"transportation_state_rnk",90.8157
"10471","zcta",2023,"transportation_state_rnk",87.4924
"10472","zcta",2023,"transportation_state_rnk",96.5559
"10473","zcta",2023,"transportation_state_rnk",91.1782
"10474","zcta",2023,"transportation_state_rnk",99.4562
"10475","zcta",2023,"transportation_state_rnk",93.5347
"10501","zcta",2023,"transportation_state_rnk",65.5287
"10502","zcta",2023,"transportation_state_rnk",76.7976
"10503","zcta",2023,"transportation_state_rnk",88.8822
"10504","zcta",2023,"transportation_state_rnk",75.3474
"10505","zcta",2023,"transportation_state_rnk",60
"10506","zcta",2023,"transportation_state_rnk",76.2538
"10507","zcta",2023,"transportation_state_rnk",66.858
"10509","zcta",2023,"transportation_state_rnk",61.6616
"10510","zcta",2023,"transportation_state_rnk",76.4955
"10511","zcta",2023,"transportation_state_rnk",53.8066
"10512","zcta",2023,"transportation_state_rnk",56.4653
"10514","zcta",2023,"transportation_state_rnk",78.1269
"10516","zcta",2023,"transportation_state_rnk",76.8882
"10517","zcta",2023,"transportation_state_rnk",42.568
"10518","zcta",2023,"transportation_state_rnk",67.6435
"10519","zcta",2023,"transportation_state_rnk",0.9063
"10520","zcta",2023,"transportation_state_rnk",79.7583
"10522","zcta",2023,"transportation_state_rnk",78.2477
"10523","zcta",2023,"transportation_state_rnk",69.577
"10524","zcta",2023,"transportation_state_rnk",66.1631
"10526","zcta",2023,"transportation_state_rnk",69.3656
"10527","zcta",2023,"transportation_state_rnk",48.7311
"10528","zcta",2023,"transportation_state_rnk",79.2145
"10530","zcta",2023,"transportation_state_rnk",78.7915
"10532","zcta",2023,"transportation_state_rnk",74.6224
"10533","zcta",2023,"transportation_state_rnk",78.9124
"10535","zcta",2023,"transportation_state_rnk",4.0483
"10536","zcta",2023,"transportation_state_rnk",76.3142
"10537","zcta",2023,"transportation_state_rnk",57.6133
"10538","zcta",2023,"transportation_state_rnk",81.7523
"10540","zcta",2023,"transportation_state_rnk",NA
"10541","zcta",2023,"transportation_state_rnk",54.3807
"10542","zcta",2023,"transportation_state_rnk",NA
"10543","zcta",2023,"transportation_state_rnk",79.6375
"10545","zcta",2023,"transportation_state_rnk",NA
"10546","zcta",2023,"transportation_state_rnk",67.855
"10547","zcta",2023,"transportation_state_rnk",66.6163
"10548","zcta",2023,"transportation_state_rnk",67.432
"10549","zcta",2023,"transportation_state_rnk",71.9335
"10550","zcta",2023,"transportation_state_rnk",84.4713
"10552","zcta",2023,"transportation_state_rnk",81.4502
"10553","zcta",2023,"transportation_state_rnk",80.8459
"10560","zcta",2023,"transportation_state_rnk",72.2659
"10562","zcta",2023,"transportation_state_rnk",73.7764
"10566","zcta",2023,"transportation_state_rnk",72.5076
"10567","zcta",2023,"transportation_state_rnk",69.8187
"10570","zcta",2023,"transportation_state_rnk",74.9849
"10573","zcta",2023,"transportation_state_rnk",76.7372
"10576","zcta",2023,"transportation_state_rnk",72.8097
"10577","zcta",2023,"transportation_state_rnk",NA
"10578","zcta",2023,"transportation_state_rnk",39.2145
"10579","zcta",2023,"transportation_state_rnk",65.3776
"10580","zcta",2023,"transportation_state_rnk",81.3897
"10583","zcta",2023,"transportation_state_rnk",81.0876
"10588","zcta",2023,"transportation_state_rnk",33.8671
"10589","zcta",2023,"transportation_state_rnk",71.6012
"10590","zcta",2023,"transportation_state_rnk",63.5045
"10591","zcta",2023,"transportation_state_rnk",78.7311
"10594","zcta",2023,"transportation_state_rnk",68.0363
"10595","zcta",2023,"transportation_state_rnk",72.0242
"10596","zcta",2023,"transportation_state_rnk",78.4592
"10597","zcta",2023,"transportation_state_rnk",50.7553
"10598","zcta",2023,"transportation_state_rnk",69.7281
"10601","zcta",2023,"transportation_state_rnk",81.0272
"10603","zcta",2023,"transportation_state_rnk",73.2931
"10604","zcta",2023,"transportation_state_rnk",66.7674
"10605","zcta",2023,"transportation_state_rnk",73.2326
"10606","zcta",2023,"transportation_state_rnk",77.9456
"10607","zcta",2023,"transportation_state_rnk",72.8701
"10701","zcta",2023,"transportation_state_rnk",83.5045
"10703","zcta",2023,"transportation_state_rnk",80.2719
"10704","zcta",2023,"transportation_state_rnk",78.0665
"10705","zcta",2023,"transportation_state_rnk",83.3233
"10706","zcta",2023,"transportation_state_rnk",79.6979
"10707","zcta",2023,"transportation_state_rnk",79.0937
"10708","zcta",2023,"transportation_state_rnk",81.6314
"10709","zcta",2023,"transportation_state_rnk",75.1057
"10710","zcta",2023,"transportation_state_rnk",74.713
"10801","zcta",2023,"transportation_state_rnk",79.8187
"10803","zcta",2023,"transportation_state_rnk",80.3625
"10804","zcta",2023,"transportation_state_rnk",77.8852
"10805","zcta",2023,"transportation_state_rnk",76.6163
"10901","zcta",2023,"transportation_state_rnk",56.3142
"10910","zcta",2023,"transportation_state_rnk",NA
"10911","zcta",2023,"transportation_state_rnk",NA
"10913","zcta",2023,"transportation_state_rnk",63.0514
"10914","zcta",2023,"transportation_state_rnk",72.3565
"10915","zcta",2023,"transportation_state_rnk",NA
"10916","zcta",2023,"transportation_state_rnk",53.6254
"10917","zcta",2023,"transportation_state_rnk",57.4018
"10918","zcta",2023,"transportation_state_rnk",60.2115
"10919","zcta",2023,"transportation_state_rnk",63.0514
"10920","zcta",2023,"transportation_state_rnk",53.4139
"10921","zcta",2023,"transportation_state_rnk",64.713
"10922","zcta",2023,"transportation_state_rnk",17.3112
"10923","zcta",2023,"transportation_state_rnk",56.7372
"10924","zcta",2023,"transportation_state_rnk",92.4471
"10925","zcta",2023,"transportation_state_rnk",82.6586
"10926","zcta",2023,"transportation_state_rnk",77.5227
"10927","zcta",2023,"transportation_state_rnk",75.8308
"10928","zcta",2023,"transportation_state_rnk",24.5921
"10930","zcta",2023,"transportation_state_rnk",83.0816
"10931","zcta",2023,"transportation_state_rnk",34.713
"10932","zcta",2023,"transportation_state_rnk",NA
"10933","zcta",2023,"transportation_state_rnk",1.0876
"10940","zcta",2023,"transportation_state_rnk",92.2659
"10941","zcta",2023,"transportation_state_rnk",91.3595
"10950","zcta",2023,"transportation_state_rnk",89.6375
"10952","zcta",2023,"transportation_state_rnk",75.6495
"10953","zcta",2023,"transportation_state_rnk",NA
"10954","zcta",2023,"transportation_state_rnk",54.8036
"10956","zcta",2023,"transportation_state_rnk",59.8187
"10958","zcta",2023,"transportation_state_rnk",42.1148
"10960","zcta",2023,"transportation_state_rnk",71.6918
"10962","zcta",2023,"transportation_state_rnk",52.1752
"10963","zcta",2023,"transportation_state_rnk",19.6979
"10964","zcta",2023,"transportation_state_rnk",61.9335
"10965","zcta",2023,"transportation_state_rnk",59.6677
"10968","zcta",2023,"transportation_state_rnk",64.5921
"10969","zcta",2023,"transportation_state_rnk",16.0121
"10970","zcta",2023,"transportation_state_rnk",51.1782
"10973","zcta",2023,"transportation_state_rnk",27.7341
"10974","zcta",2023,"transportation_state_rnk",63.716
"10975","zcta",2023,"transportation_state_rnk",3.7462
"10976","zcta",2023,"transportation_state_rnk",63.9577
"10977","zcta",2023,"transportation_state_rnk",76.435
"10979","zcta",2023,"transportation_state_rnk",NA
"10980","zcta",2023,"transportation_state_rnk",42.1752
"10983","zcta",2023,"transportation_state_rnk",63.716
"10984","zcta",2023,"transportation_state_rnk",37.8852
"10985","zcta",2023,"transportation_state_rnk",NA
"10986","zcta",2023,"transportation_state_rnk",59.2145
"10987","zcta",2023,"transportation_state_rnk",74.29
"10988","zcta",2023,"transportation_state_rnk",34.864
"10989","zcta",2023,"transportation_state_rnk",57.1903
"10990","zcta",2023,"transportation_state_rnk",80.6647
"10992","zcta",2023,"transportation_state_rnk",82.0544
"10993","zcta",2023,"transportation_state_rnk",68.1873
"10994","zcta",2023,"transportation_state_rnk",52.7492
"10996","zcta",2023,"transportation_state_rnk",NA
"10998","zcta",2023,"transportation_state_rnk",37.8852
"11001","zcta",2023,"transportation_state_rnk",74.5619
"11003","zcta",2023,"transportation_state_rnk",73.0514
"11004","zcta",2023,"transportation_state_rnk",80
"11005","zcta",2023,"transportation_state_rnk",56.3746
"11010","zcta",2023,"transportation_state_rnk",70.8761
"11020","zcta",2023,"transportation_state_rnk",76.1934
"11021","zcta",2023,"transportation_state_rnk",79.8792
"11023","zcta",2023,"transportation_state_rnk",78.6707
"11024","zcta",2023,"transportation_state_rnk",78.3686
"11030","zcta",2023,"transportation_state_rnk",80.4532
"11040","zcta",2023,"transportation_state_rnk",73.4743
"11042","zcta",2023,"transportation_state_rnk",NA
"11050","zcta",2023,"transportation_state_rnk",78.6103
"11096","zcta",2023,"transportation_state_rnk",80.5438
"11101","zcta",2023,"transportation_state_rnk",98.0665
"11102","zcta",2023,"transportation_state_rnk",96.1329
"11103","zcta",2023,"transportation_state_rnk",98.1873
"11104","zcta",2023,"transportation_state_rnk",96.9789
"11105","zcta",2023,"transportation_state_rnk",94.2598
"11106","zcta",2023,"transportation_state_rnk",97.9456
"11109","zcta",2023,"transportation_state_rnk",95.1057
"11201","zcta",2023,"transportation_state_rnk",96.1934
"11203","zcta",2023,"transportation_state_rnk",94.9849
"11204","zcta",2023,"transportation_state_rnk",93.2326
"11205","zcta",2023,"transportation_state_rnk",94.7432
"11206","zcta",2023,"transportation_state_rnk",97.8852
"11207","zcta",2023,"transportation_state_rnk",95.4683
"11208","zcta",2023,"transportation_state_rnk",94.4411
"11209","zcta",2023,"transportation_state_rnk",93.1722
"11210","zcta",2023,"transportation_state_rnk",92.8097
"11211","zcta",2023,"transportation_state_rnk",96.4955
"11212","zcta",2023,"transportation_state_rnk",99.5166
"11213","zcta",2023,"transportation_state_rnk",96.3142
"11214","zcta",2023,"transportation_state_rnk",93.716
"11215","zcta",2023,"transportation_state_rnk",94.5619
"11216","zcta",2023,"transportation_state_rnk",96.7976
"11217","zcta",2023,"transportation_state_rnk",97.5831
"11218","zcta",2023,"transportation_state_rnk",93.8369
"11219","zcta",2023,"transportation_state_rnk",92.9909
"11220","zcta",2023,"transportation_state_rnk",95.8912
"11221","zcta",2023,"transportation_state_rnk",96.3746
"11222","zcta",2023,"transportation_state_rnk",95.1662
"11223","zcta",2023,"transportation_state_rnk",91.1178
"11224","zcta",2023,"transportation_state_rnk",93.6556
"11225","zcta",2023,"transportation_state_rnk",97.3414
"11226","zcta",2023,"transportation_state_rnk",98.9728
"11228","zcta",2023,"transportation_state_rnk",90
"11229","zcta",2023,"transportation_state_rnk",91.9637
"11230","zcta",2023,"transportation_state_rnk",92.3867
"11231","zcta",2023,"transportation_state_rnk",93.7764
"11232","zcta",2023,"transportation_state_rnk",95.9517
"11233","zcta",2023,"transportation_state_rnk",96.7372
"11234","zcta",2023,"transportation_state_rnk",87.7946
"11235","zcta",2023,"transportation_state_rnk",92.0846
"11236","zcta",2023,"transportation_state_rnk",92.145
"11237","zcta",2023,"transportation_state_rnk",98.3082
"11238","zcta",2023,"transportation_state_rnk",96.0725
"11239","zcta",2023,"transportation_state_rnk",94.6828
"11249","zcta",2023,"transportation_state_rnk",95.287
"11354","zcta",2023,"transportation_state_rnk",90.997
"11355","zcta",2023,"transportation_state_rnk",92.5076
"11356","zcta",2023,"transportation_state_rnk",82.7795
"11357","zcta",2023,"transportation_state_rnk",77.3112
"11358","zcta",2023,"transportation_state_rnk",83.2024
"11359","zcta",2023,"transportation_state_rnk",NA
"11360","zcta",2023,"transportation_state_rnk",78.9728
"11361","zcta",2023,"transportation_state_rnk",81.2689
"11362","zcta",2023,"transportation_state_rnk",77.2205
"11363","zcta",2023,"transportation_state_rnk",80.2719
"11364","zcta",2023,"transportation_state_rnk",79.3353
"11365","zcta",2023,"transportation_state_rnk",81.3293
"11366","zcta",2023,"transportation_state_rnk",86.0423
"11367","zcta",2023,"transportation_state_rnk",86.4048
"11368","zcta",2023,"transportation_state_rnk",98.6707
"11369","zcta",2023,"transportation_state_rnk",92.2054
"11370","zcta",2023,"transportation_state_rnk",90.8761
"11371","zcta",2023,"transportation_state_rnk",NA
"11372","zcta",2023,"transportation_state_rnk",95.6495
"11373","zcta",2023,"transportation_state_rnk",97.8248
"11374","zcta",2023,"transportation_state_rnk",93.9577
"11375","zcta",2023,"transportation_state_rnk",92.3263
"11377","zcta",2023,"transportation_state_rnk",95.0453
"11378","zcta",2023,"transportation_state_rnk",87.9758
"11379","zcta",2023,"transportation_state_rnk",85.1964
"11385","zcta",2023,"transportation_state_rnk",93.8973
"11411","zcta",2023,"transportation_state_rnk",80.4532
"11412","zcta",2023,"transportation_state_rnk",84.713
"11413","zcta",2023,"transportation_state_rnk",81.9335
"11414","zcta",2023,"transportation_state_rnk",78.4592
"11415","zcta",2023,"transportation_state_rnk",92.6888
"11416","zcta",2023,"transportation_state_rnk",90.1813
"11417","zcta",2023,"transportation_state_rnk",90.1813
"11418","zcta",2023,"transportation_state_rnk",91.4199
"11419","zcta",2023,"transportation_state_rnk",89.5468
"11420","zcta",2023,"transportation_state_rnk",84.4109
"11421","zcta",2023,"transportation_state_rnk",93.5952
"11422","zcta",2023,"transportation_state_rnk",82.3565
"11423","zcta",2023,"transportation_state_rnk",90
"11424","zcta",2023,"transportation_state_rnk",NA
"11426","zcta",2023,"transportation_state_rnk",78.1873
"11427","zcta",2023,"transportation_state_rnk",81.5106
"11428","zcta",2023,"transportation_state_rnk",82.4169
"11429","zcta",2023,"transportation_state_rnk",83.9879
"11430","zcta",2023,"transportation_state_rnk",NA
"11432","zcta",2023,"transportation_state_rnk",93.4139
"11433","zcta",2023,"transportation_state_rnk",89.1239
"11434","zcta",2023,"transportation_state_rnk",88.0967
"11435","zcta",2023,"transportation_state_rnk",93.0514
"11436","zcta",2023,"transportation_state_rnk",83.6254
"11439","zcta",2023,"transportation_state_rnk",NA
"11451","zcta",2023,"transportation_state_rnk",NA
"11501","zcta",2023,"transportation_state_rnk",77.432
"11507","zcta",2023,"transportation_state_rnk",71.5408
"11509","zcta",2023,"transportation_state_rnk",71.4804
"11510","zcta",2023,"transportation_state_rnk",72.1752
"11514","zcta",2023,"transportation_state_rnk",69.0634
"11516","zcta",2023,"transportation_state_rnk",68.0967
"11518","zcta",2023,"transportation_state_rnk",69.003
"11520","zcta",2023,"transportation_state_rnk",71.0574
"11530","zcta",2023,"transportation_state_rnk",75.5891
"11542","zcta",2023,"transportation_state_rnk",69.3051
"11545","zcta",2023,"transportation_state_rnk",68.3686
"11547","zcta",2023,"transportation_state_rnk",76.1329
"11548","zcta",2023,"transportation_state_rnk",NA
"11549","zcta",2023,"transportation_state_rnk",NA
"11550","zcta",2023,"transportation_state_rnk",79.577
"11552","zcta",2023,"transportation_state_rnk",75.4683
"11553","zcta",2023,"transportation_state_rnk",73.1722
"11554","zcta",2023,"transportation_state_rnk",70.0604
"11556","zcta",2023,"transportation_state_rnk",NA
"11557","zcta",2023,"transportation_state_rnk",74.3807
"11558","zcta",2023,"transportation_state_rnk",73.1118
"11559","zcta",2023,"transportation_state_rnk",79.0332
"11560","zcta",2023,"transportation_state_rnk",70.2417
"11561","zcta",2023,"transportation_state_rnk",75.9517
"11563","zcta",2023,"transportation_state_rnk",75.7704
"11565","zcta",2023,"transportation_state_rnk",62.8399
"11566","zcta",2023,"transportation_state_rnk",73.3837
"11568","zcta",2023,"transportation_state_rnk",72.568
"11569","zcta",2023,"transportation_state_rnk",66.858
"11570","zcta",2023,"transportation_state_rnk",77.432
"11572","zcta",2023,"transportation_state_rnk",70.997
"11575","zcta",2023,"transportation_state_rnk",74.713
"11576","zcta",2023,"transportation_state_rnk",77.6435
"11577","zcta",2023,"transportation_state_rnk",70.574
"11579","zcta",2023,"transportation_state_rnk",67.0091
"11580","zcta",2023,"transportation_state_rnk",77.5831
"11581","zcta",2023,"transportation_state_rnk",75.8912
"11590","zcta",2023,"transportation_state_rnk",74.8943
"11596","zcta",2023,"transportation_state_rnk",75.2266
"11598","zcta",2023,"transportation_state_rnk",76.0121
"11691","zcta",2023,"transportation_state_rnk",87.432
"11692","zcta",2023,"transportation_state_rnk",89.3958
"11693","zcta",2023,"transportation_state_rnk",82.9003
"11694","zcta",2023,"transportation_state_rnk",82.1752
"11697","zcta",2023,"transportation_state_rnk",73.8671
"11701","zcta",2023,"transportation_state_rnk",72.7492
"11702","zcta",2023,"transportation_state_rnk",63.2628
"11703","zcta",2023,"transportation_state_rnk",57.4924
"11704","zcta",2023,"transportation_state_rnk",55.6798
"11705","zcta",2023,"transportation_state_rnk",47.4924
"11706","zcta",2023,"transportation_state_rnk",60.3625
"11709","zcta",2023,"transportation_state_rnk",71.8127
"11710","zcta",2023,"transportation_state_rnk",68.9426
"11713","zcta",2023,"transportation_state_rnk",45.5891
"11714","zcta",2023,"transportation_state_rnk",68.5801
"11715","zcta",2023,"transportation_state_rnk",70.5136
"11716","zcta",2023,"transportation_state_rnk",32.6888
"11718","zcta",2023,"transportation_state_rnk",61.2689
"11719","zcta",2023,"transportation_state_rnk",37.8852
"11720","zcta",2023,"transportation_state_rnk",41.3897
"11721","zcta",2023,"transportation_state_rnk",73.565
"11722","zcta",2023,"transportation_state_rnk",54.8036
"11724","zcta",2023,"transportation_state_rnk",76.9789
"11725","zcta",2023,"transportation_state_rnk",72.0846
"11726","zcta",2023,"transportation_state_rnk",63.3233
"11727","zcta",2023,"transportation_state_rnk",53.3535
"11729","zcta",2023,"transportation_state_rnk",65.9215
"11730","zcta",2023,"transportation_state_rnk",36.7069
"11731","zcta",2023,"transportation_state_rnk",62.9607
"11732","zcta",2023,"transportation_state_rnk",57.8852
"11733","zcta",2023,"transportation_state_rnk",54.0181
"11735","zcta",2023,"transportation_state_rnk",67.3414
"11738","zcta",2023,"transportation_state_rnk",74.8036
"11739","zcta",2023,"transportation_state_rnk",73.716
"11740","zcta",2023,"transportation_state_rnk",63.8066
"11741","zcta",2023,"transportation_state_rnk",62.9003
"11742","zcta",2023,"transportation_state_rnk",48.3082
"11743","zcta",2023,"transportation_state_rnk",71.8127
"11746","zcta",2023,"transportation_state_rnk",71.3595
"11747","zcta",2023,"transportation_state_rnk",70.7553
"11749","zcta",2023,"transportation_state_rnk",26.1934
"11751","zcta",2023,"transportation_state_rnk",43.5347
"11752","zcta",2023,"transportation_state_rnk",36.0423
"11753","zcta",2023,"transportation_state_rnk",76.0725
"11754","zcta",2023,"transportation_state_rnk",61.7825
"11755","zcta",2023,"transportation_state_rnk",49.1541
"11756","zcta",2023,"transportation_state_rnk",63.6254
"11757","zcta",2023,"transportation_state_rnk",64.0483
"11758","zcta",2023,"transportation_state_rnk",69.1843
"11762","zcta",2023,"transportation_state_rnk",65.8006
"11763","zcta",2023,"transportation_state_rnk",59.8792
"11764","zcta",2023,"transportation_state_rnk",27.7341
"11765","zcta",2023,"transportation_state_rnk",62.1148
"11766","zcta",2023,"transportation_state_rnk",50.1511
"11767","zcta",2023,"transportation_state_rnk",48.1873
"11768","zcta",2023,"transportation_state_rnk",55.8308
"11769","zcta",2023,"transportation_state_rnk",23.716
"11770","zcta",2023,"transportation_state_rnk",77.0393
"11771","zcta",2023,"transportation_state_rnk",63.2024
"11772","zcta",2023,"transportation_state_rnk",60.1208
"11776","zcta",2023,"transportation_state_rnk",44.1088
"11777","zcta",2023,"transportation_state_rnk",52.9909
"11778","zcta",2023,"transportation_state_rnk",41.8731
"11779","zcta",2023,"transportation_state_rnk",53.1722
"11780","zcta",2023,"transportation_state_rnk",47.1299
"11782","zcta",2023,"transportation_state_rnk",51.3897
"11783","zcta",2023,"transportation_state_rnk",71.2387
"11784","zcta",2023,"transportation_state_rnk",67.2508
"11786","zcta",2023,"transportation_state_rnk",33.4743
"11787","zcta",2023,"transportation_state_rnk",51.2689
"11788","zcta",2023,"transportation_state_rnk",47.5529
"11789","zcta",2023,"transportation_state_rnk",42.0242
"11790","zcta",2023,"transportation_state_rnk",NA
"11791","zcta",2023,"transportation_state_rnk",74.29
"11792","zcta",2023,"transportation_state_rnk",34.2296
"11793","zcta",2023,"transportation_state_rnk",69.4864
"11794","zcta",2023,"transportation_state_rnk",NA
"11795","zcta",2023,"transportation_state_rnk",55.3172
"11796","zcta",2023,"transportation_state_rnk",58.3082
"11797","zcta",2023,"transportation_state_rnk",71.9335
"11801","zcta",2023,"transportation_state_rnk",74.4411
"11803","zcta",2023,"transportation_state_rnk",70.4532
"11804","zcta",2023,"transportation_state_rnk",69.1239
"11901","zcta",2023,"transportation_state_rnk",50.3021
"11930","zcta",2023,"transportation_state_rnk",8.429
"11931","zcta",2023,"transportation_state_rnk",NA
"11932","zcta",2023,"transportation_state_rnk",75.4079
"11933","zcta",2023,"transportation_state_rnk",42.4471
"11934","zcta",2023,"transportation_state_rnk",41.4804
"11935","zcta",2023,"transportation_state_rnk",60.6042
"11937","zcta",2023,"transportation_state_rnk",61.2085
"11939","zcta",2023,"transportation_state_rnk",65.3776
"11940","zcta",2023,"transportation_state_rnk",51.0876
"11941","zcta",2023,"transportation_state_rnk",65.5287
"11942","zcta",2023,"transportation_state_rnk",42.568
"11944","zcta",2023,"transportation_state_rnk",66.6163
"11946","zcta",2023,"transportation_state_rnk",65.0755
"11947","zcta",2023,"transportation_state_rnk",0.9668
"11948","zcta",2023,"transportation_state_rnk",67.7341
"11949","zcta",2023,"transportation_state_rnk",37.432
"11950","zcta",2023,"transportation_state_rnk",30.3927
"11951","zcta",2023,"transportation_state_rnk",40.574
"11952","zcta",2023,"transportation_state_rnk",70.8157
"11953","zcta",2023,"transportation_state_rnk",58.7613
"11954","zcta",2023,"transportation_state_rnk",61.571
"11955","zcta",2023,"transportation_state_rnk",44.8338
"11956","zcta",2023,"transportation_state_rnk",80.1208
"11957","zcta",2023,"transportation_state_rnk",70.6949
"11958","zcta",2023,"transportation_state_rnk",78.852
"11959","zcta",2023,"transportation_state_rnk",41.2085
"11960","zcta",2023,"transportation_state_rnk",8.429
"11961","zcta",2023,"transportation_state_rnk",28.4592
"11962","zcta",2023,"transportation_state_rnk",63.565
"11963","zcta",2023,"transportation_state_rnk",62.2054
"11964","zcta",2023,"transportation_state_rnk",74.1994
"11965","zcta",2023,"transportation_state_rnk",74.5015
"11967","zcta",2023,"transportation_state_rnk",55.1057
"11968","zcta",2023,"transportation_state_rnk",68.6707
"11970","zcta",2023,"transportation_state_rnk",91.6012
"11971","zcta",2023,"transportation_state_rnk",62.719
"11972","zcta",2023,"transportation_state_rnk",70.2417
"11973","zcta",2023,"transportation_state_rnk",NA
"11975","zcta",2023,"transportation_state_rnk",67.1903
"11976","zcta",2023,"transportation_state_rnk",73.8671
"11977","zcta",2023,"transportation_state_rnk",72.9909
"11978","zcta",2023,"transportation_state_rnk",69.6677
"11980","zcta",2023,"transportation_state_rnk",44.1088
"12007","zcta",2023,"transportation_state_rnk",9.9396
"12008","zcta",2023,"transportation_state_rnk",20.9366
"12009","zcta",2023,"transportation_state_rnk",26.6163
"12010","zcta",2023,"transportation_state_rnk",47.9154
"12015","zcta",2023,"transportation_state_rnk",43.3233
"12017","zcta",2023,"transportation_state_rnk",46.6767
"12018","zcta",2023,"transportation_state_rnk",34.5619
"12019","zcta",2023,"transportation_state_rnk",51.994
"12020","zcta",2023,"transportation_state_rnk",34.2296
"12022","zcta",2023,"transportation_state_rnk",47.6133
"12023","zcta",2023,"transportation_state_rnk",43.9275
"12024","zcta",2023,"transportation_state_rnk",NA
"12025","zcta",2023,"transportation_state_rnk",25.8912
"12027","zcta",2023,"transportation_state_rnk",31.3293
"12028","zcta",2023,"transportation_state_rnk",37.5529
"12029","zcta",2023,"transportation_state_rnk",61.3293
"12031","zcta",2023,"transportation_state_rnk",28.3082
"12032","zcta",2023,"transportation_state_rnk",13.0816
"12033","zcta",2023,"transportation_state_rnk",15.8308
"12035","zcta",2023,"transportation_state_rnk",4.4109
"12036","zcta",2023,"transportation_state_rnk",67.5529
"12037","zcta",2023,"transportation_state_rnk",49.7281
"12040","zcta",2023,"transportation_state_rnk",NA
"12041","zcta",2023,"transportation_state_rnk",32.3263
"12042","zcta",2023,"transportation_state_rnk",1.2085
"12043","zcta",2023,"transportation_state_rnk",57.6133
"12045","zcta",2023,"transportation_state_rnk",4.4713
"12046","zcta",2023,"transportation_state_rnk",3.9879
"12047","zcta",2023,"transportation_state_rnk",54.3202
"12051","zcta",2023,"transportation_state_rnk",38.2175
"12052","zcta",2023,"transportation_state_rnk",8.5498
"12053","zcta",2023,"transportation_state_rnk",34.2296
"12054","zcta",2023,"transportation_state_rnk",43.1722
"12056","zcta",2023,"transportation_state_rnk",41.3293
"12057","zcta",2023,"transportation_state_rnk",21.2689
"12058","zcta",2023,"transportation_state_rnk",23.5347
"12059","zcta",2023,"transportation_state_rnk",12.2054
"12060","zcta",2023,"transportation_state_rnk",45.4683
"12061","zcta",2023,"transportation_state_rnk",42.9305
"12062","zcta",2023,"transportation_state_rnk",35.3474
"12063","zcta",2023,"transportation_state_rnk",5.0151
"12064","zcta",2023,"transportation_state_rnk",33.8671
"12065","zcta",2023,"transportation_state_rnk",36.2236
"12066","zcta",2023,"transportation_state_rnk",23.716
"12067","zcta",2023,"transportation_state_rnk",7.0091
"12068","zcta",2023,"transportation_state_rnk",18.0665
"12069","zcta",2023,"transportation_state_rnk",54.5317
"12070","zcta",2023,"transportation_state_rnk",26.1934
"12071","zcta",2023,"transportation_state_rnk",8.8822
"12072","zcta",2023,"transportation_state_rnk",37.5529
"12074","zcta",2023,"transportation_state_rnk",12.0242
"12075","zcta",2023,"transportation_state_rnk",46.435
"12076","zcta",2023,"transportation_state_rnk",24.7734
"12077","zcta",2023,"transportation_state_rnk",41.571
"12078","zcta",2023,"transportation_state_rnk",83.6858
"12082","zcta",2023,"transportation_state_rnk",NA
"12083","zcta",2023,"transportation_state_rnk",50.4532
"12084","zcta",2023,"transportation_state_rnk",56.1027
"12085","zcta",2023,"transportation_state_rnk",NA
"12086","zcta",2023,"transportation_state_rnk",11.3293
"12087","zcta",2023,"transportation_state_rnk",12.2961
"12090","zcta",2023,"transportation_state_rnk",34.4411
"12092","zcta",2023,"transportation_state_rnk",12.0846
"12093","zcta",2023,"transportation_state_rnk",55.8308
"12094","zcta",2023,"transportation_state_rnk",16.1934
"12095","zcta",2023,"transportation_state_rnk",83.4441
"12106","zcta",2023,"transportation_state_rnk",53.4743
"12108","zcta",2023,"transportation_state_rnk",57.8852
"12110","zcta",2023,"transportation_state_rnk",35.0151
"12115","zcta",2023,"transportation_state_rnk",NA
"12116","zcta",2023,"transportation_state_rnk",18.3384
"12117","zcta",2023,"transportation_state_rnk",10.8761
"12118","zcta",2023,"transportation_state_rnk",27.0091
"12120","zcta",2023,"transportation_state_rnk",38.8218
"12121","zcta",2023,"transportation_state_rnk",32.6888
"12122","zcta",2023,"transportation_state_rnk",30.2417
"12123","zcta",2023,"transportation_state_rnk",43.3233
"12124","zcta",2023,"transportation_state_rnk",2.4773
"12125","zcta",2023,"transportation_state_rnk",36.9486
"12130","zcta",2023,"transportation_state_rnk",1.5408
"12131","zcta",2023,"transportation_state_rnk",33.4139
"12132","zcta",2023,"transportation_state_rnk",2.4169
"12134","zcta",2023,"transportation_state_rnk",21.4502
"12136","zcta",2023,"transportation_state_rnk",65.136
"12137","zcta",2023,"transportation_state_rnk",13.4441
"12138","zcta",2023,"transportation_state_rnk",21.9335
"12139","zcta",2023,"transportation_state_rnk",25.4079
"12140","zcta",2023,"transportation_state_rnk",32.1752
"12143","zcta",2023,"transportation_state_rnk",33.2931
"12144","zcta",2023,"transportation_state_rnk",62.4169
"12147","zcta",2023,"transportation_state_rnk",4.2598
"12148","zcta",2023,"transportation_state_rnk",30.7855
"12149","zcta",2023,"transportation_state_rnk",49.426
"12150","zcta",2023,"transportation_state_rnk",30.9668
"12151","zcta",2023,"transportation_state_rnk",35.3474
"12153","zcta",2023,"transportation_state_rnk",18.0665
"12154","zcta",2023,"transportation_state_rnk",10.6344
"12155","zcta",2023,"transportation_state_rnk",9.1843
"12156","zcta",2023,"transportation_state_rnk",53.9577
"12157","zcta",2023,"transportation_state_rnk",44.9245
"12158","zcta",2023,"transportation_state_rnk",18.9124
"12159","zcta",2023,"transportation_state_rnk",28.1269
"12160","zcta",2023,"transportation_state_rnk",38.7311
"12161","zcta",2023,"transportation_state_rnk",NA
"12164","zcta",2023,"transportation_state_rnk",66.9486
"12165","zcta",2023,"transportation_state_rnk",54.9245
"12166","zcta",2023,"transportation_state_rnk",23.2326
"12167","zcta",2023,"transportation_state_rnk",51.2689
"12168","zcta",2023,"transportation_state_rnk",9.9396
"12169","zcta",2023,"transportation_state_rnk",5.7402
"12170","zcta",2023,"transportation_state_rnk",25.6193
"12172","zcta",2023,"transportation_state_rnk",0.5438
"12173","zcta",2023,"transportation_state_rnk",13.716
"12174","zcta",2023,"transportation_state_rnk",74.0181
"12175","zcta",2023,"transportation_state_rnk",20.5136
"12176","zcta",2023,"transportation_state_rnk",29.1541
"12177","zcta",2023,"transportation_state_rnk",2.9003
"12180","zcta",2023,"transportation_state_rnk",66.7069
"12182","zcta",2023,"transportation_state_rnk",56.7976
"12183","zcta",2023,"transportation_state_rnk",74.1088
"12184","zcta",2023,"transportation_state_rnk",33.0514
"12185","zcta",2023,"transportation_state_rnk",8.0363
"12186","zcta",2023,"transportation_state_rnk",27.3414
"12187","zcta",2023,"transportation_state_rnk",54.5317
"12188","zcta",2023,"transportation_state_rnk",39.0332
"12189","zcta",2023,"transportation_state_rnk",58.1269
"12190","zcta",2023,"transportation_state_rnk",6.5559
"12192","zcta",2023,"transportation_state_rnk",34.4411
"12193","zcta",2023,"transportation_state_rnk",40.3927
"12194","zcta",2023,"transportation_state_rnk",40.8157
"12195","zcta",2023,"transportation_state_rnk",3.8671
"12196","zcta",2023,"transportation_state_rnk",26.1934
"12197","zcta",2023,"transportation_state_rnk",36.9486
"12198","zcta",2023,"transportation_state_rnk",25.6193
"12202","zcta",2023,"transportation_state_rnk",82.719
"12203","zcta",2023,"transportation_state_rnk",65.1964
"12204","zcta",2023,"transportation_state_rnk",75.71
"12205","zcta",2023,"transportation_state_rnk",69.577
"12206","zcta",2023,"transportation_state_rnk",81.571
"12207","zcta",2023,"transportation_state_rnk",83.0211
"12208","zcta",2023,"transportation_state_rnk",68.1873
"12209","zcta",2023,"transportation_state_rnk",67.6435
"12210","zcta",2023,"transportation_state_rnk",83.7764
"12211","zcta",2023,"transportation_state_rnk",52.9909
"12222","zcta",2023,"transportation_state_rnk",NA
"12226","zcta",2023,"transportation_state_rnk",NA
"12302","zcta",2023,"transportation_state_rnk",45.861
"12303","zcta",2023,"transportation_state_rnk",61.148
"12304","zcta",2023,"transportation_state_rnk",68.852
"12305","zcta",2023,"transportation_state_rnk",71.1178
"12306","zcta",2023,"transportation_state_rnk",35.861
"12307","zcta",2023,"transportation_state_rnk",81.2085
"12308","zcta",2023,"transportation_state_rnk",69.9094
"12309","zcta",2023,"transportation_state_rnk",36.9486
"12401","zcta",2023,"transportation_state_rnk",80.7855
"12404","zcta",2023,"transportation_state_rnk",62.2054
"12405","zcta",2023,"transportation_state_rnk",61.4502
"12406","zcta",2023,"transportation_state_rnk",5.9819
"12407","zcta",2023,"transportation_state_rnk",16.4955
"12409","zcta",2023,"transportation_state_rnk",69.2447
"12410","zcta",2023,"transportation_state_rnk",24.4713
"12411","zcta",2023,"transportation_state_rnk",7.432
"12412","zcta",2023,"transportation_state_rnk",49.3051
"12413","zcta",2023,"transportation_state_rnk",40.997
"12414","zcta",2023,"transportation_state_rnk",76.5559
"12416","zcta",2023,"transportation_state_rnk",67.7946
"12417","zcta",2023,"transportation_state_rnk",8.1571
"12418","zcta",2023,"transportation_state_rnk",61.0876
"12419","zcta",2023,"transportation_state_rnk",46.1027
"12420","zcta",2023,"transportation_state_rnk",4.9547
"12421","zcta",2023,"transportation_state_rnk",66.3444
"12422","zcta",2023,"transportation_state_rnk",63.142
"12423","zcta",2023,"transportation_state_rnk",57.3414
"12424","zcta",2023,"transportation_state_rnk",11.4199
"12427","zcta",2023,"transportation_state_rnk",NA
"12428","zcta",2023,"transportation_state_rnk",44.3505
"12429","zcta",2023,"transportation_state_rnk",NA
"12430","zcta",2023,"transportation_state_rnk",57.0695
"12431","zcta",2023,"transportation_state_rnk",10.7553
"12432","zcta",2023,"transportation_state_rnk",15.4079
"12433","zcta",2023,"transportation_state_rnk",35.0151
"12434","zcta",2023,"transportation_state_rnk",55.5589
"12435","zcta",2023,"transportation_state_rnk",14.139
"12436","zcta",2023,"transportation_state_rnk",11.8731
"12438","zcta",2023,"transportation_state_rnk",NA
"12439","zcta",2023,"transportation_state_rnk",15.6495
"12440","zcta",2023,"transportation_state_rnk",47.7341
"12441","zcta",2023,"transportation_state_rnk",NA
"12442","zcta",2023,"transportation_state_rnk",56.2538
"12443","zcta",2023,"transportation_state_rnk",40
"12444","zcta",2023,"transportation_state_rnk",48.1873
"12446","zcta",2023,"transportation_state_rnk",67.3414
"12448","zcta",2023,"transportation_state_rnk",17.0393
"12449","zcta",2023,"transportation_state_rnk",38.2175
"12450","zcta",2023,"transportation_state_rnk",36.0423
"12451","zcta",2023,"transportation_state_rnk",31.5408
"12452","zcta",2023,"transportation_state_rnk",NA
"12453","zcta",2023,"transportation_state_rnk",10.8761
"12454","zcta",2023,"transportation_state_rnk",56.1027
"12455","zcta",2023,"transportation_state_rnk",50.997
"12456","zcta",2023,"transportation_state_rnk",11.7825
"12457","zcta",2023,"transportation_state_rnk",45.0755
"12458","zcta",2023,"transportation_state_rnk",NA
"12459","zcta",2023,"transportation_state_rnk",NA
"12460","zcta",2023,"transportation_state_rnk",7.2508
"12461","zcta",2023,"transportation_state_rnk",78.5498
"12463","zcta",2023,"transportation_state_rnk",66.0121
"12464","zcta",2023,"transportation_state_rnk",65.3776
"12465","zcta",2023,"transportation_state_rnk",70.0604
"12466","zcta",2023,"transportation_state_rnk",61.994
"12468","zcta",2023,"transportation_state_rnk",63.9577
"12469","zcta",2023,"transportation_state_rnk",31.7523
"12470","zcta",2023,"transportation_state_rnk",7.855
"12471","zcta",2023,"transportation_state_rnk",1.3595
"12472","zcta",2023,"transportation_state_rnk",58.4894
"12473","zcta",2023,"transportation_state_rnk",32.4471
"12474","zcta",2023,"transportation_state_rnk",5.861
"12475","zcta",2023,"transportation_state_rnk",4.864
"12477","zcta",2023,"transportation_state_rnk",79.9396
"12480","zcta",2023,"transportation_state_rnk",77.0997
"12481","zcta",2023,"transportation_state_rnk",59.3051
"12482","zcta",2023,"transportation_state_rnk",12.5378
"12483","zcta",2023,"transportation_state_rnk",NA
"12484","zcta",2023,"transportation_state_rnk",68.7613
"12485","zcta",2023,"transportation_state_rnk",67.9154
"12486","zcta",2023,"transportation_state_rnk",9.003
"12487","zcta",2023,"transportation_state_rnk",39.4864
"12489","zcta",2023,"transportation_state_rnk",0
"12490","zcta",2023,"transportation_state_rnk",NA
"12491","zcta",2023,"transportation_state_rnk",19.8489
"12492","zcta",2023,"transportation_state_rnk",50.9063
"12493","zcta",2023,"transportation_state_rnk",0.0604
"12494","zcta",2023,"transportation_state_rnk",61.7825
"12495","zcta",2023,"transportation_state_rnk",4.6526
"12496","zcta",2023,"transportation_state_rnk",68.5196
"12498","zcta",2023,"transportation_state_rnk",68.4592
"12501","zcta",2023,"transportation_state_rnk",57.7341
"12502","zcta",2023,"transportation_state_rnk",77.3112
"12503","zcta",2023,"transportation_state_rnk",55.0453
"12504","zcta",2023,"transportation_state_rnk",NA
"12507","zcta",2023,"transportation_state_rnk",62.5378
"12508","zcta",2023,"transportation_state_rnk",84.9547
"12512","zcta",2023,"transportation_state_rnk",4.864
"12513","zcta",2023,"transportation_state_rnk",60.4834
"12514","zcta",2023,"transportation_state_rnk",44.6828
"12515","zcta",2023,"transportation_state_rnk",56.1934
"12516","zcta",2023,"transportation_state_rnk",64.864
"12517","zcta",2023,"transportation_state_rnk",22.5982
"12518","zcta",2023,"transportation_state_rnk",82.2961
"12520","zcta",2023,"transportation_state_rnk",48.006
"12521","zcta",2023,"transportation_state_rnk",47.432
"12522","zcta",2023,"transportation_state_rnk",54.139
"12523","zcta",2023,"transportation_state_rnk",39.2145
"12524","zcta",2023,"transportation_state_rnk",82.8399
"12525","zcta",2023,"transportation_state_rnk",28.7613
"12526","zcta",2023,"transportation_state_rnk",66.0121
"12527","zcta",2023,"transportation_state_rnk",NA
"12528","zcta",2023,"transportation_state_rnk",82.5982
"12529","zcta",2023,"transportation_state_rnk",65.8006
"12530","zcta",2023,"transportation_state_rnk",0.1208
"12531","zcta",2023,"transportation_state_rnk",53.8973
"12533","zcta",2023,"transportation_state_rnk",81.994
"12534","zcta",2023,"transportation_state_rnk",77.7039
"12538","zcta",2023,"transportation_state_rnk",82.4773
"12540","zcta",2023,"transportation_state_rnk",49.5468
"12542","zcta",2023,"transportation_state_rnk",34.0483
"12543","zcta",2023,"transportation_state_rnk",35.6798
"12544","zcta",2023,"transportation_state_rnk",NA
"12545","zcta",2023,"transportation_state_rnk",67.4924
"12546","zcta",2023,"transportation_state_rnk",47.855
"12547","zcta",2023,"transportation_state_rnk",51.0876
"12548","zcta",2023,"transportation_state_rnk",14.8943
"12549","zcta",2023,"transportation_state_rnk",50.574
"12550","zcta",2023,"transportation_state_rnk",85.7402
"12553","zcta",2023,"transportation_state_rnk",83.2628
"12561","zcta",2023,"transportation_state_rnk",85.4381
"12563","zcta",2023,"transportation_state_rnk",54.6828
"12564","zcta",2023,"transportation_state_rnk",82.2356
"12565","zcta",2023,"transportation_state_rnk",34.2296
"12566","zcta",2023,"transportation_state_rnk",27.2205
"12567","zcta",2023,"transportation_state_rnk",64.6526
"12569","zcta",2023,"transportation_state_rnk",82.1148
"12570","zcta",2023,"transportation_state_rnk",41.7221
"12571","zcta",2023,"transportation_state_rnk",56.6163
"12572","zcta",2023,"transportation_state_rnk",68.2779
"12574","zcta",2023,"transportation_state_rnk",72.3565
"12575","zcta",2023,"transportation_state_rnk",40.3927
"12577","zcta",2023,"transportation_state_rnk",59.7583
"12578","zcta",2023,"transportation_state_rnk",62.0544
"12580","zcta",2023,"transportation_state_rnk",55.5589
"12581","zcta",2023,"transportation_state_rnk",67.0695
"12582","zcta",2023,"transportation_state_rnk",25.6193
"12583","zcta",2023,"transportation_state_rnk",49.8489
"12585","zcta",2023,"transportation_state_rnk",49.9698
"12586","zcta",2023,"transportation_state_rnk",48.0967
"12589","zcta",2023,"transportation_state_rnk",29.3656
"12590","zcta",2023,"transportation_state_rnk",82.9607
"12592","zcta",2023,"transportation_state_rnk",62.2961
"12594","zcta",2023,"transportation_state_rnk",29.6979
"12601","zcta",2023,"transportation_state_rnk",85.8006
"12603","zcta",2023,"transportation_state_rnk",83.565
"12604","zcta",2023,"transportation_state_rnk",NA
"12701","zcta",2023,"transportation_state_rnk",81.6918
"12719","zcta",2023,"transportation_state_rnk",51.7825
"12720","zcta",2023,"transportation_state_rnk",14.4411
"12721","zcta",2023,"transportation_state_rnk",56.5559
"12722","zcta",2023,"transportation_state_rnk",NA
"12723","zcta",2023,"transportation_state_rnk",59.6677
"12724","zcta",2023,"transportation_state_rnk",NA
"12725","zcta",2023,"transportation_state_rnk",48.006
"12726","zcta",2023,"transportation_state_rnk",22.0846
"12729","zcta",2023,"transportation_state_rnk",70.3927
"12732","zcta",2023,"transportation_state_rnk",53.2326
"12733","zcta",2023,"transportation_state_rnk",NA
"12734","zcta",2023,"transportation_state_rnk",73.6556
"12736","zcta",2023,"transportation_state_rnk",40.1813
"12737","zcta",2023,"transportation_state_rnk",16.8278
"12738","zcta",2023,"transportation_state_rnk",3.4743
"12740","zcta",2023,"transportation_state_rnk",51.3897
"12741","zcta",2023,"transportation_state_rnk",35.6798
"12742","zcta",2023,"transportation_state_rnk",0.4834
"12743","zcta",2023,"transportation_state_rnk",51.4804
"12745","zcta",2023,"transportation_state_rnk",NA
"12746","zcta",2023,"transportation_state_rnk",37.1299
"12747","zcta",2023,"transportation_state_rnk",54.139
"12748","zcta",2023,"transportation_state_rnk",52.3565
"12749","zcta",2023,"transportation_state_rnk",78.3082
"12750","zcta",2023,"transportation_state_rnk",NA
"12751","zcta",2023,"transportation_state_rnk",68.852
"12752","zcta",2023,"transportation_state_rnk",24.29
"12754","zcta",2023,"transportation_state_rnk",47.7341
"12758","zcta",2023,"transportation_state_rnk",61.6616
"12759","zcta",2023,"transportation_state_rnk",66.1027
"12760","zcta",2023,"transportation_state_rnk",7.1601
"12762","zcta",2023,"transportation_state_rnk",57.8852
"12763","zcta",2023,"transportation_state_rnk",60.7251
"12764","zcta",2023,"transportation_state_rnk",59.3051
"12765","zcta",2023,"transportation_state_rnk",3.6858
"12766","zcta",2023,"transportation_state_rnk",5.2568
"12767","zcta",2023,"transportation_state_rnk",1.4502
"12768","zcta",2023,"transportation_state_rnk",59.003
"12769","zcta",2023,"transportation_state_rnk",2.8399
"12770","zcta",2023,"transportation_state_rnk",49.0634
"12771","zcta",2023,"transportation_state_rnk",98.7915
"12775","zcta",2023,"transportation_state_rnk",39.4864
"12776","zcta",2023,"transportation_state_rnk",24.29
"12777","zcta",2023,"transportation_state_rnk",57.281
"12778","zcta",2023,"transportation_state_rnk",1.5408
"12779","zcta",2023,"transportation_state_rnk",63.8671
"12780","zcta",2023,"transportation_state_rnk",33.2931
"12781","zcta",2023,"transportation_state_rnk",1.148
"12783","zcta",2023,"transportation_state_rnk",11.6314
"12784","zcta",2023,"transportation_state_rnk",NA
"12785","zcta",2023,"transportation_state_rnk",64.2296
"12786","zcta",2023,"transportation_state_rnk",5.5287
"12787","zcta",2023,"transportation_state_rnk",2.1752
"12788","zcta",2023,"transportation_state_rnk",16.6163
"12789","zcta",2023,"transportation_state_rnk",30.8761
"12790","zcta",2023,"transportation_state_rnk",39.8792
"12791","zcta",2023,"transportation_state_rnk",2.3565
"12792","zcta",2023,"transportation_state_rnk",4.2598
"12801","zcta",2023,"transportation_state_rnk",89.9094
"12803","zcta",2023,"transportation_state_rnk",87.6435
"12804","zcta",2023,"transportation_state_rnk",89.7281
"12808","zcta",2023,"transportation_state_rnk",7.855
"12809","zcta",2023,"transportation_state_rnk",29.9698
"12810","zcta",2023,"transportation_state_rnk",12.6586
"12811","zcta",2023,"transportation_state_rnk",3.5952
"12812","zcta",2023,"transportation_state_rnk",71.2991
"12814","zcta",2023,"transportation_state_rnk",52.2659
"12815","zcta",2023,"transportation_state_rnk",20.9366
"12816","zcta",2023,"transportation_state_rnk",48.7311
"12817","zcta",2023,"transportation_state_rnk",49.1541
"12819","zcta",2023,"transportation_state_rnk",9.0634
"12820","zcta",2023,"transportation_state_rnk",NA
"12821","zcta",2023,"transportation_state_rnk",NA
"12822","zcta",2023,"transportation_state_rnk",36.7976
"12823","zcta",2023,"transportation_state_rnk",3.2024
"12824","zcta",2023,"transportation_state_rnk",40.0604
"12827","zcta",2023,"transportation_state_rnk",13.8369
"12828","zcta",2023,"transportation_state_rnk",28.4592
"12831","zcta",2023,"transportation_state_rnk",21.9335
"12832","zcta",2023,"transportation_state_rnk",23.3837
"12833","zcta",2023,"transportation_state_rnk",45.0755
"12834","zcta",2023,"transportation_state_rnk",26.1934
"12835","zcta",2023,"transportation_state_rnk",44.4411
"12836","zcta",2023,"transportation_state_rnk",22.2961
"12837","zcta",2023,"transportation_state_rnk",21.7221
"12838","zcta",2023,"transportation_state_rnk",35.1964
"12839","zcta",2023,"transportation_state_rnk",88.8218
"12841","zcta",2023,"transportation_state_rnk",NA
"12842","zcta",2023,"transportation_state_rnk",49.5468
"12843","zcta",2023,"transportation_state_rnk",4.1692
"12844","zcta",2023,"transportation_state_rnk",51.9033
"12845","zcta",2023,"transportation_state_rnk",42.8399
"12846","zcta",2023,"transportation_state_rnk",18.9124
"12847","zcta",2023,"transportation_state_rnk",38.0363
"12849","zcta",2023,"transportation_state_rnk",48.7311
"12850","zcta",2023,"transportation_state_rnk",6.6465
"12851","zcta",2023,"transportation_state_rnk",16.8278
"12852","zcta",2023,"transportation_state_rnk",24.9547
"12853","zcta",2023,"transportation_state_rnk",20
"12854","zcta",2023,"transportation_state_rnk",NA
"12855","zcta",2023,"transportation_state_rnk",1.8731
"12856","zcta",2023,"transportation_state_rnk",50.9063
"12857","zcta",2023,"transportation_state_rnk",55.2266
"12858","zcta",2023,"transportation_state_rnk",43.6556
"12859","zcta",2023,"transportation_state_rnk",32.9305
"12860","zcta",2023,"transportation_state_rnk",3.4743
"12861","zcta",2023,"transportation_state_rnk",12.5378
"12862","zcta",2023,"transportation_state_rnk",63.3837
"12863","zcta",2023,"transportation_state_rnk",13.716
"12864","zcta",2023,"transportation_state_rnk",NA
"12865","zcta",2023,"transportation_state_rnk",31.3293
"12866","zcta",2023,"transportation_state_rnk",55.4079
"12870","zcta",2023,"transportation_state_rnk",58.6707
"12871","zcta",2023,"transportation_state_rnk",51.6918
"12872","zcta",2023,"transportation_state_rnk",NA
"12873","zcta",2023,"transportation_state_rnk",69.8187
"12874","zcta",2023,"transportation_state_rnk",73.565
"12878","zcta",2023,"transportation_state_rnk",28.1269
"12883","zcta",2023,"transportation_state_rnk",59.9396
"12884","zcta",2023,"transportation_state_rnk",10.0302
"12885","zcta",2023,"transportation_state_rnk",45.4683
"12886","zcta",2023,"transportation_state_rnk",2.5378
"12887","zcta",2023,"transportation_state_rnk",35.4985
"12901","zcta",2023,"transportation_state_rnk",91.2387
"12903","zcta",2023,"transportation_state_rnk",41.7221
"12910","zcta",2023,"transportation_state_rnk",15.1057
"12911","zcta",2023,"transportation_state_rnk",NA
"12912","zcta",2023,"transportation_state_rnk",18.3384
"12913","zcta",2023,"transportation_state_rnk",16.8278
"12914","zcta",2023,"transportation_state_rnk",64.1088
"12915","zcta",2023,"transportation_state_rnk",NA
"12916","zcta",2023,"transportation_state_rnk",23.0816
"12917","zcta",2023,"transportation_state_rnk",51.8429
"12918","zcta",2023,"transportation_state_rnk",16.2538
"12919","zcta",2023,"transportation_state_rnk",44.9245
"12920","zcta",2023,"transportation_state_rnk",8.8822
"12921","zcta",2023,"transportation_state_rnk",35.6798
"12922","zcta",2023,"transportation_state_rnk",NA
"12923","zcta",2023,"transportation_state_rnk",45.0755
"12924","zcta",2023,"transportation_state_rnk",1.2689
"12926","zcta",2023,"transportation_state_rnk",46.5257
"12927","zcta",2023,"transportation_state_rnk",68.6707
"12928","zcta",2023,"transportation_state_rnk",15.6495
"12929","zcta",2023,"transportation_state_rnk",NA
"12930","zcta",2023,"transportation_state_rnk",14.6828
"12932","zcta",2023,"transportation_state_rnk",45.6798
"12933","zcta",2023,"transportation_state_rnk",NA
"12934","zcta",2023,"transportation_state_rnk",20.7553
"12935","zcta",2023,"transportation_state_rnk",13.9577
"12936","zcta",2023,"transportation_state_rnk",60.3021
"12937","zcta",2023,"transportation_state_rnk",66.4048
"12939","zcta",2023,"transportation_state_rnk",45.1964
"12941","zcta",2023,"transportation_state_rnk",50.6949
"12942","zcta",2023,"transportation_state_rnk",24.29
"12943","zcta",2023,"transportation_state_rnk",59.3958
"12944","zcta",2023,"transportation_state_rnk",18.7613
"12945","zcta",2023,"transportation_state_rnk",6.1027
"12946","zcta",2023,"transportation_state_rnk",64.4109
"12950","zcta",2023,"transportation_state_rnk",7.3414
"12952","zcta",2023,"transportation_state_rnk",0.7251
"12953","zcta",2023,"transportation_state_rnk",79.426
"12955","zcta",2023,"transportation_state_rnk",59.003
"12956","zcta",2023,"transportation_state_rnk",41.148
"12957","zcta",2023,"transportation_state_rnk",6.4048
"12958","zcta",2023,"transportation_state_rnk",30.6042
"12959","zcta",2023,"transportation_state_rnk",25.4079
"12960","zcta",2023,"transportation_state_rnk",5.4381
"12961","zcta",2023,"transportation_state_rnk",NA
"12962","zcta",2023,"transportation_state_rnk",13.4441
"12964","zcta",2023,"transportation_state_rnk",NA
"12965","zcta",2023,"transportation_state_rnk",27.432
"12966","zcta",2023,"transportation_state_rnk",58.3082
"12967","zcta",2023,"transportation_state_rnk",49.7281
"12969","zcta",2023,"transportation_state_rnk",10.423
"12970","zcta",2023,"transportation_state_rnk",NA
"12972","zcta",2023,"transportation_state_rnk",47.281
"12973","zcta",2023,"transportation_state_rnk",5.8006
"12974","zcta",2023,"transportation_state_rnk",45.861
"12975","zcta",2023,"transportation_state_rnk",10.5136
"12976","zcta",2023,"transportation_state_rnk",6.9486
"12977","zcta",2023,"transportation_state_rnk",NA
"12978","zcta",2023,"transportation_state_rnk",3.8066
"12979","zcta",2023,"transportation_state_rnk",27.5529
"12980","zcta",2023,"transportation_state_rnk",19.2145
"12981","zcta",2023,"transportation_state_rnk",9.3051
"12983","zcta",2023,"transportation_state_rnk",54.139
"12985","zcta",2023,"transportation_state_rnk",16.1329
"12986","zcta",2023,"transportation_state_rnk",45.861
"12987","zcta",2023,"transportation_state_rnk",2.7795
"12989","zcta",2023,"transportation_state_rnk",29.0634
"12992","zcta",2023,"transportation_state_rnk",9.6073
"12993","zcta",2023,"transportation_state_rnk",29.8489
"12996","zcta",2023,"transportation_state_rnk",10.3323
"12997","zcta",2023,"transportation_state_rnk",55.9819
"12998","zcta",2023,"transportation_state_rnk",60.8459
"13020","zcta",2023,"transportation_state_rnk",0.7855
"13021","zcta",2023,"transportation_state_rnk",42.2961
"13024","zcta",2023,"transportation_state_rnk",NA
"13026","zcta",2023,"transportation_state_rnk",65.8006
"13027","zcta",2023,"transportation_state_rnk",88.4592
"13028","zcta",2023,"transportation_state_rnk",33.5347
"13029","zcta",2023,"transportation_state_rnk",41.8731
"13030","zcta",2023,"transportation_state_rnk",14.4411
"13031","zcta",2023,"transportation_state_rnk",88.5801
"13032","zcta",2023,"transportation_state_rnk",27.3414
"13033","zcta",2023,"transportation_state_rnk",16.4048
"13034","zcta",2023,"transportation_state_rnk",19.0937
"13035","zcta",2023,"transportation_state_rnk",45.5891
"13036","zcta",2023,"transportation_state_rnk",86.7069
"13037","zcta",2023,"transportation_state_rnk",22.9305
"13039","zcta",2023,"transportation_state_rnk",87.6435
"13040","zcta",2023,"transportation_state_rnk",25.1057
"13041","zcta",2023,"transportation_state_rnk",88.1571
"13042","zcta",2023,"transportation_state_rnk",11.1782
"13044","zcta",2023,"transportation_state_rnk",20.2719
"13045","zcta",2023,"transportation_state_rnk",81.148
"13051","zcta",2023,"transportation_state_rnk",NA
"13052","zcta",2023,"transportation_state_rnk",17.4924
"13053","zcta",2023,"transportation_state_rnk",50.4532
"13054","zcta",2023,"transportation_state_rnk",7.7039
"13057","zcta",2023,"transportation_state_rnk",90.0906
"13060","zcta",2023,"transportation_state_rnk",34.0483
"13061","zcta",2023,"transportation_state_rnk",14.139
"13062","zcta",2023,"transportation_state_rnk",5.3172
"13063","zcta",2023,"transportation_state_rnk",28.9124
"13065","zcta",2023,"transportation_state_rnk",2.5982
"13066","zcta",2023,"transportation_state_rnk",88.7613
"13068","zcta",2023,"transportation_state_rnk",53.5347
"13069","zcta",2023,"transportation_state_rnk",79.5166
"13071","zcta",2023,"transportation_state_rnk",48.8822
"13072","zcta",2023,"transportation_state_rnk",17.0393
"13073","zcta",2023,"transportation_state_rnk",36.5559
"13074","zcta",2023,"transportation_state_rnk",17.3112
"13076","zcta",2023,"transportation_state_rnk",21.2689
"13077","zcta",2023,"transportation_state_rnk",79.1541
"13078","zcta",2023,"transportation_state_rnk",29.3656
"13080","zcta",2023,"transportation_state_rnk",22.2961
"13081","zcta",2023,"transportation_state_rnk",46.284
"13082","zcta",2023,"transportation_state_rnk",30.9668
"13083","zcta",2023,"transportation_state_rnk",46.9789
"13084","zcta",2023,"transportation_state_rnk",10.574
"13087","zcta",2023,"transportation_state_rnk",6.7069
"13088","zcta",2023,"transportation_state_rnk",89.3958
"13090","zcta",2023,"transportation_state_rnk",89.4864
"13092","zcta",2023,"transportation_state_rnk",36.5559
"13101","zcta",2023,"transportation_state_rnk",22.2961
"13102","zcta",2023,"transportation_state_rnk",NA
"13103","zcta",2023,"transportation_state_rnk",31.148
"13104","zcta",2023,"transportation_state_rnk",89.0332
"13108","zcta",2023,"transportation_state_rnk",88.5196
"13110","zcta",2023,"transportation_state_rnk",15.1057
"13111","zcta",2023,"transportation_state_rnk",37.6737
"13112","zcta",2023,"transportation_state_rnk",20.6647
"13113","zcta",2023,"transportation_state_rnk",NA
"13114","zcta",2023,"transportation_state_rnk",17.9154
"13115","zcta",2023,"transportation_state_rnk",43.1722
"13116","zcta",2023,"transportation_state_rnk",18.9124
"13117","zcta",2023,"transportation_state_rnk",4.7432
"13118","zcta",2023,"transportation_state_rnk",30.6042
"13119","zcta",2023,"transportation_state_rnk",NA
"13120","zcta",2023,"transportation_state_rnk",22.2961
"13121","zcta",2023,"transportation_state_rnk",NA
"13122","zcta",2023,"transportation_state_rnk",70.0604
"13123","zcta",2023,"transportation_state_rnk",NA
"13124","zcta",2023,"transportation_state_rnk",NA
"13126","zcta",2023,"transportation_state_rnk",81.8731
"13131","zcta",2023,"transportation_state_rnk",26.6163
"13132","zcta",2023,"transportation_state_rnk",21.7221
"13134","zcta",2023,"transportation_state_rnk",3.5952
"13135","zcta",2023,"transportation_state_rnk",89.1843
"13136","zcta",2023,"transportation_state_rnk",21.571
"13138","zcta",2023,"transportation_state_rnk",26.1934
"13140","zcta",2023,"transportation_state_rnk",24.0483
"13141","zcta",2023,"transportation_state_rnk",23.0816
"13142","zcta",2023,"transportation_state_rnk",18.3384
"13143","zcta",2023,"transportation_state_rnk",13.565
"13144","zcta",2023,"transportation_state_rnk",21.2689
"13145","zcta",2023,"transportation_state_rnk",36.0423
"13146","zcta",2023,"transportation_state_rnk",38.4592
"13147","zcta",2023,"transportation_state_rnk",52.3565
"13148","zcta",2023,"transportation_state_rnk",43.3233
"13152","zcta",2023,"transportation_state_rnk",55.4683
"13153","zcta",2023,"transportation_state_rnk",13.716
"13154","zcta",2023,"transportation_state_rnk",NA
"13155","zcta",2023,"transportation_state_rnk",19.8489
"13156","zcta",2023,"transportation_state_rnk",34.713
"13157","zcta",2023,"transportation_state_rnk",52.0846
"13158","zcta",2023,"transportation_state_rnk",11.5106
"13159","zcta",2023,"transportation_state_rnk",36.3142
"13160","zcta",2023,"transportation_state_rnk",41.2689
"13162","zcta",2023,"transportation_state_rnk",1.3595
"13163","zcta",2023,"transportation_state_rnk",33.8671
"13164","zcta",2023,"transportation_state_rnk",7.5227
"13165","zcta",2023,"transportation_state_rnk",39.2145
"13166","zcta",2023,"transportation_state_rnk",21.2689
"13167","zcta",2023,"transportation_state_rnk",32.3263
"13202","zcta",2023,"transportation_state_rnk",80.9668
"13203","zcta",2023,"transportation_state_rnk",92.8701
"13204","zcta",2023,"transportation_state_rnk",93.1118
"13205","zcta",2023,"transportation_state_rnk",94.0181
"13206","zcta",2023,"transportation_state_rnk",90.3323
"13207","zcta",2023,"transportation_state_rnk",90.6344
"13208","zcta",2023,"transportation_state_rnk",92.6284
"13209","zcta",2023,"transportation_state_rnk",90.2719
"13210","zcta",2023,"transportation_state_rnk",95.7704
"13211","zcta",2023,"transportation_state_rnk",89.3051
"13212","zcta",2023,"transportation_state_rnk",88.2779
"13214","zcta",2023,"transportation_state_rnk",90.5136
"13215","zcta",2023,"transportation_state_rnk",88.2175
"13219","zcta",2023,"transportation_state_rnk",88.3384
"13224","zcta",2023,"transportation_state_rnk",61.0272
"13244","zcta",2023,"transportation_state_rnk",NA
"13290","zcta",2023,"transportation_state_rnk",NA
"13301","zcta",2023,"transportation_state_rnk",2.2356
"13302","zcta",2023,"transportation_state_rnk",42.7795
"13303","zcta",2023,"transportation_state_rnk",15.8912
"13304","zcta",2023,"transportation_state_rnk",35.4985
"13305","zcta",2023,"transportation_state_rnk",2.1148
"13308","zcta",2023,"transportation_state_rnk",15.1057
"13309","zcta",2023,"transportation_state_rnk",40.8157
"13310","zcta",2023,"transportation_state_rnk",5.0755
"13312","zcta",2023,"transportation_state_rnk",44.1088
"13313","zcta",2023,"transportation_state_rnk",11.6314
"13314","zcta",2023,"transportation_state_rnk",46.2236
"13315","zcta",2023,"transportation_state_rnk",41.6314
"13316","zcta",2023,"transportation_state_rnk",59.4562
"13317","zcta",2023,"transportation_state_rnk",53.8066
"13318","zcta",2023,"transportation_state_rnk",5.5287
"13319","zcta",2023,"transportation_state_rnk",31.148
"13320","zcta",2023,"transportation_state_rnk",54.2598
"13321","zcta",2023,"transportation_state_rnk",7.3414
"13322","zcta",2023,"transportation_state_rnk",23.8671
"13323","zcta",2023,"transportation_state_rnk",49.7281
"13324","zcta",2023,"transportation_state_rnk",17.7946
"13325","zcta",2023,"transportation_state_rnk",36.7069
"13326","zcta",2023,"transportation_state_rnk",68.3686
"13327","zcta",2023,"transportation_state_rnk",14.139
"13328","zcta",2023,"transportation_state_rnk",19.6073
"13329","zcta",2023,"transportation_state_rnk",38.0363
"13331","zcta",2023,"transportation_state_rnk",6.4653
"13332","zcta",2023,"transportation_state_rnk",43.0514
"13333","zcta",2023,"transportation_state_rnk",NA
"13334","zcta",2023,"transportation_state_rnk",19.3353
"13335","zcta",2023,"transportation_state_rnk",58.8822
"13337","zcta",2023,"transportation_state_rnk",10.997
"13338","zcta",2023,"transportation_state_rnk",12.7492
"13339","zcta",2023,"transportation_state_rnk",36.9486
"13340","zcta",2023,"transportation_state_rnk",32.6888
"13342","zcta",2023,"transportation_state_rnk",27.0695
"13343","zcta",2023,"transportation_state_rnk",28.4592
"13345","zcta",2023,"transportation_state_rnk",49.3051
"13346","zcta",2023,"transportation_state_rnk",NA
"13348","zcta",2023,"transportation_state_rnk",23.8671
"13350","zcta",2023,"transportation_state_rnk",44.6828
"13352","zcta",2023,"transportation_state_rnk",NA
"13353","zcta",2023,"transportation_state_rnk",NA
"13354","zcta",2023,"transportation_state_rnk",40.3927
"13355","zcta",2023,"transportation_state_rnk",25.7704
"13357","zcta",2023,"transportation_state_rnk",21.5106
"13360","zcta",2023,"transportation_state_rnk",5.3776
"13361","zcta",2023,"transportation_state_rnk",58.7613
"13363","zcta",2023,"transportation_state_rnk",24.0483
"13364","zcta",2023,"transportation_state_rnk",6.2538
"13365","zcta",2023,"transportation_state_rnk",37.6737
"13367","zcta",2023,"transportation_state_rnk",80.7251
"13368","zcta",2023,"transportation_state_rnk",19.3353
"13402","zcta",2023,"transportation_state_rnk",19.4864
"13403","zcta",2023,"transportation_state_rnk",NA
"13404","zcta",2023,"transportation_state_rnk",8.2175
"13406","zcta",2023,"transportation_state_rnk",12.6586
"13407","zcta",2023,"transportation_state_rnk",38.9426
"13408","zcta",2023,"transportation_state_rnk",NA
"13409","zcta",2023,"transportation_state_rnk",19.8489
"13410","zcta",2023,"transportation_state_rnk",46.435
"13411","zcta",2023,"transportation_state_rnk",45.861
"13413","zcta",2023,"transportation_state_rnk",24.5921
"13415","zcta",2023,"transportation_state_rnk",NA
"13416","zcta",2023,"transportation_state_rnk",28.6405
"13417","zcta",2023,"transportation_state_rnk",62.6586
"13418","zcta",2023,"transportation_state_rnk",22.7795
"13420","zcta",2023,"transportation_state_rnk",50.3021
"13421","zcta",2023,"transportation_state_rnk",37.2205
"13424","zcta",2023,"transportation_state_rnk",51.994
"13425","zcta",2023,"transportation_state_rnk",51.6918
"13428","zcta",2023,"transportation_state_rnk",33.716
"13431","zcta",2023,"transportation_state_rnk",13.2931
"13433","zcta",2023,"transportation_state_rnk",38.9426
"13435","zcta",2023,"transportation_state_rnk",16.4048
"13436","zcta",2023,"transportation_state_rnk",20.0906
"13437","zcta",2023,"transportation_state_rnk",28.3082
"13438","zcta",2023,"transportation_state_rnk",32.0544
"13439","zcta",2023,"transportation_state_rnk",38.8218
"13440","zcta",2023,"transportation_state_rnk",47.3716
"13441","zcta",2023,"transportation_state_rnk",45.287
"13450","zcta",2023,"transportation_state_rnk",71.4199
"13452","zcta",2023,"transportation_state_rnk",46.3444
"13454","zcta",2023,"transportation_state_rnk",48.4894
"13455","zcta",2023,"transportation_state_rnk",NA
"13456","zcta",2023,"transportation_state_rnk",11.8731
"13457","zcta",2023,"transportation_state_rnk",NA
"13459","zcta",2023,"transportation_state_rnk",46.8278
"13460","zcta",2023,"transportation_state_rnk",30.6042
"13461","zcta",2023,"transportation_state_rnk",29.5468
"13464","zcta",2023,"transportation_state_rnk",50.4532
"13468","zcta",2023,"transportation_state_rnk",6.7674
"13469","zcta",2023,"transportation_state_rnk",44.5619
"13470","zcta",2023,"transportation_state_rnk",25.4079
"13471","zcta",2023,"transportation_state_rnk",11.3293
"13472","zcta",2023,"transportation_state_rnk",2.6586
"13473","zcta",2023,"transportation_state_rnk",40.997
"13475","zcta",2023,"transportation_state_rnk",NA
"13476","zcta",2023,"transportation_state_rnk",52.4773
"13477","zcta",2023,"transportation_state_rnk",32.6888
"13478","zcta",2023,"transportation_state_rnk",31.5408
"13480","zcta",2023,"transportation_state_rnk",34.4411
"13482","zcta",2023,"transportation_state_rnk",NA
"13483","zcta",2023,"transportation_state_rnk",39.3958
"13484","zcta",2023,"transportation_state_rnk",0.3323
"13485","zcta",2023,"transportation_state_rnk",42.9305
"13486","zcta",2023,"transportation_state_rnk",10.2115
"13488","zcta",2023,"transportation_state_rnk",2.2961
"13489","zcta",2023,"transportation_state_rnk",60.7855
"13490","zcta",2023,"transportation_state_rnk",26.6163
"13491","zcta",2023,"transportation_state_rnk",16.0121
"13492","zcta",2023,"transportation_state_rnk",18.6405
"13493","zcta",2023,"transportation_state_rnk",28.6405
"13494","zcta",2023,"transportation_state_rnk",6.3444
"13495","zcta",2023,"transportation_state_rnk",42.2961
"13501","zcta",2023,"transportation_state_rnk",62.5982
"13502","zcta",2023,"transportation_state_rnk",63.4441
"13601","zcta",2023,"transportation_state_rnk",84.8338
"13602","zcta",2023,"transportation_state_rnk",NA
"13603","zcta",2023,"transportation_state_rnk",83.142
"13605","zcta",2023,"transportation_state_rnk",41.8731
"13606","zcta",2023,"transportation_state_rnk",28.1269
"13607","zcta",2023,"transportation_state_rnk",49.9698
"13608","zcta",2023,"transportation_state_rnk",28.9124
"13611","zcta",2023,"transportation_state_rnk",1.8127
"13612","zcta",2023,"transportation_state_rnk",13.565
"13613","zcta",2023,"transportation_state_rnk",17.4924
"13614","zcta",2023,"transportation_state_rnk",8.6405
"13615","zcta",2023,"transportation_state_rnk",15.2568
"13616","zcta",2023,"transportation_state_rnk",56.9184
"13617","zcta",2023,"transportation_state_rnk",76.6767
"13618","zcta",2023,"transportation_state_rnk",41.4804
"13619","zcta",2023,"transportation_state_rnk",83.3837
"13620","zcta",2023,"transportation_state_rnk",38.2175
"13621","zcta",2023,"transportation_state_rnk",8.3082
"13622","zcta",2023,"transportation_state_rnk",31.9335
"13623","zcta",2023,"transportation_state_rnk",NA
"13624","zcta",2023,"transportation_state_rnk",22.5982
"13625","zcta",2023,"transportation_state_rnk",24.7734
"13626","zcta",2023,"transportation_state_rnk",25.1057
"13628","zcta",2023,"transportation_state_rnk",24.7734
"13630","zcta",2023,"transportation_state_rnk",60.9366
"13632","zcta",2023,"transportation_state_rnk",0.1813
"13633","zcta",2023,"transportation_state_rnk",53.6254
"13634","zcta",2023,"transportation_state_rnk",19.3353
"13635","zcta",2023,"transportation_state_rnk",14.4411
"13636","zcta",2023,"transportation_state_rnk",11.0876
"13637","zcta",2023,"transportation_state_rnk",60.5438
"13638","zcta",2023,"transportation_state_rnk",3.0211
"13639","zcta",2023,"transportation_state_rnk",NA
"13640","zcta",2023,"transportation_state_rnk",14.8943
"13641","zcta",2023,"transportation_state_rnk",NA
"13642","zcta",2023,"transportation_state_rnk",26.1934
"13643","zcta",2023,"transportation_state_rnk",NA
"13645","zcta",2023,"transportation_state_rnk",NA
"13646","zcta",2023,"transportation_state_rnk",35.3474
"13647","zcta",2023,"transportation_state_rnk",0.6042
"13648","zcta",2023,"transportation_state_rnk",29.3656
"13649","zcta",2023,"transportation_state_rnk",NA
"13650","zcta",2023,"transportation_state_rnk",46.8882
"13651","zcta",2023,"transportation_state_rnk",56.9789
"13652","zcta",2023,"transportation_state_rnk",10.6949
"13654","zcta",2023,"transportation_state_rnk",57.1903
"13655","zcta",2023,"transportation_state_rnk",46.9789
"13656","zcta",2023,"transportation_state_rnk",57.4924
"13658","zcta",2023,"transportation_state_rnk",21.7221
"13659","zcta",2023,"transportation_state_rnk",8.5498
"13660","zcta",2023,"transportation_state_rnk",11.9637
"13661","zcta",2023,"transportation_state_rnk",7.855
"13662","zcta",2023,"transportation_state_rnk",31.9335
"13664","zcta",2023,"transportation_state_rnk",21.0876
"13665","zcta",2023,"transportation_state_rnk",8.0363
"13666","zcta",2023,"transportation_state_rnk",9.2447
"13667","zcta",2023,"transportation_state_rnk",17.1903
"13668","zcta",2023,"transportation_state_rnk",23.3837
"13669","zcta",2023,"transportation_state_rnk",69.426
"13670","zcta",2023,"transportation_state_rnk",22.0846
"13672","zcta",2023,"transportation_state_rnk",39.6073
"13673","zcta",2023,"transportation_state_rnk",39.2145
"13674","zcta",2023,"transportation_state_rnk",70.6344
"13675","zcta",2023,"transportation_state_rnk",NA
"13676","zcta",2023,"transportation_state_rnk",55.1662
"13678","zcta",2023,"transportation_state_rnk",NA
"13679","zcta",2023,"transportation_state_rnk",20.0906
"13680","zcta",2023,"transportation_state_rnk",64.7734
"13681","zcta",2023,"transportation_state_rnk",40.3927
"13682","zcta",2023,"transportation_state_rnk",15.6495
"13683","zcta",2023,"transportation_state_rnk",NA
"13684","zcta",2023,"transportation_state_rnk",19.0937
"13685","zcta",2023,"transportation_state_rnk",14.29
"13687","zcta",2023,"transportation_state_rnk",35.861
"13690","zcta",2023,"transportation_state_rnk",52.9909
"13691","zcta",2023,"transportation_state_rnk",13.9577
"13692","zcta",2023,"transportation_state_rnk",65.0151
"13693","zcta",2023,"transportation_state_rnk",6.1631
"13694","zcta",2023,"transportation_state_rnk",48.4894
"13695","zcta",2023,"transportation_state_rnk",70.9366
"13696","zcta",2023,"transportation_state_rnk",0.8459
"13697","zcta",2023,"transportation_state_rnk",9.6073
"13699","zcta",2023,"transportation_state_rnk",NA
"13730","zcta",2023,"transportation_state_rnk",15.4079
"13731","zcta",2023,"transportation_state_rnk",56.858
"13732","zcta",2023,"transportation_state_rnk",38.3686
"13733","zcta",2023,"transportation_state_rnk",34.713
"13734","zcta",2023,"transportation_state_rnk",5.6193
"13736","zcta",2023,"transportation_state_rnk",46.6767
"13738","zcta",2023,"transportation_state_rnk",NA
"13739","zcta",2023,"transportation_state_rnk",30.1511
"13740","zcta",2023,"transportation_state_rnk",47.7341
"13743","zcta",2023,"transportation_state_rnk",31.7523
"13744","zcta",2023,"transportation_state_rnk",8.8822
"13746","zcta",2023,"transportation_state_rnk",30.2417
"13747","zcta",2023,"transportation_state_rnk",NA
"13748","zcta",2023,"transportation_state_rnk",36.4048
"13750","zcta",2023,"transportation_state_rnk",35.6798
"13751","zcta",2023,"transportation_state_rnk",3.3233
"13752","zcta",2023,"transportation_state_rnk",58.1873
"13753","zcta",2023,"transportation_state_rnk",64.1692
"13754","zcta",2023,"transportation_state_rnk",31.7523
"13755","zcta",2023,"transportation_state_rnk",32.1752
"13756","zcta",2023,"transportation_state_rnk",60.0604
"13757","zcta",2023,"transportation_state_rnk",29.6979
"13760","zcta",2023,"transportation_state_rnk",52.7492
"13774","zcta",2023,"transportation_state_rnk",1.0272
"13775","zcta",2023,"transportation_state_rnk",37.7644
"13776","zcta",2023,"transportation_state_rnk",30.6042
"13777","zcta",2023,"transportation_state_rnk",7.5227
"13778","zcta",2023,"transportation_state_rnk",16.6163
"13780","zcta",2023,"transportation_state_rnk",6.858
"13782","zcta",2023,"transportation_state_rnk",12.4169
"13783","zcta",2023,"transportation_state_rnk",45.3776
"13784","zcta",2023,"transportation_state_rnk",25.7704
"13786","zcta",2023,"transportation_state_rnk",55.8308
"13787","zcta",2023,"transportation_state_rnk",44.4411
"13788","zcta",2023,"transportation_state_rnk",64.9547
"13790","zcta",2023,"transportation_state_rnk",65.6193
"13795","zcta",2023,"transportation_state_rnk",40.6647
"13796","zcta",2023,"transportation_state_rnk",9.1239
"13797","zcta",2023,"transportation_state_rnk",24.5921
"13801","zcta",2023,"transportation_state_rnk",60.423
"13802","zcta",2023,"transportation_state_rnk",6.2538
"13803","zcta",2023,"transportation_state_rnk",37.3112
"13804","zcta",2023,"transportation_state_rnk",32.3263
"13806","zcta",2023,"transportation_state_rnk",25.2266
"13807","zcta",2023,"transportation_state_rnk",27.7341
"13808","zcta",2023,"transportation_state_rnk",62.3565
"13809","zcta",2023,"transportation_state_rnk",24.9547
"13810","zcta",2023,"transportation_state_rnk",54.9849
"13811","zcta",2023,"transportation_state_rnk",14.6828
"13812","zcta",2023,"transportation_state_rnk",28.1269
"13813","zcta",2023,"transportation_state_rnk",3.142
"13814","zcta",2023,"transportation_state_rnk",NA
"13815","zcta",2023,"transportation_state_rnk",82.5378
"13820","zcta",2023,"transportation_state_rnk",85.3776
"13825","zcta",2023,"transportation_state_rnk",18.0665
"13826","zcta",2023,"transportation_state_rnk",NA
"13827","zcta",2023,"transportation_state_rnk",46.1027
"13830","zcta",2023,"transportation_state_rnk",44.1088
"13832","zcta",2023,"transportation_state_rnk",3.0816
"13833","zcta",2023,"transportation_state_rnk",33.8671
"13834","zcta",2023,"transportation_state_rnk",0.2417
"13835","zcta",2023,"transportation_state_rnk",20.9366
"13838","zcta",2023,"transportation_state_rnk",56.4653
"13839","zcta",2023,"transportation_state_rnk",7.1601
"13841","zcta",2023,"transportation_state_rnk",29.3656
"13842","zcta",2023,"transportation_state_rnk",27.9154
"13843","zcta",2023,"transportation_state_rnk",15.4079
"13844","zcta",2023,"transportation_state_rnk",26.9486
"13846","zcta",2023,"transportation_state_rnk",1.6918
"13847","zcta",2023,"transportation_state_rnk",NA
"13849","zcta",2023,"transportation_state_rnk",48.9426
"13850","zcta",2023,"transportation_state_rnk",48.3082
"13856","zcta",2023,"transportation_state_rnk",52.4773
"13859","zcta",2023,"transportation_state_rnk",0.423
"13860","zcta",2023,"transportation_state_rnk",0.6647
"13861","zcta",2023,"transportation_state_rnk",4.7432
"13862","zcta",2023,"transportation_state_rnk",16.0121
"13863","zcta",2023,"transportation_state_rnk",9.6073
"13864","zcta",2023,"transportation_state_rnk",14.6828
"13865","zcta",2023,"transportation_state_rnk",23.0816
"13901","zcta",2023,"transportation_state_rnk",60.9366
"13902","zcta",2023,"transportation_state_rnk",NA
"13903","zcta",2023,"transportation_state_rnk",66.284
"13904","zcta",2023,"transportation_state_rnk",59.577
"13905","zcta",2023,"transportation_state_rnk",70.0604
"14001","zcta",2023,"transportation_state_rnk",23.5347
"14004","zcta",2023,"transportation_state_rnk",22.4773
"14005","zcta",2023,"transportation_state_rnk",18.7613
"14006","zcta",2023,"transportation_state_rnk",85.2568
"14008","zcta",2023,"transportation_state_rnk",32.6888
"14009","zcta",2023,"transportation_state_rnk",16.8278
"14011","zcta",2023,"transportation_state_rnk",25.2266
"14012","zcta",2023,"transportation_state_rnk",20.9366
"14013","zcta",2023,"transportation_state_rnk",23.3837
"14020","zcta",2023,"transportation_state_rnk",39.9396
"14024","zcta",2023,"transportation_state_rnk",39.7583
"14025","zcta",2023,"transportation_state_rnk",12.8701
"14026","zcta",2023,"transportation_state_rnk",4.5317
"14027","zcta",2023,"transportation_state_rnk",1.994
"14028","zcta",2023,"transportation_state_rnk",22.2961
"14029","zcta",2023,"transportation_state_rnk",NA
"14030","zcta",2023,"transportation_state_rnk",9.3958
"14031","zcta",2023,"transportation_state_rnk",85.6798
"14032","zcta",2023,"transportation_state_rnk",39.6073
"14033","zcta",2023,"transportation_state_rnk",13.0816
"14034","zcta",2023,"transportation_state_rnk",47.281
"14035","zcta",2023,"transportation_state_rnk",NA
"14036","zcta",2023,"transportation_state_rnk",23.6254
"14037","zcta",2023,"transportation_state_rnk",20.7553
"14039","zcta",2023,"transportation_state_rnk",1.7523
"14040","zcta",2023,"transportation_state_rnk",8.0363
"14041","zcta",2023,"transportation_state_rnk",65.2568
"14042","zcta",2023,"transportation_state_rnk",36.5559
"14043","zcta",2023,"transportation_state_rnk",84.2296
"14047","zcta",2023,"transportation_state_rnk",84.3505
"14048","zcta",2023,"transportation_state_rnk",30.3927
"14051","zcta",2023,"transportation_state_rnk",84.1692
"14052","zcta",2023,"transportation_state_rnk",37.1299
"14054","zcta",2023,"transportation_state_rnk",14.8943
"14055","zcta",2023,"transportation_state_rnk",34.713
"14056","zcta",2023,"transportation_state_rnk",73.3837
"14057","zcta",2023,"transportation_state_rnk",20.5136
"14058","zcta",2023,"transportation_state_rnk",20.5136
"14059","zcta",2023,"transportation_state_rnk",29.1541
"14060","zcta",2023,"transportation_state_rnk",64.4713
"14061","zcta",2023,"transportation_state_rnk",0.3323
"14062","zcta",2023,"transportation_state_rnk",11.5106
"14063","zcta",2023,"transportation_state_rnk",52.9909
"14065","zcta",2023,"transportation_state_rnk",40.1813
"14066","zcta",2023,"transportation_state_rnk",9.6073
"14067","zcta",2023,"transportation_state_rnk",18.5196
"14068","zcta",2023,"transportation_state_rnk",27.5529
"14069","zcta",2023,"transportation_state_rnk",3.3837
"14070","zcta",2023,"transportation_state_rnk",40.1813
"14072","zcta",2023,"transportation_state_rnk",85.0151
"14075","zcta",2023,"transportation_state_rnk",85.0755
"14080","zcta",2023,"transportation_state_rnk",44.29
"14081","zcta",2023,"transportation_state_rnk",52.568
"14082","zcta",2023,"transportation_state_rnk",8.7009
"14083","zcta",2023,"transportation_state_rnk",NA
"14085","zcta",2023,"transportation_state_rnk",29.6979
"14086","zcta",2023,"transportation_state_rnk",83.7764
"14091","zcta",2023,"transportation_state_rnk",22.9305
"14092","zcta",2023,"transportation_state_rnk",84.1088
"14094","zcta",2023,"transportation_state_rnk",71.1782
"14098","zcta",2023,"transportation_state_rnk",48.4894
"14101","zcta",2023,"transportation_state_rnk",38.6103
"14102","zcta",2023,"transportation_state_rnk",9.8187
"14103","zcta",2023,"transportation_state_rnk",53.2931
"14105","zcta",2023,"transportation_state_rnk",33.0514
"14108","zcta",2023,"transportation_state_rnk",35.1964
"14109","zcta",2023,"transportation_state_rnk",NA
"14111","zcta",2023,"transportation_state_rnk",42.2961
"14112","zcta",2023,"transportation_state_rnk",NA
"14113","zcta",2023,"transportation_state_rnk",47.1299
"14120","zcta",2023,"transportation_state_rnk",84.5921
"14125","zcta",2023,"transportation_state_rnk",10.423
"14126","zcta",2023,"transportation_state_rnk",2.9607
"14127","zcta",2023,"transportation_state_rnk",84.5317
"14129","zcta",2023,"transportation_state_rnk",47.1299
"14130","zcta",2023,"transportation_state_rnk",4.5921
"14131","zcta",2023,"transportation_state_rnk",30.0604
"14132","zcta",2023,"transportation_state_rnk",38.2175
"14134","zcta",2023,"transportation_state_rnk",NA
"14135","zcta",2023,"transportation_state_rnk",16.6163
"14136","zcta",2023,"transportation_state_rnk",36.0423
"14138","zcta",2023,"transportation_state_rnk",57.7341
"14139","zcta",2023,"transportation_state_rnk",22.7795
"14141","zcta",2023,"transportation_state_rnk",26.6163
"14143","zcta",2023,"transportation_state_rnk",10.2719
"14145","zcta",2023,"transportation_state_rnk",56.6767
"14150","zcta",2023,"transportation_state_rnk",86.9486
"14166","zcta",2023,"transportation_state_rnk",1.9335
"14167","zcta",2023,"transportation_state_rnk",31.4199
"14168","zcta",2023,"transportation_state_rnk",NA
"14169","zcta",2023,"transportation_state_rnk",NA
"14170","zcta",2023,"transportation_state_rnk",39.7583
"14171","zcta",2023,"transportation_state_rnk",28.9124
"14172","zcta",2023,"transportation_state_rnk",26.6163
"14173","zcta",2023,"transportation_state_rnk",2.719
"14174","zcta",2023,"transportation_state_rnk",14.8943
"14201","zcta",2023,"transportation_state_rnk",92.7492
"14202","zcta",2023,"transportation_state_rnk",75.5287
"14203","zcta",2023,"transportation_state_rnk",75.0453
"14204","zcta",2023,"transportation_state_rnk",93.2931
"14206","zcta",2023,"transportation_state_rnk",88.7009
"14207","zcta",2023,"transportation_state_rnk",91.5408
"14208","zcta",2023,"transportation_state_rnk",91.7221
"14209","zcta",2023,"transportation_state_rnk",93.4743
"14210","zcta",2023,"transportation_state_rnk",91.8429
"14211","zcta",2023,"transportation_state_rnk",94.3202
"14212","zcta",2023,"transportation_state_rnk",91.7825
"14213","zcta",2023,"transportation_state_rnk",92.0242
"14214","zcta",2023,"transportation_state_rnk",90.9366
"14215","zcta",2023,"transportation_state_rnk",92.9305
"14216","zcta",2023,"transportation_state_rnk",87.0091
"14217","zcta",2023,"transportation_state_rnk",86.1631
"14218","zcta",2023,"transportation_state_rnk",88.6405
"14219","zcta",2023,"transportation_state_rnk",89.0332
"14220","zcta",2023,"transportation_state_rnk",86.3444
"14221","zcta",2023,"transportation_state_rnk",84.29
"14222","zcta",2023,"transportation_state_rnk",89.2447
"14223","zcta",2023,"transportation_state_rnk",85.3172
"14224","zcta",2023,"transportation_state_rnk",84.0483
"14225","zcta",2023,"transportation_state_rnk",84.8943
"14226","zcta",2023,"transportation_state_rnk",86.5257
"14227","zcta",2023,"transportation_state_rnk",84.6526
"14228","zcta",2023,"transportation_state_rnk",85.9215
"14260","zcta",2023,"transportation_state_rnk",NA
"14261","zcta",2023,"transportation_state_rnk",NA
"14301","zcta",2023,"transportation_state_rnk",91.4804
"14302","zcta",2023,"transportation_state_rnk",NA
"14303","zcta",2023,"transportation_state_rnk",90.7553
"14304","zcta",2023,"transportation_state_rnk",85.5891
"14305","zcta",2023,"transportation_state_rnk",87.9154
"14411","zcta",2023,"transportation_state_rnk",44.5619
"14413","zcta",2023,"transportation_state_rnk",NA
"14414","zcta",2023,"transportation_state_rnk",18.6405
"14415","zcta",2023,"transportation_state_rnk",26.858
"14416","zcta",2023,"transportation_state_rnk",26.1934
"14418","zcta",2023,"transportation_state_rnk",50.2115
"14420","zcta",2023,"transportation_state_rnk",50.8157
"14422","zcta",2023,"transportation_state_rnk",15.6495
"14423","zcta",2023,"transportation_state_rnk",32.0544
"14424","zcta",2023,"transportation_state_rnk",86.7976
"14425","zcta",2023,"transportation_state_rnk",51.5408
"14427","zcta",2023,"transportation_state_rnk",36.4048
"14428","zcta",2023,"transportation_state_rnk",22.7795
"14432","zcta",2023,"transportation_state_rnk",12.8701
"14433","zcta",2023,"transportation_state_rnk",44.1088
"14435","zcta",2023,"transportation_state_rnk",19.0937
"14437","zcta",2023,"transportation_state_rnk",42.6888
"14441","zcta",2023,"transportation_state_rnk",30.0604
"14445","zcta",2023,"transportation_state_rnk",35.0151
"14450","zcta",2023,"transportation_state_rnk",86.6465
"14453","zcta",2023,"transportation_state_rnk",NA
"14454","zcta",2023,"transportation_state_rnk",64.3505
"14456","zcta",2023,"transportation_state_rnk",58.0665
"14462","zcta",2023,"transportation_state_rnk",39.2145
"14463","zcta",2023,"transportation_state_rnk",3.9275
"14464","zcta",2023,"transportation_state_rnk",26.6163
"14466","zcta",2023,"transportation_state_rnk",12.2961
"14467","zcta",2023,"transportation_state_rnk",85.9819
"14468","zcta",2023,"transportation_state_rnk",86.2538
"14469","zcta",2023,"transportation_state_rnk",24.9547
"14470","zcta",2023,"transportation_state_rnk",14.5619
"14471","zcta",2023,"transportation_state_rnk",38.6103
"14472","zcta",2023,"transportation_state_rnk",37.3112
"14475","zcta",2023,"transportation_state_rnk",5.9819
"14476","zcta",2023,"transportation_state_rnk",13.9577
"14477","zcta",2023,"transportation_state_rnk",55.9819
"14478","zcta",2023,"transportation_state_rnk",NA
"14479","zcta",2023,"transportation_state_rnk",NA
"14480","zcta",2023,"transportation_state_rnk",64.29
"14481","zcta",2023,"transportation_state_rnk",16.3142
"14482","zcta",2023,"transportation_state_rnk",17.4924
"14485","zcta",2023,"transportation_state_rnk",40.8157
"14486","zcta",2023,"transportation_state_rnk",76.8882
"14487","zcta",2023,"transportation_state_rnk",20.3625
"14489","zcta",2023,"transportation_state_rnk",57.0695
"14502","zcta",2023,"transportation_state_rnk",31.7523
"14504","zcta",2023,"transportation_state_rnk",27.2205
"14505","zcta",2023,"transportation_state_rnk",49.3051
"14506","zcta",2023,"transportation_state_rnk",48.7311
"14507","zcta",2023,"transportation_state_rnk",33.6254
"14510","zcta",2023,"transportation_state_rnk",48.4894
"14511","zcta",2023,"transportation_state_rnk",2.0544
"14512","zcta",2023,"transportation_state_rnk",21.7221
"14513","zcta",2023,"transportation_state_rnk",54.8036
"14514","zcta",2023,"transportation_state_rnk",18.3384
"14515","zcta",2023,"transportation_state_rnk",4.1088
"14516","zcta",2023,"transportation_state_rnk",42.4471
"14517","zcta",2023,"transportation_state_rnk",58.3082
"14519","zcta",2023,"transportation_state_rnk",20.5136
"14521","zcta",2023,"transportation_state_rnk",52.9909
"14522","zcta",2023,"transportation_state_rnk",20.1813
"14525","zcta",2023,"transportation_state_rnk",17.9154
"14526","zcta",2023,"transportation_state_rnk",87.7341
"14527","zcta",2023,"transportation_state_rnk",87.855
"14529","zcta",2023,"transportation_state_rnk",NA
"14530","zcta",2023,"transportation_state_rnk",66.4653
"14532","zcta",2023,"transportation_state_rnk",72.6284
"14533","zcta",2023,"transportation_state_rnk",64.5317
"14534","zcta",2023,"transportation_state_rnk",86.5861
"14536","zcta",2023,"transportation_state_rnk",61.8731
"14537","zcta",2023,"transportation_state_rnk",6.5559
"14539","zcta",2023,"transportation_state_rnk",5.6798
"14541","zcta",2023,"transportation_state_rnk",59.1239
"14542","zcta",2023,"transportation_state_rnk",NA
"14543","zcta",2023,"transportation_state_rnk",29.9094
"14544","zcta",2023,"transportation_state_rnk",30.3927
"14545","zcta",2023,"transportation_state_rnk",49.5468
"14546","zcta",2023,"transportation_state_rnk",86.1027
"14548","zcta",2023,"transportation_state_rnk",27.1299
"14549","zcta",2023,"transportation_state_rnk",40.8157
"14550","zcta",2023,"transportation_state_rnk",43.0514
"14551","zcta",2023,"transportation_state_rnk",31.5408
"14555","zcta",2023,"transportation_state_rnk",41.0876
"14556","zcta",2023,"transportation_state_rnk",NA
"14557","zcta",2023,"transportation_state_rnk",3.2628
"14559","zcta",2023,"transportation_state_rnk",85.861
"14560","zcta",2023,"transportation_state_rnk",12.4169
"14561","zcta",2023,"transportation_state_rnk",62.4773
"14564","zcta",2023,"transportation_state_rnk",86.8882
"14568","zcta",2023,"transportation_state_rnk",13.3535
"14569","zcta",2023,"transportation_state_rnk",60.6647
"14571","zcta",2023,"transportation_state_rnk",61.4502
"14572","zcta",2023,"transportation_state_rnk",52.1752
"14580","zcta",2023,"transportation_state_rnk",87.281
"14585","zcta",2023,"transportation_state_rnk",24.29
"14586","zcta",2023,"transportation_state_rnk",27.9154
"14588","zcta",2023,"transportation_state_rnk",NA
"14589","zcta",2023,"transportation_state_rnk",50.6344
"14590","zcta",2023,"transportation_state_rnk",24.29
"14591","zcta",2023,"transportation_state_rnk",58.8822
"14592","zcta",2023,"transportation_state_rnk",14.29
"14604","zcta",2023,"transportation_state_rnk",65.6798
"14605","zcta",2023,"transportation_state_rnk",94.139
"14606","zcta",2023,"transportation_state_rnk",88.3988
"14607","zcta",2023,"transportation_state_rnk",90.574
"14608","zcta",2023,"transportation_state_rnk",93.3535
"14609","zcta",2023,"transportation_state_rnk",89.8489
"14610","zcta",2023,"transportation_state_rnk",87.1299
"14611","zcta",2023,"transportation_state_rnk",91.9033
"14612","zcta",2023,"transportation_state_rnk",86.2538
"14613","zcta",2023,"transportation_state_rnk",97.6435
"14614","zcta",2023,"transportation_state_rnk",NA
"14615","zcta",2023,"transportation_state_rnk",87.281
"14616","zcta",2023,"transportation_state_rnk",87.3716
"14617","zcta",2023,"transportation_state_rnk",87.0695
"14618","zcta",2023,"transportation_state_rnk",88.9426
"14619","zcta",2023,"transportation_state_rnk",89.6375
"14620","zcta",2023,"transportation_state_rnk",90.3927
"14621","zcta",2023,"transportation_state_rnk",92.568
"14622","zcta",2023,"transportation_state_rnk",86.7976
"14623","zcta",2023,"transportation_state_rnk",90.4532
"14624","zcta",2023,"transportation_state_rnk",87.5529
"14625","zcta",2023,"transportation_state_rnk",87.1903
"14626","zcta",2023,"transportation_state_rnk",86.4653
"14627","zcta",2023,"transportation_state_rnk",NA
"14642","zcta",2023,"transportation_state_rnk",NA
"14701","zcta",2023,"transportation_state_rnk",51.6012
"14706","zcta",2023,"transportation_state_rnk",60.2115
"14707","zcta",2023,"transportation_state_rnk",7.7039
"14708","zcta",2023,"transportation_state_rnk",5.1662
"14709","zcta",2023,"transportation_state_rnk",25.4079
"14710","zcta",2023,"transportation_state_rnk",45.861
"14711","zcta",2023,"transportation_state_rnk",61.4502
"14712","zcta",2023,"transportation_state_rnk",8.7613
"14714","zcta",2023,"transportation_state_rnk",58.006
"14715","zcta",2023,"transportation_state_rnk",43.8066
"14716","zcta",2023,"transportation_state_rnk",31.148
"14717","zcta",2023,"transportation_state_rnk",43.4441
"14718","zcta",2023,"transportation_state_rnk",32.6888
"14719","zcta",2023,"transportation_state_rnk",55.3172
"14720","zcta",2023,"transportation_state_rnk",26.1934
"14721","zcta",2023,"transportation_state_rnk",5.1662
"14722","zcta",2023,"transportation_state_rnk",NA
"14723","zcta",2023,"transportation_state_rnk",19.6073
"14724","zcta",2023,"transportation_state_rnk",73.9577
"14726","zcta",2023,"transportation_state_rnk",77.7644
"14727","zcta",2023,"transportation_state_rnk",66.2236
"14728","zcta",2023,"transportation_state_rnk",62.7795
"14729","zcta",2023,"transportation_state_rnk",17.6435
"14731","zcta",2023,"transportation_state_rnk",38.6103
"14732","zcta",2023,"transportation_state_rnk",NA
"14733","zcta",2023,"transportation_state_rnk",75.287
"14735","zcta",2023,"transportation_state_rnk",52.6284
"14736","zcta",2023,"transportation_state_rnk",7.6133
"14737","zcta",2023,"transportation_state_rnk",55.6798
"14738","zcta",2023,"transportation_state_rnk",25.8912
"14739","zcta",2023,"transportation_state_rnk",33.1722
"14740","zcta",2023,"transportation_state_rnk",43.8066
"14741","zcta",2023,"transportation_state_rnk",10.1208
"14742","zcta",2023,"transportation_state_rnk",1.6314
"14743","zcta",2023,"transportation_state_rnk",28.6405
"14744","zcta",2023,"transportation_state_rnk",NA
"14747","zcta",2023,"transportation_state_rnk",21.9335
"14748","zcta",2023,"transportation_state_rnk",13.2326
"14750","zcta",2023,"transportation_state_rnk",17.1903
"14752","zcta",2023,"transportation_state_rnk",42.6888
"14753","zcta",2023,"transportation_state_rnk",23.8671
"14754","zcta",2023,"transportation_state_rnk",9.6073
"14755","zcta",2023,"transportation_state_rnk",36.2236
"14756","zcta",2023,"transportation_state_rnk",NA
"14757","zcta",2023,"transportation_state_rnk",29.6979
"14760","zcta",2023,"transportation_state_rnk",85.4985
"14767","zcta",2023,"transportation_state_rnk",67.1299
"14769","zcta",2023,"transportation_state_rnk",7.0695
"14770","zcta",2023,"transportation_state_rnk",26.858
"14772","zcta",2023,"transportation_state_rnk",49.9698
"14774","zcta",2023,"transportation_state_rnk",58.429
"14775","zcta",2023,"transportation_state_rnk",43.6556
"14777","zcta",2023,"transportation_state_rnk",29.3656
"14778","zcta",2023,"transportation_state_rnk",NA
"14779","zcta",2023,"transportation_state_rnk",77.8248
"14781","zcta",2023,"transportation_state_rnk",52.7492
"14782","zcta",2023,"transportation_state_rnk",22.5982
"14783","zcta",2023,"transportation_state_rnk",NA
"14784","zcta",2023,"transportation_state_rnk",66.5257
"14785","zcta",2023,"transportation_state_rnk",NA
"14787","zcta",2023,"transportation_state_rnk",33.6254
"14788","zcta",2023,"transportation_state_rnk",NA
"14801","zcta",2023,"transportation_state_rnk",43.5347
"14802","zcta",2023,"transportation_state_rnk",NA
"14803","zcta",2023,"transportation_state_rnk",37.432
"14804","zcta",2023,"transportation_state_rnk",32.6888
"14805","zcta",2023,"transportation_state_rnk",21.2689
"14806","zcta",2023,"transportation_state_rnk",27.9154
"14807","zcta",2023,"transportation_state_rnk",24.0483
"14808","zcta",2023,"transportation_state_rnk",11.0876
"14809","zcta",2023,"transportation_state_rnk",44.7734
"14810","zcta",2023,"transportation_state_rnk",58.5498
"14812","zcta",2023,"transportation_state_rnk",17.0393
"14813","zcta",2023,"transportation_state_rnk",12.9909
"14814","zcta",2023,"transportation_state_rnk",15.2568
"14815","zcta",2023,"transportation_state_rnk",33.2931
"14816","zcta",2023,"transportation_state_rnk",4.3505
"14817","zcta",2023,"transportation_state_rnk",49.003
"14818","zcta",2023,"transportation_state_rnk",33.0514
"14819","zcta",2023,"transportation_state_rnk",19.4864
"14820","zcta",2023,"transportation_state_rnk",39.7583
"14821","zcta",2023,"transportation_state_rnk",10.1208
"14822","zcta",2023,"transportation_state_rnk",35.0151
"14823","zcta",2023,"transportation_state_rnk",45.287
"14824","zcta",2023,"transportation_state_rnk",54.5317
"14825","zcta",2023,"transportation_state_rnk",5.9819
"14826","zcta",2023,"transportation_state_rnk",17.7039
"14827","zcta",2023,"transportation_state_rnk",NA
"14830","zcta",2023,"transportation_state_rnk",72.9305
"14836","zcta",2023,"transportation_state_rnk",38.4592
"14837","zcta",2023,"transportation_state_rnk",58.6103
"14838","zcta",2023,"transportation_state_rnk",13.1722
"14839","zcta",2023,"transportation_state_rnk",40.574
"14840","zcta",2023,"transportation_state_rnk",27.5529
"14841","zcta",2023,"transportation_state_rnk",50.0906
"14842","zcta",2023,"transportation_state_rnk",72.6888
"14843","zcta",2023,"transportation_state_rnk",90.6949
"14845","zcta",2023,"transportation_state_rnk",71.6918
"14846","zcta",2023,"transportation_state_rnk",9.8187
"14847","zcta",2023,"transportation_state_rnk",64.864
"14850","zcta",2023,"transportation_state_rnk",91.2991
"14853","zcta",2023,"transportation_state_rnk",NA
"14854","zcta",2023,"transportation_state_rnk",NA
"14855","zcta",2023,"transportation_state_rnk",74.1088
"14856","zcta",2023,"transportation_state_rnk",NA
"14858","zcta",2023,"transportation_state_rnk",11.2387
"14859","zcta",2023,"transportation_state_rnk",12.8701
"14860","zcta",2023,"transportation_state_rnk",42.0242
"14861","zcta",2023,"transportation_state_rnk",11.7221
"14864","zcta",2023,"transportation_state_rnk",17.7946
"14865","zcta",2023,"transportation_state_rnk",30.7855
"14867","zcta",2023,"transportation_state_rnk",54.5317
"14869","zcta",2023,"transportation_state_rnk",18.1873
"14870","zcta",2023,"transportation_state_rnk",72.1752
"14871","zcta",2023,"transportation_state_rnk",6.858
"14872","zcta",2023,"transportation_state_rnk",46.1027
"14873","zcta",2023,"transportation_state_rnk",53.716
"14874","zcta",2023,"transportation_state_rnk",10.8761
"14877","zcta",2023,"transportation_state_rnk",31.148
"14878","zcta",2023,"transportation_state_rnk",12.145
"14879","zcta",2023,"transportation_state_rnk",18.5196
"14880","zcta",2023,"transportation_state_rnk",9.3958
"14881","zcta",2023,"transportation_state_rnk",59.5166
"14882","zcta",2023,"transportation_state_rnk",20.2719
"14883","zcta",2023,"transportation_state_rnk",15.6495
"14884","zcta",2023,"transportation_state_rnk",8.3082
"14885","zcta",2023,"transportation_state_rnk",67.9758
"14886","zcta",2023,"transportation_state_rnk",43.8066
"14889","zcta",2023,"transportation_state_rnk",46.6767
"14891","zcta",2023,"transportation_state_rnk",59.1239
"14892","zcta",2023,"transportation_state_rnk",19.8489
"14893","zcta",2023,"transportation_state_rnk",NA
"14894","zcta",2023,"transportation_state_rnk",28.9124
"14895","zcta",2023,"transportation_state_rnk",23.2326
"14897","zcta",2023,"transportation_state_rnk",17.4924
"14898","zcta",2023,"transportation_state_rnk",46.6767
"14901","zcta",2023,"transportation_state_rnk",79.426
"14903","zcta",2023,"transportation_state_rnk",70.3323
"14904","zcta",2023,"transportation_state_rnk",75.1662
"14905","zcta",2023,"transportation_state_rnk",77.1601
"06390","zcta",2023,"transportation_state_rnk",NA
