"geoid","geolevel","year","level","value"
"32003","zcta",2019,"transportation_score",104.67
"32008","zcta",2019,"transportation_score",92.94
"32009","zcta",2019,"transportation_score",92.95
"32011","zcta",2019,"transportation_score",90.59
"32024","zcta",2019,"transportation_score",93.66
"32025","zcta",2019,"transportation_score",93.01
"32026","zcta",2019,"transportation_score",NA
"32033","zcta",2019,"transportation_score",94.45
"32034","zcta",2019,"transportation_score",109.16
"32038","zcta",2019,"transportation_score",92.61
"32040","zcta",2019,"transportation_score",91.66
"32043","zcta",2019,"transportation_score",102.84
"32044","zcta",2019,"transportation_score",90.52
"32046","zcta",2019,"transportation_score",92.39
"32052","zcta",2019,"transportation_score",NA
"32053","zcta",2019,"transportation_score",93.61
"32054","zcta",2019,"transportation_score",94.21
"32055","zcta",2019,"transportation_score",93.31
"32058","zcta",2019,"transportation_score",90.93
"32059","zcta",2019,"transportation_score",90.73
"32060","zcta",2019,"transportation_score",93.8
"32061","zcta",2019,"transportation_score",92.07
"32062","zcta",2019,"transportation_score",91.55
"32063","zcta",2019,"transportation_score",107.62
"32064","zcta",2019,"transportation_score",114.68
"32065","zcta",2019,"transportation_score",103.81
"32066","zcta",2019,"transportation_score",90.68
"32068","zcta",2019,"transportation_score",104.49
"32071","zcta",2019,"transportation_score",91.62
"32072","zcta",2019,"transportation_score",94.18
"32073","zcta",2019,"transportation_score",103.83
"32079","zcta",2019,"transportation_score",102.32
"32080","zcta",2019,"transportation_score",110.21
"32081","zcta",2019,"transportation_score",92.55
"32082","zcta",2019,"transportation_score",104.43
"32083","zcta",2019,"transportation_score",NA
"32084","zcta",2019,"transportation_score",110.08
"32086","zcta",2019,"transportation_score",108.11
"32087","zcta",2019,"transportation_score",90.89
"32091","zcta",2019,"transportation_score",96.11
"32092","zcta",2019,"transportation_score",91.74
"32094","zcta",2019,"transportation_score",88.86
"32095","zcta",2019,"transportation_score",93.35
"32096","zcta",2019,"transportation_score",93.59
"32097","zcta",2019,"transportation_score",90.71
"32102","zcta",2019,"transportation_score",95.96
"32110","zcta",2019,"transportation_score",97.33
"32112","zcta",2019,"transportation_score",97.83
"32113","zcta",2019,"transportation_score",92.98
"32114","zcta",2019,"transportation_score",102.43
"32117","zcta",2019,"transportation_score",96.19
"32118","zcta",2019,"transportation_score",99.61
"32119","zcta",2019,"transportation_score",93.18
"32124","zcta",2019,"transportation_score",93.47
"32127","zcta",2019,"transportation_score",92.57
"32128","zcta",2019,"transportation_score",93.34
"32129","zcta",2019,"transportation_score",93.58
"32130","zcta",2019,"transportation_score",92.01
"32131","zcta",2019,"transportation_score",94.02
"32132","zcta",2019,"transportation_score",91.99
"32133","zcta",2019,"transportation_score",NA
"32134","zcta",2019,"transportation_score",92.43
"32136","zcta",2019,"transportation_score",92.66
"32137","zcta",2019,"transportation_score",91.65
"32139","zcta",2019,"transportation_score",103.32
"32140","zcta",2019,"transportation_score",93.41
"32141","zcta",2019,"transportation_score",92.32
"32145","zcta",2019,"transportation_score",95.25
"32147","zcta",2019,"transportation_score",89.59
"32148","zcta",2019,"transportation_score",91.88
"32157","zcta",2019,"transportation_score",92.12
"32159","zcta",2019,"transportation_score",94.02
"32162","zcta",2019,"transportation_score",95.82
"32164","zcta",2019,"transportation_score",91.95
"32168","zcta",2019,"transportation_score",93.65
"32169","zcta",2019,"transportation_score",94.58
"32174","zcta",2019,"transportation_score",93.71
"32176","zcta",2019,"transportation_score",94.47
"32177","zcta",2019,"transportation_score",106
"32179","zcta",2019,"transportation_score",94.08
"32180","zcta",2019,"transportation_score",93.38
"32181","zcta",2019,"transportation_score",91.01
"32187","zcta",2019,"transportation_score",91.16
"32189","zcta",2019,"transportation_score",95.46
"32190","zcta",2019,"transportation_score",97.73
"32193","zcta",2019,"transportation_score",91.19
"32195","zcta",2019,"transportation_score",92.13
"32202","zcta",2019,"transportation_score",NA
"32204","zcta",2019,"transportation_score",109.83
"32205","zcta",2019,"transportation_score",109.44
"32206","zcta",2019,"transportation_score",116.88
"32207","zcta",2019,"transportation_score",109.3
"32208","zcta",2019,"transportation_score",109.35
"32209","zcta",2019,"transportation_score",119.62
"32210","zcta",2019,"transportation_score",107.95
"32211","zcta",2019,"transportation_score",111.54
"32212","zcta",2019,"transportation_score",NA
"32216","zcta",2019,"transportation_score",106.85
"32217","zcta",2019,"transportation_score",106.79
"32218","zcta",2019,"transportation_score",104.8
"32219","zcta",2019,"transportation_score",107.57
"32220","zcta",2019,"transportation_score",104.27
"32221","zcta",2019,"transportation_score",103.83
"32222","zcta",2019,"transportation_score",92.22
"32223","zcta",2019,"transportation_score",103.46
"32224","zcta",2019,"transportation_score",104.92
"32225","zcta",2019,"transportation_score",103.61
"32226","zcta",2019,"transportation_score",90.43
"32227","zcta",2019,"transportation_score",NA
"32228","zcta",2019,"transportation_score",NA
"32233","zcta",2019,"transportation_score",105.82
"32234","zcta",2019,"transportation_score",93.84
"32244","zcta",2019,"transportation_score",105.1
"32246","zcta",2019,"transportation_score",107.06
"32250","zcta",2019,"transportation_score",106.22
"32254","zcta",2019,"transportation_score",110.9
"32256","zcta",2019,"transportation_score",103.88
"32257","zcta",2019,"transportation_score",104.04
"32258","zcta",2019,"transportation_score",104.92
"32259","zcta",2019,"transportation_score",103.81
"32266","zcta",2019,"transportation_score",103.7
"32277","zcta",2019,"transportation_score",109.27
"32301","zcta",2019,"transportation_score",113.49
"32303","zcta",2019,"transportation_score",108.17
"32304","zcta",2019,"transportation_score",116.52
"32305","zcta",2019,"transportation_score",110.61
"32308","zcta",2019,"transportation_score",106.03
"32309","zcta",2019,"transportation_score",106.18
"32310","zcta",2019,"transportation_score",110.53
"32311","zcta",2019,"transportation_score",108.14
"32312","zcta",2019,"transportation_score",106.49
"32317","zcta",2019,"transportation_score",105.95
"32320","zcta",2019,"transportation_score",94.54
"32321","zcta",2019,"transportation_score",91.59
"32322","zcta",2019,"transportation_score",NA
"32323","zcta",2019,"transportation_score",84.57
"32324","zcta",2019,"transportation_score",95.21
"32327","zcta",2019,"transportation_score",91.16
"32328","zcta",2019,"transportation_score",93.2
"32330","zcta",2019,"transportation_score",96.87
"32331","zcta",2019,"transportation_score",96.56
"32332","zcta",2019,"transportation_score",91.48
"32333","zcta",2019,"transportation_score",91.82
"32334","zcta",2019,"transportation_score",93.49
"32336","zcta",2019,"transportation_score",94.67
"32340","zcta",2019,"transportation_score",92.98
"32343","zcta",2019,"transportation_score",89.85
"32344","zcta",2019,"transportation_score",91.47
"32346","zcta",2019,"transportation_score",97.76
"32347","zcta",2019,"transportation_score",91.88
"32348","zcta",2019,"transportation_score",92.69
"32350","zcta",2019,"transportation_score",93.24
"32351","zcta",2019,"transportation_score",92.36
"32352","zcta",2019,"transportation_score",93.63
"32355","zcta",2019,"transportation_score",94.19
"32356","zcta",2019,"transportation_score",NA
"32358","zcta",2019,"transportation_score",91.43
"32359","zcta",2019,"transportation_score",89.19
"32361","zcta",2019,"transportation_score",93.86
"32399","zcta",2019,"transportation_score",NA
"32401","zcta",2019,"transportation_score",100.73
"32403","zcta",2019,"transportation_score",93.07
"32404","zcta",2019,"transportation_score",98.25
"32405","zcta",2019,"transportation_score",100.88
"32407","zcta",2019,"transportation_score",95.04
"32408","zcta",2019,"transportation_score",99.67
"32409","zcta",2019,"transportation_score",91.21
"32410","zcta",2019,"transportation_score",96.54
"32413","zcta",2019,"transportation_score",100.88
"32420","zcta",2019,"transportation_score",92.67
"32421","zcta",2019,"transportation_score",92.3
"32423","zcta",2019,"transportation_score",91.96
"32424","zcta",2019,"transportation_score",94.66
"32425","zcta",2019,"transportation_score",91.94
"32426","zcta",2019,"transportation_score",90.74
"32427","zcta",2019,"transportation_score",89.43
"32428","zcta",2019,"transportation_score",91.82
"32430","zcta",2019,"transportation_score",91.39
"32431","zcta",2019,"transportation_score",91.12
"32432","zcta",2019,"transportation_score",NA
"32433","zcta",2019,"transportation_score",94.87
"32435","zcta",2019,"transportation_score",94.36
"32437","zcta",2019,"transportation_score",93.31
"32438","zcta",2019,"transportation_score",94.98
"32439","zcta",2019,"transportation_score",93.31
"32440","zcta",2019,"transportation_score",93.33
"32442","zcta",2019,"transportation_score",90.57
"32443","zcta",2019,"transportation_score",91.4
"32444","zcta",2019,"transportation_score",97.08
"32445","zcta",2019,"transportation_score",NA
"32446","zcta",2019,"transportation_score",91.28
"32447","zcta",2019,"transportation_score",NA
"32448","zcta",2019,"transportation_score",91.29
"32449","zcta",2019,"transportation_score",90.39
"32455","zcta",2019,"transportation_score",92
"32456","zcta",2019,"transportation_score",113.7
"32459","zcta",2019,"transportation_score",93.61
"32460","zcta",2019,"transportation_score",NA
"32461","zcta",2019,"transportation_score",NA
"32462","zcta",2019,"transportation_score",92.03
"32463","zcta",2019,"transportation_score",91.13
"32464","zcta",2019,"transportation_score",93.2
"32465","zcta",2019,"transportation_score",94.32
"32466","zcta",2019,"transportation_score",92.34
"32501","zcta",2019,"transportation_score",108.19
"32502","zcta",2019,"transportation_score",94.61
"32503","zcta",2019,"transportation_score",107.27
"32504","zcta",2019,"transportation_score",102.24
"32505","zcta",2019,"transportation_score",105.55
"32506","zcta",2019,"transportation_score",102.72
"32507","zcta",2019,"transportation_score",103.35
"32508","zcta",2019,"transportation_score",NA
"32509","zcta",2019,"transportation_score",NA
"32511","zcta",2019,"transportation_score",NA
"32514","zcta",2019,"transportation_score",102.18
"32526","zcta",2019,"transportation_score",100.7
"32530","zcta",2019,"transportation_score",NA
"32531","zcta",2019,"transportation_score",93.25
"32533","zcta",2019,"transportation_score",101.33
"32534","zcta",2019,"transportation_score",106.05
"32535","zcta",2019,"transportation_score",95.99
"32536","zcta",2019,"transportation_score",91.49
"32539","zcta",2019,"transportation_score",94.25
"32541","zcta",2019,"transportation_score",96.58
"32542","zcta",2019,"transportation_score",NA
"32544","zcta",2019,"transportation_score",NA
"32547","zcta",2019,"transportation_score",96.56
"32548","zcta",2019,"transportation_score",96.83
"32550","zcta",2019,"transportation_score",98.58
"32561","zcta",2019,"transportation_score",100.65
"32563","zcta",2019,"transportation_score",94.93
"32564","zcta",2019,"transportation_score",95.45
"32565","zcta",2019,"transportation_score",91.69
"32566","zcta",2019,"transportation_score",96.37
"32567","zcta",2019,"transportation_score",92.27
"32568","zcta",2019,"transportation_score",94.41
"32569","zcta",2019,"transportation_score",91.36
"32570","zcta",2019,"transportation_score",101.96
"32571","zcta",2019,"transportation_score",100.62
"32577","zcta",2019,"transportation_score",92.4
"32578","zcta",2019,"transportation_score",95.24
"32579","zcta",2019,"transportation_score",94.82
"32580","zcta",2019,"transportation_score",97.9
"32583","zcta",2019,"transportation_score",91.98
"32601","zcta",2019,"transportation_score",116.44
"32603","zcta",2019,"transportation_score",NA
"32605","zcta",2019,"transportation_score",107.14
"32606","zcta",2019,"transportation_score",106.56
"32607","zcta",2019,"transportation_score",111.08
"32608","zcta",2019,"transportation_score",110.91
"32609","zcta",2019,"transportation_score",112.7
"32612","zcta",2019,"transportation_score",NA
"32615","zcta",2019,"transportation_score",92.78
"32616","zcta",2019,"transportation_score",93.9
"32617","zcta",2019,"transportation_score",93.41
"32618","zcta",2019,"transportation_score",91.73
"32619","zcta",2019,"transportation_score",96.39
"32621","zcta",2019,"transportation_score",90.04
"32622","zcta",2019,"transportation_score",93.76
"32625","zcta",2019,"transportation_score",93.94
"32626","zcta",2019,"transportation_score",93.07
"32628","zcta",2019,"transportation_score",99.55
"32631","zcta",2019,"transportation_score",87.37
"32639","zcta",2019,"transportation_score",94.48
"32640","zcta",2019,"transportation_score",91.48
"32641","zcta",2019,"transportation_score",109.93
"32643","zcta",2019,"transportation_score",90.77
"32648","zcta",2019,"transportation_score",90.18
"32653","zcta",2019,"transportation_score",102.77
"32656","zcta",2019,"transportation_score",92.01
"32658","zcta",2019,"transportation_score",88.33
"32664","zcta",2019,"transportation_score",89.53
"32666","zcta",2019,"transportation_score",93.36
"32667","zcta",2019,"transportation_score",94.97
"32668","zcta",2019,"transportation_score",92.89
"32669","zcta",2019,"transportation_score",92.86
"32680","zcta",2019,"transportation_score",94.46
"32681","zcta",2019,"transportation_score",NA
"32683","zcta",2019,"transportation_score",87
"32686","zcta",2019,"transportation_score",93.94
"32692","zcta",2019,"transportation_score",93.83
"32693","zcta",2019,"transportation_score",94.07
"32694","zcta",2019,"transportation_score",95.47
"32696","zcta",2019,"transportation_score",92.68
"32697","zcta",2019,"transportation_score",92.85
"32701","zcta",2019,"transportation_score",104.98
"32702","zcta",2019,"transportation_score",91.38
"32703","zcta",2019,"transportation_score",104.46
"32707","zcta",2019,"transportation_score",104.66
"32708","zcta",2019,"transportation_score",102.25
"32709","zcta",2019,"transportation_score",94.48
"32712","zcta",2019,"transportation_score",102.97
"32713","zcta",2019,"transportation_score",93.71
"32714","zcta",2019,"transportation_score",104.7
"32720","zcta",2019,"transportation_score",94.88
"32724","zcta",2019,"transportation_score",94.36
"32725","zcta",2019,"transportation_score",91.84
"32726","zcta",2019,"transportation_score",100.32
"32730","zcta",2019,"transportation_score",96.96
"32732","zcta",2019,"transportation_score",93.64
"32735","zcta",2019,"transportation_score",90.41
"32736","zcta",2019,"transportation_score",91.9
"32738","zcta",2019,"transportation_score",91.1
"32744","zcta",2019,"transportation_score",93.15
"32746","zcta",2019,"transportation_score",103.32
"32750","zcta",2019,"transportation_score",102.39
"32751","zcta",2019,"transportation_score",103.56
"32754","zcta",2019,"transportation_score",92.18
"32757","zcta",2019,"transportation_score",100.16
"32759","zcta",2019,"transportation_score",91.81
"32763","zcta",2019,"transportation_score",91.75
"32764","zcta",2019,"transportation_score",92.29
"32765","zcta",2019,"transportation_score",102.4
"32766","zcta",2019,"transportation_score",92.33
"32767","zcta",2019,"transportation_score",91.48
"32771","zcta",2019,"transportation_score",103.89
"32773","zcta",2019,"transportation_score",104.39
"32776","zcta",2019,"transportation_score",92.41
"32778","zcta",2019,"transportation_score",99.27
"32779","zcta",2019,"transportation_score",102.13
"32780","zcta",2019,"transportation_score",93.63
"32784","zcta",2019,"transportation_score",92.79
"32789","zcta",2019,"transportation_score",104.5
"32792","zcta",2019,"transportation_score",105.78
"32796","zcta",2019,"transportation_score",92.35
"32798","zcta",2019,"transportation_score",91.37
"32801","zcta",2019,"transportation_score",105.15
"32803","zcta",2019,"transportation_score",104.41
"32804","zcta",2019,"transportation_score",102.02
"32805","zcta",2019,"transportation_score",121.34
"32806","zcta",2019,"transportation_score",104.37
"32807","zcta",2019,"transportation_score",105.14
"32808","zcta",2019,"transportation_score",110.95
"32809","zcta",2019,"transportation_score",112.27
"32810","zcta",2019,"transportation_score",105.58
"32811","zcta",2019,"transportation_score",110.04
"32812","zcta",2019,"transportation_score",103.64
"32814","zcta",2019,"transportation_score",92.43
"32817","zcta",2019,"transportation_score",103.44
"32818","zcta",2019,"transportation_score",106.61
"32819","zcta",2019,"transportation_score",104.46
"32820","zcta",2019,"transportation_score",92.99
"32821","zcta",2019,"transportation_score",94.89
"32822","zcta",2019,"transportation_score",104.95
"32824","zcta",2019,"transportation_score",103.11
"32825","zcta",2019,"transportation_score",102.53
"32826","zcta",2019,"transportation_score",NA
"32827","zcta",2019,"transportation_score",92.82
"32828","zcta",2019,"transportation_score",92.79
"32829","zcta",2019,"transportation_score",91.59
"32830","zcta",2019,"transportation_score",NA
"32831","zcta",2019,"transportation_score",NA
"32832","zcta",2019,"transportation_score",92.67
"32833","zcta",2019,"transportation_score",91.55
"32835","zcta",2019,"transportation_score",103.14
"32836","zcta",2019,"transportation_score",102.52
"32837","zcta",2019,"transportation_score",93.17
"32839","zcta",2019,"transportation_score",114.19
"32901","zcta",2019,"transportation_score",111.16
"32903","zcta",2019,"transportation_score",107.98
"32904","zcta",2019,"transportation_score",105.49
"32905","zcta",2019,"transportation_score",106.77
"32907","zcta",2019,"transportation_score",106
"32908","zcta",2019,"transportation_score",105.56
"32909","zcta",2019,"transportation_score",105.62
"32920","zcta",2019,"transportation_score",111.66
"32922","zcta",2019,"transportation_score",112.69
"32925","zcta",2019,"transportation_score",96.66
"32926","zcta",2019,"transportation_score",105.85
"32927","zcta",2019,"transportation_score",105.42
"32931","zcta",2019,"transportation_score",108.14
"32934","zcta",2019,"transportation_score",105.9
"32935","zcta",2019,"transportation_score",108.56
"32937","zcta",2019,"transportation_score",106.63
"32940","zcta",2019,"transportation_score",106.15
"32948","zcta",2019,"transportation_score",96.49
"32949","zcta",2019,"transportation_score",94.76
"32950","zcta",2019,"transportation_score",93.04
"32951","zcta",2019,"transportation_score",109.18
"32952","zcta",2019,"transportation_score",106.19
"32953","zcta",2019,"transportation_score",107.48
"32955","zcta",2019,"transportation_score",106.56
"32958","zcta",2019,"transportation_score",94.57
"32960","zcta",2019,"transportation_score",98.06
"32962","zcta",2019,"transportation_score",95.19
"32963","zcta",2019,"transportation_score",96.96
"32966","zcta",2019,"transportation_score",95.58
"32967","zcta",2019,"transportation_score",97.85
"32968","zcta",2019,"transportation_score",93.46
"32970","zcta",2019,"transportation_score",100.77
"32976","zcta",2019,"transportation_score",96.58
"33001","zcta",2019,"transportation_score",104.8
"33004","zcta",2019,"transportation_score",118.92
"33009","zcta",2019,"transportation_score",119.01
"33010","zcta",2019,"transportation_score",117.49
"33012","zcta",2019,"transportation_score",117.01
"33013","zcta",2019,"transportation_score",114.55
"33014","zcta",2019,"transportation_score",113.31
"33015","zcta",2019,"transportation_score",114.02
"33016","zcta",2019,"transportation_score",115.16
"33018","zcta",2019,"transportation_score",114.57
"33019","zcta",2019,"transportation_score",114.07
"33020","zcta",2019,"transportation_score",122.43
"33021","zcta",2019,"transportation_score",116.89
"33023","zcta",2019,"transportation_score",116.59
"33024","zcta",2019,"transportation_score",113.99
"33025","zcta",2019,"transportation_score",111.3
"33026","zcta",2019,"transportation_score",112.57
"33027","zcta",2019,"transportation_score",113.58
"33028","zcta",2019,"transportation_score",112.54
"33029","zcta",2019,"transportation_score",111.99
"33030","zcta",2019,"transportation_score",125.34
"33031","zcta",2019,"transportation_score",114.13
"33032","zcta",2019,"transportation_score",116.33
"33033","zcta",2019,"transportation_score",118
"33034","zcta",2019,"transportation_score",121.55
"33035","zcta",2019,"transportation_score",95.74
"33036","zcta",2019,"transportation_score",107.66
"33037","zcta",2019,"transportation_score",96.28
"33039","zcta",2019,"transportation_score",89.04
"33040","zcta",2019,"transportation_score",112.45
"33042","zcta",2019,"transportation_score",93.55
"33043","zcta",2019,"transportation_score",97.19
"33050","zcta",2019,"transportation_score",100.04
"33051","zcta",2019,"transportation_score",101.9
"33054","zcta",2019,"transportation_score",118.4
"33055","zcta",2019,"transportation_score",114.12
"33056","zcta",2019,"transportation_score",116.91
"33060","zcta",2019,"transportation_score",122.96
"33062","zcta",2019,"transportation_score",115.26
"33063","zcta",2019,"transportation_score",114.19
"33064","zcta",2019,"transportation_score",118.95
"33065","zcta",2019,"transportation_score",116.76
"33066","zcta",2019,"transportation_score",113.46
"33067","zcta",2019,"transportation_score",112.41
"33068","zcta",2019,"transportation_score",116.52
"33069","zcta",2019,"transportation_score",117.47
"33070","zcta",2019,"transportation_score",92.32
"33071","zcta",2019,"transportation_score",112.88
"33073","zcta",2019,"transportation_score",115.16
"33076","zcta",2019,"transportation_score",113.41
"33101","zcta",2019,"transportation_score",NA
"33109","zcta",2019,"transportation_score",97.26
"33122","zcta",2019,"transportation_score",89.68
"33125","zcta",2019,"transportation_score",122.98
"33126","zcta",2019,"transportation_score",117.6
"33127","zcta",2019,"transportation_score",131.21
"33128","zcta",2019,"transportation_score",142.9
"33129","zcta",2019,"transportation_score",118.69
"33130","zcta",2019,"transportation_score",135.72
"33131","zcta",2019,"transportation_score",129.08
"33132","zcta",2019,"transportation_score",127.06
"33133","zcta",2019,"transportation_score",119.93
"33134","zcta",2019,"transportation_score",117.42
"33135","zcta",2019,"transportation_score",130.95
"33136","zcta",2019,"transportation_score",135.04
"33137","zcta",2019,"transportation_score",122.8
"33138","zcta",2019,"transportation_score",125.3
"33139","zcta",2019,"transportation_score",140.13
"33140","zcta",2019,"transportation_score",121.32
"33141","zcta",2019,"transportation_score",133.84
"33142","zcta",2019,"transportation_score",127.55
"33143","zcta",2019,"transportation_score",122.18
"33144","zcta",2019,"transportation_score",114.63
"33145","zcta",2019,"transportation_score",118.12
"33146","zcta",2019,"transportation_score",120.34
"33147","zcta",2019,"transportation_score",122.1
"33149","zcta",2019,"transportation_score",115.21
"33150","zcta",2019,"transportation_score",129.43
"33154","zcta",2019,"transportation_score",121.22
"33155","zcta",2019,"transportation_score",114.53
"33156","zcta",2019,"transportation_score",119.44
"33157","zcta",2019,"transportation_score",117.5
"33158","zcta",2019,"transportation_score",113.23
"33160","zcta",2019,"transportation_score",115.67
"33161","zcta",2019,"transportation_score",127.4
"33162","zcta",2019,"transportation_score",123.21
"33165","zcta",2019,"transportation_score",112.95
"33166","zcta",2019,"transportation_score",114.17
"33167","zcta",2019,"transportation_score",117.37
"33168","zcta",2019,"transportation_score",121.81
"33169","zcta",2019,"transportation_score",117.32
"33170","zcta",2019,"transportation_score",114.65
"33172","zcta",2019,"transportation_score",114.72
"33173","zcta",2019,"transportation_score",112.57
"33174","zcta",2019,"transportation_score",115.57
"33175","zcta",2019,"transportation_score",112.41
"33176","zcta",2019,"transportation_score",115.65
"33177","zcta",2019,"transportation_score",113.5
"33178","zcta",2019,"transportation_score",113.82
"33179","zcta",2019,"transportation_score",116.75
"33180","zcta",2019,"transportation_score",115.18
"33181","zcta",2019,"transportation_score",121.07
"33182","zcta",2019,"transportation_score",112.37
"33183","zcta",2019,"transportation_score",113.17
"33184","zcta",2019,"transportation_score",111.53
"33185","zcta",2019,"transportation_score",111.94
"33186","zcta",2019,"transportation_score",113.36
"33187","zcta",2019,"transportation_score",113.12
"33189","zcta",2019,"transportation_score",115.79
"33190","zcta",2019,"transportation_score",116.95
"33193","zcta",2019,"transportation_score",113.06
"33194","zcta",2019,"transportation_score",93.5
"33196","zcta",2019,"transportation_score",113.96
"33301","zcta",2019,"transportation_score",116.09
"33304","zcta",2019,"transportation_score",119.2
"33305","zcta",2019,"transportation_score",114.5
"33306","zcta",2019,"transportation_score",93.98
"33308","zcta",2019,"transportation_score",116.33
"33309","zcta",2019,"transportation_score",119.1
"33311","zcta",2019,"transportation_score",126.31
"33312","zcta",2019,"transportation_score",118.12
"33313","zcta",2019,"transportation_score",122.04
"33314","zcta",2019,"transportation_score",115.3
"33315","zcta",2019,"transportation_score",115.07
"33316","zcta",2019,"transportation_score",121.81
"33317","zcta",2019,"transportation_score",115.89
"33319","zcta",2019,"transportation_score",117.15
"33321","zcta",2019,"transportation_score",114.28
"33322","zcta",2019,"transportation_score",114.07
"33323","zcta",2019,"transportation_score",113.54
"33324","zcta",2019,"transportation_score",113.64
"33325","zcta",2019,"transportation_score",113.05
"33326","zcta",2019,"transportation_score",114.84
"33327","zcta",2019,"transportation_score",113.44
"33328","zcta",2019,"transportation_score",113.52
"33330","zcta",2019,"transportation_score",112.6
"33331","zcta",2019,"transportation_score",112.88
"33332","zcta",2019,"transportation_score",91.25
"33334","zcta",2019,"transportation_score",120.88
"33351","zcta",2019,"transportation_score",115.2
"33401","zcta",2019,"transportation_score",120.34
"33403","zcta",2019,"transportation_score",118.18
"33404","zcta",2019,"transportation_score",119.78
"33405","zcta",2019,"transportation_score",116.46
"33406","zcta",2019,"transportation_score",112.95
"33407","zcta",2019,"transportation_score",119.95
"33408","zcta",2019,"transportation_score",114.3
"33409","zcta",2019,"transportation_score",114.76
"33410","zcta",2019,"transportation_score",113.57
"33411","zcta",2019,"transportation_score",113.64
"33412","zcta",2019,"transportation_score",92.25
"33413","zcta",2019,"transportation_score",114.09
"33414","zcta",2019,"transportation_score",113.27
"33415","zcta",2019,"transportation_score",115.57
"33417","zcta",2019,"transportation_score",118.77
"33418","zcta",2019,"transportation_score",114.75
"33426","zcta",2019,"transportation_score",112.54
"33428","zcta",2019,"transportation_score",114.59
"33430","zcta",2019,"transportation_score",107.51
"33431","zcta",2019,"transportation_score",115.85
"33432","zcta",2019,"transportation_score",114.94
"33433","zcta",2019,"transportation_score",113.94
"33434","zcta",2019,"transportation_score",114.72
"33435","zcta",2019,"transportation_score",96.81
"33436","zcta",2019,"transportation_score",112.82
"33437","zcta",2019,"transportation_score",114.99
"33438","zcta",2019,"transportation_score",99.57
"33440","zcta",2019,"transportation_score",103.98
"33441","zcta",2019,"transportation_score",117.49
"33442","zcta",2019,"transportation_score",92.34
"33444","zcta",2019,"transportation_score",119
"33445","zcta",2019,"transportation_score",113.77
"33446","zcta",2019,"transportation_score",115.87
"33449","zcta",2019,"transportation_score",113.95
"33455","zcta",2019,"transportation_score",103.25
"33458","zcta",2019,"transportation_score",113.85
"33460","zcta",2019,"transportation_score",123.26
"33461","zcta",2019,"transportation_score",118.63
"33462","zcta",2019,"transportation_score",116.44
"33463","zcta",2019,"transportation_score",115.54
"33467","zcta",2019,"transportation_score",112.95
"33469","zcta",2019,"transportation_score",111.82
"33470","zcta",2019,"transportation_score",113.86
"33471","zcta",2019,"transportation_score",95.44
"33472","zcta",2019,"transportation_score",112.42
"33473","zcta",2019,"transportation_score",93.73
"33476","zcta",2019,"transportation_score",104.22
"33477","zcta",2019,"transportation_score",115.78
"33478","zcta",2019,"transportation_score",92.97
"33480","zcta",2019,"transportation_score",120.73
"33483","zcta",2019,"transportation_score",117.05
"33484","zcta",2019,"transportation_score",113.57
"33486","zcta",2019,"transportation_score",113.61
"33487","zcta",2019,"transportation_score",114.35
"33493","zcta",2019,"transportation_score",NA
"33496","zcta",2019,"transportation_score",116.75
"33498","zcta",2019,"transportation_score",112.26
"33503","zcta",2019,"transportation_score",87.48
"33510","zcta",2019,"transportation_score",104.92
"33511","zcta",2019,"transportation_score",104.23
"33513","zcta",2019,"transportation_score",92.01
"33514","zcta",2019,"transportation_score",92.7
"33521","zcta",2019,"transportation_score",90.52
"33523","zcta",2019,"transportation_score",94.84
"33525","zcta",2019,"transportation_score",93.38
"33527","zcta",2019,"transportation_score",108.6
"33534","zcta",2019,"transportation_score",106.24
"33538","zcta",2019,"transportation_score",91.47
"33540","zcta",2019,"transportation_score",93.33
"33541","zcta",2019,"transportation_score",94.34
"33542","zcta",2019,"transportation_score",96.25
"33543","zcta",2019,"transportation_score",103.25
"33544","zcta",2019,"transportation_score",104.55
"33545","zcta",2019,"transportation_score",104.44
"33547","zcta",2019,"transportation_score",104.52
"33548","zcta",2019,"transportation_score",103.93
"33549","zcta",2019,"transportation_score",104.42
"33556","zcta",2019,"transportation_score",104.44
"33558","zcta",2019,"transportation_score",103.44
"33559","zcta",2019,"transportation_score",91.71
"33563","zcta",2019,"transportation_score",103.68
"33565","zcta",2019,"transportation_score",106.16
"33566","zcta",2019,"transportation_score",103.55
"33567","zcta",2019,"transportation_score",106.61
"33569","zcta",2019,"transportation_score",103.36
"33570","zcta",2019,"transportation_score",104.75
"33572","zcta",2019,"transportation_score",103.26
"33573","zcta",2019,"transportation_score",105.35
"33576","zcta",2019,"transportation_score",91.88
"33578","zcta",2019,"transportation_score",92.34
"33579","zcta",2019,"transportation_score",104.32
"33584","zcta",2019,"transportation_score",104.89
"33585","zcta",2019,"transportation_score",95.28
"33592","zcta",2019,"transportation_score",106.7
"33594","zcta",2019,"transportation_score",103.43
"33596","zcta",2019,"transportation_score",104.11
"33597","zcta",2019,"transportation_score",91.42
"33598","zcta",2019,"transportation_score",95.08
"33602","zcta",2019,"transportation_score",107.28
"33603","zcta",2019,"transportation_score",107.44
"33604","zcta",2019,"transportation_score",108.1
"33605","zcta",2019,"transportation_score",116.56
"33606","zcta",2019,"transportation_score",109.83
"33607","zcta",2019,"transportation_score",107.03
"33609","zcta",2019,"transportation_score",105.98
"33610","zcta",2019,"transportation_score",111.6
"33611","zcta",2019,"transportation_score",104.43
"33612","zcta",2019,"transportation_score",115.26
"33613","zcta",2019,"transportation_score",111.25
"33614","zcta",2019,"transportation_score",107.77
"33615","zcta",2019,"transportation_score",105.15
"33616","zcta",2019,"transportation_score",105.7
"33617","zcta",2019,"transportation_score",109.16
"33618","zcta",2019,"transportation_score",103.85
"33619","zcta",2019,"transportation_score",107.08
"33620","zcta",2019,"transportation_score",NA
"33621","zcta",2019,"transportation_score",95.03
"33624","zcta",2019,"transportation_score",103.95
"33625","zcta",2019,"transportation_score",104.06
"33626","zcta",2019,"transportation_score",104.5
"33629","zcta",2019,"transportation_score",104.06
"33634","zcta",2019,"transportation_score",107.52
"33635","zcta",2019,"transportation_score",104
"33637","zcta",2019,"transportation_score",106.21
"33647","zcta",2019,"transportation_score",104.85
"33701","zcta",2019,"transportation_score",112.46
"33702","zcta",2019,"transportation_score",107.58
"33703","zcta",2019,"transportation_score",106.17
"33704","zcta",2019,"transportation_score",107.6
"33705","zcta",2019,"transportation_score",106.47
"33706","zcta",2019,"transportation_score",106.29
"33707","zcta",2019,"transportation_score",108.52
"33708","zcta",2019,"transportation_score",106.7
"33709","zcta",2019,"transportation_score",106.5
"33710","zcta",2019,"transportation_score",105.9
"33711","zcta",2019,"transportation_score",111.47
"33712","zcta",2019,"transportation_score",109.17
"33713","zcta",2019,"transportation_score",95.86
"33714","zcta",2019,"transportation_score",106.94
"33715","zcta",2019,"transportation_score",106.61
"33716","zcta",2019,"transportation_score",104.42
"33744","zcta",2019,"transportation_score",NA
"33755","zcta",2019,"transportation_score",114.73
"33756","zcta",2019,"transportation_score",110.21
"33759","zcta",2019,"transportation_score",106.76
"33760","zcta",2019,"transportation_score",106.3
"33761","zcta",2019,"transportation_score",104.56
"33762","zcta",2019,"transportation_score",110.46
"33763","zcta",2019,"transportation_score",105
"33764","zcta",2019,"transportation_score",106.06
"33765","zcta",2019,"transportation_score",112.54
"33767","zcta",2019,"transportation_score",104.81
"33770","zcta",2019,"transportation_score",105.99
"33771","zcta",2019,"transportation_score",106.74
"33772","zcta",2019,"transportation_score",104.62
"33773","zcta",2019,"transportation_score",107.92
"33774","zcta",2019,"transportation_score",105.71
"33776","zcta",2019,"transportation_score",102.88
"33777","zcta",2019,"transportation_score",92.24
"33778","zcta",2019,"transportation_score",103.52
"33781","zcta",2019,"transportation_score",105.34
"33782","zcta",2019,"transportation_score",91.01
"33785","zcta",2019,"transportation_score",105.41
"33786","zcta",2019,"transportation_score",94.61
"33801","zcta",2019,"transportation_score",111.7
"33803","zcta",2019,"transportation_score",108.16
"33805","zcta",2019,"transportation_score",112.66
"33809","zcta",2019,"transportation_score",107.74
"33810","zcta",2019,"transportation_score",107.84
"33811","zcta",2019,"transportation_score",106.9
"33812","zcta",2019,"transportation_score",108.43
"33813","zcta",2019,"transportation_score",106.67
"33815","zcta",2019,"transportation_score",108.98
"33823","zcta",2019,"transportation_score",93.57
"33825","zcta",2019,"transportation_score",94.48
"33827","zcta",2019,"transportation_score",90.79
"33830","zcta",2019,"transportation_score",108.32
"33834","zcta",2019,"transportation_score",95.38
"33837","zcta",2019,"transportation_score",91.7
"33838","zcta",2019,"transportation_score",92.18
"33839","zcta",2019,"transportation_score",91.34
"33841","zcta",2019,"transportation_score",94.02
"33843","zcta",2019,"transportation_score",93.88
"33844","zcta",2019,"transportation_score",93.88
"33847","zcta",2019,"transportation_score",102.27
"33848","zcta",2019,"transportation_score",101.87
"33849","zcta",2019,"transportation_score",91.06
"33850","zcta",2019,"transportation_score",96.03
"33851","zcta",2019,"transportation_score",89.23
"33852","zcta",2019,"transportation_score",95.45
"33853","zcta",2019,"transportation_score",93.49
"33854","zcta",2019,"transportation_score",118.4
"33855","zcta",2019,"transportation_score",NA
"33856","zcta",2019,"transportation_score",82.97
"33857","zcta",2019,"transportation_score",94.34
"33859","zcta",2019,"transportation_score",94.89
"33860","zcta",2019,"transportation_score",107.46
"33865","zcta",2019,"transportation_score",93.25
"33867","zcta",2019,"transportation_score",87.23
"33868","zcta",2019,"transportation_score",92.65
"33870","zcta",2019,"transportation_score",94.75
"33872","zcta",2019,"transportation_score",93.45
"33873","zcta",2019,"transportation_score",94.31
"33875","zcta",2019,"transportation_score",91.56
"33876","zcta",2019,"transportation_score",90.64
"33877","zcta",2019,"transportation_score",85.98
"33880","zcta",2019,"transportation_score",92.66
"33881","zcta",2019,"transportation_score",92.58
"33884","zcta",2019,"transportation_score",91.3
"33890","zcta",2019,"transportation_score",93.55
"33896","zcta",2019,"transportation_score",90.24
"33897","zcta",2019,"transportation_score",90.85
"33898","zcta",2019,"transportation_score",94.29
"33901","zcta",2019,"transportation_score",112.54
"33903","zcta",2019,"transportation_score",108.14
"33904","zcta",2019,"transportation_score",107.2
"33905","zcta",2019,"transportation_score",111.26
"33907","zcta",2019,"transportation_score",111.35
"33908","zcta",2019,"transportation_score",107.19
"33909","zcta",2019,"transportation_score",105.58
"33912","zcta",2019,"transportation_score",106.44
"33913","zcta",2019,"transportation_score",107.45
"33914","zcta",2019,"transportation_score",106.38
"33916","zcta",2019,"transportation_score",112.45
"33917","zcta",2019,"transportation_score",109.12
"33919","zcta",2019,"transportation_score",105.32
"33920","zcta",2019,"transportation_score",96
"33921","zcta",2019,"transportation_score",126.82
"33922","zcta",2019,"transportation_score",95.12
"33924","zcta",2019,"transportation_score",NA
"33928","zcta",2019,"transportation_score",107.04
"33930","zcta",2019,"transportation_score",95.59
"33931","zcta",2019,"transportation_score",96.04
"33935","zcta",2019,"transportation_score",100.68
"33936","zcta",2019,"transportation_score",108.76
"33944","zcta",2019,"transportation_score",84.31
"33945","zcta",2019,"transportation_score",NA
"33946","zcta",2019,"transportation_score",97.2
"33947","zcta",2019,"transportation_score",93.87
"33948","zcta",2019,"transportation_score",93.52
"33950","zcta",2019,"transportation_score",94.69
"33952","zcta",2019,"transportation_score",93.76
"33953","zcta",2019,"transportation_score",93.78
"33954","zcta",2019,"transportation_score",91.91
"33955","zcta",2019,"transportation_score",91.95
"33956","zcta",2019,"transportation_score",92.26
"33957","zcta",2019,"transportation_score",98.45
"33960","zcta",2019,"transportation_score",91.61
"33965","zcta",2019,"transportation_score",NA
"33966","zcta",2019,"transportation_score",107.76
"33967","zcta",2019,"transportation_score",106.46
"33971","zcta",2019,"transportation_score",106.37
"33972","zcta",2019,"transportation_score",106.38
"33973","zcta",2019,"transportation_score",108.58
"33974","zcta",2019,"transportation_score",106.7
"33976","zcta",2019,"transportation_score",106.16
"33980","zcta",2019,"transportation_score",97.09
"33981","zcta",2019,"transportation_score",94.49
"33982","zcta",2019,"transportation_score",92.41
"33983","zcta",2019,"transportation_score",91.27
"33990","zcta",2019,"transportation_score",106.31
"33991","zcta",2019,"transportation_score",105.77
"33993","zcta",2019,"transportation_score",108.3
"34101","zcta",2019,"transportation_score",NA
"34102","zcta",2019,"transportation_score",102.44
"34103","zcta",2019,"transportation_score",102.92
"34104","zcta",2019,"transportation_score",101.57
"34105","zcta",2019,"transportation_score",100
"34108","zcta",2019,"transportation_score",103.3
"34109","zcta",2019,"transportation_score",99.88
"34110","zcta",2019,"transportation_score",100.72
"34112","zcta",2019,"transportation_score",101.17
"34113","zcta",2019,"transportation_score",102.07
"34114","zcta",2019,"transportation_score",101
"34116","zcta",2019,"transportation_score",105.08
"34117","zcta",2019,"transportation_score",98.39
"34119","zcta",2019,"transportation_score",99.14
"34120","zcta",2019,"transportation_score",91.53
"34134","zcta",2019,"transportation_score",103.75
"34135","zcta",2019,"transportation_score",101.45
"34137","zcta",2019,"transportation_score",86.79
"34138","zcta",2019,"transportation_score",93.4
"34139","zcta",2019,"transportation_score",96.47
"34140","zcta",2019,"transportation_score",85.92
"34141","zcta",2019,"transportation_score",NA
"34142","zcta",2019,"transportation_score",117.39
"34145","zcta",2019,"transportation_score",103.62
"34201","zcta",2019,"transportation_score",95.44
"34202","zcta",2019,"transportation_score",95.36
"34203","zcta",2019,"transportation_score",96.25
"34205","zcta",2019,"transportation_score",98.73
"34207","zcta",2019,"transportation_score",97.01
"34208","zcta",2019,"transportation_score",97.61
"34209","zcta",2019,"transportation_score",95.56
"34210","zcta",2019,"transportation_score",96.87
"34211","zcta",2019,"transportation_score",92.78
"34212","zcta",2019,"transportation_score",94.95
"34215","zcta",2019,"transportation_score",100.02
"34216","zcta",2019,"transportation_score",93.32
"34217","zcta",2019,"transportation_score",98.57
"34219","zcta",2019,"transportation_score",94.94
"34221","zcta",2019,"transportation_score",96.42
"34222","zcta",2019,"transportation_score",95.56
"34223","zcta",2019,"transportation_score",97.01
"34224","zcta",2019,"transportation_score",93.68
"34228","zcta",2019,"transportation_score",100.03
"34229","zcta",2019,"transportation_score",95.36
"34231","zcta",2019,"transportation_score",95.39
"34232","zcta",2019,"transportation_score",94.59
"34233","zcta",2019,"transportation_score",97.05
"34234","zcta",2019,"transportation_score",99.6
"34235","zcta",2019,"transportation_score",95.88
"34236","zcta",2019,"transportation_score",102.68
"34237","zcta",2019,"transportation_score",95.14
"34238","zcta",2019,"transportation_score",94.85
"34239","zcta",2019,"transportation_score",95.88
"34240","zcta",2019,"transportation_score",91.94
"34241","zcta",2019,"transportation_score",95.19
"34242","zcta",2019,"transportation_score",99.41
"34243","zcta",2019,"transportation_score",93.46
"34251","zcta",2019,"transportation_score",93.51
"34266","zcta",2019,"transportation_score",100.93
"34268","zcta",2019,"transportation_score",105.86
"34269","zcta",2019,"transportation_score",91.9
"34275","zcta",2019,"transportation_score",94.38
"34285","zcta",2019,"transportation_score",95.72
"34286","zcta",2019,"transportation_score",91.64
"34287","zcta",2019,"transportation_score",92
"34288","zcta",2019,"transportation_score",92.28
"34289","zcta",2019,"transportation_score",88.33
"34291","zcta",2019,"transportation_score",91.47
"34292","zcta",2019,"transportation_score",93.6
"34293","zcta",2019,"transportation_score",94.28
"34420","zcta",2019,"transportation_score",91.75
"34428","zcta",2019,"transportation_score",93.26
"34429","zcta",2019,"transportation_score",92.15
"34431","zcta",2019,"transportation_score",91.91
"34432","zcta",2019,"transportation_score",92.31
"34433","zcta",2019,"transportation_score",90.3
"34434","zcta",2019,"transportation_score",91.1
"34436","zcta",2019,"transportation_score",94.47
"34442","zcta",2019,"transportation_score",92.93
"34445","zcta",2019,"transportation_score",NA
"34446","zcta",2019,"transportation_score",91.82
"34448","zcta",2019,"transportation_score",91.75
"34449","zcta",2019,"transportation_score",94.16
"34450","zcta",2019,"transportation_score",91.11
"34452","zcta",2019,"transportation_score",92.47
"34453","zcta",2019,"transportation_score",94.08
"34461","zcta",2019,"transportation_score",91.79
"34465","zcta",2019,"transportation_score",93.55
"34470","zcta",2019,"transportation_score",103.16
"34471","zcta",2019,"transportation_score",102.52
"34472","zcta",2019,"transportation_score",101.87
"34473","zcta",2019,"transportation_score",91.82
"34474","zcta",2019,"transportation_score",93.62
"34475","zcta",2019,"transportation_score",110.88
"34476","zcta",2019,"transportation_score",100.68
"34479","zcta",2019,"transportation_score",103.79
"34480","zcta",2019,"transportation_score",100.1
"34481","zcta",2019,"transportation_score",104.46
"34482","zcta",2019,"transportation_score",107.07
"34484","zcta",2019,"transportation_score",91.39
"34488","zcta",2019,"transportation_score",91.33
"34491","zcta",2019,"transportation_score",93
"34498","zcta",2019,"transportation_score",93.62
"34601","zcta",2019,"transportation_score",99.66
"34602","zcta",2019,"transportation_score",92.98
"34604","zcta",2019,"transportation_score",93.01
"34606","zcta",2019,"transportation_score",101.04
"34607","zcta",2019,"transportation_score",94.57
"34608","zcta",2019,"transportation_score",100.08
"34609","zcta",2019,"transportation_score",99.71
"34610","zcta",2019,"transportation_score",98.99
"34613","zcta",2019,"transportation_score",100.01
"34614","zcta",2019,"transportation_score",91.33
"34637","zcta",2019,"transportation_score",93.45
"34638","zcta",2019,"transportation_score",103.49
"34639","zcta",2019,"transportation_score",103.51
"34652","zcta",2019,"transportation_score",107.15
"34653","zcta",2019,"transportation_score",106.57
"34654","zcta",2019,"transportation_score",104.51
"34655","zcta",2019,"transportation_score",103.62
"34661","zcta",2019,"transportation_score",84.26
"34667","zcta",2019,"transportation_score",105.94
"34668","zcta",2019,"transportation_score",105.83
"34669","zcta",2019,"transportation_score",104.83
"34677","zcta",2019,"transportation_score",104.15
"34679","zcta",2019,"transportation_score",NA
"34681","zcta",2019,"transportation_score",103.82
"34683","zcta",2019,"transportation_score",104.4
"34684","zcta",2019,"transportation_score",103.58
"34685","zcta",2019,"transportation_score",104.36
"34688","zcta",2019,"transportation_score",104.01
"34689","zcta",2019,"transportation_score",107.79
"34690","zcta",2019,"transportation_score",106.33
"34691","zcta",2019,"transportation_score",106.2
"34695","zcta",2019,"transportation_score",104.78
"34698","zcta",2019,"transportation_score",104.39
"34705","zcta",2019,"transportation_score",93.82
"34711","zcta",2019,"transportation_score",101.89
"34714","zcta",2019,"transportation_score",91.54
"34715","zcta",2019,"transportation_score",92.01
"34731","zcta",2019,"transportation_score",98.79
"34734","zcta",2019,"transportation_score",93.45
"34736","zcta",2019,"transportation_score",90.88
"34737","zcta",2019,"transportation_score",94.73
"34739","zcta",2019,"transportation_score",88.65
"34741","zcta",2019,"transportation_score",95.17
"34743","zcta",2019,"transportation_score",91.54
"34744","zcta",2019,"transportation_score",92.92
"34746","zcta",2019,"transportation_score",94.01
"34747","zcta",2019,"transportation_score",95.41
"34748","zcta",2019,"transportation_score",104.78
"34753","zcta",2019,"transportation_score",92.62
"34756","zcta",2019,"transportation_score",92.47
"34758","zcta",2019,"transportation_score",93.14
"34759","zcta",2019,"transportation_score",92.34
"34760","zcta",2019,"transportation_score",89.79
"34761","zcta",2019,"transportation_score",104.16
"34762","zcta",2019,"transportation_score",87.86
"34769","zcta",2019,"transportation_score",95.08
"34771","zcta",2019,"transportation_score",92.59
"34772","zcta",2019,"transportation_score",91.53
"34773","zcta",2019,"transportation_score",92.63
"34785","zcta",2019,"transportation_score",94.25
"34786","zcta",2019,"transportation_score",103.2
"34787","zcta",2019,"transportation_score",103.59
"34788","zcta",2019,"transportation_score",100.29
"34797","zcta",2019,"transportation_score",93.29
"34945","zcta",2019,"transportation_score",92.93
"34946","zcta",2019,"transportation_score",101.18
"34947","zcta",2019,"transportation_score",106.74
"34949","zcta",2019,"transportation_score",105.45
"34950","zcta",2019,"transportation_score",109.78
"34951","zcta",2019,"transportation_score",93.59
"34952","zcta",2019,"transportation_score",102.6
"34953","zcta",2019,"transportation_score",102.56
"34956","zcta",2019,"transportation_score",98.39
"34957","zcta",2019,"transportation_score",102.93
"34972","zcta",2019,"transportation_score",94.56
"34974","zcta",2019,"transportation_score",93.69
"34981","zcta",2019,"transportation_score",91.02
"34982","zcta",2019,"transportation_score",103.73
"34983","zcta",2019,"transportation_score",102.71
"34984","zcta",2019,"transportation_score",101.33
"34986","zcta",2019,"transportation_score",103.24
"34987","zcta",2019,"transportation_score",93.07
"34990","zcta",2019,"transportation_score",101.36
"34994","zcta",2019,"transportation_score",104.5
"34996","zcta",2019,"transportation_score",103.58
"34997","zcta",2019,"transportation_score",104.69
"32003","zcta",2019,"transportation_rnk",79.2419
"32008","zcta",2019,"transportation_rnk",40.641
"32009","zcta",2019,"transportation_rnk",40.7906
"32011","zcta",2019,"transportation_rnk",12.0774
"32024","zcta",2019,"transportation_rnk",48.762
"32025","zcta",2019,"transportation_rnk",41.4283
"32026","zcta",2019,"transportation_rnk",NA
"32033","zcta",2019,"transportation_rnk",55.8289
"32034","zcta",2019,"transportation_rnk",85.6255
"32038","zcta",2019,"transportation_rnk",36.7138
"32040","zcta",2019,"transportation_rnk",24.1288
"32043","zcta",2019,"transportation_rnk",76.652
"32044","zcta",2019,"transportation_rnk",11.4918
"32046","zcta",2019,"transportation_rnk",33.8116
"32052","zcta",2019,"transportation_rnk",NA
"32053","zcta",2019,"transportation_rnk",48.1959
"32054","zcta",2019,"transportation_rnk",53.8572
"32055","zcta",2019,"transportation_rnk",44.9162
"32058","zcta",2019,"transportation_rnk",15.4384
"32059","zcta",2019,"transportation_rnk",13.3594
"32060","zcta",2019,"transportation_rnk",50.2131
"32061","zcta",2019,"transportation_rnk",29.5233
"32062","zcta",2019,"transportation_rnk",22.7851
"32063","zcta",2019,"transportation_rnk",83.6115
"32064","zcta",2019,"transportation_rnk",90.8996
"32065","zcta",2019,"transportation_rnk",77.8559
"32066","zcta",2019,"transportation_rnk",12.9136
"32068","zcta",2019,"transportation_rnk",78.9719
"32071","zcta",2019,"transportation_rnk",23.6375
"32072","zcta",2019,"transportation_rnk",53.5839
"32073","zcta",2019,"transportation_rnk",77.8884
"32079","zcta",2019,"transportation_rnk",76.0534
"32080","zcta",2019,"transportation_rnk",86.8066
"32081","zcta",2019,"transportation_rnk",35.9265
"32082","zcta",2019,"transportation_rnk",78.8645
"32083","zcta",2019,"transportation_rnk",NA
"32084","zcta",2019,"transportation_rnk",86.6634
"32086","zcta",2019,"transportation_rnk",84.2818
"32087","zcta",2019,"transportation_rnk",15.0155
"32091","zcta",2019,"transportation_rnk",64.8023
"32092","zcta",2019,"transportation_rnk",25.1277
"32094","zcta",2019,"transportation_rnk",4.067
"32095","zcta",2019,"transportation_rnk",45.3912
"32096","zcta",2019,"transportation_rnk",47.9876
"32097","zcta",2019,"transportation_rnk",13.1576
"32102","zcta",2019,"transportation_rnk",64.2134
"32110","zcta",2019,"transportation_rnk",68.6319
"32112","zcta",2019,"transportation_rnk",69.7641
"32113","zcta",2019,"transportation_rnk",41.1127
"32114","zcta",2019,"transportation_rnk",76.1705
"32117","zcta",2019,"transportation_rnk",65.0431
"32118","zcta",2019,"transportation_rnk",72.7509
"32119","zcta",2019,"transportation_rnk",43.3642
"32124","zcta",2019,"transportation_rnk",46.6406
"32127","zcta",2019,"transportation_rnk",36.1835
"32128","zcta",2019,"transportation_rnk",45.2839
"32129","zcta",2019,"transportation_rnk",47.864
"32130","zcta",2019,"transportation_rnk",28.7132
"32131","zcta",2019,"transportation_rnk",52.2987
"32132","zcta",2019,"transportation_rnk",28.4366
"32133","zcta",2019,"transportation_rnk",NA
"32134","zcta",2019,"transportation_rnk",34.3582
"32136","zcta",2019,"transportation_rnk",37.2637
"32137","zcta",2019,"transportation_rnk",23.9987
"32139","zcta",2019,"transportation_rnk",77.2149
"32140","zcta",2019,"transportation_rnk",46.0159
"32141","zcta",2019,"transportation_rnk",32.8551
"32145","zcta",2019,"transportation_rnk",61.0119
"32147","zcta",2019,"transportation_rnk",6.1136
"32148","zcta",2019,"transportation_rnk",26.9302
"32157","zcta",2019,"transportation_rnk",30.1611
"32159","zcta",2019,"transportation_rnk",52.2987
"32162","zcta",2019,"transportation_rnk",63.605
"32164","zcta",2019,"transportation_rnk",27.8868
"32168","zcta",2019,"transportation_rnk",48.6351
"32169","zcta",2019,"transportation_rnk",56.883
"32174","zcta",2019,"transportation_rnk",49.2923
"32176","zcta",2019,"transportation_rnk",55.9915
"32177","zcta",2019,"transportation_rnk",81.1713
"32179","zcta",2019,"transportation_rnk",52.7932
"32180","zcta",2019,"transportation_rnk",45.7199
"32181","zcta",2019,"transportation_rnk",16.2063
"32187","zcta",2019,"transportation_rnk",18.0055
"32189","zcta",2019,"transportation_rnk",62.014
"32190","zcta",2019,"transportation_rnk",69.5103
"32193","zcta",2019,"transportation_rnk",18.3146
"32195","zcta",2019,"transportation_rnk",30.34
"32202","zcta",2019,"transportation_rnk",NA
"32204","zcta",2019,"transportation_rnk",86.3706
"32205","zcta",2019,"transportation_rnk",85.9769
"32206","zcta",2019,"transportation_rnk",92.1393
"32207","zcta",2019,"transportation_rnk",85.8045
"32208","zcta",2019,"transportation_rnk",85.8598
"32209","zcta",2019,"transportation_rnk",93.3626
"32210","zcta",2019,"transportation_rnk",84.0898
"32211","zcta",2019,"transportation_rnk",88.2089
"32212","zcta",2019,"transportation_rnk",NA
"32216","zcta",2019,"transportation_rnk",82.4467
"32217","zcta",2019,"transportation_rnk",82.3654
"32218","zcta",2019,"transportation_rnk",79.4241
"32219","zcta",2019,"transportation_rnk",83.5237
"32220","zcta",2019,"transportation_rnk",78.5717
"32221","zcta",2019,"transportation_rnk",77.8884
"32222","zcta",2019,"transportation_rnk",31.5048
"32223","zcta",2019,"transportation_rnk",77.4166
"32224","zcta",2019,"transportation_rnk",79.5966
"32225","zcta",2019,"transportation_rnk",77.6184
"32226","zcta",2019,"transportation_rnk",10.8053
"32227","zcta",2019,"transportation_rnk",NA
"32228","zcta",2019,"transportation_rnk",NA
"32233","zcta",2019,"transportation_rnk",80.8947
"32234","zcta",2019,"transportation_rnk",50.6133
"32244","zcta",2019,"transportation_rnk",79.8601
"32246","zcta",2019,"transportation_rnk",82.7558
"32250","zcta",2019,"transportation_rnk",81.5682
"32254","zcta",2019,"transportation_rnk",87.5451
"32256","zcta",2019,"transportation_rnk",77.999
"32257","zcta",2019,"transportation_rnk",78.2398
"32258","zcta",2019,"transportation_rnk",79.5966
"32259","zcta",2019,"transportation_rnk",77.8559
"32266","zcta",2019,"transportation_rnk",77.716
"32277","zcta",2019,"transportation_rnk",85.7817
"32301","zcta",2019,"transportation_rnk",89.9658
"32303","zcta",2019,"transportation_rnk",84.4054
"32304","zcta",2019,"transportation_rnk",91.9668
"32305","zcta",2019,"transportation_rnk",87.2165
"32308","zcta",2019,"transportation_rnk",81.2331
"32309","zcta",2019,"transportation_rnk",81.5032
"32310","zcta",2019,"transportation_rnk",87.1515
"32311","zcta",2019,"transportation_rnk",84.3436
"32312","zcta",2019,"transportation_rnk",81.9554
"32317","zcta",2019,"transportation_rnk",81.0997
"32320","zcta",2019,"transportation_rnk",56.5804
"32321","zcta",2019,"transportation_rnk",23.3285
"32322","zcta",2019,"transportation_rnk",NA
"32323","zcta",2019,"transportation_rnk",0.3189
"32324","zcta",2019,"transportation_rnk",60.7646
"32327","zcta",2019,"transportation_rnk",18.0055
"32328","zcta",2019,"transportation_rnk",43.579
"32330","zcta",2019,"transportation_rnk",67.2458
"32331","zcta",2019,"transportation_rnk",66.3088
"32332","zcta",2019,"transportation_rnk",21.8904
"32333","zcta",2019,"transportation_rnk",26.1396
"32334","zcta",2019,"transportation_rnk",46.8391
"32336","zcta",2019,"transportation_rnk",57.5533
"32340","zcta",2019,"transportation_rnk",41.1127
"32343","zcta",2019,"transportation_rnk",7.2361
"32344","zcta",2019,"transportation_rnk",21.7407
"32346","zcta",2019,"transportation_rnk",69.5949
"32347","zcta",2019,"transportation_rnk",26.9302
"32348","zcta",2019,"transportation_rnk",37.6281
"32350","zcta",2019,"transportation_rnk",44.0508
"32351","zcta",2019,"transportation_rnk",33.4179
"32352","zcta",2019,"transportation_rnk",48.3813
"32355","zcta",2019,"transportation_rnk",53.6424
"32356","zcta",2019,"transportation_rnk",NA
"32358","zcta",2019,"transportation_rnk",21.2364
"32359","zcta",2019,"transportation_rnk",4.7958
"32361","zcta",2019,"transportation_rnk",50.815
"32399","zcta",2019,"transportation_rnk",NA
"32401","zcta",2019,"transportation_rnk",74.2541
"32403","zcta",2019,"transportation_rnk",42.0107
"32404","zcta",2019,"transportation_rnk",70.5743
"32405","zcta",2019,"transportation_rnk",74.4233
"32407","zcta",2019,"transportation_rnk",59.808
"32408","zcta",2019,"transportation_rnk",72.829
"32409","zcta",2019,"transportation_rnk",18.5717
"32410","zcta",2019,"transportation_rnk",66.2177
"32413","zcta",2019,"transportation_rnk",74.4233
"32420","zcta",2019,"transportation_rnk",37.3841
"32421","zcta",2019,"transportation_rnk",32.585
"32423","zcta",2019,"transportation_rnk",28.0039
"32424","zcta",2019,"transportation_rnk",57.4784
"32425","zcta",2019,"transportation_rnk",27.7501
"32426","zcta",2019,"transportation_rnk",13.4602
"32427","zcta",2019,"transportation_rnk",5.5246
"32428","zcta",2019,"transportation_rnk",26.1396
"32430","zcta",2019,"transportation_rnk",20.7451
"32431","zcta",2019,"transportation_rnk",17.5045
"32432","zcta",2019,"transportation_rnk",NA
"32433","zcta",2019,"transportation_rnk",58.7766
"32435","zcta",2019,"transportation_rnk",55.0838
"32437","zcta",2019,"transportation_rnk",44.9162
"32438","zcta",2019,"transportation_rnk",59.4274
"32439","zcta",2019,"transportation_rnk",44.9162
"32440","zcta",2019,"transportation_rnk",45.1375
"32442","zcta",2019,"transportation_rnk",11.9017
"32443","zcta",2019,"transportation_rnk",20.8362
"32444","zcta",2019,"transportation_rnk",67.9323
"32445","zcta",2019,"transportation_rnk",NA
"32446","zcta",2019,"transportation_rnk",19.3883
"32447","zcta",2019,"transportation_rnk",NA
"32448","zcta",2019,"transportation_rnk",19.5054
"32449","zcta",2019,"transportation_rnk",10.5027
"32455","zcta",2019,"transportation_rnk",28.57
"32456","zcta",2019,"transportation_rnk",90.1188
"32459","zcta",2019,"transportation_rnk",48.1959
"32460","zcta",2019,"transportation_rnk",NA
"32461","zcta",2019,"transportation_rnk",NA
"32462","zcta",2019,"transportation_rnk",28.9767
"32463","zcta",2019,"transportation_rnk",17.6118
"32464","zcta",2019,"transportation_rnk",43.579
"32465","zcta",2019,"transportation_rnk",54.7682
"32466","zcta",2019,"transportation_rnk",33.1381
"32501","zcta",2019,"transportation_rnk",84.4379
"32502","zcta",2019,"transportation_rnk",57.1075
"32503","zcta",2019,"transportation_rnk",83.0779
"32504","zcta",2019,"transportation_rnk",75.9623
"32505","zcta",2019,"transportation_rnk",80.4946
"32506","zcta",2019,"transportation_rnk",76.4893
"32507","zcta",2019,"transportation_rnk",77.2507
"32508","zcta",2019,"transportation_rnk",NA
"32509","zcta",2019,"transportation_rnk",NA
"32511","zcta",2019,"transportation_rnk",NA
"32514","zcta",2019,"transportation_rnk",75.8842
"32526","zcta",2019,"transportation_rnk",74.2053
"32530","zcta",2019,"transportation_rnk",NA
"32531","zcta",2019,"transportation_rnk",44.1776
"32533","zcta",2019,"transportation_rnk",74.9244
"32534","zcta",2019,"transportation_rnk",81.2624
"32535","zcta",2019,"transportation_rnk",64.3468
"32536","zcta",2019,"transportation_rnk",21.9977
"32539","zcta",2019,"transportation_rnk",54.2053
"32541","zcta",2019,"transportation_rnk",66.3803
"32542","zcta",2019,"transportation_rnk",NA
"32544","zcta",2019,"transportation_rnk",NA
"32547","zcta",2019,"transportation_rnk",66.3088
"32548","zcta",2019,"transportation_rnk",67.1449
"32550","zcta",2019,"transportation_rnk",71.1697
"32561","zcta",2019,"transportation_rnk",74.1402
"32563","zcta",2019,"transportation_rnk",59.1378
"32564","zcta",2019,"transportation_rnk",61.9652
"32565","zcta",2019,"transportation_rnk",24.5095
"32566","zcta",2019,"transportation_rnk",65.6125
"32567","zcta",2019,"transportation_rnk",32.1295
"32568","zcta",2019,"transportation_rnk",55.4905
"32569","zcta",2019,"transportation_rnk",20.4197
"32570","zcta",2019,"transportation_rnk",75.6597
"32571","zcta",2019,"transportation_rnk",74.1077
"32577","zcta",2019,"transportation_rnk",33.9613
"32578","zcta",2019,"transportation_rnk",60.9403
"32579","zcta",2019,"transportation_rnk",58.448
"32580","zcta",2019,"transportation_rnk",69.8845
"32583","zcta",2019,"transportation_rnk",28.2967
"32601","zcta",2019,"transportation_rnk",91.931
"32603","zcta",2019,"transportation_rnk",NA
"32605","zcta",2019,"transportation_rnk",82.8729
"32606","zcta",2019,"transportation_rnk",82.04
"32607","zcta",2019,"transportation_rnk",87.7436
"32608","zcta",2019,"transportation_rnk",87.5582
"32609","zcta",2019,"transportation_rnk",89.2696
"32612","zcta",2019,"transportation_rnk",NA
"32615","zcta",2019,"transportation_rnk",38.666
"32616","zcta",2019,"transportation_rnk",51.2347
"32617","zcta",2019,"transportation_rnk",46.0159
"32618","zcta",2019,"transportation_rnk",25.0203
"32619","zcta",2019,"transportation_rnk",65.6808
"32621","zcta",2019,"transportation_rnk",8.2447
"32622","zcta",2019,"transportation_rnk",49.8032
"32625","zcta",2019,"transportation_rnk",51.5731
"32626","zcta",2019,"transportation_rnk",42.0107
"32628","zcta",2019,"transportation_rnk",72.6468
"32631","zcta",2019,"transportation_rnk",1.8285
"32639","zcta",2019,"transportation_rnk",56.0469
"32640","zcta",2019,"transportation_rnk",21.8904
"32641","zcta",2019,"transportation_rnk",86.4682
"32643","zcta",2019,"transportation_rnk",13.8149
"32648","zcta",2019,"transportation_rnk",9.0386
"32653","zcta",2019,"transportation_rnk",76.5772
"32656","zcta",2019,"transportation_rnk",28.7132
"32658","zcta",2019,"transportation_rnk",3.2308
"32664","zcta",2019,"transportation_rnk",5.9053
"32666","zcta",2019,"transportation_rnk",45.5181
"32667","zcta",2019,"transportation_rnk",59.3721
"32668","zcta",2019,"transportation_rnk",40.0358
"32669","zcta",2019,"transportation_rnk",39.6291
"32680","zcta",2019,"transportation_rnk",55.9135
"32681","zcta",2019,"transportation_rnk",NA
"32683","zcta",2019,"transportation_rnk",1.4641
"32686","zcta",2019,"transportation_rnk",51.5731
"32692","zcta",2019,"transportation_rnk",50.5222
"32693","zcta",2019,"transportation_rnk",52.7119
"32694","zcta",2019,"transportation_rnk",62.0628
"32696","zcta",2019,"transportation_rnk",37.498
"32697","zcta",2019,"transportation_rnk",39.5217
"32701","zcta",2019,"transportation_rnk",79.6844
"32702","zcta",2019,"transportation_rnk",20.6345
"32703","zcta",2019,"transportation_rnk",78.9198
"32707","zcta",2019,"transportation_rnk",79.2256
"32708","zcta",2019,"transportation_rnk",75.9688
"32709","zcta",2019,"transportation_rnk",56.0469
"32712","zcta",2019,"transportation_rnk",76.8212
"32713","zcta",2019,"transportation_rnk",49.2923
"32714","zcta",2019,"transportation_rnk",79.2972
"32720","zcta",2019,"transportation_rnk",58.8352
"32724","zcta",2019,"transportation_rnk",55.0838
"32725","zcta",2019,"transportation_rnk",26.3966
"32726","zcta",2019,"transportation_rnk",73.74
"32730","zcta",2019,"transportation_rnk",67.5321
"32732","zcta",2019,"transportation_rnk",48.4822
"32735","zcta",2019,"transportation_rnk",10.6328
"32736","zcta",2019,"transportation_rnk",27.2328
"32738","zcta",2019,"transportation_rnk",17.28
"32744","zcta",2019,"transportation_rnk",43.0129
"32746","zcta",2019,"transportation_rnk",77.2149
"32750","zcta",2019,"transportation_rnk",76.1184
"32751","zcta",2019,"transportation_rnk",77.5468
"32754","zcta",2019,"transportation_rnk",31.0265
"32757","zcta",2019,"transportation_rnk",73.5253
"32759","zcta",2019,"transportation_rnk",26.0192
"32763","zcta",2019,"transportation_rnk",25.2546
"32764","zcta",2019,"transportation_rnk",32.4288
"32765","zcta",2019,"transportation_rnk",76.1249
"32766","zcta",2019,"transportation_rnk",33.0015
"32767","zcta",2019,"transportation_rnk",21.8904
"32771","zcta",2019,"transportation_rnk",78.0218
"32773","zcta",2019,"transportation_rnk",78.7831
"32776","zcta",2019,"transportation_rnk",34.0784
"32778","zcta",2019,"transportation_rnk",72.2531
"32779","zcta",2019,"transportation_rnk",75.8191
"32780","zcta",2019,"transportation_rnk",48.3813
"32784","zcta",2019,"transportation_rnk",38.7897
"32789","zcta",2019,"transportation_rnk",78.9881
"32792","zcta",2019,"transportation_rnk",80.8297
"32796","zcta",2019,"transportation_rnk",33.2943
"32798","zcta",2019,"transportation_rnk",20.5206
"32801","zcta",2019,"transportation_rnk",79.9512
"32803","zcta",2019,"transportation_rnk",78.8254
"32804","zcta",2019,"transportation_rnk",75.702
"32805","zcta",2019,"transportation_rnk",93.9906
"32806","zcta",2019,"transportation_rnk",78.7506
"32807","zcta",2019,"transportation_rnk",79.9349
"32808","zcta",2019,"transportation_rnk",87.6265
"32809","zcta",2019,"transportation_rnk",88.788
"32810","zcta",2019,"transportation_rnk",80.5466
"32811","zcta",2019,"transportation_rnk",86.5886
"32812","zcta",2019,"transportation_rnk",77.6574
"32814","zcta",2019,"transportation_rnk",34.3582
"32817","zcta",2019,"transportation_rnk",77.3841
"32818","zcta",2019,"transportation_rnk",82.1018
"32819","zcta",2019,"transportation_rnk",78.9198
"32820","zcta",2019,"transportation_rnk",41.1973
"32821","zcta",2019,"transportation_rnk",58.9133
"32822","zcta",2019,"transportation_rnk",79.6454
"32824","zcta",2019,"transportation_rnk",76.9741
"32825","zcta",2019,"transportation_rnk",76.2779
"32826","zcta",2019,"transportation_rnk",NA
"32827","zcta",2019,"transportation_rnk",39.1541
"32828","zcta",2019,"transportation_rnk",38.7897
"32829","zcta",2019,"transportation_rnk",23.3285
"32830","zcta",2019,"transportation_rnk",NA
"32831","zcta",2019,"transportation_rnk",NA
"32832","zcta",2019,"transportation_rnk",37.3841
"32833","zcta",2019,"transportation_rnk",22.7851
"32835","zcta",2019,"transportation_rnk",76.9969
"32836","zcta",2019,"transportation_rnk",76.2681
"32837","zcta",2019,"transportation_rnk",43.2634
"32839","zcta",2019,"transportation_rnk",90.4897
"32901","zcta",2019,"transportation_rnk",87.8282
"32903","zcta",2019,"transportation_rnk",84.1386
"32904","zcta",2019,"transportation_rnk",80.4132
"32905","zcta",2019,"transportation_rnk",82.3394
"32907","zcta",2019,"transportation_rnk",81.1713
"32908","zcta",2019,"transportation_rnk",80.5141
"32909","zcta",2019,"transportation_rnk",80.6019
"32920","zcta",2019,"transportation_rnk",88.3423
"32922","zcta",2019,"transportation_rnk",89.2598
"32925","zcta",2019,"transportation_rnk",66.6504
"32926","zcta",2019,"transportation_rnk",80.9338
"32927","zcta",2019,"transportation_rnk",80.3254
"32931","zcta",2019,"transportation_rnk",84.3436
"32934","zcta",2019,"transportation_rnk",81.0151
"32935","zcta",2019,"transportation_rnk",84.8902
"32937","zcta",2019,"transportation_rnk",82.1376
"32940","zcta",2019,"transportation_rnk",81.4479
"32948","zcta",2019,"transportation_rnk",66.0062
"32949","zcta",2019,"transportation_rnk",58.1129
"32950","zcta",2019,"transportation_rnk",41.7309
"32951","zcta",2019,"transportation_rnk",85.658
"32952","zcta",2019,"transportation_rnk",81.5227
"32953","zcta",2019,"transportation_rnk",83.3773
"32955","zcta",2019,"transportation_rnk",82.04
"32958","zcta",2019,"transportation_rnk",56.7887
"32960","zcta",2019,"transportation_rnk",70.1741
"32962","zcta",2019,"transportation_rnk",60.6605
"32963","zcta",2019,"transportation_rnk",67.5321
"32966","zcta",2019,"transportation_rnk",62.5834
"32967","zcta",2019,"transportation_rnk",69.7966
"32968","zcta",2019,"transportation_rnk",46.4942
"32970","zcta",2019,"transportation_rnk",74.2997
"32976","zcta",2019,"transportation_rnk",66.3803
"33001","zcta",2019,"transportation_rnk",79.4241
"33004","zcta",2019,"transportation_rnk",93.0665
"33009","zcta",2019,"transportation_rnk",93.1088
"33010","zcta",2019,"transportation_rnk",92.4321
"33012","zcta",2019,"transportation_rnk",92.2076
"33013","zcta",2019,"transportation_rnk",90.7857
"33014","zcta",2019,"transportation_rnk",89.8129
"33015","zcta",2019,"transportation_rnk",90.3628
"33016","zcta",2019,"transportation_rnk",91.212
"33018","zcta",2019,"transportation_rnk",90.802
"33019","zcta",2019,"transportation_rnk",90.4018
"33020","zcta",2019,"transportation_rnk",94.3615
"33021","zcta",2019,"transportation_rnk",92.149
"33023","zcta",2019,"transportation_rnk",92.0059
"33024","zcta",2019,"transportation_rnk",90.3465
"33025","zcta",2019,"transportation_rnk",87.9844
"33026","zcta",2019,"transportation_rnk",89.1394
"33027","zcta",2019,"transportation_rnk",90.0407
"33028","zcta",2019,"transportation_rnk",89.0939
"33029","zcta",2019,"transportation_rnk",88.5928
"33030","zcta",2019,"transportation_rnk",95.2172
"33031","zcta",2019,"transportation_rnk",90.4539
"33032","zcta",2019,"transportation_rnk",91.8562
"33033","zcta",2019,"transportation_rnk",92.6663
"33034","zcta",2019,"transportation_rnk",94.0589
"33035","zcta",2019,"transportation_rnk",63.3219
"33036","zcta",2019,"transportation_rnk",83.6668
"33037","zcta",2019,"transportation_rnk",65.3099
"33039","zcta",2019,"transportation_rnk",4.4347
"33040","zcta",2019,"transportation_rnk",88.9865
"33042","zcta",2019,"transportation_rnk",47.5028
"33043","zcta",2019,"transportation_rnk",68.2382
"33050","zcta",2019,"transportation_rnk",73.3366
"33051","zcta",2019,"transportation_rnk",75.5881
"33054","zcta",2019,"transportation_rnk",92.8355
"33055","zcta",2019,"transportation_rnk",90.4376
"33056","zcta",2019,"transportation_rnk",92.1588
"33060","zcta",2019,"transportation_rnk",94.5567
"33062","zcta",2019,"transportation_rnk",91.277
"33063","zcta",2019,"transportation_rnk",90.4897
"33064","zcta",2019,"transportation_rnk",93.073
"33065","zcta",2019,"transportation_rnk",92.0905
"33066","zcta",2019,"transportation_rnk",89.9333
"33067","zcta",2019,"transportation_rnk",88.9312
"33068","zcta",2019,"transportation_rnk",91.9668
"33069","zcta",2019,"transportation_rnk",92.4191
"33070","zcta",2019,"transportation_rnk",32.8551
"33071","zcta",2019,"transportation_rnk",89.4257
"33073","zcta",2019,"transportation_rnk",91.212
"33076","zcta",2019,"transportation_rnk",89.891
"33101","zcta",2019,"transportation_rnk",NA
"33109","zcta",2019,"transportation_rnk",68.4399
"33122","zcta",2019,"transportation_rnk",6.4422
"33125","zcta",2019,"transportation_rnk",94.573
"33126","zcta",2019,"transportation_rnk",92.4939
"33127","zcta",2019,"transportation_rnk",96.2095
"33128","zcta",2019,"transportation_rnk",97.0848
"33129","zcta",2019,"transportation_rnk",92.9559
"33130","zcta",2019,"transportation_rnk",96.6585
"33131","zcta",2019,"transportation_rnk",95.9037
"33132","zcta",2019,"transportation_rnk",95.5783
"33133","zcta",2019,"transportation_rnk",93.4667
"33134","zcta",2019,"transportation_rnk",92.4028
"33135","zcta",2019,"transportation_rnk",96.164
"33136","zcta",2019,"transportation_rnk",96.6097
"33137","zcta",2019,"transportation_rnk",94.4949
"33138","zcta",2019,"transportation_rnk",95.2042
"33139","zcta",2019,"transportation_rnk",96.9091
"33140","zcta",2019,"transportation_rnk",93.9776
"33141","zcta",2019,"transportation_rnk",96.4763
"33142","zcta",2019,"transportation_rnk",95.6727
"33143","zcta",2019,"transportation_rnk",94.2932
"33144","zcta",2019,"transportation_rnk",90.8476
"33145","zcta",2019,"transportation_rnk",92.7379
"33146","zcta",2019,"transportation_rnk",93.6001
"33147","zcta",2019,"transportation_rnk",94.2574
"33149","zcta",2019,"transportation_rnk",91.238
"33150","zcta",2019,"transportation_rnk",95.9623
"33154","zcta",2019,"transportation_rnk",93.9222
"33155","zcta",2019,"transportation_rnk",90.7727
"33156","zcta",2019,"transportation_rnk",93.3041
"33157","zcta",2019,"transportation_rnk",92.4386
"33158","zcta",2019,"transportation_rnk",89.7316
"33160","zcta",2019,"transportation_rnk",91.5211
"33161","zcta",2019,"transportation_rnk",95.6401
"33162","zcta",2019,"transportation_rnk",94.612
"33165","zcta",2019,"transportation_rnk",89.4941
"33166","zcta",2019,"transportation_rnk",90.4767
"33167","zcta",2019,"transportation_rnk",92.3865
"33168","zcta",2019,"transportation_rnk",94.15
"33169","zcta",2019,"transportation_rnk",92.367
"33170","zcta",2019,"transportation_rnk",90.8703
"33172","zcta",2019,"transportation_rnk",90.9159
"33173","zcta",2019,"transportation_rnk",89.1394
"33174","zcta",2019,"transportation_rnk",91.4625
"33175","zcta",2019,"transportation_rnk",88.9312
"33176","zcta",2019,"transportation_rnk",91.5015
"33177","zcta",2019,"transportation_rnk",89.9723
"33178","zcta",2019,"transportation_rnk",90.1838
"33179","zcta",2019,"transportation_rnk",92.0807
"33180","zcta",2019,"transportation_rnk",91.2217
"33181","zcta",2019,"transportation_rnk",93.8572
"33182","zcta",2019,"transportation_rnk",88.9084
"33183","zcta",2019,"transportation_rnk",89.6925
"33184","zcta",2019,"transportation_rnk",88.2056
"33185","zcta",2019,"transportation_rnk",88.5408
"33186","zcta",2019,"transportation_rnk",89.8585
"33187","zcta",2019,"transportation_rnk",89.647
"33189","zcta",2019,"transportation_rnk",91.5959
"33190","zcta",2019,"transportation_rnk",92.175
"33193","zcta",2019,"transportation_rnk",89.5884
"33194","zcta",2019,"transportation_rnk",46.9367
"33196","zcta",2019,"transportation_rnk",90.3075
"33301","zcta",2019,"transportation_rnk",91.7358
"33304","zcta",2019,"transportation_rnk",93.1967
"33305","zcta",2019,"transportation_rnk",90.7435
"33306","zcta",2019,"transportation_rnk",51.9538
"33308","zcta",2019,"transportation_rnk",91.8562
"33309","zcta",2019,"transportation_rnk",93.1511
"33311","zcta",2019,"transportation_rnk",95.4124
"33312","zcta",2019,"transportation_rnk",92.7379
"33313","zcta",2019,"transportation_rnk",94.2346
"33314","zcta",2019,"transportation_rnk",91.2998
"33315","zcta",2019,"transportation_rnk",91.1502
"33316","zcta",2019,"transportation_rnk",94.15
"33317","zcta",2019,"transportation_rnk",91.6577
"33319","zcta",2019,"transportation_rnk",92.2792
"33321","zcta",2019,"transportation_rnk",90.5417
"33322","zcta",2019,"transportation_rnk",90.4018
"33323","zcta",2019,"transportation_rnk",90.0016
"33324","zcta",2019,"transportation_rnk",90.07
"33325","zcta",2019,"transportation_rnk",89.5819
"33326","zcta",2019,"transportation_rnk",91.0102
"33327","zcta",2019,"transportation_rnk",89.9203
"33328","zcta",2019,"transportation_rnk",89.9854
"33330","zcta",2019,"transportation_rnk",89.1654
"33331","zcta",2019,"transportation_rnk",89.4257
"33332","zcta",2019,"transportation_rnk",19.0011
"33334","zcta",2019,"transportation_rnk",93.7856
"33351","zcta",2019,"transportation_rnk",91.2282
"33401","zcta",2019,"transportation_rnk",93.6001
"33403","zcta",2019,"transportation_rnk",92.7607
"33404","zcta",2019,"transportation_rnk",93.4244
"33405","zcta",2019,"transportation_rnk",91.9408
"33406","zcta",2019,"transportation_rnk",89.4941
"33407","zcta",2019,"transportation_rnk",93.4765
"33408","zcta",2019,"transportation_rnk",90.558
"33409","zcta",2019,"transportation_rnk",90.9712
"33410","zcta",2019,"transportation_rnk",90.0277
"33411","zcta",2019,"transportation_rnk",90.07
"33412","zcta",2019,"transportation_rnk",31.8399
"33413","zcta",2019,"transportation_rnk",90.4148
"33414","zcta",2019,"transportation_rnk",89.7706
"33415","zcta",2019,"transportation_rnk",91.4625
"33417","zcta",2019,"transportation_rnk",93.0047
"33418","zcta",2019,"transportation_rnk",90.9484
"33426","zcta",2019,"transportation_rnk",89.0939
"33428","zcta",2019,"transportation_rnk",90.8118
"33430","zcta",2019,"transportation_rnk",83.4196
"33431","zcta",2019,"transportation_rnk",91.6252
"33432","zcta",2019,"transportation_rnk",91.0786
"33433","zcta",2019,"transportation_rnk",90.2879
"33434","zcta",2019,"transportation_rnk",90.9159
"33435","zcta",2019,"transportation_rnk",67.0864
"33436","zcta",2019,"transportation_rnk",89.3802
"33437","zcta",2019,"transportation_rnk",91.1014
"33438","zcta",2019,"transportation_rnk",72.6891
"33440","zcta",2019,"transportation_rnk",78.1519
"33441","zcta",2019,"transportation_rnk",92.4321
"33442","zcta",2019,"transportation_rnk",33.1381
"33444","zcta",2019,"transportation_rnk",93.1056
"33445","zcta",2019,"transportation_rnk",90.1448
"33446","zcta",2019,"transportation_rnk",91.6382
"33449","zcta",2019,"transportation_rnk",90.301
"33455","zcta",2019,"transportation_rnk",77.1205
"33458","zcta",2019,"transportation_rnk",90.2034
"33460","zcta",2019,"transportation_rnk",94.6283
"33461","zcta",2019,"transportation_rnk",92.9299
"33462","zcta",2019,"transportation_rnk",91.931
"33463","zcta",2019,"transportation_rnk",91.4365
"33467","zcta",2019,"transportation_rnk",89.4941
"33469","zcta",2019,"transportation_rnk",88.4562
"33470","zcta",2019,"transportation_rnk",90.2099
"33471","zcta",2019,"transportation_rnk",61.8838
"33472","zcta",2019,"transportation_rnk",88.9507
"33473","zcta",2019,"transportation_rnk",49.5136
"33476","zcta",2019,"transportation_rnk",78.4871
"33477","zcta",2019,"transportation_rnk",91.5926
"33478","zcta",2019,"transportation_rnk",40.9891
"33480","zcta",2019,"transportation_rnk",93.727
"33483","zcta",2019,"transportation_rnk",92.2304
"33484","zcta",2019,"transportation_rnk",90.0277
"33486","zcta",2019,"transportation_rnk",90.0602
"33487","zcta",2019,"transportation_rnk",90.5808
"33493","zcta",2019,"transportation_rnk",NA
"33496","zcta",2019,"transportation_rnk",92.0807
"33498","zcta",2019,"transportation_rnk",88.7783
"33503","zcta",2019,"transportation_rnk",1.9554
"33510","zcta",2019,"transportation_rnk",79.5966
"33511","zcta",2019,"transportation_rnk",78.4903
"33513","zcta",2019,"transportation_rnk",28.7132
"33514","zcta",2019,"transportation_rnk",37.742
"33521","zcta",2019,"transportation_rnk",11.4918
"33523","zcta",2019,"transportation_rnk",58.5717
"33525","zcta",2019,"transportation_rnk",45.7199
"33527","zcta",2019,"transportation_rnk",84.952
"33534","zcta",2019,"transportation_rnk",81.6073
"33538","zcta",2019,"transportation_rnk",21.7407
"33540","zcta",2019,"transportation_rnk",45.1375
"33541","zcta",2019,"transportation_rnk",54.9309
"33542","zcta",2019,"transportation_rnk",65.2416
"33543","zcta",2019,"transportation_rnk",77.1205
"33544","zcta",2019,"transportation_rnk",79.063
"33545","zcta",2019,"transportation_rnk",78.8775
"33547","zcta",2019,"transportation_rnk",79.0304
"33548","zcta",2019,"transportation_rnk",78.0673
"33549","zcta",2019,"transportation_rnk",78.8385
"33556","zcta",2019,"transportation_rnk",78.8775
"33558","zcta",2019,"transportation_rnk",77.3841
"33559","zcta",2019,"transportation_rnk",24.7796
"33563","zcta",2019,"transportation_rnk",77.6964
"33565","zcta",2019,"transportation_rnk",81.4674
"33566","zcta",2019,"transportation_rnk",77.537
"33567","zcta",2019,"transportation_rnk",82.1018
"33569","zcta",2019,"transportation_rnk",77.2702
"33570","zcta",2019,"transportation_rnk",79.3623
"33572","zcta",2019,"transportation_rnk",77.1401
"33573","zcta",2019,"transportation_rnk",80.231
"33576","zcta",2019,"transportation_rnk",26.9302
"33578","zcta",2019,"transportation_rnk",33.1381
"33579","zcta",2019,"transportation_rnk",78.653
"33584","zcta",2019,"transportation_rnk",79.5412
"33585","zcta",2019,"transportation_rnk",61.1518
"33592","zcta",2019,"transportation_rnk",82.2352
"33594","zcta",2019,"transportation_rnk",77.3613
"33596","zcta",2019,"transportation_rnk",78.3374
"33597","zcta",2019,"transportation_rnk",21.09
"33598","zcta",2019,"transportation_rnk",60.026
"33602","zcta",2019,"transportation_rnk",83.104
"33603","zcta",2019,"transportation_rnk",83.3089
"33604","zcta",2019,"transportation_rnk",84.272
"33605","zcta",2019,"transportation_rnk",91.9993
"33606","zcta",2019,"transportation_rnk",86.3706
"33607","zcta",2019,"transportation_rnk",82.72
"33609","zcta",2019,"transportation_rnk",81.1453
"33610","zcta",2019,"transportation_rnk",88.2674
"33611","zcta",2019,"transportation_rnk",78.8645
"33612","zcta",2019,"transportation_rnk",91.277
"33613","zcta",2019,"transportation_rnk",87.9161
"33614","zcta",2019,"transportation_rnk",83.849
"33615","zcta",2019,"transportation_rnk",79.9512
"33616","zcta",2019,"transportation_rnk",80.7158
"33617","zcta",2019,"transportation_rnk",85.6255
"33618","zcta",2019,"transportation_rnk",77.934
"33619","zcta",2019,"transportation_rnk",82.7981
"33620","zcta",2019,"transportation_rnk",NA
"33621","zcta",2019,"transportation_rnk",59.7365
"33624","zcta",2019,"transportation_rnk",78.0999
"33625","zcta",2019,"transportation_rnk",78.2788
"33626","zcta",2019,"transportation_rnk",78.9881
"33629","zcta",2019,"transportation_rnk",78.2788
"33634","zcta",2019,"transportation_rnk",83.4391
"33635","zcta",2019,"transportation_rnk",78.1845
"33637","zcta",2019,"transportation_rnk",81.5617
"33647","zcta",2019,"transportation_rnk",79.4892
"33701","zcta",2019,"transportation_rnk",89.006
"33702","zcta",2019,"transportation_rnk",83.553
"33703","zcta",2019,"transportation_rnk",81.4869
"33704","zcta",2019,"transportation_rnk",83.5822
"33705","zcta",2019,"transportation_rnk",81.9424
"33706","zcta",2019,"transportation_rnk",81.6691
"33707","zcta",2019,"transportation_rnk",84.8414
"33708","zcta",2019,"transportation_rnk",82.2352
"33709","zcta",2019,"transportation_rnk",81.9684
"33710","zcta",2019,"transportation_rnk",81.0151
"33711","zcta",2019,"transportation_rnk",88.1373
"33712","zcta",2019,"transportation_rnk",85.6385
"33713","zcta",2019,"transportation_rnk",63.784
"33714","zcta",2019,"transportation_rnk",82.5834
"33715","zcta",2019,"transportation_rnk",82.1018
"33716","zcta",2019,"transportation_rnk",78.8385
"33744","zcta",2019,"transportation_rnk",NA
"33755","zcta",2019,"transportation_rnk",90.9257
"33756","zcta",2019,"transportation_rnk",86.8066
"33759","zcta",2019,"transportation_rnk",82.3166
"33760","zcta",2019,"transportation_rnk",81.6854
"33761","zcta",2019,"transportation_rnk",79.0727
"33762","zcta",2019,"transportation_rnk",87.1027
"33763","zcta",2019,"transportation_rnk",79.7104
"33764","zcta",2019,"transportation_rnk",81.2754
"33765","zcta",2019,"transportation_rnk",89.0939
"33767","zcta",2019,"transportation_rnk",79.4404
"33770","zcta",2019,"transportation_rnk",81.1615
"33771","zcta",2019,"transportation_rnk",82.2873
"33772","zcta",2019,"transportation_rnk",79.1541
"33773","zcta",2019,"transportation_rnk",84.0638
"33774","zcta",2019,"transportation_rnk",80.7321
"33776","zcta",2019,"transportation_rnk",76.6878
"33777","zcta",2019,"transportation_rnk",31.7195
"33778","zcta",2019,"transportation_rnk",77.5012
"33781","zcta",2019,"transportation_rnk",80.2245
"33782","zcta",2019,"transportation_rnk",16.2063
"33785","zcta",2019,"transportation_rnk",80.3123
"33786","zcta",2019,"transportation_rnk",57.1075
"33801","zcta",2019,"transportation_rnk",88.3748
"33803","zcta",2019,"transportation_rnk",84.3794
"33805","zcta",2019,"transportation_rnk",89.2305
"33809","zcta",2019,"transportation_rnk",83.784
"33810","zcta",2019,"transportation_rnk",83.9466
"33811","zcta",2019,"transportation_rnk",82.5183
"33812","zcta",2019,"transportation_rnk",84.7535
"33813","zcta",2019,"transportation_rnk",82.1994
"33815","zcta",2019,"transportation_rnk",85.427
"33823","zcta",2019,"transportation_rnk",47.7859
"33825","zcta",2019,"transportation_rnk",56.0469
"33827","zcta",2019,"transportation_rnk",14.0068
"33830","zcta",2019,"transportation_rnk",84.5974
"33834","zcta",2019,"transportation_rnk",61.6724
"33837","zcta",2019,"transportation_rnk",24.6397
"33838","zcta",2019,"transportation_rnk",31.0265
"33839","zcta",2019,"transportation_rnk",20.1659
"33841","zcta",2019,"transportation_rnk",52.2987
"33843","zcta",2019,"transportation_rnk",51.033
"33844","zcta",2019,"transportation_rnk",51.033
"33847","zcta",2019,"transportation_rnk",75.9818
"33848","zcta",2019,"transportation_rnk",75.5621
"33849","zcta",2019,"transportation_rnk",16.831
"33850","zcta",2019,"transportation_rnk",64.5063
"33851","zcta",2019,"transportation_rnk",4.9
"33852","zcta",2019,"transportation_rnk",61.9652
"33853","zcta",2019,"transportation_rnk",46.8391
"33854","zcta",2019,"transportation_rnk",92.8355
"33855","zcta",2019,"transportation_rnk",NA
"33856","zcta",2019,"transportation_rnk",0.1041
"33857","zcta",2019,"transportation_rnk",54.9309
"33859","zcta",2019,"transportation_rnk",58.9133
"33860","zcta",2019,"transportation_rnk",83.3382
"33865","zcta",2019,"transportation_rnk",44.1776
"33867","zcta",2019,"transportation_rnk",1.6756
"33868","zcta",2019,"transportation_rnk",37.1498
"33870","zcta",2019,"transportation_rnk",58.0673
"33872","zcta",2019,"transportation_rnk",46.3836
"33873","zcta",2019,"transportation_rnk",54.6966
"33875","zcta",2019,"transportation_rnk",22.951
"33876","zcta",2019,"transportation_rnk",12.5362
"33877","zcta",2019,"transportation_rnk",0.7971
"33880","zcta",2019,"transportation_rnk",37.2637
"33881","zcta",2019,"transportation_rnk",36.3299
"33884","zcta",2019,"transportation_rnk",19.6193
"33890","zcta",2019,"transportation_rnk",47.5028
"33896","zcta",2019,"transportation_rnk",9.4388
"33897","zcta",2019,"transportation_rnk",14.6218
"33898","zcta",2019,"transportation_rnk",54.573
"33901","zcta",2019,"transportation_rnk",89.0939
"33903","zcta",2019,"transportation_rnk",84.3436
"33904","zcta",2019,"transportation_rnk",82.9706
"33905","zcta",2019,"transportation_rnk",87.9323
"33907","zcta",2019,"transportation_rnk",88.0429
"33908","zcta",2019,"transportation_rnk",82.964
"33909","zcta",2019,"transportation_rnk",80.5466
"33912","zcta",2019,"transportation_rnk",81.8936
"33913","zcta",2019,"transportation_rnk",83.3219
"33914","zcta",2019,"transportation_rnk",81.8123
"33916","zcta",2019,"transportation_rnk",88.9865
"33917","zcta",2019,"transportation_rnk",85.58
"33919","zcta",2019,"transportation_rnk",80.1887
"33920","zcta",2019,"transportation_rnk",64.4021
"33921","zcta",2019,"transportation_rnk",95.5165
"33922","zcta",2019,"transportation_rnk",60.2375
"33924","zcta",2019,"transportation_rnk",NA
"33928","zcta",2019,"transportation_rnk",82.7395
"33930","zcta",2019,"transportation_rnk",62.6354
"33931","zcta",2019,"transportation_rnk",64.5616
"33935","zcta",2019,"transportation_rnk",74.1825
"33936","zcta",2019,"transportation_rnk",85.1407
"33944","zcta",2019,"transportation_rnk",0.2766
"33945","zcta",2019,"transportation_rnk",NA
"33946","zcta",2019,"transportation_rnk",68.2577
"33947","zcta",2019,"transportation_rnk",50.9061
"33948","zcta",2019,"transportation_rnk",47.1222
"33950","zcta",2019,"transportation_rnk",57.6997
"33952","zcta",2019,"transportation_rnk",49.8032
"33953","zcta",2019,"transportation_rnk",50.0342
"33954","zcta",2019,"transportation_rnk",27.3499
"33955","zcta",2019,"transportation_rnk",27.8868
"33956","zcta",2019,"transportation_rnk",31.9766
"33957","zcta",2019,"transportation_rnk",70.9322
"33960","zcta",2019,"transportation_rnk",23.5399
"33965","zcta",2019,"transportation_rnk",NA
"33966","zcta",2019,"transportation_rnk",83.8425
"33967","zcta",2019,"transportation_rnk",81.9229
"33971","zcta",2019,"transportation_rnk",81.7993
"33972","zcta",2019,"transportation_rnk",81.8123
"33973","zcta",2019,"transportation_rnk",84.926
"33974","zcta",2019,"transportation_rnk",82.2352
"33976","zcta",2019,"transportation_rnk",81.4674
"33980","zcta",2019,"transportation_rnk",67.9714
"33981","zcta",2019,"transportation_rnk",56.1542
"33982","zcta",2019,"transportation_rnk",34.0784
"33983","zcta",2019,"transportation_rnk",19.2744
"33990","zcta",2019,"transportation_rnk",81.7114
"33991","zcta",2019,"transportation_rnk",80.8102
"33993","zcta",2019,"transportation_rnk",84.5713
"34101","zcta",2019,"transportation_rnk",NA
"34102","zcta",2019,"transportation_rnk",76.1835
"34103","zcta",2019,"transportation_rnk",76.7464
"34104","zcta",2019,"transportation_rnk",75.2237
"34105","zcta",2019,"transportation_rnk",73.2878
"34108","zcta",2019,"transportation_rnk",77.1889
"34109","zcta",2019,"transportation_rnk",73.1153
"34110","zcta",2019,"transportation_rnk",74.2346
"34112","zcta",2019,"transportation_rnk",74.7324
"34113","zcta",2019,"transportation_rnk",75.7605
"34114","zcta",2019,"transportation_rnk",74.5567
"34116","zcta",2019,"transportation_rnk",79.8145
"34117","zcta",2019,"transportation_rnk",70.8313
"34119","zcta",2019,"transportation_rnk",71.9993
"34120","zcta",2019,"transportation_rnk",22.5183
"34134","zcta",2019,"transportation_rnk",77.7713
"34135","zcta",2019,"transportation_rnk",75.0512
"34137","zcta",2019,"transportation_rnk",1.308
"34138","zcta",2019,"transportation_rnk",45.9151
"34139","zcta",2019,"transportation_rnk",65.9411
"34140","zcta",2019,"transportation_rnk",0.7646
"34141","zcta",2019,"transportation_rnk",NA
"34142","zcta",2019,"transportation_rnk",92.3898
"34145","zcta",2019,"transportation_rnk",77.6281
"34201","zcta",2019,"transportation_rnk",61.8838
"34202","zcta",2019,"transportation_rnk",61.5585
"34203","zcta",2019,"transportation_rnk",65.2416
"34205","zcta",2019,"transportation_rnk",71.4072
"34207","zcta",2019,"transportation_rnk",67.7078
"34208","zcta",2019,"transportation_rnk",69.2143
"34209","zcta",2019,"transportation_rnk",62.4728
"34210","zcta",2019,"transportation_rnk",67.2458
"34211","zcta",2019,"transportation_rnk",38.666
"34212","zcta",2019,"transportation_rnk",59.2582
"34215","zcta",2019,"transportation_rnk",73.3106
"34216","zcta",2019,"transportation_rnk",45.0431
"34217","zcta",2019,"transportation_rnk",71.1436
"34219","zcta",2019,"transportation_rnk",59.1964
"34221","zcta",2019,"transportation_rnk",65.8077
"34222","zcta",2019,"transportation_rnk",62.4728
"34223","zcta",2019,"transportation_rnk",67.7078
"34224","zcta",2019,"transportation_rnk",48.993
"34228","zcta",2019,"transportation_rnk",73.3301
"34229","zcta",2019,"transportation_rnk",61.5585
"34231","zcta",2019,"transportation_rnk",61.7179
"34232","zcta",2019,"transportation_rnk",56.9546
"34233","zcta",2019,"transportation_rnk",67.8217
"34234","zcta",2019,"transportation_rnk",72.7379
"34235","zcta",2019,"transportation_rnk",63.8946
"34236","zcta",2019,"transportation_rnk",76.4503
"34237","zcta",2019,"transportation_rnk",60.3351
"34238","zcta",2019,"transportation_rnk",58.6107
"34239","zcta",2019,"transportation_rnk",63.8946
"34240","zcta",2019,"transportation_rnk",27.7501
"34241","zcta",2019,"transportation_rnk",60.6605
"34242","zcta",2019,"transportation_rnk",72.4321
"34243","zcta",2019,"transportation_rnk",46.4942
"34251","zcta",2019,"transportation_rnk",47.0441
"34266","zcta",2019,"transportation_rnk",74.4916
"34268","zcta",2019,"transportation_rnk",80.9501
"34269","zcta",2019,"transportation_rnk",27.2328
"34275","zcta",2019,"transportation_rnk",55.2692
"34285","zcta",2019,"transportation_rnk",63.2276
"34286","zcta",2019,"transportation_rnk",23.8816
"34287","zcta",2019,"transportation_rnk",28.57
"34288","zcta",2019,"transportation_rnk",32.3084
"34289","zcta",2019,"transportation_rnk",3.2308
"34291","zcta",2019,"transportation_rnk",21.7407
"34292","zcta",2019,"transportation_rnk",48.0918
"34293","zcta",2019,"transportation_rnk",54.4981
"34420","zcta",2019,"transportation_rnk",25.2546
"34428","zcta",2019,"transportation_rnk",44.2785
"34429","zcta",2019,"transportation_rnk",30.584
"34431","zcta",2019,"transportation_rnk",27.3499
"34432","zcta",2019,"transportation_rnk",32.7119
"34433","zcta",2019,"transportation_rnk",9.9073
"34434","zcta",2019,"transportation_rnk",17.28
"34436","zcta",2019,"transportation_rnk",55.9915
"34442","zcta",2019,"transportation_rnk",40.5238
"34445","zcta",2019,"transportation_rnk",NA
"34446","zcta",2019,"transportation_rnk",26.1396
"34448","zcta",2019,"transportation_rnk",25.2546
"34449","zcta",2019,"transportation_rnk",53.4114
"34450","zcta",2019,"transportation_rnk",17.3841
"34452","zcta",2019,"transportation_rnk",34.9016
"34453","zcta",2019,"transportation_rnk",52.7932
"34461","zcta",2019,"transportation_rnk",25.7459
"34465","zcta",2019,"transportation_rnk",47.5028
"34470","zcta",2019,"transportation_rnk",77.0132
"34471","zcta",2019,"transportation_rnk",76.2681
"34472","zcta",2019,"transportation_rnk",75.5621
"34473","zcta",2019,"transportation_rnk",26.1396
"34474","zcta",2019,"transportation_rnk",48.2674
"34475","zcta",2019,"transportation_rnk",87.5224
"34476","zcta",2019,"transportation_rnk",74.1825
"34479","zcta",2019,"transportation_rnk",77.8233
"34480","zcta",2019,"transportation_rnk",73.4472
"34481","zcta",2019,"transportation_rnk",78.9198
"34482","zcta",2019,"transportation_rnk",82.7688
"34484","zcta",2019,"transportation_rnk",20.7451
"34488","zcta",2019,"transportation_rnk",19.9902
"34491","zcta",2019,"transportation_rnk",41.3177
"34498","zcta",2019,"transportation_rnk",48.2674
"34601","zcta",2019,"transportation_rnk",72.8193
"34602","zcta",2019,"transportation_rnk",41.1127
"34604","zcta",2019,"transportation_rnk",41.4283
"34606","zcta",2019,"transportation_rnk",74.586
"34607","zcta",2019,"transportation_rnk",56.7887
"34608","zcta",2019,"transportation_rnk",73.3952
"34609","zcta",2019,"transportation_rnk",72.8811
"34610","zcta",2019,"transportation_rnk",71.7814
"34613","zcta",2019,"transportation_rnk",73.2975
"34614","zcta",2019,"transportation_rnk",19.9902
"34637","zcta",2019,"transportation_rnk",46.3836
"34638","zcta",2019,"transportation_rnk",77.4654
"34639","zcta",2019,"transportation_rnk",77.4817
"34652","zcta",2019,"transportation_rnk",82.8827
"34653","zcta",2019,"transportation_rnk",82.0563
"34654","zcta",2019,"transportation_rnk",79.0174
"34655","zcta",2019,"transportation_rnk",77.6281
"34661","zcta",2019,"transportation_rnk",0.2668
"34667","zcta",2019,"transportation_rnk",81.09
"34668","zcta",2019,"transportation_rnk",80.911
"34669","zcta",2019,"transportation_rnk",79.4599
"34677","zcta",2019,"transportation_rnk",78.383
"34679","zcta",2019,"transportation_rnk",NA
"34681","zcta",2019,"transportation_rnk",77.8786
"34683","zcta",2019,"transportation_rnk",78.8092
"34684","zcta",2019,"transportation_rnk",77.5761
"34685","zcta",2019,"transportation_rnk",78.7311
"34688","zcta",2019,"transportation_rnk",78.204
"34689","zcta",2019,"transportation_rnk",83.8848
"34690","zcta",2019,"transportation_rnk",81.7407
"34691","zcta",2019,"transportation_rnk",81.5422
"34695","zcta",2019,"transportation_rnk",79.4046
"34698","zcta",2019,"transportation_rnk",78.7831
"34705","zcta",2019,"transportation_rnk",50.4409
"34711","zcta",2019,"transportation_rnk",75.5816
"34714","zcta",2019,"transportation_rnk",22.6582
"34715","zcta",2019,"transportation_rnk",28.7132
"34731","zcta",2019,"transportation_rnk",71.4788
"34734","zcta",2019,"transportation_rnk",46.3836
"34736","zcta",2019,"transportation_rnk",14.9146
"34737","zcta",2019,"transportation_rnk",57.973
"34739","zcta",2019,"transportation_rnk",3.6766
"34741","zcta",2019,"transportation_rnk",60.5271
"34743","zcta",2019,"transportation_rnk",22.6582
"34744","zcta",2019,"transportation_rnk",40.4002
"34746","zcta",2019,"transportation_rnk",52.1946
"34747","zcta",2019,"transportation_rnk",61.7895
"34748","zcta",2019,"transportation_rnk",79.4046
"34753","zcta",2019,"transportation_rnk",36.8147
"34756","zcta",2019,"transportation_rnk",34.9016
"34758","zcta",2019,"transportation_rnk",42.8827
"34759","zcta",2019,"transportation_rnk",33.1381
"34760","zcta",2019,"transportation_rnk",6.953
"34761","zcta",2019,"transportation_rnk",78.3992
"34762","zcta",2019,"transportation_rnk",2.4825
"34769","zcta",2019,"transportation_rnk",60.026
"34771","zcta",2019,"transportation_rnk",36.4503
"34772","zcta",2019,"transportation_rnk",22.5183
"34773","zcta",2019,"transportation_rnk",36.9514
"34785","zcta",2019,"transportation_rnk",54.2053
"34786","zcta",2019,"transportation_rnk",77.0457
"34787","zcta",2019,"transportation_rnk",77.5923
"34788","zcta",2019,"transportation_rnk",73.714
"34797","zcta",2019,"transportation_rnk",44.6657
"34945","zcta",2019,"transportation_rnk",40.5238
"34946","zcta",2019,"transportation_rnk",74.7519
"34947","zcta",2019,"transportation_rnk",82.2873
"34949","zcta",2019,"transportation_rnk",80.3644
"34950","zcta",2019,"transportation_rnk",86.3055
"34951","zcta",2019,"transportation_rnk",47.9876
"34952","zcta",2019,"transportation_rnk",76.3592
"34953","zcta",2019,"transportation_rnk",76.3169
"34956","zcta",2019,"transportation_rnk",70.8313
"34957","zcta",2019,"transportation_rnk",76.7659
"34972","zcta",2019,"transportation_rnk",56.7236
"34974","zcta",2019,"transportation_rnk",49.0971
"34981","zcta",2019,"transportation_rnk",16.3364
"34982","zcta",2019,"transportation_rnk",77.7485
"34983","zcta",2019,"transportation_rnk",76.4763
"34984","zcta",2019,"transportation_rnk",74.9244
"34986","zcta",2019,"transportation_rnk",77.1075
"34987","zcta",2019,"transportation_rnk",42.0107
"34990","zcta",2019,"transportation_rnk",74.9699
"34994","zcta",2019,"transportation_rnk",78.9881
"34996","zcta",2019,"transportation_rnk",77.5761
"34997","zcta",2019,"transportation_rnk",79.2777
"32003","zcta",2019,"transportation_state_rnk",61.0403
"32008","zcta",2019,"transportation_state_rnk",20.276
"32009","zcta",2019,"transportation_state_rnk",20.3822
"32011","zcta",2019,"transportation_state_rnk",3.7155
"32024","zcta",2019,"transportation_state_rnk",27.2824
"32025","zcta",2019,"transportation_state_rnk",21.1783
"32026","zcta",2019,"transportation_state_rnk",NA
"32033","zcta",2019,"transportation_state_rnk",31.9533
"32034","zcta",2019,"transportation_state_rnk",76.2739
"32038","zcta",2019,"transportation_state_rnk",17.9406
"32040","zcta",2019,"transportation_state_rnk",10.1911
"32043","zcta",2019,"transportation_state_rnk",51.8047
"32044","zcta",2019,"transportation_state_rnk",3.4501
"32046","zcta",2019,"transportation_state_rnk",16.6667
"32052","zcta",2019,"transportation_state_rnk",NA
"32053","zcta",2019,"transportation_state_rnk",26.4862
"32054","zcta",2019,"transportation_state_rnk",30.5732
"32055","zcta",2019,"transportation_state_rnk",23.0361
"32058","zcta",2019,"transportation_state_rnk",4.8832
"32059","zcta",2019,"transportation_state_rnk",4.1401
"32060","zcta",2019,"transportation_state_rnk",28.2378
"32061","zcta",2019,"transportation_state_rnk",14.1189
"32062","zcta",2019,"transportation_state_rnk",9.2887
"32063","zcta",2019,"transportation_state_rnk",73.2484
"32064","zcta",2019,"transportation_state_rnk",88.1104
"32065","zcta",2019,"transportation_state_rnk",55.9979
"32066","zcta",2019,"transportation_state_rnk",3.9278
"32068","zcta",2019,"transportation_state_rnk",59.9788
"32071","zcta",2019,"transportation_state_rnk",9.8726
"32072","zcta",2019,"transportation_state_rnk",30.3609
"32073","zcta",2019,"transportation_state_rnk",56.3163
"32079","zcta",2019,"transportation_state_rnk",50.3185
"32080","zcta",2019,"transportation_state_rnk",77.7601
"32081","zcta",2019,"transportation_state_rnk",17.5159
"32082","zcta",2019,"transportation_state_rnk",59.2887
"32083","zcta",2019,"transportation_state_rnk",NA
"32084","zcta",2019,"transportation_state_rnk",77.6008
"32086","zcta",2019,"transportation_state_rnk",74.4161
"32087","zcta",2019,"transportation_state_rnk",4.7771
"32091","zcta",2019,"transportation_state_rnk",39.7028
"32092","zcta",2019,"transportation_state_rnk",10.7219
"32094","zcta",2019,"transportation_state_rnk",1.5924
"32095","zcta",2019,"transportation_state_rnk",23.673
"32096","zcta",2019,"transportation_state_rnk",26.1677
"32097","zcta",2019,"transportation_state_rnk",4.034
"32102","zcta",2019,"transportation_state_rnk",39.172
"32110","zcta",2019,"transportation_state_rnk",42.8875
"32112","zcta",2019,"transportation_state_rnk",43.3121
"32113","zcta",2019,"transportation_state_rnk",20.7006
"32114","zcta",2019,"transportation_state_rnk",50.6369
"32117","zcta",2019,"transportation_state_rnk",39.8089
"32118","zcta",2019,"transportation_state_rnk",45.3291
"32119","zcta",2019,"transportation_state_rnk",22.0807
"32124","zcta",2019,"transportation_state_rnk",24.9469
"32127","zcta",2019,"transportation_state_rnk",17.6221
"32128","zcta",2019,"transportation_state_rnk",23.5669
"32129","zcta",2019,"transportation_state_rnk",26.0085
"32130","zcta",2019,"transportation_state_rnk",13.7473
"32131","zcta",2019,"transportation_state_rnk",29.724
"32132","zcta",2019,"transportation_state_rnk",13.2696
"32133","zcta",2019,"transportation_state_rnk",NA
"32134","zcta",2019,"transportation_state_rnk",17.1444
"32136","zcta",2019,"transportation_state_rnk",18.4183
"32137","zcta",2019,"transportation_state_rnk",10.0849
"32139","zcta",2019,"transportation_state_rnk",53.3439
"32140","zcta",2019,"transportation_state_rnk",24.2569
"32141","zcta",2019,"transportation_state_rnk",15.7643
"32145","zcta",2019,"transportation_state_rnk",36.7304
"32147","zcta",2019,"transportation_state_rnk",2.2293
"32148","zcta",2019,"transportation_state_rnk",11.9958
"32157","zcta",2019,"transportation_state_rnk",14.2251
"32159","zcta",2019,"transportation_state_rnk",29.724
"32162","zcta",2019,"transportation_state_rnk",38.7473
"32164","zcta",2019,"transportation_state_rnk",12.8981
"32168","zcta",2019,"transportation_state_rnk",27.1762
"32169","zcta",2019,"transportation_state_rnk",33.2272
"32174","zcta",2019,"transportation_state_rnk",27.6539
"32176","zcta",2019,"transportation_state_rnk",32.2187
"32177","zcta",2019,"transportation_state_rnk",66.2951
"32179","zcta",2019,"transportation_state_rnk",30.0955
"32180","zcta",2019,"transportation_state_rnk",23.9384
"32181","zcta",2019,"transportation_state_rnk",5.0425
"32187","zcta",2019,"transportation_state_rnk",5.9979
"32189","zcta",2019,"transportation_state_rnk",37.8981
"32190","zcta",2019,"transportation_state_rnk",43.0998
"32193","zcta",2019,"transportation_state_rnk",6.1571
"32195","zcta",2019,"transportation_state_rnk",14.3312
"32202","zcta",2019,"transportation_state_rnk",NA
"32204","zcta",2019,"transportation_state_rnk",77.2293
"32205","zcta",2019,"transportation_state_rnk",76.9639
"32206","zcta",2019,"transportation_state_rnk",92.4628
"32207","zcta",2019,"transportation_state_rnk",76.7516
"32208","zcta",2019,"transportation_state_rnk",76.8577
"32209","zcta",2019,"transportation_state_rnk",95.8599
"32210","zcta",2019,"transportation_state_rnk",74.0977
"32211","zcta",2019,"transportation_state_rnk",79.5117
"32212","zcta",2019,"transportation_state_rnk",NA
"32216","zcta",2019,"transportation_state_rnk",70.8068
"32217","zcta",2019,"transportation_state_rnk",70.7006
"32218","zcta",2019,"transportation_state_rnk",61.7304
"32219","zcta",2019,"transportation_state_rnk",72.9299
"32220","zcta",2019,"transportation_state_rnk",58.1741
"32221","zcta",2019,"transportation_state_rnk",56.3163
"32222","zcta",2019,"transportation_state_rnk",14.7558
"32223","zcta",2019,"transportation_state_rnk",54.034
"32224","zcta",2019,"transportation_state_rnk",62.4204
"32225","zcta",2019,"transportation_state_rnk",54.9894
"32226","zcta",2019,"transportation_state_rnk",3.2909
"32227","zcta",2019,"transportation_state_rnk",NA
"32228","zcta",2019,"transportation_state_rnk",NA
"32233","zcta",2019,"transportation_state_rnk",65.1805
"32234","zcta",2019,"transportation_state_rnk",28.5563
"32244","zcta",2019,"transportation_state_rnk",63.0573
"32246","zcta",2019,"transportation_state_rnk",71.3376
"32250","zcta",2019,"transportation_state_rnk",67.6221
"32254","zcta",2019,"transportation_state_rnk",78.3439
"32256","zcta",2019,"transportation_state_rnk",56.5817
"32257","zcta",2019,"transportation_state_rnk",57.3248
"32258","zcta",2019,"transportation_state_rnk",62.4204
"32259","zcta",2019,"transportation_state_rnk",55.9979
"32266","zcta",2019,"transportation_state_rnk",55.5202
"32277","zcta",2019,"transportation_state_rnk",76.6454
"32301","zcta",2019,"transportation_state_rnk",84.0764
"32303","zcta",2019,"transportation_state_rnk",74.9469
"32304","zcta",2019,"transportation_state_rnk",91.7728
"32305","zcta",2019,"transportation_state_rnk",78.1316
"32308","zcta",2019,"transportation_state_rnk",66.4544
"32309","zcta",2019,"transportation_state_rnk",67.1975
"32310","zcta",2019,"transportation_state_rnk",78.0255
"32311","zcta",2019,"transportation_state_rnk",74.6285
"32312","zcta",2019,"transportation_state_rnk",68.896
"32317","zcta",2019,"transportation_state_rnk",65.9236
"32320","zcta",2019,"transportation_state_rnk",32.8025
"32321","zcta",2019,"transportation_state_rnk",9.6072
"32322","zcta",2019,"transportation_state_rnk",NA
"32323","zcta",2019,"transportation_state_rnk",0.3185
"32324","zcta",2019,"transportation_state_rnk",36.518
"32327","zcta",2019,"transportation_state_rnk",5.9979
"32328","zcta",2019,"transportation_state_rnk",22.2399
"32330","zcta",2019,"transportation_state_rnk",41.6667
"32331","zcta",2019,"transportation_state_rnk",40.9236
"32332","zcta",2019,"transportation_state_rnk",8.4926
"32333","zcta",2019,"transportation_state_rnk",11.518
"32334","zcta",2019,"transportation_state_rnk",25.1062
"32336","zcta",2019,"transportation_state_rnk",33.758
"32340","zcta",2019,"transportation_state_rnk",20.7006
"32343","zcta",2019,"transportation_state_rnk",2.5478
"32344","zcta",2019,"transportation_state_rnk",8.1741
"32346","zcta",2019,"transportation_state_rnk",43.2059
"32347","zcta",2019,"transportation_state_rnk",11.9958
"32348","zcta",2019,"transportation_state_rnk",18.896
"32350","zcta",2019,"transportation_state_rnk",22.3992
"32351","zcta",2019,"transportation_state_rnk",16.5605
"32352","zcta",2019,"transportation_state_rnk",26.9108
"32355","zcta",2019,"transportation_state_rnk",30.4671
"32356","zcta",2019,"transportation_state_rnk",NA
"32358","zcta",2019,"transportation_state_rnk",7.9618
"32359","zcta",2019,"transportation_state_rnk",1.8047
"32361","zcta",2019,"transportation_state_rnk",28.6624
"32399","zcta",2019,"transportation_state_rnk",NA
"32401","zcta",2019,"transportation_state_rnk",47.5584
"32403","zcta",2019,"transportation_state_rnk",21.5499
"32404","zcta",2019,"transportation_state_rnk",43.7367
"32405","zcta",2019,"transportation_state_rnk",47.8238
"32407","zcta",2019,"transportation_state_rnk",35.6688
"32408","zcta",2019,"transportation_state_rnk",45.5414
"32409","zcta",2019,"transportation_state_rnk",6.2633
"32410","zcta",2019,"transportation_state_rnk",40.7643
"32413","zcta",2019,"transportation_state_rnk",47.8238
"32420","zcta",2019,"transportation_state_rnk",18.6306
"32421","zcta",2019,"transportation_state_rnk",15.4989
"32423","zcta",2019,"transportation_state_rnk",13.0573
"32424","zcta",2019,"transportation_state_rnk",33.6518
"32425","zcta",2019,"transportation_state_rnk",12.6858
"32426","zcta",2019,"transportation_state_rnk",4.2463
"32427","zcta",2019,"transportation_state_rnk",2.017
"32428","zcta",2019,"transportation_state_rnk",11.518
"32430","zcta",2019,"transportation_state_rnk",7.5902
"32431","zcta",2019,"transportation_state_rnk",5.7325
"32432","zcta",2019,"transportation_state_rnk",NA
"32433","zcta",2019,"transportation_state_rnk",34.6072
"32435","zcta",2019,"transportation_state_rnk",31.5817
"32437","zcta",2019,"transportation_state_rnk",23.0361
"32438","zcta",2019,"transportation_state_rnk",35.4565
"32439","zcta",2019,"transportation_state_rnk",23.0361
"32440","zcta",2019,"transportation_state_rnk",23.4076
"32442","zcta",2019,"transportation_state_rnk",3.6093
"32443","zcta",2019,"transportation_state_rnk",7.7495
"32444","zcta",2019,"transportation_state_rnk",42.3567
"32445","zcta",2019,"transportation_state_rnk",NA
"32446","zcta",2019,"transportation_state_rnk",6.5817
"32447","zcta",2019,"transportation_state_rnk",NA
"32448","zcta",2019,"transportation_state_rnk",6.6879
"32449","zcta",2019,"transportation_state_rnk",3.0786
"32455","zcta",2019,"transportation_state_rnk",13.4289
"32456","zcta",2019,"transportation_state_rnk",85.138
"32459","zcta",2019,"transportation_state_rnk",26.4862
"32460","zcta",2019,"transportation_state_rnk",NA
"32461","zcta",2019,"transportation_state_rnk",NA
"32462","zcta",2019,"transportation_state_rnk",14.0127
"32463","zcta",2019,"transportation_state_rnk",5.8386
"32464","zcta",2019,"transportation_state_rnk",22.2399
"32465","zcta",2019,"transportation_state_rnk",31.2102
"32466","zcta",2019,"transportation_state_rnk",16.189
"32501","zcta",2019,"transportation_state_rnk",75.0531
"32502","zcta",2019,"transportation_state_rnk",33.4926
"32503","zcta",2019,"transportation_state_rnk",72.0807
"32504","zcta",2019,"transportation_state_rnk",50
"32505","zcta",2019,"transportation_state_rnk",64.2251
"32506","zcta",2019,"transportation_state_rnk",51.5924
"32507","zcta",2019,"transportation_state_rnk",53.5032
"32508","zcta",2019,"transportation_state_rnk",NA
"32509","zcta",2019,"transportation_state_rnk",NA
"32511","zcta",2019,"transportation_state_rnk",NA
"32514","zcta",2019,"transportation_state_rnk",49.8938
"32526","zcta",2019,"transportation_state_rnk",47.3461
"32530","zcta",2019,"transportation_state_rnk",NA
"32531","zcta",2019,"transportation_state_rnk",22.5584
"32533","zcta",2019,"transportation_state_rnk",48.5669
"32534","zcta",2019,"transportation_state_rnk",66.5605
"32535","zcta",2019,"transportation_state_rnk",39.2781
"32536","zcta",2019,"transportation_state_rnk",8.7049
"32539","zcta",2019,"transportation_state_rnk",30.7325
"32541","zcta",2019,"transportation_state_rnk",41.1359
"32542","zcta",2019,"transportation_state_rnk",NA
"32544","zcta",2019,"transportation_state_rnk",NA
"32547","zcta",2019,"transportation_state_rnk",40.9236
"32548","zcta",2019,"transportation_state_rnk",41.5074
"32550","zcta",2019,"transportation_state_rnk",44.2675
"32561","zcta",2019,"transportation_state_rnk",47.0276
"32563","zcta",2019,"transportation_state_rnk",35.0318
"32564","zcta",2019,"transportation_state_rnk",37.7389
"32565","zcta",2019,"transportation_state_rnk",10.2972
"32566","zcta",2019,"transportation_state_rnk",40.2335
"32567","zcta",2019,"transportation_state_rnk",15.1805
"32568","zcta",2019,"transportation_state_rnk",31.8471
"32569","zcta",2019,"transportation_state_rnk",7.2187
"32570","zcta",2019,"transportation_state_rnk",49.4692
"32571","zcta",2019,"transportation_state_rnk",46.9214
"32577","zcta",2019,"transportation_state_rnk",16.7728
"32578","zcta",2019,"transportation_state_rnk",36.6242
"32579","zcta",2019,"transportation_state_rnk",34.2887
"32580","zcta",2019,"transportation_state_rnk",43.5244
"32583","zcta",2019,"transportation_state_rnk",13.1635
"32601","zcta",2019,"transportation_state_rnk",91.4544
"32603","zcta",2019,"transportation_state_rnk",NA
"32605","zcta",2019,"transportation_state_rnk",71.6561
"32606","zcta",2019,"transportation_state_rnk",69.1614
"32607","zcta",2019,"transportation_state_rnk",78.6624
"32608","zcta",2019,"transportation_state_rnk",78.4501
"32609","zcta",2019,"transportation_state_rnk",82.1656
"32612","zcta",2019,"transportation_state_rnk",NA
"32615","zcta",2019,"transportation_state_rnk",19.1614
"32616","zcta",2019,"transportation_state_rnk",29.087
"32617","zcta",2019,"transportation_state_rnk",24.2569
"32618","zcta",2019,"transportation_state_rnk",10.6157
"32619","zcta",2019,"transportation_state_rnk",40.3397
"32621","zcta",2019,"transportation_state_rnk",2.6539
"32622","zcta",2019,"transportation_state_rnk",27.9724
"32625","zcta",2019,"transportation_state_rnk",29.2463
"32626","zcta",2019,"transportation_state_rnk",21.5499
"32628","zcta",2019,"transportation_state_rnk",45.0106
"32631","zcta",2019,"transportation_state_rnk",0.9554
"32639","zcta",2019,"transportation_state_rnk",32.4841
"32640","zcta",2019,"transportation_state_rnk",8.4926
"32641","zcta",2019,"transportation_state_rnk",77.3885
"32643","zcta",2019,"transportation_state_rnk",4.3524
"32648","zcta",2019,"transportation_state_rnk",2.7601
"32653","zcta",2019,"transportation_state_rnk",51.6985
"32656","zcta",2019,"transportation_state_rnk",13.7473
"32658","zcta",2019,"transportation_state_rnk",1.327
"32664","zcta",2019,"transportation_state_rnk",2.1231
"32666","zcta",2019,"transportation_state_rnk",23.7792
"32667","zcta",2019,"transportation_state_rnk",35.3503
"32668","zcta",2019,"transportation_state_rnk",19.8514
"32669","zcta",2019,"transportation_state_rnk",19.7452
"32680","zcta",2019,"transportation_state_rnk",32.0594
"32681","zcta",2019,"transportation_state_rnk",NA
"32683","zcta",2019,"transportation_state_rnk",0.7431
"32686","zcta",2019,"transportation_state_rnk",29.2463
"32692","zcta",2019,"transportation_state_rnk",28.4501
"32693","zcta",2019,"transportation_state_rnk",29.9363
"32694","zcta",2019,"transportation_state_rnk",38.0042
"32696","zcta",2019,"transportation_state_rnk",18.7898
"32697","zcta",2019,"transportation_state_rnk",19.6391
"32701","zcta",2019,"transportation_state_rnk",62.7389
"32702","zcta",2019,"transportation_state_rnk",7.431
"32703","zcta",2019,"transportation_state_rnk",59.7665
"32707","zcta",2019,"transportation_state_rnk",60.9342
"32708","zcta",2019,"transportation_state_rnk",50.1062
"32709","zcta",2019,"transportation_state_rnk",32.4841
"32712","zcta",2019,"transportation_state_rnk",52.2293
"32713","zcta",2019,"transportation_state_rnk",27.6539
"32714","zcta",2019,"transportation_state_rnk",61.2527
"32720","zcta",2019,"transportation_state_rnk",34.7134
"32724","zcta",2019,"transportation_state_rnk",31.5817
"32725","zcta",2019,"transportation_state_rnk",11.7834
"32726","zcta",2019,"transportation_state_rnk",46.8153
"32730","zcta",2019,"transportation_state_rnk",41.879
"32732","zcta",2019,"transportation_state_rnk",27.0701
"32735","zcta",2019,"transportation_state_rnk",3.1847
"32736","zcta",2019,"transportation_state_rnk",12.2611
"32738","zcta",2019,"transportation_state_rnk",5.4671
"32744","zcta",2019,"transportation_state_rnk",21.8684
"32746","zcta",2019,"transportation_state_rnk",53.3439
"32750","zcta",2019,"transportation_state_rnk",50.4246
"32751","zcta",2019,"transportation_state_rnk",54.5648
"32754","zcta",2019,"transportation_state_rnk",14.5966
"32757","zcta",2019,"transportation_state_rnk",46.603
"32759","zcta",2019,"transportation_state_rnk",11.2527
"32763","zcta",2019,"transportation_state_rnk",10.9342
"32764","zcta",2019,"transportation_state_rnk",15.3928
"32765","zcta",2019,"transportation_state_rnk",50.5308
"32766","zcta",2019,"transportation_state_rnk",15.9236
"32767","zcta",2019,"transportation_state_rnk",8.4926
"32771","zcta",2019,"transportation_state_rnk",56.6879
"32773","zcta",2019,"transportation_state_rnk",58.6518
"32776","zcta",2019,"transportation_state_rnk",16.9321
"32778","zcta",2019,"transportation_state_rnk",44.7983
"32779","zcta",2019,"transportation_state_rnk",49.7877
"32780","zcta",2019,"transportation_state_rnk",26.9108
"32784","zcta",2019,"transportation_state_rnk",19.3737
"32789","zcta",2019,"transportation_state_rnk",60.1911
"32792","zcta",2019,"transportation_state_rnk",65.0743
"32796","zcta",2019,"transportation_state_rnk",16.4544
"32798","zcta",2019,"transportation_state_rnk",7.3248
"32801","zcta",2019,"transportation_state_rnk",63.3227
"32803","zcta",2019,"transportation_state_rnk",58.9172
"32804","zcta",2019,"transportation_state_rnk",49.5754
"32805","zcta",2019,"transportation_state_rnk",97.0276
"32806","zcta",2019,"transportation_state_rnk",58.4926
"32807","zcta",2019,"transportation_state_rnk",63.1635
"32808","zcta",2019,"transportation_state_rnk",78.5563
"32809","zcta",2019,"transportation_state_rnk",80.3609
"32810","zcta",2019,"transportation_state_rnk",64.4904
"32811","zcta",2019,"transportation_state_rnk",77.4947
"32812","zcta",2019,"transportation_state_rnk",55.3079
"32814","zcta",2019,"transportation_state_rnk",17.1444
"32817","zcta",2019,"transportation_state_rnk",53.8747
"32818","zcta",2019,"transportation_state_rnk",69.5329
"32819","zcta",2019,"transportation_state_rnk",59.7665
"32820","zcta",2019,"transportation_state_rnk",20.913
"32821","zcta",2019,"transportation_state_rnk",34.8726
"32822","zcta",2019,"transportation_state_rnk",62.6327
"32824","zcta",2019,"transportation_state_rnk",52.3355
"32825","zcta",2019,"transportation_state_rnk",51.0616
"32826","zcta",2019,"transportation_state_rnk",NA
"32827","zcta",2019,"transportation_state_rnk",19.5329
"32828","zcta",2019,"transportation_state_rnk",19.3737
"32829","zcta",2019,"transportation_state_rnk",9.6072
"32830","zcta",2019,"transportation_state_rnk",NA
"32831","zcta",2019,"transportation_state_rnk",NA
"32832","zcta",2019,"transportation_state_rnk",18.6306
"32833","zcta",2019,"transportation_state_rnk",9.2887
"32835","zcta",2019,"transportation_state_rnk",52.4416
"32836","zcta",2019,"transportation_state_rnk",50.9023
"32837","zcta",2019,"transportation_state_rnk",21.9745
"32839","zcta",2019,"transportation_state_rnk",86.8896
"32901","zcta",2019,"transportation_state_rnk",78.7686
"32903","zcta",2019,"transportation_state_rnk",74.2038
"32904","zcta",2019,"transportation_state_rnk",64.1189
"32905","zcta",2019,"transportation_state_rnk",70.5945
"32907","zcta",2019,"transportation_state_rnk",66.2951
"32908","zcta",2019,"transportation_state_rnk",64.3312
"32909","zcta",2019,"transportation_state_rnk",64.6497
"32920","zcta",2019,"transportation_state_rnk",79.724
"32922","zcta",2019,"transportation_state_rnk",82.0594
"32925","zcta",2019,"transportation_state_rnk",41.2951
"32926","zcta",2019,"transportation_state_rnk",65.3928
"32927","zcta",2019,"transportation_state_rnk",63.9066
"32931","zcta",2019,"transportation_state_rnk",74.6285
"32934","zcta",2019,"transportation_state_rnk",65.6582
"32935","zcta",2019,"transportation_state_rnk",75.5839
"32937","zcta",2019,"transportation_state_rnk",69.7452
"32940","zcta",2019,"transportation_state_rnk",66.7728
"32948","zcta",2019,"transportation_state_rnk",40.6582
"32949","zcta",2019,"transportation_state_rnk",34.1826
"32950","zcta",2019,"transportation_state_rnk",21.3376
"32951","zcta",2019,"transportation_state_rnk",76.5393
"32952","zcta",2019,"transportation_state_rnk",67.3036
"32953","zcta",2019,"transportation_state_rnk",72.6115
"32955","zcta",2019,"transportation_state_rnk",69.1614
"32958","zcta",2019,"transportation_state_rnk",33.0679
"32960","zcta",2019,"transportation_state_rnk",43.6306
"32962","zcta",2019,"transportation_state_rnk",36.3588
"32963","zcta",2019,"transportation_state_rnk",41.879
"32966","zcta",2019,"transportation_state_rnk",38.3227
"32967","zcta",2019,"transportation_state_rnk",43.4183
"32968","zcta",2019,"transportation_state_rnk",24.7877
"32970","zcta",2019,"transportation_state_rnk",47.6645
"32976","zcta",2019,"transportation_state_rnk",41.1359
"33001","zcta",2019,"transportation_state_rnk",61.7304
"33004","zcta",2019,"transportation_state_rnk",95.1168
"33009","zcta",2019,"transportation_state_rnk",95.4352
"33010","zcta",2019,"transportation_state_rnk",93.7898
"33012","zcta",2019,"transportation_state_rnk",92.8875
"33013","zcta",2019,"transportation_state_rnk",87.5796
"33014","zcta",2019,"transportation_state_rnk",83.5456
"33015","zcta",2019,"transportation_state_rnk",86.0934
"33016","zcta",2019,"transportation_state_rnk",89.2251
"33018","zcta",2019,"transportation_state_rnk",87.6858
"33019","zcta",2019,"transportation_state_rnk",86.2527
"33020","zcta",2019,"transportation_state_rnk",97.7707
"33021","zcta",2019,"transportation_state_rnk",92.569
"33023","zcta",2019,"transportation_state_rnk",92.0382
"33024","zcta",2019,"transportation_state_rnk",85.9873
"33025","zcta",2019,"transportation_state_rnk",79.087
"33026","zcta",2019,"transportation_state_rnk",81.6879
"33027","zcta",2019,"transportation_state_rnk",84.7134
"33028","zcta",2019,"transportation_state_rnk",81.3694
"33029","zcta",2019,"transportation_state_rnk",80.1486
"33030","zcta",2019,"transportation_state_rnk",98.5138
"33031","zcta",2019,"transportation_state_rnk",86.6242
"33032","zcta",2019,"transportation_state_rnk",91.242
"33033","zcta",2019,"transportation_state_rnk",94.1614
"33034","zcta",2019,"transportation_state_rnk",97.1338
"33035","zcta",2019,"transportation_state_rnk",38.6412
"33036","zcta",2019,"transportation_state_rnk",73.3546
"33037","zcta",2019,"transportation_state_rnk",40.1274
"33039","zcta",2019,"transportation_state_rnk",1.6985
"33040","zcta",2019,"transportation_state_rnk",80.9448
"33042","zcta",2019,"transportation_state_rnk",25.69
"33043","zcta",2019,"transportation_state_rnk",42.569
"33050","zcta",2019,"transportation_state_rnk",46.2845
"33051","zcta",2019,"transportation_state_rnk",49.3631
"33054","zcta",2019,"transportation_state_rnk",94.6391
"33055","zcta",2019,"transportation_state_rnk",86.518
"33056","zcta",2019,"transportation_state_rnk",92.6752
"33060","zcta",2019,"transportation_state_rnk",97.983
"33062","zcta",2019,"transportation_state_rnk",89.7558
"33063","zcta",2019,"transportation_state_rnk",86.8896
"33064","zcta",2019,"transportation_state_rnk",95.2229
"33065","zcta",2019,"transportation_state_rnk",92.3567
"33066","zcta",2019,"transportation_state_rnk",83.9703
"33067","zcta",2019,"transportation_state_rnk",80.6263
"33068","zcta",2019,"transportation_state_rnk",91.7728
"33069","zcta",2019,"transportation_state_rnk",93.6306
"33070","zcta",2019,"transportation_state_rnk",15.7643
"33071","zcta",2019,"transportation_state_rnk",82.431
"33073","zcta",2019,"transportation_state_rnk",89.2251
"33076","zcta",2019,"transportation_state_rnk",83.758
"33101","zcta",2019,"transportation_state_rnk",NA
"33109","zcta",2019,"transportation_state_rnk",42.7813
"33122","zcta",2019,"transportation_state_rnk",2.3355
"33125","zcta",2019,"transportation_state_rnk",98.0892
"33126","zcta",2019,"transportation_state_rnk",94.0552
"33127","zcta",2019,"transportation_state_rnk",99.4692
"33128","zcta",2019,"transportation_state_rnk",100
"33129","zcta",2019,"transportation_state_rnk",94.9045
"33130","zcta",2019,"transportation_state_rnk",99.7877
"33131","zcta",2019,"transportation_state_rnk",99.1507
"33132","zcta",2019,"transportation_state_rnk",98.8323
"33133","zcta",2019,"transportation_state_rnk",96.0722
"33134","zcta",2019,"transportation_state_rnk",93.5244
"33135","zcta",2019,"transportation_state_rnk",99.3631
"33136","zcta",2019,"transportation_state_rnk",99.6815
"33137","zcta",2019,"transportation_state_rnk",97.8769
"33138","zcta",2019,"transportation_state_rnk",98.4076
"33139","zcta",2019,"transportation_state_rnk",99.8938
"33140","zcta",2019,"transportation_state_rnk",96.9214
"33141","zcta",2019,"transportation_state_rnk",99.5754
"33142","zcta",2019,"transportation_state_rnk",99.0446
"33143","zcta",2019,"transportation_state_rnk",97.6645
"33144","zcta",2019,"transportation_state_rnk",87.8981
"33145","zcta",2019,"transportation_state_rnk",94.3206
"33146","zcta",2019,"transportation_state_rnk",96.3376
"33147","zcta",2019,"transportation_state_rnk",97.5584
"33149","zcta",2019,"transportation_state_rnk",89.5966
"33150","zcta",2019,"transportation_state_rnk",99.2569
"33154","zcta",2019,"transportation_state_rnk",96.8153
"33155","zcta",2019,"transportation_state_rnk",87.4735
"33156","zcta",2019,"transportation_state_rnk",95.7537
"33157","zcta",2019,"transportation_state_rnk",93.949
"33158","zcta",2019,"transportation_state_rnk",83.3333
"33160","zcta",2019,"transportation_state_rnk",90.4459
"33161","zcta",2019,"transportation_state_rnk",98.9384
"33162","zcta",2019,"transportation_state_rnk",98.1953
"33165","zcta",2019,"transportation_state_rnk",82.6964
"33166","zcta",2019,"transportation_state_rnk",86.7304
"33167","zcta",2019,"transportation_state_rnk",93.3121
"33168","zcta",2019,"transportation_state_rnk",97.293
"33169","zcta",2019,"transportation_state_rnk",93.2059
"33170","zcta",2019,"transportation_state_rnk",88.0042
"33172","zcta",2019,"transportation_state_rnk",88.2696
"33173","zcta",2019,"transportation_state_rnk",81.6879
"33174","zcta",2019,"transportation_state_rnk",90.1805
"33175","zcta",2019,"transportation_state_rnk",80.6263
"33176","zcta",2019,"transportation_state_rnk",90.3397
"33177","zcta",2019,"transportation_state_rnk",84.1826
"33178","zcta",2019,"transportation_state_rnk",85.3503
"33179","zcta",2019,"transportation_state_rnk",92.1975
"33180","zcta",2019,"transportation_state_rnk",89.3843
"33181","zcta",2019,"transportation_state_rnk",96.7091
"33182","zcta",2019,"transportation_state_rnk",80.4671
"33183","zcta",2019,"transportation_state_rnk",83.2272
"33184","zcta",2019,"transportation_state_rnk",79.4055
"33185","zcta",2019,"transportation_state_rnk",80.0425
"33186","zcta",2019,"transportation_state_rnk",83.6518
"33187","zcta",2019,"transportation_state_rnk",83.121
"33189","zcta",2019,"transportation_state_rnk",90.6582
"33190","zcta",2019,"transportation_state_rnk",92.7813
"33193","zcta",2019,"transportation_state_rnk",83.0149
"33194","zcta",2019,"transportation_state_rnk",25.2654
"33196","zcta",2019,"transportation_state_rnk",85.8811
"33301","zcta",2019,"transportation_state_rnk",91.0828
"33304","zcta",2019,"transportation_state_rnk",95.6476
"33305","zcta",2019,"transportation_state_rnk",87.3673
"33306","zcta",2019,"transportation_state_rnk",29.4055
"33308","zcta",2019,"transportation_state_rnk",91.242
"33309","zcta",2019,"transportation_state_rnk",95.5414
"33311","zcta",2019,"transportation_state_rnk",98.62
"33312","zcta",2019,"transportation_state_rnk",94.3206
"33313","zcta",2019,"transportation_state_rnk",97.4522
"33314","zcta",2019,"transportation_state_rnk",89.9151
"33315","zcta",2019,"transportation_state_rnk",89.0658
"33316","zcta",2019,"transportation_state_rnk",97.293
"33317","zcta",2019,"transportation_state_rnk",90.9766
"33319","zcta",2019,"transportation_state_rnk",93.0998
"33321","zcta",2019,"transportation_state_rnk",87.0488
"33322","zcta",2019,"transportation_state_rnk",86.2527
"33323","zcta",2019,"transportation_state_rnk",84.3949
"33324","zcta",2019,"transportation_state_rnk",84.9788
"33325","zcta",2019,"transportation_state_rnk",82.9087
"33326","zcta",2019,"transportation_state_rnk",88.7473
"33327","zcta",2019,"transportation_state_rnk",83.8641
"33328","zcta",2019,"transportation_state_rnk",84.2887
"33330","zcta",2019,"transportation_state_rnk",81.8471
"33331","zcta",2019,"transportation_state_rnk",82.431
"33332","zcta",2019,"transportation_state_rnk",6.3694
"33334","zcta",2019,"transportation_state_rnk",96.603
"33351","zcta",2019,"transportation_state_rnk",89.4904
"33401","zcta",2019,"transportation_state_rnk",96.3376
"33403","zcta",2019,"transportation_state_rnk",94.4798
"33404","zcta",2019,"transportation_state_rnk",95.966
"33405","zcta",2019,"transportation_state_rnk",91.6136
"33406","zcta",2019,"transportation_state_rnk",82.6964
"33407","zcta",2019,"transportation_state_rnk",96.1783
"33408","zcta",2019,"transportation_state_rnk",87.155
"33409","zcta",2019,"transportation_state_rnk",88.6412
"33410","zcta",2019,"transportation_state_rnk",84.5541
"33411","zcta",2019,"transportation_state_rnk",84.9788
"33412","zcta",2019,"transportation_state_rnk",14.9682
"33413","zcta",2019,"transportation_state_rnk",86.4119
"33414","zcta",2019,"transportation_state_rnk",83.4395
"33415","zcta",2019,"transportation_state_rnk",90.1805
"33417","zcta",2019,"transportation_state_rnk",95.0106
"33418","zcta",2019,"transportation_state_rnk",88.535
"33426","zcta",2019,"transportation_state_rnk",81.3694
"33428","zcta",2019,"transportation_state_rnk",87.7919
"33430","zcta",2019,"transportation_state_rnk",72.7176
"33431","zcta",2019,"transportation_state_rnk",90.7643
"33432","zcta",2019,"transportation_state_rnk",88.8535
"33433","zcta",2019,"transportation_state_rnk",85.6688
"33434","zcta",2019,"transportation_state_rnk",88.2696
"33435","zcta",2019,"transportation_state_rnk",41.4013
"33436","zcta",2019,"transportation_state_rnk",82.2718
"33437","zcta",2019,"transportation_state_rnk",88.9597
"33438","zcta",2019,"transportation_state_rnk",45.1168
"33440","zcta",2019,"transportation_state_rnk",57.0064
"33441","zcta",2019,"transportation_state_rnk",93.7898
"33442","zcta",2019,"transportation_state_rnk",16.189
"33444","zcta",2019,"transportation_state_rnk",95.3291
"33445","zcta",2019,"transportation_state_rnk",85.2442
"33446","zcta",2019,"transportation_state_rnk",90.8705
"33449","zcta",2019,"transportation_state_rnk",85.7749
"33455","zcta",2019,"transportation_state_rnk",52.9193
"33458","zcta",2019,"transportation_state_rnk",85.4565
"33460","zcta",2019,"transportation_state_rnk",98.3015
"33461","zcta",2019,"transportation_state_rnk",94.7983
"33462","zcta",2019,"transportation_state_rnk",91.4544
"33463","zcta",2019,"transportation_state_rnk",90.0212
"33467","zcta",2019,"transportation_state_rnk",82.6964
"33469","zcta",2019,"transportation_state_rnk",79.9363
"33470","zcta",2019,"transportation_state_rnk",85.5626
"33471","zcta",2019,"transportation_state_rnk",37.5265
"33472","zcta",2019,"transportation_state_rnk",80.7856
"33473","zcta",2019,"transportation_state_rnk",27.8132
"33476","zcta",2019,"transportation_state_rnk",57.9618
"33477","zcta",2019,"transportation_state_rnk",90.552
"33478","zcta",2019,"transportation_state_rnk",20.4883
"33480","zcta",2019,"transportation_state_rnk",96.4968
"33483","zcta",2019,"transportation_state_rnk",92.9936
"33484","zcta",2019,"transportation_state_rnk",84.5541
"33486","zcta",2019,"transportation_state_rnk",84.8195
"33487","zcta",2019,"transportation_state_rnk",87.2611
"33493","zcta",2019,"transportation_state_rnk",NA
"33496","zcta",2019,"transportation_state_rnk",92.1975
"33498","zcta",2019,"transportation_state_rnk",80.2548
"33503","zcta",2019,"transportation_state_rnk",1.0616
"33510","zcta",2019,"transportation_state_rnk",62.4204
"33511","zcta",2019,"transportation_state_rnk",58.0679
"33513","zcta",2019,"transportation_state_rnk",13.7473
"33514","zcta",2019,"transportation_state_rnk",19.0021
"33521","zcta",2019,"transportation_state_rnk",3.4501
"33523","zcta",2019,"transportation_state_rnk",34.3949
"33525","zcta",2019,"transportation_state_rnk",23.9384
"33527","zcta",2019,"transportation_state_rnk",75.7962
"33534","zcta",2019,"transportation_state_rnk",67.7282
"33538","zcta",2019,"transportation_state_rnk",8.1741
"33540","zcta",2019,"transportation_state_rnk",23.4076
"33541","zcta",2019,"transportation_state_rnk",31.3694
"33542","zcta",2019,"transportation_state_rnk",39.9682
"33543","zcta",2019,"transportation_state_rnk",52.9193
"33544","zcta",2019,"transportation_state_rnk",60.6157
"33545","zcta",2019,"transportation_state_rnk",59.5011
"33547","zcta",2019,"transportation_state_rnk",60.5096
"33548","zcta",2019,"transportation_state_rnk",56.7941
"33549","zcta",2019,"transportation_state_rnk",59.0764
"33556","zcta",2019,"transportation_state_rnk",59.5011
"33558","zcta",2019,"transportation_state_rnk",53.8747
"33559","zcta",2019,"transportation_state_rnk",10.5096
"33563","zcta",2019,"transportation_state_rnk",55.414
"33565","zcta",2019,"transportation_state_rnk",66.9321
"33566","zcta",2019,"transportation_state_rnk",54.4586
"33567","zcta",2019,"transportation_state_rnk",69.5329
"33569","zcta",2019,"transportation_state_rnk",53.6093
"33570","zcta",2019,"transportation_state_rnk",61.3588
"33572","zcta",2019,"transportation_state_rnk",53.0786
"33573","zcta",2019,"transportation_state_rnk",63.6943
"33576","zcta",2019,"transportation_state_rnk",11.9958
"33578","zcta",2019,"transportation_state_rnk",16.189
"33579","zcta",2019,"transportation_state_rnk",58.2803
"33584","zcta",2019,"transportation_state_rnk",62.2081
"33585","zcta",2019,"transportation_state_rnk",36.8365
"33592","zcta",2019,"transportation_state_rnk",70.0637
"33594","zcta",2019,"transportation_state_rnk",53.7155
"33596","zcta",2019,"transportation_state_rnk",57.6433
"33597","zcta",2019,"transportation_state_rnk",7.8556
"33598","zcta",2019,"transportation_state_rnk",35.828
"33602","zcta",2019,"transportation_state_rnk",72.1868
"33603","zcta",2019,"transportation_state_rnk",72.293
"33604","zcta",2019,"transportation_state_rnk",74.31
"33605","zcta",2019,"transportation_state_rnk",91.9321
"33606","zcta",2019,"transportation_state_rnk",77.2293
"33607","zcta",2019,"transportation_state_rnk",71.1253
"33609","zcta",2019,"transportation_state_rnk",66.0297
"33610","zcta",2019,"transportation_state_rnk",79.6178
"33611","zcta",2019,"transportation_state_rnk",59.2887
"33612","zcta",2019,"transportation_state_rnk",89.7558
"33613","zcta",2019,"transportation_state_rnk",78.8747
"33614","zcta",2019,"transportation_state_rnk",73.673
"33615","zcta",2019,"transportation_state_rnk",63.3227
"33616","zcta",2019,"transportation_state_rnk",64.7558
"33617","zcta",2019,"transportation_state_rnk",76.2739
"33618","zcta",2019,"transportation_state_rnk",56.4756
"33619","zcta",2019,"transportation_state_rnk",71.5499
"33620","zcta",2019,"transportation_state_rnk",NA
"33621","zcta",2019,"transportation_state_rnk",35.5626
"33624","zcta",2019,"transportation_state_rnk",56.9002
"33625","zcta",2019,"transportation_state_rnk",57.4841
"33626","zcta",2019,"transportation_state_rnk",60.1911
"33629","zcta",2019,"transportation_state_rnk",57.4841
"33634","zcta",2019,"transportation_state_rnk",72.8238
"33635","zcta",2019,"transportation_state_rnk",57.1125
"33637","zcta",2019,"transportation_state_rnk",67.5159
"33647","zcta",2019,"transportation_state_rnk",62.1019
"33701","zcta",2019,"transportation_state_rnk",81.104
"33702","zcta",2019,"transportation_state_rnk",73.0361
"33703","zcta",2019,"transportation_state_rnk",67.0913
"33704","zcta",2019,"transportation_state_rnk",73.1423
"33705","zcta",2019,"transportation_state_rnk",68.7898
"33706","zcta",2019,"transportation_state_rnk",67.8344
"33707","zcta",2019,"transportation_state_rnk",75.4777
"33708","zcta",2019,"transportation_state_rnk",70.0637
"33709","zcta",2019,"transportation_state_rnk",69.0021
"33710","zcta",2019,"transportation_state_rnk",65.6582
"33711","zcta",2019,"transportation_state_rnk",79.2994
"33712","zcta",2019,"transportation_state_rnk",76.4331
"33713","zcta",2019,"transportation_state_rnk",38.8535
"33714","zcta",2019,"transportation_state_rnk",71.0191
"33715","zcta",2019,"transportation_state_rnk",69.5329
"33716","zcta",2019,"transportation_state_rnk",59.0764
"33744","zcta",2019,"transportation_state_rnk",NA
"33755","zcta",2019,"transportation_state_rnk",88.4289
"33756","zcta",2019,"transportation_state_rnk",77.7601
"33759","zcta",2019,"transportation_state_rnk",70.4883
"33760","zcta",2019,"transportation_state_rnk",67.9406
"33761","zcta",2019,"transportation_state_rnk",60.7219
"33762","zcta",2019,"transportation_state_rnk",77.9193
"33763","zcta",2019,"transportation_state_rnk",62.845
"33764","zcta",2019,"transportation_state_rnk",66.6667
"33765","zcta",2019,"transportation_state_rnk",81.3694
"33767","zcta",2019,"transportation_state_rnk",61.8896
"33770","zcta",2019,"transportation_state_rnk",66.1359
"33771","zcta",2019,"transportation_state_rnk",70.3291
"33772","zcta",2019,"transportation_state_rnk",60.828
"33773","zcta",2019,"transportation_state_rnk",73.9915
"33774","zcta",2019,"transportation_state_rnk",64.862
"33776","zcta",2019,"transportation_state_rnk",51.9108
"33777","zcta",2019,"transportation_state_rnk",14.862
"33778","zcta",2019,"transportation_state_rnk",54.3524
"33781","zcta",2019,"transportation_state_rnk",63.5881
"33782","zcta",2019,"transportation_state_rnk",5.0425
"33785","zcta",2019,"transportation_state_rnk",63.8004
"33786","zcta",2019,"transportation_state_rnk",33.4926
"33801","zcta",2019,"transportation_state_rnk",79.8301
"33803","zcta",2019,"transportation_state_rnk",74.8408
"33805","zcta",2019,"transportation_state_rnk",81.9533
"33809","zcta",2019,"transportation_state_rnk",73.4607
"33810","zcta",2019,"transportation_state_rnk",73.8854
"33811","zcta",2019,"transportation_state_rnk",70.913
"33812","zcta",2019,"transportation_state_rnk",75.3715
"33813","zcta",2019,"transportation_state_rnk",69.8514
"33815","zcta",2019,"transportation_state_rnk",76.0085
"33823","zcta",2019,"transportation_state_rnk",25.9023
"33825","zcta",2019,"transportation_state_rnk",32.4841
"33827","zcta",2019,"transportation_state_rnk",4.4586
"33830","zcta",2019,"transportation_state_rnk",75.2654
"33834","zcta",2019,"transportation_state_rnk",37.155
"33837","zcta",2019,"transportation_state_rnk",10.4034
"33838","zcta",2019,"transportation_state_rnk",14.5966
"33839","zcta",2019,"transportation_state_rnk",7.1125
"33841","zcta",2019,"transportation_state_rnk",29.724
"33843","zcta",2019,"transportation_state_rnk",28.9278
"33844","zcta",2019,"transportation_state_rnk",28.9278
"33847","zcta",2019,"transportation_state_rnk",50.2123
"33848","zcta",2019,"transportation_state_rnk",49.0977
"33849","zcta",2019,"transportation_state_rnk",5.3079
"33850","zcta",2019,"transportation_state_rnk",39.4904
"33851","zcta",2019,"transportation_state_rnk",1.9108
"33852","zcta",2019,"transportation_state_rnk",37.7389
"33853","zcta",2019,"transportation_state_rnk",25.1062
"33854","zcta",2019,"transportation_state_rnk",94.6391
"33855","zcta",2019,"transportation_state_rnk",NA
"33856","zcta",2019,"transportation_state_rnk",0
"33857","zcta",2019,"transportation_state_rnk",31.3694
"33859","zcta",2019,"transportation_state_rnk",34.8726
"33860","zcta",2019,"transportation_state_rnk",72.5053
"33865","zcta",2019,"transportation_state_rnk",22.5584
"33867","zcta",2019,"transportation_state_rnk",0.8493
"33868","zcta",2019,"transportation_state_rnk",18.259
"33870","zcta",2019,"transportation_state_rnk",34.0764
"33872","zcta",2019,"transportation_state_rnk",24.5223
"33873","zcta",2019,"transportation_state_rnk",31.104
"33875","zcta",2019,"transportation_state_rnk",9.448
"33876","zcta",2019,"transportation_state_rnk",3.8217
"33877","zcta",2019,"transportation_state_rnk",0.5308
"33880","zcta",2019,"transportation_state_rnk",18.4183
"33881","zcta",2019,"transportation_state_rnk",17.7282
"33884","zcta",2019,"transportation_state_rnk",6.7941
"33890","zcta",2019,"transportation_state_rnk",25.69
"33896","zcta",2019,"transportation_state_rnk",2.8662
"33897","zcta",2019,"transportation_state_rnk",4.5648
"33898","zcta",2019,"transportation_state_rnk",30.9979
"33901","zcta",2019,"transportation_state_rnk",81.3694
"33903","zcta",2019,"transportation_state_rnk",74.6285
"33904","zcta",2019,"transportation_state_rnk",71.9745
"33905","zcta",2019,"transportation_state_rnk",78.9809
"33907","zcta",2019,"transportation_state_rnk",79.1932
"33908","zcta",2019,"transportation_state_rnk",71.8684
"33909","zcta",2019,"transportation_state_rnk",64.4904
"33912","zcta",2019,"transportation_state_rnk",68.5775
"33913","zcta",2019,"transportation_state_rnk",72.3992
"33914","zcta",2019,"transportation_state_rnk",68.4183
"33916","zcta",2019,"transportation_state_rnk",80.9448
"33917","zcta",2019,"transportation_state_rnk",76.1146
"33919","zcta",2019,"transportation_state_rnk",63.482
"33920","zcta",2019,"transportation_state_rnk",39.3843
"33921","zcta",2019,"transportation_state_rnk",98.7261
"33922","zcta",2019,"transportation_state_rnk",35.9873
"33924","zcta",2019,"transportation_state_rnk",NA
"33928","zcta",2019,"transportation_state_rnk",71.2314
"33930","zcta",2019,"transportation_state_rnk",38.4289
"33931","zcta",2019,"transportation_state_rnk",39.5966
"33935","zcta",2019,"transportation_state_rnk",47.1868
"33936","zcta",2019,"transportation_state_rnk",75.9023
"33944","zcta",2019,"transportation_state_rnk",0.2123
"33945","zcta",2019,"transportation_state_rnk",NA
"33946","zcta",2019,"transportation_state_rnk",42.6752
"33947","zcta",2019,"transportation_state_rnk",28.7686
"33948","zcta",2019,"transportation_state_rnk",25.4777
"33950","zcta",2019,"transportation_state_rnk",33.8641
"33952","zcta",2019,"transportation_state_rnk",27.9724
"33953","zcta",2019,"transportation_state_rnk",28.1316
"33954","zcta",2019,"transportation_state_rnk",12.4735
"33955","zcta",2019,"transportation_state_rnk",12.8981
"33956","zcta",2019,"transportation_state_rnk",15.0743
"33957","zcta",2019,"transportation_state_rnk",44.0552
"33960","zcta",2019,"transportation_state_rnk",9.7665
"33965","zcta",2019,"transportation_state_rnk",NA
"33966","zcta",2019,"transportation_state_rnk",73.5669
"33967","zcta",2019,"transportation_state_rnk",68.6837
"33971","zcta",2019,"transportation_state_rnk",68.259
"33972","zcta",2019,"transportation_state_rnk",68.4183
"33973","zcta",2019,"transportation_state_rnk",75.69
"33974","zcta",2019,"transportation_state_rnk",70.0637
"33976","zcta",2019,"transportation_state_rnk",66.9321
"33980","zcta",2019,"transportation_state_rnk",42.4628
"33981","zcta",2019,"transportation_state_rnk",32.6964
"33982","zcta",2019,"transportation_state_rnk",16.9321
"33983","zcta",2019,"transportation_state_rnk",6.4756
"33990","zcta",2019,"transportation_state_rnk",68.0467
"33991","zcta",2019,"transportation_state_rnk",64.9682
"33993","zcta",2019,"transportation_state_rnk",75.1592
"34101","zcta",2019,"transportation_state_rnk",NA
"34102","zcta",2019,"transportation_state_rnk",50.7431
"34103","zcta",2019,"transportation_state_rnk",52.017
"34104","zcta",2019,"transportation_state_rnk",48.9384
"34105","zcta",2019,"transportation_state_rnk",45.8599
"34108","zcta",2019,"transportation_state_rnk",53.1847
"34109","zcta",2019,"transportation_state_rnk",45.7537
"34110","zcta",2019,"transportation_state_rnk",47.4522
"34112","zcta",2019,"transportation_state_rnk",48.3015
"34113","zcta",2019,"transportation_state_rnk",49.6815
"34114","zcta",2019,"transportation_state_rnk",48.0892
"34116","zcta",2019,"transportation_state_rnk",62.9512
"34117","zcta",2019,"transportation_state_rnk",43.896
"34119","zcta",2019,"transportation_state_rnk",44.6921
"34120","zcta",2019,"transportation_state_rnk",8.8641
"34134","zcta",2019,"transportation_state_rnk",55.7325
"34135","zcta",2019,"transportation_state_rnk",48.8323
"34137","zcta",2019,"transportation_state_rnk",0.6369
"34138","zcta",2019,"transportation_state_rnk",24.0977
"34139","zcta",2019,"transportation_state_rnk",40.552
"34140","zcta",2019,"transportation_state_rnk",0.4246
"34141","zcta",2019,"transportation_state_rnk",NA
"34142","zcta",2019,"transportation_state_rnk",93.4183
"34145","zcta",2019,"transportation_state_rnk",55.1486
"34201","zcta",2019,"transportation_state_rnk",37.5265
"34202","zcta",2019,"transportation_state_rnk",36.9958
"34203","zcta",2019,"transportation_state_rnk",39.9682
"34205","zcta",2019,"transportation_state_rnk",44.3737
"34207","zcta",2019,"transportation_state_rnk",42.0913
"34208","zcta",2019,"transportation_state_rnk",42.9936
"34209","zcta",2019,"transportation_state_rnk",38.1635
"34210","zcta",2019,"transportation_state_rnk",41.6667
"34211","zcta",2019,"transportation_state_rnk",19.1614
"34212","zcta",2019,"transportation_state_rnk",35.2442
"34215","zcta",2019,"transportation_state_rnk",46.0722
"34216","zcta",2019,"transportation_state_rnk",23.2484
"34217","zcta",2019,"transportation_state_rnk",44.1614
"34219","zcta",2019,"transportation_state_rnk",35.138
"34221","zcta",2019,"transportation_state_rnk",40.4459
"34222","zcta",2019,"transportation_state_rnk",38.1635
"34223","zcta",2019,"transportation_state_rnk",42.0913
"34224","zcta",2019,"transportation_state_rnk",27.3885
"34228","zcta",2019,"transportation_state_rnk",46.1783
"34229","zcta",2019,"transportation_state_rnk",36.9958
"34231","zcta",2019,"transportation_state_rnk",37.2611
"34232","zcta",2019,"transportation_state_rnk",33.3333
"34233","zcta",2019,"transportation_state_rnk",42.2505
"34234","zcta",2019,"transportation_state_rnk",45.2229
"34235","zcta",2019,"transportation_state_rnk",39.0127
"34236","zcta",2019,"transportation_state_rnk",51.38
"34237","zcta",2019,"transportation_state_rnk",36.0934
"34238","zcta",2019,"transportation_state_rnk",34.5011
"34239","zcta",2019,"transportation_state_rnk",39.0127
"34240","zcta",2019,"transportation_state_rnk",12.6858
"34241","zcta",2019,"transportation_state_rnk",36.3588
"34242","zcta",2019,"transportation_state_rnk",44.9045
"34243","zcta",2019,"transportation_state_rnk",24.7877
"34251","zcta",2019,"transportation_state_rnk",25.3715
"34266","zcta",2019,"transportation_state_rnk",47.983
"34268","zcta",2019,"transportation_state_rnk",65.4989
"34269","zcta",2019,"transportation_state_rnk",12.2611
"34275","zcta",2019,"transportation_state_rnk",31.741
"34285","zcta",2019,"transportation_state_rnk",38.535
"34286","zcta",2019,"transportation_state_rnk",9.9788
"34287","zcta",2019,"transportation_state_rnk",13.4289
"34288","zcta",2019,"transportation_state_rnk",15.2866
"34289","zcta",2019,"transportation_state_rnk",1.327
"34291","zcta",2019,"transportation_state_rnk",8.1741
"34292","zcta",2019,"transportation_state_rnk",26.327
"34293","zcta",2019,"transportation_state_rnk",30.8917
"34420","zcta",2019,"transportation_state_rnk",10.9342
"34428","zcta",2019,"transportation_state_rnk",22.7176
"34429","zcta",2019,"transportation_state_rnk",14.4374
"34431","zcta",2019,"transportation_state_rnk",12.4735
"34432","zcta",2019,"transportation_state_rnk",15.6051
"34433","zcta",2019,"transportation_state_rnk",2.9724
"34434","zcta",2019,"transportation_state_rnk",5.4671
"34436","zcta",2019,"transportation_state_rnk",32.2187
"34442","zcta",2019,"transportation_state_rnk",20.1168
"34445","zcta",2019,"transportation_state_rnk",NA
"34446","zcta",2019,"transportation_state_rnk",11.518
"34448","zcta",2019,"transportation_state_rnk",10.9342
"34449","zcta",2019,"transportation_state_rnk",30.2548
"34450","zcta",2019,"transportation_state_rnk",5.6263
"34452","zcta",2019,"transportation_state_rnk",17.3567
"34453","zcta",2019,"transportation_state_rnk",30.0955
"34461","zcta",2019,"transportation_state_rnk",11.1465
"34465","zcta",2019,"transportation_state_rnk",25.69
"34470","zcta",2019,"transportation_state_rnk",52.5478
"34471","zcta",2019,"transportation_state_rnk",50.9023
"34472","zcta",2019,"transportation_state_rnk",49.0977
"34473","zcta",2019,"transportation_state_rnk",11.518
"34474","zcta",2019,"transportation_state_rnk",26.6985
"34475","zcta",2019,"transportation_state_rnk",78.2378
"34476","zcta",2019,"transportation_state_rnk",47.1868
"34479","zcta",2019,"transportation_state_rnk",55.8386
"34480","zcta",2019,"transportation_state_rnk",46.4968
"34481","zcta",2019,"transportation_state_rnk",59.7665
"34482","zcta",2019,"transportation_state_rnk",71.4437
"34484","zcta",2019,"transportation_state_rnk",7.5902
"34488","zcta",2019,"transportation_state_rnk",6.9533
"34491","zcta",2019,"transportation_state_rnk",21.0191
"34498","zcta",2019,"transportation_state_rnk",26.6985
"34601","zcta",2019,"transportation_state_rnk",45.4352
"34602","zcta",2019,"transportation_state_rnk",20.7006
"34604","zcta",2019,"transportation_state_rnk",21.1783
"34606","zcta",2019,"transportation_state_rnk",48.1953
"34607","zcta",2019,"transportation_state_rnk",33.0679
"34608","zcta",2019,"transportation_state_rnk",46.3907
"34609","zcta",2019,"transportation_state_rnk",45.6476
"34610","zcta",2019,"transportation_state_rnk",44.586
"34613","zcta",2019,"transportation_state_rnk",45.966
"34614","zcta",2019,"transportation_state_rnk",6.9533
"34637","zcta",2019,"transportation_state_rnk",24.5223
"34638","zcta",2019,"transportation_state_rnk",54.1401
"34639","zcta",2019,"transportation_state_rnk",54.2463
"34652","zcta",2019,"transportation_state_rnk",71.7622
"34653","zcta",2019,"transportation_state_rnk",69.3206
"34654","zcta",2019,"transportation_state_rnk",60.4034
"34655","zcta",2019,"transportation_state_rnk",55.1486
"34661","zcta",2019,"transportation_state_rnk",0.1062
"34667","zcta",2019,"transportation_state_rnk",65.8174
"34668","zcta",2019,"transportation_state_rnk",65.2866
"34669","zcta",2019,"transportation_state_rnk",61.9958
"34677","zcta",2019,"transportation_state_rnk",57.7495
"34679","zcta",2019,"transportation_state_rnk",NA
"34681","zcta",2019,"transportation_state_rnk",56.1571
"34683","zcta",2019,"transportation_state_rnk",58.811
"34684","zcta",2019,"transportation_state_rnk",54.724
"34685","zcta",2019,"transportation_state_rnk",58.3864
"34688","zcta",2019,"transportation_state_rnk",57.2187
"34689","zcta",2019,"transportation_state_rnk",73.7792
"34690","zcta",2019,"transportation_state_rnk",68.1529
"34691","zcta",2019,"transportation_state_rnk",67.4098
"34695","zcta",2019,"transportation_state_rnk",61.518
"34698","zcta",2019,"transportation_state_rnk",58.6518
"34705","zcta",2019,"transportation_state_rnk",28.3439
"34711","zcta",2019,"transportation_state_rnk",49.2569
"34714","zcta",2019,"transportation_state_rnk",9.0764
"34715","zcta",2019,"transportation_state_rnk",13.7473
"34731","zcta",2019,"transportation_state_rnk",44.4798
"34734","zcta",2019,"transportation_state_rnk",24.5223
"34736","zcta",2019,"transportation_state_rnk",4.6709
"34737","zcta",2019,"transportation_state_rnk",33.9703
"34739","zcta",2019,"transportation_state_rnk",1.4862
"34741","zcta",2019,"transportation_state_rnk",36.1996
"34743","zcta",2019,"transportation_state_rnk",9.0764
"34744","zcta",2019,"transportation_state_rnk",19.9575
"34746","zcta",2019,"transportation_state_rnk",29.5117
"34747","zcta",2019,"transportation_state_rnk",37.3673
"34748","zcta",2019,"transportation_state_rnk",61.518
"34753","zcta",2019,"transportation_state_rnk",18.0467
"34756","zcta",2019,"transportation_state_rnk",17.3567
"34758","zcta",2019,"transportation_state_rnk",21.7622
"34759","zcta",2019,"transportation_state_rnk",16.189
"34760","zcta",2019,"transportation_state_rnk",2.4416
"34761","zcta",2019,"transportation_state_rnk",57.8556
"34762","zcta",2019,"transportation_state_rnk",1.1677
"34769","zcta",2019,"transportation_state_rnk",35.828
"34771","zcta",2019,"transportation_state_rnk",17.8344
"34772","zcta",2019,"transportation_state_rnk",8.8641
"34773","zcta",2019,"transportation_state_rnk",18.1529
"34785","zcta",2019,"transportation_state_rnk",30.7325
"34786","zcta",2019,"transportation_state_rnk",52.6539
"34787","zcta",2019,"transportation_state_rnk",54.8832
"34788","zcta",2019,"transportation_state_rnk",46.7091
"34797","zcta",2019,"transportation_state_rnk",22.8238
"34945","zcta",2019,"transportation_state_rnk",20.1168
"34946","zcta",2019,"transportation_state_rnk",48.4076
"34947","zcta",2019,"transportation_state_rnk",70.3291
"34949","zcta",2019,"transportation_state_rnk",64.0127
"34950","zcta",2019,"transportation_state_rnk",77.0701
"34951","zcta",2019,"transportation_state_rnk",26.1677
"34952","zcta",2019,"transportation_state_rnk",51.2739
"34953","zcta",2019,"transportation_state_rnk",51.1677
"34956","zcta",2019,"transportation_state_rnk",43.896
"34957","zcta",2019,"transportation_state_rnk",52.1231
"34972","zcta",2019,"transportation_state_rnk",32.9087
"34974","zcta",2019,"transportation_state_rnk",27.4947
"34981","zcta",2019,"transportation_state_rnk",5.2017
"34982","zcta",2019,"transportation_state_rnk",55.6263
"34983","zcta",2019,"transportation_state_rnk",51.4862
"34984","zcta",2019,"transportation_state_rnk",48.5669
"34986","zcta",2019,"transportation_state_rnk",52.7601
"34987","zcta",2019,"transportation_state_rnk",21.5499
"34990","zcta",2019,"transportation_state_rnk",48.7261
"34994","zcta",2019,"transportation_state_rnk",60.1911
"34996","zcta",2019,"transportation_state_rnk",54.724
"34997","zcta",2019,"transportation_state_rnk",61.1465
