"geoid","geolevel","year","level","value"
"55001","zcta",2019,"transportation_score",91.57
"55003","zcta",2019,"transportation_score",NA
"55005","zcta",2019,"transportation_score",91.98
"55006","zcta",2019,"transportation_score",92.69
"55007","zcta",2019,"transportation_score",91.66
"55008","zcta",2019,"transportation_score",91.86
"55009","zcta",2019,"transportation_score",92.29
"55011","zcta",2019,"transportation_score",92.28
"55012","zcta",2019,"transportation_score",94.62
"55013","zcta",2019,"transportation_score",94.38
"55014","zcta",2019,"transportation_score",103.35
"55016","zcta",2019,"transportation_score",103.85
"55017","zcta",2019,"transportation_score",92.64
"55018","zcta",2019,"transportation_score",91.7
"55019","zcta",2019,"transportation_score",91.76
"55020","zcta",2019,"transportation_score",93.59
"55021","zcta",2019,"transportation_score",92.9
"55024","zcta",2019,"transportation_score",103.59
"55025","zcta",2019,"transportation_score",92.94
"55026","zcta",2019,"transportation_score",91.96
"55027","zcta",2019,"transportation_score",93.62
"55029","zcta",2019,"transportation_score",NA
"55030","zcta",2019,"transportation_score",91.46
"55031","zcta",2019,"transportation_score",91.65
"55032","zcta",2019,"transportation_score",92.45
"55033","zcta",2019,"transportation_score",92.15
"55036","zcta",2019,"transportation_score",NA
"55037","zcta",2019,"transportation_score",96.3
"55038","zcta",2019,"transportation_score",101.95
"55040","zcta",2019,"transportation_score",91.79
"55041","zcta",2019,"transportation_score",96.34
"55042","zcta",2019,"transportation_score",93.95
"55043","zcta",2019,"transportation_score",91.42
"55044","zcta",2019,"transportation_score",104.71
"55045","zcta",2019,"transportation_score",93.94
"55046","zcta",2019,"transportation_score",92.52
"55047","zcta",2019,"transportation_score",92.27
"55049","zcta",2019,"transportation_score",90.79
"55051","zcta",2019,"transportation_score",110.87
"55052","zcta",2019,"transportation_score",91.02
"55053","zcta",2019,"transportation_score",93.63
"55054","zcta",2019,"transportation_score",90.57
"55055","zcta",2019,"transportation_score",93.37
"55056","zcta",2019,"transportation_score",93.12
"55057","zcta",2019,"transportation_score",97.81
"55060","zcta",2019,"transportation_score",92.56
"55063","zcta",2019,"transportation_score",95.05
"55065","zcta",2019,"transportation_score",92.29
"55066","zcta",2019,"transportation_score",93.96
"55068","zcta",2019,"transportation_score",103.57
"55069","zcta",2019,"transportation_score",92.48
"55070","zcta",2019,"transportation_score",91.93
"55071","zcta",2019,"transportation_score",91.79
"55072","zcta",2019,"transportation_score",94.72
"55073","zcta",2019,"transportation_score",91.93
"55074","zcta",2019,"transportation_score",91.28
"55075","zcta",2019,"transportation_score",105.01
"55076","zcta",2019,"transportation_score",104
"55077","zcta",2019,"transportation_score",102.84
"55079","zcta",2019,"transportation_score",92.33
"55080","zcta",2019,"transportation_score",92.44
"55082","zcta",2019,"transportation_score",103.54
"55084","zcta",2019,"transportation_score",93.58
"55085","zcta",2019,"transportation_score",91.22
"55087","zcta",2019,"transportation_score",87.58
"55088","zcta",2019,"transportation_score",92.77
"55089","zcta",2019,"transportation_score",92.18
"55090","zcta",2019,"transportation_score",91.49
"55092","zcta",2019,"transportation_score",91.91
"55101","zcta",2019,"transportation_score",126.34
"55102","zcta",2019,"transportation_score",113.28
"55103","zcta",2019,"transportation_score",123.05
"55104","zcta",2019,"transportation_score",119.01
"55105","zcta",2019,"transportation_score",111.56
"55106","zcta",2019,"transportation_score",111.31
"55107","zcta",2019,"transportation_score",109.33
"55108","zcta",2019,"transportation_score",117.28
"55109","zcta",2019,"transportation_score",106.42
"55110","zcta",2019,"transportation_score",102.71
"55111","zcta",2019,"transportation_score",NA
"55112","zcta",2019,"transportation_score",105.56
"55113","zcta",2019,"transportation_score",107.81
"55114","zcta",2019,"transportation_score",114.84
"55115","zcta",2019,"transportation_score",102.18
"55116","zcta",2019,"transportation_score",110.69
"55117","zcta",2019,"transportation_score",110.37
"55118","zcta",2019,"transportation_score",109.29
"55119","zcta",2019,"transportation_score",106.9
"55120","zcta",2019,"transportation_score",102.72
"55121","zcta",2019,"transportation_score",105.78
"55122","zcta",2019,"transportation_score",106.07
"55123","zcta",2019,"transportation_score",104.38
"55124","zcta",2019,"transportation_score",104.94
"55125","zcta",2019,"transportation_score",104.5
"55126","zcta",2019,"transportation_score",102.93
"55127","zcta",2019,"transportation_score",102.23
"55128","zcta",2019,"transportation_score",105.39
"55129","zcta",2019,"transportation_score",103.13
"55130","zcta",2019,"transportation_score",114.27
"55150","zcta",2019,"transportation_score",91.08
"55155","zcta",2019,"transportation_score",NA
"55301","zcta",2019,"transportation_score",91.14
"55302","zcta",2019,"transportation_score",92.16
"55303","zcta",2019,"transportation_score",103.99
"55304","zcta",2019,"transportation_score",103
"55305","zcta",2019,"transportation_score",106.72
"55306","zcta",2019,"transportation_score",105.63
"55307","zcta",2019,"transportation_score",93.79
"55308","zcta",2019,"transportation_score",92.35
"55309","zcta",2019,"transportation_score",92.8
"55310","zcta",2019,"transportation_score",91.23
"55311","zcta",2019,"transportation_score",103.66
"55312","zcta",2019,"transportation_score",91.81
"55313","zcta",2019,"transportation_score",92.76
"55314","zcta",2019,"transportation_score",95.09
"55315","zcta",2019,"transportation_score",95.47
"55316","zcta",2019,"transportation_score",103.88
"55317","zcta",2019,"transportation_score",103.81
"55318","zcta",2019,"transportation_score",103.43
"55319","zcta",2019,"transportation_score",91.62
"55320","zcta",2019,"transportation_score",92
"55321","zcta",2019,"transportation_score",92.41
"55322","zcta",2019,"transportation_score",93.09
"55324","zcta",2019,"transportation_score",90.99
"55325","zcta",2019,"transportation_score",91.94
"55327","zcta",2019,"transportation_score",92.45
"55328","zcta",2019,"transportation_score",92.01
"55329","zcta",2019,"transportation_score",94.04
"55330","zcta",2019,"transportation_score",102.61
"55331","zcta",2019,"transportation_score",102.63
"55332","zcta",2019,"transportation_score",92.9
"55333","zcta",2019,"transportation_score",93.31
"55334","zcta",2019,"transportation_score",91.74
"55335","zcta",2019,"transportation_score",92.2
"55336","zcta",2019,"transportation_score",92.32
"55337","zcta",2019,"transportation_score",107.16
"55338","zcta",2019,"transportation_score",93.22
"55339","zcta",2019,"transportation_score",91.46
"55340","zcta",2019,"transportation_score",94.64
"55341","zcta",2019,"transportation_score",93.03
"55342","zcta",2019,"transportation_score",92.64
"55343","zcta",2019,"transportation_score",107.75
"55344","zcta",2019,"transportation_score",106.93
"55345","zcta",2019,"transportation_score",103.94
"55346","zcta",2019,"transportation_score",104.62
"55347","zcta",2019,"transportation_score",105.73
"55349","zcta",2019,"transportation_score",92.48
"55350","zcta",2019,"transportation_score",92.16
"55352","zcta",2019,"transportation_score",92.61
"55353","zcta",2019,"transportation_score",93.31
"55354","zcta",2019,"transportation_score",91.02
"55355","zcta",2019,"transportation_score",93.65
"55356","zcta",2019,"transportation_score",101.39
"55357","zcta",2019,"transportation_score",91.56
"55358","zcta",2019,"transportation_score",92.58
"55359","zcta",2019,"transportation_score",92.48
"55360","zcta",2019,"transportation_score",91.86
"55362","zcta",2019,"transportation_score",91.55
"55363","zcta",2019,"transportation_score",91.94
"55364","zcta",2019,"transportation_score",104.16
"55366","zcta",2019,"transportation_score",90.12
"55367","zcta",2019,"transportation_score",91.55
"55368","zcta",2019,"transportation_score",90.84
"55369","zcta",2019,"transportation_score",104.69
"55370","zcta",2019,"transportation_score",92.53
"55371","zcta",2019,"transportation_score",94.06
"55372","zcta",2019,"transportation_score",103.99
"55373","zcta",2019,"transportation_score",91.09
"55374","zcta",2019,"transportation_score",94.24
"55375","zcta",2019,"transportation_score",94.91
"55376","zcta",2019,"transportation_score",101.88
"55378","zcta",2019,"transportation_score",103.25
"55379","zcta",2019,"transportation_score",103.29
"55381","zcta",2019,"transportation_score",92.98
"55382","zcta",2019,"transportation_score",92.47
"55384","zcta",2019,"transportation_score",93.66
"55385","zcta",2019,"transportation_score",92.86
"55386","zcta",2019,"transportation_score",92.73
"55387","zcta",2019,"transportation_score",92.8
"55388","zcta",2019,"transportation_score",93.88
"55389","zcta",2019,"transportation_score",93.2
"55390","zcta",2019,"transportation_score",92.21
"55391","zcta",2019,"transportation_score",103.51
"55395","zcta",2019,"transportation_score",91.82
"55396","zcta",2019,"transportation_score",93.58
"55397","zcta",2019,"transportation_score",94.24
"55398","zcta",2019,"transportation_score",92.09
"55401","zcta",2019,"transportation_score",122.03
"55402","zcta",2019,"transportation_score",155.3
"55403","zcta",2019,"transportation_score",132.27
"55404","zcta",2019,"transportation_score",131.61
"55405","zcta",2019,"transportation_score",122.34
"55406","zcta",2019,"transportation_score",116.32
"55407","zcta",2019,"transportation_score",119.43
"55408","zcta",2019,"transportation_score",121.58
"55409","zcta",2019,"transportation_score",113.24
"55410","zcta",2019,"transportation_score",107.84
"55411","zcta",2019,"transportation_score",118.44
"55412","zcta",2019,"transportation_score",120.97
"55413","zcta",2019,"transportation_score",115.42
"55414","zcta",2019,"transportation_score",133.8
"55415","zcta",2019,"transportation_score",NA
"55416","zcta",2019,"transportation_score",107.34
"55417","zcta",2019,"transportation_score",110.7
"55418","zcta",2019,"transportation_score",110.97
"55419","zcta",2019,"transportation_score",111.39
"55420","zcta",2019,"transportation_score",107.38
"55421","zcta",2019,"transportation_score",110.02
"55422","zcta",2019,"transportation_score",105.79
"55423","zcta",2019,"transportation_score",111.22
"55424","zcta",2019,"transportation_score",102.18
"55425","zcta",2019,"transportation_score",109.75
"55426","zcta",2019,"transportation_score",107.76
"55427","zcta",2019,"transportation_score",104.26
"55428","zcta",2019,"transportation_score",106.73
"55429","zcta",2019,"transportation_score",109.46
"55430","zcta",2019,"transportation_score",111.29
"55431","zcta",2019,"transportation_score",106.94
"55432","zcta",2019,"transportation_score",107.2
"55433","zcta",2019,"transportation_score",105.54
"55434","zcta",2019,"transportation_score",105.22
"55435","zcta",2019,"transportation_score",108.93
"55436","zcta",2019,"transportation_score",105.97
"55437","zcta",2019,"transportation_score",104
"55438","zcta",2019,"transportation_score",101.91
"55439","zcta",2019,"transportation_score",103.47
"55441","zcta",2019,"transportation_score",104.07
"55442","zcta",2019,"transportation_score",102.78
"55443","zcta",2019,"transportation_score",108.03
"55444","zcta",2019,"transportation_score",104.86
"55445","zcta",2019,"transportation_score",106.15
"55446","zcta",2019,"transportation_score",104.46
"55447","zcta",2019,"transportation_score",104.17
"55448","zcta",2019,"transportation_score",103.5
"55449","zcta",2019,"transportation_score",104.3
"55450","zcta",2019,"transportation_score",NA
"55454","zcta",2019,"transportation_score",140.96
"55455","zcta",2019,"transportation_score",NA
"55601","zcta",2019,"transportation_score",NA
"55602","zcta",2019,"transportation_score",92.44
"55603","zcta",2019,"transportation_score",89.65
"55604","zcta",2019,"transportation_score",98.42
"55605","zcta",2019,"transportation_score",97.64
"55606","zcta",2019,"transportation_score",102.54
"55607","zcta",2019,"transportation_score",93.36
"55609","zcta",2019,"transportation_score",94.36
"55612","zcta",2019,"transportation_score",99.71
"55613","zcta",2019,"transportation_score",93.83
"55614","zcta",2019,"transportation_score",93.97
"55615","zcta",2019,"transportation_score",97.41
"55616","zcta",2019,"transportation_score",96.21
"55702","zcta",2019,"transportation_score",94.06
"55703","zcta",2019,"transportation_score",90.91
"55704","zcta",2019,"transportation_score",93.09
"55705","zcta",2019,"transportation_score",92.48
"55706","zcta",2019,"transportation_score",95.51
"55707","zcta",2019,"transportation_score",91.74
"55708","zcta",2019,"transportation_score",90.62
"55709","zcta",2019,"transportation_score",92.75
"55710","zcta",2019,"transportation_score",91.58
"55711","zcta",2019,"transportation_score",101.39
"55712","zcta",2019,"transportation_score",93.16
"55713","zcta",2019,"transportation_score",93.56
"55716","zcta",2019,"transportation_score",92.97
"55717","zcta",2019,"transportation_score",89.96
"55718","zcta",2019,"transportation_score",92.19
"55719","zcta",2019,"transportation_score",94.62
"55720","zcta",2019,"transportation_score",95.67
"55721","zcta",2019,"transportation_score",91.11
"55722","zcta",2019,"transportation_score",89.47
"55723","zcta",2019,"transportation_score",92.82
"55724","zcta",2019,"transportation_score",91.02
"55726","zcta",2019,"transportation_score",90.53
"55731","zcta",2019,"transportation_score",98.18
"55732","zcta",2019,"transportation_score",91.21
"55733","zcta",2019,"transportation_score",90.36
"55734","zcta",2019,"transportation_score",108.53
"55735","zcta",2019,"transportation_score",93.26
"55736","zcta",2019,"transportation_score",93.47
"55738","zcta",2019,"transportation_score",92.5
"55741","zcta",2019,"transportation_score",91.25
"55742","zcta",2019,"transportation_score",92.33
"55744","zcta",2019,"transportation_score",93.96
"55746","zcta",2019,"transportation_score",110.24
"55748","zcta",2019,"transportation_score",91.33
"55749","zcta",2019,"transportation_score",91.22
"55750","zcta",2019,"transportation_score",90.95
"55751","zcta",2019,"transportation_score",90.01
"55752","zcta",2019,"transportation_score",89.65
"55753","zcta",2019,"transportation_score",93.24
"55756","zcta",2019,"transportation_score",92.51
"55757","zcta",2019,"transportation_score",93.71
"55758","zcta",2019,"transportation_score",91.45
"55760","zcta",2019,"transportation_score",92.75
"55763","zcta",2019,"transportation_score",89.57
"55764","zcta",2019,"transportation_score",90.64
"55765","zcta",2019,"transportation_score",91.85
"55766","zcta",2019,"transportation_score",NA
"55767","zcta",2019,"transportation_score",NA
"55768","zcta",2019,"transportation_score",96.72
"55769","zcta",2019,"transportation_score",95.33
"55771","zcta",2019,"transportation_score",94.64
"55772","zcta",2019,"transportation_score",103.23
"55775","zcta",2019,"transportation_score",93.1
"55779","zcta",2019,"transportation_score",91.15
"55780","zcta",2019,"transportation_score",90.5
"55781","zcta",2019,"transportation_score",90.58
"55782","zcta",2019,"transportation_score",93.15
"55783","zcta",2019,"transportation_score",90.97
"55784","zcta",2019,"transportation_score",87.97
"55785","zcta",2019,"transportation_score",87.74
"55786","zcta",2019,"transportation_score",92.37
"55787","zcta",2019,"transportation_score",92.2
"55790","zcta",2019,"transportation_score",95.92
"55792","zcta",2019,"transportation_score",111.32
"55793","zcta",2019,"transportation_score",92.72
"55795","zcta",2019,"transportation_score",92.01
"55797","zcta",2019,"transportation_score",91.6
"55798","zcta",2019,"transportation_score",92.33
"55802","zcta",2019,"transportation_score",108.72
"55803","zcta",2019,"transportation_score",103.51
"55804","zcta",2019,"transportation_score",104.23
"55805","zcta",2019,"transportation_score",114.99
"55806","zcta",2019,"transportation_score",110.83
"55807","zcta",2019,"transportation_score",107.15
"55808","zcta",2019,"transportation_score",110.63
"55810","zcta",2019,"transportation_score",102.73
"55811","zcta",2019,"transportation_score",102.45
"55812","zcta",2019,"transportation_score",111.56
"55814","zcta",2019,"transportation_score",NA
"55901","zcta",2019,"transportation_score",106.04
"55902","zcta",2019,"transportation_score",107.47
"55904","zcta",2019,"transportation_score",106.33
"55905","zcta",2019,"transportation_score",NA
"55906","zcta",2019,"transportation_score",106.56
"55909","zcta",2019,"transportation_score",95.72
"55910","zcta",2019,"transportation_score",93.92
"55912","zcta",2019,"transportation_score",95
"55917","zcta",2019,"transportation_score",92.94
"55918","zcta",2019,"transportation_score",93.07
"55919","zcta",2019,"transportation_score",92.93
"55920","zcta",2019,"transportation_score",93.2
"55921","zcta",2019,"transportation_score",92.61
"55922","zcta",2019,"transportation_score",110.02
"55923","zcta",2019,"transportation_score",93.35
"55924","zcta",2019,"transportation_score",93.44
"55925","zcta",2019,"transportation_score",91.52
"55926","zcta",2019,"transportation_score",94.62
"55927","zcta",2019,"transportation_score",93.86
"55929","zcta",2019,"transportation_score",92.68
"55931","zcta",2019,"transportation_score",92.03
"55932","zcta",2019,"transportation_score",94.27
"55933","zcta",2019,"transportation_score",99.8
"55934","zcta",2019,"transportation_score",93.81
"55935","zcta",2019,"transportation_score",94.16
"55936","zcta",2019,"transportation_score",94.55
"55939","zcta",2019,"transportation_score",98.56
"55940","zcta",2019,"transportation_score",95.21
"55941","zcta",2019,"transportation_score",90.82
"55943","zcta",2019,"transportation_score",94.36
"55944","zcta",2019,"transportation_score",93.86
"55945","zcta",2019,"transportation_score",94.88
"55946","zcta",2019,"transportation_score",93.48
"55947","zcta",2019,"transportation_score",92.91
"55949","zcta",2019,"transportation_score",99.15
"55950","zcta",2019,"transportation_score",87.98
"55951","zcta",2019,"transportation_score",97.52
"55952","zcta",2019,"transportation_score",93.77
"55953","zcta",2019,"transportation_score",94.12
"55954","zcta",2019,"transportation_score",94.49
"55955","zcta",2019,"transportation_score",91.93
"55956","zcta",2019,"transportation_score",92.36
"55957","zcta",2019,"transportation_score",94.3
"55959","zcta",2019,"transportation_score",92.79
"55960","zcta",2019,"transportation_score",94.09
"55961","zcta",2019,"transportation_score",96.55
"55962","zcta",2019,"transportation_score",96.77
"55963","zcta",2019,"transportation_score",92.27
"55964","zcta",2019,"transportation_score",97.78
"55965","zcta",2019,"transportation_score",96.02
"55967","zcta",2019,"transportation_score",92.62
"55968","zcta",2019,"transportation_score",NA
"55969","zcta",2019,"transportation_score",92.24
"55970","zcta",2019,"transportation_score",94.56
"55971","zcta",2019,"transportation_score",94.6
"55972","zcta",2019,"transportation_score",96.05
"55973","zcta",2019,"transportation_score",96.11
"55974","zcta",2019,"transportation_score",95.88
"55975","zcta",2019,"transportation_score",95.87
"55976","zcta",2019,"transportation_score",93.52
"55977","zcta",2019,"transportation_score",95.32
"55979","zcta",2019,"transportation_score",99.23
"55981","zcta",2019,"transportation_score",95.59
"55982","zcta",2019,"transportation_score",91.6
"55983","zcta",2019,"transportation_score",95.56
"55985","zcta",2019,"transportation_score",92.16
"55987","zcta",2019,"transportation_score",113.42
"55990","zcta",2019,"transportation_score",95.38
"55991","zcta",2019,"transportation_score",94.6
"55992","zcta",2019,"transportation_score",93.84
"56001","zcta",2019,"transportation_score",113.97
"56003","zcta",2019,"transportation_score",112.31
"56007","zcta",2019,"transportation_score",93.54
"56009","zcta",2019,"transportation_score",90.84
"56010","zcta",2019,"transportation_score",93.81
"56011","zcta",2019,"transportation_score",92.47
"56013","zcta",2019,"transportation_score",92.74
"56014","zcta",2019,"transportation_score",93.98
"56016","zcta",2019,"transportation_score",94.56
"56017","zcta",2019,"transportation_score",90.45
"56019","zcta",2019,"transportation_score",93.87
"56020","zcta",2019,"transportation_score",90.83
"56021","zcta",2019,"transportation_score",90.89
"56022","zcta",2019,"transportation_score",NA
"56023","zcta",2019,"transportation_score",93.64
"56024","zcta",2019,"transportation_score",91.68
"56025","zcta",2019,"transportation_score",92.88
"56026","zcta",2019,"transportation_score",92.11
"56027","zcta",2019,"transportation_score",94.06
"56028","zcta",2019,"transportation_score",92.29
"56029","zcta",2019,"transportation_score",92.26
"56031","zcta",2019,"transportation_score",110.07
"56032","zcta",2019,"transportation_score",90.96
"56033","zcta",2019,"transportation_score",93.36
"56034","zcta",2019,"transportation_score",90.57
"56035","zcta",2019,"transportation_score",91.1
"56036","zcta",2019,"transportation_score",91.43
"56037","zcta",2019,"transportation_score",93.33
"56039","zcta",2019,"transportation_score",92.5
"56041","zcta",2019,"transportation_score",92.58
"56042","zcta",2019,"transportation_score",93.18
"56043","zcta",2019,"transportation_score",93.72
"56044","zcta",2019,"transportation_score",92.74
"56045","zcta",2019,"transportation_score",92.43
"56046","zcta",2019,"transportation_score",NA
"56047","zcta",2019,"transportation_score",90.86
"56048","zcta",2019,"transportation_score",92.56
"56050","zcta",2019,"transportation_score",91.45
"56051","zcta",2019,"transportation_score",91.23
"56052","zcta",2019,"transportation_score",92.62
"56054","zcta",2019,"transportation_score",91.4
"56055","zcta",2019,"transportation_score",91.04
"56056","zcta",2019,"transportation_score",NA
"56057","zcta",2019,"transportation_score",92.75
"56058","zcta",2019,"transportation_score",93.96
"56060","zcta",2019,"transportation_score",93.97
"56062","zcta",2019,"transportation_score",97.46
"56063","zcta",2019,"transportation_score",90.7
"56065","zcta",2019,"transportation_score",93.64
"56068","zcta",2019,"transportation_score",91.54
"56069","zcta",2019,"transportation_score",92.44
"56071","zcta",2019,"transportation_score",91.69
"56072","zcta",2019,"transportation_score",92.92
"56073","zcta",2019,"transportation_score",113.08
"56074","zcta",2019,"transportation_score",93.44
"56075","zcta",2019,"transportation_score",89.94
"56078","zcta",2019,"transportation_score",91.36
"56080","zcta",2019,"transportation_score",91.55
"56081","zcta",2019,"transportation_score",114.35
"56082","zcta",2019,"transportation_score",96.33
"56083","zcta",2019,"transportation_score",96.28
"56085","zcta",2019,"transportation_score",92.98
"56087","zcta",2019,"transportation_score",93.55
"56088","zcta",2019,"transportation_score",92.24
"56089","zcta",2019,"transportation_score",92.51
"56090","zcta",2019,"transportation_score",93.4
"56091","zcta",2019,"transportation_score",92.05
"56093","zcta",2019,"transportation_score",92.11
"56096","zcta",2019,"transportation_score",92.14
"56097","zcta",2019,"transportation_score",92.56
"56098","zcta",2019,"transportation_score",94.88
"56101","zcta",2019,"transportation_score",94.03
"56110","zcta",2019,"transportation_score",93.82
"56111","zcta",2019,"transportation_score",93.49
"56113","zcta",2019,"transportation_score",92.94
"56114","zcta",2019,"transportation_score",91.73
"56115","zcta",2019,"transportation_score",93.52
"56116","zcta",2019,"transportation_score",91.36
"56117","zcta",2019,"transportation_score",91.94
"56118","zcta",2019,"transportation_score",93.74
"56119","zcta",2019,"transportation_score",97.23
"56120","zcta",2019,"transportation_score",95.21
"56121","zcta",2019,"transportation_score",92.55
"56122","zcta",2019,"transportation_score",99.1
"56123","zcta",2019,"transportation_score",93.84
"56125","zcta",2019,"transportation_score",NA
"56127","zcta",2019,"transportation_score",92.39
"56128","zcta",2019,"transportation_score",96.64
"56129","zcta",2019,"transportation_score",93.93
"56131","zcta",2019,"transportation_score",93.5
"56132","zcta",2019,"transportation_score",92.99
"56134","zcta",2019,"transportation_score",90.51
"56136","zcta",2019,"transportation_score",95.57
"56137","zcta",2019,"transportation_score",93.27
"56138","zcta",2019,"transportation_score",92.95
"56139","zcta",2019,"transportation_score",93.07
"56140","zcta",2019,"transportation_score",NA
"56141","zcta",2019,"transportation_score",91.31
"56142","zcta",2019,"transportation_score",96
"56143","zcta",2019,"transportation_score",94.93
"56144","zcta",2019,"transportation_score",93.62
"56145","zcta",2019,"transportation_score",90.45
"56146","zcta",2019,"transportation_score",NA
"56147","zcta",2019,"transportation_score",88.83
"56149","zcta",2019,"transportation_score",94.06
"56150","zcta",2019,"transportation_score",92.97
"56151","zcta",2019,"transportation_score",92.79
"56152","zcta",2019,"transportation_score",94.97
"56153","zcta",2019,"transportation_score",90.88
"56155","zcta",2019,"transportation_score",91.89
"56156","zcta",2019,"transportation_score",91.88
"56157","zcta",2019,"transportation_score",91.05
"56158","zcta",2019,"transportation_score",93.66
"56159","zcta",2019,"transportation_score",92.85
"56160","zcta",2019,"transportation_score",92.27
"56161","zcta",2019,"transportation_score",96.4
"56162","zcta",2019,"transportation_score",89.43
"56164","zcta",2019,"transportation_score",92.69
"56165","zcta",2019,"transportation_score",95.22
"56166","zcta",2019,"transportation_score",97.78
"56167","zcta",2019,"transportation_score",94.24
"56168","zcta",2019,"transportation_score",92.75
"56169","zcta",2019,"transportation_score",91.48
"56170","zcta",2019,"transportation_score",91.36
"56171","zcta",2019,"transportation_score",92.32
"56172","zcta",2019,"transportation_score",92.81
"56173","zcta",2019,"transportation_score",92.23
"56174","zcta",2019,"transportation_score",90.62
"56175","zcta",2019,"transportation_score",93.59
"56176","zcta",2019,"transportation_score",95.37
"56177","zcta",2019,"transportation_score",NA
"56178","zcta",2019,"transportation_score",94.59
"56180","zcta",2019,"transportation_score",94.91
"56181","zcta",2019,"transportation_score",93.97
"56183","zcta",2019,"transportation_score",90.68
"56185","zcta",2019,"transportation_score",92.95
"56186","zcta",2019,"transportation_score",93.46
"56187","zcta",2019,"transportation_score",111.39
"56201","zcta",2019,"transportation_score",94.78
"56207","zcta",2019,"transportation_score",90.62
"56208","zcta",2019,"transportation_score",97.24
"56209","zcta",2019,"transportation_score",93.41
"56210","zcta",2019,"transportation_score",NA
"56211","zcta",2019,"transportation_score",94.57
"56212","zcta",2019,"transportation_score",93.96
"56214","zcta",2019,"transportation_score",93.31
"56215","zcta",2019,"transportation_score",93.01
"56216","zcta",2019,"transportation_score",91.1
"56218","zcta",2019,"transportation_score",93.5
"56219","zcta",2019,"transportation_score",96.52
"56220","zcta",2019,"transportation_score",95.05
"56221","zcta",2019,"transportation_score",96.44
"56222","zcta",2019,"transportation_score",92.13
"56223","zcta",2019,"transportation_score",93.5
"56224","zcta",2019,"transportation_score",95.35
"56225","zcta",2019,"transportation_score",95.63
"56226","zcta",2019,"transportation_score",93.9
"56227","zcta",2019,"transportation_score",99.43
"56228","zcta",2019,"transportation_score",91.91
"56229","zcta",2019,"transportation_score",93.99
"56230","zcta",2019,"transportation_score",92.08
"56231","zcta",2019,"transportation_score",92.93
"56232","zcta",2019,"transportation_score",94.43
"56235","zcta",2019,"transportation_score",93.52
"56236","zcta",2019,"transportation_score",94.88
"56237","zcta",2019,"transportation_score",90.84
"56239","zcta",2019,"transportation_score",95.07
"56240","zcta",2019,"transportation_score",94.1
"56241","zcta",2019,"transportation_score",115.25
"56243","zcta",2019,"transportation_score",93.23
"56244","zcta",2019,"transportation_score",97.3
"56245","zcta",2019,"transportation_score",90.65
"56248","zcta",2019,"transportation_score",94.1
"56249","zcta",2019,"transportation_score",92.36
"56251","zcta",2019,"transportation_score",92.1
"56252","zcta",2019,"transportation_score",93.07
"56253","zcta",2019,"transportation_score",91.24
"56255","zcta",2019,"transportation_score",92.94
"56256","zcta",2019,"transportation_score",94.89
"56257","zcta",2019,"transportation_score",96.87
"56258","zcta",2019,"transportation_score",110.01
"56260","zcta",2019,"transportation_score",92.97
"56262","zcta",2019,"transportation_score",96.67
"56263","zcta",2019,"transportation_score",93.45
"56264","zcta",2019,"transportation_score",94.46
"56265","zcta",2019,"transportation_score",115.72
"56266","zcta",2019,"transportation_score",94.25
"56267","zcta",2019,"transportation_score",97.13
"56270","zcta",2019,"transportation_score",91.76
"56271","zcta",2019,"transportation_score",96.54
"56273","zcta",2019,"transportation_score",92.85
"56274","zcta",2019,"transportation_score",94.23
"56276","zcta",2019,"transportation_score",97.69
"56277","zcta",2019,"transportation_score",93.93
"56278","zcta",2019,"transportation_score",93.42
"56279","zcta",2019,"transportation_score",92.74
"56280","zcta",2019,"transportation_score",94.39
"56281","zcta",2019,"transportation_score",95.3
"56282","zcta",2019,"transportation_score",92.23
"56283","zcta",2019,"transportation_score",93.45
"56284","zcta",2019,"transportation_score",91.28
"56285","zcta",2019,"transportation_score",92.77
"56287","zcta",2019,"transportation_score",NA
"56288","zcta",2019,"transportation_score",91.54
"56289","zcta",2019,"transportation_score",91.74
"56291","zcta",2019,"transportation_score",95.33
"56292","zcta",2019,"transportation_score",93.68
"56293","zcta",2019,"transportation_score",96.87
"56294","zcta",2019,"transportation_score",NA
"56295","zcta",2019,"transportation_score",92.47
"56296","zcta",2019,"transportation_score",93.21
"56297","zcta",2019,"transportation_score",95.99
"56301","zcta",2019,"transportation_score",113.32
"56303","zcta",2019,"transportation_score",110.61
"56304","zcta",2019,"transportation_score",111.94
"56307","zcta",2019,"transportation_score",93.08
"56308","zcta",2019,"transportation_score",91.93
"56309","zcta",2019,"transportation_score",94.25
"56310","zcta",2019,"transportation_score",91.19
"56311","zcta",2019,"transportation_score",92.25
"56312","zcta",2019,"transportation_score",95.06
"56313","zcta",2019,"transportation_score",94.2
"56314","zcta",2019,"transportation_score",92.47
"56315","zcta",2019,"transportation_score",90.96
"56316","zcta",2019,"transportation_score",93.65
"56318","zcta",2019,"transportation_score",94.66
"56319","zcta",2019,"transportation_score",90.69
"56320","zcta",2019,"transportation_score",90.95
"56321","zcta",2019,"transportation_score",NA
"56323","zcta",2019,"transportation_score",92.91
"56324","zcta",2019,"transportation_score",93.02
"56325","zcta",2019,"transportation_score",91.69
"56326","zcta",2019,"transportation_score",92.05
"56327","zcta",2019,"transportation_score",92.53
"56328","zcta",2019,"transportation_score",90.55
"56329","zcta",2019,"transportation_score",92.69
"56330","zcta",2019,"transportation_score",92.45
"56331","zcta",2019,"transportation_score",93.83
"56332","zcta",2019,"transportation_score",93.31
"56334","zcta",2019,"transportation_score",92.63
"56335","zcta",2019,"transportation_score",86.81
"56336","zcta",2019,"transportation_score",94.55
"56338","zcta",2019,"transportation_score",92.22
"56339","zcta",2019,"transportation_score",91.42
"56340","zcta",2019,"transportation_score",91.78
"56342","zcta",2019,"transportation_score",94.39
"56343","zcta",2019,"transportation_score",92.98
"56345","zcta",2019,"transportation_score",96.1
"56347","zcta",2019,"transportation_score",95.6
"56349","zcta",2019,"transportation_score",92.41
"56350","zcta",2019,"transportation_score",93.24
"56352","zcta",2019,"transportation_score",92.9
"56353","zcta",2019,"transportation_score",93.35
"56354","zcta",2019,"transportation_score",94.12
"56355","zcta",2019,"transportation_score",91.63
"56356","zcta",2019,"transportation_score",89.33
"56357","zcta",2019,"transportation_score",91.35
"56358","zcta",2019,"transportation_score",94.42
"56359","zcta",2019,"transportation_score",95.71
"56360","zcta",2019,"transportation_score",93.15
"56361","zcta",2019,"transportation_score",94.51
"56362","zcta",2019,"transportation_score",93.11
"56363","zcta",2019,"transportation_score",94.17
"56364","zcta",2019,"transportation_score",94.31
"56367","zcta",2019,"transportation_score",91.55
"56368","zcta",2019,"transportation_score",91.42
"56369","zcta",2019,"transportation_score",100.33
"56371","zcta",2019,"transportation_score",90.61
"56373","zcta",2019,"transportation_score",96.41
"56374","zcta",2019,"transportation_score",98.32
"56375","zcta",2019,"transportation_score",90.84
"56376","zcta",2019,"transportation_score",92.55
"56377","zcta",2019,"transportation_score",107.49
"56378","zcta",2019,"transportation_score",92.36
"56379","zcta",2019,"transportation_score",108.66
"56381","zcta",2019,"transportation_score",92.59
"56382","zcta",2019,"transportation_score",93.8
"56384","zcta",2019,"transportation_score",93.43
"56385","zcta",2019,"transportation_score",93.15
"56386","zcta",2019,"transportation_score",93.54
"56387","zcta",2019,"transportation_score",112.1
"56389","zcta",2019,"transportation_score",88.16
"56401","zcta",2019,"transportation_score",92.89
"56425","zcta",2019,"transportation_score",91.44
"56431","zcta",2019,"transportation_score",93.63
"56433","zcta",2019,"transportation_score",93.83
"56434","zcta",2019,"transportation_score",103.9
"56435","zcta",2019,"transportation_score",93.88
"56436","zcta",2019,"transportation_score",NA
"56437","zcta",2019,"transportation_score",97.64
"56438","zcta",2019,"transportation_score",93.54
"56440","zcta",2019,"transportation_score",96.11
"56441","zcta",2019,"transportation_score",94.36
"56442","zcta",2019,"transportation_score",93.71
"56443","zcta",2019,"transportation_score",93.83
"56444","zcta",2019,"transportation_score",93.8
"56446","zcta",2019,"transportation_score",97.67
"56447","zcta",2019,"transportation_score",91.47
"56448","zcta",2019,"transportation_score",91.91
"56449","zcta",2019,"transportation_score",91.83
"56450","zcta",2019,"transportation_score",93.77
"56452","zcta",2019,"transportation_score",99.05
"56453","zcta",2019,"transportation_score",92.31
"56455","zcta",2019,"transportation_score",94.25
"56456","zcta",2019,"transportation_score",NA
"56458","zcta",2019,"transportation_score",95.46
"56461","zcta",2019,"transportation_score",93.67
"56464","zcta",2019,"transportation_score",93.3
"56465","zcta",2019,"transportation_score",93.99
"56466","zcta",2019,"transportation_score",92.67
"56467","zcta",2019,"transportation_score",92.91
"56468","zcta",2019,"transportation_score",92.74
"56469","zcta",2019,"transportation_score",93.65
"56470","zcta",2019,"transportation_score",108.12
"56472","zcta",2019,"transportation_score",91.82
"56473","zcta",2019,"transportation_score",91.06
"56474","zcta",2019,"transportation_score",94.42
"56475","zcta",2019,"transportation_score",93.2
"56477","zcta",2019,"transportation_score",92.94
"56479","zcta",2019,"transportation_score",93.29
"56481","zcta",2019,"transportation_score",93.2
"56482","zcta",2019,"transportation_score",95.84
"56484","zcta",2019,"transportation_score",97.21
"56501","zcta",2019,"transportation_score",115.05
"56510","zcta",2019,"transportation_score",93.27
"56511","zcta",2019,"transportation_score",91.5
"56514","zcta",2019,"transportation_score",93.64
"56515","zcta",2019,"transportation_score",94.82
"56516","zcta",2019,"transportation_score",92.45
"56517","zcta",2019,"transportation_score",95.46
"56518","zcta",2019,"transportation_score",93.56
"56519","zcta",2019,"transportation_score",96.9
"56520","zcta",2019,"transportation_score",93.13
"56521","zcta",2019,"transportation_score",92.7
"56522","zcta",2019,"transportation_score",93.49
"56523","zcta",2019,"transportation_score",96.78
"56524","zcta",2019,"transportation_score",96.02
"56525","zcta",2019,"transportation_score",NA
"56527","zcta",2019,"transportation_score",94.48
"56528","zcta",2019,"transportation_score",93.25
"56529","zcta",2019,"transportation_score",99.37
"56531","zcta",2019,"transportation_score",93.79
"56533","zcta",2019,"transportation_score",92.16
"56534","zcta",2019,"transportation_score",91.97
"56535","zcta",2019,"transportation_score",92.23
"56536","zcta",2019,"transportation_score",94.91
"56537","zcta",2019,"transportation_score",112.88
"56540","zcta",2019,"transportation_score",95.15
"56541","zcta",2019,"transportation_score",NA
"56542","zcta",2019,"transportation_score",94.4
"56543","zcta",2019,"transportation_score",96.37
"56544","zcta",2019,"transportation_score",93.05
"56545","zcta",2019,"transportation_score",93
"56546","zcta",2019,"transportation_score",92.18
"56547","zcta",2019,"transportation_score",93.88
"56548","zcta",2019,"transportation_score",100.28
"56549","zcta",2019,"transportation_score",91.86
"56550","zcta",2019,"transportation_score",93.46
"56551","zcta",2019,"transportation_score",92.93
"56552","zcta",2019,"transportation_score",91.82
"56553","zcta",2019,"transportation_score",88.98
"56554","zcta",2019,"transportation_score",91.78
"56556","zcta",2019,"transportation_score",94.09
"56557","zcta",2019,"transportation_score",96.29
"56560","zcta",2019,"transportation_score",102.31
"56565","zcta",2019,"transportation_score",NA
"56566","zcta",2019,"transportation_score",100.23
"56567","zcta",2019,"transportation_score",93.9
"56568","zcta",2019,"transportation_score",94.23
"56569","zcta",2019,"transportation_score",93.72
"56570","zcta",2019,"transportation_score",92.2
"56571","zcta",2019,"transportation_score",93.62
"56572","zcta",2019,"transportation_score",99.19
"56573","zcta",2019,"transportation_score",93.86
"56574","zcta",2019,"transportation_score",92.09
"56575","zcta",2019,"transportation_score",94.85
"56576","zcta",2019,"transportation_score",93.14
"56577","zcta",2019,"transportation_score",NA
"56578","zcta",2019,"transportation_score",92.27
"56579","zcta",2019,"transportation_score",93.56
"56580","zcta",2019,"transportation_score",92.84
"56581","zcta",2019,"transportation_score",97.17
"56583","zcta",2019,"transportation_score",94.25
"56584","zcta",2019,"transportation_score",93.54
"56585","zcta",2019,"transportation_score",93.63
"56586","zcta",2019,"transportation_score",94.58
"56587","zcta",2019,"transportation_score",93.25
"56588","zcta",2019,"transportation_score",93.71
"56589","zcta",2019,"transportation_score",94.13
"56590","zcta",2019,"transportation_score",91.07
"56591","zcta",2019,"transportation_score",94.35
"56592","zcta",2019,"transportation_score",93.08
"56593","zcta",2019,"transportation_score",NA
"56594","zcta",2019,"transportation_score",94.98
"56601","zcta",2019,"transportation_score",95.83
"56621","zcta",2019,"transportation_score",94.38
"56623","zcta",2019,"transportation_score",98.22
"56626","zcta",2019,"transportation_score",105.73
"56627","zcta",2019,"transportation_score",95.16
"56628","zcta",2019,"transportation_score",93.63
"56629","zcta",2019,"transportation_score",88.33
"56630","zcta",2019,"transportation_score",95.53
"56633","zcta",2019,"transportation_score",96.94
"56634","zcta",2019,"transportation_score",95.44
"56636","zcta",2019,"transportation_score",93.64
"56637","zcta",2019,"transportation_score",90.14
"56639","zcta",2019,"transportation_score",92.94
"56641","zcta",2019,"transportation_score",105.97
"56644","zcta",2019,"transportation_score",96.8
"56646","zcta",2019,"transportation_score",92.87
"56647","zcta",2019,"transportation_score",91.03
"56649","zcta",2019,"transportation_score",96.64
"56650","zcta",2019,"transportation_score",99.49
"56651","zcta",2019,"transportation_score",92.46
"56652","zcta",2019,"transportation_score",92.72
"56653","zcta",2019,"transportation_score",93
"56654","zcta",2019,"transportation_score",85.66
"56655","zcta",2019,"transportation_score",94.24
"56657","zcta",2019,"transportation_score",94.13
"56658","zcta",2019,"transportation_score",NA
"56659","zcta",2019,"transportation_score",NA
"56660","zcta",2019,"transportation_score",92.17
"56661","zcta",2019,"transportation_score",96.6
"56662","zcta",2019,"transportation_score",93.81
"56663","zcta",2019,"transportation_score",88.19
"56666","zcta",2019,"transportation_score",109.91
"56667","zcta",2019,"transportation_score",93.78
"56668","zcta",2019,"transportation_score",98.43
"56669","zcta",2019,"transportation_score",90.4
"56670","zcta",2019,"transportation_score",110.98
"56671","zcta",2019,"transportation_score",101.29
"56672","zcta",2019,"transportation_score",95.8
"56673","zcta",2019,"transportation_score",94.99
"56676","zcta",2019,"transportation_score",93.07
"56678","zcta",2019,"transportation_score",92.76
"56680","zcta",2019,"transportation_score",95.53
"56681","zcta",2019,"transportation_score",102.76
"56683","zcta",2019,"transportation_score",94.37
"56684","zcta",2019,"transportation_score",94.39
"56685","zcta",2019,"transportation_score",NA
"56686","zcta",2019,"transportation_score",94.51
"56687","zcta",2019,"transportation_score",NA
"56688","zcta",2019,"transportation_score",93.63
"56701","zcta",2019,"transportation_score",93.72
"56710","zcta",2019,"transportation_score",90.43
"56711","zcta",2019,"transportation_score",NA
"56713","zcta",2019,"transportation_score",92.87
"56714","zcta",2019,"transportation_score",93.27
"56715","zcta",2019,"transportation_score",93.35
"56716","zcta",2019,"transportation_score",111.27
"56720","zcta",2019,"transportation_score",NA
"56721","zcta",2019,"transportation_score",103.3
"56722","zcta",2019,"transportation_score",92.89
"56723","zcta",2019,"transportation_score",91.45
"56724","zcta",2019,"transportation_score",92.48
"56725","zcta",2019,"transportation_score",93.79
"56726","zcta",2019,"transportation_score",95.28
"56727","zcta",2019,"transportation_score",98.33
"56728","zcta",2019,"transportation_score",95.49
"56729","zcta",2019,"transportation_score",NA
"56731","zcta",2019,"transportation_score",NA
"56732","zcta",2019,"transportation_score",96.06
"56733","zcta",2019,"transportation_score",92.31
"56734","zcta",2019,"transportation_score",100.26
"56735","zcta",2019,"transportation_score",95.47
"56736","zcta",2019,"transportation_score",94.12
"56737","zcta",2019,"transportation_score",92.65
"56738","zcta",2019,"transportation_score",92.19
"56741","zcta",2019,"transportation_score",NA
"56742","zcta",2019,"transportation_score",94.81
"56744","zcta",2019,"transportation_score",93.49
"56748","zcta",2019,"transportation_score",94
"56750","zcta",2019,"transportation_score",93.8
"56751","zcta",2019,"transportation_score",93.72
"56754","zcta",2019,"transportation_score",92.42
"56755","zcta",2019,"transportation_score",NA
"56756","zcta",2019,"transportation_score",92.79
"56757","zcta",2019,"transportation_score",93.78
"56758","zcta",2019,"transportation_score",92.16
"56759","zcta",2019,"transportation_score",93.84
"56760","zcta",2019,"transportation_score",94.46
"56761","zcta",2019,"transportation_score",95.33
"56762","zcta",2019,"transportation_score",92.8
"56763","zcta",2019,"transportation_score",93.33
"55001","zcta",2019,"transportation_rnk",23.0584
"55003","zcta",2019,"transportation_rnk",NA
"55005","zcta",2019,"transportation_rnk",28.2967
"55006","zcta",2019,"transportation_rnk",37.6281
"55007","zcta",2019,"transportation_rnk",24.1288
"55008","zcta",2019,"transportation_rnk",26.6732
"55009","zcta",2019,"transportation_rnk",32.4288
"55011","zcta",2019,"transportation_rnk",32.3084
"55012","zcta",2019,"transportation_rnk",57.1596
"55013","zcta",2019,"transportation_rnk",55.2692
"55014","zcta",2019,"transportation_rnk",77.2507
"55016","zcta",2019,"transportation_rnk",77.934
"55017","zcta",2019,"transportation_rnk",37.036
"55018","zcta",2019,"transportation_rnk",24.6397
"55019","zcta",2019,"transportation_rnk",25.362
"55020","zcta",2019,"transportation_rnk",47.9876
"55021","zcta",2019,"transportation_rnk",40.1822
"55024","zcta",2019,"transportation_rnk",77.5923
"55025","zcta",2019,"transportation_rnk",40.641
"55026","zcta",2019,"transportation_rnk",28.0039
"55027","zcta",2019,"transportation_rnk",48.2674
"55029","zcta",2019,"transportation_rnk",NA
"55030","zcta",2019,"transportation_rnk",21.6301
"55031","zcta",2019,"transportation_rnk",23.9987
"55032","zcta",2019,"transportation_rnk",34.638
"55033","zcta",2019,"transportation_rnk",30.584
"55036","zcta",2019,"transportation_rnk",NA
"55037","zcta",2019,"transportation_rnk",65.3717
"55038","zcta",2019,"transportation_rnk",75.6532
"55040","zcta",2019,"transportation_rnk",25.7459
"55041","zcta",2019,"transportation_rnk",65.5181
"55042","zcta",2019,"transportation_rnk",51.6545
"55043","zcta",2019,"transportation_rnk",21.09
"55044","zcta",2019,"transportation_rnk",79.3167
"55045","zcta",2019,"transportation_rnk",51.5731
"55046","zcta",2019,"transportation_rnk",35.5621
"55047","zcta",2019,"transportation_rnk",32.1295
"55049","zcta",2019,"transportation_rnk",14.0068
"55051","zcta",2019,"transportation_rnk",87.4996
"55052","zcta",2019,"transportation_rnk",16.3364
"55053","zcta",2019,"transportation_rnk",48.3813
"55054","zcta",2019,"transportation_rnk",11.9017
"55055","zcta",2019,"transportation_rnk",45.5962
"55056","zcta",2019,"transportation_rnk",42.6354
"55057","zcta",2019,"transportation_rnk",69.7153
"55060","zcta",2019,"transportation_rnk",36.0403
"55063","zcta",2019,"transportation_rnk",59.8568
"55065","zcta",2019,"transportation_rnk",32.4288
"55066","zcta",2019,"transportation_rnk",51.726
"55068","zcta",2019,"transportation_rnk",77.5565
"55069","zcta",2019,"transportation_rnk",35.0382
"55070","zcta",2019,"transportation_rnk",27.6005
"55071","zcta",2019,"transportation_rnk",25.7459
"55072","zcta",2019,"transportation_rnk",57.9112
"55073","zcta",2019,"transportation_rnk",27.6005
"55074","zcta",2019,"transportation_rnk",19.3883
"55075","zcta",2019,"transportation_rnk",79.7365
"55076","zcta",2019,"transportation_rnk",78.1845
"55077","zcta",2019,"transportation_rnk",76.652
"55079","zcta",2019,"transportation_rnk",33.0015
"55080","zcta",2019,"transportation_rnk",34.4981
"55082","zcta",2019,"transportation_rnk",77.5207
"55084","zcta",2019,"transportation_rnk",47.864
"55085","zcta",2019,"transportation_rnk",18.6758
"55087","zcta",2019,"transportation_rnk",2.1051
"55088","zcta",2019,"transportation_rnk",38.5229
"55089","zcta",2019,"transportation_rnk",31.0265
"55090","zcta",2019,"transportation_rnk",21.9977
"55092","zcta",2019,"transportation_rnk",27.3499
"55101","zcta",2019,"transportation_rnk",95.4189
"55102","zcta",2019,"transportation_rnk",89.7771
"55103","zcta",2019,"transportation_rnk",94.586
"55104","zcta",2019,"transportation_rnk",93.1088
"55105","zcta",2019,"transportation_rnk",88.2252
"55106","zcta",2019,"transportation_rnk",87.9909
"55107","zcta",2019,"transportation_rnk",85.824
"55108","zcta",2019,"transportation_rnk",92.3507
"55109","zcta",2019,"transportation_rnk",81.8676
"55110","zcta",2019,"transportation_rnk",76.4763
"55111","zcta",2019,"transportation_rnk",NA
"55112","zcta",2019,"transportation_rnk",80.5141
"55113","zcta",2019,"transportation_rnk",83.9109
"55114","zcta",2019,"transportation_rnk",91.0102
"55115","zcta",2019,"transportation_rnk",75.8842
"55116","zcta",2019,"transportation_rnk",87.3402
"55117","zcta",2019,"transportation_rnk",86.966
"55118","zcta",2019,"transportation_rnk",85.798
"55119","zcta",2019,"transportation_rnk",82.5183
"55120","zcta",2019,"transportation_rnk",76.4893
"55121","zcta",2019,"transportation_rnk",80.8297
"55122","zcta",2019,"transportation_rnk",81.2884
"55123","zcta",2019,"transportation_rnk",78.7636
"55124","zcta",2019,"transportation_rnk",79.6226
"55125","zcta",2019,"transportation_rnk",78.9881
"55126","zcta",2019,"transportation_rnk",76.7659
"55127","zcta",2019,"transportation_rnk",75.946
"55128","zcta",2019,"transportation_rnk",80.2928
"55129","zcta",2019,"transportation_rnk",76.9871
"55130","zcta",2019,"transportation_rnk",90.5287
"55150","zcta",2019,"transportation_rnk",17.0685
"55155","zcta",2019,"transportation_rnk",NA
"55301","zcta",2019,"transportation_rnk",17.7387
"55302","zcta",2019,"transportation_rnk",30.7467
"55303","zcta",2019,"transportation_rnk",78.1617
"55304","zcta",2019,"transportation_rnk",76.8472
"55305","zcta",2019,"transportation_rnk",82.2515
"55306","zcta",2019,"transportation_rnk",80.6117
"55307","zcta",2019,"transportation_rnk",50.1318
"55308","zcta",2019,"transportation_rnk",33.2943
"55309","zcta",2019,"transportation_rnk",38.91
"55310","zcta",2019,"transportation_rnk",18.7571
"55311","zcta",2019,"transportation_rnk",77.6802
"55312","zcta",2019,"transportation_rnk",26.0192
"55313","zcta",2019,"transportation_rnk",38.396
"55314","zcta",2019,"transportation_rnk",60.0944
"55315","zcta",2019,"transportation_rnk",62.0628
"55316","zcta",2019,"transportation_rnk",77.999
"55317","zcta",2019,"transportation_rnk",77.8559
"55318","zcta",2019,"transportation_rnk",77.3613
"55319","zcta",2019,"transportation_rnk",23.6375
"55320","zcta",2019,"transportation_rnk",28.57
"55321","zcta",2019,"transportation_rnk",34.0784
"55322","zcta",2019,"transportation_rnk",42.2548
"55324","zcta",2019,"transportation_rnk",15.9915
"55325","zcta",2019,"transportation_rnk",27.7501
"55327","zcta",2019,"transportation_rnk",34.638
"55328","zcta",2019,"transportation_rnk",28.7132
"55329","zcta",2019,"transportation_rnk",52.4614
"55330","zcta",2019,"transportation_rnk",76.3787
"55331","zcta",2019,"transportation_rnk",76.4015
"55332","zcta",2019,"transportation_rnk",40.1822
"55333","zcta",2019,"transportation_rnk",44.9162
"55334","zcta",2019,"transportation_rnk",25.1277
"55335","zcta",2019,"transportation_rnk",31.277
"55336","zcta",2019,"transportation_rnk",32.8551
"55337","zcta",2019,"transportation_rnk",82.9185
"55338","zcta",2019,"transportation_rnk",43.8588
"55339","zcta",2019,"transportation_rnk",21.6301
"55340","zcta",2019,"transportation_rnk",57.3027
"55341","zcta",2019,"transportation_rnk",41.6431
"55342","zcta",2019,"transportation_rnk",37.036
"55343","zcta",2019,"transportation_rnk",83.81
"55344","zcta",2019,"transportation_rnk",82.5704
"55345","zcta",2019,"transportation_rnk",78.0804
"55346","zcta",2019,"transportation_rnk",79.1541
"55347","zcta",2019,"transportation_rnk",80.7581
"55349","zcta",2019,"transportation_rnk",35.0382
"55350","zcta",2019,"transportation_rnk",30.7467
"55352","zcta",2019,"transportation_rnk",36.7138
"55353","zcta",2019,"transportation_rnk",44.9162
"55354","zcta",2019,"transportation_rnk",16.3364
"55355","zcta",2019,"transportation_rnk",48.6351
"55356","zcta",2019,"transportation_rnk",74.9959
"55357","zcta",2019,"transportation_rnk",22.951
"55358","zcta",2019,"transportation_rnk",36.3299
"55359","zcta",2019,"transportation_rnk",35.0382
"55360","zcta",2019,"transportation_rnk",26.6732
"55362","zcta",2019,"transportation_rnk",22.7851
"55363","zcta",2019,"transportation_rnk",27.7501
"55364","zcta",2019,"transportation_rnk",78.3992
"55366","zcta",2019,"transportation_rnk",8.6709
"55367","zcta",2019,"transportation_rnk",22.7851
"55368","zcta",2019,"transportation_rnk",14.4981
"55369","zcta",2019,"transportation_rnk",79.2777
"55370","zcta",2019,"transportation_rnk",35.6727
"55371","zcta",2019,"transportation_rnk",52.5948
"55372","zcta",2019,"transportation_rnk",78.1617
"55373","zcta",2019,"transportation_rnk",17.1563
"55374","zcta",2019,"transportation_rnk",54.1207
"55375","zcta",2019,"transportation_rnk",59.0434
"55376","zcta",2019,"transportation_rnk",75.5718
"55378","zcta",2019,"transportation_rnk",77.1205
"55379","zcta",2019,"transportation_rnk",77.1791
"55381","zcta",2019,"transportation_rnk",41.1127
"55382","zcta",2019,"transportation_rnk",34.9016
"55384","zcta",2019,"transportation_rnk",48.762
"55385","zcta",2019,"transportation_rnk",39.6291
"55386","zcta",2019,"transportation_rnk",38.0771
"55387","zcta",2019,"transportation_rnk",38.91
"55388","zcta",2019,"transportation_rnk",51.033
"55389","zcta",2019,"transportation_rnk",43.579
"55390","zcta",2019,"transportation_rnk",31.3909
"55391","zcta",2019,"transportation_rnk",77.4817
"55395","zcta",2019,"transportation_rnk",26.1396
"55396","zcta",2019,"transportation_rnk",47.864
"55397","zcta",2019,"transportation_rnk",54.1207
"55398","zcta",2019,"transportation_rnk",29.7706
"55401","zcta",2019,"transportation_rnk",94.2281
"55402","zcta",2019,"transportation_rnk",97.8526
"55403","zcta",2019,"transportation_rnk",96.3462
"55404","zcta",2019,"transportation_rnk",96.2616
"55405","zcta",2019,"transportation_rnk",94.342
"55406","zcta",2019,"transportation_rnk",91.8529
"55407","zcta",2019,"transportation_rnk",93.3008
"55408","zcta",2019,"transportation_rnk",94.0654
"55409","zcta",2019,"transportation_rnk",89.7478
"55410","zcta",2019,"transportation_rnk",83.9466
"55411","zcta",2019,"transportation_rnk",92.8518
"55412","zcta",2019,"transportation_rnk",93.8051
"55413","zcta",2019,"transportation_rnk",91.3681
"55414","zcta",2019,"transportation_rnk",96.4698
"55415","zcta",2019,"transportation_rnk",NA
"55416","zcta",2019,"transportation_rnk",83.1723
"55417","zcta",2019,"transportation_rnk",87.3532
"55418","zcta",2019,"transportation_rnk",87.646
"55419","zcta",2019,"transportation_rnk",88.0755
"55420","zcta",2019,"transportation_rnk",83.2276
"55421","zcta",2019,"transportation_rnk",86.5626
"55422","zcta",2019,"transportation_rnk",80.8524
"55423","zcta",2019,"transportation_rnk",87.8835
"55424","zcta",2019,"transportation_rnk",75.8842
"55425","zcta",2019,"transportation_rnk",86.2795
"55426","zcta",2019,"transportation_rnk",83.8425
"55427","zcta",2019,"transportation_rnk",78.5489
"55428","zcta",2019,"transportation_rnk",82.2743
"55429","zcta",2019,"transportation_rnk",85.9932
"55430","zcta",2019,"transportation_rnk",87.9616
"55431","zcta",2019,"transportation_rnk",82.5834
"55432","zcta",2019,"transportation_rnk",82.9706
"55433","zcta",2019,"transportation_rnk",80.4913
"55434","zcta",2019,"transportation_rnk",80.0293
"55435","zcta",2019,"transportation_rnk",85.3847
"55436","zcta",2019,"transportation_rnk",81.1225
"55437","zcta",2019,"transportation_rnk",78.1845
"55438","zcta",2019,"transportation_rnk",75.6044
"55439","zcta",2019,"transportation_rnk",77.4361
"55441","zcta",2019,"transportation_rnk",78.3016
"55442","zcta",2019,"transportation_rnk",76.5902
"55443","zcta",2019,"transportation_rnk",84.1972
"55444","zcta",2019,"transportation_rnk",79.5022
"55445","zcta",2019,"transportation_rnk",81.4479
"55446","zcta",2019,"transportation_rnk",78.9198
"55447","zcta",2019,"transportation_rnk",78.422
"55448","zcta",2019,"transportation_rnk",77.4719
"55449","zcta",2019,"transportation_rnk",78.6205
"55450","zcta",2019,"transportation_rnk",NA
"55454","zcta",2019,"transportation_rnk",96.9741
"55455","zcta",2019,"transportation_rnk",NA
"55601","zcta",2019,"transportation_rnk",NA
"55602","zcta",2019,"transportation_rnk",34.4981
"55603","zcta",2019,"transportation_rnk",6.3055
"55604","zcta",2019,"transportation_rnk",70.8801
"55605","zcta",2019,"transportation_rnk",69.3054
"55606","zcta",2019,"transportation_rnk",76.2876
"55607","zcta",2019,"transportation_rnk",45.5181
"55609","zcta",2019,"transportation_rnk",55.0838
"55612","zcta",2019,"transportation_rnk",72.8811
"55613","zcta",2019,"transportation_rnk",50.5222
"55614","zcta",2019,"transportation_rnk",51.8367
"55615","zcta",2019,"transportation_rnk",68.7815
"55616","zcta",2019,"transportation_rnk",65.1114
"55702","zcta",2019,"transportation_rnk",52.5948
"55703","zcta",2019,"transportation_rnk",15.1879
"55704","zcta",2019,"transportation_rnk",42.2548
"55705","zcta",2019,"transportation_rnk",35.0382
"55706","zcta",2019,"transportation_rnk",62.1994
"55707","zcta",2019,"transportation_rnk",25.1277
"55708","zcta",2019,"transportation_rnk",12.3377
"55709","zcta",2019,"transportation_rnk",38.2886
"55710","zcta",2019,"transportation_rnk",23.1755
"55711","zcta",2019,"transportation_rnk",74.9959
"55712","zcta",2019,"transportation_rnk",43.1528
"55713","zcta",2019,"transportation_rnk",47.6265
"55716","zcta",2019,"transportation_rnk",40.9891
"55717","zcta",2019,"transportation_rnk",7.838
"55718","zcta",2019,"transportation_rnk",31.1534
"55719","zcta",2019,"transportation_rnk",57.1596
"55720","zcta",2019,"transportation_rnk",63.0194
"55721","zcta",2019,"transportation_rnk",17.3841
"55722","zcta",2019,"transportation_rnk",5.658
"55723","zcta",2019,"transportation_rnk",39.1541
"55724","zcta",2019,"transportation_rnk",16.3364
"55726","zcta",2019,"transportation_rnk",11.5796
"55731","zcta",2019,"transportation_rnk",70.4213
"55732","zcta",2019,"transportation_rnk",18.5717
"55733","zcta",2019,"transportation_rnk",10.314
"55734","zcta",2019,"transportation_rnk",84.8446
"55735","zcta",2019,"transportation_rnk",44.2785
"55736","zcta",2019,"transportation_rnk",46.6406
"55738","zcta",2019,"transportation_rnk",35.2823
"55741","zcta",2019,"transportation_rnk",19.0011
"55742","zcta",2019,"transportation_rnk",33.0015
"55744","zcta",2019,"transportation_rnk",51.726
"55746","zcta",2019,"transportation_rnk",86.8456
"55748","zcta",2019,"transportation_rnk",19.9902
"55749","zcta",2019,"transportation_rnk",18.6758
"55750","zcta",2019,"transportation_rnk",15.6271
"55751","zcta",2019,"transportation_rnk",8.0755
"55752","zcta",2019,"transportation_rnk",6.3055
"55753","zcta",2019,"transportation_rnk",44.0508
"55756","zcta",2019,"transportation_rnk",35.4319
"55757","zcta",2019,"transportation_rnk",49.2923
"55758","zcta",2019,"transportation_rnk",21.4771
"55760","zcta",2019,"transportation_rnk",38.2886
"55763","zcta",2019,"transportation_rnk",6.042
"55764","zcta",2019,"transportation_rnk",12.5362
"55765","zcta",2019,"transportation_rnk",26.5658
"55766","zcta",2019,"transportation_rnk",NA
"55767","zcta",2019,"transportation_rnk",NA
"55768","zcta",2019,"transportation_rnk",66.8261
"55769","zcta",2019,"transportation_rnk",61.3795
"55771","zcta",2019,"transportation_rnk",57.3027
"55772","zcta",2019,"transportation_rnk",77.088
"55775","zcta",2019,"transportation_rnk",42.3654
"55779","zcta",2019,"transportation_rnk",17.8851
"55780","zcta",2019,"transportation_rnk",11.3421
"55781","zcta",2019,"transportation_rnk",11.9928
"55782","zcta",2019,"transportation_rnk",43.0129
"55783","zcta",2019,"transportation_rnk",15.7996
"55784","zcta",2019,"transportation_rnk",2.8892
"55785","zcta",2019,"transportation_rnk",2.232
"55786","zcta",2019,"transportation_rnk",33.5578
"55787","zcta",2019,"transportation_rnk",31.277
"55790","zcta",2019,"transportation_rnk",64.0377
"55792","zcta",2019,"transportation_rnk",88.0039
"55793","zcta",2019,"transportation_rnk",37.9502
"55795","zcta",2019,"transportation_rnk",28.7132
"55797","zcta",2019,"transportation_rnk",23.4456
"55798","zcta",2019,"transportation_rnk",33.0015
"55802","zcta",2019,"transportation_rnk",85.1049
"55803","zcta",2019,"transportation_rnk",77.4817
"55804","zcta",2019,"transportation_rnk",78.4903
"55805","zcta",2019,"transportation_rnk",91.1014
"55806","zcta",2019,"transportation_rnk",87.4378
"55807","zcta",2019,"transportation_rnk",82.8827
"55808","zcta",2019,"transportation_rnk",87.2588
"55810","zcta",2019,"transportation_rnk",76.5089
"55811","zcta",2019,"transportation_rnk",76.1965
"55812","zcta",2019,"transportation_rnk",88.2252
"55814","zcta",2019,"transportation_rnk",NA
"55901","zcta",2019,"transportation_rnk",81.2461
"55902","zcta",2019,"transportation_rnk",83.3577
"55904","zcta",2019,"transportation_rnk",81.7407
"55905","zcta",2019,"transportation_rnk",NA
"55906","zcta",2019,"transportation_rnk",82.04
"55909","zcta",2019,"transportation_rnk",63.2276
"55910","zcta",2019,"transportation_rnk",51.4104
"55912","zcta",2019,"transportation_rnk",59.551
"55917","zcta",2019,"transportation_rnk",40.641
"55918","zcta",2019,"transportation_rnk",42.0107
"55919","zcta",2019,"transportation_rnk",40.5238
"55920","zcta",2019,"transportation_rnk",43.579
"55921","zcta",2019,"transportation_rnk",36.7138
"55922","zcta",2019,"transportation_rnk",86.5626
"55923","zcta",2019,"transportation_rnk",45.3912
"55924","zcta",2019,"transportation_rnk",46.312
"55925","zcta",2019,"transportation_rnk",22.4077
"55926","zcta",2019,"transportation_rnk",57.1596
"55927","zcta",2019,"transportation_rnk",50.815
"55929","zcta",2019,"transportation_rnk",37.498
"55931","zcta",2019,"transportation_rnk",28.9767
"55932","zcta",2019,"transportation_rnk",54.3973
"55933","zcta",2019,"transportation_rnk",73.0112
"55934","zcta",2019,"transportation_rnk",50.3237
"55935","zcta",2019,"transportation_rnk",53.4114
"55936","zcta",2019,"transportation_rnk",56.6488
"55939","zcta",2019,"transportation_rnk",71.1274
"55940","zcta",2019,"transportation_rnk",60.7646
"55941","zcta",2019,"transportation_rnk",14.3062
"55943","zcta",2019,"transportation_rnk",55.0838
"55944","zcta",2019,"transportation_rnk",50.815
"55945","zcta",2019,"transportation_rnk",58.8352
"55946","zcta",2019,"transportation_rnk",46.7382
"55947","zcta",2019,"transportation_rnk",40.2961
"55949","zcta",2019,"transportation_rnk",72.0286
"55950","zcta",2019,"transportation_rnk",2.9055
"55951","zcta",2019,"transportation_rnk",69.0158
"55952","zcta",2019,"transportation_rnk",49.9235
"55953","zcta",2019,"transportation_rnk",53.1316
"55954","zcta",2019,"transportation_rnk",56.1542
"55955","zcta",2019,"transportation_rnk",27.6005
"55956","zcta",2019,"transportation_rnk",33.4179
"55957","zcta",2019,"transportation_rnk",54.6348
"55959","zcta",2019,"transportation_rnk",38.7897
"55960","zcta",2019,"transportation_rnk",52.8811
"55961","zcta",2019,"transportation_rnk",66.2697
"55962","zcta",2019,"transportation_rnk",66.9595
"55963","zcta",2019,"transportation_rnk",32.1295
"55964","zcta",2019,"transportation_rnk",69.6567
"55965","zcta",2019,"transportation_rnk",64.4835
"55967","zcta",2019,"transportation_rnk",36.8147
"55968","zcta",2019,"transportation_rnk",NA
"55969","zcta",2019,"transportation_rnk",31.7195
"55970","zcta",2019,"transportation_rnk",56.7236
"55971","zcta",2019,"transportation_rnk",57.0262
"55972","zcta",2019,"transportation_rnk",64.5876
"55973","zcta",2019,"transportation_rnk",64.8023
"55974","zcta",2019,"transportation_rnk",63.8946
"55975","zcta",2019,"transportation_rnk",63.823
"55976","zcta",2019,"transportation_rnk",47.1222
"55977","zcta",2019,"transportation_rnk",61.3307
"55979","zcta",2019,"transportation_rnk",72.1978
"55981","zcta",2019,"transportation_rnk",62.6354
"55982","zcta",2019,"transportation_rnk",23.4456
"55983","zcta",2019,"transportation_rnk",62.4728
"55985","zcta",2019,"transportation_rnk",30.7467
"55987","zcta",2019,"transportation_rnk",89.904
"55990","zcta",2019,"transportation_rnk",61.6724
"55991","zcta",2019,"transportation_rnk",57.0262
"55992","zcta",2019,"transportation_rnk",50.6133
"56001","zcta",2019,"transportation_rnk",90.3172
"56003","zcta",2019,"transportation_rnk",88.8498
"56007","zcta",2019,"transportation_rnk",47.376
"56009","zcta",2019,"transportation_rnk",14.4981
"56010","zcta",2019,"transportation_rnk",50.3237
"56011","zcta",2019,"transportation_rnk",34.9016
"56013","zcta",2019,"transportation_rnk",38.1617
"56014","zcta",2019,"transportation_rnk",51.9538
"56016","zcta",2019,"transportation_rnk",56.7236
"56017","zcta",2019,"transportation_rnk",10.9452
"56019","zcta",2019,"transportation_rnk",50.9061
"56020","zcta",2019,"transportation_rnk",14.3973
"56021","zcta",2019,"transportation_rnk",15.0155
"56022","zcta",2019,"transportation_rnk",NA
"56023","zcta",2019,"transportation_rnk",48.4822
"56024","zcta",2019,"transportation_rnk",24.3989
"56025","zcta",2019,"transportation_rnk",39.8699
"56026","zcta",2019,"transportation_rnk",30.0211
"56027","zcta",2019,"transportation_rnk",52.5948
"56028","zcta",2019,"transportation_rnk",32.4288
"56029","zcta",2019,"transportation_rnk",31.9766
"56031","zcta",2019,"transportation_rnk",86.6471
"56032","zcta",2019,"transportation_rnk",15.7052
"56033","zcta",2019,"transportation_rnk",45.5181
"56034","zcta",2019,"transportation_rnk",11.9017
"56035","zcta",2019,"transportation_rnk",17.28
"56036","zcta",2019,"transportation_rnk",21.2364
"56037","zcta",2019,"transportation_rnk",45.1375
"56039","zcta",2019,"transportation_rnk",35.2823
"56041","zcta",2019,"transportation_rnk",36.3299
"56042","zcta",2019,"transportation_rnk",43.3642
"56043","zcta",2019,"transportation_rnk",49.4225
"56044","zcta",2019,"transportation_rnk",38.1617
"56045","zcta",2019,"transportation_rnk",34.3582
"56046","zcta",2019,"transportation_rnk",NA
"56047","zcta",2019,"transportation_rnk",14.7226
"56048","zcta",2019,"transportation_rnk",36.0403
"56050","zcta",2019,"transportation_rnk",21.4771
"56051","zcta",2019,"transportation_rnk",18.7571
"56052","zcta",2019,"transportation_rnk",36.8147
"56054","zcta",2019,"transportation_rnk",20.8362
"56055","zcta",2019,"transportation_rnk",16.5967
"56056","zcta",2019,"transportation_rnk",NA
"56057","zcta",2019,"transportation_rnk",38.2886
"56058","zcta",2019,"transportation_rnk",51.726
"56060","zcta",2019,"transportation_rnk",51.8367
"56062","zcta",2019,"transportation_rnk",68.9052
"56063","zcta",2019,"transportation_rnk",13.073
"56065","zcta",2019,"transportation_rnk",48.4822
"56068","zcta",2019,"transportation_rnk",22.6582
"56069","zcta",2019,"transportation_rnk",34.4981
"56071","zcta",2019,"transportation_rnk",24.5095
"56072","zcta",2019,"transportation_rnk",40.4002
"56073","zcta",2019,"transportation_rnk",89.6112
"56074","zcta",2019,"transportation_rnk",46.312
"56075","zcta",2019,"transportation_rnk",7.7273
"56078","zcta",2019,"transportation_rnk",20.4197
"56080","zcta",2019,"transportation_rnk",22.7851
"56081","zcta",2019,"transportation_rnk",90.5808
"56082","zcta",2019,"transportation_rnk",65.4791
"56083","zcta",2019,"transportation_rnk",65.3099
"56085","zcta",2019,"transportation_rnk",41.1127
"56087","zcta",2019,"transportation_rnk",47.5028
"56088","zcta",2019,"transportation_rnk",31.7195
"56089","zcta",2019,"transportation_rnk",35.4319
"56090","zcta",2019,"transportation_rnk",45.9151
"56091","zcta",2019,"transportation_rnk",29.3054
"56093","zcta",2019,"transportation_rnk",30.0211
"56096","zcta",2019,"transportation_rnk",30.4767
"56097","zcta",2019,"transportation_rnk",36.0403
"56098","zcta",2019,"transportation_rnk",58.8352
"56101","zcta",2019,"transportation_rnk",52.3865
"56110","zcta",2019,"transportation_rnk",50.4409
"56111","zcta",2019,"transportation_rnk",46.8391
"56113","zcta",2019,"transportation_rnk",40.641
"56114","zcta",2019,"transportation_rnk",25.0203
"56115","zcta",2019,"transportation_rnk",47.1222
"56116","zcta",2019,"transportation_rnk",20.4197
"56117","zcta",2019,"transportation_rnk",27.7501
"56118","zcta",2019,"transportation_rnk",49.634
"56119","zcta",2019,"transportation_rnk",68.3325
"56120","zcta",2019,"transportation_rnk",60.7646
"56121","zcta",2019,"transportation_rnk",35.9265
"56122","zcta",2019,"transportation_rnk",71.9343
"56123","zcta",2019,"transportation_rnk",50.6133
"56125","zcta",2019,"transportation_rnk",NA
"56127","zcta",2019,"transportation_rnk",33.8116
"56128","zcta",2019,"transportation_rnk",66.5983
"56129","zcta",2019,"transportation_rnk",51.4918
"56131","zcta",2019,"transportation_rnk",46.9367
"56132","zcta",2019,"transportation_rnk",41.1973
"56134","zcta",2019,"transportation_rnk",11.4104
"56136","zcta",2019,"transportation_rnk",62.5281
"56137","zcta",2019,"transportation_rnk",44.4119
"56138","zcta",2019,"transportation_rnk",40.7906
"56139","zcta",2019,"transportation_rnk",42.0107
"56140","zcta",2019,"transportation_rnk",NA
"56141","zcta",2019,"transportation_rnk",19.7657
"56142","zcta",2019,"transportation_rnk",64.4021
"56143","zcta",2019,"transportation_rnk",59.1378
"56144","zcta",2019,"transportation_rnk",48.2674
"56145","zcta",2019,"transportation_rnk",10.9452
"56146","zcta",2019,"transportation_rnk",NA
"56147","zcta",2019,"transportation_rnk",3.9889
"56149","zcta",2019,"transportation_rnk",52.5948
"56150","zcta",2019,"transportation_rnk",40.9891
"56151","zcta",2019,"transportation_rnk",38.7897
"56152","zcta",2019,"transportation_rnk",59.3721
"56153","zcta",2019,"transportation_rnk",14.9146
"56155","zcta",2019,"transportation_rnk",27.0831
"56156","zcta",2019,"transportation_rnk",26.9302
"56157","zcta",2019,"transportation_rnk",16.7041
"56158","zcta",2019,"transportation_rnk",48.762
"56159","zcta",2019,"transportation_rnk",39.5217
"56160","zcta",2019,"transportation_rnk",32.1295
"56161","zcta",2019,"transportation_rnk",65.7296
"56162","zcta",2019,"transportation_rnk",5.5246
"56164","zcta",2019,"transportation_rnk",37.6281
"56165","zcta",2019,"transportation_rnk",60.8459
"56166","zcta",2019,"transportation_rnk",69.6567
"56167","zcta",2019,"transportation_rnk",54.1207
"56168","zcta",2019,"transportation_rnk",38.2886
"56169","zcta",2019,"transportation_rnk",21.8904
"56170","zcta",2019,"transportation_rnk",20.4197
"56171","zcta",2019,"transportation_rnk",32.8551
"56172","zcta",2019,"transportation_rnk",39.0565
"56173","zcta",2019,"transportation_rnk",31.6252
"56174","zcta",2019,"transportation_rnk",12.3377
"56175","zcta",2019,"transportation_rnk",47.9876
"56176","zcta",2019,"transportation_rnk",61.6268
"56177","zcta",2019,"transportation_rnk",NA
"56178","zcta",2019,"transportation_rnk",56.9546
"56180","zcta",2019,"transportation_rnk",59.0434
"56181","zcta",2019,"transportation_rnk",51.8367
"56183","zcta",2019,"transportation_rnk",12.9136
"56185","zcta",2019,"transportation_rnk",40.7906
"56186","zcta",2019,"transportation_rnk",46.4942
"56187","zcta",2019,"transportation_rnk",88.0755
"56201","zcta",2019,"transportation_rnk",58.217
"56207","zcta",2019,"transportation_rnk",12.3377
"56208","zcta",2019,"transportation_rnk",68.3585
"56209","zcta",2019,"transportation_rnk",46.0159
"56210","zcta",2019,"transportation_rnk",NA
"56211","zcta",2019,"transportation_rnk",56.7887
"56212","zcta",2019,"transportation_rnk",51.726
"56214","zcta",2019,"transportation_rnk",44.9162
"56215","zcta",2019,"transportation_rnk",41.4283
"56216","zcta",2019,"transportation_rnk",17.28
"56218","zcta",2019,"transportation_rnk",46.9367
"56219","zcta",2019,"transportation_rnk",66.1558
"56220","zcta",2019,"transportation_rnk",59.8568
"56221","zcta",2019,"transportation_rnk",65.8533
"56222","zcta",2019,"transportation_rnk",30.34
"56223","zcta",2019,"transportation_rnk",46.9367
"56224","zcta",2019,"transportation_rnk",61.5259
"56225","zcta",2019,"transportation_rnk",62.8339
"56226","zcta",2019,"transportation_rnk",51.2347
"56227","zcta",2019,"transportation_rnk",72.4516
"56228","zcta",2019,"transportation_rnk",27.3499
"56229","zcta",2019,"transportation_rnk",52.0384
"56230","zcta",2019,"transportation_rnk",29.6405
"56231","zcta",2019,"transportation_rnk",40.5238
"56232","zcta",2019,"transportation_rnk",55.6499
"56235","zcta",2019,"transportation_rnk",47.1222
"56236","zcta",2019,"transportation_rnk",58.8352
"56237","zcta",2019,"transportation_rnk",14.4981
"56239","zcta",2019,"transportation_rnk",59.9772
"56240","zcta",2019,"transportation_rnk",52.9787
"56241","zcta",2019,"transportation_rnk",91.2673
"56243","zcta",2019,"transportation_rnk",43.9499
"56244","zcta",2019,"transportation_rnk",68.57
"56245","zcta",2019,"transportation_rnk",12.6566
"56248","zcta",2019,"transportation_rnk",52.9787
"56249","zcta",2019,"transportation_rnk",33.4179
"56251","zcta",2019,"transportation_rnk",29.8747
"56252","zcta",2019,"transportation_rnk",42.0107
"56253","zcta",2019,"transportation_rnk",18.8938
"56255","zcta",2019,"transportation_rnk",40.641
"56256","zcta",2019,"transportation_rnk",58.9133
"56257","zcta",2019,"transportation_rnk",67.2458
"56258","zcta",2019,"transportation_rnk",86.5463
"56260","zcta",2019,"transportation_rnk",40.9891
"56262","zcta",2019,"transportation_rnk",66.6699
"56263","zcta",2019,"transportation_rnk",46.3836
"56264","zcta",2019,"transportation_rnk",55.9135
"56265","zcta",2019,"transportation_rnk",91.5536
"56266","zcta",2019,"transportation_rnk",54.2053
"56267","zcta",2019,"transportation_rnk",68.0722
"56270","zcta",2019,"transportation_rnk",25.362
"56271","zcta",2019,"transportation_rnk",66.2177
"56273","zcta",2019,"transportation_rnk",39.5217
"56274","zcta",2019,"transportation_rnk",54.0329
"56276","zcta",2019,"transportation_rnk",69.3997
"56277","zcta",2019,"transportation_rnk",51.4918
"56278","zcta",2019,"transportation_rnk",46.1168
"56279","zcta",2019,"transportation_rnk",38.1617
"56280","zcta",2019,"transportation_rnk",55.3668
"56281","zcta",2019,"transportation_rnk",61.2461
"56282","zcta",2019,"transportation_rnk",31.6252
"56283","zcta",2019,"transportation_rnk",46.3836
"56284","zcta",2019,"transportation_rnk",19.3883
"56285","zcta",2019,"transportation_rnk",38.5229
"56287","zcta",2019,"transportation_rnk",NA
"56288","zcta",2019,"transportation_rnk",22.6582
"56289","zcta",2019,"transportation_rnk",25.1277
"56291","zcta",2019,"transportation_rnk",61.3795
"56292","zcta",2019,"transportation_rnk",48.993
"56293","zcta",2019,"transportation_rnk",67.2458
"56294","zcta",2019,"transportation_rnk",NA
"56295","zcta",2019,"transportation_rnk",34.9016
"56296","zcta",2019,"transportation_rnk",43.7091
"56297","zcta",2019,"transportation_rnk",64.3468
"56301","zcta",2019,"transportation_rnk",89.8259
"56303","zcta",2019,"transportation_rnk",87.2165
"56304","zcta",2019,"transportation_rnk",88.5408
"56307","zcta",2019,"transportation_rnk",42.1506
"56308","zcta",2019,"transportation_rnk",27.6005
"56309","zcta",2019,"transportation_rnk",54.2053
"56310","zcta",2019,"transportation_rnk",18.3146
"56311","zcta",2019,"transportation_rnk",31.8399
"56312","zcta",2019,"transportation_rnk",59.9154
"56313","zcta",2019,"transportation_rnk",53.7335
"56314","zcta",2019,"transportation_rnk",34.9016
"56315","zcta",2019,"transportation_rnk",15.7052
"56316","zcta",2019,"transportation_rnk",48.6351
"56318","zcta",2019,"transportation_rnk",57.4784
"56319","zcta",2019,"transportation_rnk",12.9852
"56320","zcta",2019,"transportation_rnk",15.6271
"56321","zcta",2019,"transportation_rnk",NA
"56323","zcta",2019,"transportation_rnk",40.2961
"56324","zcta",2019,"transportation_rnk",41.5422
"56325","zcta",2019,"transportation_rnk",24.5095
"56326","zcta",2019,"transportation_rnk",29.3054
"56327","zcta",2019,"transportation_rnk",35.6727
"56328","zcta",2019,"transportation_rnk",11.7423
"56329","zcta",2019,"transportation_rnk",37.6281
"56330","zcta",2019,"transportation_rnk",34.638
"56331","zcta",2019,"transportation_rnk",50.5222
"56332","zcta",2019,"transportation_rnk",44.9162
"56334","zcta",2019,"transportation_rnk",36.9514
"56335","zcta",2019,"transportation_rnk",1.3307
"56336","zcta",2019,"transportation_rnk",56.6488
"56338","zcta",2019,"transportation_rnk",31.5048
"56339","zcta",2019,"transportation_rnk",21.09
"56340","zcta",2019,"transportation_rnk",25.6223
"56342","zcta",2019,"transportation_rnk",55.3668
"56343","zcta",2019,"transportation_rnk",41.1127
"56345","zcta",2019,"transportation_rnk",64.7633
"56347","zcta",2019,"transportation_rnk",62.6777
"56349","zcta",2019,"transportation_rnk",34.0784
"56350","zcta",2019,"transportation_rnk",44.0508
"56352","zcta",2019,"transportation_rnk",40.1822
"56353","zcta",2019,"transportation_rnk",45.3912
"56354","zcta",2019,"transportation_rnk",53.1316
"56355","zcta",2019,"transportation_rnk",23.7807
"56356","zcta",2019,"transportation_rnk",5.196
"56357","zcta",2019,"transportation_rnk",20.2896
"56358","zcta",2019,"transportation_rnk",55.5653
"56359","zcta",2019,"transportation_rnk",63.1853
"56360","zcta",2019,"transportation_rnk",43.0129
"56361","zcta",2019,"transportation_rnk",56.3429
"56362","zcta",2019,"transportation_rnk",42.5053
"56363","zcta",2019,"transportation_rnk",53.5123
"56364","zcta",2019,"transportation_rnk",54.6966
"56367","zcta",2019,"transportation_rnk",22.7851
"56368","zcta",2019,"transportation_rnk",21.09
"56369","zcta",2019,"transportation_rnk",73.7563
"56371","zcta",2019,"transportation_rnk",12.2466
"56373","zcta",2019,"transportation_rnk",65.7654
"56374","zcta",2019,"transportation_rnk",70.7012
"56375","zcta",2019,"transportation_rnk",14.4981
"56376","zcta",2019,"transportation_rnk",35.9265
"56377","zcta",2019,"transportation_rnk",83.3968
"56378","zcta",2019,"transportation_rnk",33.4179
"56379","zcta",2019,"transportation_rnk",85.0366
"56381","zcta",2019,"transportation_rnk",36.4503
"56382","zcta",2019,"transportation_rnk",50.2131
"56384","zcta",2019,"transportation_rnk",46.2372
"56385","zcta",2019,"transportation_rnk",43.0129
"56386","zcta",2019,"transportation_rnk",47.376
"56387","zcta",2019,"transportation_rnk",88.6676
"56389","zcta",2019,"transportation_rnk",3.0551
"56401","zcta",2019,"transportation_rnk",40.0358
"56425","zcta",2019,"transportation_rnk",21.3372
"56431","zcta",2019,"transportation_rnk",48.3813
"56433","zcta",2019,"transportation_rnk",50.5222
"56434","zcta",2019,"transportation_rnk",78.0348
"56435","zcta",2019,"transportation_rnk",51.033
"56436","zcta",2019,"transportation_rnk",NA
"56437","zcta",2019,"transportation_rnk",69.3054
"56438","zcta",2019,"transportation_rnk",47.376
"56440","zcta",2019,"transportation_rnk",64.8023
"56441","zcta",2019,"transportation_rnk",55.0838
"56442","zcta",2019,"transportation_rnk",49.2923
"56443","zcta",2019,"transportation_rnk",50.5222
"56444","zcta",2019,"transportation_rnk",50.2131
"56446","zcta",2019,"transportation_rnk",69.3639
"56447","zcta",2019,"transportation_rnk",21.7407
"56448","zcta",2019,"transportation_rnk",27.3499
"56449","zcta",2019,"transportation_rnk",26.2437
"56450","zcta",2019,"transportation_rnk",49.9235
"56452","zcta",2019,"transportation_rnk",71.866
"56453","zcta",2019,"transportation_rnk",32.7119
"56455","zcta",2019,"transportation_rnk",54.2053
"56456","zcta",2019,"transportation_rnk",NA
"56458","zcta",2019,"transportation_rnk",62.014
"56461","zcta",2019,"transportation_rnk",48.8889
"56464","zcta",2019,"transportation_rnk",44.8121
"56465","zcta",2019,"transportation_rnk",52.0384
"56466","zcta",2019,"transportation_rnk",37.3841
"56467","zcta",2019,"transportation_rnk",40.2961
"56468","zcta",2019,"transportation_rnk",38.1617
"56469","zcta",2019,"transportation_rnk",48.6351
"56470","zcta",2019,"transportation_rnk",84.3078
"56472","zcta",2019,"transportation_rnk",26.1396
"56473","zcta",2019,"transportation_rnk",16.831
"56474","zcta",2019,"transportation_rnk",55.5653
"56475","zcta",2019,"transportation_rnk",43.579
"56477","zcta",2019,"transportation_rnk",40.641
"56479","zcta",2019,"transportation_rnk",44.6657
"56481","zcta",2019,"transportation_rnk",43.579
"56482","zcta",2019,"transportation_rnk",63.6961
"56484","zcta",2019,"transportation_rnk",68.2837
"56501","zcta",2019,"transportation_rnk",91.1371
"56510","zcta",2019,"transportation_rnk",44.4119
"56511","zcta",2019,"transportation_rnk",22.1246
"56514","zcta",2019,"transportation_rnk",48.4822
"56515","zcta",2019,"transportation_rnk",58.448
"56516","zcta",2019,"transportation_rnk",34.638
"56517","zcta",2019,"transportation_rnk",62.014
"56518","zcta",2019,"transportation_rnk",47.6265
"56519","zcta",2019,"transportation_rnk",67.3337
"56520","zcta",2019,"transportation_rnk",42.7591
"56521","zcta",2019,"transportation_rnk",37.742
"56522","zcta",2019,"transportation_rnk",46.8391
"56523","zcta",2019,"transportation_rnk",66.992
"56524","zcta",2019,"transportation_rnk",64.4835
"56525","zcta",2019,"transportation_rnk",NA
"56527","zcta",2019,"transportation_rnk",56.0469
"56528","zcta",2019,"transportation_rnk",44.1776
"56529","zcta",2019,"transportation_rnk",72.367
"56531","zcta",2019,"transportation_rnk",50.1318
"56533","zcta",2019,"transportation_rnk",30.7467
"56534","zcta",2019,"transportation_rnk",28.1536
"56535","zcta",2019,"transportation_rnk",31.6252
"56536","zcta",2019,"transportation_rnk",59.0434
"56537","zcta",2019,"transportation_rnk",89.4257
"56540","zcta",2019,"transportation_rnk",60.4002
"56541","zcta",2019,"transportation_rnk",NA
"56542","zcta",2019,"transportation_rnk",55.4287
"56543","zcta",2019,"transportation_rnk",65.6125
"56544","zcta",2019,"transportation_rnk",41.8188
"56545","zcta",2019,"transportation_rnk",41.3177
"56546","zcta",2019,"transportation_rnk",31.0265
"56547","zcta",2019,"transportation_rnk",51.033
"56548","zcta",2019,"transportation_rnk",73.701
"56549","zcta",2019,"transportation_rnk",26.6732
"56550","zcta",2019,"transportation_rnk",46.4942
"56551","zcta",2019,"transportation_rnk",40.5238
"56552","zcta",2019,"transportation_rnk",26.1396
"56553","zcta",2019,"transportation_rnk",4.3241
"56554","zcta",2019,"transportation_rnk",25.6223
"56556","zcta",2019,"transportation_rnk",52.8811
"56557","zcta",2019,"transportation_rnk",65.3327
"56560","zcta",2019,"transportation_rnk",76.0371
"56565","zcta",2019,"transportation_rnk",NA
"56566","zcta",2019,"transportation_rnk",73.6359
"56567","zcta",2019,"transportation_rnk",51.2347
"56568","zcta",2019,"transportation_rnk",54.0329
"56569","zcta",2019,"transportation_rnk",49.4225
"56570","zcta",2019,"transportation_rnk",31.277
"56571","zcta",2019,"transportation_rnk",48.2674
"56572","zcta",2019,"transportation_rnk",72.0937
"56573","zcta",2019,"transportation_rnk",50.815
"56574","zcta",2019,"transportation_rnk",29.7706
"56575","zcta",2019,"transportation_rnk",58.6107
"56576","zcta",2019,"transportation_rnk",42.8827
"56577","zcta",2019,"transportation_rnk",NA
"56578","zcta",2019,"transportation_rnk",32.1295
"56579","zcta",2019,"transportation_rnk",47.6265
"56580","zcta",2019,"transportation_rnk",39.4046
"56581","zcta",2019,"transportation_rnk",68.1698
"56583","zcta",2019,"transportation_rnk",54.2053
"56584","zcta",2019,"transportation_rnk",47.376
"56585","zcta",2019,"transportation_rnk",48.3813
"56586","zcta",2019,"transportation_rnk",56.883
"56587","zcta",2019,"transportation_rnk",44.1776
"56588","zcta",2019,"transportation_rnk",49.2923
"56589","zcta",2019,"transportation_rnk",53.2195
"56590","zcta",2019,"transportation_rnk",16.9644
"56591","zcta",2019,"transportation_rnk",54.9959
"56592","zcta",2019,"transportation_rnk",42.1506
"56593","zcta",2019,"transportation_rnk",NA
"56594","zcta",2019,"transportation_rnk",59.4274
"56601","zcta",2019,"transportation_rnk",63.6571
"56621","zcta",2019,"transportation_rnk",55.2692
"56623","zcta",2019,"transportation_rnk",70.5027
"56626","zcta",2019,"transportation_rnk",80.7581
"56627","zcta",2019,"transportation_rnk",60.4588
"56628","zcta",2019,"transportation_rnk",48.3813
"56629","zcta",2019,"transportation_rnk",3.2308
"56630","zcta",2019,"transportation_rnk",62.3231
"56633","zcta",2019,"transportation_rnk",67.441
"56634","zcta",2019,"transportation_rnk",61.8838
"56636","zcta",2019,"transportation_rnk",48.4822
"56637","zcta",2019,"transportation_rnk",8.7653
"56639","zcta",2019,"transportation_rnk",40.641
"56641","zcta",2019,"transportation_rnk",81.1225
"56644","zcta",2019,"transportation_rnk",67.0636
"56646","zcta",2019,"transportation_rnk",39.7755
"56647","zcta",2019,"transportation_rnk",16.4731
"56649","zcta",2019,"transportation_rnk",66.5983
"56650","zcta",2019,"transportation_rnk",72.5395
"56651","zcta",2019,"transportation_rnk",34.8072
"56652","zcta",2019,"transportation_rnk",37.9502
"56653","zcta",2019,"transportation_rnk",41.3177
"56654","zcta",2019,"transportation_rnk",0.6572
"56655","zcta",2019,"transportation_rnk",54.1207
"56657","zcta",2019,"transportation_rnk",53.2195
"56658","zcta",2019,"transportation_rnk",NA
"56659","zcta",2019,"transportation_rnk",NA
"56660","zcta",2019,"transportation_rnk",30.8834
"56661","zcta",2019,"transportation_rnk",66.4552
"56662","zcta",2019,"transportation_rnk",50.3237
"56663","zcta",2019,"transportation_rnk",3.0909
"56666","zcta",2019,"transportation_rnk",86.4422
"56667","zcta",2019,"transportation_rnk",50.0342
"56668","zcta",2019,"transportation_rnk",70.9029
"56669","zcta",2019,"transportation_rnk",10.5612
"56670","zcta",2019,"transportation_rnk",87.6558
"56671","zcta",2019,"transportation_rnk",74.8723
"56672","zcta",2019,"transportation_rnk",63.5269
"56673","zcta",2019,"transportation_rnk",59.5022
"56676","zcta",2019,"transportation_rnk",42.0107
"56678","zcta",2019,"transportation_rnk",38.396
"56680","zcta",2019,"transportation_rnk",62.3231
"56681","zcta",2019,"transportation_rnk",76.5609
"56683","zcta",2019,"transportation_rnk",55.1814
"56684","zcta",2019,"transportation_rnk",55.3668
"56685","zcta",2019,"transportation_rnk",NA
"56686","zcta",2019,"transportation_rnk",56.3429
"56687","zcta",2019,"transportation_rnk",NA
"56688","zcta",2019,"transportation_rnk",48.3813
"56701","zcta",2019,"transportation_rnk",49.4225
"56710","zcta",2019,"transportation_rnk",10.8053
"56711","zcta",2019,"transportation_rnk",NA
"56713","zcta",2019,"transportation_rnk",39.7755
"56714","zcta",2019,"transportation_rnk",44.4119
"56715","zcta",2019,"transportation_rnk",45.3912
"56716","zcta",2019,"transportation_rnk",87.9453
"56720","zcta",2019,"transportation_rnk",NA
"56721","zcta",2019,"transportation_rnk",77.1889
"56722","zcta",2019,"transportation_rnk",40.0358
"56723","zcta",2019,"transportation_rnk",21.4771
"56724","zcta",2019,"transportation_rnk",35.0382
"56725","zcta",2019,"transportation_rnk",50.1318
"56726","zcta",2019,"transportation_rnk",61.1518
"56727","zcta",2019,"transportation_rnk",70.7077
"56728","zcta",2019,"transportation_rnk",62.1149
"56729","zcta",2019,"transportation_rnk",NA
"56731","zcta",2019,"transportation_rnk",NA
"56732","zcta",2019,"transportation_rnk",64.6201
"56733","zcta",2019,"transportation_rnk",32.7119
"56734","zcta",2019,"transportation_rnk",73.6782
"56735","zcta",2019,"transportation_rnk",62.0628
"56736","zcta",2019,"transportation_rnk",53.1316
"56737","zcta",2019,"transportation_rnk",37.1498
"56738","zcta",2019,"transportation_rnk",31.1534
"56741","zcta",2019,"transportation_rnk",NA
"56742","zcta",2019,"transportation_rnk",58.3634
"56744","zcta",2019,"transportation_rnk",46.8391
"56748","zcta",2019,"transportation_rnk",52.1262
"56750","zcta",2019,"transportation_rnk",50.2131
"56751","zcta",2019,"transportation_rnk",49.4225
"56754","zcta",2019,"transportation_rnk",34.2151
"56755","zcta",2019,"transportation_rnk",NA
"56756","zcta",2019,"transportation_rnk",38.7897
"56757","zcta",2019,"transportation_rnk",50.0342
"56758","zcta",2019,"transportation_rnk",30.7467
"56759","zcta",2019,"transportation_rnk",50.6133
"56760","zcta",2019,"transportation_rnk",55.9135
"56761","zcta",2019,"transportation_rnk",61.3795
"56762","zcta",2019,"transportation_rnk",38.91
"56763","zcta",2019,"transportation_rnk",45.1375
"55001","zcta",2019,"transportation_state_rnk",13.5553
"55003","zcta",2019,"transportation_state_rnk",NA
"55005","zcta",2019,"transportation_state_rnk",18.9061
"55006","zcta",2019,"transportation_state_rnk",31.5101
"55007","zcta",2019,"transportation_state_rnk",14.3876
"55008","zcta",2019,"transportation_state_rnk",17.0036
"55009","zcta",2019,"transportation_state_rnk",24.1379
"55011","zcta",2019,"transportation_state_rnk",23.9001
"55012","zcta",2019,"transportation_state_rnk",64.8038
"55013","zcta",2019,"transportation_state_rnk",61.8906
"55014","zcta",2019,"transportation_state_rnk",84.0666
"55016","zcta",2019,"transportation_state_rnk",85.3746
"55017","zcta",2019,"transportation_state_rnk",30.8561
"55018","zcta",2019,"transportation_state_rnk",14.8633
"55019","zcta",2019,"transportation_state_rnk",15.5172
"55020","zcta",2019,"transportation_state_rnk",48.692
"55021","zcta",2019,"transportation_state_rnk",35.7907
"55024","zcta",2019,"transportation_state_rnk",85.0178
"55025","zcta",2019,"transportation_state_rnk",37.1581
"55026","zcta",2019,"transportation_state_rnk",18.6683
"55027","zcta",2019,"transportation_state_rnk",48.9893
"55029","zcta",2019,"transportation_state_rnk",NA
"55030","zcta",2019,"transportation_state_rnk",11.9501
"55031","zcta",2019,"transportation_state_rnk",14.2687
"55032","zcta",2019,"transportation_state_rnk",26.9322
"55033","zcta",2019,"transportation_state_rnk",20.6897
"55036","zcta",2019,"transportation_state_rnk",NA
"55037","zcta",2019,"transportation_state_rnk",73.8407
"55038","zcta",2019,"transportation_state_rnk",81.4507
"55040","zcta",2019,"transportation_state_rnk",15.9929
"55041","zcta",2019,"transportation_state_rnk",74.0785
"55042","zcta",2019,"transportation_state_rnk",56.1237
"55043","zcta",2019,"transportation_state_rnk",11.0583
"55044","zcta",2019,"transportation_state_rnk",87.6338
"55045","zcta",2019,"transportation_state_rnk",56.0048
"55046","zcta",2019,"transportation_state_rnk",28.8942
"55047","zcta",2019,"transportation_state_rnk",23.6029
"55049","zcta",2019,"transportation_state_rnk",5.113
"55051","zcta",2019,"transportation_state_rnk",94.6492
"55052","zcta",2019,"transportation_state_rnk",7.2533
"55053","zcta",2019,"transportation_state_rnk",49.4649
"55054","zcta",2019,"transportation_state_rnk",3.7455
"55055","zcta",2019,"transportation_state_rnk",44.8276
"55056","zcta",2019,"transportation_state_rnk",40.547
"55057","zcta",2019,"transportation_state_rnk",78.2402
"55060","zcta",2019,"transportation_state_rnk",29.6076
"55063","zcta",2019,"transportation_state_rnk",67.4792
"55065","zcta",2019,"transportation_state_rnk",24.1379
"55066","zcta",2019,"transportation_state_rnk",56.4209
"55068","zcta",2019,"transportation_state_rnk",84.8989
"55069","zcta",2019,"transportation_state_rnk",28.0618
"55070","zcta",2019,"transportation_state_rnk",18.0143
"55071","zcta",2019,"transportation_state_rnk",15.9929
"55072","zcta",2019,"transportation_state_rnk",65.3983
"55073","zcta",2019,"transportation_state_rnk",18.0143
"55074","zcta",2019,"transportation_state_rnk",9.9287
"55075","zcta",2019,"transportation_state_rnk",87.9905
"55076","zcta",2019,"transportation_state_rnk",86.1474
"55077","zcta",2019,"transportation_state_rnk",83.1153
"55079","zcta",2019,"transportation_state_rnk",24.9703
"55080","zcta",2019,"transportation_state_rnk",26.5161
"55082","zcta",2019,"transportation_state_rnk",84.78
"55084","zcta",2019,"transportation_state_rnk",48.4542
"55085","zcta",2019,"transportation_state_rnk",9.2152
"55087","zcta",2019,"transportation_state_rnk",0.2378
"55088","zcta",2019,"transportation_state_rnk",33.4721
"55089","zcta",2019,"transportation_state_rnk",21.5815
"55090","zcta",2019,"transportation_state_rnk",12.3662
"55092","zcta",2019,"transportation_state_rnk",17.5981
"55101","zcta",2019,"transportation_state_rnk",99.4055
"55102","zcta",2019,"transportation_state_rnk",96.7895
"55103","zcta",2019,"transportation_state_rnk",99.2866
"55104","zcta",2019,"transportation_state_rnk",98.5731
"55105","zcta",2019,"transportation_state_rnk",95.8977
"55106","zcta",2019,"transportation_state_rnk",95.3627
"55107","zcta",2019,"transportation_state_rnk",92.8656
"55108","zcta",2019,"transportation_state_rnk",98.3353
"55109","zcta",2019,"transportation_state_rnk",89.893
"55110","zcta",2019,"transportation_state_rnk",82.5208
"55111","zcta",2019,"transportation_state_rnk",NA
"55112","zcta",2019,"transportation_state_rnk",88.4661
"55113","zcta",2019,"transportation_state_rnk",91.7955
"55114","zcta",2019,"transportation_state_rnk",97.503
"55115","zcta",2019,"transportation_state_rnk",81.629
"55116","zcta",2019,"transportation_state_rnk",94.2925
"55117","zcta",2019,"transportation_state_rnk",93.9358
"55118","zcta",2019,"transportation_state_rnk",92.7467
"55119","zcta",2019,"transportation_state_rnk",90.3686
"55120","zcta",2019,"transportation_state_rnk",82.6397
"55121","zcta",2019,"transportation_state_rnk",88.9417
"55122","zcta",2019,"transportation_state_rnk",89.5363
"55123","zcta",2019,"transportation_state_rnk",87.0392
"55124","zcta",2019,"transportation_state_rnk",87.8716
"55125","zcta",2019,"transportation_state_rnk",87.2771
"55126","zcta",2019,"transportation_state_rnk",83.2342
"55127","zcta",2019,"transportation_state_rnk",81.8074
"55128","zcta",2019,"transportation_state_rnk",88.2283
"55129","zcta",2019,"transportation_state_rnk",83.4721
"55130","zcta",2019,"transportation_state_rnk",97.2652
"55150","zcta",2019,"transportation_state_rnk",8.0856
"55155","zcta",2019,"transportation_state_rnk",NA
"55301","zcta",2019,"transportation_state_rnk",8.6801
"55302","zcta",2019,"transportation_state_rnk",21.0464
"55303","zcta",2019,"transportation_state_rnk",85.9096
"55304","zcta",2019,"transportation_state_rnk",83.3532
"55305","zcta",2019,"transportation_state_rnk",90.1308
"55306","zcta",2019,"transportation_state_rnk",88.585
"55307","zcta",2019,"transportation_state_rnk",52.6754
"55308","zcta",2019,"transportation_state_rnk",25.2081
"55309","zcta",2019,"transportation_state_rnk",34.126
"55310","zcta",2019,"transportation_state_rnk",9.453
"55311","zcta",2019,"transportation_state_rnk",85.1367
"55312","zcta",2019,"transportation_state_rnk",16.1712
"55313","zcta",2019,"transportation_state_rnk",33.2342
"55314","zcta",2019,"transportation_state_rnk",67.8954
"55315","zcta",2019,"transportation_state_rnk",70.0951
"55316","zcta",2019,"transportation_state_rnk",85.4935
"55317","zcta",2019,"transportation_state_rnk",85.2556
"55318","zcta",2019,"transportation_state_rnk",84.1855
"55319","zcta",2019,"transportation_state_rnk",14.0309
"55320","zcta",2019,"transportation_state_rnk",19.025
"55321","zcta",2019,"transportation_state_rnk",25.981
"55322","zcta",2019,"transportation_state_rnk",40.1308
"55324","zcta",2019,"transportation_state_rnk",7.0155
"55325","zcta",2019,"transportation_state_rnk",18.4304
"55327","zcta",2019,"transportation_state_rnk",26.9322
"55328","zcta",2019,"transportation_state_rnk",19.2033
"55329","zcta",2019,"transportation_state_rnk",57.6694
"55330","zcta",2019,"transportation_state_rnk",82.283
"55331","zcta",2019,"transportation_state_rnk",82.4019
"55332","zcta",2019,"transportation_state_rnk",35.7907
"55333","zcta",2019,"transportation_state_rnk",43.698
"55334","zcta",2019,"transportation_state_rnk",15.22
"55335","zcta",2019,"transportation_state_rnk",22.1165
"55336","zcta",2019,"transportation_state_rnk",24.673
"55337","zcta",2019,"transportation_state_rnk",90.8442
"55338","zcta",2019,"transportation_state_rnk",42.0927
"55339","zcta",2019,"transportation_state_rnk",11.9501
"55340","zcta",2019,"transportation_state_rnk",65.1011
"55341","zcta",2019,"transportation_state_rnk",39.1201
"55342","zcta",2019,"transportation_state_rnk",30.8561
"55343","zcta",2019,"transportation_state_rnk",91.5577
"55344","zcta",2019,"transportation_state_rnk",90.4875
"55345","zcta",2019,"transportation_state_rnk",85.7313
"55346","zcta",2019,"transportation_state_rnk",87.396
"55347","zcta",2019,"transportation_state_rnk",88.7634
"55349","zcta",2019,"transportation_state_rnk",28.0618
"55350","zcta",2019,"transportation_state_rnk",21.0464
"55352","zcta",2019,"transportation_state_rnk",30.2616
"55353","zcta",2019,"transportation_state_rnk",43.698
"55354","zcta",2019,"transportation_state_rnk",7.2533
"55355","zcta",2019,"transportation_state_rnk",50.4162
"55356","zcta",2019,"transportation_state_rnk",81.0345
"55357","zcta",2019,"transportation_state_rnk",13.4364
"55358","zcta",2019,"transportation_state_rnk",29.9049
"55359","zcta",2019,"transportation_state_rnk",28.0618
"55360","zcta",2019,"transportation_state_rnk",17.0036
"55362","zcta",2019,"transportation_state_rnk",13.1391
"55363","zcta",2019,"transportation_state_rnk",18.4304
"55364","zcta",2019,"transportation_state_rnk",86.4447
"55366","zcta",2019,"transportation_state_rnk",2.3781
"55367","zcta",2019,"transportation_state_rnk",13.1391
"55368","zcta",2019,"transportation_state_rnk",5.648
"55369","zcta",2019,"transportation_state_rnk",87.5149
"55370","zcta",2019,"transportation_state_rnk",29.0725
"55371","zcta",2019,"transportation_state_rnk",57.9667
"55372","zcta",2019,"transportation_state_rnk",85.9096
"55373","zcta",2019,"transportation_state_rnk",8.2045
"55374","zcta",2019,"transportation_state_rnk",60.107
"55375","zcta",2019,"transportation_state_rnk",66.5874
"55376","zcta",2019,"transportation_state_rnk",81.2128
"55378","zcta",2019,"transportation_state_rnk",83.7099
"55379","zcta",2019,"transportation_state_rnk",83.8288
"55381","zcta",2019,"transportation_state_rnk",38.2878
"55382","zcta",2019,"transportation_state_rnk",27.5268
"55384","zcta",2019,"transportation_state_rnk",50.7134
"55385","zcta",2019,"transportation_state_rnk",34.9584
"55386","zcta",2019,"transportation_state_rnk",32.1046
"55387","zcta",2019,"transportation_state_rnk",34.126
"55388","zcta",2019,"transportation_state_rnk",55.1724
"55389","zcta",2019,"transportation_state_rnk",41.6766
"55390","zcta",2019,"transportation_state_rnk",22.3543
"55391","zcta",2019,"transportation_state_rnk",84.6017
"55395","zcta",2019,"transportation_state_rnk",16.409
"55396","zcta",2019,"transportation_state_rnk",48.4542
"55397","zcta",2019,"transportation_state_rnk",60.107
"55398","zcta",2019,"transportation_state_rnk",19.9168
"55401","zcta",2019,"transportation_state_rnk",99.0488
"55402","zcta",2019,"transportation_state_rnk",100
"55403","zcta",2019,"transportation_state_rnk",99.6433
"55404","zcta",2019,"transportation_state_rnk",99.5244
"55405","zcta",2019,"transportation_state_rnk",99.1677
"55406","zcta",2019,"transportation_state_rnk",98.2164
"55407","zcta",2019,"transportation_state_rnk",98.692
"55408","zcta",2019,"transportation_state_rnk",98.9298
"55409","zcta",2019,"transportation_state_rnk",96.6706
"55410","zcta",2019,"transportation_state_rnk",91.9144
"55411","zcta",2019,"transportation_state_rnk",98.4542
"55412","zcta",2019,"transportation_state_rnk",98.8109
"55413","zcta",2019,"transportation_state_rnk",97.9786
"55414","zcta",2019,"transportation_state_rnk",99.7622
"55415","zcta",2019,"transportation_state_rnk",NA
"55416","zcta",2019,"transportation_state_rnk",91.082
"55417","zcta",2019,"transportation_state_rnk",94.4114
"55418","zcta",2019,"transportation_state_rnk",94.7681
"55419","zcta",2019,"transportation_state_rnk",95.6599
"55420","zcta",2019,"transportation_state_rnk",91.201
"55421","zcta",2019,"transportation_state_rnk",93.5196
"55422","zcta",2019,"transportation_state_rnk",89.0606
"55423","zcta",2019,"transportation_state_rnk",95.0059
"55424","zcta",2019,"transportation_state_rnk",81.629
"55425","zcta",2019,"transportation_state_rnk",93.1034
"55426","zcta",2019,"transportation_state_rnk",91.6766
"55427","zcta",2019,"transportation_state_rnk",86.8014
"55428","zcta",2019,"transportation_state_rnk",90.2497
"55429","zcta",2019,"transportation_state_rnk",92.9845
"55430","zcta",2019,"transportation_state_rnk",95.2438
"55431","zcta",2019,"transportation_state_rnk",90.6064
"55432","zcta",2019,"transportation_state_rnk",90.9631
"55433","zcta",2019,"transportation_state_rnk",88.3472
"55434","zcta",2019,"transportation_state_rnk",88.1094
"55435","zcta",2019,"transportation_state_rnk",92.6278
"55436","zcta",2019,"transportation_state_rnk",89.239
"55437","zcta",2019,"transportation_state_rnk",86.1474
"55438","zcta",2019,"transportation_state_rnk",81.3317
"55439","zcta",2019,"transportation_state_rnk",84.3044
"55441","zcta",2019,"transportation_state_rnk",86.3258
"55442","zcta",2019,"transportation_state_rnk",82.9964
"55443","zcta",2019,"transportation_state_rnk",92.0333
"55444","zcta",2019,"transportation_state_rnk",87.7527
"55445","zcta",2019,"transportation_state_rnk",89.6552
"55446","zcta",2019,"transportation_state_rnk",87.1581
"55447","zcta",2019,"transportation_state_rnk",86.5636
"55448","zcta",2019,"transportation_state_rnk",84.4233
"55449","zcta",2019,"transportation_state_rnk",86.9203
"55450","zcta",2019,"transportation_state_rnk",NA
"55454","zcta",2019,"transportation_state_rnk",99.8811
"55455","zcta",2019,"transportation_state_rnk",NA
"55601","zcta",2019,"transportation_state_rnk",NA
"55602","zcta",2019,"transportation_state_rnk",26.5161
"55603","zcta",2019,"transportation_state_rnk",1.843
"55604","zcta",2019,"transportation_state_rnk",78.8347
"55605","zcta",2019,"transportation_state_rnk",77.5862
"55606","zcta",2019,"transportation_state_rnk",82.1641
"55607","zcta",2019,"transportation_state_rnk",44.6492
"55609","zcta",2019,"transportation_state_rnk",61.4744
"55612","zcta",2019,"transportation_state_rnk",80.1427
"55613","zcta",2019,"transportation_state_rnk",53.9239
"55614","zcta",2019,"transportation_state_rnk",56.8371
"55615","zcta",2019,"transportation_state_rnk",77.17
"55616","zcta",2019,"transportation_state_rnk",73.4839
"55702","zcta",2019,"transportation_state_rnk",57.9667
"55703","zcta",2019,"transportation_state_rnk",6.302
"55704","zcta",2019,"transportation_state_rnk",40.1308
"55705","zcta",2019,"transportation_state_rnk",28.0618
"55706","zcta",2019,"transportation_state_rnk",70.3924
"55707","zcta",2019,"transportation_state_rnk",15.22
"55708","zcta",2019,"transportation_state_rnk",4.2806
"55709","zcta",2019,"transportation_state_rnk",32.8775
"55710","zcta",2019,"transportation_state_rnk",13.6742
"55711","zcta",2019,"transportation_state_rnk",81.0345
"55712","zcta",2019,"transportation_state_rnk",41.2604
"55713","zcta",2019,"transportation_state_rnk",48.157
"55716","zcta",2019,"transportation_state_rnk",37.931
"55717","zcta",2019,"transportation_state_rnk",2.1403
"55718","zcta",2019,"transportation_state_rnk",21.8193
"55719","zcta",2019,"transportation_state_rnk",64.8038
"55720","zcta",2019,"transportation_state_rnk",71.3436
"55721","zcta",2019,"transportation_state_rnk",8.5612
"55722","zcta",2019,"transportation_state_rnk",1.5458
"55723","zcta",2019,"transportation_state_rnk",34.4828
"55724","zcta",2019,"transportation_state_rnk",7.2533
"55726","zcta",2019,"transportation_state_rnk",3.4483
"55731","zcta",2019,"transportation_state_rnk",78.3591
"55732","zcta",2019,"transportation_state_rnk",9.0369
"55733","zcta",2019,"transportation_state_rnk",2.6159
"55734","zcta",2019,"transportation_state_rnk",92.2711
"55735","zcta",2019,"transportation_state_rnk",42.8062
"55736","zcta",2019,"transportation_state_rnk",46.1356
"55738","zcta",2019,"transportation_state_rnk",28.478
"55741","zcta",2019,"transportation_state_rnk",9.7503
"55742","zcta",2019,"transportation_state_rnk",24.9703
"55744","zcta",2019,"transportation_state_rnk",56.4209
"55746","zcta",2019,"transportation_state_rnk",93.8169
"55748","zcta",2019,"transportation_state_rnk",10.2259
"55749","zcta",2019,"transportation_state_rnk",9.2152
"55750","zcta",2019,"transportation_state_rnk",6.4804
"55751","zcta",2019,"transportation_state_rnk",2.2592
"55752","zcta",2019,"transportation_state_rnk",1.843
"55753","zcta",2019,"transportation_state_rnk",42.39
"55756","zcta",2019,"transportation_state_rnk",28.7158
"55757","zcta",2019,"transportation_state_rnk",51.2485
"55758","zcta",2019,"transportation_state_rnk",11.6528
"55760","zcta",2019,"transportation_state_rnk",32.8775
"55763","zcta",2019,"transportation_state_rnk",1.6647
"55764","zcta",2019,"transportation_state_rnk",4.5184
"55765","zcta",2019,"transportation_state_rnk",16.7658
"55766","zcta",2019,"transportation_state_rnk",NA
"55767","zcta",2019,"transportation_state_rnk",NA
"55768","zcta",2019,"transportation_state_rnk",75.5054
"55769","zcta",2019,"transportation_state_rnk",69.0844
"55771","zcta",2019,"transportation_state_rnk",65.1011
"55772","zcta",2019,"transportation_state_rnk",83.591
"55775","zcta",2019,"transportation_state_rnk",40.3092
"55779","zcta",2019,"transportation_state_rnk",8.799
"55780","zcta",2019,"transportation_state_rnk",3.2105
"55781","zcta",2019,"transportation_state_rnk",3.9239
"55782","zcta",2019,"transportation_state_rnk",41.0226
"55783","zcta",2019,"transportation_state_rnk",6.8966
"55784","zcta",2019,"transportation_state_rnk",0.4756
"55785","zcta",2019,"transportation_state_rnk",0.3567
"55786","zcta",2019,"transportation_state_rnk",25.6837
"55787","zcta",2019,"transportation_state_rnk",22.1165
"55790","zcta",2019,"transportation_state_rnk",72.2949
"55792","zcta",2019,"transportation_state_rnk",95.4816
"55793","zcta",2019,"transportation_state_rnk",31.9263
"55795","zcta",2019,"transportation_state_rnk",19.2033
"55797","zcta",2019,"transportation_state_rnk",13.8526
"55798","zcta",2019,"transportation_state_rnk",24.9703
"55802","zcta",2019,"transportation_state_rnk",92.5089
"55803","zcta",2019,"transportation_state_rnk",84.6017
"55804","zcta",2019,"transportation_state_rnk",86.6825
"55805","zcta",2019,"transportation_state_rnk",97.6219
"55806","zcta",2019,"transportation_state_rnk",94.5303
"55807","zcta",2019,"transportation_state_rnk",90.7253
"55808","zcta",2019,"transportation_state_rnk",94.1736
"55810","zcta",2019,"transportation_state_rnk",82.7586
"55811","zcta",2019,"transportation_state_rnk",82.0452
"55812","zcta",2019,"transportation_state_rnk",95.8977
"55814","zcta",2019,"transportation_state_rnk",NA
"55901","zcta",2019,"transportation_state_rnk",89.4174
"55902","zcta",2019,"transportation_state_rnk",91.3199
"55904","zcta",2019,"transportation_state_rnk",89.7741
"55905","zcta",2019,"transportation_state_rnk",NA
"55906","zcta",2019,"transportation_state_rnk",90.0119
"55909","zcta",2019,"transportation_state_rnk",71.5815
"55910","zcta",2019,"transportation_state_rnk",55.648
"55912","zcta",2019,"transportation_state_rnk",67.3008
"55917","zcta",2019,"transportation_state_rnk",37.1581
"55918","zcta",2019,"transportation_state_rnk",39.5363
"55919","zcta",2019,"transportation_state_rnk",36.6231
"55920","zcta",2019,"transportation_state_rnk",41.6766
"55921","zcta",2019,"transportation_state_rnk",30.2616
"55922","zcta",2019,"transportation_state_rnk",93.5196
"55923","zcta",2019,"transportation_state_rnk",44.352
"55924","zcta",2019,"transportation_state_rnk",45.4816
"55925","zcta",2019,"transportation_state_rnk",12.604
"55926","zcta",2019,"transportation_state_rnk",64.8038
"55927","zcta",2019,"transportation_state_rnk",54.6968
"55929","zcta",2019,"transportation_state_rnk",31.2723
"55931","zcta",2019,"transportation_state_rnk",19.3817
"55932","zcta",2019,"transportation_state_rnk",60.8799
"55933","zcta",2019,"transportation_state_rnk",80.2616
"55934","zcta",2019,"transportation_state_rnk",53.3888
"55935","zcta",2019,"transportation_state_rnk",59.3341
"55936","zcta",2019,"transportation_state_rnk",63.6742
"55939","zcta",2019,"transportation_state_rnk",79.0725
"55940","zcta",2019,"transportation_state_rnk",68.3115
"55941","zcta",2019,"transportation_state_rnk",5.2319
"55943","zcta",2019,"transportation_state_rnk",61.4744
"55944","zcta",2019,"transportation_state_rnk",54.6968
"55945","zcta",2019,"transportation_state_rnk",66.1118
"55946","zcta",2019,"transportation_state_rnk",46.2545
"55947","zcta",2019,"transportation_state_rnk",36.1474
"55949","zcta",2019,"transportation_state_rnk",79.4293
"55950","zcta",2019,"transportation_state_rnk",0.5945
"55951","zcta",2019,"transportation_state_rnk",77.4078
"55952","zcta",2019,"transportation_state_rnk",52.1403
"55953","zcta",2019,"transportation_state_rnk",58.8585
"55954","zcta",2019,"transportation_state_rnk",63.258
"55955","zcta",2019,"transportation_state_rnk",18.0143
"55956","zcta",2019,"transportation_state_rnk",25.4459
"55957","zcta",2019,"transportation_state_rnk",60.9988
"55959","zcta",2019,"transportation_state_rnk",33.7693
"55960","zcta",2019,"transportation_state_rnk",58.3234
"55961","zcta",2019,"transportation_state_rnk",74.9108
"55962","zcta",2019,"transportation_state_rnk",75.6243
"55963","zcta",2019,"transportation_state_rnk",23.6029
"55964","zcta",2019,"transportation_state_rnk",78.0618
"55965","zcta",2019,"transportation_state_rnk",72.7111
"55967","zcta",2019,"transportation_state_rnk",30.4994
"55968","zcta",2019,"transportation_state_rnk",NA
"55969","zcta",2019,"transportation_state_rnk",23.0083
"55970","zcta",2019,"transportation_state_rnk",63.912
"55971","zcta",2019,"transportation_state_rnk",64.5065
"55972","zcta",2019,"transportation_state_rnk",72.8894
"55973","zcta",2019,"transportation_state_rnk",73.3056
"55974","zcta",2019,"transportation_state_rnk",72.176
"55975","zcta",2019,"transportation_state_rnk",72.0571
"55976","zcta",2019,"transportation_state_rnk",47.2057
"55977","zcta",2019,"transportation_state_rnk",68.8466
"55979","zcta",2019,"transportation_state_rnk",79.6671
"55981","zcta",2019,"transportation_state_rnk",70.9869
"55982","zcta",2019,"transportation_state_rnk",13.8526
"55983","zcta",2019,"transportation_state_rnk",70.7491
"55985","zcta",2019,"transportation_state_rnk",21.0464
"55987","zcta",2019,"transportation_state_rnk",97.0273
"55990","zcta",2019,"transportation_state_rnk",69.56
"55991","zcta",2019,"transportation_state_rnk",64.5065
"55992","zcta",2019,"transportation_state_rnk",54.3401
"56001","zcta",2019,"transportation_state_rnk",97.1463
"56003","zcta",2019,"transportation_state_rnk",96.3139
"56007","zcta",2019,"transportation_state_rnk",47.6219
"56009","zcta",2019,"transportation_state_rnk",5.648
"56010","zcta",2019,"transportation_state_rnk",53.3888
"56011","zcta",2019,"transportation_state_rnk",27.5268
"56013","zcta",2019,"transportation_state_rnk",32.4019
"56014","zcta",2019,"transportation_state_rnk",57.0749
"56016","zcta",2019,"transportation_state_rnk",63.912
"56017","zcta",2019,"transportation_state_rnk",3.0321
"56019","zcta",2019,"transportation_state_rnk",54.9346
"56020","zcta",2019,"transportation_state_rnk",5.3508
"56021","zcta",2019,"transportation_state_rnk",6.1831
"56022","zcta",2019,"transportation_state_rnk",NA
"56023","zcta",2019,"transportation_state_rnk",50
"56024","zcta",2019,"transportation_state_rnk",14.5065
"56025","zcta",2019,"transportation_state_rnk",35.3151
"56026","zcta",2019,"transportation_state_rnk",20.2735
"56027","zcta",2019,"transportation_state_rnk",57.9667
"56028","zcta",2019,"transportation_state_rnk",24.1379
"56029","zcta",2019,"transportation_state_rnk",23.3056
"56031","zcta",2019,"transportation_state_rnk",93.698
"56032","zcta",2019,"transportation_state_rnk",6.7182
"56033","zcta",2019,"transportation_state_rnk",44.6492
"56034","zcta",2019,"transportation_state_rnk",3.7455
"56035","zcta",2019,"transportation_state_rnk",8.3829
"56036","zcta",2019,"transportation_state_rnk",11.2961
"56037","zcta",2019,"transportation_state_rnk",44.0547
"56039","zcta",2019,"transportation_state_rnk",28.478
"56041","zcta",2019,"transportation_state_rnk",29.9049
"56042","zcta",2019,"transportation_state_rnk",41.3793
"56043","zcta",2019,"transportation_state_rnk",51.6647
"56044","zcta",2019,"transportation_state_rnk",32.4019
"56045","zcta",2019,"transportation_state_rnk",26.2782
"56046","zcta",2019,"transportation_state_rnk",NA
"56047","zcta",2019,"transportation_state_rnk",5.9453
"56048","zcta",2019,"transportation_state_rnk",29.6076
"56050","zcta",2019,"transportation_state_rnk",11.6528
"56051","zcta",2019,"transportation_state_rnk",9.453
"56052","zcta",2019,"transportation_state_rnk",30.4994
"56054","zcta",2019,"transportation_state_rnk",10.8205
"56055","zcta",2019,"transportation_state_rnk",7.61
"56056","zcta",2019,"transportation_state_rnk",NA
"56057","zcta",2019,"transportation_state_rnk",32.8775
"56058","zcta",2019,"transportation_state_rnk",56.4209
"56060","zcta",2019,"transportation_state_rnk",56.8371
"56062","zcta",2019,"transportation_state_rnk",77.2889
"56063","zcta",2019,"transportation_state_rnk",4.9941
"56065","zcta",2019,"transportation_state_rnk",50
"56068","zcta",2019,"transportation_state_rnk",12.7824
"56069","zcta",2019,"transportation_state_rnk",26.5161
"56071","zcta",2019,"transportation_state_rnk",14.6849
"56072","zcta",2019,"transportation_state_rnk",36.3853
"56073","zcta",2019,"transportation_state_rnk",96.5517
"56074","zcta",2019,"transportation_state_rnk",45.4816
"56075","zcta",2019,"transportation_state_rnk",2.0214
"56078","zcta",2019,"transportation_state_rnk",10.5826
"56080","zcta",2019,"transportation_state_rnk",13.1391
"56081","zcta",2019,"transportation_state_rnk",97.3841
"56082","zcta",2019,"transportation_state_rnk",73.9596
"56083","zcta",2019,"transportation_state_rnk",73.6029
"56085","zcta",2019,"transportation_state_rnk",38.2878
"56087","zcta",2019,"transportation_state_rnk",47.9191
"56088","zcta",2019,"transportation_state_rnk",23.0083
"56089","zcta",2019,"transportation_state_rnk",28.7158
"56090","zcta",2019,"transportation_state_rnk",44.9465
"56091","zcta",2019,"transportation_state_rnk",19.56
"56093","zcta",2019,"transportation_state_rnk",20.2735
"56096","zcta",2019,"transportation_state_rnk",20.5707
"56097","zcta",2019,"transportation_state_rnk",29.6076
"56098","zcta",2019,"transportation_state_rnk",66.1118
"56101","zcta",2019,"transportation_state_rnk",57.5505
"56110","zcta",2019,"transportation_state_rnk",53.6266
"56111","zcta",2019,"transportation_state_rnk",46.4923
"56113","zcta",2019,"transportation_state_rnk",37.1581
"56114","zcta",2019,"transportation_state_rnk",14.9822
"56115","zcta",2019,"transportation_state_rnk",47.2057
"56116","zcta",2019,"transportation_state_rnk",10.5826
"56117","zcta",2019,"transportation_state_rnk",18.4304
"56118","zcta",2019,"transportation_state_rnk",51.962
"56119","zcta",2019,"transportation_state_rnk",76.8133
"56120","zcta",2019,"transportation_state_rnk",68.3115
"56121","zcta",2019,"transportation_state_rnk",29.3103
"56122","zcta",2019,"transportation_state_rnk",79.3103
"56123","zcta",2019,"transportation_state_rnk",54.3401
"56125","zcta",2019,"transportation_state_rnk",NA
"56127","zcta",2019,"transportation_state_rnk",25.8026
"56128","zcta",2019,"transportation_state_rnk",75.2081
"56129","zcta",2019,"transportation_state_rnk",55.8264
"56131","zcta",2019,"transportation_state_rnk",46.849
"56132","zcta",2019,"transportation_state_rnk",38.5256
"56134","zcta",2019,"transportation_state_rnk",3.3294
"56136","zcta",2019,"transportation_state_rnk",70.868
"56137","zcta",2019,"transportation_state_rnk",43.044
"56138","zcta",2019,"transportation_state_rnk",37.6338
"56139","zcta",2019,"transportation_state_rnk",39.5363
"56140","zcta",2019,"transportation_state_rnk",NA
"56141","zcta",2019,"transportation_state_rnk",10.107
"56142","zcta",2019,"transportation_state_rnk",72.5327
"56143","zcta",2019,"transportation_state_rnk",66.8252
"56144","zcta",2019,"transportation_state_rnk",48.9893
"56145","zcta",2019,"transportation_state_rnk",3.0321
"56146","zcta",2019,"transportation_state_rnk",NA
"56147","zcta",2019,"transportation_state_rnk",1.0702
"56149","zcta",2019,"transportation_state_rnk",57.9667
"56150","zcta",2019,"transportation_state_rnk",37.931
"56151","zcta",2019,"transportation_state_rnk",33.7693
"56152","zcta",2019,"transportation_state_rnk",66.9441
"56153","zcta",2019,"transportation_state_rnk",6.0642
"56155","zcta",2019,"transportation_state_rnk",17.3603
"56156","zcta",2019,"transportation_state_rnk",17.2414
"56157","zcta",2019,"transportation_state_rnk",7.7289
"56158","zcta",2019,"transportation_state_rnk",50.7134
"56159","zcta",2019,"transportation_state_rnk",34.78
"56160","zcta",2019,"transportation_state_rnk",23.6029
"56161","zcta",2019,"transportation_state_rnk",74.3163
"56162","zcta",2019,"transportation_state_rnk",1.4269
"56164","zcta",2019,"transportation_state_rnk",31.5101
"56165","zcta",2019,"transportation_state_rnk",68.4899
"56166","zcta",2019,"transportation_state_rnk",78.0618
"56167","zcta",2019,"transportation_state_rnk",60.107
"56168","zcta",2019,"transportation_state_rnk",32.8775
"56169","zcta",2019,"transportation_state_rnk",12.2473
"56170","zcta",2019,"transportation_state_rnk",10.5826
"56171","zcta",2019,"transportation_state_rnk",24.673
"56172","zcta",2019,"transportation_state_rnk",34.3639
"56173","zcta",2019,"transportation_state_rnk",22.7111
"56174","zcta",2019,"transportation_state_rnk",4.2806
"56175","zcta",2019,"transportation_state_rnk",48.692
"56176","zcta",2019,"transportation_state_rnk",69.4411
"56177","zcta",2019,"transportation_state_rnk",NA
"56178","zcta",2019,"transportation_state_rnk",64.3282
"56180","zcta",2019,"transportation_state_rnk",66.5874
"56181","zcta",2019,"transportation_state_rnk",56.8371
"56183","zcta",2019,"transportation_state_rnk",4.7562
"56185","zcta",2019,"transportation_state_rnk",37.6338
"56186","zcta",2019,"transportation_state_rnk",45.9572
"56187","zcta",2019,"transportation_state_rnk",95.6599
"56201","zcta",2019,"transportation_state_rnk",65.5172
"56207","zcta",2019,"transportation_state_rnk",4.2806
"56208","zcta",2019,"transportation_state_rnk",76.9322
"56209","zcta",2019,"transportation_state_rnk",45.0654
"56210","zcta",2019,"transportation_state_rnk",NA
"56211","zcta",2019,"transportation_state_rnk",64.0904
"56212","zcta",2019,"transportation_state_rnk",56.4209
"56214","zcta",2019,"transportation_state_rnk",43.698
"56215","zcta",2019,"transportation_state_rnk",38.8823
"56216","zcta",2019,"transportation_state_rnk",8.3829
"56218","zcta",2019,"transportation_state_rnk",46.849
"56219","zcta",2019,"transportation_state_rnk",74.673
"56220","zcta",2019,"transportation_state_rnk",67.4792
"56221","zcta",2019,"transportation_state_rnk",74.5541
"56222","zcta",2019,"transportation_state_rnk",20.4518
"56223","zcta",2019,"transportation_state_rnk",46.849
"56224","zcta",2019,"transportation_state_rnk",69.3222
"56225","zcta",2019,"transportation_state_rnk",71.2247
"56226","zcta",2019,"transportation_state_rnk",55.4697
"56227","zcta",2019,"transportation_state_rnk",79.9049
"56228","zcta",2019,"transportation_state_rnk",17.5981
"56229","zcta",2019,"transportation_state_rnk",57.2533
"56230","zcta",2019,"transportation_state_rnk",19.7384
"56231","zcta",2019,"transportation_state_rnk",36.6231
"56232","zcta",2019,"transportation_state_rnk",62.7824
"56235","zcta",2019,"transportation_state_rnk",47.2057
"56236","zcta",2019,"transportation_state_rnk",66.1118
"56237","zcta",2019,"transportation_state_rnk",5.648
"56239","zcta",2019,"transportation_state_rnk",67.7765
"56240","zcta",2019,"transportation_state_rnk",58.5612
"56241","zcta",2019,"transportation_state_rnk",97.8597
"56243","zcta",2019,"transportation_state_rnk",42.2117
"56244","zcta",2019,"transportation_state_rnk",77.0511
"56245","zcta",2019,"transportation_state_rnk",4.6373
"56248","zcta",2019,"transportation_state_rnk",58.5612
"56249","zcta",2019,"transportation_state_rnk",25.4459
"56251","zcta",2019,"transportation_state_rnk",20.0951
"56252","zcta",2019,"transportation_state_rnk",39.5363
"56253","zcta",2019,"transportation_state_rnk",9.6314
"56255","zcta",2019,"transportation_state_rnk",37.1581
"56256","zcta",2019,"transportation_state_rnk",66.3496
"56257","zcta",2019,"transportation_state_rnk",76.0404
"56258","zcta",2019,"transportation_state_rnk",93.3413
"56260","zcta",2019,"transportation_state_rnk",37.931
"56262","zcta",2019,"transportation_state_rnk",75.3864
"56263","zcta",2019,"transportation_state_rnk",45.7194
"56264","zcta",2019,"transportation_state_rnk",62.9608
"56265","zcta",2019,"transportation_state_rnk",98.0975
"56266","zcta",2019,"transportation_state_rnk",60.5826
"56267","zcta",2019,"transportation_state_rnk",76.4566
"56270","zcta",2019,"transportation_state_rnk",15.5172
"56271","zcta",2019,"transportation_state_rnk",74.7919
"56273","zcta",2019,"transportation_state_rnk",34.78
"56274","zcta",2019,"transportation_state_rnk",59.7503
"56276","zcta",2019,"transportation_state_rnk",77.8835
"56277","zcta",2019,"transportation_state_rnk",55.8264
"56278","zcta",2019,"transportation_state_rnk",45.1843
"56279","zcta",2019,"transportation_state_rnk",32.4019
"56280","zcta",2019,"transportation_state_rnk",62.1879
"56281","zcta",2019,"transportation_state_rnk",68.7277
"56282","zcta",2019,"transportation_state_rnk",22.7111
"56283","zcta",2019,"transportation_state_rnk",45.7194
"56284","zcta",2019,"transportation_state_rnk",9.9287
"56285","zcta",2019,"transportation_state_rnk",33.4721
"56287","zcta",2019,"transportation_state_rnk",NA
"56288","zcta",2019,"transportation_state_rnk",12.7824
"56289","zcta",2019,"transportation_state_rnk",15.22
"56291","zcta",2019,"transportation_state_rnk",69.0844
"56292","zcta",2019,"transportation_state_rnk",51.0107
"56293","zcta",2019,"transportation_state_rnk",76.0404
"56294","zcta",2019,"transportation_state_rnk",NA
"56295","zcta",2019,"transportation_state_rnk",27.5268
"56296","zcta",2019,"transportation_state_rnk",41.9738
"56297","zcta",2019,"transportation_state_rnk",72.4138
"56301","zcta",2019,"transportation_state_rnk",96.9084
"56303","zcta",2019,"transportation_state_rnk",94.0547
"56304","zcta",2019,"transportation_state_rnk",96.0761
"56307","zcta",2019,"transportation_state_rnk",39.893
"56308","zcta",2019,"transportation_state_rnk",18.0143
"56309","zcta",2019,"transportation_state_rnk",60.5826
"56310","zcta",2019,"transportation_state_rnk",8.918
"56311","zcta",2019,"transportation_state_rnk",23.1867
"56312","zcta",2019,"transportation_state_rnk",67.6576
"56313","zcta",2019,"transportation_state_rnk",59.5719
"56314","zcta",2019,"transportation_state_rnk",27.5268
"56315","zcta",2019,"transportation_state_rnk",6.7182
"56316","zcta",2019,"transportation_state_rnk",50.4162
"56318","zcta",2019,"transportation_state_rnk",65.2794
"56319","zcta",2019,"transportation_state_rnk",4.8751
"56320","zcta",2019,"transportation_state_rnk",6.4804
"56321","zcta",2019,"transportation_state_rnk",NA
"56323","zcta",2019,"transportation_state_rnk",36.1474
"56324","zcta",2019,"transportation_state_rnk",39.0012
"56325","zcta",2019,"transportation_state_rnk",14.6849
"56326","zcta",2019,"transportation_state_rnk",19.56
"56327","zcta",2019,"transportation_state_rnk",29.0725
"56328","zcta",2019,"transportation_state_rnk",3.5672
"56329","zcta",2019,"transportation_state_rnk",31.5101
"56330","zcta",2019,"transportation_state_rnk",26.9322
"56331","zcta",2019,"transportation_state_rnk",53.9239
"56332","zcta",2019,"transportation_state_rnk",43.698
"56334","zcta",2019,"transportation_state_rnk",30.6778
"56335","zcta",2019,"transportation_state_rnk",0.1189
"56336","zcta",2019,"transportation_state_rnk",63.6742
"56338","zcta",2019,"transportation_state_rnk",22.4732
"56339","zcta",2019,"transportation_state_rnk",11.0583
"56340","zcta",2019,"transportation_state_rnk",15.7551
"56342","zcta",2019,"transportation_state_rnk",62.1879
"56343","zcta",2019,"transportation_state_rnk",38.2878
"56345","zcta",2019,"transportation_state_rnk",73.1272
"56347","zcta",2019,"transportation_state_rnk",71.1058
"56349","zcta",2019,"transportation_state_rnk",25.981
"56350","zcta",2019,"transportation_state_rnk",42.39
"56352","zcta",2019,"transportation_state_rnk",35.7907
"56353","zcta",2019,"transportation_state_rnk",44.352
"56354","zcta",2019,"transportation_state_rnk",58.8585
"56355","zcta",2019,"transportation_state_rnk",14.1498
"56356","zcta",2019,"transportation_state_rnk",1.308
"56357","zcta",2019,"transportation_state_rnk",10.3448
"56358","zcta",2019,"transportation_state_rnk",62.604
"56359","zcta",2019,"transportation_state_rnk",71.4625
"56360","zcta",2019,"transportation_state_rnk",41.0226
"56361","zcta",2019,"transportation_state_rnk",63.4364
"56362","zcta",2019,"transportation_state_rnk",40.4281
"56363","zcta",2019,"transportation_state_rnk",59.453
"56364","zcta",2019,"transportation_state_rnk",61.1177
"56367","zcta",2019,"transportation_state_rnk",13.1391
"56368","zcta",2019,"transportation_state_rnk",11.0583
"56369","zcta",2019,"transportation_state_rnk",80.7372
"56371","zcta",2019,"transportation_state_rnk",4.0428
"56373","zcta",2019,"transportation_state_rnk",74.4352
"56374","zcta",2019,"transportation_state_rnk",78.5969
"56375","zcta",2019,"transportation_state_rnk",5.648
"56376","zcta",2019,"transportation_state_rnk",29.3103
"56377","zcta",2019,"transportation_state_rnk",91.4388
"56378","zcta",2019,"transportation_state_rnk",25.4459
"56379","zcta",2019,"transportation_state_rnk",92.39
"56381","zcta",2019,"transportation_state_rnk",30.0832
"56382","zcta",2019,"transportation_state_rnk",53.0321
"56384","zcta",2019,"transportation_state_rnk",45.3032
"56385","zcta",2019,"transportation_state_rnk",41.0226
"56386","zcta",2019,"transportation_state_rnk",47.6219
"56387","zcta",2019,"transportation_state_rnk",96.195
"56389","zcta",2019,"transportation_state_rnk",0.7134
"56401","zcta",2019,"transportation_state_rnk",35.4935
"56425","zcta",2019,"transportation_state_rnk",11.415
"56431","zcta",2019,"transportation_state_rnk",49.4649
"56433","zcta",2019,"transportation_state_rnk",53.9239
"56434","zcta",2019,"transportation_state_rnk",85.6124
"56435","zcta",2019,"transportation_state_rnk",55.1724
"56436","zcta",2019,"transportation_state_rnk",NA
"56437","zcta",2019,"transportation_state_rnk",77.5862
"56438","zcta",2019,"transportation_state_rnk",47.6219
"56440","zcta",2019,"transportation_state_rnk",73.3056
"56441","zcta",2019,"transportation_state_rnk",61.4744
"56442","zcta",2019,"transportation_state_rnk",51.2485
"56443","zcta",2019,"transportation_state_rnk",53.9239
"56444","zcta",2019,"transportation_state_rnk",53.0321
"56446","zcta",2019,"transportation_state_rnk",77.7646
"56447","zcta",2019,"transportation_state_rnk",12.1284
"56448","zcta",2019,"transportation_state_rnk",17.5981
"56449","zcta",2019,"transportation_state_rnk",16.6468
"56450","zcta",2019,"transportation_state_rnk",52.1403
"56452","zcta",2019,"transportation_state_rnk",79.1914
"56453","zcta",2019,"transportation_state_rnk",24.4352
"56455","zcta",2019,"transportation_state_rnk",60.5826
"56456","zcta",2019,"transportation_state_rnk",NA
"56458","zcta",2019,"transportation_state_rnk",69.8573
"56461","zcta",2019,"transportation_state_rnk",50.8918
"56464","zcta",2019,"transportation_state_rnk",43.4007
"56465","zcta",2019,"transportation_state_rnk",57.2533
"56466","zcta",2019,"transportation_state_rnk",31.1534
"56467","zcta",2019,"transportation_state_rnk",36.1474
"56468","zcta",2019,"transportation_state_rnk",32.4019
"56469","zcta",2019,"transportation_state_rnk",50.4162
"56470","zcta",2019,"transportation_state_rnk",92.1522
"56472","zcta",2019,"transportation_state_rnk",16.409
"56473","zcta",2019,"transportation_state_rnk",7.8478
"56474","zcta",2019,"transportation_state_rnk",62.604
"56475","zcta",2019,"transportation_state_rnk",41.6766
"56477","zcta",2019,"transportation_state_rnk",37.1581
"56479","zcta",2019,"transportation_state_rnk",43.2818
"56481","zcta",2019,"transportation_state_rnk",41.6766
"56482","zcta",2019,"transportation_state_rnk",71.9382
"56484","zcta",2019,"transportation_state_rnk",76.6944
"56501","zcta",2019,"transportation_state_rnk",97.7408
"56510","zcta",2019,"transportation_state_rnk",43.044
"56511","zcta",2019,"transportation_state_rnk",12.4851
"56514","zcta",2019,"transportation_state_rnk",50
"56515","zcta",2019,"transportation_state_rnk",65.7551
"56516","zcta",2019,"transportation_state_rnk",26.9322
"56517","zcta",2019,"transportation_state_rnk",69.8573
"56518","zcta",2019,"transportation_state_rnk",48.157
"56519","zcta",2019,"transportation_state_rnk",76.2188
"56520","zcta",2019,"transportation_state_rnk",40.6659
"56521","zcta",2019,"transportation_state_rnk",31.7479
"56522","zcta",2019,"transportation_state_rnk",46.4923
"56523","zcta",2019,"transportation_state_rnk",75.7432
"56524","zcta",2019,"transportation_state_rnk",72.7111
"56525","zcta",2019,"transportation_state_rnk",NA
"56527","zcta",2019,"transportation_state_rnk",63.1391
"56528","zcta",2019,"transportation_state_rnk",42.6278
"56529","zcta",2019,"transportation_state_rnk",79.786
"56531","zcta",2019,"transportation_state_rnk",52.6754
"56533","zcta",2019,"transportation_state_rnk",21.0464
"56534","zcta",2019,"transportation_state_rnk",18.7872
"56535","zcta",2019,"transportation_state_rnk",22.7111
"56536","zcta",2019,"transportation_state_rnk",66.5874
"56537","zcta",2019,"transportation_state_rnk",96.4328
"56540","zcta",2019,"transportation_state_rnk",68.0143
"56541","zcta",2019,"transportation_state_rnk",NA
"56542","zcta",2019,"transportation_state_rnk",62.4257
"56543","zcta",2019,"transportation_state_rnk",74.1974
"56544","zcta",2019,"transportation_state_rnk",39.239
"56545","zcta",2019,"transportation_state_rnk",38.7039
"56546","zcta",2019,"transportation_state_rnk",21.5815
"56547","zcta",2019,"transportation_state_rnk",55.1724
"56548","zcta",2019,"transportation_state_rnk",80.6183
"56549","zcta",2019,"transportation_state_rnk",17.0036
"56550","zcta",2019,"transportation_state_rnk",45.9572
"56551","zcta",2019,"transportation_state_rnk",36.6231
"56552","zcta",2019,"transportation_state_rnk",16.409
"56553","zcta",2019,"transportation_state_rnk",1.1891
"56554","zcta",2019,"transportation_state_rnk",15.7551
"56556","zcta",2019,"transportation_state_rnk",58.3234
"56557","zcta",2019,"transportation_state_rnk",73.7218
"56560","zcta",2019,"transportation_state_rnk",81.9263
"56565","zcta",2019,"transportation_state_rnk",NA
"56566","zcta",2019,"transportation_state_rnk",80.3805
"56567","zcta",2019,"transportation_state_rnk",55.4697
"56568","zcta",2019,"transportation_state_rnk",59.7503
"56569","zcta",2019,"transportation_state_rnk",51.6647
"56570","zcta",2019,"transportation_state_rnk",22.1165
"56571","zcta",2019,"transportation_state_rnk",48.9893
"56572","zcta",2019,"transportation_state_rnk",79.5482
"56573","zcta",2019,"transportation_state_rnk",54.6968
"56574","zcta",2019,"transportation_state_rnk",19.9168
"56575","zcta",2019,"transportation_state_rnk",65.874
"56576","zcta",2019,"transportation_state_rnk",40.7848
"56577","zcta",2019,"transportation_state_rnk",NA
"56578","zcta",2019,"transportation_state_rnk",23.6029
"56579","zcta",2019,"transportation_state_rnk",48.157
"56580","zcta",2019,"transportation_state_rnk",34.6017
"56581","zcta",2019,"transportation_state_rnk",76.5755
"56583","zcta",2019,"transportation_state_rnk",60.5826
"56584","zcta",2019,"transportation_state_rnk",47.6219
"56585","zcta",2019,"transportation_state_rnk",49.4649
"56586","zcta",2019,"transportation_state_rnk",64.2093
"56587","zcta",2019,"transportation_state_rnk",42.6278
"56588","zcta",2019,"transportation_state_rnk",51.2485
"56589","zcta",2019,"transportation_state_rnk",59.1558
"56590","zcta",2019,"transportation_state_rnk",7.9667
"56591","zcta",2019,"transportation_state_rnk",61.2366
"56592","zcta",2019,"transportation_state_rnk",39.893
"56593","zcta",2019,"transportation_state_rnk",NA
"56594","zcta",2019,"transportation_state_rnk",67.063
"56601","zcta",2019,"transportation_state_rnk",71.8193
"56621","zcta",2019,"transportation_state_rnk",61.8906
"56623","zcta",2019,"transportation_state_rnk",78.478
"56626","zcta",2019,"transportation_state_rnk",88.7634
"56627","zcta",2019,"transportation_state_rnk",68.1332
"56628","zcta",2019,"transportation_state_rnk",49.4649
"56629","zcta",2019,"transportation_state_rnk",0.9512
"56630","zcta",2019,"transportation_state_rnk",70.5707
"56633","zcta",2019,"transportation_state_rnk",76.3377
"56634","zcta",2019,"transportation_state_rnk",69.679
"56636","zcta",2019,"transportation_state_rnk",50
"56637","zcta",2019,"transportation_state_rnk",2.497
"56639","zcta",2019,"transportation_state_rnk",37.1581
"56641","zcta",2019,"transportation_state_rnk",89.239
"56644","zcta",2019,"transportation_state_rnk",75.8621
"56646","zcta",2019,"transportation_state_rnk",35.1367
"56647","zcta",2019,"transportation_state_rnk",7.4911
"56649","zcta",2019,"transportation_state_rnk",75.2081
"56650","zcta",2019,"transportation_state_rnk",80.0238
"56651","zcta",2019,"transportation_state_rnk",27.2295
"56652","zcta",2019,"transportation_state_rnk",31.9263
"56653","zcta",2019,"transportation_state_rnk",38.7039
"56654","zcta",2019,"transportation_state_rnk",0
"56655","zcta",2019,"transportation_state_rnk",60.107
"56657","zcta",2019,"transportation_state_rnk",59.1558
"56658","zcta",2019,"transportation_state_rnk",NA
"56659","zcta",2019,"transportation_state_rnk",NA
"56660","zcta",2019,"transportation_state_rnk",21.4031
"56661","zcta",2019,"transportation_state_rnk",75.0297
"56662","zcta",2019,"transportation_state_rnk",53.3888
"56663","zcta",2019,"transportation_state_rnk",0.8323
"56666","zcta",2019,"transportation_state_rnk",93.2224
"56667","zcta",2019,"transportation_state_rnk",52.3781
"56668","zcta",2019,"transportation_state_rnk",78.9536
"56669","zcta",2019,"transportation_state_rnk",2.7348
"56670","zcta",2019,"transportation_state_rnk",94.887
"56671","zcta",2019,"transportation_state_rnk",80.8561
"56672","zcta",2019,"transportation_state_rnk",71.7004
"56673","zcta",2019,"transportation_state_rnk",67.1819
"56676","zcta",2019,"transportation_state_rnk",39.5363
"56678","zcta",2019,"transportation_state_rnk",33.2342
"56680","zcta",2019,"transportation_state_rnk",70.5707
"56681","zcta",2019,"transportation_state_rnk",82.8775
"56683","zcta",2019,"transportation_state_rnk",61.7122
"56684","zcta",2019,"transportation_state_rnk",62.1879
"56685","zcta",2019,"transportation_state_rnk",NA
"56686","zcta",2019,"transportation_state_rnk",63.4364
"56687","zcta",2019,"transportation_state_rnk",NA
"56688","zcta",2019,"transportation_state_rnk",49.4649
"56701","zcta",2019,"transportation_state_rnk",51.6647
"56710","zcta",2019,"transportation_state_rnk",2.8537
"56711","zcta",2019,"transportation_state_rnk",NA
"56713","zcta",2019,"transportation_state_rnk",35.1367
"56714","zcta",2019,"transportation_state_rnk",43.044
"56715","zcta",2019,"transportation_state_rnk",44.352
"56716","zcta",2019,"transportation_state_rnk",95.1249
"56720","zcta",2019,"transportation_state_rnk",NA
"56721","zcta",2019,"transportation_state_rnk",83.9477
"56722","zcta",2019,"transportation_state_rnk",35.4935
"56723","zcta",2019,"transportation_state_rnk",11.6528
"56724","zcta",2019,"transportation_state_rnk",28.0618
"56725","zcta",2019,"transportation_state_rnk",52.6754
"56726","zcta",2019,"transportation_state_rnk",68.6088
"56727","zcta",2019,"transportation_state_rnk",78.7158
"56728","zcta",2019,"transportation_state_rnk",70.2735
"56729","zcta",2019,"transportation_state_rnk",NA
"56731","zcta",2019,"transportation_state_rnk",NA
"56732","zcta",2019,"transportation_state_rnk",73.0083
"56733","zcta",2019,"transportation_state_rnk",24.4352
"56734","zcta",2019,"transportation_state_rnk",80.4994
"56735","zcta",2019,"transportation_state_rnk",70.0951
"56736","zcta",2019,"transportation_state_rnk",58.8585
"56737","zcta",2019,"transportation_state_rnk",31.0345
"56738","zcta",2019,"transportation_state_rnk",21.8193
"56741","zcta",2019,"transportation_state_rnk",NA
"56742","zcta",2019,"transportation_state_rnk",65.6361
"56744","zcta",2019,"transportation_state_rnk",46.4923
"56748","zcta",2019,"transportation_state_rnk",57.4316
"56750","zcta",2019,"transportation_state_rnk",53.0321
"56751","zcta",2019,"transportation_state_rnk",51.6647
"56754","zcta",2019,"transportation_state_rnk",26.1593
"56755","zcta",2019,"transportation_state_rnk",NA
"56756","zcta",2019,"transportation_state_rnk",33.7693
"56757","zcta",2019,"transportation_state_rnk",52.3781
"56758","zcta",2019,"transportation_state_rnk",21.0464
"56759","zcta",2019,"transportation_state_rnk",54.3401
"56760","zcta",2019,"transportation_state_rnk",62.9608
"56761","zcta",2019,"transportation_state_rnk",69.0844
"56762","zcta",2019,"transportation_state_rnk",34.126
"56763","zcta",2019,"transportation_state_rnk",44.0547
