"geoid","geolevel","year","level","value"
"53001","zcta",2019,"transportation_score",91.09
"53002","zcta",2019,"transportation_score",91.25
"53003","zcta",2019,"transportation_score",88.41
"53004","zcta",2019,"transportation_score",91.69
"53005","zcta",2019,"transportation_score",100.08
"53006","zcta",2019,"transportation_score",92.17
"53007","zcta",2019,"transportation_score",93.29
"53010","zcta",2019,"transportation_score",92.24
"53011","zcta",2019,"transportation_score",92.08
"53012","zcta",2019,"transportation_score",101.32
"53013","zcta",2019,"transportation_score",92.16
"53014","zcta",2019,"transportation_score",92.18
"53015","zcta",2019,"transportation_score",91.62
"53016","zcta",2019,"transportation_score",90.02
"53017","zcta",2019,"transportation_score",91.99
"53018","zcta",2019,"transportation_score",92.94
"53019","zcta",2019,"transportation_score",93.95
"53020","zcta",2019,"transportation_score",94.31
"53021","zcta",2019,"transportation_score",91.1
"53022","zcta",2019,"transportation_score",99.81
"53023","zcta",2019,"transportation_score",NA
"53024","zcta",2019,"transportation_score",101.34
"53027","zcta",2019,"transportation_score",95.27
"53029","zcta",2019,"transportation_score",100.52
"53031","zcta",2019,"transportation_score",NA
"53032","zcta",2019,"transportation_score",92.08
"53033","zcta",2019,"transportation_score",89.72
"53034","zcta",2019,"transportation_score",91.56
"53035","zcta",2019,"transportation_score",91.42
"53036","zcta",2019,"transportation_score",90.99
"53037","zcta",2019,"transportation_score",91.14
"53038","zcta",2019,"transportation_score",91.65
"53039","zcta",2019,"transportation_score",93.28
"53040","zcta",2019,"transportation_score",91.35
"53042","zcta",2019,"transportation_score",91.27
"53044","zcta",2019,"transportation_score",93.56
"53045","zcta",2019,"transportation_score",99.94
"53046","zcta",2019,"transportation_score",90.82
"53047","zcta",2019,"transportation_score",95.68
"53048","zcta",2019,"transportation_score",91.73
"53049","zcta",2019,"transportation_score",93.2
"53050","zcta",2019,"transportation_score",93.29
"53051","zcta",2019,"transportation_score",100.24
"53057","zcta",2019,"transportation_score",92.27
"53058","zcta",2019,"transportation_score",92.93
"53059","zcta",2019,"transportation_score",93.16
"53061","zcta",2019,"transportation_score",91.8
"53063","zcta",2019,"transportation_score",91.5
"53065","zcta",2019,"transportation_score",91.9
"53066","zcta",2019,"transportation_score",100.54
"53069","zcta",2019,"transportation_score",90.22
"53070","zcta",2019,"transportation_score",92.14
"53072","zcta",2019,"transportation_score",100.86
"53073","zcta",2019,"transportation_score",93.26
"53074","zcta",2019,"transportation_score",100.86
"53075","zcta",2019,"transportation_score",92.95
"53076","zcta",2019,"transportation_score",91.82
"53078","zcta",2019,"transportation_score",91.82
"53079","zcta",2019,"transportation_score",91.13
"53080","zcta",2019,"transportation_score",92.92
"53081","zcta",2019,"transportation_score",115.49
"53083","zcta",2019,"transportation_score",112.29
"53085","zcta",2019,"transportation_score",111.85
"53086","zcta",2019,"transportation_score",91.26
"53088","zcta",2019,"transportation_score",90.29
"53089","zcta",2019,"transportation_score",100.37
"53090","zcta",2019,"transportation_score",94.47
"53091","zcta",2019,"transportation_score",91.63
"53092","zcta",2019,"transportation_score",100.85
"53093","zcta",2019,"transportation_score",91.73
"53094","zcta",2019,"transportation_score",105.25
"53095","zcta",2019,"transportation_score",96.3
"53097","zcta",2019,"transportation_score",103.05
"53098","zcta",2019,"transportation_score",103.43
"53103","zcta",2019,"transportation_score",90.64
"53104","zcta",2019,"transportation_score",91.77
"53105","zcta",2019,"transportation_score",92.51
"53108","zcta",2019,"transportation_score",89.49
"53110","zcta",2019,"transportation_score",104.45
"53114","zcta",2019,"transportation_score",92.46
"53115","zcta",2019,"transportation_score",94.73
"53118","zcta",2019,"transportation_score",90.76
"53119","zcta",2019,"transportation_score",91.58
"53120","zcta",2019,"transportation_score",91
"53121","zcta",2019,"transportation_score",103.28
"53122","zcta",2019,"transportation_score",92.86
"53125","zcta",2019,"transportation_score",96.71
"53126","zcta",2019,"transportation_score",90.75
"53128","zcta",2019,"transportation_score",91.49
"53129","zcta",2019,"transportation_score",101.49
"53130","zcta",2019,"transportation_score",101.08
"53132","zcta",2019,"transportation_score",100.73
"53137","zcta",2019,"transportation_score",90.26
"53139","zcta",2019,"transportation_score",91.07
"53140","zcta",2019,"transportation_score",105.53
"53142","zcta",2019,"transportation_score",102.69
"53143","zcta",2019,"transportation_score",102.9
"53144","zcta",2019,"transportation_score",103.43
"53146","zcta",2019,"transportation_score",90.58
"53147","zcta",2019,"transportation_score",93.61
"53149","zcta",2019,"transportation_score",91.26
"53150","zcta",2019,"transportation_score",99.81
"53151","zcta",2019,"transportation_score",100.15
"53153","zcta",2019,"transportation_score",92.04
"53154","zcta",2019,"transportation_score",100.97
"53156","zcta",2019,"transportation_score",92.6
"53158","zcta",2019,"transportation_score",101.89
"53167","zcta",2019,"transportation_score",93.25
"53168","zcta",2019,"transportation_score",91.03
"53170","zcta",2019,"transportation_score",90.97
"53172","zcta",2019,"transportation_score",102.68
"53177","zcta",2019,"transportation_score",107.63
"53178","zcta",2019,"transportation_score",90.81
"53179","zcta",2019,"transportation_score",91.67
"53181","zcta",2019,"transportation_score",92.3
"53182","zcta",2019,"transportation_score",92.93
"53183","zcta",2019,"transportation_score",92.61
"53184","zcta",2019,"transportation_score",93.33
"53185","zcta",2019,"transportation_score",90.22
"53186","zcta",2019,"transportation_score",105.02
"53188","zcta",2019,"transportation_score",101.24
"53189","zcta",2019,"transportation_score",101.49
"53190","zcta",2019,"transportation_score",109.97
"53191","zcta",2019,"transportation_score",93.01
"53192","zcta",2019,"transportation_score",NA
"53195","zcta",2019,"transportation_score",94.64
"53202","zcta",2019,"transportation_score",118.35
"53203","zcta",2019,"transportation_score",103.54
"53204","zcta",2019,"transportation_score",115.99
"53205","zcta",2019,"transportation_score",118.44
"53206","zcta",2019,"transportation_score",128.27
"53207","zcta",2019,"transportation_score",106.5
"53208","zcta",2019,"transportation_score",115.09
"53209","zcta",2019,"transportation_score",110.72
"53210","zcta",2019,"transportation_score",114.18
"53211","zcta",2019,"transportation_score",113.4
"53212","zcta",2019,"transportation_score",116.49
"53213","zcta",2019,"transportation_score",103.53
"53214","zcta",2019,"transportation_score",106.68
"53215","zcta",2019,"transportation_score",107.85
"53216","zcta",2019,"transportation_score",111.88
"53217","zcta",2019,"transportation_score",103.22
"53218","zcta",2019,"transportation_score",112.5
"53219","zcta",2019,"transportation_score",105.04
"53220","zcta",2019,"transportation_score",102.03
"53221","zcta",2019,"transportation_score",103.77
"53222","zcta",2019,"transportation_score",103.91
"53223","zcta",2019,"transportation_score",104.91
"53224","zcta",2019,"transportation_score",104.19
"53225","zcta",2019,"transportation_score",105.55
"53226","zcta",2019,"transportation_score",102.35
"53227","zcta",2019,"transportation_score",103.28
"53228","zcta",2019,"transportation_score",101.6
"53233","zcta",2019,"transportation_score",NA
"53235","zcta",2019,"transportation_score",92.94
"53295","zcta",2019,"transportation_score",NA
"53402","zcta",2019,"transportation_score",111.52
"53403","zcta",2019,"transportation_score",114.67
"53404","zcta",2019,"transportation_score",116.36
"53405","zcta",2019,"transportation_score",113.09
"53406","zcta",2019,"transportation_score",109.82
"53501","zcta",2019,"transportation_score",105.3
"53502","zcta",2019,"transportation_score",93.7
"53503","zcta",2019,"transportation_score",92.63
"53504","zcta",2019,"transportation_score",93.83
"53505","zcta",2019,"transportation_score",92
"53506","zcta",2019,"transportation_score",94.38
"53507","zcta",2019,"transportation_score",92.67
"53508","zcta",2019,"transportation_score",90.74
"53510","zcta",2019,"transportation_score",92.91
"53511","zcta",2019,"transportation_score",103.92
"53515","zcta",2019,"transportation_score",92.74
"53516","zcta",2019,"transportation_score",93.58
"53517","zcta",2019,"transportation_score",92.51
"53518","zcta",2019,"transportation_score",91.97
"53520","zcta",2019,"transportation_score",92.69
"53521","zcta",2019,"transportation_score",91.36
"53522","zcta",2019,"transportation_score",93.76
"53523","zcta",2019,"transportation_score",91.11
"53525","zcta",2019,"transportation_score",90.86
"53526","zcta",2019,"transportation_score",92.82
"53527","zcta",2019,"transportation_score",91.44
"53528","zcta",2019,"transportation_score",91.3
"53529","zcta",2019,"transportation_score",93.5
"53530","zcta",2019,"transportation_score",93.46
"53531","zcta",2019,"transportation_score",92.25
"53532","zcta",2019,"transportation_score",92.03
"53533","zcta",2019,"transportation_score",92.18
"53534","zcta",2019,"transportation_score",102.86
"53536","zcta",2019,"transportation_score",92.02
"53537","zcta",2019,"transportation_score",90.33
"53538","zcta",2019,"transportation_score",104.11
"53540","zcta",2019,"transportation_score",92.17
"53541","zcta",2019,"transportation_score",97.69
"53543","zcta",2019,"transportation_score",94.3
"53544","zcta",2019,"transportation_score",91.45
"53545","zcta",2019,"transportation_score",103.37
"53546","zcta",2019,"transportation_score",101.43
"53548","zcta",2019,"transportation_score",103.86
"53549","zcta",2019,"transportation_score",91.48
"53550","zcta",2019,"transportation_score",94.71
"53551","zcta",2019,"transportation_score",104.62
"53553","zcta",2019,"transportation_score",92.97
"53554","zcta",2019,"transportation_score",98.09
"53555","zcta",2019,"transportation_score",91.69
"53556","zcta",2019,"transportation_score",91.97
"53557","zcta",2019,"transportation_score",91.3
"53558","zcta",2019,"transportation_score",100.09
"53559","zcta",2019,"transportation_score",90.77
"53560","zcta",2019,"transportation_score",92.32
"53561","zcta",2019,"transportation_score",91.59
"53562","zcta",2019,"transportation_score",103.19
"53563","zcta",2019,"transportation_score",101.55
"53565","zcta",2019,"transportation_score",93.64
"53566","zcta",2019,"transportation_score",104.96
"53569","zcta",2019,"transportation_score",92.25
"53570","zcta",2019,"transportation_score",93.41
"53571","zcta",2019,"transportation_score",87.32
"53572","zcta",2019,"transportation_score",92.1
"53573","zcta",2019,"transportation_score",94.83
"53574","zcta",2019,"transportation_score",93.01
"53575","zcta",2019,"transportation_score",91.76
"53576","zcta",2019,"transportation_score",91.15
"53577","zcta",2019,"transportation_score",95.43
"53578","zcta",2019,"transportation_score",91.09
"53579","zcta",2019,"transportation_score",93.59
"53580","zcta",2019,"transportation_score",95.04
"53581","zcta",2019,"transportation_score",97.57
"53582","zcta",2019,"transportation_score",91.67
"53583","zcta",2019,"transportation_score",93.21
"53585","zcta",2019,"transportation_score",89.89
"53586","zcta",2019,"transportation_score",94.3
"53587","zcta",2019,"transportation_score",94.16
"53588","zcta",2019,"transportation_score",93.22
"53589","zcta",2019,"transportation_score",100.8
"53590","zcta",2019,"transportation_score",101.91
"53593","zcta",2019,"transportation_score",92.48
"53594","zcta",2019,"transportation_score",92.66
"53597","zcta",2019,"transportation_score",101.09
"53598","zcta",2019,"transportation_score",90.13
"53599","zcta",2019,"transportation_score",NA
"53702","zcta",2019,"transportation_score",87.41
"53703","zcta",2019,"transportation_score",134.11
"53704","zcta",2019,"transportation_score",110.43
"53705","zcta",2019,"transportation_score",121.42
"53706","zcta",2019,"transportation_score",NA
"53711","zcta",2019,"transportation_score",107.52
"53713","zcta",2019,"transportation_score",109.53
"53714","zcta",2019,"transportation_score",108.06
"53715","zcta",2019,"transportation_score",132.52
"53716","zcta",2019,"transportation_score",104.5
"53717","zcta",2019,"transportation_score",109.35
"53718","zcta",2019,"transportation_score",92.76
"53719","zcta",2019,"transportation_score",102.44
"53726","zcta",2019,"transportation_score",134.35
"53792","zcta",2019,"transportation_score",NA
"53801","zcta",2019,"transportation_score",92.01
"53802","zcta",2019,"transportation_score",NA
"53803","zcta",2019,"transportation_score",91.28
"53804","zcta",2019,"transportation_score",93.52
"53805","zcta",2019,"transportation_score",93.53
"53806","zcta",2019,"transportation_score",95.52
"53807","zcta",2019,"transportation_score",91.98
"53808","zcta",2019,"transportation_score",90.76
"53809","zcta",2019,"transportation_score",97.32
"53810","zcta",2019,"transportation_score",95.8
"53811","zcta",2019,"transportation_score",92.11
"53813","zcta",2019,"transportation_score",112.88
"53816","zcta",2019,"transportation_score",97.07
"53817","zcta",2019,"transportation_score",90.28
"53818","zcta",2019,"transportation_score",105.14
"53820","zcta",2019,"transportation_score",91.84
"53821","zcta",2019,"transportation_score",101.94
"53825","zcta",2019,"transportation_score",102.52
"53826","zcta",2019,"transportation_score",94.53
"53827","zcta",2019,"transportation_score",91.95
"53901","zcta",2019,"transportation_score",105.29
"53910","zcta",2019,"transportation_score",93.53
"53911","zcta",2019,"transportation_score",92.37
"53913","zcta",2019,"transportation_score",93.59
"53916","zcta",2019,"transportation_score",92.71
"53919","zcta",2019,"transportation_score",93.34
"53920","zcta",2019,"transportation_score",92.59
"53922","zcta",2019,"transportation_score",91.28
"53923","zcta",2019,"transportation_score",95.74
"53924","zcta",2019,"transportation_score",92.83
"53925","zcta",2019,"transportation_score",92.38
"53926","zcta",2019,"transportation_score",110.56
"53928","zcta",2019,"transportation_score",85.59
"53929","zcta",2019,"transportation_score",93.59
"53930","zcta",2019,"transportation_score",93.13
"53931","zcta",2019,"transportation_score",92.48
"53932","zcta",2019,"transportation_score",91.2
"53933","zcta",2019,"transportation_score",92.73
"53934","zcta",2019,"transportation_score",92.89
"53935","zcta",2019,"transportation_score",92.03
"53936","zcta",2019,"transportation_score",NA
"53937","zcta",2019,"transportation_score",104.03
"53939","zcta",2019,"transportation_score",93.12
"53941","zcta",2019,"transportation_score",93.44
"53943","zcta",2019,"transportation_score",96.94
"53944","zcta",2019,"transportation_score",92.38
"53946","zcta",2019,"transportation_score",97.11
"53947","zcta",2019,"transportation_score",93.48
"53948","zcta",2019,"transportation_score",104.66
"53949","zcta",2019,"transportation_score",92.78
"53950","zcta",2019,"transportation_score",95.5
"53951","zcta",2019,"transportation_score",91.47
"53952","zcta",2019,"transportation_score",92.12
"53953","zcta",2019,"transportation_score",97.24
"53954","zcta",2019,"transportation_score",93.17
"53955","zcta",2019,"transportation_score",91.58
"53956","zcta",2019,"transportation_score",92.92
"53959","zcta",2019,"transportation_score",92.34
"53960","zcta",2019,"transportation_score",91.64
"53961","zcta",2019,"transportation_score",93.89
"53963","zcta",2019,"transportation_score",104
"53964","zcta",2019,"transportation_score",92.57
"53965","zcta",2019,"transportation_score",92.68
"53968","zcta",2019,"transportation_score",93.47
"53969","zcta",2019,"transportation_score",91.53
"54001","zcta",2019,"transportation_score",92.04
"54002","zcta",2019,"transportation_score",91.96
"54003","zcta",2019,"transportation_score",91.93
"54004","zcta",2019,"transportation_score",92.5
"54005","zcta",2019,"transportation_score",92.35
"54006","zcta",2019,"transportation_score",91.22
"54007","zcta",2019,"transportation_score",90.91
"54009","zcta",2019,"transportation_score",91.32
"54010","zcta",2019,"transportation_score",NA
"54011","zcta",2019,"transportation_score",91.44
"54013","zcta",2019,"transportation_score",92.69
"54014","zcta",2019,"transportation_score",93.17
"54015","zcta",2019,"transportation_score",92.06
"54016","zcta",2019,"transportation_score",94.79
"54017","zcta",2019,"transportation_score",102.81
"54020","zcta",2019,"transportation_score",92.29
"54021","zcta",2019,"transportation_score",92.1
"54022","zcta",2019,"transportation_score",105.65
"54023","zcta",2019,"transportation_score",92.24
"54024","zcta",2019,"transportation_score",91.43
"54025","zcta",2019,"transportation_score",92
"54026","zcta",2019,"transportation_score",92.35
"54027","zcta",2019,"transportation_score",93.52
"54028","zcta",2019,"transportation_score",92.91
"54082","zcta",2019,"transportation_score",94.27
"54101","zcta",2019,"transportation_score",91.47
"54102","zcta",2019,"transportation_score",92.57
"54103","zcta",2019,"transportation_score",95.42
"54104","zcta",2019,"transportation_score",93.97
"54106","zcta",2019,"transportation_score",91.58
"54107","zcta",2019,"transportation_score",94.15
"54110","zcta",2019,"transportation_score",91.99
"54111","zcta",2019,"transportation_score",91.68
"54112","zcta",2019,"transportation_score",92.44
"54113","zcta",2019,"transportation_score",90.27
"54114","zcta",2019,"transportation_score",91.56
"54115","zcta",2019,"transportation_score",104.07
"54119","zcta",2019,"transportation_score",102.41
"54120","zcta",2019,"transportation_score",90.8
"54121","zcta",2019,"transportation_score",92.36
"54123","zcta",2019,"transportation_score",89.04
"54124","zcta",2019,"transportation_score",93.14
"54125","zcta",2019,"transportation_score",92.11
"54126","zcta",2019,"transportation_score",91.48
"54127","zcta",2019,"transportation_score",NA
"54128","zcta",2019,"transportation_score",91.61
"54129","zcta",2019,"transportation_score",91.18
"54130","zcta",2019,"transportation_score",97.97
"54135","zcta",2019,"transportation_score",94.68
"54136","zcta",2019,"transportation_score",97.08
"54137","zcta",2019,"transportation_score",91.08
"54138","zcta",2019,"transportation_score",93.53
"54139","zcta",2019,"transportation_score",93.55
"54140","zcta",2019,"transportation_score",98.15
"54141","zcta",2019,"transportation_score",91.83
"54143","zcta",2019,"transportation_score",108.37
"54149","zcta",2019,"transportation_score",93.85
"54150","zcta",2019,"transportation_score",101.93
"54151","zcta",2019,"transportation_score",91.41
"54153","zcta",2019,"transportation_score",97.89
"54154","zcta",2019,"transportation_score",92.13
"54155","zcta",2019,"transportation_score",90.61
"54156","zcta",2019,"transportation_score",91.85
"54157","zcta",2019,"transportation_score",91.62
"54159","zcta",2019,"transportation_score",90.2
"54160","zcta",2019,"transportation_score",91.46
"54161","zcta",2019,"transportation_score",91.4
"54162","zcta",2019,"transportation_score",91.98
"54165","zcta",2019,"transportation_score",91.51
"54166","zcta",2019,"transportation_score",104.05
"54169","zcta",2019,"transportation_score",91.01
"54170","zcta",2019,"transportation_score",90.63
"54171","zcta",2019,"transportation_score",90.95
"54173","zcta",2019,"transportation_score",91.88
"54174","zcta",2019,"transportation_score",93.67
"54175","zcta",2019,"transportation_score",90.96
"54180","zcta",2019,"transportation_score",90.64
"54201","zcta",2019,"transportation_score",93.96
"54202","zcta",2019,"transportation_score",96.38
"54204","zcta",2019,"transportation_score",93.14
"54205","zcta",2019,"transportation_score",91.52
"54207","zcta",2019,"transportation_score",88.69
"54208","zcta",2019,"transportation_score",91.27
"54209","zcta",2019,"transportation_score",96.81
"54210","zcta",2019,"transportation_score",93.74
"54211","zcta",2019,"transportation_score",100.32
"54212","zcta",2019,"transportation_score",97.07
"54213","zcta",2019,"transportation_score",91.87
"54214","zcta",2019,"transportation_score",92.17
"54216","zcta",2019,"transportation_score",91.67
"54217","zcta",2019,"transportation_score",93.76
"54220","zcta",2019,"transportation_score",105.1
"54227","zcta",2019,"transportation_score",90.76
"54228","zcta",2019,"transportation_score",91.43
"54229","zcta",2019,"transportation_score",91.27
"54230","zcta",2019,"transportation_score",92.8
"54232","zcta",2019,"transportation_score",90.77
"54234","zcta",2019,"transportation_score",97.07
"54235","zcta",2019,"transportation_score",108.43
"54241","zcta",2019,"transportation_score",103.57
"54245","zcta",2019,"transportation_score",92.25
"54246","zcta",2019,"transportation_score",92.62
"54247","zcta",2019,"transportation_score",93.23
"54301","zcta",2019,"transportation_score",104.79
"54302","zcta",2019,"transportation_score",105.44
"54303","zcta",2019,"transportation_score",107.53
"54304","zcta",2019,"transportation_score",106.33
"54307","zcta",2019,"transportation_score",NA
"54311","zcta",2019,"transportation_score",103.7
"54313","zcta",2019,"transportation_score",102.24
"54401","zcta",2019,"transportation_score",116.1
"54403","zcta",2019,"transportation_score",117.25
"54405","zcta",2019,"transportation_score",94.89
"54406","zcta",2019,"transportation_score",93.28
"54407","zcta",2019,"transportation_score",90.98
"54408","zcta",2019,"transportation_score",93.94
"54409","zcta",2019,"transportation_score",93.66
"54410","zcta",2019,"transportation_score",93.96
"54411","zcta",2019,"transportation_score",95.13
"54412","zcta",2019,"transportation_score",92.08
"54413","zcta",2019,"transportation_score",95.48
"54414","zcta",2019,"transportation_score",93.28
"54416","zcta",2019,"transportation_score",92.56
"54417","zcta",2019,"transportation_score",NA
"54418","zcta",2019,"transportation_score",91.94
"54420","zcta",2019,"transportation_score",102.15
"54421","zcta",2019,"transportation_score",95.83
"54422","zcta",2019,"transportation_score",107.88
"54423","zcta",2019,"transportation_score",91.37
"54424","zcta",2019,"transportation_score",93.97
"54425","zcta",2019,"transportation_score",94.32
"54426","zcta",2019,"transportation_score",92.86
"54427","zcta",2019,"transportation_score",94.51
"54428","zcta",2019,"transportation_score",93.16
"54430","zcta",2019,"transportation_score",96.04
"54433","zcta",2019,"transportation_score",98.23
"54435","zcta",2019,"transportation_score",91.99
"54436","zcta",2019,"transportation_score",104.47
"54437","zcta",2019,"transportation_score",100.94
"54440","zcta",2019,"transportation_score",91.34
"54441","zcta",2019,"transportation_score",90.91
"54442","zcta",2019,"transportation_score",90.78
"54443","zcta",2019,"transportation_score",90.5
"54446","zcta",2019,"transportation_score",95.83
"54447","zcta",2019,"transportation_score",96.85
"54448","zcta",2019,"transportation_score",92.3
"54449","zcta",2019,"transportation_score",104.63
"54450","zcta",2019,"transportation_score",94.21
"54451","zcta",2019,"transportation_score",106.14
"54452","zcta",2019,"transportation_score",101.7
"54454","zcta",2019,"transportation_score",93.66
"54455","zcta",2019,"transportation_score",113.74
"54456","zcta",2019,"transportation_score",93.36
"54457","zcta",2019,"transportation_score",91.88
"54458","zcta",2019,"transportation_score",NA
"54459","zcta",2019,"transportation_score",93.48
"54460","zcta",2019,"transportation_score",101.15
"54462","zcta",2019,"transportation_score",94.1
"54463","zcta",2019,"transportation_score",92.71
"54465","zcta",2019,"transportation_score",92.62
"54466","zcta",2019,"transportation_score",93.16
"54467","zcta",2019,"transportation_score",107.57
"54469","zcta",2019,"transportation_score",90.49
"54470","zcta",2019,"transportation_score",93.92
"54471","zcta",2019,"transportation_score",90.71
"54473","zcta",2019,"transportation_score",92.43
"54474","zcta",2019,"transportation_score",114.47
"54475","zcta",2019,"transportation_score",94.51
"54476","zcta",2019,"transportation_score",114.99
"54479","zcta",2019,"transportation_score",93.29
"54480","zcta",2019,"transportation_score",94.11
"54481","zcta",2019,"transportation_score",113.8
"54482","zcta",2019,"transportation_score",91.5
"54484","zcta",2019,"transportation_score",92.89
"54485","zcta",2019,"transportation_score",93.81
"54486","zcta",2019,"transportation_score",92.7
"54487","zcta",2019,"transportation_score",103.09
"54488","zcta",2019,"transportation_score",94.88
"54489","zcta",2019,"transportation_score",91.91
"54490","zcta",2019,"transportation_score",94.56
"54491","zcta",2019,"transportation_score",94.26
"54493","zcta",2019,"transportation_score",96.29
"54494","zcta",2019,"transportation_score",103.79
"54495","zcta",2019,"transportation_score",103.42
"54498","zcta",2019,"transportation_score",100.16
"54499","zcta",2019,"transportation_score",96.21
"54501","zcta",2019,"transportation_score",103.36
"54511","zcta",2019,"transportation_score",94.46
"54512","zcta",2019,"transportation_score",93.87
"54513","zcta",2019,"transportation_score",93.68
"54514","zcta",2019,"transportation_score",91.57
"54515","zcta",2019,"transportation_score",93.41
"54517","zcta",2019,"transportation_score",100.39
"54519","zcta",2019,"transportation_score",91.36
"54520","zcta",2019,"transportation_score",92.91
"54521","zcta",2019,"transportation_score",93.14
"54524","zcta",2019,"transportation_score",92.25
"54525","zcta",2019,"transportation_score",92.58
"54526","zcta",2019,"transportation_score",91.99
"54527","zcta",2019,"transportation_score",93.9
"54529","zcta",2019,"transportation_score",94.02
"54530","zcta",2019,"transportation_score",93.46
"54531","zcta",2019,"transportation_score",93.31
"54534","zcta",2019,"transportation_score",93.7
"54536","zcta",2019,"transportation_score",94.38
"54537","zcta",2019,"transportation_score",95.2
"54538","zcta",2019,"transportation_score",92.9
"54539","zcta",2019,"transportation_score",90.56
"54540","zcta",2019,"transportation_score",94.26
"54541","zcta",2019,"transportation_score",96.18
"54542","zcta",2019,"transportation_score",92.66
"54545","zcta",2019,"transportation_score",90.86
"54546","zcta",2019,"transportation_score",94.62
"54547","zcta",2019,"transportation_score",94.65
"54548","zcta",2019,"transportation_score",93.2
"54550","zcta",2019,"transportation_score",92.46
"54552","zcta",2019,"transportation_score",94.58
"54554","zcta",2019,"transportation_score",91.91
"54555","zcta",2019,"transportation_score",92.59
"54556","zcta",2019,"transportation_score",92.34
"54557","zcta",2019,"transportation_score",96.84
"54558","zcta",2019,"transportation_score",92.69
"54559","zcta",2019,"transportation_score",108.58
"54560","zcta",2019,"transportation_score",90.7
"54561","zcta",2019,"transportation_score",NA
"54562","zcta",2019,"transportation_score",93.51
"54563","zcta",2019,"transportation_score",93.52
"54564","zcta",2019,"transportation_score",94.51
"54565","zcta",2019,"transportation_score",NA
"54566","zcta",2019,"transportation_score",94.94
"54568","zcta",2019,"transportation_score",91.44
"54601","zcta",2019,"transportation_score",110.46
"54603","zcta",2019,"transportation_score",110.09
"54610","zcta",2019,"transportation_score",92.89
"54611","zcta",2019,"transportation_score",93.29
"54612","zcta",2019,"transportation_score",96.38
"54613","zcta",2019,"transportation_score",93.18
"54614","zcta",2019,"transportation_score",92.7
"54615","zcta",2019,"transportation_score",92.88
"54616","zcta",2019,"transportation_score",94.17
"54618","zcta",2019,"transportation_score",94.61
"54619","zcta",2019,"transportation_score",99.21
"54621","zcta",2019,"transportation_score",92.18
"54622","zcta",2019,"transportation_score",93.17
"54623","zcta",2019,"transportation_score",92.52
"54624","zcta",2019,"transportation_score",93.44
"54625","zcta",2019,"transportation_score",96.68
"54626","zcta",2019,"transportation_score",91.84
"54627","zcta",2019,"transportation_score",94.08
"54628","zcta",2019,"transportation_score",93.65
"54629","zcta",2019,"transportation_score",92.03
"54630","zcta",2019,"transportation_score",92.29
"54631","zcta",2019,"transportation_score",96.54
"54632","zcta",2019,"transportation_score",94.01
"54634","zcta",2019,"transportation_score",98.06
"54635","zcta",2019,"transportation_score",91.89
"54636","zcta",2019,"transportation_score",92.01
"54637","zcta",2019,"transportation_score",89.44
"54638","zcta",2019,"transportation_score",97.54
"54639","zcta",2019,"transportation_score",95.06
"54641","zcta",2019,"transportation_score",NA
"54642","zcta",2019,"transportation_score",93.98
"54643","zcta",2019,"transportation_score",NA
"54644","zcta",2019,"transportation_score",90.88
"54645","zcta",2019,"transportation_score",NA
"54646","zcta",2019,"transportation_score",95.07
"54648","zcta",2019,"transportation_score",96.09
"54650","zcta",2019,"transportation_score",104.47
"54651","zcta",2019,"transportation_score",96.46
"54652","zcta",2019,"transportation_score",96.62
"54653","zcta",2019,"transportation_score",90.87
"54654","zcta",2019,"transportation_score",NA
"54655","zcta",2019,"transportation_score",93.44
"54656","zcta",2019,"transportation_score",96.77
"54657","zcta",2019,"transportation_score",92.05
"54658","zcta",2019,"transportation_score",91.07
"54659","zcta",2019,"transportation_score",99.45
"54660","zcta",2019,"transportation_score",105.07
"54661","zcta",2019,"transportation_score",91.58
"54664","zcta",2019,"transportation_score",94.19
"54665","zcta",2019,"transportation_score",106.94
"54666","zcta",2019,"transportation_score",91.32
"54667","zcta",2019,"transportation_score",93.87
"54669","zcta",2019,"transportation_score",90.74
"54670","zcta",2019,"transportation_score",99.09
"54701","zcta",2019,"transportation_score",103.11
"54703","zcta",2019,"transportation_score",101.3
"54720","zcta",2019,"transportation_score",101.53
"54721","zcta",2019,"transportation_score",92.13
"54722","zcta",2019,"transportation_score",95.98
"54723","zcta",2019,"transportation_score",91.3
"54724","zcta",2019,"transportation_score",93.58
"54725","zcta",2019,"transportation_score",92.45
"54726","zcta",2019,"transportation_score",94.59
"54727","zcta",2019,"transportation_score",92.83
"54728","zcta",2019,"transportation_score",93.32
"54729","zcta",2019,"transportation_score",100.67
"54730","zcta",2019,"transportation_score",91.9
"54731","zcta",2019,"transportation_score",93.19
"54732","zcta",2019,"transportation_score",92.04
"54733","zcta",2019,"transportation_score",95.25
"54734","zcta",2019,"transportation_score",92.9
"54736","zcta",2019,"transportation_score",94.88
"54737","zcta",2019,"transportation_score",92.88
"54738","zcta",2019,"transportation_score",91.9
"54739","zcta",2019,"transportation_score",91.84
"54740","zcta",2019,"transportation_score",93.72
"54741","zcta",2019,"transportation_score",100.28
"54742","zcta",2019,"transportation_score",91.54
"54745","zcta",2019,"transportation_score",93.96
"54746","zcta",2019,"transportation_score",91.75
"54747","zcta",2019,"transportation_score",93.36
"54748","zcta",2019,"transportation_score",93.42
"54749","zcta",2019,"transportation_score",93.23
"54750","zcta",2019,"transportation_score",93.96
"54751","zcta",2019,"transportation_score",95.45
"54754","zcta",2019,"transportation_score",100.2
"54755","zcta",2019,"transportation_score",94.85
"54756","zcta",2019,"transportation_score",94.16
"54757","zcta",2019,"transportation_score",94.7
"54758","zcta",2019,"transportation_score",93.31
"54759","zcta",2019,"transportation_score",93.75
"54760","zcta",2019,"transportation_score",92.78
"54761","zcta",2019,"transportation_score",94.71
"54762","zcta",2019,"transportation_score",94.01
"54763","zcta",2019,"transportation_score",92.41
"54765","zcta",2019,"transportation_score",NA
"54766","zcta",2019,"transportation_score",100.44
"54767","zcta",2019,"transportation_score",91.98
"54768","zcta",2019,"transportation_score",96.49
"54769","zcta",2019,"transportation_score",94.58
"54770","zcta",2019,"transportation_score",93.19
"54771","zcta",2019,"transportation_score",98.13
"54772","zcta",2019,"transportation_score",92.07
"54773","zcta",2019,"transportation_score",94.76
"54801","zcta",2019,"transportation_score",93.76
"54805","zcta",2019,"transportation_score",93.07
"54806","zcta",2019,"transportation_score",97.53
"54810","zcta",2019,"transportation_score",93.69
"54812","zcta",2019,"transportation_score",94.36
"54813","zcta",2019,"transportation_score",96.38
"54814","zcta",2019,"transportation_score",102.79
"54817","zcta",2019,"transportation_score",94.17
"54819","zcta",2019,"transportation_score",94.24
"54820","zcta",2019,"transportation_score",93.66
"54821","zcta",2019,"transportation_score",94.85
"54822","zcta",2019,"transportation_score",90.81
"54824","zcta",2019,"transportation_score",92.86
"54826","zcta",2019,"transportation_score",91.95
"54827","zcta",2019,"transportation_score",96.8
"54828","zcta",2019,"transportation_score",93.1
"54829","zcta",2019,"transportation_score",92.56
"54830","zcta",2019,"transportation_score",92.96
"54832","zcta",2019,"transportation_score",93.62
"54835","zcta",2019,"transportation_score",92.41
"54836","zcta",2019,"transportation_score",91.8
"54837","zcta",2019,"transportation_score",95.34
"54838","zcta",2019,"transportation_score",93.78
"54839","zcta",2019,"transportation_score",92.84
"54840","zcta",2019,"transportation_score",92.4
"54841","zcta",2019,"transportation_score",90.37
"54842","zcta",2019,"transportation_score",87.94
"54843","zcta",2019,"transportation_score",96.39
"54844","zcta",2019,"transportation_score",94.13
"54845","zcta",2019,"transportation_score",90.74
"54846","zcta",2019,"transportation_score",92.99
"54847","zcta",2019,"transportation_score",92.62
"54848","zcta",2019,"transportation_score",92.7
"54849","zcta",2019,"transportation_score",92.18
"54850","zcta",2019,"transportation_score",94.31
"54853","zcta",2019,"transportation_score",92.82
"54854","zcta",2019,"transportation_score",93.54
"54855","zcta",2019,"transportation_score",92.53
"54856","zcta",2019,"transportation_score",92.56
"54857","zcta",2019,"transportation_score",NA
"54858","zcta",2019,"transportation_score",93.71
"54859","zcta",2019,"transportation_score",92.35
"54861","zcta",2019,"transportation_score",123.46
"54862","zcta",2019,"transportation_score",89.41
"54864","zcta",2019,"transportation_score",91.66
"54865","zcta",2019,"transportation_score",93.91
"54867","zcta",2019,"transportation_score",97.71
"54868","zcta",2019,"transportation_score",104.7
"54870","zcta",2019,"transportation_score",94.4
"54871","zcta",2019,"transportation_score",93.01
"54872","zcta",2019,"transportation_score",96.82
"54873","zcta",2019,"transportation_score",92.15
"54874","zcta",2019,"transportation_score",91.63
"54875","zcta",2019,"transportation_score",91.69
"54876","zcta",2019,"transportation_score",97.9
"54880","zcta",2019,"transportation_score",105.76
"54888","zcta",2019,"transportation_score",94.19
"54889","zcta",2019,"transportation_score",93.6
"54891","zcta",2019,"transportation_score",94.65
"54893","zcta",2019,"transportation_score",93.24
"54895","zcta",2019,"transportation_score",92.7
"54896","zcta",2019,"transportation_score",94.24
"54901","zcta",2019,"transportation_score",100.55
"54902","zcta",2019,"transportation_score",99.8
"54904","zcta",2019,"transportation_score",97.65
"54909","zcta",2019,"transportation_score",92.4
"54911","zcta",2019,"transportation_score",102.11
"54913","zcta",2019,"transportation_score",96.34
"54914","zcta",2019,"transportation_score",98.82
"54915","zcta",2019,"transportation_score",97.68
"54921","zcta",2019,"transportation_score",91.25
"54922","zcta",2019,"transportation_score",92.25
"54923","zcta",2019,"transportation_score",92.18
"54927","zcta",2019,"transportation_score",90.21
"54928","zcta",2019,"transportation_score",92.86
"54929","zcta",2019,"transportation_score",92.93
"54930","zcta",2019,"transportation_score",96.13
"54931","zcta",2019,"transportation_score",89.26
"54932","zcta",2019,"transportation_score",91.06
"54933","zcta",2019,"transportation_score",94.21
"54934","zcta",2019,"transportation_score",90.17
"54935","zcta",2019,"transportation_score",101.67
"54937","zcta",2019,"transportation_score",99.21
"54940","zcta",2019,"transportation_score",91.41
"54941","zcta",2019,"transportation_score",93.48
"54942","zcta",2019,"transportation_score",96.41
"54943","zcta",2019,"transportation_score",95.17
"54944","zcta",2019,"transportation_score",90.76
"54945","zcta",2019,"transportation_score",91.5
"54946","zcta",2019,"transportation_score",NA
"54947","zcta",2019,"transportation_score",90.24
"54948","zcta",2019,"transportation_score",89.61
"54949","zcta",2019,"transportation_score",90.97
"54950","zcta",2019,"transportation_score",93.83
"54952","zcta",2019,"transportation_score",97.94
"54956","zcta",2019,"transportation_score",97.74
"54960","zcta",2019,"transportation_score",92.92
"54961","zcta",2019,"transportation_score",92.83
"54962","zcta",2019,"transportation_score",91.36
"54963","zcta",2019,"transportation_score",90.31
"54964","zcta",2019,"transportation_score",93.1
"54965","zcta",2019,"transportation_score",92.56
"54966","zcta",2019,"transportation_score",92.14
"54967","zcta",2019,"transportation_score",90.78
"54968","zcta",2019,"transportation_score",92.61
"54970","zcta",2019,"transportation_score",92.51
"54971","zcta",2019,"transportation_score",95.32
"54974","zcta",2019,"transportation_score",91.04
"54977","zcta",2019,"transportation_score",91.58
"54979","zcta",2019,"transportation_score",90.58
"54980","zcta",2019,"transportation_score",88.09
"54981","zcta",2019,"transportation_score",92.81
"54982","zcta",2019,"transportation_score",93.84
"54983","zcta",2019,"transportation_score",93.13
"54984","zcta",2019,"transportation_score",91.34
"54985","zcta",2019,"transportation_score",NA
"54986","zcta",2019,"transportation_score",90.91
"53001","zcta",2019,"transportation_rnk",17.1563
"53002","zcta",2019,"transportation_rnk",19.0011
"53003","zcta",2019,"transportation_rnk",3.348
"53004","zcta",2019,"transportation_rnk",24.5095
"53005","zcta",2019,"transportation_rnk",73.3952
"53006","zcta",2019,"transportation_rnk",30.8834
"53007","zcta",2019,"transportation_rnk",44.6657
"53010","zcta",2019,"transportation_rnk",31.7195
"53011","zcta",2019,"transportation_rnk",29.6405
"53012","zcta",2019,"transportation_rnk",74.9081
"53013","zcta",2019,"transportation_rnk",30.7467
"53014","zcta",2019,"transportation_rnk",31.0265
"53015","zcta",2019,"transportation_rnk",23.6375
"53016","zcta",2019,"transportation_rnk",8.121
"53017","zcta",2019,"transportation_rnk",28.4366
"53018","zcta",2019,"transportation_rnk",40.641
"53019","zcta",2019,"transportation_rnk",51.6545
"53020","zcta",2019,"transportation_rnk",54.6966
"53021","zcta",2019,"transportation_rnk",17.28
"53022","zcta",2019,"transportation_rnk",73.0373
"53023","zcta",2019,"transportation_rnk",NA
"53024","zcta",2019,"transportation_rnk",74.9406
"53027","zcta",2019,"transportation_rnk",61.09
"53029","zcta",2019,"transportation_rnk",73.9776
"53031","zcta",2019,"transportation_rnk",NA
"53032","zcta",2019,"transportation_rnk",29.6405
"53033","zcta",2019,"transportation_rnk",6.6016
"53034","zcta",2019,"transportation_rnk",22.951
"53035","zcta",2019,"transportation_rnk",21.09
"53036","zcta",2019,"transportation_rnk",15.9915
"53037","zcta",2019,"transportation_rnk",17.7387
"53038","zcta",2019,"transportation_rnk",23.9987
"53039","zcta",2019,"transportation_rnk",44.5486
"53040","zcta",2019,"transportation_rnk",20.2896
"53042","zcta",2019,"transportation_rnk",19.2744
"53044","zcta",2019,"transportation_rnk",47.6265
"53045","zcta",2019,"transportation_rnk",73.2064
"53046","zcta",2019,"transportation_rnk",14.3062
"53047","zcta",2019,"transportation_rnk",63.0617
"53048","zcta",2019,"transportation_rnk",25.0203
"53049","zcta",2019,"transportation_rnk",43.579
"53050","zcta",2019,"transportation_rnk",44.6657
"53051","zcta",2019,"transportation_rnk",73.6489
"53057","zcta",2019,"transportation_rnk",32.1295
"53058","zcta",2019,"transportation_rnk",40.5238
"53059","zcta",2019,"transportation_rnk",43.1528
"53061","zcta",2019,"transportation_rnk",25.9248
"53063","zcta",2019,"transportation_rnk",22.1246
"53065","zcta",2019,"transportation_rnk",27.2328
"53066","zcta",2019,"transportation_rnk",74.0101
"53069","zcta",2019,"transportation_rnk",9.3021
"53070","zcta",2019,"transportation_rnk",30.4767
"53072","zcta",2019,"transportation_rnk",74.394
"53073","zcta",2019,"transportation_rnk",44.2785
"53074","zcta",2019,"transportation_rnk",74.394
"53075","zcta",2019,"transportation_rnk",40.7906
"53076","zcta",2019,"transportation_rnk",26.1396
"53078","zcta",2019,"transportation_rnk",26.1396
"53079","zcta",2019,"transportation_rnk",17.6118
"53080","zcta",2019,"transportation_rnk",40.4002
"53081","zcta",2019,"transportation_rnk",91.3974
"53083","zcta",2019,"transportation_rnk",88.8141
"53085","zcta",2019,"transportation_rnk",88.4724
"53086","zcta",2019,"transportation_rnk",19.1248
"53088","zcta",2019,"transportation_rnk",9.8097
"53089","zcta",2019,"transportation_rnk",73.8246
"53090","zcta",2019,"transportation_rnk",55.9915
"53091","zcta",2019,"transportation_rnk",23.7807
"53092","zcta",2019,"transportation_rnk",74.3843
"53093","zcta",2019,"transportation_rnk",25.0203
"53094","zcta",2019,"transportation_rnk",80.0781
"53095","zcta",2019,"transportation_rnk",65.3717
"53097","zcta",2019,"transportation_rnk",76.896
"53098","zcta",2019,"transportation_rnk",77.3613
"53103","zcta",2019,"transportation_rnk",12.5362
"53104","zcta",2019,"transportation_rnk",25.4889
"53105","zcta",2019,"transportation_rnk",35.4319
"53108","zcta",2019,"transportation_rnk",5.7557
"53110","zcta",2019,"transportation_rnk",78.9003
"53114","zcta",2019,"transportation_rnk",34.8072
"53115","zcta",2019,"transportation_rnk",57.973
"53118","zcta",2019,"transportation_rnk",13.6977
"53119","zcta",2019,"transportation_rnk",23.1755
"53120","zcta",2019,"transportation_rnk",16.0957
"53121","zcta",2019,"transportation_rnk",77.1498
"53122","zcta",2019,"transportation_rnk",39.6291
"53125","zcta",2019,"transportation_rnk",66.7936
"53126","zcta",2019,"transportation_rnk",13.5936
"53128","zcta",2019,"transportation_rnk",21.9977
"53129","zcta",2019,"transportation_rnk",75.1033
"53130","zcta",2019,"transportation_rnk",74.6413
"53132","zcta",2019,"transportation_rnk",74.2541
"53137","zcta",2019,"transportation_rnk",9.5526
"53139","zcta",2019,"transportation_rnk",16.9644
"53140","zcta",2019,"transportation_rnk",80.4718
"53142","zcta",2019,"transportation_rnk",76.4633
"53143","zcta",2019,"transportation_rnk",76.7171
"53144","zcta",2019,"transportation_rnk",77.3613
"53146","zcta",2019,"transportation_rnk",11.9928
"53147","zcta",2019,"transportation_rnk",48.1959
"53149","zcta",2019,"transportation_rnk",19.1248
"53150","zcta",2019,"transportation_rnk",73.0373
"53151","zcta",2019,"transportation_rnk",73.5058
"53153","zcta",2019,"transportation_rnk",29.1524
"53154","zcta",2019,"transportation_rnk",74.5339
"53156","zcta",2019,"transportation_rnk",36.5804
"53158","zcta",2019,"transportation_rnk",75.5816
"53167","zcta",2019,"transportation_rnk",44.1776
"53168","zcta",2019,"transportation_rnk",16.4731
"53170","zcta",2019,"transportation_rnk",15.7996
"53172","zcta",2019,"transportation_rnk",76.4503
"53177","zcta",2019,"transportation_rnk",83.6213
"53178","zcta",2019,"transportation_rnk",14.2086
"53179","zcta",2019,"transportation_rnk",24.2785
"53181","zcta",2019,"transportation_rnk",32.585
"53182","zcta",2019,"transportation_rnk",40.5238
"53183","zcta",2019,"transportation_rnk",36.7138
"53184","zcta",2019,"transportation_rnk",45.1375
"53185","zcta",2019,"transportation_rnk",9.3021
"53186","zcta",2019,"transportation_rnk",79.743
"53188","zcta",2019,"transportation_rnk",74.8202
"53189","zcta",2019,"transportation_rnk",75.1033
"53190","zcta",2019,"transportation_rnk",86.5105
"53191","zcta",2019,"transportation_rnk",41.4283
"53192","zcta",2019,"transportation_rnk",NA
"53195","zcta",2019,"transportation_rnk",57.3027
"53202","zcta",2019,"transportation_rnk",92.8128
"53203","zcta",2019,"transportation_rnk",77.5207
"53204","zcta",2019,"transportation_rnk",91.7
"53205","zcta",2019,"transportation_rnk",92.8518
"53206","zcta",2019,"transportation_rnk",95.7801
"53207","zcta",2019,"transportation_rnk",81.9684
"53208","zcta",2019,"transportation_rnk",91.1632
"53209","zcta",2019,"transportation_rnk",87.3727
"53210","zcta",2019,"transportation_rnk",90.4864
"53211","zcta",2019,"transportation_rnk",89.8845
"53212","zcta",2019,"transportation_rnk",91.9571
"53213","zcta",2019,"transportation_rnk",77.511
"53214","zcta",2019,"transportation_rnk",82.219
"53215","zcta",2019,"transportation_rnk",83.9662
"53216","zcta",2019,"transportation_rnk",88.4952
"53217","zcta",2019,"transportation_rnk",77.0717
"53218","zcta",2019,"transportation_rnk",89.0386
"53219","zcta",2019,"transportation_rnk",79.7657
"53220","zcta",2019,"transportation_rnk",75.7117
"53221","zcta",2019,"transportation_rnk",77.7973
"53222","zcta",2019,"transportation_rnk",78.0478
"53223","zcta",2019,"transportation_rnk",79.5705
"53224","zcta",2019,"transportation_rnk",78.435
"53225","zcta",2019,"transportation_rnk",80.4946
"53226","zcta",2019,"transportation_rnk",76.0664
"53227","zcta",2019,"transportation_rnk",77.1498
"53228","zcta",2019,"transportation_rnk",75.2497
"53233","zcta",2019,"transportation_rnk",NA
"53235","zcta",2019,"transportation_rnk",40.641
"53295","zcta",2019,"transportation_rnk",NA
"53402","zcta",2019,"transportation_rnk",88.1959
"53403","zcta",2019,"transportation_rnk",90.8866
"53404","zcta",2019,"transportation_rnk",91.8822
"53405","zcta",2019,"transportation_rnk",89.6242
"53406","zcta",2019,"transportation_rnk",86.3576
"53501","zcta",2019,"transportation_rnk",80.1497
"53502","zcta",2019,"transportation_rnk",49.2045
"53503","zcta",2019,"transportation_rnk",36.9514
"53504","zcta",2019,"transportation_rnk",50.5222
"53505","zcta",2019,"transportation_rnk",28.57
"53506","zcta",2019,"transportation_rnk",55.2692
"53507","zcta",2019,"transportation_rnk",37.3841
"53508","zcta",2019,"transportation_rnk",13.4602
"53510","zcta",2019,"transportation_rnk",40.2961
"53511","zcta",2019,"transportation_rnk",78.0608
"53515","zcta",2019,"transportation_rnk",38.1617
"53516","zcta",2019,"transportation_rnk",47.864
"53517","zcta",2019,"transportation_rnk",35.4319
"53518","zcta",2019,"transportation_rnk",28.1536
"53520","zcta",2019,"transportation_rnk",37.6281
"53521","zcta",2019,"transportation_rnk",20.4197
"53522","zcta",2019,"transportation_rnk",49.8032
"53523","zcta",2019,"transportation_rnk",17.3841
"53525","zcta",2019,"transportation_rnk",14.7226
"53526","zcta",2019,"transportation_rnk",39.1541
"53527","zcta",2019,"transportation_rnk",21.3372
"53528","zcta",2019,"transportation_rnk",19.6193
"53529","zcta",2019,"transportation_rnk",46.9367
"53530","zcta",2019,"transportation_rnk",46.4942
"53531","zcta",2019,"transportation_rnk",31.8399
"53532","zcta",2019,"transportation_rnk",28.9767
"53533","zcta",2019,"transportation_rnk",31.0265
"53534","zcta",2019,"transportation_rnk",76.6715
"53536","zcta",2019,"transportation_rnk",28.8726
"53537","zcta",2019,"transportation_rnk",10.1122
"53538","zcta",2019,"transportation_rnk",78.3374
"53540","zcta",2019,"transportation_rnk",30.8834
"53541","zcta",2019,"transportation_rnk",69.3997
"53543","zcta",2019,"transportation_rnk",54.6348
"53544","zcta",2019,"transportation_rnk",21.4771
"53545","zcta",2019,"transportation_rnk",77.28
"53546","zcta",2019,"transportation_rnk",75.0382
"53548","zcta",2019,"transportation_rnk",77.9567
"53549","zcta",2019,"transportation_rnk",21.8904
"53550","zcta",2019,"transportation_rnk",57.8298
"53551","zcta",2019,"transportation_rnk",79.1541
"53553","zcta",2019,"transportation_rnk",40.9891
"53554","zcta",2019,"transportation_rnk",70.2587
"53555","zcta",2019,"transportation_rnk",24.5095
"53556","zcta",2019,"transportation_rnk",28.1536
"53557","zcta",2019,"transportation_rnk",19.6193
"53558","zcta",2019,"transportation_rnk",73.4277
"53559","zcta",2019,"transportation_rnk",13.8149
"53560","zcta",2019,"transportation_rnk",32.8551
"53561","zcta",2019,"transportation_rnk",23.3285
"53562","zcta",2019,"transportation_rnk",77.036
"53563","zcta",2019,"transportation_rnk",75.2042
"53565","zcta",2019,"transportation_rnk",48.4822
"53566","zcta",2019,"transportation_rnk",79.6551
"53569","zcta",2019,"transportation_rnk",31.8399
"53570","zcta",2019,"transportation_rnk",46.0159
"53571","zcta",2019,"transportation_rnk",1.7732
"53572","zcta",2019,"transportation_rnk",29.8747
"53573","zcta",2019,"transportation_rnk",58.5163
"53574","zcta",2019,"transportation_rnk",41.4283
"53575","zcta",2019,"transportation_rnk",25.362
"53576","zcta",2019,"transportation_rnk",17.8851
"53577","zcta",2019,"transportation_rnk",61.8415
"53578","zcta",2019,"transportation_rnk",17.1563
"53579","zcta",2019,"transportation_rnk",47.9876
"53580","zcta",2019,"transportation_rnk",59.808
"53581","zcta",2019,"transportation_rnk",69.1297
"53582","zcta",2019,"transportation_rnk",24.2785
"53583","zcta",2019,"transportation_rnk",43.7091
"53585","zcta",2019,"transportation_rnk",7.4345
"53586","zcta",2019,"transportation_rnk",54.6348
"53587","zcta",2019,"transportation_rnk",53.4114
"53588","zcta",2019,"transportation_rnk",43.8588
"53589","zcta",2019,"transportation_rnk",74.3387
"53590","zcta",2019,"transportation_rnk",75.6044
"53593","zcta",2019,"transportation_rnk",35.0382
"53594","zcta",2019,"transportation_rnk",37.2637
"53597","zcta",2019,"transportation_rnk",74.6478
"53598","zcta",2019,"transportation_rnk",8.7132
"53599","zcta",2019,"transportation_rnk",NA
"53702","zcta",2019,"transportation_rnk",1.8676
"53703","zcta",2019,"transportation_rnk",96.5154
"53704","zcta",2019,"transportation_rnk",87.0506
"53705","zcta",2019,"transportation_rnk",94.0101
"53706","zcta",2019,"transportation_rnk",NA
"53711","zcta",2019,"transportation_rnk",83.4391
"53713","zcta",2019,"transportation_rnk",86.0713
"53714","zcta",2019,"transportation_rnk",84.2199
"53715","zcta",2019,"transportation_rnk",96.3657
"53716","zcta",2019,"transportation_rnk",78.9881
"53717","zcta",2019,"transportation_rnk",85.8598
"53718","zcta",2019,"transportation_rnk",38.396
"53719","zcta",2019,"transportation_rnk",76.1835
"53726","zcta",2019,"transportation_rnk",96.5414
"53792","zcta",2019,"transportation_rnk",NA
"53801","zcta",2019,"transportation_rnk",28.7132
"53802","zcta",2019,"transportation_rnk",NA
"53803","zcta",2019,"transportation_rnk",19.3883
"53804","zcta",2019,"transportation_rnk",47.1222
"53805","zcta",2019,"transportation_rnk",47.2295
"53806","zcta",2019,"transportation_rnk",62.258
"53807","zcta",2019,"transportation_rnk",28.2967
"53808","zcta",2019,"transportation_rnk",13.6977
"53809","zcta",2019,"transportation_rnk",68.6026
"53810","zcta",2019,"transportation_rnk",63.5269
"53811","zcta",2019,"transportation_rnk",30.0211
"53813","zcta",2019,"transportation_rnk",89.4257
"53816","zcta",2019,"transportation_rnk",67.89
"53817","zcta",2019,"transportation_rnk",9.7316
"53818","zcta",2019,"transportation_rnk",79.9349
"53820","zcta",2019,"transportation_rnk",26.3966
"53821","zcta",2019,"transportation_rnk",75.6401
"53825","zcta",2019,"transportation_rnk",76.2681
"53826","zcta",2019,"transportation_rnk",56.5121
"53827","zcta",2019,"transportation_rnk",27.8868
"53901","zcta",2019,"transportation_rnk",80.1334
"53910","zcta",2019,"transportation_rnk",47.2295
"53911","zcta",2019,"transportation_rnk",33.5578
"53913","zcta",2019,"transportation_rnk",47.9876
"53916","zcta",2019,"transportation_rnk",37.8266
"53919","zcta",2019,"transportation_rnk",45.2839
"53920","zcta",2019,"transportation_rnk",36.4503
"53922","zcta",2019,"transportation_rnk",19.3883
"53923","zcta",2019,"transportation_rnk",63.3219
"53924","zcta",2019,"transportation_rnk",39.2972
"53925","zcta",2019,"transportation_rnk",33.6912
"53926","zcta",2019,"transportation_rnk",87.1807
"53928","zcta",2019,"transportation_rnk",0.6182
"53929","zcta",2019,"transportation_rnk",47.9876
"53930","zcta",2019,"transportation_rnk",42.7591
"53931","zcta",2019,"transportation_rnk",35.0382
"53932","zcta",2019,"transportation_rnk",18.4513
"53933","zcta",2019,"transportation_rnk",38.0771
"53934","zcta",2019,"transportation_rnk",40.0358
"53935","zcta",2019,"transportation_rnk",28.9767
"53936","zcta",2019,"transportation_rnk",NA
"53937","zcta",2019,"transportation_rnk",78.2333
"53939","zcta",2019,"transportation_rnk",42.6354
"53941","zcta",2019,"transportation_rnk",46.312
"53943","zcta",2019,"transportation_rnk",67.441
"53944","zcta",2019,"transportation_rnk",33.6912
"53946","zcta",2019,"transportation_rnk",68.0137
"53947","zcta",2019,"transportation_rnk",46.7382
"53948","zcta",2019,"transportation_rnk",79.2256
"53949","zcta",2019,"transportation_rnk",38.666
"53950","zcta",2019,"transportation_rnk",62.1539
"53951","zcta",2019,"transportation_rnk",21.7407
"53952","zcta",2019,"transportation_rnk",30.1611
"53953","zcta",2019,"transportation_rnk",68.3585
"53954","zcta",2019,"transportation_rnk",43.2634
"53955","zcta",2019,"transportation_rnk",23.1755
"53956","zcta",2019,"transportation_rnk",40.4002
"53959","zcta",2019,"transportation_rnk",33.1381
"53960","zcta",2019,"transportation_rnk",23.8816
"53961","zcta",2019,"transportation_rnk",51.1371
"53963","zcta",2019,"transportation_rnk",78.1845
"53964","zcta",2019,"transportation_rnk",36.1835
"53965","zcta",2019,"transportation_rnk",37.498
"53968","zcta",2019,"transportation_rnk",46.6406
"53969","zcta",2019,"transportation_rnk",22.5183
"54001","zcta",2019,"transportation_rnk",29.1524
"54002","zcta",2019,"transportation_rnk",28.0039
"54003","zcta",2019,"transportation_rnk",27.6005
"54004","zcta",2019,"transportation_rnk",35.2823
"54005","zcta",2019,"transportation_rnk",33.2943
"54006","zcta",2019,"transportation_rnk",18.6758
"54007","zcta",2019,"transportation_rnk",15.1879
"54009","zcta",2019,"transportation_rnk",19.8926
"54010","zcta",2019,"transportation_rnk",NA
"54011","zcta",2019,"transportation_rnk",21.3372
"54013","zcta",2019,"transportation_rnk",37.6281
"54014","zcta",2019,"transportation_rnk",43.2634
"54015","zcta",2019,"transportation_rnk",29.4192
"54016","zcta",2019,"transportation_rnk",58.2756
"54017","zcta",2019,"transportation_rnk",76.6195
"54020","zcta",2019,"transportation_rnk",32.4288
"54021","zcta",2019,"transportation_rnk",29.8747
"54022","zcta",2019,"transportation_rnk",80.6507
"54023","zcta",2019,"transportation_rnk",31.7195
"54024","zcta",2019,"transportation_rnk",21.2364
"54025","zcta",2019,"transportation_rnk",28.57
"54026","zcta",2019,"transportation_rnk",33.2943
"54027","zcta",2019,"transportation_rnk",47.1222
"54028","zcta",2019,"transportation_rnk",40.2961
"54082","zcta",2019,"transportation_rnk",54.3973
"54101","zcta",2019,"transportation_rnk",21.7407
"54102","zcta",2019,"transportation_rnk",36.1835
"54103","zcta",2019,"transportation_rnk",61.8155
"54104","zcta",2019,"transportation_rnk",51.8367
"54106","zcta",2019,"transportation_rnk",23.1755
"54107","zcta",2019,"transportation_rnk",53.3431
"54110","zcta",2019,"transportation_rnk",28.4366
"54111","zcta",2019,"transportation_rnk",24.3989
"54112","zcta",2019,"transportation_rnk",34.4981
"54113","zcta",2019,"transportation_rnk",9.647
"54114","zcta",2019,"transportation_rnk",22.951
"54115","zcta",2019,"transportation_rnk",78.3016
"54119","zcta",2019,"transportation_rnk",76.138
"54120","zcta",2019,"transportation_rnk",14.1175
"54121","zcta",2019,"transportation_rnk",33.4179
"54123","zcta",2019,"transportation_rnk",4.4347
"54124","zcta",2019,"transportation_rnk",42.8827
"54125","zcta",2019,"transportation_rnk",30.0211
"54126","zcta",2019,"transportation_rnk",21.8904
"54127","zcta",2019,"transportation_rnk",NA
"54128","zcta",2019,"transportation_rnk",23.5399
"54129","zcta",2019,"transportation_rnk",18.191
"54130","zcta",2019,"transportation_rnk",70.0277
"54135","zcta",2019,"transportation_rnk",57.6249
"54136","zcta",2019,"transportation_rnk",67.9323
"54137","zcta",2019,"transportation_rnk",17.0685
"54138","zcta",2019,"transportation_rnk",47.2295
"54139","zcta",2019,"transportation_rnk",47.5028
"54140","zcta",2019,"transportation_rnk",70.379
"54141","zcta",2019,"transportation_rnk",26.2437
"54143","zcta",2019,"transportation_rnk",84.6755
"54149","zcta",2019,"transportation_rnk",50.7435
"54150","zcta",2019,"transportation_rnk",75.6239
"54151","zcta",2019,"transportation_rnk",20.9631
"54153","zcta",2019,"transportation_rnk",69.8617
"54154","zcta",2019,"transportation_rnk",30.34
"54155","zcta",2019,"transportation_rnk",12.2466
"54156","zcta",2019,"transportation_rnk",26.5658
"54157","zcta",2019,"transportation_rnk",23.6375
"54159","zcta",2019,"transportation_rnk",9.1654
"54160","zcta",2019,"transportation_rnk",21.6301
"54161","zcta",2019,"transportation_rnk",20.8362
"54162","zcta",2019,"transportation_rnk",28.2967
"54165","zcta",2019,"transportation_rnk",22.2873
"54166","zcta",2019,"transportation_rnk",78.2561
"54169","zcta",2019,"transportation_rnk",16.2063
"54170","zcta",2019,"transportation_rnk",12.4516
"54171","zcta",2019,"transportation_rnk",15.6271
"54173","zcta",2019,"transportation_rnk",26.9302
"54174","zcta",2019,"transportation_rnk",48.8889
"54175","zcta",2019,"transportation_rnk",15.7052
"54180","zcta",2019,"transportation_rnk",12.5362
"54201","zcta",2019,"transportation_rnk",51.726
"54202","zcta",2019,"transportation_rnk",65.6483
"54204","zcta",2019,"transportation_rnk",42.8827
"54205","zcta",2019,"transportation_rnk",22.4077
"54207","zcta",2019,"transportation_rnk",3.7775
"54208","zcta",2019,"transportation_rnk",19.2744
"54209","zcta",2019,"transportation_rnk",67.0864
"54210","zcta",2019,"transportation_rnk",49.634
"54211","zcta",2019,"transportation_rnk",73.74
"54212","zcta",2019,"transportation_rnk",67.89
"54213","zcta",2019,"transportation_rnk",26.8196
"54214","zcta",2019,"transportation_rnk",30.8834
"54216","zcta",2019,"transportation_rnk",24.2785
"54217","zcta",2019,"transportation_rnk",49.8032
"54220","zcta",2019,"transportation_rnk",79.8601
"54227","zcta",2019,"transportation_rnk",13.6977
"54228","zcta",2019,"transportation_rnk",21.2364
"54229","zcta",2019,"transportation_rnk",19.2744
"54230","zcta",2019,"transportation_rnk",38.91
"54232","zcta",2019,"transportation_rnk",13.8149
"54234","zcta",2019,"transportation_rnk",67.89
"54235","zcta",2019,"transportation_rnk",84.7535
"54241","zcta",2019,"transportation_rnk",77.5565
"54245","zcta",2019,"transportation_rnk",31.8399
"54246","zcta",2019,"transportation_rnk",36.8147
"54247","zcta",2019,"transportation_rnk",43.9499
"54301","zcta",2019,"transportation_rnk",79.4143
"54302","zcta",2019,"transportation_rnk",80.3481
"54303","zcta",2019,"transportation_rnk",83.4586
"54304","zcta",2019,"transportation_rnk",81.7407
"54307","zcta",2019,"transportation_rnk",NA
"54311","zcta",2019,"transportation_rnk",77.716
"54313","zcta",2019,"transportation_rnk",75.9623
"54401","zcta",2019,"transportation_rnk",91.7456
"54403","zcta",2019,"transportation_rnk",92.3377
"54405","zcta",2019,"transportation_rnk",58.9133
"54406","zcta",2019,"transportation_rnk",44.5486
"54407","zcta",2019,"transportation_rnk",15.8874
"54408","zcta",2019,"transportation_rnk",51.5731
"54409","zcta",2019,"transportation_rnk",48.762
"54410","zcta",2019,"transportation_rnk",51.726
"54411","zcta",2019,"transportation_rnk",60.2603
"54412","zcta",2019,"transportation_rnk",29.6405
"54413","zcta",2019,"transportation_rnk",62.0888
"54414","zcta",2019,"transportation_rnk",44.5486
"54416","zcta",2019,"transportation_rnk",36.0403
"54417","zcta",2019,"transportation_rnk",NA
"54418","zcta",2019,"transportation_rnk",27.7501
"54420","zcta",2019,"transportation_rnk",75.8516
"54421","zcta",2019,"transportation_rnk",63.6571
"54422","zcta",2019,"transportation_rnk",84.0182
"54423","zcta",2019,"transportation_rnk",20.5206
"54424","zcta",2019,"transportation_rnk",51.8367
"54425","zcta",2019,"transportation_rnk",54.7682
"54426","zcta",2019,"transportation_rnk",39.6291
"54427","zcta",2019,"transportation_rnk",56.3429
"54428","zcta",2019,"transportation_rnk",43.1528
"54430","zcta",2019,"transportation_rnk",64.5616
"54433","zcta",2019,"transportation_rnk",70.519
"54435","zcta",2019,"transportation_rnk",28.4366
"54436","zcta",2019,"transportation_rnk",78.9458
"54437","zcta",2019,"transportation_rnk",74.5046
"54440","zcta",2019,"transportation_rnk",20.1659
"54441","zcta",2019,"transportation_rnk",15.1879
"54442","zcta",2019,"transportation_rnk",13.906
"54443","zcta",2019,"transportation_rnk",11.3421
"54446","zcta",2019,"transportation_rnk",63.6571
"54447","zcta",2019,"transportation_rnk",67.2003
"54448","zcta",2019,"transportation_rnk",32.585
"54449","zcta",2019,"transportation_rnk",79.1768
"54450","zcta",2019,"transportation_rnk",53.8572
"54451","zcta",2019,"transportation_rnk",81.4218
"54452","zcta",2019,"transportation_rnk",75.3799
"54454","zcta",2019,"transportation_rnk",48.762
"54455","zcta",2019,"transportation_rnk",90.1318
"54456","zcta",2019,"transportation_rnk",45.5181
"54457","zcta",2019,"transportation_rnk",26.9302
"54458","zcta",2019,"transportation_rnk",NA
"54459","zcta",2019,"transportation_rnk",46.7382
"54460","zcta",2019,"transportation_rnk",74.7096
"54462","zcta",2019,"transportation_rnk",52.9787
"54463","zcta",2019,"transportation_rnk",37.8266
"54465","zcta",2019,"transportation_rnk",36.8147
"54466","zcta",2019,"transportation_rnk",43.1528
"54467","zcta",2019,"transportation_rnk",83.5237
"54469","zcta",2019,"transportation_rnk",11.238
"54470","zcta",2019,"transportation_rnk",51.4104
"54471","zcta",2019,"transportation_rnk",13.1576
"54473","zcta",2019,"transportation_rnk",34.3582
"54474","zcta",2019,"transportation_rnk",90.7077
"54475","zcta",2019,"transportation_rnk",56.3429
"54476","zcta",2019,"transportation_rnk",91.1014
"54479","zcta",2019,"transportation_rnk",44.6657
"54480","zcta",2019,"transportation_rnk",53.0568
"54481","zcta",2019,"transportation_rnk",90.1676
"54482","zcta",2019,"transportation_rnk",22.1246
"54484","zcta",2019,"transportation_rnk",40.0358
"54485","zcta",2019,"transportation_rnk",50.3237
"54486","zcta",2019,"transportation_rnk",37.742
"54487","zcta",2019,"transportation_rnk",76.9514
"54488","zcta",2019,"transportation_rnk",58.8352
"54489","zcta",2019,"transportation_rnk",27.3499
"54490","zcta",2019,"transportation_rnk",56.7236
"54491","zcta",2019,"transportation_rnk",54.2997
"54493","zcta",2019,"transportation_rnk",65.3327
"54494","zcta",2019,"transportation_rnk",77.8233
"54495","zcta",2019,"transportation_rnk",77.3385
"54498","zcta",2019,"transportation_rnk",73.5253
"54499","zcta",2019,"transportation_rnk",65.1114
"54501","zcta",2019,"transportation_rnk",77.2702
"54511","zcta",2019,"transportation_rnk",55.9135
"54512","zcta",2019,"transportation_rnk",50.9061
"54513","zcta",2019,"transportation_rnk",48.993
"54514","zcta",2019,"transportation_rnk",23.0584
"54515","zcta",2019,"transportation_rnk",46.0159
"54517","zcta",2019,"transportation_rnk",73.8474
"54519","zcta",2019,"transportation_rnk",20.4197
"54520","zcta",2019,"transportation_rnk",40.2961
"54521","zcta",2019,"transportation_rnk",42.8827
"54524","zcta",2019,"transportation_rnk",31.8399
"54525","zcta",2019,"transportation_rnk",36.3299
"54526","zcta",2019,"transportation_rnk",28.4366
"54527","zcta",2019,"transportation_rnk",51.2347
"54529","zcta",2019,"transportation_rnk",52.2987
"54530","zcta",2019,"transportation_rnk",46.4942
"54531","zcta",2019,"transportation_rnk",44.9162
"54534","zcta",2019,"transportation_rnk",49.2045
"54536","zcta",2019,"transportation_rnk",55.2692
"54537","zcta",2019,"transportation_rnk",60.7093
"54538","zcta",2019,"transportation_rnk",40.1822
"54539","zcta",2019,"transportation_rnk",11.8334
"54540","zcta",2019,"transportation_rnk",54.2997
"54541","zcta",2019,"transportation_rnk",65.0203
"54542","zcta",2019,"transportation_rnk",37.2637
"54545","zcta",2019,"transportation_rnk",14.7226
"54546","zcta",2019,"transportation_rnk",57.1596
"54547","zcta",2019,"transportation_rnk",57.4069
"54548","zcta",2019,"transportation_rnk",43.579
"54550","zcta",2019,"transportation_rnk",34.8072
"54552","zcta",2019,"transportation_rnk",56.883
"54554","zcta",2019,"transportation_rnk",27.3499
"54555","zcta",2019,"transportation_rnk",36.4503
"54556","zcta",2019,"transportation_rnk",33.1381
"54557","zcta",2019,"transportation_rnk",67.1742
"54558","zcta",2019,"transportation_rnk",37.6281
"54559","zcta",2019,"transportation_rnk",84.926
"54560","zcta",2019,"transportation_rnk",13.073
"54561","zcta",2019,"transportation_rnk",NA
"54562","zcta",2019,"transportation_rnk",47.0441
"54563","zcta",2019,"transportation_rnk",47.1222
"54564","zcta",2019,"transportation_rnk",56.3429
"54565","zcta",2019,"transportation_rnk",NA
"54566","zcta",2019,"transportation_rnk",59.1964
"54568","zcta",2019,"transportation_rnk",21.3372
"54601","zcta",2019,"transportation_rnk",87.1027
"54603","zcta",2019,"transportation_rnk",86.6797
"54610","zcta",2019,"transportation_rnk",40.0358
"54611","zcta",2019,"transportation_rnk",44.6657
"54612","zcta",2019,"transportation_rnk",65.6483
"54613","zcta",2019,"transportation_rnk",43.3642
"54614","zcta",2019,"transportation_rnk",37.742
"54615","zcta",2019,"transportation_rnk",39.8699
"54616","zcta",2019,"transportation_rnk",53.5123
"54618","zcta",2019,"transportation_rnk",57.1075
"54619","zcta",2019,"transportation_rnk",72.1327
"54621","zcta",2019,"transportation_rnk",31.0265
"54622","zcta",2019,"transportation_rnk",43.2634
"54623","zcta",2019,"transportation_rnk",35.5621
"54624","zcta",2019,"transportation_rnk",46.312
"54625","zcta",2019,"transportation_rnk",66.7025
"54626","zcta",2019,"transportation_rnk",26.3966
"54627","zcta",2019,"transportation_rnk",52.7932
"54628","zcta",2019,"transportation_rnk",48.6351
"54629","zcta",2019,"transportation_rnk",28.9767
"54630","zcta",2019,"transportation_rnk",32.4288
"54631","zcta",2019,"transportation_rnk",66.2177
"54632","zcta",2019,"transportation_rnk",52.1946
"54634","zcta",2019,"transportation_rnk",70.1741
"54635","zcta",2019,"transportation_rnk",27.0831
"54636","zcta",2019,"transportation_rnk",28.7132
"54637","zcta",2019,"transportation_rnk",5.5507
"54638","zcta",2019,"transportation_rnk",69.0646
"54639","zcta",2019,"transportation_rnk",59.9154
"54641","zcta",2019,"transportation_rnk",NA
"54642","zcta",2019,"transportation_rnk",51.9538
"54643","zcta",2019,"transportation_rnk",NA
"54644","zcta",2019,"transportation_rnk",14.9146
"54645","zcta",2019,"transportation_rnk",NA
"54646","zcta",2019,"transportation_rnk",59.9772
"54648","zcta",2019,"transportation_rnk",64.7177
"54650","zcta",2019,"transportation_rnk",78.9458
"54651","zcta",2019,"transportation_rnk",65.9021
"54652","zcta",2019,"transportation_rnk",66.5105
"54653","zcta",2019,"transportation_rnk",14.8235
"54654","zcta",2019,"transportation_rnk",NA
"54655","zcta",2019,"transportation_rnk",46.312
"54656","zcta",2019,"transportation_rnk",66.9595
"54657","zcta",2019,"transportation_rnk",29.3054
"54658","zcta",2019,"transportation_rnk",16.9644
"54659","zcta",2019,"transportation_rnk",72.4906
"54660","zcta",2019,"transportation_rnk",79.8015
"54661","zcta",2019,"transportation_rnk",23.1755
"54664","zcta",2019,"transportation_rnk",53.6424
"54665","zcta",2019,"transportation_rnk",82.5834
"54666","zcta",2019,"transportation_rnk",19.8926
"54667","zcta",2019,"transportation_rnk",50.9061
"54669","zcta",2019,"transportation_rnk",13.4602
"54670","zcta",2019,"transportation_rnk",71.9278
"54701","zcta",2019,"transportation_rnk",76.9741
"54703","zcta",2019,"transportation_rnk",74.8821
"54720","zcta",2019,"transportation_rnk",75.1749
"54721","zcta",2019,"transportation_rnk",30.34
"54722","zcta",2019,"transportation_rnk",64.298
"54723","zcta",2019,"transportation_rnk",19.6193
"54724","zcta",2019,"transportation_rnk",47.864
"54725","zcta",2019,"transportation_rnk",34.638
"54726","zcta",2019,"transportation_rnk",56.9546
"54727","zcta",2019,"transportation_rnk",39.2972
"54728","zcta",2019,"transportation_rnk",45.0431
"54729","zcta",2019,"transportation_rnk",74.163
"54730","zcta",2019,"transportation_rnk",27.2328
"54731","zcta",2019,"transportation_rnk",43.4976
"54732","zcta",2019,"transportation_rnk",29.1524
"54733","zcta",2019,"transportation_rnk",61.0119
"54734","zcta",2019,"transportation_rnk",40.1822
"54736","zcta",2019,"transportation_rnk",58.8352
"54737","zcta",2019,"transportation_rnk",39.8699
"54738","zcta",2019,"transportation_rnk",27.2328
"54739","zcta",2019,"transportation_rnk",26.3966
"54740","zcta",2019,"transportation_rnk",49.4225
"54741","zcta",2019,"transportation_rnk",73.701
"54742","zcta",2019,"transportation_rnk",22.6582
"54745","zcta",2019,"transportation_rnk",51.726
"54746","zcta",2019,"transportation_rnk",25.2546
"54747","zcta",2019,"transportation_rnk",45.5181
"54748","zcta",2019,"transportation_rnk",46.1168
"54749","zcta",2019,"transportation_rnk",43.9499
"54750","zcta",2019,"transportation_rnk",51.726
"54751","zcta",2019,"transportation_rnk",61.9652
"54754","zcta",2019,"transportation_rnk",73.5806
"54755","zcta",2019,"transportation_rnk",58.6107
"54756","zcta",2019,"transportation_rnk",53.4114
"54757","zcta",2019,"transportation_rnk",57.7778
"54758","zcta",2019,"transportation_rnk",44.9162
"54759","zcta",2019,"transportation_rnk",49.7283
"54760","zcta",2019,"transportation_rnk",38.666
"54761","zcta",2019,"transportation_rnk",57.8298
"54762","zcta",2019,"transportation_rnk",52.1946
"54763","zcta",2019,"transportation_rnk",34.0784
"54765","zcta",2019,"transportation_rnk",NA
"54766","zcta",2019,"transportation_rnk",73.8962
"54767","zcta",2019,"transportation_rnk",28.2967
"54768","zcta",2019,"transportation_rnk",66.0062
"54769","zcta",2019,"transportation_rnk",56.883
"54770","zcta",2019,"transportation_rnk",43.4976
"54771","zcta",2019,"transportation_rnk",70.327
"54772","zcta",2019,"transportation_rnk",29.5233
"54773","zcta",2019,"transportation_rnk",58.1129
"54801","zcta",2019,"transportation_rnk",49.8032
"54805","zcta",2019,"transportation_rnk",42.0107
"54806","zcta",2019,"transportation_rnk",69.0353
"54810","zcta",2019,"transportation_rnk",49.0971
"54812","zcta",2019,"transportation_rnk",55.0838
"54813","zcta",2019,"transportation_rnk",65.6483
"54814","zcta",2019,"transportation_rnk",76.6
"54817","zcta",2019,"transportation_rnk",53.5123
"54819","zcta",2019,"transportation_rnk",54.1207
"54820","zcta",2019,"transportation_rnk",48.762
"54821","zcta",2019,"transportation_rnk",58.6107
"54822","zcta",2019,"transportation_rnk",14.2086
"54824","zcta",2019,"transportation_rnk",39.6291
"54826","zcta",2019,"transportation_rnk",27.8868
"54827","zcta",2019,"transportation_rnk",67.0636
"54828","zcta",2019,"transportation_rnk",42.3654
"54829","zcta",2019,"transportation_rnk",36.0403
"54830","zcta",2019,"transportation_rnk",40.898
"54832","zcta",2019,"transportation_rnk",48.2674
"54835","zcta",2019,"transportation_rnk",34.0784
"54836","zcta",2019,"transportation_rnk",25.9248
"54837","zcta",2019,"transportation_rnk",61.4414
"54838","zcta",2019,"transportation_rnk",50.0342
"54839","zcta",2019,"transportation_rnk",39.4046
"54840","zcta",2019,"transportation_rnk",33.9613
"54841","zcta",2019,"transportation_rnk",10.3888
"54842","zcta",2019,"transportation_rnk",2.8729
"54843","zcta",2019,"transportation_rnk",65.6808
"54844","zcta",2019,"transportation_rnk",53.2195
"54845","zcta",2019,"transportation_rnk",13.4602
"54846","zcta",2019,"transportation_rnk",41.1973
"54847","zcta",2019,"transportation_rnk",36.8147
"54848","zcta",2019,"transportation_rnk",37.742
"54849","zcta",2019,"transportation_rnk",31.0265
"54850","zcta",2019,"transportation_rnk",54.6966
"54853","zcta",2019,"transportation_rnk",39.1541
"54854","zcta",2019,"transportation_rnk",47.376
"54855","zcta",2019,"transportation_rnk",35.6727
"54856","zcta",2019,"transportation_rnk",36.0403
"54857","zcta",2019,"transportation_rnk",NA
"54858","zcta",2019,"transportation_rnk",49.2923
"54859","zcta",2019,"transportation_rnk",33.2943
"54861","zcta",2019,"transportation_rnk",94.6933
"54862","zcta",2019,"transportation_rnk",5.4401
"54864","zcta",2019,"transportation_rnk",24.1288
"54865","zcta",2019,"transportation_rnk",51.3259
"54867","zcta",2019,"transportation_rnk",69.4518
"54868","zcta",2019,"transportation_rnk",79.2972
"54870","zcta",2019,"transportation_rnk",55.4287
"54871","zcta",2019,"transportation_rnk",41.4283
"54872","zcta",2019,"transportation_rnk",67.1092
"54873","zcta",2019,"transportation_rnk",30.584
"54874","zcta",2019,"transportation_rnk",23.7807
"54875","zcta",2019,"transportation_rnk",24.5095
"54876","zcta",2019,"transportation_rnk",69.8845
"54880","zcta",2019,"transportation_rnk",80.7971
"54888","zcta",2019,"transportation_rnk",53.6424
"54889","zcta",2019,"transportation_rnk",48.0918
"54891","zcta",2019,"transportation_rnk",57.4069
"54893","zcta",2019,"transportation_rnk",44.0508
"54895","zcta",2019,"transportation_rnk",37.742
"54896","zcta",2019,"transportation_rnk",54.1207
"54901","zcta",2019,"transportation_rnk",74.0198
"54902","zcta",2019,"transportation_rnk",73.0112
"54904","zcta",2019,"transportation_rnk",69.3249
"54909","zcta",2019,"transportation_rnk",33.9613
"54911","zcta",2019,"transportation_rnk",75.7866
"54913","zcta",2019,"transportation_rnk",65.5181
"54914","zcta",2019,"transportation_rnk",71.5178
"54915","zcta",2019,"transportation_rnk",69.3834
"54921","zcta",2019,"transportation_rnk",19.0011
"54922","zcta",2019,"transportation_rnk",31.8399
"54923","zcta",2019,"transportation_rnk",31.0265
"54927","zcta",2019,"transportation_rnk",9.2305
"54928","zcta",2019,"transportation_rnk",39.6291
"54929","zcta",2019,"transportation_rnk",40.5238
"54930","zcta",2019,"transportation_rnk",64.8837
"54931","zcta",2019,"transportation_rnk",4.9748
"54932","zcta",2019,"transportation_rnk",16.831
"54933","zcta",2019,"transportation_rnk",53.8572
"54934","zcta",2019,"transportation_rnk",8.9605
"54935","zcta",2019,"transportation_rnk",75.3408
"54937","zcta",2019,"transportation_rnk",72.1327
"54940","zcta",2019,"transportation_rnk",20.9631
"54941","zcta",2019,"transportation_rnk",46.7382
"54942","zcta",2019,"transportation_rnk",65.7654
"54943","zcta",2019,"transportation_rnk",60.5271
"54944","zcta",2019,"transportation_rnk",13.6977
"54945","zcta",2019,"transportation_rnk",22.1246
"54946","zcta",2019,"transportation_rnk",NA
"54947","zcta",2019,"transportation_rnk",9.4388
"54948","zcta",2019,"transportation_rnk",6.1721
"54949","zcta",2019,"transportation_rnk",15.7996
"54950","zcta",2019,"transportation_rnk",50.5222
"54952","zcta",2019,"transportation_rnk",69.9626
"54956","zcta",2019,"transportation_rnk",69.5429
"54960","zcta",2019,"transportation_rnk",40.4002
"54961","zcta",2019,"transportation_rnk",39.2972
"54962","zcta",2019,"transportation_rnk",20.4197
"54963","zcta",2019,"transportation_rnk",9.9658
"54964","zcta",2019,"transportation_rnk",42.3654
"54965","zcta",2019,"transportation_rnk",36.0403
"54966","zcta",2019,"transportation_rnk",30.4767
"54967","zcta",2019,"transportation_rnk",13.906
"54968","zcta",2019,"transportation_rnk",36.7138
"54970","zcta",2019,"transportation_rnk",35.4319
"54971","zcta",2019,"transportation_rnk",61.3307
"54974","zcta",2019,"transportation_rnk",16.5967
"54977","zcta",2019,"transportation_rnk",23.1755
"54979","zcta",2019,"transportation_rnk",11.9928
"54980","zcta",2019,"transportation_rnk",2.9673
"54981","zcta",2019,"transportation_rnk",39.0565
"54982","zcta",2019,"transportation_rnk",50.6133
"54983","zcta",2019,"transportation_rnk",42.7591
"54984","zcta",2019,"transportation_rnk",20.1659
"54985","zcta",2019,"transportation_rnk",NA
"54986","zcta",2019,"transportation_rnk",15.1879
"53001","zcta",2019,"transportation_state_rnk",10.4947
"53002","zcta",2019,"transportation_state_rnk",11.8316
"53003","zcta",2019,"transportation_state_rnk",0.6684
"53004","zcta",2019,"transportation_state_rnk",20.7219
"53005","zcta",2019,"transportation_state_rnk",78.877
"53006","zcta",2019,"transportation_state_rnk",29.8128
"53007","zcta",2019,"transportation_state_rnk",49.6658
"53010","zcta",2019,"transportation_state_rnk",30.8155
"53011","zcta",2019,"transportation_state_rnk",27.9412
"53012","zcta",2019,"transportation_state_rnk",82.4866
"53013","zcta",2019,"transportation_state_rnk",29.5455
"53014","zcta",2019,"transportation_state_rnk",30.3476
"53015","zcta",2019,"transportation_state_rnk",19.1845
"53016","zcta",2019,"transportation_state_rnk",2.0053
"53017","zcta",2019,"transportation_state_rnk",25.6016
"53018","zcta",2019,"transportation_state_rnk",44.3182
"53019","zcta",2019,"transportation_state_rnk",59.0909
"53020","zcta",2019,"transportation_state_rnk",63.3021
"53021","zcta",2019,"transportation_state_rnk",10.6952
"53022","zcta",2019,"transportation_state_rnk",78.5428
"53023","zcta",2019,"transportation_state_rnk",NA
"53024","zcta",2019,"transportation_state_rnk",82.6203
"53027","zcta",2019,"transportation_state_rnk",68.984
"53029","zcta",2019,"transportation_state_rnk",80.3476
"53031","zcta",2019,"transportation_state_rnk",NA
"53032","zcta",2019,"transportation_state_rnk",27.9412
"53033","zcta",2019,"transportation_state_rnk",1.738
"53034","zcta",2019,"transportation_state_rnk",17.8476
"53035","zcta",2019,"transportation_state_rnk",15.107
"53036","zcta",2019,"transportation_state_rnk",9.2246
"53037","zcta",2019,"transportation_state_rnk",11.0963
"53038","zcta",2019,"transportation_state_rnk",19.7861
"53039","zcta",2019,"transportation_state_rnk",49.1979
"53040","zcta",2019,"transportation_state_rnk",13.9037
"53042","zcta",2019,"transportation_state_rnk",12.4332
"53044","zcta",2019,"transportation_state_rnk",53.877
"53045","zcta",2019,"transportation_state_rnk",78.7433
"53046","zcta",2019,"transportation_state_rnk",7.4866
"53047","zcta",2019,"transportation_state_rnk",70.1872
"53048","zcta",2019,"transportation_state_rnk",21.0561
"53049","zcta",2019,"transportation_state_rnk",47.9278
"53050","zcta",2019,"transportation_state_rnk",49.6658
"53051","zcta",2019,"transportation_state_rnk",79.5455
"53057","zcta",2019,"transportation_state_rnk",31.6845
"53058","zcta",2019,"transportation_state_rnk",43.984
"53059","zcta",2019,"transportation_state_rnk",46.7914
"53061","zcta",2019,"transportation_state_rnk",21.7246
"53063","zcta",2019,"transportation_state_rnk",16.9786
"53065","zcta",2019,"transportation_state_rnk",23.5294
"53066","zcta",2019,"transportation_state_rnk",80.4813
"53069","zcta",2019,"transportation_state_rnk",2.7406
"53070","zcta",2019,"transportation_state_rnk",29.2112
"53072","zcta",2019,"transportation_state_rnk",81.3503
"53073","zcta",2019,"transportation_state_rnk",48.9305
"53074","zcta",2019,"transportation_state_rnk",81.3503
"53075","zcta",2019,"transportation_state_rnk",44.5187
"53076","zcta",2019,"transportation_state_rnk",21.992
"53078","zcta",2019,"transportation_state_rnk",21.992
"53079","zcta",2019,"transportation_state_rnk",10.9626
"53080","zcta",2019,"transportation_state_rnk",43.5829
"53081","zcta",2019,"transportation_state_rnk",98.262
"53083","zcta",2019,"transportation_state_rnk",96.6578
"53085","zcta",2019,"transportation_state_rnk",96.3904
"53086","zcta",2019,"transportation_state_rnk",12.0989
"53088","zcta",2019,"transportation_state_rnk",3.4759
"53089","zcta",2019,"transportation_state_rnk",79.9465
"53090","zcta",2019,"transportation_state_rnk",64.3048
"53091","zcta",2019,"transportation_state_rnk",19.4519
"53092","zcta",2019,"transportation_state_rnk",81.1497
"53093","zcta",2019,"transportation_state_rnk",21.0561
"53094","zcta",2019,"transportation_state_rnk",91.9786
"53095","zcta",2019,"transportation_state_rnk",71.7914
"53097","zcta",2019,"transportation_state_rnk",86.2299
"53098","zcta",2019,"transportation_state_rnk",87.6337
"53103","zcta",2019,"transportation_state_rnk",5.0134
"53104","zcta",2019,"transportation_state_rnk",21.5241
"53105","zcta",2019,"transportation_state_rnk",35.4278
"53108","zcta",2019,"transportation_state_rnk",1.4706
"53110","zcta",2019,"transportation_state_rnk",89.8396
"53114","zcta",2019,"transportation_state_rnk",34.6925
"53115","zcta",2019,"transportation_state_rnk",66.7112
"53118","zcta",2019,"transportation_state_rnk",6.2166
"53119","zcta",2019,"transportation_state_rnk",18.4492
"53120","zcta",2019,"transportation_state_rnk",9.3583
"53121","zcta",2019,"transportation_state_rnk",86.9652
"53122","zcta",2019,"transportation_state_rnk",41.7781
"53125","zcta",2019,"transportation_state_rnk",73.3957
"53126","zcta",2019,"transportation_state_rnk",5.8824
"53128","zcta",2019,"transportation_state_rnk",16.7112
"53129","zcta",2019,"transportation_state_rnk",82.9545
"53130","zcta",2019,"transportation_state_rnk",81.8182
"53132","zcta",2019,"transportation_state_rnk",80.8824
"53137","zcta",2019,"transportation_state_rnk",3.0749
"53139","zcta",2019,"transportation_state_rnk",10.0936
"53140","zcta",2019,"transportation_state_rnk",92.5134
"53142","zcta",2019,"transportation_state_rnk",85.5615
"53143","zcta",2019,"transportation_state_rnk",86.0963
"53144","zcta",2019,"transportation_state_rnk",87.6337
"53146","zcta",2019,"transportation_state_rnk",4.4786
"53147","zcta",2019,"transportation_state_rnk",54.8128
"53149","zcta",2019,"transportation_state_rnk",12.0989
"53150","zcta",2019,"transportation_state_rnk",78.5428
"53151","zcta",2019,"transportation_state_rnk",79.1444
"53153","zcta",2019,"transportation_state_rnk",27.139
"53154","zcta",2019,"transportation_state_rnk",81.6845
"53156","zcta",2019,"transportation_state_rnk",37.1658
"53158","zcta",2019,"transportation_state_rnk",83.8235
"53167","zcta",2019,"transportation_state_rnk",48.7968
"53168","zcta",2019,"transportation_state_rnk",9.6257
"53170","zcta",2019,"transportation_state_rnk",8.8904
"53172","zcta",2019,"transportation_state_rnk",85.4278
"53177","zcta",2019,"transportation_state_rnk",94.1176
"53178","zcta",2019,"transportation_state_rnk",7.2861
"53179","zcta",2019,"transportation_state_rnk",20.1872
"53181","zcta",2019,"transportation_state_rnk",32.1524
"53182","zcta",2019,"transportation_state_rnk",43.984
"53183","zcta",2019,"transportation_state_rnk",37.3663
"53184","zcta",2019,"transportation_state_rnk",50.4011
"53185","zcta",2019,"transportation_state_rnk",2.7406
"53186","zcta",2019,"transportation_state_rnk",91.3102
"53188","zcta",2019,"transportation_state_rnk",82.2193
"53189","zcta",2019,"transportation_state_rnk",82.9545
"53190","zcta",2019,"transportation_state_rnk",95.4545
"53191","zcta",2019,"transportation_state_rnk",45.1872
"53192","zcta",2019,"transportation_state_rnk",NA
"53195","zcta",2019,"transportation_state_rnk",65.7754
"53202","zcta",2019,"transportation_state_rnk",99.0642
"53203","zcta",2019,"transportation_state_rnk",87.9679
"53204","zcta",2019,"transportation_state_rnk",98.3957
"53205","zcta",2019,"transportation_state_rnk",99.1979
"53206","zcta",2019,"transportation_state_rnk",99.5989
"53207","zcta",2019,"transportation_state_rnk",93.3155
"53208","zcta",2019,"transportation_state_rnk",98.1283
"53209","zcta",2019,"transportation_state_rnk",96.123
"53210","zcta",2019,"transportation_state_rnk",97.5936
"53211","zcta",2019,"transportation_state_rnk",97.1925
"53212","zcta",2019,"transportation_state_rnk",98.7968
"53213","zcta",2019,"transportation_state_rnk",87.8342
"53214","zcta",2019,"transportation_state_rnk",93.4492
"53215","zcta",2019,"transportation_state_rnk",94.2513
"53216","zcta",2019,"transportation_state_rnk",96.5241
"53217","zcta",2019,"transportation_state_rnk",86.7647
"53218","zcta",2019,"transportation_state_rnk",96.7914
"53219","zcta",2019,"transportation_state_rnk",91.4439
"53220","zcta",2019,"transportation_state_rnk",84.3583
"53221","zcta",2019,"transportation_state_rnk",88.369
"53222","zcta",2019,"transportation_state_rnk",88.7701
"53223","zcta",2019,"transportation_state_rnk",91.0428
"53224","zcta",2019,"transportation_state_rnk",89.7059
"53225","zcta",2019,"transportation_state_rnk",92.6471
"53226","zcta",2019,"transportation_state_rnk",84.893
"53227","zcta",2019,"transportation_state_rnk",86.9652
"53228","zcta",2019,"transportation_state_rnk",83.4225
"53233","zcta",2019,"transportation_state_rnk",NA
"53235","zcta",2019,"transportation_state_rnk",44.3182
"53295","zcta",2019,"transportation_state_rnk",NA
"53402","zcta",2019,"transportation_state_rnk",96.2567
"53403","zcta",2019,"transportation_state_rnk",97.861
"53404","zcta",2019,"transportation_state_rnk",98.6631
"53405","zcta",2019,"transportation_state_rnk",97.0588
"53406","zcta",2019,"transportation_state_rnk",95.3209
"53501","zcta",2019,"transportation_state_rnk",92.246
"53502","zcta",2019,"transportation_state_rnk",56.2166
"53503","zcta",2019,"transportation_state_rnk",37.9679
"53504","zcta",2019,"transportation_state_rnk",57.6872
"53505","zcta",2019,"transportation_state_rnk",26.0027
"53506","zcta",2019,"transportation_state_rnk",63.8369
"53507","zcta",2019,"transportation_state_rnk",38.369
"53508","zcta",2019,"transportation_state_rnk",5.615
"53510","zcta",2019,"transportation_state_rnk",43.1818
"53511","zcta",2019,"transportation_state_rnk",88.9037
"53515","zcta",2019,"transportation_state_rnk",39.9733
"53516","zcta",2019,"transportation_state_rnk",54.0775
"53517","zcta",2019,"transportation_state_rnk",35.4278
"53518","zcta",2019,"transportation_state_rnk",24.7995
"53520","zcta",2019,"transportation_state_rnk",38.7701
"53521","zcta",2019,"transportation_state_rnk",14.1711
"53522","zcta",2019,"transportation_state_rnk",57.0856
"53523","zcta",2019,"transportation_state_rnk",10.8289
"53525","zcta",2019,"transportation_state_rnk",7.6872
"53526","zcta",2019,"transportation_state_rnk",40.8422
"53527","zcta",2019,"transportation_state_rnk",15.6417
"53528","zcta",2019,"transportation_state_rnk",13.1016
"53529","zcta",2019,"transportation_state_rnk",52.5401
"53530","zcta",2019,"transportation_state_rnk",51.8048
"53531","zcta",2019,"transportation_state_rnk",31.2834
"53532","zcta",2019,"transportation_state_rnk",26.738
"53533","zcta",2019,"transportation_state_rnk",30.3476
"53534","zcta",2019,"transportation_state_rnk",85.9626
"53536","zcta",2019,"transportation_state_rnk",26.4706
"53537","zcta",2019,"transportation_state_rnk",3.7433
"53538","zcta",2019,"transportation_state_rnk",89.5722
"53540","zcta",2019,"transportation_state_rnk",29.8128
"53541","zcta",2019,"transportation_state_rnk",76.0695
"53543","zcta",2019,"transportation_state_rnk",63.0348
"53544","zcta",2019,"transportation_state_rnk",15.9091
"53545","zcta",2019,"transportation_state_rnk",87.2995
"53546","zcta",2019,"transportation_state_rnk",82.754
"53548","zcta",2019,"transportation_state_rnk",88.6364
"53549","zcta",2019,"transportation_state_rnk",16.5107
"53550","zcta",2019,"transportation_state_rnk",66.5107
"53551","zcta",2019,"transportation_state_rnk",90.3743
"53553","zcta",2019,"transportation_state_rnk",44.7861
"53554","zcta",2019,"transportation_state_rnk",77.139
"53555","zcta",2019,"transportation_state_rnk",20.7219
"53556","zcta",2019,"transportation_state_rnk",24.7995
"53557","zcta",2019,"transportation_state_rnk",13.1016
"53558","zcta",2019,"transportation_state_rnk",79.0107
"53559","zcta",2019,"transportation_state_rnk",6.6176
"53560","zcta",2019,"transportation_state_rnk",32.3529
"53561","zcta",2019,"transportation_state_rnk",18.8503
"53562","zcta",2019,"transportation_state_rnk",86.631
"53563","zcta",2019,"transportation_state_rnk",83.2888
"53565","zcta",2019,"transportation_state_rnk",55.0802
"53566","zcta",2019,"transportation_state_rnk",91.1765
"53569","zcta",2019,"transportation_state_rnk",31.2834
"53570","zcta",2019,"transportation_state_rnk",51.0027
"53571","zcta",2019,"transportation_state_rnk",0.1337
"53572","zcta",2019,"transportation_state_rnk",28.2754
"53573","zcta",2019,"transportation_state_rnk",67.1123
"53574","zcta",2019,"transportation_state_rnk",45.1872
"53575","zcta",2019,"transportation_state_rnk",21.3904
"53576","zcta",2019,"transportation_state_rnk",11.2299
"53577","zcta",2019,"transportation_state_rnk",69.5187
"53578","zcta",2019,"transportation_state_rnk",10.4947
"53579","zcta",2019,"transportation_state_rnk",54.4118
"53580","zcta",2019,"transportation_state_rnk",68.0481
"53581","zcta",2019,"transportation_state_rnk",75.6684
"53582","zcta",2019,"transportation_state_rnk",20.1872
"53583","zcta",2019,"transportation_state_rnk",48.1283
"53585","zcta",2019,"transportation_state_rnk",1.8717
"53586","zcta",2019,"transportation_state_rnk",63.0348
"53587","zcta",2019,"transportation_state_rnk",61.2968
"53588","zcta",2019,"transportation_state_rnk",48.262
"53589","zcta",2019,"transportation_state_rnk",81.016
"53590","zcta",2019,"transportation_state_rnk",83.9572
"53593","zcta",2019,"transportation_state_rnk",34.9599
"53594","zcta",2019,"transportation_state_rnk",38.1684
"53597","zcta",2019,"transportation_state_rnk",81.9519
"53598","zcta",2019,"transportation_state_rnk",2.139
"53599","zcta",2019,"transportation_state_rnk",NA
"53702","zcta",2019,"transportation_state_rnk",0.2674
"53703","zcta",2019,"transportation_state_rnk",99.8663
"53704","zcta",2019,"transportation_state_rnk",95.7219
"53705","zcta",2019,"transportation_state_rnk",99.3316
"53706","zcta",2019,"transportation_state_rnk",NA
"53711","zcta",2019,"transportation_state_rnk",93.7166
"53713","zcta",2019,"transportation_state_rnk",95.1872
"53714","zcta",2019,"transportation_state_rnk",94.5187
"53715","zcta",2019,"transportation_state_rnk",99.7326
"53716","zcta",2019,"transportation_state_rnk",90.2406
"53717","zcta",2019,"transportation_state_rnk",95.0535
"53718","zcta",2019,"transportation_state_rnk",40.107
"53719","zcta",2019,"transportation_state_rnk",85.1604
"53726","zcta",2019,"transportation_state_rnk",100
"53792","zcta",2019,"transportation_state_rnk",NA
"53801","zcta",2019,"transportation_state_rnk",26.2701
"53802","zcta",2019,"transportation_state_rnk",NA
"53803","zcta",2019,"transportation_state_rnk",12.7674
"53804","zcta",2019,"transportation_state_rnk",52.9412
"53805","zcta",2019,"transportation_state_rnk",53.3422
"53806","zcta",2019,"transportation_state_rnk",70.0535
"53807","zcta",2019,"transportation_state_rnk",25.1337
"53808","zcta",2019,"transportation_state_rnk",6.2166
"53809","zcta",2019,"transportation_state_rnk",75.2674
"53810","zcta",2019,"transportation_state_rnk",70.4545
"53811","zcta",2019,"transportation_state_rnk",28.5428
"53813","zcta",2019,"transportation_state_rnk",96.9251
"53816","zcta",2019,"transportation_state_rnk",74.5989
"53817","zcta",2019,"transportation_state_rnk",3.3422
"53818","zcta",2019,"transportation_state_rnk",91.8449
"53820","zcta",2019,"transportation_state_rnk",22.4599
"53821","zcta",2019,"transportation_state_rnk",84.2246
"53825","zcta",2019,"transportation_state_rnk",85.2941
"53826","zcta",2019,"transportation_state_rnk",64.8396
"53827","zcta",2019,"transportation_state_rnk",24.3984
"53901","zcta",2019,"transportation_state_rnk",92.1123
"53910","zcta",2019,"transportation_state_rnk",53.3422
"53911","zcta",2019,"transportation_state_rnk",33.2888
"53913","zcta",2019,"transportation_state_rnk",54.4118
"53916","zcta",2019,"transportation_state_rnk",39.639
"53919","zcta",2019,"transportation_state_rnk",50.5348
"53920","zcta",2019,"transportation_state_rnk",36.9652
"53922","zcta",2019,"transportation_state_rnk",12.7674
"53923","zcta",2019,"transportation_state_rnk",70.3209
"53924","zcta",2019,"transportation_state_rnk",41.1765
"53925","zcta",2019,"transportation_state_rnk",33.4893
"53926","zcta",2019,"transportation_state_rnk",95.9893
"53928","zcta",2019,"transportation_state_rnk",0
"53929","zcta",2019,"transportation_state_rnk",54.4118
"53930","zcta",2019,"transportation_state_rnk",46.0561
"53931","zcta",2019,"transportation_state_rnk",34.9599
"53932","zcta",2019,"transportation_state_rnk",11.4973
"53933","zcta",2019,"transportation_state_rnk",39.8396
"53934","zcta",2019,"transportation_state_rnk",42.5134
"53935","zcta",2019,"transportation_state_rnk",26.738
"53936","zcta",2019,"transportation_state_rnk",NA
"53937","zcta",2019,"transportation_state_rnk",89.1711
"53939","zcta",2019,"transportation_state_rnk",45.8556
"53941","zcta",2019,"transportation_state_rnk",51.4706
"53943","zcta",2019,"transportation_state_rnk",74.3316
"53944","zcta",2019,"transportation_state_rnk",33.4893
"53946","zcta",2019,"transportation_state_rnk",75
"53947","zcta",2019,"transportation_state_rnk",52.2727
"53948","zcta",2019,"transportation_state_rnk",90.6417
"53949","zcta",2019,"transportation_state_rnk",40.3075
"53950","zcta",2019,"transportation_state_rnk",69.9198
"53951","zcta",2019,"transportation_state_rnk",16.2433
"53952","zcta",2019,"transportation_state_rnk",28.7433
"53953","zcta",2019,"transportation_state_rnk",75.1337
"53954","zcta",2019,"transportation_state_rnk",47.1925
"53955","zcta",2019,"transportation_state_rnk",18.4492
"53956","zcta",2019,"transportation_state_rnk",43.5829
"53959","zcta",2019,"transportation_state_rnk",32.5535
"53960","zcta",2019,"transportation_state_rnk",19.6524
"53961","zcta",2019,"transportation_state_rnk",58.4225
"53963","zcta",2019,"transportation_state_rnk",89.0374
"53964","zcta",2019,"transportation_state_rnk",36.5642
"53965","zcta",2019,"transportation_state_rnk",38.5027
"53968","zcta",2019,"transportation_state_rnk",52.0053
"53969","zcta",2019,"transportation_state_rnk",17.5134
"54001","zcta",2019,"transportation_state_rnk",27.139
"54002","zcta",2019,"transportation_state_rnk",24.5989
"54003","zcta",2019,"transportation_state_rnk",24.0642
"54004","zcta",2019,"transportation_state_rnk",35.1604
"54005","zcta",2019,"transportation_state_rnk",32.8877
"54006","zcta",2019,"transportation_state_rnk",11.631
"54007","zcta",2019,"transportation_state_rnk",8.2888
"54009","zcta",2019,"transportation_state_rnk",13.4358
"54010","zcta",2019,"transportation_state_rnk",NA
"54011","zcta",2019,"transportation_state_rnk",15.6417
"54013","zcta",2019,"transportation_state_rnk",38.7701
"54014","zcta",2019,"transportation_state_rnk",47.1925
"54015","zcta",2019,"transportation_state_rnk",27.5401
"54016","zcta",2019,"transportation_state_rnk",66.9786
"54017","zcta",2019,"transportation_state_rnk",85.8289
"54020","zcta",2019,"transportation_state_rnk",31.885
"54021","zcta",2019,"transportation_state_rnk",28.2754
"54022","zcta",2019,"transportation_state_rnk",92.7807
"54023","zcta",2019,"transportation_state_rnk",30.8155
"54024","zcta",2019,"transportation_state_rnk",15.3075
"54025","zcta",2019,"transportation_state_rnk",26.0027
"54026","zcta",2019,"transportation_state_rnk",32.8877
"54027","zcta",2019,"transportation_state_rnk",52.9412
"54028","zcta",2019,"transportation_state_rnk",43.1818
"54082","zcta",2019,"transportation_state_rnk",62.8342
"54101","zcta",2019,"transportation_state_rnk",16.2433
"54102","zcta",2019,"transportation_state_rnk",36.5642
"54103","zcta",2019,"transportation_state_rnk",69.385
"54104","zcta",2019,"transportation_state_rnk",59.8262
"54106","zcta",2019,"transportation_state_rnk",18.4492
"54107","zcta",2019,"transportation_state_rnk",61.0963
"54110","zcta",2019,"transportation_state_rnk",25.6016
"54111","zcta",2019,"transportation_state_rnk",20.4545
"54112","zcta",2019,"transportation_state_rnk",34.3583
"54113","zcta",2019,"transportation_state_rnk",3.2086
"54114","zcta",2019,"transportation_state_rnk",17.8476
"54115","zcta",2019,"transportation_state_rnk",89.4385
"54119","zcta",2019,"transportation_state_rnk",85.0267
"54120","zcta",2019,"transportation_state_rnk",7.0856
"54121","zcta",2019,"transportation_state_rnk",33.1551
"54123","zcta",2019,"transportation_state_rnk",0.9358
"54124","zcta",2019,"transportation_state_rnk",46.3904
"54125","zcta",2019,"transportation_state_rnk",28.5428
"54126","zcta",2019,"transportation_state_rnk",16.5107
"54127","zcta",2019,"transportation_state_rnk",NA
"54128","zcta",2019,"transportation_state_rnk",18.984
"54129","zcta",2019,"transportation_state_rnk",11.3636
"54130","zcta",2019,"transportation_state_rnk",76.8717
"54135","zcta",2019,"transportation_state_rnk",66.1765
"54136","zcta",2019,"transportation_state_rnk",74.8663
"54137","zcta",2019,"transportation_state_rnk",10.2941
"54138","zcta",2019,"transportation_state_rnk",53.3422
"54139","zcta",2019,"transportation_state_rnk",53.7433
"54140","zcta",2019,"transportation_state_rnk",77.4064
"54141","zcta",2019,"transportation_state_rnk",22.1925
"54143","zcta",2019,"transportation_state_rnk",94.6524
"54149","zcta",2019,"transportation_state_rnk",58.0214
"54150","zcta",2019,"transportation_state_rnk",84.0909
"54151","zcta",2019,"transportation_state_rnk",14.9064
"54153","zcta",2019,"transportation_state_rnk",76.4706
"54154","zcta",2019,"transportation_state_rnk",28.9439
"54155","zcta",2019,"transportation_state_rnk",4.6791
"54156","zcta",2019,"transportation_state_rnk",22.7273
"54157","zcta",2019,"transportation_state_rnk",19.1845
"54159","zcta",2019,"transportation_state_rnk",2.4064
"54160","zcta",2019,"transportation_state_rnk",16.0428
"54161","zcta",2019,"transportation_state_rnk",14.7059
"54162","zcta",2019,"transportation_state_rnk",25.1337
"54165","zcta",2019,"transportation_state_rnk",17.246
"54166","zcta",2019,"transportation_state_rnk",89.3048
"54169","zcta",2019,"transportation_state_rnk",9.492
"54170","zcta",2019,"transportation_state_rnk",4.8128
"54171","zcta",2019,"transportation_state_rnk",8.5561
"54173","zcta",2019,"transportation_state_rnk",23.0615
"54174","zcta",2019,"transportation_state_rnk",55.7487
"54175","zcta",2019,"transportation_state_rnk",8.6898
"54180","zcta",2019,"transportation_state_rnk",5.0134
"54201","zcta",2019,"transportation_state_rnk",59.4251
"54202","zcta",2019,"transportation_state_rnk",72.1925
"54204","zcta",2019,"transportation_state_rnk",46.3904
"54205","zcta",2019,"transportation_state_rnk",17.3797
"54207","zcta",2019,"transportation_state_rnk",0.8021
"54208","zcta",2019,"transportation_state_rnk",12.4332
"54209","zcta",2019,"transportation_state_rnk",73.7968
"54210","zcta",2019,"transportation_state_rnk",56.6845
"54211","zcta",2019,"transportation_state_rnk",79.8128
"54212","zcta",2019,"transportation_state_rnk",74.5989
"54213","zcta",2019,"transportation_state_rnk",22.861
"54214","zcta",2019,"transportation_state_rnk",29.8128
"54216","zcta",2019,"transportation_state_rnk",20.1872
"54217","zcta",2019,"transportation_state_rnk",57.0856
"54220","zcta",2019,"transportation_state_rnk",91.7112
"54227","zcta",2019,"transportation_state_rnk",6.2166
"54228","zcta",2019,"transportation_state_rnk",15.3075
"54229","zcta",2019,"transportation_state_rnk",12.4332
"54230","zcta",2019,"transportation_state_rnk",40.508
"54232","zcta",2019,"transportation_state_rnk",6.6176
"54234","zcta",2019,"transportation_state_rnk",74.5989
"54235","zcta",2019,"transportation_state_rnk",94.7861
"54241","zcta",2019,"transportation_state_rnk",88.1016
"54245","zcta",2019,"transportation_state_rnk",31.2834
"54246","zcta",2019,"transportation_state_rnk",37.7005
"54247","zcta",2019,"transportation_state_rnk",48.4626
"54301","zcta",2019,"transportation_state_rnk",90.9091
"54302","zcta",2019,"transportation_state_rnk",92.3797
"54303","zcta",2019,"transportation_state_rnk",93.8503
"54304","zcta",2019,"transportation_state_rnk",93.1818
"54307","zcta",2019,"transportation_state_rnk",NA
"54311","zcta",2019,"transportation_state_rnk",88.2353
"54313","zcta",2019,"transportation_state_rnk",84.7594
"54401","zcta",2019,"transportation_state_rnk",98.5294
"54403","zcta",2019,"transportation_state_rnk",98.9305
"54405","zcta",2019,"transportation_state_rnk",67.7807
"54406","zcta",2019,"transportation_state_rnk",49.1979
"54407","zcta",2019,"transportation_state_rnk",9.0909
"54408","zcta",2019,"transportation_state_rnk",58.9572
"54409","zcta",2019,"transportation_state_rnk",55.4813
"54410","zcta",2019,"transportation_state_rnk",59.4251
"54411","zcta",2019,"transportation_state_rnk",68.4492
"54412","zcta",2019,"transportation_state_rnk",27.9412
"54413","zcta",2019,"transportation_state_rnk",69.7861
"54414","zcta",2019,"transportation_state_rnk",49.1979
"54416","zcta",2019,"transportation_state_rnk",36.1631
"54417","zcta",2019,"transportation_state_rnk",NA
"54418","zcta",2019,"transportation_state_rnk",24.1979
"54420","zcta",2019,"transportation_state_rnk",84.6257
"54421","zcta",2019,"transportation_state_rnk",70.6551
"54422","zcta",2019,"transportation_state_rnk",94.385
"54423","zcta",2019,"transportation_state_rnk",14.4385
"54424","zcta",2019,"transportation_state_rnk",59.8262
"54425","zcta",2019,"transportation_state_rnk",63.5027
"54426","zcta",2019,"transportation_state_rnk",41.7781
"54427","zcta",2019,"transportation_state_rnk",64.5722
"54428","zcta",2019,"transportation_state_rnk",46.7914
"54430","zcta",2019,"transportation_state_rnk",70.9893
"54433","zcta",2019,"transportation_state_rnk",77.5401
"54435","zcta",2019,"transportation_state_rnk",25.6016
"54436","zcta",2019,"transportation_state_rnk",90.0401
"54437","zcta",2019,"transportation_state_rnk",81.5508
"54440","zcta",2019,"transportation_state_rnk",13.7032
"54441","zcta",2019,"transportation_state_rnk",8.2888
"54442","zcta",2019,"transportation_state_rnk",6.885
"54443","zcta",2019,"transportation_state_rnk",4.1444
"54446","zcta",2019,"transportation_state_rnk",70.6551
"54447","zcta",2019,"transportation_state_rnk",74.1979
"54448","zcta",2019,"transportation_state_rnk",32.1524
"54449","zcta",2019,"transportation_state_rnk",90.508
"54450","zcta",2019,"transportation_state_rnk",62.0989
"54451","zcta",2019,"transportation_state_rnk",93.0481
"54452","zcta",2019,"transportation_state_rnk",83.6898
"54454","zcta",2019,"transportation_state_rnk",55.4813
"54455","zcta",2019,"transportation_state_rnk",97.3262
"54456","zcta",2019,"transportation_state_rnk",50.7353
"54457","zcta",2019,"transportation_state_rnk",23.0615
"54458","zcta",2019,"transportation_state_rnk",NA
"54459","zcta",2019,"transportation_state_rnk",52.2727
"54460","zcta",2019,"transportation_state_rnk",82.0856
"54462","zcta",2019,"transportation_state_rnk",60.6952
"54463","zcta",2019,"transportation_state_rnk",39.639
"54465","zcta",2019,"transportation_state_rnk",37.7005
"54466","zcta",2019,"transportation_state_rnk",46.7914
"54467","zcta",2019,"transportation_state_rnk",93.984
"54469","zcta",2019,"transportation_state_rnk",4.0107
"54470","zcta",2019,"transportation_state_rnk",58.8235
"54471","zcta",2019,"transportation_state_rnk",5.3476
"54473","zcta",2019,"transportation_state_rnk",34.2246
"54474","zcta",2019,"transportation_state_rnk",97.7273
"54475","zcta",2019,"transportation_state_rnk",64.5722
"54476","zcta",2019,"transportation_state_rnk",97.9947
"54479","zcta",2019,"transportation_state_rnk",49.6658
"54480","zcta",2019,"transportation_state_rnk",60.8289
"54481","zcta",2019,"transportation_state_rnk",97.4599
"54482","zcta",2019,"transportation_state_rnk",16.9786
"54484","zcta",2019,"transportation_state_rnk",42.5134
"54485","zcta",2019,"transportation_state_rnk",57.4866
"54486","zcta",2019,"transportation_state_rnk",39.238
"54487","zcta",2019,"transportation_state_rnk",86.3636
"54488","zcta",2019,"transportation_state_rnk",67.5802
"54489","zcta",2019,"transportation_state_rnk",23.8636
"54490","zcta",2019,"transportation_state_rnk",64.9733
"54491","zcta",2019,"transportation_state_rnk",62.6337
"54493","zcta",2019,"transportation_state_rnk",71.6578
"54494","zcta",2019,"transportation_state_rnk",88.5027
"54495","zcta",2019,"transportation_state_rnk",87.4332
"54498","zcta",2019,"transportation_state_rnk",79.2781
"54499","zcta",2019,"transportation_state_rnk",71.5241
"54501","zcta",2019,"transportation_state_rnk",87.1658
"54511","zcta",2019,"transportation_state_rnk",64.1711
"54512","zcta",2019,"transportation_state_rnk",58.2219
"54513","zcta",2019,"transportation_state_rnk",55.8824
"54514","zcta",2019,"transportation_state_rnk",18.0481
"54515","zcta",2019,"transportation_state_rnk",51.0027
"54517","zcta",2019,"transportation_state_rnk",80.0802
"54519","zcta",2019,"transportation_state_rnk",14.1711
"54520","zcta",2019,"transportation_state_rnk",43.1818
"54521","zcta",2019,"transportation_state_rnk",46.3904
"54524","zcta",2019,"transportation_state_rnk",31.2834
"54525","zcta",2019,"transportation_state_rnk",36.7647
"54526","zcta",2019,"transportation_state_rnk",25.6016
"54527","zcta",2019,"transportation_state_rnk",58.5561
"54529","zcta",2019,"transportation_state_rnk",60.4278
"54530","zcta",2019,"transportation_state_rnk",51.8048
"54531","zcta",2019,"transportation_state_rnk",50.0668
"54534","zcta",2019,"transportation_state_rnk",56.2166
"54536","zcta",2019,"transportation_state_rnk",63.8369
"54537","zcta",2019,"transportation_state_rnk",68.7166
"54538","zcta",2019,"transportation_state_rnk",42.8476
"54539","zcta",2019,"transportation_state_rnk",4.2781
"54540","zcta",2019,"transportation_state_rnk",62.6337
"54541","zcta",2019,"transportation_state_rnk",71.3904
"54542","zcta",2019,"transportation_state_rnk",38.1684
"54545","zcta",2019,"transportation_state_rnk",7.6872
"54546","zcta",2019,"transportation_state_rnk",65.6417
"54547","zcta",2019,"transportation_state_rnk",65.9759
"54548","zcta",2019,"transportation_state_rnk",47.9278
"54550","zcta",2019,"transportation_state_rnk",34.6925
"54552","zcta",2019,"transportation_state_rnk",65.1738
"54554","zcta",2019,"transportation_state_rnk",23.8636
"54555","zcta",2019,"transportation_state_rnk",36.9652
"54556","zcta",2019,"transportation_state_rnk",32.5535
"54557","zcta",2019,"transportation_state_rnk",74.0642
"54558","zcta",2019,"transportation_state_rnk",38.7701
"54559","zcta",2019,"transportation_state_rnk",94.9198
"54560","zcta",2019,"transportation_state_rnk",5.2139
"54561","zcta",2019,"transportation_state_rnk",NA
"54562","zcta",2019,"transportation_state_rnk",52.6738
"54563","zcta",2019,"transportation_state_rnk",52.9412
"54564","zcta",2019,"transportation_state_rnk",64.5722
"54565","zcta",2019,"transportation_state_rnk",NA
"54566","zcta",2019,"transportation_state_rnk",67.9144
"54568","zcta",2019,"transportation_state_rnk",15.6417
"54601","zcta",2019,"transportation_state_rnk",95.8556
"54603","zcta",2019,"transportation_state_rnk",95.5882
"54610","zcta",2019,"transportation_state_rnk",42.5134
"54611","zcta",2019,"transportation_state_rnk",49.6658
"54612","zcta",2019,"transportation_state_rnk",72.1925
"54613","zcta",2019,"transportation_state_rnk",47.4599
"54614","zcta",2019,"transportation_state_rnk",39.238
"54615","zcta",2019,"transportation_state_rnk",42.1791
"54616","zcta",2019,"transportation_state_rnk",61.5642
"54618","zcta",2019,"transportation_state_rnk",65.508
"54619","zcta",2019,"transportation_state_rnk",78.008
"54621","zcta",2019,"transportation_state_rnk",30.3476
"54622","zcta",2019,"transportation_state_rnk",47.1925
"54623","zcta",2019,"transportation_state_rnk",35.6952
"54624","zcta",2019,"transportation_state_rnk",51.4706
"54625","zcta",2019,"transportation_state_rnk",73.262
"54626","zcta",2019,"transportation_state_rnk",22.4599
"54627","zcta",2019,"transportation_state_rnk",60.5615
"54628","zcta",2019,"transportation_state_rnk",55.2139
"54629","zcta",2019,"transportation_state_rnk",26.738
"54630","zcta",2019,"transportation_state_rnk",31.885
"54631","zcta",2019,"transportation_state_rnk",72.9947
"54632","zcta",2019,"transportation_state_rnk",60.2273
"54634","zcta",2019,"transportation_state_rnk",77.0053
"54635","zcta",2019,"transportation_state_rnk",23.262
"54636","zcta",2019,"transportation_state_rnk",26.2701
"54637","zcta",2019,"transportation_state_rnk",1.3369
"54638","zcta",2019,"transportation_state_rnk",75.5348
"54639","zcta",2019,"transportation_state_rnk",68.1818
"54641","zcta",2019,"transportation_state_rnk",NA
"54642","zcta",2019,"transportation_state_rnk",60.0267
"54643","zcta",2019,"transportation_state_rnk",NA
"54644","zcta",2019,"transportation_state_rnk",8.0214
"54645","zcta",2019,"transportation_state_rnk",NA
"54646","zcta",2019,"transportation_state_rnk",68.3155
"54648","zcta",2019,"transportation_state_rnk",71.123
"54650","zcta",2019,"transportation_state_rnk",90.0401
"54651","zcta",2019,"transportation_state_rnk",72.7273
"54652","zcta",2019,"transportation_state_rnk",73.1283
"54653","zcta",2019,"transportation_state_rnk",7.8877
"54654","zcta",2019,"transportation_state_rnk",NA
"54655","zcta",2019,"transportation_state_rnk",51.4706
"54656","zcta",2019,"transportation_state_rnk",73.5294
"54657","zcta",2019,"transportation_state_rnk",27.4064
"54658","zcta",2019,"transportation_state_rnk",10.0936
"54659","zcta",2019,"transportation_state_rnk",78.2086
"54660","zcta",2019,"transportation_state_rnk",91.5775
"54661","zcta",2019,"transportation_state_rnk",18.4492
"54664","zcta",2019,"transportation_state_rnk",61.8316
"54665","zcta",2019,"transportation_state_rnk",93.5829
"54666","zcta",2019,"transportation_state_rnk",13.4358
"54667","zcta",2019,"transportation_state_rnk",58.2219
"54669","zcta",2019,"transportation_state_rnk",5.615
"54670","zcta",2019,"transportation_state_rnk",77.8075
"54701","zcta",2019,"transportation_state_rnk",86.4973
"54703","zcta",2019,"transportation_state_rnk",82.3529
"54720","zcta",2019,"transportation_state_rnk",83.1551
"54721","zcta",2019,"transportation_state_rnk",28.9439
"54722","zcta",2019,"transportation_state_rnk",70.8556
"54723","zcta",2019,"transportation_state_rnk",13.1016
"54724","zcta",2019,"transportation_state_rnk",54.0775
"54725","zcta",2019,"transportation_state_rnk",34.492
"54726","zcta",2019,"transportation_state_rnk",65.3743
"54727","zcta",2019,"transportation_state_rnk",41.1765
"54728","zcta",2019,"transportation_state_rnk",50.2674
"54729","zcta",2019,"transportation_state_rnk",80.7487
"54730","zcta",2019,"transportation_state_rnk",23.5294
"54731","zcta",2019,"transportation_state_rnk",47.6604
"54732","zcta",2019,"transportation_state_rnk",27.139
"54733","zcta",2019,"transportation_state_rnk",68.8503
"54734","zcta",2019,"transportation_state_rnk",42.8476
"54736","zcta",2019,"transportation_state_rnk",67.5802
"54737","zcta",2019,"transportation_state_rnk",42.1791
"54738","zcta",2019,"transportation_state_rnk",23.5294
"54739","zcta",2019,"transportation_state_rnk",22.4599
"54740","zcta",2019,"transportation_state_rnk",56.5508
"54741","zcta",2019,"transportation_state_rnk",79.6791
"54742","zcta",2019,"transportation_state_rnk",17.6471
"54745","zcta",2019,"transportation_state_rnk",59.4251
"54746","zcta",2019,"transportation_state_rnk",21.2567
"54747","zcta",2019,"transportation_state_rnk",50.7353
"54748","zcta",2019,"transportation_state_rnk",51.2032
"54749","zcta",2019,"transportation_state_rnk",48.4626
"54750","zcta",2019,"transportation_state_rnk",59.4251
"54751","zcta",2019,"transportation_state_rnk",69.6524
"54754","zcta",2019,"transportation_state_rnk",79.4118
"54755","zcta",2019,"transportation_state_rnk",67.3128
"54756","zcta",2019,"transportation_state_rnk",61.2968
"54757","zcta",2019,"transportation_state_rnk",66.3102
"54758","zcta",2019,"transportation_state_rnk",50.0668
"54759","zcta",2019,"transportation_state_rnk",56.8182
"54760","zcta",2019,"transportation_state_rnk",40.3075
"54761","zcta",2019,"transportation_state_rnk",66.5107
"54762","zcta",2019,"transportation_state_rnk",60.2273
"54763","zcta",2019,"transportation_state_rnk",34.0241
"54765","zcta",2019,"transportation_state_rnk",NA
"54766","zcta",2019,"transportation_state_rnk",80.2139
"54767","zcta",2019,"transportation_state_rnk",25.1337
"54768","zcta",2019,"transportation_state_rnk",72.861
"54769","zcta",2019,"transportation_state_rnk",65.1738
"54770","zcta",2019,"transportation_state_rnk",47.6604
"54771","zcta",2019,"transportation_state_rnk",77.2727
"54772","zcta",2019,"transportation_state_rnk",27.6738
"54773","zcta",2019,"transportation_state_rnk",66.8449
"54801","zcta",2019,"transportation_state_rnk",57.0856
"54805","zcta",2019,"transportation_state_rnk",45.4545
"54806","zcta",2019,"transportation_state_rnk",75.4011
"54810","zcta",2019,"transportation_state_rnk",56.016
"54812","zcta",2019,"transportation_state_rnk",63.6364
"54813","zcta",2019,"transportation_state_rnk",72.1925
"54814","zcta",2019,"transportation_state_rnk",85.6952
"54817","zcta",2019,"transportation_state_rnk",61.5642
"54819","zcta",2019,"transportation_state_rnk",62.3663
"54820","zcta",2019,"transportation_state_rnk",55.4813
"54821","zcta",2019,"transportation_state_rnk",67.3128
"54822","zcta",2019,"transportation_state_rnk",7.2861
"54824","zcta",2019,"transportation_state_rnk",41.7781
"54826","zcta",2019,"transportation_state_rnk",24.3984
"54827","zcta",2019,"transportation_state_rnk",73.6631
"54828","zcta",2019,"transportation_state_rnk",45.6551
"54829","zcta",2019,"transportation_state_rnk",36.1631
"54830","zcta",2019,"transportation_state_rnk",44.6524
"54832","zcta",2019,"transportation_state_rnk",54.9465
"54835","zcta",2019,"transportation_state_rnk",34.0241
"54836","zcta",2019,"transportation_state_rnk",21.7246
"54837","zcta",2019,"transportation_state_rnk",69.2513
"54838","zcta",2019,"transportation_state_rnk",57.3529
"54839","zcta",2019,"transportation_state_rnk",41.4439
"54840","zcta",2019,"transportation_state_rnk",33.7567
"54841","zcta",2019,"transportation_state_rnk",3.877
"54842","zcta",2019,"transportation_state_rnk",0.4011
"54843","zcta",2019,"transportation_state_rnk",72.4599
"54844","zcta",2019,"transportation_state_rnk",60.9626
"54845","zcta",2019,"transportation_state_rnk",5.615
"54846","zcta",2019,"transportation_state_rnk",44.9198
"54847","zcta",2019,"transportation_state_rnk",37.7005
"54848","zcta",2019,"transportation_state_rnk",39.238
"54849","zcta",2019,"transportation_state_rnk",30.3476
"54850","zcta",2019,"transportation_state_rnk",63.3021
"54853","zcta",2019,"transportation_state_rnk",40.8422
"54854","zcta",2019,"transportation_state_rnk",53.6096
"54855","zcta",2019,"transportation_state_rnk",35.8289
"54856","zcta",2019,"transportation_state_rnk",36.1631
"54857","zcta",2019,"transportation_state_rnk",NA
"54858","zcta",2019,"transportation_state_rnk",56.4171
"54859","zcta",2019,"transportation_state_rnk",32.8877
"54861","zcta",2019,"transportation_state_rnk",99.4652
"54862","zcta",2019,"transportation_state_rnk",1.2032
"54864","zcta",2019,"transportation_state_rnk",19.9198
"54865","zcta",2019,"transportation_state_rnk",58.6898
"54867","zcta",2019,"transportation_state_rnk",76.2032
"54868","zcta",2019,"transportation_state_rnk",90.7754
"54870","zcta",2019,"transportation_state_rnk",64.0374
"54871","zcta",2019,"transportation_state_rnk",45.1872
"54872","zcta",2019,"transportation_state_rnk",73.9305
"54873","zcta",2019,"transportation_state_rnk",29.4118
"54874","zcta",2019,"transportation_state_rnk",19.4519
"54875","zcta",2019,"transportation_state_rnk",20.7219
"54876","zcta",2019,"transportation_state_rnk",76.6043
"54880","zcta",2019,"transportation_state_rnk",92.9144
"54888","zcta",2019,"transportation_state_rnk",61.8316
"54889","zcta",2019,"transportation_state_rnk",54.6791
"54891","zcta",2019,"transportation_state_rnk",65.9759
"54893","zcta",2019,"transportation_state_rnk",48.6631
"54895","zcta",2019,"transportation_state_rnk",39.238
"54896","zcta",2019,"transportation_state_rnk",62.3663
"54901","zcta",2019,"transportation_state_rnk",80.615
"54902","zcta",2019,"transportation_state_rnk",78.3422
"54904","zcta",2019,"transportation_state_rnk",75.8021
"54909","zcta",2019,"transportation_state_rnk",33.7567
"54911","zcta",2019,"transportation_state_rnk",84.492
"54913","zcta",2019,"transportation_state_rnk",71.9251
"54914","zcta",2019,"transportation_state_rnk",77.6738
"54915","zcta",2019,"transportation_state_rnk",75.9358
"54921","zcta",2019,"transportation_state_rnk",11.8316
"54922","zcta",2019,"transportation_state_rnk",31.2834
"54923","zcta",2019,"transportation_state_rnk",30.3476
"54927","zcta",2019,"transportation_state_rnk",2.5401
"54928","zcta",2019,"transportation_state_rnk",41.7781
"54929","zcta",2019,"transportation_state_rnk",43.984
"54930","zcta",2019,"transportation_state_rnk",71.2567
"54931","zcta",2019,"transportation_state_rnk",1.0695
"54932","zcta",2019,"transportation_state_rnk",9.893
"54933","zcta",2019,"transportation_state_rnk",62.0989
"54934","zcta",2019,"transportation_state_rnk",2.2727
"54935","zcta",2019,"transportation_state_rnk",83.5561
"54937","zcta",2019,"transportation_state_rnk",78.008
"54940","zcta",2019,"transportation_state_rnk",14.9064
"54941","zcta",2019,"transportation_state_rnk",52.2727
"54942","zcta",2019,"transportation_state_rnk",72.5936
"54943","zcta",2019,"transportation_state_rnk",68.5829
"54944","zcta",2019,"transportation_state_rnk",6.2166
"54945","zcta",2019,"transportation_state_rnk",16.9786
"54946","zcta",2019,"transportation_state_rnk",NA
"54947","zcta",2019,"transportation_state_rnk",2.9412
"54948","zcta",2019,"transportation_state_rnk",1.6043
"54949","zcta",2019,"transportation_state_rnk",8.8904
"54950","zcta",2019,"transportation_state_rnk",57.6872
"54952","zcta",2019,"transportation_state_rnk",76.738
"54956","zcta",2019,"transportation_state_rnk",76.3369
"54960","zcta",2019,"transportation_state_rnk",43.5829
"54961","zcta",2019,"transportation_state_rnk",41.1765
"54962","zcta",2019,"transportation_state_rnk",14.1711
"54963","zcta",2019,"transportation_state_rnk",3.6096
"54964","zcta",2019,"transportation_state_rnk",45.6551
"54965","zcta",2019,"transportation_state_rnk",36.1631
"54966","zcta",2019,"transportation_state_rnk",29.2112
"54967","zcta",2019,"transportation_state_rnk",6.885
"54968","zcta",2019,"transportation_state_rnk",37.3663
"54970","zcta",2019,"transportation_state_rnk",35.4278
"54971","zcta",2019,"transportation_state_rnk",69.1176
"54974","zcta",2019,"transportation_state_rnk",9.7594
"54977","zcta",2019,"transportation_state_rnk",18.4492
"54979","zcta",2019,"transportation_state_rnk",4.4786
"54980","zcta",2019,"transportation_state_rnk",0.5348
"54981","zcta",2019,"transportation_state_rnk",40.6417
"54982","zcta",2019,"transportation_state_rnk",57.8877
"54983","zcta",2019,"transportation_state_rnk",46.0561
"54984","zcta",2019,"transportation_state_rnk",13.7032
"54985","zcta",2019,"transportation_state_rnk",NA
"54986","zcta",2019,"transportation_state_rnk",8.2888
