"geoid","geolevel","year","level","value"
"40003","zcta",2019,"transportation_score",92.06
"40004","zcta",2019,"transportation_score",92.16
"40006","zcta",2019,"transportation_score",90.49
"40007","zcta",2019,"transportation_score",NA
"40008","zcta",2019,"transportation_score",90.17
"40009","zcta",2019,"transportation_score",91.77
"40010","zcta",2019,"transportation_score",91.81
"40011","zcta",2019,"transportation_score",92.35
"40012","zcta",2019,"transportation_score",91.55
"40013","zcta",2019,"transportation_score",91.72
"40014","zcta",2019,"transportation_score",109.69
"40019","zcta",2019,"transportation_score",94.16
"40020","zcta",2019,"transportation_score",87.43
"40022","zcta",2019,"transportation_score",91.49
"40023","zcta",2019,"transportation_score",92.32
"40025","zcta",2019,"transportation_score",NA
"40026","zcta",2019,"transportation_score",91.11
"40031","zcta",2019,"transportation_score",110.55
"40033","zcta",2019,"transportation_score",115.7
"40036","zcta",2019,"transportation_score",98.53
"40037","zcta",2019,"transportation_score",90.68
"40040","zcta",2019,"transportation_score",89.8
"40041","zcta",2019,"transportation_score",86.24
"40045","zcta",2019,"transportation_score",92.03
"40046","zcta",2019,"transportation_score",92.12
"40047","zcta",2019,"transportation_score",109.56
"40048","zcta",2019,"transportation_score",NA
"40049","zcta",2019,"transportation_score",NA
"40050","zcta",2019,"transportation_score",90.39
"40051","zcta",2019,"transportation_score",92.34
"40052","zcta",2019,"transportation_score",90.62
"40055","zcta",2019,"transportation_score",95.08
"40056","zcta",2019,"transportation_score",90.81
"40057","zcta",2019,"transportation_score",92.29
"40058","zcta",2019,"transportation_score",NA
"40059","zcta",2019,"transportation_score",110.32
"40060","zcta",2019,"transportation_score",92.48
"40062","zcta",2019,"transportation_score",91.79
"40063","zcta",2019,"transportation_score",NA
"40065","zcta",2019,"transportation_score",92.92
"40067","zcta",2019,"transportation_score",92.88
"40068","zcta",2019,"transportation_score",92
"40069","zcta",2019,"transportation_score",92.91
"40070","zcta",2019,"transportation_score",90.59
"40071","zcta",2019,"transportation_score",90.9
"40075","zcta",2019,"transportation_score",90.96
"40076","zcta",2019,"transportation_score",93.96
"40077","zcta",2019,"transportation_score",88.67
"40078","zcta",2019,"transportation_score",93.42
"40104","zcta",2019,"transportation_score",91.51
"40107","zcta",2019,"transportation_score",90.86
"40108","zcta",2019,"transportation_score",92.84
"40109","zcta",2019,"transportation_score",92.58
"40110","zcta",2019,"transportation_score",NA
"40111","zcta",2019,"transportation_score",92.5
"40115","zcta",2019,"transportation_score",88.22
"40117","zcta",2019,"transportation_score",91.31
"40118","zcta",2019,"transportation_score",111.5
"40119","zcta",2019,"transportation_score",97.41
"40121","zcta",2019,"transportation_score",126.52
"40140","zcta",2019,"transportation_score",89.9
"40142","zcta",2019,"transportation_score",89.21
"40143","zcta",2019,"transportation_score",90.81
"40144","zcta",2019,"transportation_score",99.62
"40145","zcta",2019,"transportation_score",114.06
"40146","zcta",2019,"transportation_score",98.25
"40150","zcta",2019,"transportation_score",91.63
"40152","zcta",2019,"transportation_score",88.34
"40155","zcta",2019,"transportation_score",91.2
"40157","zcta",2019,"transportation_score",92.88
"40160","zcta",2019,"transportation_score",124.75
"40161","zcta",2019,"transportation_score",85.26
"40162","zcta",2019,"transportation_score",90.54
"40165","zcta",2019,"transportation_score",109.68
"40170","zcta",2019,"transportation_score",97.89
"40171","zcta",2019,"transportation_score",91.5
"40175","zcta",2019,"transportation_score",122.39
"40176","zcta",2019,"transportation_score",95.97
"40177","zcta",2019,"transportation_score",92.05
"40178","zcta",2019,"transportation_score",94.88
"40202","zcta",2019,"transportation_score",NA
"40203","zcta",2019,"transportation_score",129.86
"40204","zcta",2019,"transportation_score",116.66
"40205","zcta",2019,"transportation_score",112.62
"40206","zcta",2019,"transportation_score",117.79
"40207","zcta",2019,"transportation_score",111.72
"40208","zcta",2019,"transportation_score",126.07
"40209","zcta",2019,"transportation_score",102.44
"40210","zcta",2019,"transportation_score",134.22
"40211","zcta",2019,"transportation_score",133.3
"40212","zcta",2019,"transportation_score",122.55
"40213","zcta",2019,"transportation_score",114.41
"40214","zcta",2019,"transportation_score",115.59
"40215","zcta",2019,"transportation_score",122.51
"40216","zcta",2019,"transportation_score",114.49
"40217","zcta",2019,"transportation_score",114.11
"40218","zcta",2019,"transportation_score",114.56
"40219","zcta",2019,"transportation_score",112.7
"40220","zcta",2019,"transportation_score",111.33
"40222","zcta",2019,"transportation_score",111.51
"40223","zcta",2019,"transportation_score",110.78
"40228","zcta",2019,"transportation_score",110.67
"40229","zcta",2019,"transportation_score",110.55
"40231","zcta",2019,"transportation_score",NA
"40241","zcta",2019,"transportation_score",110.86
"40242","zcta",2019,"transportation_score",110.4
"40243","zcta",2019,"transportation_score",112.27
"40245","zcta",2019,"transportation_score",110.2
"40258","zcta",2019,"transportation_score",112.86
"40272","zcta",2019,"transportation_score",112.56
"40280","zcta",2019,"transportation_score",NA
"40291","zcta",2019,"transportation_score",110.44
"40299","zcta",2019,"transportation_score",110.92
"40310","zcta",2019,"transportation_score",90.74
"40311","zcta",2019,"transportation_score",95.48
"40312","zcta",2019,"transportation_score",94.57
"40313","zcta",2019,"transportation_score",100.99
"40316","zcta",2019,"transportation_score",93.9
"40322","zcta",2019,"transportation_score",92.05
"40324","zcta",2019,"transportation_score",92.41
"40328","zcta",2019,"transportation_score",94.58
"40330","zcta",2019,"transportation_score",92.27
"40334","zcta",2019,"transportation_score",NA
"40336","zcta",2019,"transportation_score",92.45
"40337","zcta",2019,"transportation_score",90.77
"40339","zcta",2019,"transportation_score",NA
"40342","zcta",2019,"transportation_score",91.33
"40346","zcta",2019,"transportation_score",97.48
"40347","zcta",2019,"transportation_score",92.93
"40348","zcta",2019,"transportation_score",93.07
"40350","zcta",2019,"transportation_score",87.41
"40351","zcta",2019,"transportation_score",93.62
"40353","zcta",2019,"transportation_score",92.72
"40356","zcta",2019,"transportation_score",92.3
"40358","zcta",2019,"transportation_score",87.63
"40359","zcta",2019,"transportation_score",91.86
"40360","zcta",2019,"transportation_score",94.13
"40361","zcta",2019,"transportation_score",92.99
"40363","zcta",2019,"transportation_score",NA
"40370","zcta",2019,"transportation_score",90.82
"40371","zcta",2019,"transportation_score",91.33
"40372","zcta",2019,"transportation_score",94.04
"40374","zcta",2019,"transportation_score",93.77
"40376","zcta",2019,"transportation_score",NA
"40379","zcta",2019,"transportation_score",91.11
"40380","zcta",2019,"transportation_score",92.74
"40383","zcta",2019,"transportation_score",93.43
"40385","zcta",2019,"transportation_score",91.51
"40387","zcta",2019,"transportation_score",92.36
"40390","zcta",2019,"transportation_score",97.74
"40391","zcta",2019,"transportation_score",92.19
"40402","zcta",2019,"transportation_score",91.91
"40403","zcta",2019,"transportation_score",94.6
"40404","zcta",2019,"transportation_score",NA
"40409","zcta",2019,"transportation_score",91.19
"40419","zcta",2019,"transportation_score",97.88
"40422","zcta",2019,"transportation_score",95.04
"40434","zcta",2019,"transportation_score",NA
"40437","zcta",2019,"transportation_score",89.94
"40440","zcta",2019,"transportation_score",92.16
"40442","zcta",2019,"transportation_score",94.12
"40444","zcta",2019,"transportation_score",92.74
"40445","zcta",2019,"transportation_score",88.83
"40447","zcta",2019,"transportation_score",93.73
"40448","zcta",2019,"transportation_score",NA
"40456","zcta",2019,"transportation_score",93.62
"40460","zcta",2019,"transportation_score",94.09
"40461","zcta",2019,"transportation_score",90.36
"40464","zcta",2019,"transportation_score",91.81
"40468","zcta",2019,"transportation_score",91.7
"40472","zcta",2019,"transportation_score",91.28
"40475","zcta",2019,"transportation_score",109.12
"40481","zcta",2019,"transportation_score",NA
"40484","zcta",2019,"transportation_score",92.88
"40486","zcta",2019,"transportation_score",91.07
"40489","zcta",2019,"transportation_score",95.9
"40502","zcta",2019,"transportation_score",105.35
"40503","zcta",2019,"transportation_score",105.95
"40504","zcta",2019,"transportation_score",114.35
"40505","zcta",2019,"transportation_score",108
"40506","zcta",2019,"transportation_score",NA
"40507","zcta",2019,"transportation_score",110.5
"40508","zcta",2019,"transportation_score",121.05
"40509","zcta",2019,"transportation_score",104.48
"40510","zcta",2019,"transportation_score",NA
"40511","zcta",2019,"transportation_score",105.24
"40513","zcta",2019,"transportation_score",102.74
"40514","zcta",2019,"transportation_score",102.71
"40515","zcta",2019,"transportation_score",103.26
"40516","zcta",2019,"transportation_score",92.36
"40517","zcta",2019,"transportation_score",106.42
"40601","zcta",2019,"transportation_score",108.5
"40604","zcta",2019,"transportation_score",NA
"40701","zcta",2019,"transportation_score",91.47
"40729","zcta",2019,"transportation_score",96.58
"40734","zcta",2019,"transportation_score",95.67
"40737","zcta",2019,"transportation_score",94.55
"40740","zcta",2019,"transportation_score",90.55
"40741","zcta",2019,"transportation_score",91.34
"40743","zcta",2019,"transportation_score",88.08
"40744","zcta",2019,"transportation_score",89.88
"40759","zcta",2019,"transportation_score",91.33
"40763","zcta",2019,"transportation_score",89.99
"40769","zcta",2019,"transportation_score",94.68
"40771","zcta",2019,"transportation_score",87.89
"40801","zcta",2019,"transportation_score",93.97
"40806","zcta",2019,"transportation_score",93.44
"40807","zcta",2019,"transportation_score",90.34
"40808","zcta",2019,"transportation_score",NA
"40810","zcta",2019,"transportation_score",91.2
"40813","zcta",2019,"transportation_score",91.14
"40815","zcta",2019,"transportation_score",93.48
"40816","zcta",2019,"transportation_score",NA
"40818","zcta",2019,"transportation_score",NA
"40819","zcta",2019,"transportation_score",95.65
"40820","zcta",2019,"transportation_score",94.63
"40823","zcta",2019,"transportation_score",93.88
"40824","zcta",2019,"transportation_score",87.9
"40826","zcta",2019,"transportation_score",103.83
"40827","zcta",2019,"transportation_score",89.08
"40828","zcta",2019,"transportation_score",92.21
"40829","zcta",2019,"transportation_score",129.52
"40830","zcta",2019,"transportation_score",84.03
"40831","zcta",2019,"transportation_score",95.08
"40840","zcta",2019,"transportation_score",91.58
"40843","zcta",2019,"transportation_score",93.68
"40844","zcta",2019,"transportation_score",NA
"40845","zcta",2019,"transportation_score",90.04
"40847","zcta",2019,"transportation_score",87.44
"40849","zcta",2019,"transportation_score",100.48
"40854","zcta",2019,"transportation_score",95.52
"40855","zcta",2019,"transportation_score",96.24
"40856","zcta",2019,"transportation_score",89.53
"40858","zcta",2019,"transportation_score",91.14
"40862","zcta",2019,"transportation_score",99.59
"40863","zcta",2019,"transportation_score",87.87
"40865","zcta",2019,"transportation_score",92.79
"40868","zcta",2019,"transportation_score",91.47
"40870","zcta",2019,"transportation_score",87.75
"40873","zcta",2019,"transportation_score",93.42
"40874","zcta",2019,"transportation_score",89.66
"40902","zcta",2019,"transportation_score",94.33
"40903","zcta",2019,"transportation_score",87.86
"40906","zcta",2019,"transportation_score",94.17
"40913","zcta",2019,"transportation_score",101.76
"40914","zcta",2019,"transportation_score",99.73
"40915","zcta",2019,"transportation_score",89.34
"40921","zcta",2019,"transportation_score",96.86
"40923","zcta",2019,"transportation_score",90.5
"40927","zcta",2019,"transportation_score",103.48
"40935","zcta",2019,"transportation_score",94.84
"40939","zcta",2019,"transportation_score",101.44
"40940","zcta",2019,"transportation_score",91.12
"40941","zcta",2019,"transportation_score",94.48
"40943","zcta",2019,"transportation_score",90.93
"40946","zcta",2019,"transportation_score",106.04
"40949","zcta",2019,"transportation_score",92.81
"40953","zcta",2019,"transportation_score",87.87
"40958","zcta",2019,"transportation_score",85.54
"40962","zcta",2019,"transportation_score",94.06
"40964","zcta",2019,"transportation_score",NA
"40965","zcta",2019,"transportation_score",94.49
"40972","zcta",2019,"transportation_score",96.65
"40977","zcta",2019,"transportation_score",94.15
"40979","zcta",2019,"transportation_score",NA
"40982","zcta",2019,"transportation_score",89.98
"40983","zcta",2019,"transportation_score",96.48
"40988","zcta",2019,"transportation_score",94.09
"40995","zcta",2019,"transportation_score",90.7
"40997","zcta",2019,"transportation_score",92.45
"41001","zcta",2019,"transportation_score",92.06
"41002","zcta",2019,"transportation_score",95.16
"41003","zcta",2019,"transportation_score",91.16
"41004","zcta",2019,"transportation_score",92.11
"41005","zcta",2019,"transportation_score",106.23
"41006","zcta",2019,"transportation_score",89.27
"41007","zcta",2019,"transportation_score",92.02
"41008","zcta",2019,"transportation_score",116.61
"41010","zcta",2019,"transportation_score",93.48
"41011","zcta",2019,"transportation_score",115.31
"41014","zcta",2019,"transportation_score",112.52
"41015","zcta",2019,"transportation_score",107.32
"41016","zcta",2019,"transportation_score",109.38
"41017","zcta",2019,"transportation_score",105.87
"41018","zcta",2019,"transportation_score",106.88
"41030","zcta",2019,"transportation_score",90.28
"41031","zcta",2019,"transportation_score",92.69
"41033","zcta",2019,"transportation_score",90.81
"41034","zcta",2019,"transportation_score",91.69
"41035","zcta",2019,"transportation_score",93.29
"41039","zcta",2019,"transportation_score",92.16
"41040","zcta",2019,"transportation_score",90.93
"41041","zcta",2019,"transportation_score",92.54
"41042","zcta",2019,"transportation_score",106.28
"41043","zcta",2019,"transportation_score",92.99
"41044","zcta",2019,"transportation_score",94.35
"41045","zcta",2019,"transportation_score",92.68
"41046","zcta",2019,"transportation_score",93.69
"41048","zcta",2019,"transportation_score",91.43
"41049","zcta",2019,"transportation_score",97.87
"41051","zcta",2019,"transportation_score",105.48
"41052","zcta",2019,"transportation_score",83.74
"41055","zcta",2019,"transportation_score",96.33
"41056","zcta",2019,"transportation_score",104.72
"41059","zcta",2019,"transportation_score",93.03
"41062","zcta",2019,"transportation_score",NA
"41063","zcta",2019,"transportation_score",91.58
"41064","zcta",2019,"transportation_score",90.6
"41071","zcta",2019,"transportation_score",113.26
"41073","zcta",2019,"transportation_score",106.76
"41074","zcta",2019,"transportation_score",109.56
"41075","zcta",2019,"transportation_score",107.3
"41076","zcta",2019,"transportation_score",108.12
"41080","zcta",2019,"transportation_score",92.71
"41083","zcta",2019,"transportation_score",88.94
"41085","zcta",2019,"transportation_score",92.65
"41086","zcta",2019,"transportation_score",93.65
"41091","zcta",2019,"transportation_score",105.58
"41092","zcta",2019,"transportation_score",92.65
"41093","zcta",2019,"transportation_score",93.96
"41094","zcta",2019,"transportation_score",104.58
"41097","zcta",2019,"transportation_score",92.71
"41098","zcta",2019,"transportation_score",90.2
"41099","zcta",2019,"transportation_score",NA
"41101","zcta",2019,"transportation_score",108.15
"41102","zcta",2019,"transportation_score",107.43
"41121","zcta",2019,"transportation_score",89.82
"41124","zcta",2019,"transportation_score",92.88
"41129","zcta",2019,"transportation_score",105.22
"41132","zcta",2019,"transportation_score",86.19
"41135","zcta",2019,"transportation_score",NA
"41139","zcta",2019,"transportation_score",106.12
"41141","zcta",2019,"transportation_score",91.16
"41142","zcta",2019,"transportation_score",NA
"41143","zcta",2019,"transportation_score",94.38
"41144","zcta",2019,"transportation_score",91.94
"41146","zcta",2019,"transportation_score",94.38
"41149","zcta",2019,"transportation_score",89.16
"41159","zcta",2019,"transportation_score",90.73
"41164","zcta",2019,"transportation_score",91.93
"41166","zcta",2019,"transportation_score",88.1
"41168","zcta",2019,"transportation_score",89.75
"41169","zcta",2019,"transportation_score",105.63
"41171","zcta",2019,"transportation_score",92.52
"41174","zcta",2019,"transportation_score",91.41
"41175","zcta",2019,"transportation_score",91.45
"41179","zcta",2019,"transportation_score",91.66
"41180","zcta",2019,"transportation_score",91.86
"41183","zcta",2019,"transportation_score",91.66
"41189","zcta",2019,"transportation_score",94.53
"41201","zcta",2019,"transportation_score",86.9
"41203","zcta",2019,"transportation_score",92.06
"41204","zcta",2019,"transportation_score",89.05
"41214","zcta",2019,"transportation_score",87.51
"41216","zcta",2019,"transportation_score",89.14
"41219","zcta",2019,"transportation_score",92.05
"41222","zcta",2019,"transportation_score",92.62
"41224","zcta",2019,"transportation_score",92.4
"41226","zcta",2019,"transportation_score",97.72
"41230","zcta",2019,"transportation_score",91.37
"41231","zcta",2019,"transportation_score",97.36
"41232","zcta",2019,"transportation_score",91.97
"41234","zcta",2019,"transportation_score",91.19
"41238","zcta",2019,"transportation_score",88.78
"41240","zcta",2019,"transportation_score",100.83
"41250","zcta",2019,"transportation_score",96.95
"41254","zcta",2019,"transportation_score",87.03
"41255","zcta",2019,"transportation_score",89.32
"41256","zcta",2019,"transportation_score",89.16
"41257","zcta",2019,"transportation_score",94.12
"41260","zcta",2019,"transportation_score",90.46
"41262","zcta",2019,"transportation_score",88.64
"41263","zcta",2019,"transportation_score",89.5
"41264","zcta",2019,"transportation_score",98.46
"41265","zcta",2019,"transportation_score",95.87
"41267","zcta",2019,"transportation_score",87.91
"41268","zcta",2019,"transportation_score",86.79
"41271","zcta",2019,"transportation_score",90.98
"41274","zcta",2019,"transportation_score",97.31
"41301","zcta",2019,"transportation_score",94.78
"41311","zcta",2019,"transportation_score",92.94
"41314","zcta",2019,"transportation_score",93.64
"41317","zcta",2019,"transportation_score",86.13
"41332","zcta",2019,"transportation_score",91.04
"41339","zcta",2019,"transportation_score",94.01
"41348","zcta",2019,"transportation_score",95.63
"41352","zcta",2019,"transportation_score",90.05
"41360","zcta",2019,"transportation_score",87.79
"41365","zcta",2019,"transportation_score",87.88
"41366","zcta",2019,"transportation_score",NA
"41367","zcta",2019,"transportation_score",86.59
"41385","zcta",2019,"transportation_score",90.04
"41390","zcta",2019,"transportation_score",NA
"41397","zcta",2019,"transportation_score",NA
"41408","zcta",2019,"transportation_score",95.82
"41421","zcta",2019,"transportation_score",87.24
"41425","zcta",2019,"transportation_score",92.57
"41464","zcta",2019,"transportation_score",87.88
"41465","zcta",2019,"transportation_score",91.41
"41472","zcta",2019,"transportation_score",91.38
"41501","zcta",2019,"transportation_score",93.78
"41503","zcta",2019,"transportation_score",91.55
"41512","zcta",2019,"transportation_score",95.13
"41513","zcta",2019,"transportation_score",104.63
"41514","zcta",2019,"transportation_score",90.77
"41517","zcta",2019,"transportation_score",97.78
"41519","zcta",2019,"transportation_score",91.19
"41522","zcta",2019,"transportation_score",92.32
"41524","zcta",2019,"transportation_score",95.75
"41526","zcta",2019,"transportation_score",85.38
"41527","zcta",2019,"transportation_score",89.41
"41528","zcta",2019,"transportation_score",90.25
"41531","zcta",2019,"transportation_score",91.18
"41534","zcta",2019,"transportation_score",87.87
"41535","zcta",2019,"transportation_score",91.72
"41537","zcta",2019,"transportation_score",93.7
"41538","zcta",2019,"transportation_score",93.13
"41539","zcta",2019,"transportation_score",90.41
"41540","zcta",2019,"transportation_score",94.98
"41543","zcta",2019,"transportation_score",85.82
"41544","zcta",2019,"transportation_score",106.42
"41547","zcta",2019,"transportation_score",95.78
"41548","zcta",2019,"transportation_score",95.44
"41553","zcta",2019,"transportation_score",94.71
"41554","zcta",2019,"transportation_score",91.31
"41555","zcta",2019,"transportation_score",93.73
"41557","zcta",2019,"transportation_score",92.92
"41558","zcta",2019,"transportation_score",89.9
"41559","zcta",2019,"transportation_score",89.79
"41560","zcta",2019,"transportation_score",85.98
"41562","zcta",2019,"transportation_score",89.66
"41563","zcta",2019,"transportation_score",87.87
"41564","zcta",2019,"transportation_score",87.48
"41566","zcta",2019,"transportation_score",93.71
"41567","zcta",2019,"transportation_score",86.59
"41568","zcta",2019,"transportation_score",101.35
"41571","zcta",2019,"transportation_score",90.09
"41572","zcta",2019,"transportation_score",93.64
"41601","zcta",2019,"transportation_score",90.83
"41602","zcta",2019,"transportation_score",88.43
"41603","zcta",2019,"transportation_score",90.27
"41604","zcta",2019,"transportation_score",93.14
"41605","zcta",2019,"transportation_score",95.64
"41606","zcta",2019,"transportation_score",88.55
"41607","zcta",2019,"transportation_score",92.39
"41612","zcta",2019,"transportation_score",NA
"41615","zcta",2019,"transportation_score",94.91
"41616","zcta",2019,"transportation_score",87.87
"41619","zcta",2019,"transportation_score",85.47
"41621","zcta",2019,"transportation_score",86.39
"41622","zcta",2019,"transportation_score",83.77
"41630","zcta",2019,"transportation_score",96.9
"41631","zcta",2019,"transportation_score",91.32
"41632","zcta",2019,"transportation_score",86.48
"41635","zcta",2019,"transportation_score",91.73
"41636","zcta",2019,"transportation_score",91.19
"41640","zcta",2019,"transportation_score",89.4
"41642","zcta",2019,"transportation_score",93.12
"41643","zcta",2019,"transportation_score",NA
"41645","zcta",2019,"transportation_score",89.78
"41647","zcta",2019,"transportation_score",89.15
"41649","zcta",2019,"transportation_score",91.64
"41650","zcta",2019,"transportation_score",86.16
"41653","zcta",2019,"transportation_score",93.21
"41655","zcta",2019,"transportation_score",94.91
"41659","zcta",2019,"transportation_score",91.99
"41660","zcta",2019,"transportation_score",89.25
"41663","zcta",2019,"transportation_score",96.97
"41666","zcta",2019,"transportation_score",89.62
"41667","zcta",2019,"transportation_score",88.91
"41669","zcta",2019,"transportation_score",88.17
"41701","zcta",2019,"transportation_score",104.21
"41712","zcta",2019,"transportation_score",96.11
"41713","zcta",2019,"transportation_score",105.4
"41714","zcta",2019,"transportation_score",90.98
"41719","zcta",2019,"transportation_score",94.34
"41721","zcta",2019,"transportation_score",92.27
"41722","zcta",2019,"transportation_score",93.45
"41723","zcta",2019,"transportation_score",91.06
"41725","zcta",2019,"transportation_score",87.15
"41727","zcta",2019,"transportation_score",93.2
"41729","zcta",2019,"transportation_score",NA
"41731","zcta",2019,"transportation_score",89.56
"41735","zcta",2019,"transportation_score",84.01
"41739","zcta",2019,"transportation_score",88.74
"41740","zcta",2019,"transportation_score",91.19
"41745","zcta",2019,"transportation_score",90.14
"41746","zcta",2019,"transportation_score",87.92
"41749","zcta",2019,"transportation_score",92.23
"41751","zcta",2019,"transportation_score",86.64
"41754","zcta",2019,"transportation_score",94.01
"41759","zcta",2019,"transportation_score",90.8
"41760","zcta",2019,"transportation_score",NA
"41762","zcta",2019,"transportation_score",NA
"41763","zcta",2019,"transportation_score",90.69
"41764","zcta",2019,"transportation_score",87.43
"41766","zcta",2019,"transportation_score",93.82
"41772","zcta",2019,"transportation_score",94.49
"41773","zcta",2019,"transportation_score",97.26
"41774","zcta",2019,"transportation_score",90.17
"41775","zcta",2019,"transportation_score",NA
"41776","zcta",2019,"transportation_score",90.83
"41777","zcta",2019,"transportation_score",95.16
"41804","zcta",2019,"transportation_score",97.77
"41810","zcta",2019,"transportation_score",90.25
"41812","zcta",2019,"transportation_score",97.63
"41815","zcta",2019,"transportation_score",90.03
"41817","zcta",2019,"transportation_score",85.98
"41819","zcta",2019,"transportation_score",87.55
"41821","zcta",2019,"transportation_score",93.67
"41822","zcta",2019,"transportation_score",93.85
"41824","zcta",2019,"transportation_score",98.99
"41825","zcta",2019,"transportation_score",90.14
"41826","zcta",2019,"transportation_score",94.71
"41828","zcta",2019,"transportation_score",92.5
"41831","zcta",2019,"transportation_score",93.38
"41832","zcta",2019,"transportation_score",89.49
"41833","zcta",2019,"transportation_score",86.69
"41834","zcta",2019,"transportation_score",90.45
"41835","zcta",2019,"transportation_score",90.91
"41836","zcta",2019,"transportation_score",91.24
"41837","zcta",2019,"transportation_score",88.33
"41838","zcta",2019,"transportation_score",89.9
"41839","zcta",2019,"transportation_score",93.65
"41840","zcta",2019,"transportation_score",91.14
"41843","zcta",2019,"transportation_score",98.93
"41844","zcta",2019,"transportation_score",NA
"41845","zcta",2019,"transportation_score",86.87
"41847","zcta",2019,"transportation_score",90.07
"41848","zcta",2019,"transportation_score",NA
"41849","zcta",2019,"transportation_score",85.38
"41855","zcta",2019,"transportation_score",87.48
"41858","zcta",2019,"transportation_score",93.66
"41859","zcta",2019,"transportation_score",95.08
"41861","zcta",2019,"transportation_score",91.3
"41862","zcta",2019,"transportation_score",98.81
"42001","zcta",2019,"transportation_score",107.27
"42003","zcta",2019,"transportation_score",109.08
"42020","zcta",2019,"transportation_score",90.93
"42021","zcta",2019,"transportation_score",96.5
"42022","zcta",2019,"transportation_score",87.36
"42023","zcta",2019,"transportation_score",91.02
"42024","zcta",2019,"transportation_score",99.69
"42025","zcta",2019,"transportation_score",90.57
"42027","zcta",2019,"transportation_score",91.8
"42028","zcta",2019,"transportation_score",94.19
"42029","zcta",2019,"transportation_score",90.94
"42031","zcta",2019,"transportation_score",93.33
"42032","zcta",2019,"transportation_score",92.8
"42035","zcta",2019,"transportation_score",92.39
"42036","zcta",2019,"transportation_score",90.71
"42037","zcta",2019,"transportation_score",NA
"42038","zcta",2019,"transportation_score",92.46
"42039","zcta",2019,"transportation_score",88.65
"42040","zcta",2019,"transportation_score",92.92
"42041","zcta",2019,"transportation_score",96.99
"42044","zcta",2019,"transportation_score",91.84
"42045","zcta",2019,"transportation_score",92.84
"42047","zcta",2019,"transportation_score",92.33
"42048","zcta",2019,"transportation_score",92.23
"42049","zcta",2019,"transportation_score",91.86
"42050","zcta",2019,"transportation_score",93.18
"42051","zcta",2019,"transportation_score",90.28
"42053","zcta",2019,"transportation_score",90.37
"42054","zcta",2019,"transportation_score",92.58
"42055","zcta",2019,"transportation_score",88.75
"42056","zcta",2019,"transportation_score",91.28
"42058","zcta",2019,"transportation_score",88.78
"42060","zcta",2019,"transportation_score",NA
"42061","zcta",2019,"transportation_score",NA
"42064","zcta",2019,"transportation_score",96.11
"42066","zcta",2019,"transportation_score",90.85
"42069","zcta",2019,"transportation_score",95.52
"42071","zcta",2019,"transportation_score",111.96
"42076","zcta",2019,"transportation_score",93.99
"42078","zcta",2019,"transportation_score",92.48
"42079","zcta",2019,"transportation_score",90.14
"42081","zcta",2019,"transportation_score",89.97
"42082","zcta",2019,"transportation_score",89.79
"42083","zcta",2019,"transportation_score",91.14
"42084","zcta",2019,"transportation_score",NA
"42085","zcta",2019,"transportation_score",91.71
"42086","zcta",2019,"transportation_score",92.86
"42087","zcta",2019,"transportation_score",90.14
"42088","zcta",2019,"transportation_score",90.52
"42101","zcta",2019,"transportation_score",111.11
"42102","zcta",2019,"transportation_score",100.22
"42103","zcta",2019,"transportation_score",107.16
"42104","zcta",2019,"transportation_score",108.33
"42120","zcta",2019,"transportation_score",93.28
"42122","zcta",2019,"transportation_score",91.05
"42123","zcta",2019,"transportation_score",90.61
"42124","zcta",2019,"transportation_score",NA
"42127","zcta",2019,"transportation_score",93.35
"42129","zcta",2019,"transportation_score",91.58
"42130","zcta",2019,"transportation_score",91.53
"42133","zcta",2019,"transportation_score",92.17
"42134","zcta",2019,"transportation_score",91.35
"42140","zcta",2019,"transportation_score",92.36
"42141","zcta",2019,"transportation_score",104.23
"42151","zcta",2019,"transportation_score",NA
"42153","zcta",2019,"transportation_score",93.34
"42154","zcta",2019,"transportation_score",92.12
"42156","zcta",2019,"transportation_score",88.57
"42157","zcta",2019,"transportation_score",104.38
"42159","zcta",2019,"transportation_score",90.36
"42160","zcta",2019,"transportation_score",97.62
"42163","zcta",2019,"transportation_score",NA
"42164","zcta",2019,"transportation_score",95.15
"42166","zcta",2019,"transportation_score",93.56
"42167","zcta",2019,"transportation_score",94
"42170","zcta",2019,"transportation_score",94.58
"42171","zcta",2019,"transportation_score",91.96
"42202","zcta",2019,"transportation_score",93.53
"42204","zcta",2019,"transportation_score",91.32
"42206","zcta",2019,"transportation_score",90.84
"42207","zcta",2019,"transportation_score",92.88
"42210","zcta",2019,"transportation_score",91.09
"42211","zcta",2019,"transportation_score",93.28
"42214","zcta",2019,"transportation_score",93.28
"42215","zcta",2019,"transportation_score",95.32
"42217","zcta",2019,"transportation_score",93.98
"42220","zcta",2019,"transportation_score",94.21
"42232","zcta",2019,"transportation_score",88.61
"42234","zcta",2019,"transportation_score",102.36
"42236","zcta",2019,"transportation_score",95.56
"42240","zcta",2019,"transportation_score",109.25
"42254","zcta",2019,"transportation_score",91.31
"42256","zcta",2019,"transportation_score",94
"42259","zcta",2019,"transportation_score",99.52
"42261","zcta",2019,"transportation_score",92.5
"42262","zcta",2019,"transportation_score",111.63
"42265","zcta",2019,"transportation_score",89.29
"42266","zcta",2019,"transportation_score",100.35
"42273","zcta",2019,"transportation_score",89.15
"42274","zcta",2019,"transportation_score",94.12
"42275","zcta",2019,"transportation_score",92.35
"42276","zcta",2019,"transportation_score",91.9
"42280","zcta",2019,"transportation_score",98.52
"42285","zcta",2019,"transportation_score",86.91
"42286","zcta",2019,"transportation_score",96.68
"42301","zcta",2019,"transportation_score",107.26
"42303","zcta",2019,"transportation_score",105.98
"42320","zcta",2019,"transportation_score",91.62
"42321","zcta",2019,"transportation_score",82.24
"42322","zcta",2019,"transportation_score",NA
"42323","zcta",2019,"transportation_score",92.8
"42324","zcta",2019,"transportation_score",91.55
"42325","zcta",2019,"transportation_score",91.01
"42326","zcta",2019,"transportation_score",90.03
"42327","zcta",2019,"transportation_score",93.63
"42328","zcta",2019,"transportation_score",90.5
"42330","zcta",2019,"transportation_score",92
"42332","zcta",2019,"transportation_score",85.74
"42333","zcta",2019,"transportation_score",92.43
"42337","zcta",2019,"transportation_score",90.85
"42338","zcta",2019,"transportation_score",NA
"42339","zcta",2019,"transportation_score",89.54
"42343","zcta",2019,"transportation_score",94.7
"42344","zcta",2019,"transportation_score",88.16
"42345","zcta",2019,"transportation_score",90.28
"42347","zcta",2019,"transportation_score",91.61
"42348","zcta",2019,"transportation_score",89.91
"42349","zcta",2019,"transportation_score",91.15
"42350","zcta",2019,"transportation_score",91.58
"42351","zcta",2019,"transportation_score",91.92
"42352","zcta",2019,"transportation_score",89.24
"42354","zcta",2019,"transportation_score",89.26
"42355","zcta",2019,"transportation_score",90.41
"42356","zcta",2019,"transportation_score",NA
"42361","zcta",2019,"transportation_score",89.78
"42366","zcta",2019,"transportation_score",90.46
"42367","zcta",2019,"transportation_score",91.86
"42368","zcta",2019,"transportation_score",90.24
"42369","zcta",2019,"transportation_score",95.62
"42370","zcta",2019,"transportation_score",NA
"42371","zcta",2019,"transportation_score",93.58
"42372","zcta",2019,"transportation_score",91.53
"42374","zcta",2019,"transportation_score",88.09
"42376","zcta",2019,"transportation_score",92.72
"42378","zcta",2019,"transportation_score",91.43
"42404","zcta",2019,"transportation_score",93.11
"42406","zcta",2019,"transportation_score",90.66
"42408","zcta",2019,"transportation_score",90.5
"42409","zcta",2019,"transportation_score",90.54
"42410","zcta",2019,"transportation_score",92.76
"42411","zcta",2019,"transportation_score",92.04
"42413","zcta",2019,"transportation_score",89.4
"42420","zcta",2019,"transportation_score",105.78
"42431","zcta",2019,"transportation_score",90.76
"42436","zcta",2019,"transportation_score",94.5
"42437","zcta",2019,"transportation_score",93.81
"42440","zcta",2019,"transportation_score",91.53
"42441","zcta",2019,"transportation_score",91.91
"42442","zcta",2019,"transportation_score",91.26
"42445","zcta",2019,"transportation_score",94
"42450","zcta",2019,"transportation_score",91.98
"42451","zcta",2019,"transportation_score",90.5
"42452","zcta",2019,"transportation_score",90.61
"42453","zcta",2019,"transportation_score",88.97
"42455","zcta",2019,"transportation_score",90.66
"42456","zcta",2019,"transportation_score",90.31
"42458","zcta",2019,"transportation_score",90.65
"42459","zcta",2019,"transportation_score",91.01
"42461","zcta",2019,"transportation_score",92.02
"42462","zcta",2019,"transportation_score",88.69
"42463","zcta",2019,"transportation_score",NA
"42464","zcta",2019,"transportation_score",94.66
"42501","zcta",2019,"transportation_score",93.04
"42503","zcta",2019,"transportation_score",91.38
"42516","zcta",2019,"transportation_score",98.67
"42518","zcta",2019,"transportation_score",90.49
"42519","zcta",2019,"transportation_score",91.7
"42528","zcta",2019,"transportation_score",94.78
"42533","zcta",2019,"transportation_score",90.64
"42539","zcta",2019,"transportation_score",92.08
"42541","zcta",2019,"transportation_score",93.1
"42544","zcta",2019,"transportation_score",89.05
"42553","zcta",2019,"transportation_score",91.02
"42565","zcta",2019,"transportation_score",95.96
"42566","zcta",2019,"transportation_score",95.6
"42567","zcta",2019,"transportation_score",92.33
"42602","zcta",2019,"transportation_score",91.64
"42603","zcta",2019,"transportation_score",NA
"42629","zcta",2019,"transportation_score",92.45
"42631","zcta",2019,"transportation_score",85.52
"42633","zcta",2019,"transportation_score",93.06
"42634","zcta",2019,"transportation_score",89.99
"42635","zcta",2019,"transportation_score",90.86
"42638","zcta",2019,"transportation_score",NA
"42642","zcta",2019,"transportation_score",90.52
"42647","zcta",2019,"transportation_score",92.6
"42649","zcta",2019,"transportation_score",92.12
"42653","zcta",2019,"transportation_score",93.53
"42701","zcta",2019,"transportation_score",123.2
"42712","zcta",2019,"transportation_score",96.6
"42713","zcta",2019,"transportation_score",89.71
"42715","zcta",2019,"transportation_score",87.89
"42716","zcta",2019,"transportation_score",91.5
"42717","zcta",2019,"transportation_score",93.93
"42718","zcta",2019,"transportation_score",92.49
"42721","zcta",2019,"transportation_score",93.05
"42722","zcta",2019,"transportation_score",94.96
"42724","zcta",2019,"transportation_score",90.84
"42726","zcta",2019,"transportation_score",94.91
"42728","zcta",2019,"transportation_score",92.24
"42729","zcta",2019,"transportation_score",101.61
"42731","zcta",2019,"transportation_score",86.91
"42732","zcta",2019,"transportation_score",90.77
"42733","zcta",2019,"transportation_score",94.42
"42740","zcta",2019,"transportation_score",96.11
"42741","zcta",2019,"transportation_score",90.91
"42743","zcta",2019,"transportation_score",93.46
"42746","zcta",2019,"transportation_score",94.33
"42748","zcta",2019,"transportation_score",91.38
"42749","zcta",2019,"transportation_score",93.33
"42753","zcta",2019,"transportation_score",91.66
"42754","zcta",2019,"transportation_score",92.16
"42757","zcta",2019,"transportation_score",92.82
"42758","zcta",2019,"transportation_score",NA
"42762","zcta",2019,"transportation_score",93.05
"42764","zcta",2019,"transportation_score",89.44
"42765","zcta",2019,"transportation_score",100.25
"42776","zcta",2019,"transportation_score",94.26
"42782","zcta",2019,"transportation_score",91.39
"42784","zcta",2019,"transportation_score",92.26
"42788","zcta",2019,"transportation_score",97.47
"40003","zcta",2019,"transportation_rnk",29.4192
"40004","zcta",2019,"transportation_rnk",30.7467
"40006","zcta",2019,"transportation_rnk",11.238
"40007","zcta",2019,"transportation_rnk",NA
"40008","zcta",2019,"transportation_rnk",8.9605
"40009","zcta",2019,"transportation_rnk",25.4889
"40010","zcta",2019,"transportation_rnk",26.0192
"40011","zcta",2019,"transportation_rnk",33.2943
"40012","zcta",2019,"transportation_rnk",22.7851
"40013","zcta",2019,"transportation_rnk",24.8967
"40014","zcta",2019,"transportation_rnk",86.2372
"40019","zcta",2019,"transportation_rnk",53.4114
"40020","zcta",2019,"transportation_rnk",1.8969
"40022","zcta",2019,"transportation_rnk",21.9977
"40023","zcta",2019,"transportation_rnk",32.8551
"40025","zcta",2019,"transportation_rnk",NA
"40026","zcta",2019,"transportation_rnk",17.3841
"40031","zcta",2019,"transportation_rnk",87.1677
"40033","zcta",2019,"transportation_rnk",91.5406
"40036","zcta",2019,"transportation_rnk",71.0656
"40037","zcta",2019,"transportation_rnk",12.9136
"40040","zcta",2019,"transportation_rnk",7.0213
"40041","zcta",2019,"transportation_rnk",0.9631
"40045","zcta",2019,"transportation_rnk",28.9767
"40046","zcta",2019,"transportation_rnk",30.1611
"40047","zcta",2019,"transportation_rnk",86.1005
"40048","zcta",2019,"transportation_rnk",NA
"40049","zcta",2019,"transportation_rnk",NA
"40050","zcta",2019,"transportation_rnk",10.5027
"40051","zcta",2019,"transportation_rnk",33.1381
"40052","zcta",2019,"transportation_rnk",12.3377
"40055","zcta",2019,"transportation_rnk",60.026
"40056","zcta",2019,"transportation_rnk",14.2086
"40057","zcta",2019,"transportation_rnk",32.4288
"40058","zcta",2019,"transportation_rnk",NA
"40059","zcta",2019,"transportation_rnk",86.9139
"40060","zcta",2019,"transportation_rnk",35.0382
"40062","zcta",2019,"transportation_rnk",25.7459
"40063","zcta",2019,"transportation_rnk",NA
"40065","zcta",2019,"transportation_rnk",40.4002
"40067","zcta",2019,"transportation_rnk",39.8699
"40068","zcta",2019,"transportation_rnk",28.57
"40069","zcta",2019,"transportation_rnk",40.2961
"40070","zcta",2019,"transportation_rnk",12.0774
"40071","zcta",2019,"transportation_rnk",15.1131
"40075","zcta",2019,"transportation_rnk",15.7052
"40076","zcta",2019,"transportation_rnk",51.726
"40077","zcta",2019,"transportation_rnk",3.7221
"40078","zcta",2019,"transportation_rnk",46.1168
"40104","zcta",2019,"transportation_rnk",22.2873
"40107","zcta",2019,"transportation_rnk",14.7226
"40108","zcta",2019,"transportation_rnk",39.4046
"40109","zcta",2019,"transportation_rnk",36.3299
"40110","zcta",2019,"transportation_rnk",NA
"40111","zcta",2019,"transportation_rnk",35.2823
"40115","zcta",2019,"transportation_rnk",3.1267
"40117","zcta",2019,"transportation_rnk",19.7657
"40118","zcta",2019,"transportation_rnk",88.1633
"40119","zcta",2019,"transportation_rnk",68.7815
"40121","zcta",2019,"transportation_rnk",95.4612
"40140","zcta",2019,"transportation_rnk",7.4931
"40142","zcta",2019,"transportation_rnk",4.8544
"40143","zcta",2019,"transportation_rnk",14.2086
"40144","zcta",2019,"transportation_rnk",72.777
"40145","zcta",2019,"transportation_rnk",90.3986
"40146","zcta",2019,"transportation_rnk",70.5743
"40150","zcta",2019,"transportation_rnk",23.7807
"40152","zcta",2019,"transportation_rnk",3.2504
"40155","zcta",2019,"transportation_rnk",18.4513
"40157","zcta",2019,"transportation_rnk",39.8699
"40160","zcta",2019,"transportation_rnk",95.0805
"40161","zcta",2019,"transportation_rnk",0.4783
"40162","zcta",2019,"transportation_rnk",11.6707
"40165","zcta",2019,"transportation_rnk",86.2242
"40170","zcta",2019,"transportation_rnk",69.8617
"40171","zcta",2019,"transportation_rnk",22.1246
"40175","zcta",2019,"transportation_rnk",94.3517
"40176","zcta",2019,"transportation_rnk",64.2655
"40177","zcta",2019,"transportation_rnk",29.3054
"40178","zcta",2019,"transportation_rnk",58.8352
"40202","zcta",2019,"transportation_rnk",NA
"40203","zcta",2019,"transportation_rnk",96.0176
"40204","zcta",2019,"transportation_rnk",92.0514
"40205","zcta",2019,"transportation_rnk",89.1915
"40206","zcta",2019,"transportation_rnk",92.5883
"40207","zcta",2019,"transportation_rnk",88.3911
"40208","zcta",2019,"transportation_rnk",95.3668
"40209","zcta",2019,"transportation_rnk",76.1835
"40210","zcta",2019,"transportation_rnk",96.5219
"40211","zcta",2019,"transportation_rnk",96.4145
"40212","zcta",2019,"transportation_rnk",94.407
"40213","zcta",2019,"transportation_rnk",90.6524
"40214","zcta",2019,"transportation_rnk",91.469
"40215","zcta",2019,"transportation_rnk",94.3875
"40216","zcta",2019,"transportation_rnk",90.7304
"40217","zcta",2019,"transportation_rnk",90.4279
"40218","zcta",2019,"transportation_rnk",90.7955
"40219","zcta",2019,"transportation_rnk",89.2696
"40220","zcta",2019,"transportation_rnk",88.0234
"40222","zcta",2019,"transportation_rnk",88.1796
"40223","zcta",2019,"transportation_rnk",87.4052
"40228","zcta",2019,"transportation_rnk",87.3304
"40229","zcta",2019,"transportation_rnk",87.1677
"40231","zcta",2019,"transportation_rnk",NA
"40241","zcta",2019,"transportation_rnk",87.4801
"40242","zcta",2019,"transportation_rnk",87.0083
"40243","zcta",2019,"transportation_rnk",88.788
"40245","zcta",2019,"transportation_rnk",86.8001
"40258","zcta",2019,"transportation_rnk",89.4095
"40272","zcta",2019,"transportation_rnk",89.1231
"40280","zcta",2019,"transportation_rnk",NA
"40291","zcta",2019,"transportation_rnk",87.0766
"40299","zcta",2019,"transportation_rnk",87.5712
"40310","zcta",2019,"transportation_rnk",13.4602
"40311","zcta",2019,"transportation_rnk",62.0888
"40312","zcta",2019,"transportation_rnk",56.7887
"40313","zcta",2019,"transportation_rnk",74.5469
"40316","zcta",2019,"transportation_rnk",51.2347
"40322","zcta",2019,"transportation_rnk",29.3054
"40324","zcta",2019,"transportation_rnk",34.0784
"40328","zcta",2019,"transportation_rnk",56.883
"40330","zcta",2019,"transportation_rnk",32.1295
"40334","zcta",2019,"transportation_rnk",NA
"40336","zcta",2019,"transportation_rnk",34.638
"40337","zcta",2019,"transportation_rnk",13.8149
"40339","zcta",2019,"transportation_rnk",NA
"40342","zcta",2019,"transportation_rnk",19.9902
"40346","zcta",2019,"transportation_rnk",68.9572
"40347","zcta",2019,"transportation_rnk",40.5238
"40348","zcta",2019,"transportation_rnk",42.0107
"40350","zcta",2019,"transportation_rnk",1.8676
"40351","zcta",2019,"transportation_rnk",48.2674
"40353","zcta",2019,"transportation_rnk",37.9502
"40356","zcta",2019,"transportation_rnk",32.585
"40358","zcta",2019,"transportation_rnk",2.1669
"40359","zcta",2019,"transportation_rnk",26.6732
"40360","zcta",2019,"transportation_rnk",53.2195
"40361","zcta",2019,"transportation_rnk",41.1973
"40363","zcta",2019,"transportation_rnk",NA
"40370","zcta",2019,"transportation_rnk",14.3062
"40371","zcta",2019,"transportation_rnk",19.9902
"40372","zcta",2019,"transportation_rnk",52.4614
"40374","zcta",2019,"transportation_rnk",49.9235
"40376","zcta",2019,"transportation_rnk",NA
"40379","zcta",2019,"transportation_rnk",17.3841
"40380","zcta",2019,"transportation_rnk",38.1617
"40383","zcta",2019,"transportation_rnk",46.2372
"40385","zcta",2019,"transportation_rnk",22.2873
"40387","zcta",2019,"transportation_rnk",33.4179
"40390","zcta",2019,"transportation_rnk",69.5429
"40391","zcta",2019,"transportation_rnk",31.1534
"40402","zcta",2019,"transportation_rnk",27.3499
"40403","zcta",2019,"transportation_rnk",57.0262
"40404","zcta",2019,"transportation_rnk",NA
"40409","zcta",2019,"transportation_rnk",18.3146
"40419","zcta",2019,"transportation_rnk",69.8487
"40422","zcta",2019,"transportation_rnk",59.808
"40434","zcta",2019,"transportation_rnk",NA
"40437","zcta",2019,"transportation_rnk",7.7273
"40440","zcta",2019,"transportation_rnk",30.7467
"40442","zcta",2019,"transportation_rnk",53.1316
"40444","zcta",2019,"transportation_rnk",38.1617
"40445","zcta",2019,"transportation_rnk",3.9889
"40447","zcta",2019,"transportation_rnk",49.5136
"40448","zcta",2019,"transportation_rnk",NA
"40456","zcta",2019,"transportation_rnk",48.2674
"40460","zcta",2019,"transportation_rnk",52.8811
"40461","zcta",2019,"transportation_rnk",10.314
"40464","zcta",2019,"transportation_rnk",26.0192
"40468","zcta",2019,"transportation_rnk",24.6397
"40472","zcta",2019,"transportation_rnk",19.3883
"40475","zcta",2019,"transportation_rnk",85.58
"40481","zcta",2019,"transportation_rnk",NA
"40484","zcta",2019,"transportation_rnk",39.8699
"40486","zcta",2019,"transportation_rnk",16.9644
"40489","zcta",2019,"transportation_rnk",63.9662
"40502","zcta",2019,"transportation_rnk",80.231
"40503","zcta",2019,"transportation_rnk",81.0997
"40504","zcta",2019,"transportation_rnk",90.5808
"40505","zcta",2019,"transportation_rnk",84.1646
"40506","zcta",2019,"transportation_rnk",NA
"40507","zcta",2019,"transportation_rnk",87.1384
"40508","zcta",2019,"transportation_rnk",93.8442
"40509","zcta",2019,"transportation_rnk",78.9588
"40510","zcta",2019,"transportation_rnk",NA
"40511","zcta",2019,"transportation_rnk",80.0618
"40513","zcta",2019,"transportation_rnk",76.5316
"40514","zcta",2019,"transportation_rnk",76.4763
"40515","zcta",2019,"transportation_rnk",77.1401
"40516","zcta",2019,"transportation_rnk",33.4179
"40517","zcta",2019,"transportation_rnk",81.8676
"40601","zcta",2019,"transportation_rnk",84.8154
"40604","zcta",2019,"transportation_rnk",NA
"40701","zcta",2019,"transportation_rnk",21.7407
"40729","zcta",2019,"transportation_rnk",66.3803
"40734","zcta",2019,"transportation_rnk",63.0194
"40737","zcta",2019,"transportation_rnk",56.6488
"40740","zcta",2019,"transportation_rnk",11.7423
"40741","zcta",2019,"transportation_rnk",20.1659
"40743","zcta",2019,"transportation_rnk",2.964
"40744","zcta",2019,"transportation_rnk",7.402
"40759","zcta",2019,"transportation_rnk",19.9902
"40763","zcta",2019,"transportation_rnk",7.9974
"40769","zcta",2019,"transportation_rnk",57.6249
"40771","zcta",2019,"transportation_rnk",2.7168
"40801","zcta",2019,"transportation_rnk",51.8367
"40806","zcta",2019,"transportation_rnk",46.312
"40807","zcta",2019,"transportation_rnk",10.1903
"40808","zcta",2019,"transportation_rnk",NA
"40810","zcta",2019,"transportation_rnk",18.4513
"40813","zcta",2019,"transportation_rnk",17.7387
"40815","zcta",2019,"transportation_rnk",46.7382
"40816","zcta",2019,"transportation_rnk",NA
"40818","zcta",2019,"transportation_rnk",NA
"40819","zcta",2019,"transportation_rnk",62.938
"40820","zcta",2019,"transportation_rnk",57.2377
"40823","zcta",2019,"transportation_rnk",51.033
"40824","zcta",2019,"transportation_rnk",2.7786
"40826","zcta",2019,"transportation_rnk",77.8884
"40827","zcta",2019,"transportation_rnk",4.5713
"40828","zcta",2019,"transportation_rnk",31.3909
"40829","zcta",2019,"transportation_rnk",95.9785
"40830","zcta",2019,"transportation_rnk",0.231
"40831","zcta",2019,"transportation_rnk",60.026
"40840","zcta",2019,"transportation_rnk",23.1755
"40843","zcta",2019,"transportation_rnk",48.993
"40844","zcta",2019,"transportation_rnk",NA
"40845","zcta",2019,"transportation_rnk",8.2447
"40847","zcta",2019,"transportation_rnk",1.9164
"40849","zcta",2019,"transportation_rnk",73.9418
"40854","zcta",2019,"transportation_rnk",62.258
"40855","zcta",2019,"transportation_rnk",65.2221
"40856","zcta",2019,"transportation_rnk",5.9053
"40858","zcta",2019,"transportation_rnk",17.7387
"40862","zcta",2019,"transportation_rnk",72.7184
"40863","zcta",2019,"transportation_rnk",2.5769
"40865","zcta",2019,"transportation_rnk",38.7897
"40868","zcta",2019,"transportation_rnk",21.7407
"40870","zcta",2019,"transportation_rnk",2.2352
"40873","zcta",2019,"transportation_rnk",46.1168
"40874","zcta",2019,"transportation_rnk",6.3543
"40902","zcta",2019,"transportation_rnk",54.8528
"40903","zcta",2019,"transportation_rnk",2.4825
"40906","zcta",2019,"transportation_rnk",53.5123
"40913","zcta",2019,"transportation_rnk",75.4579
"40914","zcta",2019,"transportation_rnk",72.9136
"40915","zcta",2019,"transportation_rnk",5.2221
"40921","zcta",2019,"transportation_rnk",67.2263
"40923","zcta",2019,"transportation_rnk",11.3421
"40927","zcta",2019,"transportation_rnk",77.4459
"40935","zcta",2019,"transportation_rnk",58.5717
"40939","zcta",2019,"transportation_rnk",75.048
"40940","zcta",2019,"transportation_rnk",17.5045
"40941","zcta",2019,"transportation_rnk",56.0469
"40943","zcta",2019,"transportation_rnk",15.4384
"40946","zcta",2019,"transportation_rnk",81.2461
"40949","zcta",2019,"transportation_rnk",39.0565
"40953","zcta",2019,"transportation_rnk",2.5769
"40958","zcta",2019,"transportation_rnk",0.5954
"40962","zcta",2019,"transportation_rnk",52.5948
"40964","zcta",2019,"transportation_rnk",NA
"40965","zcta",2019,"transportation_rnk",56.1542
"40972","zcta",2019,"transportation_rnk",66.6244
"40977","zcta",2019,"transportation_rnk",53.3431
"40979","zcta",2019,"transportation_rnk",NA
"40982","zcta",2019,"transportation_rnk",7.9258
"40983","zcta",2019,"transportation_rnk",65.9769
"40988","zcta",2019,"transportation_rnk",52.8811
"40995","zcta",2019,"transportation_rnk",13.073
"40997","zcta",2019,"transportation_rnk",34.638
"41001","zcta",2019,"transportation_rnk",29.4192
"41002","zcta",2019,"transportation_rnk",60.4588
"41003","zcta",2019,"transportation_rnk",18.0055
"41004","zcta",2019,"transportation_rnk",30.0211
"41005","zcta",2019,"transportation_rnk",81.5845
"41006","zcta",2019,"transportation_rnk",5.0138
"41007","zcta",2019,"transportation_rnk",28.8726
"41008","zcta",2019,"transportation_rnk",92.0124
"41010","zcta",2019,"transportation_rnk",46.7382
"41011","zcta",2019,"transportation_rnk",91.3031
"41014","zcta",2019,"transportation_rnk",89.0678
"41015","zcta",2019,"transportation_rnk",83.143
"41016","zcta",2019,"transportation_rnk",85.9118
"41017","zcta",2019,"transportation_rnk",80.9761
"41018","zcta",2019,"transportation_rnk",82.4858
"41030","zcta",2019,"transportation_rnk",9.7316
"41031","zcta",2019,"transportation_rnk",37.6281
"41033","zcta",2019,"transportation_rnk",14.2086
"41034","zcta",2019,"transportation_rnk",24.5095
"41035","zcta",2019,"transportation_rnk",44.6657
"41039","zcta",2019,"transportation_rnk",30.7467
"41040","zcta",2019,"transportation_rnk",15.4384
"41041","zcta",2019,"transportation_rnk",35.8191
"41042","zcta",2019,"transportation_rnk",81.6593
"41043","zcta",2019,"transportation_rnk",41.1973
"41044","zcta",2019,"transportation_rnk",54.9959
"41045","zcta",2019,"transportation_rnk",37.498
"41046","zcta",2019,"transportation_rnk",49.0971
"41048","zcta",2019,"transportation_rnk",21.2364
"41049","zcta",2019,"transportation_rnk",69.8389
"41051","zcta",2019,"transportation_rnk",80.4067
"41052","zcta",2019,"transportation_rnk",0.1594
"41055","zcta",2019,"transportation_rnk",65.4791
"41056","zcta",2019,"transportation_rnk",79.3265
"41059","zcta",2019,"transportation_rnk",41.6431
"41062","zcta",2019,"transportation_rnk",NA
"41063","zcta",2019,"transportation_rnk",23.1755
"41064","zcta",2019,"transportation_rnk",12.1653
"41071","zcta",2019,"transportation_rnk",89.7641
"41073","zcta",2019,"transportation_rnk",82.3166
"41074","zcta",2019,"transportation_rnk",86.1005
"41075","zcta",2019,"transportation_rnk",83.1235
"41076","zcta",2019,"transportation_rnk",84.3078
"41080","zcta",2019,"transportation_rnk",37.8266
"41083","zcta",2019,"transportation_rnk",4.2395
"41085","zcta",2019,"transportation_rnk",37.1498
"41086","zcta",2019,"transportation_rnk",48.6351
"41091","zcta",2019,"transportation_rnk",80.5466
"41092","zcta",2019,"transportation_rnk",37.1498
"41093","zcta",2019,"transportation_rnk",51.726
"41094","zcta",2019,"transportation_rnk",79.0987
"41097","zcta",2019,"transportation_rnk",37.8266
"41098","zcta",2019,"transportation_rnk",9.1654
"41099","zcta",2019,"transportation_rnk",NA
"41101","zcta",2019,"transportation_rnk",84.3729
"41102","zcta",2019,"transportation_rnk",83.2894
"41121","zcta",2019,"transportation_rnk",7.0864
"41124","zcta",2019,"transportation_rnk",39.8699
"41129","zcta",2019,"transportation_rnk",80.0293
"41132","zcta",2019,"transportation_rnk",0.9273
"41135","zcta",2019,"transportation_rnk",NA
"41139","zcta",2019,"transportation_rnk",81.3795
"41141","zcta",2019,"transportation_rnk",18.0055
"41142","zcta",2019,"transportation_rnk",NA
"41143","zcta",2019,"transportation_rnk",55.2692
"41144","zcta",2019,"transportation_rnk",27.7501
"41146","zcta",2019,"transportation_rnk",55.2692
"41149","zcta",2019,"transportation_rnk",4.7308
"41159","zcta",2019,"transportation_rnk",13.3594
"41164","zcta",2019,"transportation_rnk",27.6005
"41166","zcta",2019,"transportation_rnk",2.9771
"41168","zcta",2019,"transportation_rnk",6.735
"41169","zcta",2019,"transportation_rnk",80.6117
"41171","zcta",2019,"transportation_rnk",35.5621
"41174","zcta",2019,"transportation_rnk",20.9631
"41175","zcta",2019,"transportation_rnk",21.4771
"41179","zcta",2019,"transportation_rnk",24.1288
"41180","zcta",2019,"transportation_rnk",26.6732
"41183","zcta",2019,"transportation_rnk",24.1288
"41189","zcta",2019,"transportation_rnk",56.5121
"41201","zcta",2019,"transportation_rnk",1.3795
"41203","zcta",2019,"transportation_rnk",29.4192
"41204","zcta",2019,"transportation_rnk",4.4672
"41214","zcta",2019,"transportation_rnk",2.0075
"41216","zcta",2019,"transportation_rnk",4.682
"41219","zcta",2019,"transportation_rnk",29.3054
"41222","zcta",2019,"transportation_rnk",36.8147
"41224","zcta",2019,"transportation_rnk",33.9613
"41226","zcta",2019,"transportation_rnk",69.4876
"41230","zcta",2019,"transportation_rnk",20.5206
"41231","zcta",2019,"transportation_rnk",68.6969
"41232","zcta",2019,"transportation_rnk",28.1536
"41234","zcta",2019,"transportation_rnk",18.3146
"41238","zcta",2019,"transportation_rnk",3.9206
"41240","zcta",2019,"transportation_rnk",74.355
"41250","zcta",2019,"transportation_rnk",67.4833
"41254","zcta",2019,"transportation_rnk",1.4869
"41255","zcta",2019,"transportation_rnk",5.157
"41256","zcta",2019,"transportation_rnk",4.7308
"41257","zcta",2019,"transportation_rnk",53.1316
"41260","zcta",2019,"transportation_rnk",11.0005
"41262","zcta",2019,"transportation_rnk",3.6603
"41263","zcta",2019,"transportation_rnk",5.8077
"41264","zcta",2019,"transportation_rnk",70.9452
"41265","zcta",2019,"transportation_rnk",63.823
"41267","zcta",2019,"transportation_rnk",2.8111
"41268","zcta",2019,"transportation_rnk",1.308
"41271","zcta",2019,"transportation_rnk",15.8874
"41274","zcta",2019,"transportation_rnk",68.5863
"41301","zcta",2019,"transportation_rnk",58.217
"41311","zcta",2019,"transportation_rnk",40.641
"41314","zcta",2019,"transportation_rnk",48.4822
"41317","zcta",2019,"transportation_rnk",0.8785
"41332","zcta",2019,"transportation_rnk",16.5967
"41339","zcta",2019,"transportation_rnk",52.1946
"41348","zcta",2019,"transportation_rnk",62.8339
"41352","zcta",2019,"transportation_rnk",8.313
"41360","zcta",2019,"transportation_rnk",2.2678
"41365","zcta",2019,"transportation_rnk",2.6517
"41366","zcta",2019,"transportation_rnk",NA
"41367","zcta",2019,"transportation_rnk",1.1648
"41385","zcta",2019,"transportation_rnk",8.2447
"41390","zcta",2019,"transportation_rnk",NA
"41397","zcta",2019,"transportation_rnk",NA
"41408","zcta",2019,"transportation_rnk",63.605
"41421","zcta",2019,"transportation_rnk",1.6919
"41425","zcta",2019,"transportation_rnk",36.1835
"41464","zcta",2019,"transportation_rnk",2.6517
"41465","zcta",2019,"transportation_rnk",20.9631
"41472","zcta",2019,"transportation_rnk",20.6345
"41501","zcta",2019,"transportation_rnk",50.0342
"41503","zcta",2019,"transportation_rnk",22.7851
"41512","zcta",2019,"transportation_rnk",60.2603
"41513","zcta",2019,"transportation_rnk",79.1768
"41514","zcta",2019,"transportation_rnk",13.8149
"41517","zcta",2019,"transportation_rnk",69.6567
"41519","zcta",2019,"transportation_rnk",18.3146
"41522","zcta",2019,"transportation_rnk",32.8551
"41524","zcta",2019,"transportation_rnk",63.3545
"41526","zcta",2019,"transportation_rnk",0.5206
"41527","zcta",2019,"transportation_rnk",5.4401
"41528","zcta",2019,"transportation_rnk",9.5071
"41531","zcta",2019,"transportation_rnk",18.191
"41534","zcta",2019,"transportation_rnk",2.5769
"41535","zcta",2019,"transportation_rnk",24.8967
"41537","zcta",2019,"transportation_rnk",49.2045
"41538","zcta",2019,"transportation_rnk",42.7591
"41539","zcta",2019,"transportation_rnk",10.6328
"41540","zcta",2019,"transportation_rnk",59.4274
"41543","zcta",2019,"transportation_rnk",0.7256
"41544","zcta",2019,"transportation_rnk",81.8676
"41547","zcta",2019,"transportation_rnk",63.4456
"41548","zcta",2019,"transportation_rnk",61.8838
"41553","zcta",2019,"transportation_rnk",57.8298
"41554","zcta",2019,"transportation_rnk",19.7657
"41555","zcta",2019,"transportation_rnk",49.5136
"41557","zcta",2019,"transportation_rnk",40.4002
"41558","zcta",2019,"transportation_rnk",7.4931
"41559","zcta",2019,"transportation_rnk",6.953
"41560","zcta",2019,"transportation_rnk",0.7971
"41562","zcta",2019,"transportation_rnk",6.3543
"41563","zcta",2019,"transportation_rnk",2.5769
"41564","zcta",2019,"transportation_rnk",1.9554
"41566","zcta",2019,"transportation_rnk",49.2923
"41567","zcta",2019,"transportation_rnk",1.1648
"41568","zcta",2019,"transportation_rnk",74.9536
"41571","zcta",2019,"transportation_rnk",8.544
"41572","zcta",2019,"transportation_rnk",48.4822
"41601","zcta",2019,"transportation_rnk",14.3973
"41602","zcta",2019,"transportation_rnk",3.374
"41603","zcta",2019,"transportation_rnk",9.647
"41604","zcta",2019,"transportation_rnk",42.8827
"41605","zcta",2019,"transportation_rnk",62.912
"41606","zcta",2019,"transportation_rnk",3.5269
"41607","zcta",2019,"transportation_rnk",33.8116
"41612","zcta",2019,"transportation_rnk",NA
"41615","zcta",2019,"transportation_rnk",59.0434
"41616","zcta",2019,"transportation_rnk",2.5769
"41619","zcta",2019,"transportation_rnk",0.5596
"41621","zcta",2019,"transportation_rnk",1.0249
"41622","zcta",2019,"transportation_rnk",0.1659
"41630","zcta",2019,"transportation_rnk",67.3337
"41631","zcta",2019,"transportation_rnk",19.8926
"41632","zcta",2019,"transportation_rnk",1.0932
"41635","zcta",2019,"transportation_rnk",25.0203
"41636","zcta",2019,"transportation_rnk",18.3146
"41640","zcta",2019,"transportation_rnk",5.3978
"41642","zcta",2019,"transportation_rnk",42.6354
"41643","zcta",2019,"transportation_rnk",NA
"41645","zcta",2019,"transportation_rnk",6.9139
"41647","zcta",2019,"transportation_rnk",4.708
"41649","zcta",2019,"transportation_rnk",23.8816
"41650","zcta",2019,"transportation_rnk",0.8882
"41653","zcta",2019,"transportation_rnk",43.7091
"41655","zcta",2019,"transportation_rnk",59.0434
"41659","zcta",2019,"transportation_rnk",28.4366
"41660","zcta",2019,"transportation_rnk",4.9455
"41663","zcta",2019,"transportation_rnk",67.5972
"41666","zcta",2019,"transportation_rnk",6.2112
"41667","zcta",2019,"transportation_rnk",4.1711
"41669","zcta",2019,"transportation_rnk",3.0714
"41701","zcta",2019,"transportation_rnk",78.4675
"41712","zcta",2019,"transportation_rnk",64.8023
"41713","zcta",2019,"transportation_rnk",80.3058
"41714","zcta",2019,"transportation_rnk",15.8874
"41719","zcta",2019,"transportation_rnk",54.9309
"41721","zcta",2019,"transportation_rnk",32.1295
"41722","zcta",2019,"transportation_rnk",46.3836
"41723","zcta",2019,"transportation_rnk",16.831
"41725","zcta",2019,"transportation_rnk",1.5943
"41727","zcta",2019,"transportation_rnk",43.579
"41729","zcta",2019,"transportation_rnk",NA
"41731","zcta",2019,"transportation_rnk",5.9997
"41735","zcta",2019,"transportation_rnk",0.2245
"41739","zcta",2019,"transportation_rnk",3.8523
"41740","zcta",2019,"transportation_rnk",18.3146
"41745","zcta",2019,"transportation_rnk",8.7653
"41746","zcta",2019,"transportation_rnk",2.8437
"41749","zcta",2019,"transportation_rnk",31.6252
"41751","zcta",2019,"transportation_rnk",1.2201
"41754","zcta",2019,"transportation_rnk",52.1946
"41759","zcta",2019,"transportation_rnk",14.1175
"41760","zcta",2019,"transportation_rnk",NA
"41762","zcta",2019,"transportation_rnk",NA
"41763","zcta",2019,"transportation_rnk",12.9852
"41764","zcta",2019,"transportation_rnk",1.8969
"41766","zcta",2019,"transportation_rnk",50.4409
"41772","zcta",2019,"transportation_rnk",56.1542
"41773","zcta",2019,"transportation_rnk",68.4399
"41774","zcta",2019,"transportation_rnk",8.9605
"41775","zcta",2019,"transportation_rnk",NA
"41776","zcta",2019,"transportation_rnk",14.3973
"41777","zcta",2019,"transportation_rnk",60.4588
"41804","zcta",2019,"transportation_rnk",69.6275
"41810","zcta",2019,"transportation_rnk",9.5071
"41812","zcta",2019,"transportation_rnk",69.2761
"41815","zcta",2019,"transportation_rnk",8.1861
"41817","zcta",2019,"transportation_rnk",0.7971
"41819","zcta",2019,"transportation_rnk",2.0791
"41821","zcta",2019,"transportation_rnk",48.8889
"41822","zcta",2019,"transportation_rnk",50.7435
"41824","zcta",2019,"transportation_rnk",71.7814
"41825","zcta",2019,"transportation_rnk",8.7653
"41826","zcta",2019,"transportation_rnk",57.8298
"41828","zcta",2019,"transportation_rnk",35.2823
"41831","zcta",2019,"transportation_rnk",45.7199
"41832","zcta",2019,"transportation_rnk",5.7557
"41833","zcta",2019,"transportation_rnk",1.2461
"41834","zcta",2019,"transportation_rnk",10.9452
"41835","zcta",2019,"transportation_rnk",15.1879
"41836","zcta",2019,"transportation_rnk",18.8938
"41837","zcta",2019,"transportation_rnk",3.2308
"41838","zcta",2019,"transportation_rnk",7.4931
"41839","zcta",2019,"transportation_rnk",48.6351
"41840","zcta",2019,"transportation_rnk",17.7387
"41843","zcta",2019,"transportation_rnk",71.6968
"41844","zcta",2019,"transportation_rnk",NA
"41845","zcta",2019,"transportation_rnk",1.3665
"41847","zcta",2019,"transportation_rnk",8.4399
"41848","zcta",2019,"transportation_rnk",NA
"41849","zcta",2019,"transportation_rnk",0.5206
"41855","zcta",2019,"transportation_rnk",1.9554
"41858","zcta",2019,"transportation_rnk",48.762
"41859","zcta",2019,"transportation_rnk",60.026
"41861","zcta",2019,"transportation_rnk",19.6193
"41862","zcta",2019,"transportation_rnk",71.4983
"42001","zcta",2019,"transportation_rnk",83.0779
"42003","zcta",2019,"transportation_rnk",85.5474
"42020","zcta",2019,"transportation_rnk",15.4384
"42021","zcta",2019,"transportation_rnk",66.042
"42022","zcta",2019,"transportation_rnk",1.8155
"42023","zcta",2019,"transportation_rnk",16.3364
"42024","zcta",2019,"transportation_rnk",72.8453
"42025","zcta",2019,"transportation_rnk",11.9017
"42027","zcta",2019,"transportation_rnk",25.9248
"42028","zcta",2019,"transportation_rnk",53.6424
"42029","zcta",2019,"transportation_rnk",15.5295
"42031","zcta",2019,"transportation_rnk",45.1375
"42032","zcta",2019,"transportation_rnk",38.91
"42035","zcta",2019,"transportation_rnk",33.8116
"42036","zcta",2019,"transportation_rnk",13.1576
"42037","zcta",2019,"transportation_rnk",NA
"42038","zcta",2019,"transportation_rnk",34.8072
"42039","zcta",2019,"transportation_rnk",3.6766
"42040","zcta",2019,"transportation_rnk",40.4002
"42041","zcta",2019,"transportation_rnk",67.6493
"42044","zcta",2019,"transportation_rnk",26.3966
"42045","zcta",2019,"transportation_rnk",39.4046
"42047","zcta",2019,"transportation_rnk",33.0015
"42048","zcta",2019,"transportation_rnk",31.6252
"42049","zcta",2019,"transportation_rnk",26.6732
"42050","zcta",2019,"transportation_rnk",43.3642
"42051","zcta",2019,"transportation_rnk",9.7316
"42053","zcta",2019,"transportation_rnk",10.3888
"42054","zcta",2019,"transportation_rnk",36.3299
"42055","zcta",2019,"transportation_rnk",3.8783
"42056","zcta",2019,"transportation_rnk",19.3883
"42058","zcta",2019,"transportation_rnk",3.9206
"42060","zcta",2019,"transportation_rnk",NA
"42061","zcta",2019,"transportation_rnk",NA
"42064","zcta",2019,"transportation_rnk",64.8023
"42066","zcta",2019,"transportation_rnk",14.6218
"42069","zcta",2019,"transportation_rnk",62.258
"42071","zcta",2019,"transportation_rnk",88.5668
"42076","zcta",2019,"transportation_rnk",52.0384
"42078","zcta",2019,"transportation_rnk",35.0382
"42079","zcta",2019,"transportation_rnk",8.7653
"42081","zcta",2019,"transportation_rnk",7.8673
"42082","zcta",2019,"transportation_rnk",6.953
"42083","zcta",2019,"transportation_rnk",17.7387
"42084","zcta",2019,"transportation_rnk",NA
"42085","zcta",2019,"transportation_rnk",24.7796
"42086","zcta",2019,"transportation_rnk",39.6291
"42087","zcta",2019,"transportation_rnk",8.7653
"42088","zcta",2019,"transportation_rnk",11.4918
"42101","zcta",2019,"transportation_rnk",87.7762
"42102","zcta",2019,"transportation_rnk",73.6164
"42103","zcta",2019,"transportation_rnk",82.9185
"42104","zcta",2019,"transportation_rnk",84.6136
"42120","zcta",2019,"transportation_rnk",44.5486
"42122","zcta",2019,"transportation_rnk",16.7041
"42123","zcta",2019,"transportation_rnk",12.2466
"42124","zcta",2019,"transportation_rnk",NA
"42127","zcta",2019,"transportation_rnk",45.3912
"42129","zcta",2019,"transportation_rnk",23.1755
"42130","zcta",2019,"transportation_rnk",22.5183
"42133","zcta",2019,"transportation_rnk",30.8834
"42134","zcta",2019,"transportation_rnk",20.2896
"42140","zcta",2019,"transportation_rnk",33.4179
"42141","zcta",2019,"transportation_rnk",78.4903
"42151","zcta",2019,"transportation_rnk",NA
"42153","zcta",2019,"transportation_rnk",45.2839
"42154","zcta",2019,"transportation_rnk",30.1611
"42156","zcta",2019,"transportation_rnk",3.566
"42157","zcta",2019,"transportation_rnk",78.7636
"42159","zcta",2019,"transportation_rnk",10.314
"42160","zcta",2019,"transportation_rnk",69.2403
"42163","zcta",2019,"transportation_rnk",NA
"42164","zcta",2019,"transportation_rnk",60.4002
"42166","zcta",2019,"transportation_rnk",47.6265
"42167","zcta",2019,"transportation_rnk",52.1262
"42170","zcta",2019,"transportation_rnk",56.883
"42171","zcta",2019,"transportation_rnk",28.0039
"42202","zcta",2019,"transportation_rnk",47.2295
"42204","zcta",2019,"transportation_rnk",19.8926
"42206","zcta",2019,"transportation_rnk",14.4981
"42207","zcta",2019,"transportation_rnk",39.8699
"42210","zcta",2019,"transportation_rnk",17.1563
"42211","zcta",2019,"transportation_rnk",44.5486
"42214","zcta",2019,"transportation_rnk",44.5486
"42215","zcta",2019,"transportation_rnk",61.3307
"42217","zcta",2019,"transportation_rnk",51.9538
"42220","zcta",2019,"transportation_rnk",53.8572
"42232","zcta",2019,"transportation_rnk",3.6213
"42234","zcta",2019,"transportation_rnk",76.0729
"42236","zcta",2019,"transportation_rnk",62.4728
"42240","zcta",2019,"transportation_rnk",85.7622
"42254","zcta",2019,"transportation_rnk",19.7657
"42256","zcta",2019,"transportation_rnk",52.1262
"42259","zcta",2019,"transportation_rnk",72.5948
"42261","zcta",2019,"transportation_rnk",35.2823
"42262","zcta",2019,"transportation_rnk",88.3
"42265","zcta",2019,"transportation_rnk",5.0756
"42266","zcta",2019,"transportation_rnk",73.7921
"42273","zcta",2019,"transportation_rnk",4.708
"42274","zcta",2019,"transportation_rnk",53.1316
"42275","zcta",2019,"transportation_rnk",33.2943
"42276","zcta",2019,"transportation_rnk",27.2328
"42280","zcta",2019,"transportation_rnk",71.0558
"42285","zcta",2019,"transportation_rnk",1.386
"42286","zcta",2019,"transportation_rnk",66.7025
"42301","zcta",2019,"transportation_rnk",83.0519
"42303","zcta",2019,"transportation_rnk",81.1453
"42320","zcta",2019,"transportation_rnk",23.6375
"42321","zcta",2019,"transportation_rnk",0.0618
"42322","zcta",2019,"transportation_rnk",NA
"42323","zcta",2019,"transportation_rnk",38.91
"42324","zcta",2019,"transportation_rnk",22.7851
"42325","zcta",2019,"transportation_rnk",16.2063
"42326","zcta",2019,"transportation_rnk",8.1861
"42327","zcta",2019,"transportation_rnk",48.3813
"42328","zcta",2019,"transportation_rnk",11.3421
"42330","zcta",2019,"transportation_rnk",28.57
"42332","zcta",2019,"transportation_rnk",0.6865
"42333","zcta",2019,"transportation_rnk",34.3582
"42337","zcta",2019,"transportation_rnk",14.6218
"42338","zcta",2019,"transportation_rnk",NA
"42339","zcta",2019,"transportation_rnk",5.9509
"42343","zcta",2019,"transportation_rnk",57.7778
"42344","zcta",2019,"transportation_rnk",3.0551
"42345","zcta",2019,"transportation_rnk",9.7316
"42347","zcta",2019,"transportation_rnk",23.5399
"42348","zcta",2019,"transportation_rnk",7.5647
"42349","zcta",2019,"transportation_rnk",17.8851
"42350","zcta",2019,"transportation_rnk",23.1755
"42351","zcta",2019,"transportation_rnk",27.4866
"42352","zcta",2019,"transportation_rnk",4.926
"42354","zcta",2019,"transportation_rnk",4.9748
"42355","zcta",2019,"transportation_rnk",10.6328
"42356","zcta",2019,"transportation_rnk",NA
"42361","zcta",2019,"transportation_rnk",6.9139
"42366","zcta",2019,"transportation_rnk",11.0005
"42367","zcta",2019,"transportation_rnk",26.6732
"42368","zcta",2019,"transportation_rnk",9.4388
"42369","zcta",2019,"transportation_rnk",62.7818
"42370","zcta",2019,"transportation_rnk",NA
"42371","zcta",2019,"transportation_rnk",47.864
"42372","zcta",2019,"transportation_rnk",22.5183
"42374","zcta",2019,"transportation_rnk",2.9673
"42376","zcta",2019,"transportation_rnk",37.9502
"42378","zcta",2019,"transportation_rnk",21.2364
"42404","zcta",2019,"transportation_rnk",42.5053
"42406","zcta",2019,"transportation_rnk",12.7607
"42408","zcta",2019,"transportation_rnk",11.3421
"42409","zcta",2019,"transportation_rnk",11.6707
"42410","zcta",2019,"transportation_rnk",38.396
"42411","zcta",2019,"transportation_rnk",29.1524
"42413","zcta",2019,"transportation_rnk",5.3978
"42420","zcta",2019,"transportation_rnk",80.8297
"42431","zcta",2019,"transportation_rnk",13.6977
"42436","zcta",2019,"transportation_rnk",56.2291
"42437","zcta",2019,"transportation_rnk",50.3237
"42440","zcta",2019,"transportation_rnk",22.5183
"42441","zcta",2019,"transportation_rnk",27.3499
"42442","zcta",2019,"transportation_rnk",19.1248
"42445","zcta",2019,"transportation_rnk",52.1262
"42450","zcta",2019,"transportation_rnk",28.2967
"42451","zcta",2019,"transportation_rnk",11.3421
"42452","zcta",2019,"transportation_rnk",12.2466
"42453","zcta",2019,"transportation_rnk",4.298
"42455","zcta",2019,"transportation_rnk",12.7607
"42456","zcta",2019,"transportation_rnk",9.9658
"42458","zcta",2019,"transportation_rnk",12.6566
"42459","zcta",2019,"transportation_rnk",16.2063
"42461","zcta",2019,"transportation_rnk",28.8726
"42462","zcta",2019,"transportation_rnk",3.7775
"42463","zcta",2019,"transportation_rnk",NA
"42464","zcta",2019,"transportation_rnk",57.4784
"42501","zcta",2019,"transportation_rnk",41.7309
"42503","zcta",2019,"transportation_rnk",20.6345
"42516","zcta",2019,"transportation_rnk",71.3291
"42518","zcta",2019,"transportation_rnk",11.238
"42519","zcta",2019,"transportation_rnk",24.6397
"42528","zcta",2019,"transportation_rnk",58.217
"42533","zcta",2019,"transportation_rnk",12.5362
"42539","zcta",2019,"transportation_rnk",29.6405
"42541","zcta",2019,"transportation_rnk",42.3654
"42544","zcta",2019,"transportation_rnk",4.4672
"42553","zcta",2019,"transportation_rnk",16.3364
"42565","zcta",2019,"transportation_rnk",64.2134
"42566","zcta",2019,"transportation_rnk",62.6777
"42567","zcta",2019,"transportation_rnk",33.0015
"42602","zcta",2019,"transportation_rnk",23.8816
"42603","zcta",2019,"transportation_rnk",NA
"42629","zcta",2019,"transportation_rnk",34.638
"42631","zcta",2019,"transportation_rnk",0.5759
"42633","zcta",2019,"transportation_rnk",41.8936
"42634","zcta",2019,"transportation_rnk",7.9974
"42635","zcta",2019,"transportation_rnk",14.7226
"42638","zcta",2019,"transportation_rnk",NA
"42642","zcta",2019,"transportation_rnk",11.4918
"42647","zcta",2019,"transportation_rnk",36.5804
"42649","zcta",2019,"transportation_rnk",30.1611
"42653","zcta",2019,"transportation_rnk",47.2295
"42701","zcta",2019,"transportation_rnk",94.6022
"42712","zcta",2019,"transportation_rnk",66.4552
"42713","zcta",2019,"transportation_rnk",6.5495
"42715","zcta",2019,"transportation_rnk",2.7168
"42716","zcta",2019,"transportation_rnk",22.1246
"42717","zcta",2019,"transportation_rnk",51.4918
"42718","zcta",2019,"transportation_rnk",35.1684
"42721","zcta",2019,"transportation_rnk",41.8188
"42722","zcta",2019,"transportation_rnk",59.3167
"42724","zcta",2019,"transportation_rnk",14.4981
"42726","zcta",2019,"transportation_rnk",59.0434
"42728","zcta",2019,"transportation_rnk",31.7195
"42729","zcta",2019,"transportation_rnk",75.2595
"42731","zcta",2019,"transportation_rnk",1.386
"42732","zcta",2019,"transportation_rnk",13.8149
"42733","zcta",2019,"transportation_rnk",55.5653
"42740","zcta",2019,"transportation_rnk",64.8023
"42741","zcta",2019,"transportation_rnk",15.1879
"42743","zcta",2019,"transportation_rnk",46.4942
"42746","zcta",2019,"transportation_rnk",54.8528
"42748","zcta",2019,"transportation_rnk",20.6345
"42749","zcta",2019,"transportation_rnk",45.1375
"42753","zcta",2019,"transportation_rnk",24.1288
"42754","zcta",2019,"transportation_rnk",30.7467
"42757","zcta",2019,"transportation_rnk",39.1541
"42758","zcta",2019,"transportation_rnk",NA
"42762","zcta",2019,"transportation_rnk",41.8188
"42764","zcta",2019,"transportation_rnk",5.5507
"42765","zcta",2019,"transportation_rnk",73.6652
"42776","zcta",2019,"transportation_rnk",54.2997
"42782","zcta",2019,"transportation_rnk",20.7451
"42784","zcta",2019,"transportation_rnk",31.9766
"42788","zcta",2019,"transportation_rnk",68.9247
"40003","zcta",2019,"transportation_state_rnk",46.2623
"40004","zcta",2019,"transportation_state_rnk",47.4612
"40006","zcta",2019,"transportation_state_rnk",22.6375
"40007","zcta",2019,"transportation_state_rnk",NA
"40008","zcta",2019,"transportation_state_rnk",19.6756
"40009","zcta",2019,"transportation_state_rnk",42.031
"40010","zcta",2019,"transportation_state_rnk",42.5247
"40011","zcta",2019,"transportation_state_rnk",50.141
"40012","zcta",2019,"transportation_state_rnk",39.0691
"40013","zcta",2019,"transportation_state_rnk",41.6784
"40014","zcta",2019,"transportation_state_rnk",93.0889
"40019","zcta",2019,"transportation_state_rnk",69.2525
"40020","zcta",2019,"transportation_state_rnk",5.0071
"40022","zcta",2019,"transportation_state_rnk",37.7997
"40023","zcta",2019,"transportation_state_rnk",49.4358
"40025","zcta",2019,"transportation_state_rnk",NA
"40026","zcta",2019,"transportation_state_rnk",31.5233
"40031","zcta",2019,"transportation_state_rnk",94.0056
"40033","zcta",2019,"transportation_state_rnk",97.8843
"40036","zcta",2019,"transportation_state_rnk",83.0748
"40037","zcta",2019,"transportation_state_rnk",25.5289
"40040","zcta",2019,"transportation_state_rnk",16.3611
"40041","zcta",2019,"transportation_state_rnk",2.5388
"40045","zcta",2019,"transportation_state_rnk",45.4161
"40046","zcta",2019,"transportation_state_rnk",46.9676
"40047","zcta",2019,"transportation_state_rnk",92.7362
"40048","zcta",2019,"transportation_state_rnk",NA
"40049","zcta",2019,"transportation_state_rnk",NA
"40050","zcta",2019,"transportation_state_rnk",21.7207
"40051","zcta",2019,"transportation_state_rnk",49.9295
"40052","zcta",2019,"transportation_state_rnk",24.8237
"40055","zcta",2019,"transportation_state_rnk",74.7532
"40056","zcta",2019,"transportation_state_rnk",27.2214
"40057","zcta",2019,"transportation_state_rnk",49.0832
"40058","zcta",2019,"transportation_state_rnk",NA
"40059","zcta",2019,"transportation_state_rnk",93.3709
"40060","zcta",2019,"transportation_state_rnk",52.1157
"40062","zcta",2019,"transportation_state_rnk",42.1721
"40063","zcta",2019,"transportation_state_rnk",NA
"40065","zcta",2019,"transportation_state_rnk",57.5458
"40067","zcta",2019,"transportation_state_rnk",56.8406
"40068","zcta",2019,"transportation_state_rnk",44.9224
"40069","zcta",2019,"transportation_state_rnk",57.2638
"40070","zcta",2019,"transportation_state_rnk",24.2595
"40071","zcta",2019,"transportation_state_rnk",28.7729
"40075","zcta",2019,"transportation_state_rnk",29.7602
"40076","zcta",2019,"transportation_state_rnk",66.6432
"40077","zcta",2019,"transportation_state_rnk",10.1551
"40078","zcta",2019,"transportation_state_rnk",61.7066
"40104","zcta",2019,"transportation_state_rnk",38.2934
"40107","zcta",2019,"transportation_state_rnk",28.5614
"40108","zcta",2019,"transportation_state_rnk",56.2059
"40109","zcta",2019,"transportation_state_rnk",53.385
"40110","zcta",2019,"transportation_state_rnk",NA
"40111","zcta",2019,"transportation_state_rnk",52.6093
"40115","zcta",2019,"transportation_state_rnk",8.8858
"40117","zcta",2019,"transportation_state_rnk",34.8378
"40118","zcta",2019,"transportation_state_rnk",95.0635
"40119","zcta",2019,"transportation_state_rnk",80.9591
"40121","zcta",2019,"transportation_state_rnk",99.4358
"40140","zcta",2019,"transportation_state_rnk",16.9252
"40142","zcta",2019,"transportation_state_rnk",12.6939
"40143","zcta",2019,"transportation_state_rnk",27.2214
"40144","zcta",2019,"transportation_state_rnk",84.0621
"40145","zcta",2019,"transportation_state_rnk",96.756
"40146","zcta",2019,"transportation_state_rnk",82.6516
"40150","zcta",2019,"transportation_state_rnk",40.1975
"40152","zcta",2019,"transportation_state_rnk",9.1678
"40155","zcta",2019,"transportation_state_rnk",33.78
"40157","zcta",2019,"transportation_state_rnk",56.8406
"40160","zcta",2019,"transportation_state_rnk",99.1537
"40161","zcta",2019,"transportation_state_rnk",0.7052
"40162","zcta",2019,"transportation_state_rnk",23.7659
"40165","zcta",2019,"transportation_state_rnk",92.9478
"40170","zcta",2019,"transportation_state_rnk",82.5106
"40171","zcta",2019,"transportation_state_rnk",38.0113
"40175","zcta",2019,"transportation_state_rnk",98.5896
"40176","zcta",2019,"transportation_state_rnk",78.1382
"40177","zcta",2019,"transportation_state_rnk",45.8392
"40178","zcta",2019,"transportation_state_rnk",73.6248
"40202","zcta",2019,"transportation_state_rnk",NA
"40203","zcta",2019,"transportation_state_rnk",99.7179
"40204","zcta",2019,"transportation_state_rnk",98.1664
"40205","zcta",2019,"transportation_state_rnk",96.1918
"40206","zcta",2019,"transportation_state_rnk",98.3075
"40207","zcta",2019,"transportation_state_rnk",95.4866
"40208","zcta",2019,"transportation_state_rnk",99.2948
"40209","zcta",2019,"transportation_state_rnk",86.0367
"40210","zcta",2019,"transportation_state_rnk",100
"40211","zcta",2019,"transportation_state_rnk",99.859
"40212","zcta",2019,"transportation_state_rnk",98.8717
"40213","zcta",2019,"transportation_state_rnk",97.1791
"40214","zcta",2019,"transportation_state_rnk",97.7433
"40215","zcta",2019,"transportation_state_rnk",98.7306
"40216","zcta",2019,"transportation_state_rnk",97.3202
"40217","zcta",2019,"transportation_state_rnk",96.897
"40218","zcta",2019,"transportation_state_rnk",97.4612
"40219","zcta",2019,"transportation_state_rnk",96.3329
"40220","zcta",2019,"transportation_state_rnk",94.9224
"40222","zcta",2019,"transportation_state_rnk",95.2045
"40223","zcta",2019,"transportation_state_rnk",94.3583
"40228","zcta",2019,"transportation_state_rnk",94.2172
"40229","zcta",2019,"transportation_state_rnk",94.0056
"40231","zcta",2019,"transportation_state_rnk",NA
"40241","zcta",2019,"transportation_state_rnk",94.4993
"40242","zcta",2019,"transportation_state_rnk",93.512
"40243","zcta",2019,"transportation_state_rnk",95.7687
"40245","zcta",2019,"transportation_state_rnk",93.2299
"40258","zcta",2019,"transportation_state_rnk",96.4739
"40272","zcta",2019,"transportation_state_rnk",96.0508
"40280","zcta",2019,"transportation_state_rnk",NA
"40291","zcta",2019,"transportation_state_rnk",93.653
"40299","zcta",2019,"transportation_state_rnk",94.6403
"40310","zcta",2019,"transportation_state_rnk",26.2341
"40311","zcta",2019,"transportation_state_rnk",75.8815
"40312","zcta",2019,"transportation_state_rnk",71.7913
"40313","zcta",2019,"transportation_state_rnk",85.1904
"40316","zcta",2019,"transportation_state_rnk",66.2906
"40322","zcta",2019,"transportation_state_rnk",45.8392
"40324","zcta",2019,"transportation_state_rnk",51.1989
"40328","zcta",2019,"transportation_state_rnk",72.0028
"40330","zcta",2019,"transportation_state_rnk",48.8717
"40334","zcta",2019,"transportation_state_rnk",NA
"40336","zcta",2019,"transportation_state_rnk",51.622
"40337","zcta",2019,"transportation_state_rnk",26.6573
"40339","zcta",2019,"transportation_state_rnk",NA
"40342","zcta",2019,"transportation_state_rnk",35.543
"40346","zcta",2019,"transportation_state_rnk",81.2412
"40347","zcta",2019,"transportation_state_rnk",57.8279
"40348","zcta",2019,"transportation_state_rnk",59.0973
"40350","zcta",2019,"transportation_state_rnk",4.7955
"40351","zcta",2019,"transportation_state_rnk",63.3992
"40353","zcta",2019,"transportation_state_rnk",54.7955
"40356","zcta",2019,"transportation_state_rnk",49.2243
"40358","zcta",2019,"transportation_state_rnk",5.9238
"40359","zcta",2019,"transportation_state_rnk",43.0889
"40360","zcta",2019,"transportation_state_rnk",68.9704
"40361","zcta",2019,"transportation_state_rnk",58.1805
"40363","zcta",2019,"transportation_state_rnk",NA
"40370","zcta",2019,"transportation_state_rnk",27.5035
"40371","zcta",2019,"transportation_state_rnk",35.543
"40372","zcta",2019,"transportation_state_rnk",67.9831
"40374","zcta",2019,"transportation_state_rnk",65.4443
"40376","zcta",2019,"transportation_state_rnk",NA
"40379","zcta",2019,"transportation_state_rnk",31.5233
"40380","zcta",2019,"transportation_state_rnk",55.0776
"40383","zcta",2019,"transportation_state_rnk",61.9182
"40385","zcta",2019,"transportation_state_rnk",38.2934
"40387","zcta",2019,"transportation_state_rnk",50.4937
"40390","zcta",2019,"transportation_state_rnk",81.8054
"40391","zcta",2019,"transportation_state_rnk",47.9549
"40402","zcta",2019,"transportation_state_rnk",43.653
"40403","zcta",2019,"transportation_state_rnk",72.2144
"40404","zcta",2019,"transportation_state_rnk",NA
"40409","zcta",2019,"transportation_state_rnk",33.2863
"40419","zcta",2019,"transportation_state_rnk",82.3695
"40422","zcta",2019,"transportation_state_rnk",74.4711
"40434","zcta",2019,"transportation_state_rnk",NA
"40437","zcta",2019,"transportation_state_rnk",17.3484
"40440","zcta",2019,"transportation_state_rnk",47.4612
"40442","zcta",2019,"transportation_state_rnk",68.6883
"40444","zcta",2019,"transportation_state_rnk",55.0776
"40445","zcta",2019,"transportation_state_rnk",11.0014
"40447","zcta",2019,"transportation_state_rnk",65.2327
"40448","zcta",2019,"transportation_state_rnk",NA
"40456","zcta",2019,"transportation_state_rnk",63.3992
"40460","zcta",2019,"transportation_state_rnk",68.3357
"40461","zcta",2019,"transportation_state_rnk",21.3681
"40464","zcta",2019,"transportation_state_rnk",42.5247
"40468","zcta",2019,"transportation_state_rnk",41.2553
"40472","zcta",2019,"transportation_state_rnk",34.3441
"40475","zcta",2019,"transportation_state_rnk",92.2426
"40481","zcta",2019,"transportation_state_rnk",NA
"40484","zcta",2019,"transportation_state_rnk",56.8406
"40486","zcta",2019,"transportation_state_rnk",31.1707
"40489","zcta",2019,"transportation_state_rnk",77.8561
"40502","zcta",2019,"transportation_state_rnk",88.1523
"40503","zcta",2019,"transportation_state_rnk",89.1396
"40504","zcta",2019,"transportation_state_rnk",97.0381
"40505","zcta",2019,"transportation_state_rnk",91.3963
"40506","zcta",2019,"transportation_state_rnk",NA
"40507","zcta",2019,"transportation_state_rnk",93.7941
"40508","zcta",2019,"transportation_state_rnk",98.4485
"40509","zcta",2019,"transportation_state_rnk",87.3061
"40510","zcta",2019,"transportation_state_rnk",NA
"40511","zcta",2019,"transportation_state_rnk",88.0113
"40513","zcta",2019,"transportation_state_rnk",86.3188
"40514","zcta",2019,"transportation_state_rnk",86.1777
"40515","zcta",2019,"transportation_state_rnk",86.4598
"40516","zcta",2019,"transportation_state_rnk",50.4937
"40517","zcta",2019,"transportation_state_rnk",90.0564
"40601","zcta",2019,"transportation_state_rnk",91.9605
"40604","zcta",2019,"transportation_state_rnk",NA
"40701","zcta",2019,"transportation_state_rnk",37.5882
"40729","zcta",2019,"transportation_state_rnk",79.2666
"40734","zcta",2019,"transportation_state_rnk",77.1509
"40737","zcta",2019,"transportation_state_rnk",71.6502
"40740","zcta",2019,"transportation_state_rnk",23.9774
"40741","zcta",2019,"transportation_state_rnk",35.8251
"40743","zcta",2019,"transportation_state_rnk",8.1805
"40744","zcta",2019,"transportation_state_rnk",16.6432
"40759","zcta",2019,"transportation_state_rnk",35.543
"40763","zcta",2019,"transportation_state_rnk",17.842
"40769","zcta",2019,"transportation_state_rnk",72.6375
"40771","zcta",2019,"transportation_state_rnk",7.5458
"40801","zcta",2019,"transportation_state_rnk",66.8547
"40806","zcta",2019,"transportation_state_rnk",62.0592
"40807","zcta",2019,"transportation_state_rnk",21.1566
"40808","zcta",2019,"transportation_state_rnk",NA
"40810","zcta",2019,"transportation_state_rnk",33.78
"40813","zcta",2019,"transportation_state_rnk",32.0874
"40815","zcta",2019,"transportation_state_rnk",62.5529
"40816","zcta",2019,"transportation_state_rnk",NA
"40818","zcta",2019,"transportation_state_rnk",NA
"40819","zcta",2019,"transportation_state_rnk",77.0099
"40820","zcta",2019,"transportation_state_rnk",72.3554
"40823","zcta",2019,"transportation_state_rnk",66.1495
"40824","zcta",2019,"transportation_state_rnk",7.7574
"40826","zcta",2019,"transportation_state_rnk",86.7419
"40827","zcta",2019,"transportation_state_rnk",11.8477
"40828","zcta",2019,"transportation_state_rnk",48.0959
"40829","zcta",2019,"transportation_state_rnk",99.5769
"40830","zcta",2019,"transportation_state_rnk",0.5642
"40831","zcta",2019,"transportation_state_rnk",74.7532
"40840","zcta",2019,"transportation_state_rnk",39.5628
"40843","zcta",2019,"transportation_state_rnk",64.598
"40844","zcta",2019,"transportation_state_rnk",NA
"40845","zcta",2019,"transportation_state_rnk",18.4062
"40847","zcta",2019,"transportation_state_rnk",5.2186
"40849","zcta",2019,"transportation_state_rnk",84.9083
"40854","zcta",2019,"transportation_state_rnk",76.0931
"40855","zcta",2019,"transportation_state_rnk",78.7024
"40856","zcta",2019,"transportation_state_rnk",14.6685
"40858","zcta",2019,"transportation_state_rnk",32.0874
"40862","zcta",2019,"transportation_state_rnk",83.921
"40863","zcta",2019,"transportation_state_rnk",6.7701
"40865","zcta",2019,"transportation_state_rnk",55.4302
"40868","zcta",2019,"transportation_state_rnk",37.5882
"40870","zcta",2019,"transportation_state_rnk",6.0649
"40873","zcta",2019,"transportation_state_rnk",61.7066
"40874","zcta",2019,"transportation_state_rnk",15.3032
"40902","zcta",2019,"transportation_state_rnk",70.0282
"40903","zcta",2019,"transportation_state_rnk",6.347
"40906","zcta",2019,"transportation_state_rnk",69.3935
"40913","zcta",2019,"transportation_state_rnk",85.7546
"40914","zcta",2019,"transportation_state_rnk",84.3441
"40915","zcta",2019,"transportation_state_rnk",13.6812
"40921","zcta",2019,"transportation_state_rnk",79.8307
"40923","zcta",2019,"transportation_state_rnk",23.0606
"40927","zcta",2019,"transportation_state_rnk",86.6008
"40935","zcta",2019,"transportation_state_rnk",73.4838
"40939","zcta",2019,"transportation_state_rnk",85.4725
"40940","zcta",2019,"transportation_state_rnk",31.7348
"40941","zcta",2019,"transportation_state_rnk",70.945
"40943","zcta",2019,"transportation_state_rnk",29.3371
"40946","zcta",2019,"transportation_state_rnk",89.4217
"40949","zcta",2019,"transportation_state_rnk",55.8533
"40953","zcta",2019,"transportation_state_rnk",6.7701
"40958","zcta",2019,"transportation_state_rnk",1.4104
"40962","zcta",2019,"transportation_state_rnk",68.1241
"40964","zcta",2019,"transportation_state_rnk",NA
"40965","zcta",2019,"transportation_state_rnk",71.1566
"40972","zcta",2019,"transportation_state_rnk",79.5487
"40977","zcta",2019,"transportation_state_rnk",69.1114
"40979","zcta",2019,"transportation_state_rnk",NA
"40982","zcta",2019,"transportation_state_rnk",17.6305
"40983","zcta",2019,"transportation_state_rnk",78.9845
"40988","zcta",2019,"transportation_state_rnk",68.3357
"40995","zcta",2019,"transportation_state_rnk",25.811
"40997","zcta",2019,"transportation_state_rnk",51.622
"41001","zcta",2019,"transportation_state_rnk",46.2623
"41002","zcta",2019,"transportation_state_rnk",75.3879
"41003","zcta",2019,"transportation_state_rnk",32.6516
"41004","zcta",2019,"transportation_state_rnk",46.6855
"41005","zcta",2019,"transportation_state_rnk",89.7038
"41006","zcta",2019,"transportation_state_rnk",13.2581
"41007","zcta",2019,"transportation_state_rnk",45.2045
"41008","zcta",2019,"transportation_state_rnk",98.0254
"41010","zcta",2019,"transportation_state_rnk",62.5529
"41011","zcta",2019,"transportation_state_rnk",97.6023
"41014","zcta",2019,"transportation_state_rnk",95.9097
"41015","zcta",2019,"transportation_state_rnk",91.1142
"41016","zcta",2019,"transportation_state_rnk",92.5247
"41017","zcta",2019,"transportation_state_rnk",88.9986
"41018","zcta",2019,"transportation_state_rnk",90.409
"41030","zcta",2019,"transportation_state_rnk",20.7334
"41031","zcta",2019,"transportation_state_rnk",54.3018
"41033","zcta",2019,"transportation_state_rnk",27.2214
"41034","zcta",2019,"transportation_state_rnk",41.0437
"41035","zcta",2019,"transportation_state_rnk",60.7898
"41039","zcta",2019,"transportation_state_rnk",47.4612
"41040","zcta",2019,"transportation_state_rnk",29.3371
"41041","zcta",2019,"transportation_state_rnk",53.0324
"41042","zcta",2019,"transportation_state_rnk",89.8449
"41043","zcta",2019,"transportation_state_rnk",58.1805
"41044","zcta",2019,"transportation_state_rnk",70.3808
"41045","zcta",2019,"transportation_state_rnk",54.1608
"41046","zcta",2019,"transportation_state_rnk",64.7391
"41048","zcta",2019,"transportation_state_rnk",37.165
"41049","zcta",2019,"transportation_state_rnk",82.2285
"41051","zcta",2019,"transportation_state_rnk",88.4344
"41052","zcta",2019,"transportation_state_rnk",0.141
"41055","zcta",2019,"transportation_state_rnk",78.8434
"41056","zcta",2019,"transportation_state_rnk",87.7292
"41059","zcta",2019,"transportation_state_rnk",58.3921
"41062","zcta",2019,"transportation_state_rnk",NA
"41063","zcta",2019,"transportation_state_rnk",39.5628
"41064","zcta",2019,"transportation_state_rnk",24.4006
"41071","zcta",2019,"transportation_state_rnk",96.615
"41073","zcta",2019,"transportation_state_rnk",90.268
"41074","zcta",2019,"transportation_state_rnk",92.7362
"41075","zcta",2019,"transportation_state_rnk",90.9732
"41076","zcta",2019,"transportation_state_rnk",91.5374
"41080","zcta",2019,"transportation_state_rnk",54.5134
"41083","zcta",2019,"transportation_state_rnk",11.2835
"41085","zcta",2019,"transportation_state_rnk",53.9492
"41086","zcta",2019,"transportation_state_rnk",64.1044
"41091","zcta",2019,"transportation_state_rnk",88.5755
"41092","zcta",2019,"transportation_state_rnk",53.9492
"41093","zcta",2019,"transportation_state_rnk",66.6432
"41094","zcta",2019,"transportation_state_rnk",87.4471
"41097","zcta",2019,"transportation_state_rnk",54.5134
"41098","zcta",2019,"transportation_state_rnk",19.8872
"41099","zcta",2019,"transportation_state_rnk",NA
"41101","zcta",2019,"transportation_state_rnk",91.6784
"41102","zcta",2019,"transportation_state_rnk",91.2553
"41121","zcta",2019,"transportation_state_rnk",16.5021
"41124","zcta",2019,"transportation_state_rnk",56.8406
"41129","zcta",2019,"transportation_state_rnk",87.8702
"41132","zcta",2019,"transportation_state_rnk",2.3977
"41135","zcta",2019,"transportation_state_rnk",NA
"41139","zcta",2019,"transportation_state_rnk",89.5628
"41141","zcta",2019,"transportation_state_rnk",32.6516
"41142","zcta",2019,"transportation_state_rnk",NA
"41143","zcta",2019,"transportation_state_rnk",70.5924
"41144","zcta",2019,"transportation_state_rnk",44.1467
"41146","zcta",2019,"transportation_state_rnk",70.5924
"41149","zcta",2019,"transportation_state_rnk",12.4824
"41159","zcta",2019,"transportation_state_rnk",26.0931
"41164","zcta",2019,"transportation_state_rnk",44.0056
"41166","zcta",2019,"transportation_state_rnk",8.4626
"41168","zcta",2019,"transportation_state_rnk",15.6559
"41169","zcta",2019,"transportation_state_rnk",88.7165
"41171","zcta",2019,"transportation_state_rnk",52.8914
"41174","zcta",2019,"transportation_state_rnk",36.8829
"41175","zcta",2019,"transportation_state_rnk",37.3766
"41179","zcta",2019,"transportation_state_rnk",40.7616
"41180","zcta",2019,"transportation_state_rnk",43.0889
"41183","zcta",2019,"transportation_state_rnk",40.7616
"41189","zcta",2019,"transportation_state_rnk",71.5092
"41201","zcta",2019,"transportation_state_rnk",3.8082
"41203","zcta",2019,"transportation_state_rnk",46.2623
"41204","zcta",2019,"transportation_state_rnk",11.6361
"41214","zcta",2019,"transportation_state_rnk",5.6417
"41216","zcta",2019,"transportation_state_rnk",11.9887
"41219","zcta",2019,"transportation_state_rnk",45.8392
"41222","zcta",2019,"transportation_state_rnk",53.7377
"41224","zcta",2019,"transportation_state_rnk",51.0578
"41226","zcta",2019,"transportation_state_rnk",81.6643
"41230","zcta",2019,"transportation_state_rnk",36.1072
"41231","zcta",2019,"transportation_state_rnk",80.8181
"41232","zcta",2019,"transportation_state_rnk",44.4288
"41234","zcta",2019,"transportation_state_rnk",33.2863
"41238","zcta",2019,"transportation_state_rnk",10.7898
"41240","zcta",2019,"transportation_state_rnk",85.0494
"41250","zcta",2019,"transportation_state_rnk",80.1128
"41254","zcta",2019,"transportation_state_rnk",4.2313
"41255","zcta",2019,"transportation_state_rnk",13.5402
"41256","zcta",2019,"transportation_state_rnk",12.4824
"41257","zcta",2019,"transportation_state_rnk",68.6883
"41260","zcta",2019,"transportation_state_rnk",22.3554
"41262","zcta",2019,"transportation_state_rnk",9.8731
"41263","zcta",2019,"transportation_state_rnk",14.5275
"41264","zcta",2019,"transportation_state_rnk",82.7927
"41265","zcta",2019,"transportation_state_rnk",77.7151
"41267","zcta",2019,"transportation_state_rnk",7.8984
"41268","zcta",2019,"transportation_state_rnk",3.5261
"41271","zcta",2019,"transportation_state_rnk",29.9718
"41274","zcta",2019,"transportation_state_rnk",80.677
"41301","zcta",2019,"transportation_state_rnk",73.2722
"41311","zcta",2019,"transportation_state_rnk",57.969
"41314","zcta",2019,"transportation_state_rnk",63.8223
"41317","zcta",2019,"transportation_state_rnk",2.1157
"41332","zcta",2019,"transportation_state_rnk",30.7475
"41339","zcta",2019,"transportation_state_rnk",67.7715
"41348","zcta",2019,"transportation_state_rnk",76.7278
"41352","zcta",2019,"transportation_state_rnk",18.6178
"41360","zcta",2019,"transportation_state_rnk",6.2059
"41365","zcta",2019,"transportation_state_rnk",7.2638
"41366","zcta",2019,"transportation_state_rnk",NA
"41367","zcta",2019,"transportation_state_rnk",3.0324
"41385","zcta",2019,"transportation_state_rnk",18.4062
"41390","zcta",2019,"transportation_state_rnk",NA
"41397","zcta",2019,"transportation_state_rnk",NA
"41408","zcta",2019,"transportation_state_rnk",77.574
"41421","zcta",2019,"transportation_state_rnk",4.5134
"41425","zcta",2019,"transportation_state_rnk",53.1735
"41464","zcta",2019,"transportation_state_rnk",7.2638
"41465","zcta",2019,"transportation_state_rnk",36.8829
"41472","zcta",2019,"transportation_state_rnk",36.3893
"41501","zcta",2019,"transportation_state_rnk",65.5853
"41503","zcta",2019,"transportation_state_rnk",39.0691
"41512","zcta",2019,"transportation_state_rnk",75.0353
"41513","zcta",2019,"transportation_state_rnk",87.5882
"41514","zcta",2019,"transportation_state_rnk",26.6573
"41517","zcta",2019,"transportation_state_rnk",82.0874
"41519","zcta",2019,"transportation_state_rnk",33.2863
"41522","zcta",2019,"transportation_state_rnk",49.4358
"41524","zcta",2019,"transportation_state_rnk",77.292
"41526","zcta",2019,"transportation_state_rnk",0.9168
"41527","zcta",2019,"transportation_state_rnk",14.1044
"41528","zcta",2019,"transportation_state_rnk",20.2398
"41531","zcta",2019,"transportation_state_rnk",32.8632
"41534","zcta",2019,"transportation_state_rnk",6.7701
"41535","zcta",2019,"transportation_state_rnk",41.6784
"41537","zcta",2019,"transportation_state_rnk",64.8801
"41538","zcta",2019,"transportation_state_rnk",59.6615
"41539","zcta",2019,"transportation_state_rnk",21.9323
"41540","zcta",2019,"transportation_state_rnk",74.33
"41543","zcta",2019,"transportation_state_rnk",1.6925
"41544","zcta",2019,"transportation_state_rnk",90.0564
"41547","zcta",2019,"transportation_state_rnk",77.433
"41548","zcta",2019,"transportation_state_rnk",75.7405
"41553","zcta",2019,"transportation_state_rnk",72.9901
"41554","zcta",2019,"transportation_state_rnk",34.8378
"41555","zcta",2019,"transportation_state_rnk",65.2327
"41557","zcta",2019,"transportation_state_rnk",57.5458
"41558","zcta",2019,"transportation_state_rnk",16.9252
"41559","zcta",2019,"transportation_state_rnk",16.1495
"41560","zcta",2019,"transportation_state_rnk",1.9041
"41562","zcta",2019,"transportation_state_rnk",15.3032
"41563","zcta",2019,"transportation_state_rnk",6.7701
"41564","zcta",2019,"transportation_state_rnk",5.4302
"41566","zcta",2019,"transportation_state_rnk",65.0212
"41567","zcta",2019,"transportation_state_rnk",3.0324
"41568","zcta",2019,"transportation_state_rnk",85.3315
"41571","zcta",2019,"transportation_state_rnk",18.8999
"41572","zcta",2019,"transportation_state_rnk",63.8223
"41601","zcta",2019,"transportation_state_rnk",27.7151
"41602","zcta",2019,"transportation_state_rnk",9.3089
"41603","zcta",2019,"transportation_state_rnk",20.4513
"41604","zcta",2019,"transportation_state_rnk",59.8025
"41605","zcta",2019,"transportation_state_rnk",76.8688
"41606","zcta",2019,"transportation_state_rnk",9.4499
"41607","zcta",2019,"transportation_state_rnk",50.8463
"41612","zcta",2019,"transportation_state_rnk",NA
"41615","zcta",2019,"transportation_state_rnk",73.9069
"41616","zcta",2019,"transportation_state_rnk",6.7701
"41619","zcta",2019,"transportation_state_rnk",1.1283
"41621","zcta",2019,"transportation_state_rnk",2.6798
"41622","zcta",2019,"transportation_state_rnk",0.2821
"41630","zcta",2019,"transportation_state_rnk",79.9718
"41631","zcta",2019,"transportation_state_rnk",35.1904
"41632","zcta",2019,"transportation_state_rnk",2.8209
"41635","zcta",2019,"transportation_state_rnk",41.89
"41636","zcta",2019,"transportation_state_rnk",33.2863
"41640","zcta",2019,"transportation_state_rnk",13.8928
"41642","zcta",2019,"transportation_state_rnk",59.5205
"41643","zcta",2019,"transportation_state_rnk",NA
"41645","zcta",2019,"transportation_state_rnk",15.8674
"41647","zcta",2019,"transportation_state_rnk",12.2003
"41649","zcta",2019,"transportation_state_rnk",40.409
"41650","zcta",2019,"transportation_state_rnk",2.2567
"41653","zcta",2019,"transportation_state_rnk",60.2257
"41655","zcta",2019,"transportation_state_rnk",73.9069
"41659","zcta",2019,"transportation_state_rnk",44.7109
"41660","zcta",2019,"transportation_state_rnk",12.976
"41663","zcta",2019,"transportation_state_rnk",80.2539
"41666","zcta",2019,"transportation_state_rnk",15.0917
"41667","zcta",2019,"transportation_state_rnk",11.1425
"41669","zcta",2019,"transportation_state_rnk",8.7447
"41701","zcta",2019,"transportation_state_rnk",86.8829
"41712","zcta",2019,"transportation_state_rnk",78.4203
"41713","zcta",2019,"transportation_state_rnk",88.2934
"41714","zcta",2019,"transportation_state_rnk",29.9718
"41719","zcta",2019,"transportation_state_rnk",70.2398
"41721","zcta",2019,"transportation_state_rnk",48.8717
"41722","zcta",2019,"transportation_state_rnk",62.2003
"41723","zcta",2019,"transportation_state_rnk",31.0296
"41725","zcta",2019,"transportation_state_rnk",4.3724
"41727","zcta",2019,"transportation_state_rnk",60.0846
"41729","zcta",2019,"transportation_state_rnk",NA
"41731","zcta",2019,"transportation_state_rnk",14.9506
"41735","zcta",2019,"transportation_state_rnk",0.4231
"41739","zcta",2019,"transportation_state_rnk",10.4372
"41740","zcta",2019,"transportation_state_rnk",33.2863
"41745","zcta",2019,"transportation_state_rnk",19.2525
"41746","zcta",2019,"transportation_state_rnk",8.0395
"41749","zcta",2019,"transportation_state_rnk",48.3075
"41751","zcta",2019,"transportation_state_rnk",3.244
"41754","zcta",2019,"transportation_state_rnk",67.7715
"41759","zcta",2019,"transportation_state_rnk",26.9394
"41760","zcta",2019,"transportation_state_rnk",NA
"41762","zcta",2019,"transportation_state_rnk",NA
"41763","zcta",2019,"transportation_state_rnk",25.67
"41764","zcta",2019,"transportation_state_rnk",5.0071
"41766","zcta",2019,"transportation_state_rnk",65.8674
"41772","zcta",2019,"transportation_state_rnk",71.1566
"41773","zcta",2019,"transportation_state_rnk",80.536
"41774","zcta",2019,"transportation_state_rnk",19.6756
"41775","zcta",2019,"transportation_state_rnk",NA
"41776","zcta",2019,"transportation_state_rnk",27.7151
"41777","zcta",2019,"transportation_state_rnk",75.3879
"41804","zcta",2019,"transportation_state_rnk",81.9464
"41810","zcta",2019,"transportation_state_rnk",20.2398
"41812","zcta",2019,"transportation_state_rnk",81.5233
"41815","zcta",2019,"transportation_state_rnk",18.1241
"41817","zcta",2019,"transportation_state_rnk",1.9041
"41819","zcta",2019,"transportation_state_rnk",5.7828
"41821","zcta",2019,"transportation_state_rnk",64.457
"41822","zcta",2019,"transportation_state_rnk",66.0085
"41824","zcta",2019,"transportation_state_rnk",83.6389
"41825","zcta",2019,"transportation_state_rnk",19.2525
"41826","zcta",2019,"transportation_state_rnk",72.9901
"41828","zcta",2019,"transportation_state_rnk",52.6093
"41831","zcta",2019,"transportation_state_rnk",61.4951
"41832","zcta",2019,"transportation_state_rnk",14.3865
"41833","zcta",2019,"transportation_state_rnk",3.385
"41834","zcta",2019,"transportation_state_rnk",22.1439
"41835","zcta",2019,"transportation_state_rnk",28.9845
"41836","zcta",2019,"transportation_state_rnk",33.9915
"41837","zcta",2019,"transportation_state_rnk",9.0268
"41838","zcta",2019,"transportation_state_rnk",16.9252
"41839","zcta",2019,"transportation_state_rnk",64.1044
"41840","zcta",2019,"transportation_state_rnk",32.0874
"41843","zcta",2019,"transportation_state_rnk",83.4979
"41844","zcta",2019,"transportation_state_rnk",NA
"41845","zcta",2019,"transportation_state_rnk",3.6671
"41847","zcta",2019,"transportation_state_rnk",18.7588
"41848","zcta",2019,"transportation_state_rnk",NA
"41849","zcta",2019,"transportation_state_rnk",0.9168
"41855","zcta",2019,"transportation_state_rnk",5.4302
"41858","zcta",2019,"transportation_state_rnk",64.3159
"41859","zcta",2019,"transportation_state_rnk",74.7532
"41861","zcta",2019,"transportation_state_rnk",34.5557
"41862","zcta",2019,"transportation_state_rnk",83.3568
"42001","zcta",2019,"transportation_state_rnk",90.8322
"42003","zcta",2019,"transportation_state_rnk",92.1016
"42020","zcta",2019,"transportation_state_rnk",29.3371
"42021","zcta",2019,"transportation_state_rnk",79.1255
"42022","zcta",2019,"transportation_state_rnk",4.6544
"42023","zcta",2019,"transportation_state_rnk",30.536
"42024","zcta",2019,"transportation_state_rnk",84.2031
"42025","zcta",2019,"transportation_state_rnk",24.1185
"42027","zcta",2019,"transportation_state_rnk",42.3131
"42028","zcta",2019,"transportation_state_rnk",69.5346
"42029","zcta",2019,"transportation_state_rnk",29.6192
"42031","zcta",2019,"transportation_state_rnk",61.0014
"42032","zcta",2019,"transportation_state_rnk",55.6417
"42035","zcta",2019,"transportation_state_rnk",50.8463
"42036","zcta",2019,"transportation_state_rnk",25.952
"42037","zcta",2019,"transportation_state_rnk",NA
"42038","zcta",2019,"transportation_state_rnk",51.9041
"42039","zcta",2019,"transportation_state_rnk",10.0141
"42040","zcta",2019,"transportation_state_rnk",57.5458
"42041","zcta",2019,"transportation_state_rnk",80.3949
"42044","zcta",2019,"transportation_state_rnk",42.7362
"42045","zcta",2019,"transportation_state_rnk",56.2059
"42047","zcta",2019,"transportation_state_rnk",49.7179
"42048","zcta",2019,"transportation_state_rnk",48.3075
"42049","zcta",2019,"transportation_state_rnk",43.0889
"42050","zcta",2019,"transportation_state_rnk",59.9436
"42051","zcta",2019,"transportation_state_rnk",20.7334
"42053","zcta",2019,"transportation_state_rnk",21.5797
"42054","zcta",2019,"transportation_state_rnk",53.385
"42055","zcta",2019,"transportation_state_rnk",10.5783
"42056","zcta",2019,"transportation_state_rnk",34.3441
"42058","zcta",2019,"transportation_state_rnk",10.7898
"42060","zcta",2019,"transportation_state_rnk",NA
"42061","zcta",2019,"transportation_state_rnk",NA
"42064","zcta",2019,"transportation_state_rnk",78.4203
"42066","zcta",2019,"transportation_state_rnk",28.2793
"42069","zcta",2019,"transportation_state_rnk",76.0931
"42071","zcta",2019,"transportation_state_rnk",95.6276
"42076","zcta",2019,"transportation_state_rnk",67.1368
"42078","zcta",2019,"transportation_state_rnk",52.1157
"42079","zcta",2019,"transportation_state_rnk",19.2525
"42081","zcta",2019,"transportation_state_rnk",17.4894
"42082","zcta",2019,"transportation_state_rnk",16.1495
"42083","zcta",2019,"transportation_state_rnk",32.0874
"42084","zcta",2019,"transportation_state_rnk",NA
"42085","zcta",2019,"transportation_state_rnk",41.4669
"42086","zcta",2019,"transportation_state_rnk",56.4175
"42087","zcta",2019,"transportation_state_rnk",19.2525
"42088","zcta",2019,"transportation_state_rnk",23.4838
"42101","zcta",2019,"transportation_state_rnk",94.7814
"42102","zcta",2019,"transportation_state_rnk",84.4852
"42103","zcta",2019,"transportation_state_rnk",90.5501
"42104","zcta",2019,"transportation_state_rnk",91.8195
"42120","zcta",2019,"transportation_state_rnk",60.5078
"42122","zcta",2019,"transportation_state_rnk",30.8886
"42123","zcta",2019,"transportation_state_rnk",24.6121
"42124","zcta",2019,"transportation_state_rnk",NA
"42127","zcta",2019,"transportation_state_rnk",61.354
"42129","zcta",2019,"transportation_state_rnk",39.5628
"42130","zcta",2019,"transportation_state_rnk",38.646
"42133","zcta",2019,"transportation_state_rnk",47.8138
"42134","zcta",2019,"transportation_state_rnk",35.9661
"42140","zcta",2019,"transportation_state_rnk",50.4937
"42141","zcta",2019,"transportation_state_rnk",87.024
"42151","zcta",2019,"transportation_state_rnk",NA
"42153","zcta",2019,"transportation_state_rnk",61.213
"42154","zcta",2019,"transportation_state_rnk",46.9676
"42156","zcta",2019,"transportation_state_rnk",9.591
"42157","zcta",2019,"transportation_state_rnk",87.165
"42159","zcta",2019,"transportation_state_rnk",21.3681
"42160","zcta",2019,"transportation_state_rnk",81.3822
"42163","zcta",2019,"transportation_state_rnk",NA
"42164","zcta",2019,"transportation_state_rnk",75.1763
"42166","zcta",2019,"transportation_state_rnk",63.0465
"42167","zcta",2019,"transportation_state_rnk",67.4189
"42170","zcta",2019,"transportation_state_rnk",72.0028
"42171","zcta",2019,"transportation_state_rnk",44.2877
"42202","zcta",2019,"transportation_state_rnk",62.835
"42204","zcta",2019,"transportation_state_rnk",35.1904
"42206","zcta",2019,"transportation_state_rnk",27.9972
"42207","zcta",2019,"transportation_state_rnk",56.8406
"42210","zcta",2019,"transportation_state_rnk",31.3117
"42211","zcta",2019,"transportation_state_rnk",60.5078
"42214","zcta",2019,"transportation_state_rnk",60.5078
"42215","zcta",2019,"transportation_state_rnk",75.5994
"42217","zcta",2019,"transportation_state_rnk",66.9958
"42220","zcta",2019,"transportation_state_rnk",69.6756
"42232","zcta",2019,"transportation_state_rnk",9.732
"42234","zcta",2019,"transportation_state_rnk",85.8956
"42236","zcta",2019,"transportation_state_rnk",76.3047
"42240","zcta",2019,"transportation_state_rnk",92.3836
"42254","zcta",2019,"transportation_state_rnk",34.8378
"42256","zcta",2019,"transportation_state_rnk",67.4189
"42259","zcta",2019,"transportation_state_rnk",83.78
"42261","zcta",2019,"transportation_state_rnk",52.6093
"42262","zcta",2019,"transportation_state_rnk",95.3456
"42265","zcta",2019,"transportation_state_rnk",13.3992
"42266","zcta",2019,"transportation_state_rnk",84.7673
"42273","zcta",2019,"transportation_state_rnk",12.2003
"42274","zcta",2019,"transportation_state_rnk",68.6883
"42275","zcta",2019,"transportation_state_rnk",50.141
"42276","zcta",2019,"transportation_state_rnk",43.4415
"42280","zcta",2019,"transportation_state_rnk",82.9337
"42285","zcta",2019,"transportation_state_rnk",4.0197
"42286","zcta",2019,"transportation_state_rnk",79.6897
"42301","zcta",2019,"transportation_state_rnk",90.6911
"42303","zcta",2019,"transportation_state_rnk",89.2807
"42320","zcta",2019,"transportation_state_rnk",40.0564
"42321","zcta",2019,"transportation_state_rnk",0
"42322","zcta",2019,"transportation_state_rnk",NA
"42323","zcta",2019,"transportation_state_rnk",55.6417
"42324","zcta",2019,"transportation_state_rnk",39.0691
"42325","zcta",2019,"transportation_state_rnk",30.2539
"42326","zcta",2019,"transportation_state_rnk",18.1241
"42327","zcta",2019,"transportation_state_rnk",63.6107
"42328","zcta",2019,"transportation_state_rnk",23.0606
"42330","zcta",2019,"transportation_state_rnk",44.9224
"42332","zcta",2019,"transportation_state_rnk",1.5515
"42333","zcta",2019,"transportation_state_rnk",51.3399
"42337","zcta",2019,"transportation_state_rnk",28.2793
"42338","zcta",2019,"transportation_state_rnk",NA
"42339","zcta",2019,"transportation_state_rnk",14.8096
"42343","zcta",2019,"transportation_state_rnk",72.7786
"42344","zcta",2019,"transportation_state_rnk",8.6037
"42345","zcta",2019,"transportation_state_rnk",20.7334
"42347","zcta",2019,"transportation_state_rnk",39.9154
"42348","zcta",2019,"transportation_state_rnk",17.2073
"42349","zcta",2019,"transportation_state_rnk",32.4401
"42350","zcta",2019,"transportation_state_rnk",39.5628
"42351","zcta",2019,"transportation_state_rnk",43.8646
"42352","zcta",2019,"transportation_state_rnk",12.835
"42354","zcta",2019,"transportation_state_rnk",13.1171
"42355","zcta",2019,"transportation_state_rnk",21.9323
"42356","zcta",2019,"transportation_state_rnk",NA
"42361","zcta",2019,"transportation_state_rnk",15.8674
"42366","zcta",2019,"transportation_state_rnk",22.3554
"42367","zcta",2019,"transportation_state_rnk",43.0889
"42368","zcta",2019,"transportation_state_rnk",20.0282
"42369","zcta",2019,"transportation_state_rnk",76.5867
"42370","zcta",2019,"transportation_state_rnk",NA
"42371","zcta",2019,"transportation_state_rnk",63.1876
"42372","zcta",2019,"transportation_state_rnk",38.646
"42374","zcta",2019,"transportation_state_rnk",8.3216
"42376","zcta",2019,"transportation_state_rnk",54.7955
"42378","zcta",2019,"transportation_state_rnk",37.165
"42404","zcta",2019,"transportation_state_rnk",59.3794
"42406","zcta",2019,"transportation_state_rnk",25.3173
"42408","zcta",2019,"transportation_state_rnk",23.0606
"42409","zcta",2019,"transportation_state_rnk",23.7659
"42410","zcta",2019,"transportation_state_rnk",55.2891
"42411","zcta",2019,"transportation_state_rnk",45.5571
"42413","zcta",2019,"transportation_state_rnk",13.8928
"42420","zcta",2019,"transportation_state_rnk",88.8575
"42431","zcta",2019,"transportation_state_rnk",26.3752
"42436","zcta",2019,"transportation_state_rnk",71.3681
"42437","zcta",2019,"transportation_state_rnk",65.7264
"42440","zcta",2019,"transportation_state_rnk",38.646
"42441","zcta",2019,"transportation_state_rnk",43.653
"42442","zcta",2019,"transportation_state_rnk",34.1326
"42445","zcta",2019,"transportation_state_rnk",67.4189
"42450","zcta",2019,"transportation_state_rnk",44.5698
"42451","zcta",2019,"transportation_state_rnk",23.0606
"42452","zcta",2019,"transportation_state_rnk",24.6121
"42453","zcta",2019,"transportation_state_rnk",11.4245
"42455","zcta",2019,"transportation_state_rnk",25.3173
"42456","zcta",2019,"transportation_state_rnk",21.0155
"42458","zcta",2019,"transportation_state_rnk",25.1058
"42459","zcta",2019,"transportation_state_rnk",30.2539
"42461","zcta",2019,"transportation_state_rnk",45.2045
"42462","zcta",2019,"transportation_state_rnk",10.2962
"42463","zcta",2019,"transportation_state_rnk",NA
"42464","zcta",2019,"transportation_state_rnk",72.4965
"42501","zcta",2019,"transportation_state_rnk",58.5331
"42503","zcta",2019,"transportation_state_rnk",36.3893
"42516","zcta",2019,"transportation_state_rnk",83.2158
"42518","zcta",2019,"transportation_state_rnk",22.6375
"42519","zcta",2019,"transportation_state_rnk",41.2553
"42528","zcta",2019,"transportation_state_rnk",73.2722
"42533","zcta",2019,"transportation_state_rnk",24.9647
"42539","zcta",2019,"transportation_state_rnk",46.5444
"42541","zcta",2019,"transportation_state_rnk",59.2384
"42544","zcta",2019,"transportation_state_rnk",11.6361
"42553","zcta",2019,"transportation_state_rnk",30.536
"42565","zcta",2019,"transportation_state_rnk",77.9972
"42566","zcta",2019,"transportation_state_rnk",76.4457
"42567","zcta",2019,"transportation_state_rnk",49.7179
"42602","zcta",2019,"transportation_state_rnk",40.409
"42603","zcta",2019,"transportation_state_rnk",NA
"42629","zcta",2019,"transportation_state_rnk",51.622
"42631","zcta",2019,"transportation_state_rnk",1.2694
"42633","zcta",2019,"transportation_state_rnk",58.9563
"42634","zcta",2019,"transportation_state_rnk",17.842
"42635","zcta",2019,"transportation_state_rnk",28.5614
"42638","zcta",2019,"transportation_state_rnk",NA
"42642","zcta",2019,"transportation_state_rnk",23.4838
"42647","zcta",2019,"transportation_state_rnk",53.5966
"42649","zcta",2019,"transportation_state_rnk",46.9676
"42653","zcta",2019,"transportation_state_rnk",62.835
"42701","zcta",2019,"transportation_state_rnk",99.0127
"42712","zcta",2019,"transportation_state_rnk",79.4076
"42713","zcta",2019,"transportation_state_rnk",15.5148
"42715","zcta",2019,"transportation_state_rnk",7.5458
"42716","zcta",2019,"transportation_state_rnk",38.0113
"42717","zcta",2019,"transportation_state_rnk",66.4316
"42718","zcta",2019,"transportation_state_rnk",52.3272
"42721","zcta",2019,"transportation_state_rnk",58.7447
"42722","zcta",2019,"transportation_state_rnk",74.189
"42724","zcta",2019,"transportation_state_rnk",27.9972
"42726","zcta",2019,"transportation_state_rnk",73.9069
"42728","zcta",2019,"transportation_state_rnk",48.519
"42729","zcta",2019,"transportation_state_rnk",85.6135
"42731","zcta",2019,"transportation_state_rnk",4.0197
"42732","zcta",2019,"transportation_state_rnk",26.6573
"42733","zcta",2019,"transportation_state_rnk",70.8039
"42740","zcta",2019,"transportation_state_rnk",78.4203
"42741","zcta",2019,"transportation_state_rnk",28.9845
"42743","zcta",2019,"transportation_state_rnk",62.3413
"42746","zcta",2019,"transportation_state_rnk",70.0282
"42748","zcta",2019,"transportation_state_rnk",36.3893
"42749","zcta",2019,"transportation_state_rnk",61.0014
"42753","zcta",2019,"transportation_state_rnk",40.7616
"42754","zcta",2019,"transportation_state_rnk",47.4612
"42757","zcta",2019,"transportation_state_rnk",55.9944
"42758","zcta",2019,"transportation_state_rnk",NA
"42762","zcta",2019,"transportation_state_rnk",58.7447
"42764","zcta",2019,"transportation_state_rnk",14.2454
"42765","zcta",2019,"transportation_state_rnk",84.6262
"42776","zcta",2019,"transportation_state_rnk",69.8166
"42782","zcta",2019,"transportation_state_rnk",36.6714
"42784","zcta",2019,"transportation_state_rnk",48.6601
"42788","zcta",2019,"transportation_state_rnk",81.1001
