"geoid","geolevel","year","level","value"
"53001950100","tract",2019,"transportation_score",93.27
"53001950200","tract",2019,"transportation_score",90.91
"53001950300","tract",2019,"transportation_score",90.56
"53001950400","tract",2019,"transportation_score",92.71
"53001950500","tract",2019,"transportation_score",88.52
"53003960100","tract",2019,"transportation_score",88.53
"53003960200","tract",2019,"transportation_score",94.34
"53003960300","tract",2019,"transportation_score",93.8
"53003960400","tract",2019,"transportation_score",96.43
"53003960500","tract",2019,"transportation_score",95.65
"53003960600","tract",2019,"transportation_score",92.78
"53005010100","tract",2019,"transportation_score",88.66
"53005010201","tract",2019,"transportation_score",91.73
"53005010202","tract",2019,"transportation_score",95.86
"53005010300","tract",2019,"transportation_score",94.08
"53005010400","tract",2019,"transportation_score",96.64
"53005010500","tract",2019,"transportation_score",90.27
"53005010600","tract",2019,"transportation_score",97.01
"53005010701","tract",2019,"transportation_score",88.66
"53005010703","tract",2019,"transportation_score",90.71
"53005010705","tract",2019,"transportation_score",90.43
"53005010707","tract",2019,"transportation_score",92.27
"53005010708","tract",2019,"transportation_score",94.17
"53005010803","tract",2019,"transportation_score",94.45
"53005010805","tract",2019,"transportation_score",93.55
"53005010807","tract",2019,"transportation_score",91.35
"53005010809","tract",2019,"transportation_score",90.32
"53005010810","tract",2019,"transportation_score",94.42
"53005010811","tract",2019,"transportation_score",90.8
"53005010813","tract",2019,"transportation_score",93.63
"53005010814","tract",2019,"transportation_score",86.52
"53005010901","tract",2019,"transportation_score",96.87
"53005010902","tract",2019,"transportation_score",94.99
"53005011001","tract",2019,"transportation_score",98.39
"53005011002","tract",2019,"transportation_score",96.13
"53005011100","tract",2019,"transportation_score",92.58
"53005011200","tract",2019,"transportation_score",99.96
"53005011300","tract",2019,"transportation_score",97.45
"53005011401","tract",2019,"transportation_score",90.85
"53005011402","tract",2019,"transportation_score",94.45
"53005011501","tract",2019,"transportation_score",87.03
"53005011503","tract",2019,"transportation_score",92.93
"53005011504","tract",2019,"transportation_score",87.32
"53005011600","tract",2019,"transportation_score",86.01
"53005011700","tract",2019,"transportation_score",88.52
"53005011800","tract",2019,"transportation_score",84.92
"53005011900","tract",2019,"transportation_score",92.38
"53005012000","tract",2019,"transportation_score",NA
"53007960100","tract",2019,"transportation_score",89.96
"53007960200","tract",2019,"transportation_score",94.56
"53007960300","tract",2019,"transportation_score",93.48
"53007960400","tract",2019,"transportation_score",91.88
"53007960500","tract",2019,"transportation_score",87.71
"53007960600","tract",2019,"transportation_score",91.94
"53007960700","tract",2019,"transportation_score",86.76
"53007960801","tract",2019,"transportation_score",90.43
"53007960802","tract",2019,"transportation_score",96.44
"53007961000","tract",2019,"transportation_score",100.33
"53007961100","tract",2019,"transportation_score",95.92
"53007961200","tract",2019,"transportation_score",88.31
"53007961301","tract",2019,"transportation_score",88.48
"53007961302","tract",2019,"transportation_score",93.54
"53009000200","tract",2019,"transportation_score",95.81
"53009000300","tract",2019,"transportation_score",92.06
"53009000400","tract",2019,"transportation_score",93.64
"53009000600","tract",2019,"transportation_score",90.83
"53009000700","tract",2019,"transportation_score",90.76
"53009000800","tract",2019,"transportation_score",97.99
"53009000900","tract",2019,"transportation_score",100.25
"53009001000","tract",2019,"transportation_score",105.29
"53009001100","tract",2019,"transportation_score",98.51
"53009001200","tract",2019,"transportation_score",99.61
"53009001300","tract",2019,"transportation_score",92.62
"53009001400","tract",2019,"transportation_score",90.4
"53009001500","tract",2019,"transportation_score",89.18
"53009001600","tract",2019,"transportation_score",89.73
"53009001700","tract",2019,"transportation_score",90.26
"53009001800","tract",2019,"transportation_score",88.1
"53009001900","tract",2019,"transportation_score",88.4
"53009002000","tract",2019,"transportation_score",93.63
"53009002100","tract",2019,"transportation_score",96.44
"53009002300","tract",2019,"transportation_score",90.74
"53009940000","tract",2019,"transportation_score",88.72
"53009990100","tract",2019,"transportation_score",NA
"53011040101","tract",2019,"transportation_score",90.57
"53011040102","tract",2019,"transportation_score",90.16
"53011040201","tract",2019,"transportation_score",91.43
"53011040202","tract",2019,"transportation_score",89.82
"53011040203","tract",2019,"transportation_score",88.75
"53011040301","tract",2019,"transportation_score",92.33
"53011040302","tract",2019,"transportation_score",88.82
"53011040403","tract",2019,"transportation_score",85.75
"53011040407","tract",2019,"transportation_score",96.15
"53011040408","tract",2019,"transportation_score",87.65
"53011040409","tract",2019,"transportation_score",88.5
"53011040411","tract",2019,"transportation_score",96.67
"53011040412","tract",2019,"transportation_score",89.16
"53011040413","tract",2019,"transportation_score",96.9
"53011040414","tract",2019,"transportation_score",91.12
"53011040415","tract",2019,"transportation_score",95.76
"53011040416","tract",2019,"transportation_score",90.4
"53011040504","tract",2019,"transportation_score",87.42
"53011040505","tract",2019,"transportation_score",87.69
"53011040507","tract",2019,"transportation_score",88.89
"53011040508","tract",2019,"transportation_score",94.76
"53011040509","tract",2019,"transportation_score",94.09
"53011040510","tract",2019,"transportation_score",91.41
"53011040511","tract",2019,"transportation_score",88.38
"53011040603","tract",2019,"transportation_score",87.41
"53011040604","tract",2019,"transportation_score",91.8
"53011040605","tract",2019,"transportation_score",90.65
"53011040608","tract",2019,"transportation_score",92.67
"53011040609","tract",2019,"transportation_score",94.93
"53011040610","tract",2019,"transportation_score",94.97
"53011040703","tract",2019,"transportation_score",91.88
"53011040706","tract",2019,"transportation_score",94.72
"53011040707","tract",2019,"transportation_score",96.62
"53011040709","tract",2019,"transportation_score",88.56
"53011040710","tract",2019,"transportation_score",89.87
"53011040711","tract",2019,"transportation_score",94.84
"53011040712","tract",2019,"transportation_score",93.66
"53011040803","tract",2019,"transportation_score",97.71
"53011040805","tract",2019,"transportation_score",95.56
"53011040806","tract",2019,"transportation_score",93.31
"53011040808","tract",2019,"transportation_score",88.02
"53011040809","tract",2019,"transportation_score",96.4
"53011040810","tract",2019,"transportation_score",96.38
"53011040904","tract",2019,"transportation_score",98.65
"53011040905","tract",2019,"transportation_score",88.69
"53011040907","tract",2019,"transportation_score",93.45
"53011040908","tract",2019,"transportation_score",96.23
"53011040909","tract",2019,"transportation_score",95.38
"53011040910","tract",2019,"transportation_score",96.94
"53011041003","tract",2019,"transportation_score",96.33
"53011041005","tract",2019,"transportation_score",99.84
"53011041007","tract",2019,"transportation_score",98.21
"53011041008","tract",2019,"transportation_score",95.64
"53011041009","tract",2019,"transportation_score",99.65
"53011041010","tract",2019,"transportation_score",99.5
"53011041011","tract",2019,"transportation_score",91.96
"53011041104","tract",2019,"transportation_score",95.94
"53011041105","tract",2019,"transportation_score",96.67
"53011041107","tract",2019,"transportation_score",97
"53011041108","tract",2019,"transportation_score",99.04
"53011041110","tract",2019,"transportation_score",94.22
"53011041111","tract",2019,"transportation_score",101.28
"53011041112","tract",2019,"transportation_score",98.93
"53011041201","tract",2019,"transportation_score",95.2
"53011041203","tract",2019,"transportation_score",96
"53011041205","tract",2019,"transportation_score",98.69
"53011041206","tract",2019,"transportation_score",100.02
"53011041309","tract",2019,"transportation_score",97.47
"53011041310","tract",2019,"transportation_score",102.5
"53011041312","tract",2019,"transportation_score",98.63
"53011041313","tract",2019,"transportation_score",93.08
"53011041317","tract",2019,"transportation_score",98.46
"53011041318","tract",2019,"transportation_score",96.66
"53011041319","tract",2019,"transportation_score",97.21
"53011041320","tract",2019,"transportation_score",97.46
"53011041321","tract",2019,"transportation_score",96
"53011041322","tract",2019,"transportation_score",93.94
"53011041323","tract",2019,"transportation_score",99.62
"53011041325","tract",2019,"transportation_score",95.76
"53011041326","tract",2019,"transportation_score",94.5
"53011041327","tract",2019,"transportation_score",93.62
"53011041328","tract",2019,"transportation_score",97.89
"53011041329","tract",2019,"transportation_score",101.55
"53011041330","tract",2019,"transportation_score",96.84
"53011041331","tract",2019,"transportation_score",96.75
"53011041332","tract",2019,"transportation_score",89.99
"53011041333","tract",2019,"transportation_score",92.15
"53011041400","tract",2019,"transportation_score",99.91
"53011041500","tract",2019,"transportation_score",97.76
"53011041600","tract",2019,"transportation_score",101.39
"53011041700","tract",2019,"transportation_score",104.39
"53011041800","tract",2019,"transportation_score",98.99
"53011041900","tract",2019,"transportation_score",96.53
"53011042000","tract",2019,"transportation_score",98.75
"53011042100","tract",2019,"transportation_score",98.92
"53011042300","tract",2019,"transportation_score",101.27
"53011042400","tract",2019,"transportation_score",NA
"53011042500","tract",2019,"transportation_score",100.46
"53011042600","tract",2019,"transportation_score",97.18
"53011042700","tract",2019,"transportation_score",100.82
"53011042800","tract",2019,"transportation_score",93.37
"53011042900","tract",2019,"transportation_score",95.72
"53011043000","tract",2019,"transportation_score",96.79
"53011043100","tract",2019,"transportation_score",94.86
"53013960200","tract",2019,"transportation_score",97.85
"53015000300","tract",2019,"transportation_score",96.69
"53015000400","tract",2019,"transportation_score",101.49
"53015000501","tract",2019,"transportation_score",96.41
"53015000502","tract",2019,"transportation_score",97.21
"53015000601","tract",2019,"transportation_score",98.4
"53015000602","tract",2019,"transportation_score",91.58
"53015000702","tract",2019,"transportation_score",93.43
"53015000703","tract",2019,"transportation_score",90.84
"53015000704","tract",2019,"transportation_score",95.34
"53015000800","tract",2019,"transportation_score",91.24
"53015000900","tract",2019,"transportation_score",86.04
"53015001000","tract",2019,"transportation_score",104.15
"53015001100","tract",2019,"transportation_score",97.23
"53015001200","tract",2019,"transportation_score",93.78
"53015001300","tract",2019,"transportation_score",96.82
"53015001501","tract",2019,"transportation_score",89.78
"53015001502","tract",2019,"transportation_score",89.61
"53015001600","tract",2019,"transportation_score",88.84
"53015001700","tract",2019,"transportation_score",85.03
"53015001800","tract",2019,"transportation_score",90.1
"53015001900","tract",2019,"transportation_score",88.85
"53015002001","tract",2019,"transportation_score",93.17
"53015002002","tract",2019,"transportation_score",89.63
"53015002100","tract",2019,"transportation_score",109.34
"53017950100","tract",2019,"transportation_score",93.59
"53017950200","tract",2019,"transportation_score",88.97
"53017950300","tract",2019,"transportation_score",86.43
"53017950400","tract",2019,"transportation_score",91.83
"53017950500","tract",2019,"transportation_score",94.03
"53017950600","tract",2019,"transportation_score",91.44
"53017950700","tract",2019,"transportation_score",95.04
"53017950800","tract",2019,"transportation_score",92.46
"53019940000","tract",2019,"transportation_score",91.34
"53019970100","tract",2019,"transportation_score",97.89
"53019970200","tract",2019,"transportation_score",94.83
"53021020100","tract",2019,"transportation_score",95.54
"53021020200","tract",2019,"transportation_score",102.73
"53021020300","tract",2019,"transportation_score",98.15
"53021020400","tract",2019,"transportation_score",95.63
"53021020501","tract",2019,"transportation_score",92.43
"53021020502","tract",2019,"transportation_score",91.77
"53021020601","tract",2019,"transportation_score",87.9
"53021020603","tract",2019,"transportation_score",91.68
"53021020605","tract",2019,"transportation_score",92.38
"53021020606","tract",2019,"transportation_score",94.17
"53021020700","tract",2019,"transportation_score",90.98
"53021020800","tract",2019,"transportation_score",88.23
"53021980100","tract",2019,"transportation_score",NA
"53023970300","tract",2019,"transportation_score",89.33
"53025010100","tract",2019,"transportation_score",88.65
"53025010200","tract",2019,"transportation_score",86.25
"53025010300","tract",2019,"transportation_score",92.27
"53025010400","tract",2019,"transportation_score",91.27
"53025010500","tract",2019,"transportation_score",91.25
"53025010600","tract",2019,"transportation_score",94.07
"53025010700","tract",2019,"transportation_score",88.28
"53025010800","tract",2019,"transportation_score",95.97
"53025010901","tract",2019,"transportation_score",88.46
"53025010902","tract",2019,"transportation_score",93.41
"53025011000","tract",2019,"transportation_score",94.56
"53025011100","tract",2019,"transportation_score",94.46
"53025011200","tract",2019,"transportation_score",90.2
"53025011300","tract",2019,"transportation_score",90.57
"53025011401","tract",2019,"transportation_score",100.26
"53025011402","tract",2019,"transportation_score",92.5
"53027000200","tract",2019,"transportation_score",95.93
"53027000300","tract",2019,"transportation_score",89.72
"53027000400","tract",2019,"transportation_score",92.07
"53027000500","tract",2019,"transportation_score",90.8
"53027000600","tract",2019,"transportation_score",91.18
"53027000700","tract",2019,"transportation_score",91.32
"53027000800","tract",2019,"transportation_score",88.96
"53027000900","tract",2019,"transportation_score",91.97
"53027001000","tract",2019,"transportation_score",96.67
"53027001100","tract",2019,"transportation_score",91.67
"53027001200","tract",2019,"transportation_score",94.77
"53027001300","tract",2019,"transportation_score",92.62
"53027001400","tract",2019,"transportation_score",92.01
"53027001500","tract",2019,"transportation_score",95.71
"53027001600","tract",2019,"transportation_score",NA
"53027940000","tract",2019,"transportation_score",96.06
"53027990000","tract",2019,"transportation_score",NA
"53029970100","tract",2019,"transportation_score",90.52
"53029970200","tract",2019,"transportation_score",NA
"53029970300","tract",2019,"transportation_score",88.22
"53029970400","tract",2019,"transportation_score",91.02
"53029970500","tract",2019,"transportation_score",89.72
"53029970601","tract",2019,"transportation_score",91.59
"53029970602","tract",2019,"transportation_score",97.71
"53029970700","tract",2019,"transportation_score",93.5
"53029970800","tract",2019,"transportation_score",91.41
"53029970900","tract",2019,"transportation_score",88.32
"53029971000","tract",2019,"transportation_score",90.88
"53029971100","tract",2019,"transportation_score",93.86
"53029971300","tract",2019,"transportation_score",100.97
"53029971400","tract",2019,"transportation_score",92.18
"53029971500","tract",2019,"transportation_score",93.71
"53029971600","tract",2019,"transportation_score",92.11
"53029971700","tract",2019,"transportation_score",95.44
"53029971800","tract",2019,"transportation_score",93.93
"53029971900","tract",2019,"transportation_score",95.06
"53029972000","tract",2019,"transportation_score",96.45
"53029972100","tract",2019,"transportation_score",97.83
"53029992201","tract",2019,"transportation_score",NA
"53031950202","tract",2019,"transportation_score",96.65
"53031950300","tract",2019,"transportation_score",95.25
"53031950400","tract",2019,"transportation_score",92.3
"53031950500","tract",2019,"transportation_score",90.73
"53031950601","tract",2019,"transportation_score",101.6
"53031950602","tract",2019,"transportation_score",91.93
"53031950702","tract",2019,"transportation_score",92.81
"53031990000","tract",2019,"transportation_score",NA
"53033000100","tract",2019,"transportation_score",124.52
"53033000200","tract",2019,"transportation_score",123.76
"53033000300","tract",2019,"transportation_score",119.74
"53033000401","tract",2019,"transportation_score",121.72
"53033000402","tract",2019,"transportation_score",124.5
"53033000500","tract",2019,"transportation_score",113.07
"53033000600","tract",2019,"transportation_score",117.91
"53033000700","tract",2019,"transportation_score",120.97
"53033000800","tract",2019,"transportation_score",113.24
"53033000900","tract",2019,"transportation_score",114.14
"53033001000","tract",2019,"transportation_score",121.32
"53033001100","tract",2019,"transportation_score",112.78
"53033001200","tract",2019,"transportation_score",129.9
"53033001300","tract",2019,"transportation_score",125.71
"53033001400","tract",2019,"transportation_score",105.19
"53033001500","tract",2019,"transportation_score",114.86
"53033001600","tract",2019,"transportation_score",117.06
"53033001701","tract",2019,"transportation_score",129.78
"53033001702","tract",2019,"transportation_score",121.38
"53033001800","tract",2019,"transportation_score",123.24
"53033001900","tract",2019,"transportation_score",121.31
"53033002000","tract",2019,"transportation_score",119.47
"53033002100","tract",2019,"transportation_score",121.04
"53033002200","tract",2019,"transportation_score",115.09
"53033002400","tract",2019,"transportation_score",119.09
"53033002500","tract",2019,"transportation_score",119.78
"53033002600","tract",2019,"transportation_score",122.31
"53033002700","tract",2019,"transportation_score",122.08
"53033002800","tract",2019,"transportation_score",125.38
"53033002900","tract",2019,"transportation_score",119.79
"53033003000","tract",2019,"transportation_score",116.85
"53033003100","tract",2019,"transportation_score",120.13
"53033003200","tract",2019,"transportation_score",130.44
"53033003300","tract",2019,"transportation_score",127.76
"53033003400","tract",2019,"transportation_score",122.59
"53033003500","tract",2019,"transportation_score",120.34
"53033003600","tract",2019,"transportation_score",129.7
"53033003800","tract",2019,"transportation_score",122.52
"53033003900","tract",2019,"transportation_score",117.71
"53033004000","tract",2019,"transportation_score",120.62
"53033004100","tract",2019,"transportation_score",118.99
"53033004200","tract",2019,"transportation_score",120.34
"53033004301","tract",2019,"transportation_score",128.87
"53033004302","tract",2019,"transportation_score",146.53
"53033004400","tract",2019,"transportation_score",141.79
"53033004500","tract",2019,"transportation_score",129.57
"53033004600","tract",2019,"transportation_score",121.6
"53033004700","tract",2019,"transportation_score",136.1
"53033004800","tract",2019,"transportation_score",125.01
"53033004900","tract",2019,"transportation_score",134.19
"53033005000","tract",2019,"transportation_score",125.39
"53033005100","tract",2019,"transportation_score",126.19
"53033005200","tract",2019,"transportation_score",143.45
"53033005301","tract",2019,"transportation_score",156.29
"53033005302","tract",2019,"transportation_score",NA
"53033005400","tract",2019,"transportation_score",127.77
"53033005600","tract",2019,"transportation_score",111.2
"53033005700","tract",2019,"transportation_score",117.89
"53033005801","tract",2019,"transportation_score",122.62
"53033005802","tract",2019,"transportation_score",123.46
"53033005900","tract",2019,"transportation_score",124.43
"53033006000","tract",2019,"transportation_score",130.65
"53033006100","tract",2019,"transportation_score",124.27
"53033006200","tract",2019,"transportation_score",120.98
"53033006300","tract",2019,"transportation_score",114.1
"53033006400","tract",2019,"transportation_score",120.21
"53033006500","tract",2019,"transportation_score",136.15
"53033006600","tract",2019,"transportation_score",133
"53033006700","tract",2019,"transportation_score",139.65
"53033006800","tract",2019,"transportation_score",122.05
"53033006900","tract",2019,"transportation_score",122.11
"53033007000","tract",2019,"transportation_score",141.61
"53033007100","tract",2019,"transportation_score",142.33
"53033007200","tract",2019,"transportation_score",158.45
"53033007300","tract",2019,"transportation_score",141.32
"53033007401","tract",2019,"transportation_score",150.7
"53033007402","tract",2019,"transportation_score",159.46
"53033007500","tract",2019,"transportation_score",154.72
"53033007600","tract",2019,"transportation_score",140.4
"53033007700","tract",2019,"transportation_score",131.68
"53033007800","tract",2019,"transportation_score",117.02
"53033007900","tract",2019,"transportation_score",141.82
"53033008001","tract",2019,"transportation_score",148.91
"53033008002","tract",2019,"transportation_score",150.55
"53033008100","tract",2019,"transportation_score",143.34
"53033008200","tract",2019,"transportation_score",160.5
"53033008300","tract",2019,"transportation_score",154.98
"53033008400","tract",2019,"transportation_score",156.38
"53033008500","tract",2019,"transportation_score",NA
"53033008600","tract",2019,"transportation_score",145.34
"53033008700","tract",2019,"transportation_score",134.37
"53033008800","tract",2019,"transportation_score",128.33
"53033008900","tract",2019,"transportation_score",119.49
"53033009000","tract",2019,"transportation_score",117.79
"53033009100","tract",2019,"transportation_score",154.52
"53033009200","tract",2019,"transportation_score",159.04
"53033009300","tract",2019,"transportation_score",119.14
"53033009400","tract",2019,"transportation_score",131.48
"53033009500","tract",2019,"transportation_score",124.37
"53033009600","tract",2019,"transportation_score",118.46
"53033009701","tract",2019,"transportation_score",113.17
"53033009702","tract",2019,"transportation_score",116.12
"53033009800","tract",2019,"transportation_score",119.47
"53033009900","tract",2019,"transportation_score",117.98
"53033010001","tract",2019,"transportation_score",114.86
"53033010002","tract",2019,"transportation_score",124.95
"53033010100","tract",2019,"transportation_score",128.3
"53033010200","tract",2019,"transportation_score",117.14
"53033010300","tract",2019,"transportation_score",122.91
"53033010401","tract",2019,"transportation_score",101.7
"53033010402","tract",2019,"transportation_score",118.83
"53033010500","tract",2019,"transportation_score",126.29
"53033010600","tract",2019,"transportation_score",121.53
"53033010701","tract",2019,"transportation_score",108.66
"53033010702","tract",2019,"transportation_score",120.54
"53033010800","tract",2019,"transportation_score",116.49
"53033010900","tract",2019,"transportation_score",122.7
"53033011001","tract",2019,"transportation_score",123.37
"53033011002","tract",2019,"transportation_score",120.34
"53033011101","tract",2019,"transportation_score",123.89
"53033011102","tract",2019,"transportation_score",117.42
"53033011200","tract",2019,"transportation_score",128.39
"53033011300","tract",2019,"transportation_score",115.29
"53033011401","tract",2019,"transportation_score",120.32
"53033011402","tract",2019,"transportation_score",121.39
"53033011500","tract",2019,"transportation_score",118.29
"53033011600","tract",2019,"transportation_score",116.35
"53033011700","tract",2019,"transportation_score",118.49
"53033011800","tract",2019,"transportation_score",122.46
"53033011900","tract",2019,"transportation_score",115.53
"53033012000","tract",2019,"transportation_score",115.37
"53033012100","tract",2019,"transportation_score",93.14
"53033020100","tract",2019,"transportation_score",94.03
"53033020200","tract",2019,"transportation_score",111.66
"53033020300","tract",2019,"transportation_score",117.23
"53033020401","tract",2019,"transportation_score",110.67
"53033020402","tract",2019,"transportation_score",114.22
"53033020500","tract",2019,"transportation_score",110.09
"53033020600","tract",2019,"transportation_score",113.9
"53033020700","tract",2019,"transportation_score",126.92
"53033020800","tract",2019,"transportation_score",113.27
"53033020900","tract",2019,"transportation_score",119.11
"53033021000","tract",2019,"transportation_score",113.24
"53033021100","tract",2019,"transportation_score",115.49
"53033021300","tract",2019,"transportation_score",118.03
"53033021400","tract",2019,"transportation_score",107.51
"53033021500","tract",2019,"transportation_score",94.74
"53033021600","tract",2019,"transportation_score",112.37
"53033021700","tract",2019,"transportation_score",115.69
"53033021802","tract",2019,"transportation_score",94.43
"53033021803","tract",2019,"transportation_score",111.63
"53033021804","tract",2019,"transportation_score",97.86
"53033021903","tract",2019,"transportation_score",116.97
"53033021904","tract",2019,"transportation_score",109.83
"53033021905","tract",2019,"transportation_score",97.06
"53033021906","tract",2019,"transportation_score",96.27
"53033022001","tract",2019,"transportation_score",108.67
"53033022003","tract",2019,"transportation_score",113.09
"53033022005","tract",2019,"transportation_score",114.81
"53033022006","tract",2019,"transportation_score",116.16
"53033022101","tract",2019,"transportation_score",114.85
"53033022102","tract",2019,"transportation_score",107.86
"53033022201","tract",2019,"transportation_score",109.57
"53033022202","tract",2019,"transportation_score",111.41
"53033022203","tract",2019,"transportation_score",109.73
"53033022300","tract",2019,"transportation_score",92.38
"53033022400","tract",2019,"transportation_score",112.76
"53033022500","tract",2019,"transportation_score",113
"53033022603","tract",2019,"transportation_score",111.8
"53033022604","tract",2019,"transportation_score",110.33
"53033022605","tract",2019,"transportation_score",117.21
"53033022606","tract",2019,"transportation_score",109.83
"53033022701","tract",2019,"transportation_score",112.45
"53033022702","tract",2019,"transportation_score",115.98
"53033022703","tract",2019,"transportation_score",107.08
"53033022801","tract",2019,"transportation_score",122.07
"53033022802","tract",2019,"transportation_score",111.76
"53033022803","tract",2019,"transportation_score",127.49
"53033022901","tract",2019,"transportation_score",108.81
"53033022902","tract",2019,"transportation_score",110.38
"53033023000","tract",2019,"transportation_score",97.48
"53033023100","tract",2019,"transportation_score",109.65
"53033023201","tract",2019,"transportation_score",121.27
"53033023202","tract",2019,"transportation_score",116.1
"53033023300","tract",2019,"transportation_score",109.04
"53033023401","tract",2019,"transportation_score",115.01
"53033023403","tract",2019,"transportation_score",109.89
"53033023404","tract",2019,"transportation_score",93
"53033023500","tract",2019,"transportation_score",112.96
"53033023601","tract",2019,"transportation_score",116.84
"53033023603","tract",2019,"transportation_score",123.84
"53033023604","tract",2019,"transportation_score",116.23
"53033023700","tract",2019,"transportation_score",110.04
"53033023801","tract",2019,"transportation_score",120.56
"53033023803","tract",2019,"transportation_score",132.33
"53033023804","tract",2019,"transportation_score",134.72
"53033023900","tract",2019,"transportation_score",111.68
"53033024000","tract",2019,"transportation_score",115.35
"53033024100","tract",2019,"transportation_score",105.53
"53033024200","tract",2019,"transportation_score",91.92
"53033024300","tract",2019,"transportation_score",117.7
"53033024400","tract",2019,"transportation_score",116.44
"53033024500","tract",2019,"transportation_score",106.72
"53033024601","tract",2019,"transportation_score",109.08
"53033024602","tract",2019,"transportation_score",110.14
"53033024701","tract",2019,"transportation_score",110.6
"53033024702","tract",2019,"transportation_score",107.48
"53033024800","tract",2019,"transportation_score",116.37
"53033024901","tract",2019,"transportation_score",109.91
"53033024902","tract",2019,"transportation_score",111.06
"53033024903","tract",2019,"transportation_score",108.85
"53033025001","tract",2019,"transportation_score",110.6
"53033025003","tract",2019,"transportation_score",108.06
"53033025005","tract",2019,"transportation_score",109.3
"53033025006","tract",2019,"transportation_score",96.08
"53033025101","tract",2019,"transportation_score",112.52
"53033025102","tract",2019,"transportation_score",110.22
"53033025200","tract",2019,"transportation_score",108.1
"53033025301","tract",2019,"transportation_score",115.56
"53033025302","tract",2019,"transportation_score",103.66
"53033025400","tract",2019,"transportation_score",110.69
"53033025500","tract",2019,"transportation_score",113.91
"53033025601","tract",2019,"transportation_score",108.79
"53033025602","tract",2019,"transportation_score",108.29
"53033025701","tract",2019,"transportation_score",114.53
"53033025702","tract",2019,"transportation_score",108.02
"53033025803","tract",2019,"transportation_score",116.86
"53033025804","tract",2019,"transportation_score",105.71
"53033025805","tract",2019,"transportation_score",113.75
"53033025806","tract",2019,"transportation_score",112.33
"53033026001","tract",2019,"transportation_score",110.87
"53033026002","tract",2019,"transportation_score",100.06
"53033026100","tract",2019,"transportation_score",117.4
"53033026200","tract",2019,"transportation_score",110.75
"53033026300","tract",2019,"transportation_score",95.13
"53033026400","tract",2019,"transportation_score",113.46
"53033026500","tract",2019,"transportation_score",120.87
"53033026600","tract",2019,"transportation_score",99.22
"53033026700","tract",2019,"transportation_score",108.08
"53033026801","tract",2019,"transportation_score",118.32
"53033026802","tract",2019,"transportation_score",112.63
"53033027000","tract",2019,"transportation_score",106.82
"53033027100","tract",2019,"transportation_score",112.61
"53033027200","tract",2019,"transportation_score",116.73
"53033027300","tract",2019,"transportation_score",110.33
"53033027400","tract",2019,"transportation_score",108.46
"53033027500","tract",2019,"transportation_score",114.02
"53033027600","tract",2019,"transportation_score",112.54
"53033027701","tract",2019,"transportation_score",106.74
"53033027702","tract",2019,"transportation_score",104.42
"53033027800","tract",2019,"transportation_score",109.2
"53033027900","tract",2019,"transportation_score",112.9
"53033028000","tract",2019,"transportation_score",115.52
"53033028100","tract",2019,"transportation_score",98.04
"53033028200","tract",2019,"transportation_score",121.98
"53033028300","tract",2019,"transportation_score",107.09
"53033028402","tract",2019,"transportation_score",120.46
"53033028403","tract",2019,"transportation_score",111.99
"53033028500","tract",2019,"transportation_score",110.63
"53033028600","tract",2019,"transportation_score",108.5
"53033028700","tract",2019,"transportation_score",105.5
"53033028801","tract",2019,"transportation_score",110.92
"53033028802","tract",2019,"transportation_score",115.78
"53033028901","tract",2019,"transportation_score",108.84
"53033028902","tract",2019,"transportation_score",113.61
"53033029001","tract",2019,"transportation_score",108.55
"53033029003","tract",2019,"transportation_score",105.95
"53033029004","tract",2019,"transportation_score",101.31
"53033029101","tract",2019,"transportation_score",110.14
"53033029102","tract",2019,"transportation_score",108.44
"53033029203","tract",2019,"transportation_score",105.99
"53033029204","tract",2019,"transportation_score",114.12
"53033029205","tract",2019,"transportation_score",115.29
"53033029206","tract",2019,"transportation_score",116.89
"53033029303","tract",2019,"transportation_score",111.61
"53033029304","tract",2019,"transportation_score",106.34
"53033029305","tract",2019,"transportation_score",108.9
"53033029306","tract",2019,"transportation_score",93.24
"53033029307","tract",2019,"transportation_score",92.84
"53033029403","tract",2019,"transportation_score",109.05
"53033029405","tract",2019,"transportation_score",105.91
"53033029406","tract",2019,"transportation_score",91.26
"53033029407","tract",2019,"transportation_score",116.27
"53033029408","tract",2019,"transportation_score",113.55
"53033029502","tract",2019,"transportation_score",109.03
"53033029503","tract",2019,"transportation_score",118.37
"53033029504","tract",2019,"transportation_score",108.7
"53033029601","tract",2019,"transportation_score",113.19
"53033029602","tract",2019,"transportation_score",109.63
"53033029700","tract",2019,"transportation_score",114.6
"53033029801","tract",2019,"transportation_score",111.55
"53033029802","tract",2019,"transportation_score",110.91
"53033029901","tract",2019,"transportation_score",110.88
"53033029902","tract",2019,"transportation_score",106.14
"53033030003","tract",2019,"transportation_score",112.77
"53033030004","tract",2019,"transportation_score",114.76
"53033030005","tract",2019,"transportation_score",110.71
"53033030006","tract",2019,"transportation_score",115.97
"53033030100","tract",2019,"transportation_score",110.54
"53033030201","tract",2019,"transportation_score",110.5
"53033030202","tract",2019,"transportation_score",113.16
"53033030304","tract",2019,"transportation_score",97.68
"53033030305","tract",2019,"transportation_score",117.46
"53033030306","tract",2019,"transportation_score",108.33
"53033030308","tract",2019,"transportation_score",112.06
"53033030309","tract",2019,"transportation_score",111.51
"53033030310","tract",2019,"transportation_score",108.06
"53033030311","tract",2019,"transportation_score",113.09
"53033030312","tract",2019,"transportation_score",111.74
"53033030313","tract",2019,"transportation_score",115.12
"53033030314","tract",2019,"transportation_score",113.8
"53033030401","tract",2019,"transportation_score",107.42
"53033030403","tract",2019,"transportation_score",110.13
"53033030404","tract",2019,"transportation_score",93
"53033030501","tract",2019,"transportation_score",103.32
"53033030503","tract",2019,"transportation_score",114.36
"53033030504","tract",2019,"transportation_score",111.73
"53033030600","tract",2019,"transportation_score",111.87
"53033030700","tract",2019,"transportation_score",110.45
"53033030801","tract",2019,"transportation_score",112.39
"53033030802","tract",2019,"transportation_score",113.01
"53033030901","tract",2019,"transportation_score",106.55
"53033030902","tract",2019,"transportation_score",108.06
"53033031000","tract",2019,"transportation_score",94.67
"53033031100","tract",2019,"transportation_score",110.37
"53033031202","tract",2019,"transportation_score",90.5
"53033031204","tract",2019,"transportation_score",89.5
"53033031205","tract",2019,"transportation_score",113.9
"53033031206","tract",2019,"transportation_score",109.15
"53033031301","tract",2019,"transportation_score",92.11
"53033031302","tract",2019,"transportation_score",106.08
"53033031400","tract",2019,"transportation_score",107.8
"53033031501","tract",2019,"transportation_score",89.53
"53033031502","tract",2019,"transportation_score",90.51
"53033031601","tract",2019,"transportation_score",89.2
"53033031603","tract",2019,"transportation_score",92.89
"53033031604","tract",2019,"transportation_score",107.23
"53033031605","tract",2019,"transportation_score",89.54
"53033031703","tract",2019,"transportation_score",105.39
"53033031704","tract",2019,"transportation_score",109.56
"53033031705","tract",2019,"transportation_score",104.17
"53033031706","tract",2019,"transportation_score",106.02
"53033031800","tract",2019,"transportation_score",105.29
"53033031903","tract",2019,"transportation_score",106.6
"53033031904","tract",2019,"transportation_score",105.39
"53033031906","tract",2019,"transportation_score",105.41
"53033031907","tract",2019,"transportation_score",109.07
"53033031908","tract",2019,"transportation_score",108.63
"53033031909","tract",2019,"transportation_score",107.89
"53033032002","tract",2019,"transportation_score",88.41
"53033032003","tract",2019,"transportation_score",89.63
"53033032005","tract",2019,"transportation_score",105.14
"53033032006","tract",2019,"transportation_score",106.25
"53033032007","tract",2019,"transportation_score",105.95
"53033032008","tract",2019,"transportation_score",106.6
"53033032010","tract",2019,"transportation_score",109.99
"53033032011","tract",2019,"transportation_score",108.61
"53033032102","tract",2019,"transportation_score",92.99
"53033032103","tract",2019,"transportation_score",115.97
"53033032104","tract",2019,"transportation_score",112.36
"53033032203","tract",2019,"transportation_score",107.98
"53033032207","tract",2019,"transportation_score",107.63
"53033032208","tract",2019,"transportation_score",116.33
"53033032210","tract",2019,"transportation_score",102.37
"53033032211","tract",2019,"transportation_score",110.2
"53033032212","tract",2019,"transportation_score",113.41
"53033032213","tract",2019,"transportation_score",107.93
"53033032214","tract",2019,"transportation_score",112.88
"53033032215","tract",2019,"transportation_score",92.6
"53033032307","tract",2019,"transportation_score",104.97
"53033032309","tract",2019,"transportation_score",127.79
"53033032311","tract",2019,"transportation_score",104.37
"53033032313","tract",2019,"transportation_score",111.62
"53033032315","tract",2019,"transportation_score",91.07
"53033032316","tract",2019,"transportation_score",107.03
"53033032317","tract",2019,"transportation_score",112.02
"53033032318","tract",2019,"transportation_score",109.48
"53033032319","tract",2019,"transportation_score",108.76
"53033032320","tract",2019,"transportation_score",105.19
"53033032321","tract",2019,"transportation_score",109.41
"53033032322","tract",2019,"transportation_score",106.8
"53033032323","tract",2019,"transportation_score",109.68
"53033032324","tract",2019,"transportation_score",112.99
"53033032325","tract",2019,"transportation_score",112.3
"53033032326","tract",2019,"transportation_score",107.1
"53033032327","tract",2019,"transportation_score",93.49
"53033032328","tract",2019,"transportation_score",105.37
"53033032329","tract",2019,"transportation_score",112.4
"53033032401","tract",2019,"transportation_score",94.06
"53033032402","tract",2019,"transportation_score",90.26
"53033032500","tract",2019,"transportation_score",90.19
"53033032601","tract",2019,"transportation_score",92.05
"53033032602","tract",2019,"transportation_score",95.11
"53033032702","tract",2019,"transportation_score",90.97
"53033032703","tract",2019,"transportation_score",91.78
"53033032704","tract",2019,"transportation_score",95.98
"53033032800","tract",2019,"transportation_score",91.56
"53033990100","tract",2019,"transportation_score",NA
"53035080101","tract",2019,"transportation_score",102.18
"53035080102","tract",2019,"transportation_score",95.07
"53035080200","tract",2019,"transportation_score",104.86
"53035080300","tract",2019,"transportation_score",107.76
"53035080400","tract",2019,"transportation_score",107.06
"53035080500","tract",2019,"transportation_score",113.1
"53035080600","tract",2019,"transportation_score",103.65
"53035080700","tract",2019,"transportation_score",95.77
"53035080800","tract",2019,"transportation_score",95.13
"53035080900","tract",2019,"transportation_score",93.74
"53035081000","tract",2019,"transportation_score",99.87
"53035081100","tract",2019,"transportation_score",108.89
"53035081200","tract",2019,"transportation_score",107.99
"53035081400","tract",2019,"transportation_score",NA
"53035090101","tract",2019,"transportation_score",96.23
"53035090102","tract",2019,"transportation_score",99.85
"53035090201","tract",2019,"transportation_score",96.14
"53035090202","tract",2019,"transportation_score",90.2
"53035090300","tract",2019,"transportation_score",NA
"53035090400","tract",2019,"transportation_score",90.02
"53035090501","tract",2019,"transportation_score",95.57
"53035090502","tract",2019,"transportation_score",98.75
"53035090700","tract",2019,"transportation_score",108.24
"53035090800","tract",2019,"transportation_score",105.62
"53035090900","tract",2019,"transportation_score",118.95
"53035091000","tract",2019,"transportation_score",104.41
"53035091100","tract",2019,"transportation_score",93.97
"53035091201","tract",2019,"transportation_score",94.32
"53035091203","tract",2019,"transportation_score",95.12
"53035091204","tract",2019,"transportation_score",94.95
"53035091301","tract",2019,"transportation_score",88.35
"53035091302","tract",2019,"transportation_score",91.18
"53035091400","tract",2019,"transportation_score",91.31
"53035091500","tract",2019,"transportation_score",93.43
"53035091600","tract",2019,"transportation_score",96.82
"53035091700","tract",2019,"transportation_score",93.32
"53035091800","tract",2019,"transportation_score",94.58
"53035091900","tract",2019,"transportation_score",96.22
"53035092000","tract",2019,"transportation_score",90.59
"53035092100","tract",2019,"transportation_score",92.19
"53035092200","tract",2019,"transportation_score",99.07
"53035092300","tract",2019,"transportation_score",101.3
"53035092400","tract",2019,"transportation_score",98.25
"53035092500","tract",2019,"transportation_score",99.61
"53035092600","tract",2019,"transportation_score",97.29
"53035092701","tract",2019,"transportation_score",96.04
"53035092704","tract",2019,"transportation_score",98.92
"53035092801","tract",2019,"transportation_score",99.57
"53035092802","tract",2019,"transportation_score",92.33
"53035092803","tract",2019,"transportation_score",92.42
"53035092901","tract",2019,"transportation_score",90.22
"53035092902","tract",2019,"transportation_score",94.68
"53035940000","tract",2019,"transportation_score",95.34
"53035940100","tract",2019,"transportation_score",95.47
"53035990100","tract",2019,"transportation_score",NA
"53037975100","tract",2019,"transportation_score",92.29
"53037975200","tract",2019,"transportation_score",88.51
"53037975300","tract",2019,"transportation_score",87.75
"53037975401","tract",2019,"transportation_score",107.08
"53037975402","tract",2019,"transportation_score",102.73
"53037975500","tract",2019,"transportation_score",96.99
"53037975600","tract",2019,"transportation_score",107.38
"53037975700","tract",2019,"transportation_score",89.42
"53039950100","tract",2019,"transportation_score",91.62
"53039950200","tract",2019,"transportation_score",92.99
"53039950300","tract",2019,"transportation_score",96.53
"53041970100","tract",2019,"transportation_score",87.8
"53041970200","tract",2019,"transportation_score",91.76
"53041970300","tract",2019,"transportation_score",102.99
"53041970400","tract",2019,"transportation_score",101.29
"53041970500","tract",2019,"transportation_score",97.59
"53041970600","tract",2019,"transportation_score",109.36
"53041970700","tract",2019,"transportation_score",100.42
"53041970800","tract",2019,"transportation_score",104.41
"53041970900","tract",2019,"transportation_score",102.47
"53041971000","tract",2019,"transportation_score",94.62
"53041971100","tract",2019,"transportation_score",87.57
"53041971200","tract",2019,"transportation_score",89.8
"53041971300","tract",2019,"transportation_score",88.45
"53041971400","tract",2019,"transportation_score",89.93
"53041971500","tract",2019,"transportation_score",88.55
"53041971600","tract",2019,"transportation_score",90.91
"53041971700","tract",2019,"transportation_score",93.09
"53041971800","tract",2019,"transportation_score",93.07
"53041971900","tract",2019,"transportation_score",93.05
"53041972000","tract",2019,"transportation_score",94.32
"53043960100","tract",2019,"transportation_score",93.41
"53043960200","tract",2019,"transportation_score",90.38
"53043960300","tract",2019,"transportation_score",93.59
"53043960400","tract",2019,"transportation_score",93.42
"53045940000","tract",2019,"transportation_score",92.46
"53045960100","tract",2019,"transportation_score",87.21
"53045960200","tract",2019,"transportation_score",94.72
"53045960300","tract",2019,"transportation_score",94.6
"53045960400","tract",2019,"transportation_score",93.04
"53045960500","tract",2019,"transportation_score",89.91
"53045960600","tract",2019,"transportation_score",91.46
"53045960700","tract",2019,"transportation_score",95.68
"53045960800","tract",2019,"transportation_score",101.44
"53045960900","tract",2019,"transportation_score",98.4
"53045961000","tract",2019,"transportation_score",89.61
"53045961100","tract",2019,"transportation_score",91.93
"53045961200","tract",2019,"transportation_score",89.81
"53045961300","tract",2019,"transportation_score",91.09
"53047940100","tract",2019,"transportation_score",90.45
"53047940200","tract",2019,"transportation_score",93.05
"53047970300","tract",2019,"transportation_score",91.95
"53047970400","tract",2019,"transportation_score",94.95
"53047970500","tract",2019,"transportation_score",91.48
"53047970600","tract",2019,"transportation_score",93.17
"53047970700","tract",2019,"transportation_score",88.7
"53047970800","tract",2019,"transportation_score",91.91
"53047970900","tract",2019,"transportation_score",92.56
"53047971000","tract",2019,"transportation_score",90.09
"53049950200","tract",2019,"transportation_score",90.86
"53049950300","tract",2019,"transportation_score",92.31
"53049950400","tract",2019,"transportation_score",89.09
"53049950500","tract",2019,"transportation_score",94.89
"53049950600","tract",2019,"transportation_score",92.98
"53049950700","tract",2019,"transportation_score",97.42
"53049950800","tract",2019,"transportation_score",92.94
"53049990100","tract",2019,"transportation_score",NA
"53051970100","tract",2019,"transportation_score",93.25
"53051970200","tract",2019,"transportation_score",92.16
"53051970300","tract",2019,"transportation_score",89.03
"53051970400","tract",2019,"transportation_score",92.89
"53051970500","tract",2019,"transportation_score",91.23
"53053060200","tract",2019,"transportation_score",NA
"53053060300","tract",2019,"transportation_score",109.52
"53053060400","tract",2019,"transportation_score",106.21
"53053060500","tract",2019,"transportation_score",106.2
"53053060600","tract",2019,"transportation_score",115.41
"53053060700","tract",2019,"transportation_score",112.93
"53053060800","tract",2019,"transportation_score",108.1
"53053060903","tract",2019,"transportation_score",105.3
"53053060904","tract",2019,"transportation_score",110.2
"53053060905","tract",2019,"transportation_score",107.64
"53053060906","tract",2019,"transportation_score",109.11
"53053061001","tract",2019,"transportation_score",105.85
"53053061002","tract",2019,"transportation_score",98.33
"53053061100","tract",2019,"transportation_score",110.73
"53053061200","tract",2019,"transportation_score",113.25
"53053061300","tract",2019,"transportation_score",114.26
"53053061400","tract",2019,"transportation_score",125.82
"53053061500","tract",2019,"transportation_score",116.06
"53053061601","tract",2019,"transportation_score",117.33
"53053061602","tract",2019,"transportation_score",106
"53053061700","tract",2019,"transportation_score",116.52
"53053061800","tract",2019,"transportation_score",111.26
"53053061900","tract",2019,"transportation_score",97.58
"53053062000","tract",2019,"transportation_score",111.87
"53053062300","tract",2019,"transportation_score",108.05
"53053062400","tract",2019,"transportation_score",108.75
"53053062500","tract",2019,"transportation_score",109.65
"53053062600","tract",2019,"transportation_score",95.78
"53053062801","tract",2019,"transportation_score",115.54
"53053062802","tract",2019,"transportation_score",90.06
"53053062900","tract",2019,"transportation_score",111.72
"53053063000","tract",2019,"transportation_score",107.63
"53053063100","tract",2019,"transportation_score",112.05
"53053063200","tract",2019,"transportation_score",108.9
"53053063300","tract",2019,"transportation_score",109
"53053063400","tract",2019,"transportation_score",109.99
"53053063501","tract",2019,"transportation_score",109.77
"53053063502","tract",2019,"transportation_score",111.08
"53053070100","tract",2019,"transportation_score",94.27
"53053070203","tract",2019,"transportation_score",106.22
"53053070204","tract",2019,"transportation_score",105.33
"53053070205","tract",2019,"transportation_score",89.21
"53053070206","tract",2019,"transportation_score",89.77
"53053070207","tract",2019,"transportation_score",91.97
"53053070307","tract",2019,"transportation_score",92.44
"53053070308","tract",2019,"transportation_score",108.25
"53053070309","tract",2019,"transportation_score",107.22
"53053070310","tract",2019,"transportation_score",106.3
"53053070311","tract",2019,"transportation_score",106.3
"53053070312","tract",2019,"transportation_score",108.71
"53053070313","tract",2019,"transportation_score",104.76
"53053070314","tract",2019,"transportation_score",103.49
"53053070315","tract",2019,"transportation_score",108.16
"53053070316","tract",2019,"transportation_score",93.45
"53053070401","tract",2019,"transportation_score",91.84
"53053070403","tract",2019,"transportation_score",106.09
"53053070404","tract",2019,"transportation_score",90.49
"53053070703","tract",2019,"transportation_score",104.58
"53053071100","tract",2019,"transportation_score",94.29
"53053071205","tract",2019,"transportation_score",103.64
"53053071206","tract",2019,"transportation_score",106.18
"53053071207","tract",2019,"transportation_score",94.24
"53053071208","tract",2019,"transportation_score",108.24
"53053071209","tract",2019,"transportation_score",106.73
"53053071210","tract",2019,"transportation_score",90.56
"53053071304","tract",2019,"transportation_score",107.57
"53053071305","tract",2019,"transportation_score",92.28
"53053071306","tract",2019,"transportation_score",91.79
"53053071307","tract",2019,"transportation_score",107.44
"53053071309","tract",2019,"transportation_score",105.62
"53053071310","tract",2019,"transportation_score",106.13
"53053071403","tract",2019,"transportation_score",103.68
"53053071406","tract",2019,"transportation_score",105.7
"53053071407","tract",2019,"transportation_score",104.6
"53053071408","tract",2019,"transportation_score",93.28
"53053071409","tract",2019,"transportation_score",108.42
"53053071410","tract",2019,"transportation_score",105.41
"53053071411","tract",2019,"transportation_score",105.47
"53053071503","tract",2019,"transportation_score",106.53
"53053071504","tract",2019,"transportation_score",115.97
"53053071505","tract",2019,"transportation_score",110.3
"53053071506","tract",2019,"transportation_score",105.97
"53053071601","tract",2019,"transportation_score",113.47
"53053071602","tract",2019,"transportation_score",109.27
"53053071703","tract",2019,"transportation_score",113.61
"53053071704","tract",2019,"transportation_score",112.69
"53053071705","tract",2019,"transportation_score",106.49
"53053071706","tract",2019,"transportation_score",94.45
"53053071707","tract",2019,"transportation_score",107.45
"53053071803","tract",2019,"transportation_score",108.56
"53053071805","tract",2019,"transportation_score",108.31
"53053071806","tract",2019,"transportation_score",116.32
"53053071807","tract",2019,"transportation_score",112.54
"53053071808","tract",2019,"transportation_score",112.65
"53053071901","tract",2019,"transportation_score",112.15
"53053071902","tract",2019,"transportation_score",107.9
"53053072000","tract",2019,"transportation_score",115.06
"53053072105","tract",2019,"transportation_score",108.78
"53053072106","tract",2019,"transportation_score",112.92
"53053072107","tract",2019,"transportation_score",106.73
"53053072108","tract",2019,"transportation_score",105.54
"53053072109","tract",2019,"transportation_score",87.4
"53053072111","tract",2019,"transportation_score",92.63
"53053072112","tract",2019,"transportation_score",106.27
"53053072305","tract",2019,"transportation_score",105.11
"53053072307","tract",2019,"transportation_score",110.44
"53053072308","tract",2019,"transportation_score",107.44
"53053072309","tract",2019,"transportation_score",106.84
"53053072310","tract",2019,"transportation_score",110.31
"53053072311","tract",2019,"transportation_score",109.92
"53053072312","tract",2019,"transportation_score",96.85
"53053072313","tract",2019,"transportation_score",89.7
"53053072405","tract",2019,"transportation_score",88.4
"53053072406","tract",2019,"transportation_score",104.16
"53053072407","tract",2019,"transportation_score",106.2
"53053072408","tract",2019,"transportation_score",107.08
"53053072409","tract",2019,"transportation_score",106.19
"53053072410","tract",2019,"transportation_score",105.46
"53053072503","tract",2019,"transportation_score",91.03
"53053072504","tract",2019,"transportation_score",90.63
"53053072505","tract",2019,"transportation_score",105.46
"53053072506","tract",2019,"transportation_score",93.97
"53053072507","tract",2019,"transportation_score",92.65
"53053072601","tract",2019,"transportation_score",91.02
"53053072602","tract",2019,"transportation_score",91.93
"53053072603","tract",2019,"transportation_score",96.13
"53053072800","tract",2019,"transportation_score",90.09
"53053072901","tract",2019,"transportation_score",91.13
"53053072903","tract",2019,"transportation_score",NA
"53053072905","tract",2019,"transportation_score",105.25
"53053072906","tract",2019,"transportation_score",NA
"53053072907","tract",2019,"transportation_score",109.86
"53053073001","tract",2019,"transportation_score",89.94
"53053073005","tract",2019,"transportation_score",91.41
"53053073006","tract",2019,"transportation_score",90.76
"53053073108","tract",2019,"transportation_score",110.34
"53053073110","tract",2019,"transportation_score",104.45
"53053073111","tract",2019,"transportation_score",107.56
"53053073113","tract",2019,"transportation_score",107.74
"53053073114","tract",2019,"transportation_score",107.11
"53053073115","tract",2019,"transportation_score",105.66
"53053073116","tract",2019,"transportation_score",92.03
"53053073117","tract",2019,"transportation_score",89.52
"53053073118","tract",2019,"transportation_score",90.08
"53053073119","tract",2019,"transportation_score",89.53
"53053073120","tract",2019,"transportation_score",106.35
"53053073121","tract",2019,"transportation_score",108.59
"53053073122","tract",2019,"transportation_score",107.56
"53053073123","tract",2019,"transportation_score",106.17
"53053073124","tract",2019,"transportation_score",106.77
"53053073125","tract",2019,"transportation_score",106.57
"53053073126","tract",2019,"transportation_score",91.04
"53053073200","tract",2019,"transportation_score",94.11
"53053073301","tract",2019,"transportation_score",107.59
"53053073302","tract",2019,"transportation_score",109.74
"53053073404","tract",2019,"transportation_score",112.44
"53053073405","tract",2019,"transportation_score",111.01
"53053073406","tract",2019,"transportation_score",108.65
"53053073407","tract",2019,"transportation_score",111.85
"53053073408","tract",2019,"transportation_score",108.24
"53053073500","tract",2019,"transportation_score",102.03
"53053940001","tract",2019,"transportation_score",92.26
"53053940002","tract",2019,"transportation_score",91.75
"53053940003","tract",2019,"transportation_score",108.74
"53053940004","tract",2019,"transportation_score",105.09
"53053940005","tract",2019,"transportation_score",107.75
"53053940006","tract",2019,"transportation_score",114.86
"53053940007","tract",2019,"transportation_score",110.06
"53053940008","tract",2019,"transportation_score",108.78
"53053940009","tract",2019,"transportation_score",88.35
"53053940010","tract",2019,"transportation_score",91.55
"53053940011","tract",2019,"transportation_score",107.64
"53055960100","tract",2019,"transportation_score",96.12
"53055960300","tract",2019,"transportation_score",91.01
"53055960400","tract",2019,"transportation_score",98.92
"53055960500","tract",2019,"transportation_score",96.69
"53055990100","tract",2019,"transportation_score",NA
"53057940200","tract",2019,"transportation_score",92.99
"53057940300","tract",2019,"transportation_score",88.93
"53057940400","tract",2019,"transportation_score",91.11
"53057940500","tract",2019,"transportation_score",94.16
"53057940600","tract",2019,"transportation_score",99.51
"53057940700","tract",2019,"transportation_score",95.24
"53057940800","tract",2019,"transportation_score",91.23
"53057950100","tract",2019,"transportation_score",95.39
"53057950800","tract",2019,"transportation_score",89.05
"53057950900","tract",2019,"transportation_score",92.73
"53057951000","tract",2019,"transportation_score",91.38
"53057951100","tract",2019,"transportation_score",94.68
"53057951200","tract",2019,"transportation_score",89.51
"53057951300","tract",2019,"transportation_score",92.4
"53057951400","tract",2019,"transportation_score",95.85
"53057951500","tract",2019,"transportation_score",93.23
"53057951600","tract",2019,"transportation_score",86.88
"53057951700","tract",2019,"transportation_score",92.99
"53057951800","tract",2019,"transportation_score",93.69
"53057951900","tract",2019,"transportation_score",86.7
"53057952100","tract",2019,"transportation_score",90.68
"53057952200","tract",2019,"transportation_score",97.94
"53057952301","tract",2019,"transportation_score",95.61
"53057952302","tract",2019,"transportation_score",91.12
"53057952401","tract",2019,"transportation_score",96.2
"53057952402","tract",2019,"transportation_score",94.53
"53057952500","tract",2019,"transportation_score",99.65
"53057952600","tract",2019,"transportation_score",90.86
"53057952700","tract",2019,"transportation_score",88.95
"53057990100","tract",2019,"transportation_score",NA
"53059950100","tract",2019,"transportation_score",-7.22
"53059950200","tract",2019,"transportation_score",92.02
"53059950300","tract",2019,"transportation_score",91.79
"53059950400","tract",2019,"transportation_score",88.35
"53059950500","tract",2019,"transportation_score",91.4
"53061040100","tract",2019,"transportation_score",121.37
"53061040200","tract",2019,"transportation_score",112.51
"53061040300","tract",2019,"transportation_score",114.13
"53061040400","tract",2019,"transportation_score",123.59
"53061040500","tract",2019,"transportation_score",111.41
"53061040700","tract",2019,"transportation_score",125.16
"53061040800","tract",2019,"transportation_score",112.74
"53061040900","tract",2019,"transportation_score",94.39
"53061041000","tract",2019,"transportation_score",115.7
"53061041100","tract",2019,"transportation_score",110.99
"53061041201","tract",2019,"transportation_score",106.22
"53061041202","tract",2019,"transportation_score",109.53
"53061041301","tract",2019,"transportation_score",107.93
"53061041303","tract",2019,"transportation_score",106.97
"53061041304","tract",2019,"transportation_score",89.35
"53061041400","tract",2019,"transportation_score",112.64
"53061041500","tract",2019,"transportation_score",91.15
"53061041601","tract",2019,"transportation_score",106.81
"53061041605","tract",2019,"transportation_score",106.67
"53061041606","tract",2019,"transportation_score",110.35
"53061041607","tract",2019,"transportation_score",105.49
"53061041608","tract",2019,"transportation_score",104.76
"53061041701","tract",2019,"transportation_score",111.4
"53061041703","tract",2019,"transportation_score",96.14
"53061041704","tract",2019,"transportation_score",95.38
"53061041805","tract",2019,"transportation_score",111.89
"53061041806","tract",2019,"transportation_score",108.23
"53061041808","tract",2019,"transportation_score",110.18
"53061041809","tract",2019,"transportation_score",111.58
"53061041810","tract",2019,"transportation_score",111.6
"53061041811","tract",2019,"transportation_score",109.54
"53061041812","tract",2019,"transportation_score",113.17
"53061041901","tract",2019,"transportation_score",109.49
"53061041903","tract",2019,"transportation_score",113.09
"53061041904","tract",2019,"transportation_score",115.26
"53061041905","tract",2019,"transportation_score",107.38
"53061042001","tract",2019,"transportation_score",109.6
"53061042003","tract",2019,"transportation_score",106.97
"53061042004","tract",2019,"transportation_score",107.69
"53061042005","tract",2019,"transportation_score",91.23
"53061042006","tract",2019,"transportation_score",111.97
"53061050101","tract",2019,"transportation_score",109.46
"53061050102","tract",2019,"transportation_score",99.31
"53061050200","tract",2019,"transportation_score",92.08
"53061050300","tract",2019,"transportation_score",110.32
"53061050401","tract",2019,"transportation_score",111.28
"53061050402","tract",2019,"transportation_score",113.47
"53061050500","tract",2019,"transportation_score",114.12
"53061050600","tract",2019,"transportation_score",92.41
"53061050700","tract",2019,"transportation_score",105.89
"53061050800","tract",2019,"transportation_score",111.59
"53061050900","tract",2019,"transportation_score",103.5
"53061051000","tract",2019,"transportation_score",116.52
"53061051100","tract",2019,"transportation_score",115.5
"53061051200","tract",2019,"transportation_score",115.07
"53061051300","tract",2019,"transportation_score",109.52
"53061051400","tract",2019,"transportation_score",118.98
"53061051500","tract",2019,"transportation_score",116.83
"53061051601","tract",2019,"transportation_score",110.23
"53061051602","tract",2019,"transportation_score",112.62
"53061051701","tract",2019,"transportation_score",113.08
"53061051702","tract",2019,"transportation_score",114.14
"53061051802","tract",2019,"transportation_score",96.64
"53061051803","tract",2019,"transportation_score",115.42
"53061051804","tract",2019,"transportation_score",111.96
"53061051905","tract",2019,"transportation_score",110.23
"53061051912","tract",2019,"transportation_score",91.94
"53061051913","tract",2019,"transportation_score",105.92
"53061051914","tract",2019,"transportation_score",109.67
"53061051915","tract",2019,"transportation_score",108.96
"53061051916","tract",2019,"transportation_score",109.96
"53061051917","tract",2019,"transportation_score",109.07
"53061051918","tract",2019,"transportation_score",109.49
"53061051921","tract",2019,"transportation_score",110.84
"53061051922","tract",2019,"transportation_score",111.42
"53061051923","tract",2019,"transportation_score",112.48
"53061051924","tract",2019,"transportation_score",111.66
"53061051925","tract",2019,"transportation_score",114.96
"53061051926","tract",2019,"transportation_score",110
"53061051927","tract",2019,"transportation_score",108.15
"53061051928","tract",2019,"transportation_score",113.68
"53061052003","tract",2019,"transportation_score",96.77
"53061052004","tract",2019,"transportation_score",109.73
"53061052005","tract",2019,"transportation_score",111.56
"53061052006","tract",2019,"transportation_score",109.8
"53061052007","tract",2019,"transportation_score",111.11
"53061052104","tract",2019,"transportation_score",93.37
"53061052105","tract",2019,"transportation_score",91.3
"53061052107","tract",2019,"transportation_score",92.86
"53061052108","tract",2019,"transportation_score",101.31
"53061052112","tract",2019,"transportation_score",91.44
"53061052113","tract",2019,"transportation_score",90.4
"53061052114","tract",2019,"transportation_score",91.94
"53061052115","tract",2019,"transportation_score",108.89
"53061052118","tract",2019,"transportation_score",92.89
"53061052203","tract",2019,"transportation_score",91.37
"53061052204","tract",2019,"transportation_score",105.88
"53061052206","tract",2019,"transportation_score",89.46
"53061052207","tract",2019,"transportation_score",90.64
"53061052208","tract",2019,"transportation_score",110.17
"53061052209","tract",2019,"transportation_score",NA
"53061052301","tract",2019,"transportation_score",89.18
"53061052302","tract",2019,"transportation_score",91.09
"53061052401","tract",2019,"transportation_score",93.25
"53061052402","tract",2019,"transportation_score",93.71
"53061052502","tract",2019,"transportation_score",90.78
"53061052503","tract",2019,"transportation_score",90.66
"53061052504","tract",2019,"transportation_score",90.71
"53061052603","tract",2019,"transportation_score",93.92
"53061052604","tract",2019,"transportation_score",90.32
"53061052605","tract",2019,"transportation_score",94.14
"53061052606","tract",2019,"transportation_score",91.53
"53061052607","tract",2019,"transportation_score",88.58
"53061052701","tract",2019,"transportation_score",88.92
"53061052705","tract",2019,"transportation_score",90.82
"53061052706","tract",2019,"transportation_score",90.07
"53061052707","tract",2019,"transportation_score",91.99
"53061052708","tract",2019,"transportation_score",93.01
"53061052709","tract",2019,"transportation_score",88.11
"53061052803","tract",2019,"transportation_score",90.11
"53061052804","tract",2019,"transportation_score",88.85
"53061052805","tract",2019,"transportation_score",92.13
"53061052806","tract",2019,"transportation_score",88.72
"53061052903","tract",2019,"transportation_score",94.89
"53061052904","tract",2019,"transportation_score",92.37
"53061052905","tract",2019,"transportation_score",96
"53061052906","tract",2019,"transportation_score",92.38
"53061053101","tract",2019,"transportation_score",91.4
"53061053102","tract",2019,"transportation_score",89.46
"53061053201","tract",2019,"transportation_score",89.86
"53061053202","tract",2019,"transportation_score",87.79
"53061053301","tract",2019,"transportation_score",90.38
"53061053302","tract",2019,"transportation_score",89.74
"53061053400","tract",2019,"transportation_score",87.35
"53061053504","tract",2019,"transportation_score",94.04
"53061053505","tract",2019,"transportation_score",90.19
"53061053506","tract",2019,"transportation_score",89.86
"53061053507","tract",2019,"transportation_score",91.32
"53061053508","tract",2019,"transportation_score",87.78
"53061053509","tract",2019,"transportation_score",90.8
"53061053602","tract",2019,"transportation_score",91.59
"53061053603","tract",2019,"transportation_score",90.42
"53061053604","tract",2019,"transportation_score",94.35
"53061053700","tract",2019,"transportation_score",90.87
"53061053801","tract",2019,"transportation_score",91.23
"53061053802","tract",2019,"transportation_score",92.55
"53061053803","tract",2019,"transportation_score",93.15
"53061940001","tract",2019,"transportation_score",90.36
"53061940002","tract",2019,"transportation_score",92.7
"53061990002","tract",2019,"transportation_score",NA
"53061990100","tract",2019,"transportation_score",NA
"53063000200","tract",2019,"transportation_score",101.84
"53063000300","tract",2019,"transportation_score",99.93
"53063000400","tract",2019,"transportation_score",99.31
"53063000500","tract",2019,"transportation_score",95.17
"53063000600","tract",2019,"transportation_score",96.8
"53063000700","tract",2019,"transportation_score",95.56
"53063000800","tract",2019,"transportation_score",90.46
"53063000900","tract",2019,"transportation_score",95.75
"53063001000","tract",2019,"transportation_score",98.04
"53063001100","tract",2019,"transportation_score",94.26
"53063001200","tract",2019,"transportation_score",94.81
"53063001300","tract",2019,"transportation_score",102.31
"53063001400","tract",2019,"transportation_score",96.58
"53063001500","tract",2019,"transportation_score",95.22
"53063001600","tract",2019,"transportation_score",99.86
"53063001800","tract",2019,"transportation_score",100.06
"53063001900","tract",2019,"transportation_score",95.82
"53063002000","tract",2019,"transportation_score",104.56
"53063002100","tract",2019,"transportation_score",95.26
"53063002300","tract",2019,"transportation_score",102.5
"53063002400","tract",2019,"transportation_score",NA
"53063002500","tract",2019,"transportation_score",NA
"53063002600","tract",2019,"transportation_score",103.18
"53063002900","tract",2019,"transportation_score",88.97
"53063003000","tract",2019,"transportation_score",98.85
"53063003100","tract",2019,"transportation_score",100.88
"53063003200","tract",2019,"transportation_score",106.41
"53063003500","tract",2019,"transportation_score",134.75
"53063003600","tract",2019,"transportation_score",110.03
"53063003800","tract",2019,"transportation_score",96.08
"53063003900","tract",2019,"transportation_score",96.09
"53063004000","tract",2019,"transportation_score",103.14
"53063004100","tract",2019,"transportation_score",95.39
"53063004200","tract",2019,"transportation_score",95.04
"53063004300","tract",2019,"transportation_score",99.16
"53063004400","tract",2019,"transportation_score",97.4
"53063004500","tract",2019,"transportation_score",94.11
"53063004601","tract",2019,"transportation_score",95.6
"53063004602","tract",2019,"transportation_score",94.2
"53063004700","tract",2019,"transportation_score",96.22
"53063004800","tract",2019,"transportation_score",97.58
"53063004900","tract",2019,"transportation_score",96.54
"53063005000","tract",2019,"transportation_score",91.75
"53063010100","tract",2019,"transportation_score",87.92
"53063010201","tract",2019,"transportation_score",88.73
"53063010202","tract",2019,"transportation_score",89.34
"53063010301","tract",2019,"transportation_score",89.14
"53063010303","tract",2019,"transportation_score",86.66
"53063010304","tract",2019,"transportation_score",90.37
"53063010305","tract",2019,"transportation_score",89.07
"53063010401","tract",2019,"transportation_score",NA
"53063010402","tract",2019,"transportation_score",88.12
"53063010501","tract",2019,"transportation_score",98.25
"53063010503","tract",2019,"transportation_score",94.37
"53063010504","tract",2019,"transportation_score",87.93
"53063010601","tract",2019,"transportation_score",88.14
"53063010602","tract",2019,"transportation_score",94.31
"53063010700","tract",2019,"transportation_score",89.37
"53063010800","tract",2019,"transportation_score",100
"53063010900","tract",2019,"transportation_score",97.29
"53063011000","tract",2019,"transportation_score",96.14
"53063011101","tract",2019,"transportation_score",105.82
"53063011102","tract",2019,"transportation_score",105.25
"53063011201","tract",2019,"transportation_score",99.32
"53063011202","tract",2019,"transportation_score",94.32
"53063011300","tract",2019,"transportation_score",89.46
"53063011400","tract",2019,"transportation_score",88.08
"53063011500","tract",2019,"transportation_score",97.35
"53063011600","tract",2019,"transportation_score",89.36
"53063011701","tract",2019,"transportation_score",99.35
"53063011702","tract",2019,"transportation_score",101.9
"53063011800","tract",2019,"transportation_score",96.71
"53063011900","tract",2019,"transportation_score",95.4
"53063012000","tract",2019,"transportation_score",97.56
"53063012100","tract",2019,"transportation_score",93.73
"53063012200","tract",2019,"transportation_score",91.95
"53063012300","tract",2019,"transportation_score",96.86
"53063012401","tract",2019,"transportation_score",93.48
"53063012402","tract",2019,"transportation_score",95.76
"53063012500","tract",2019,"transportation_score",94.61
"53063012600","tract",2019,"transportation_score",99.68
"53063012701","tract",2019,"transportation_score",95.45
"53063012702","tract",2019,"transportation_score",93.41
"53063012801","tract",2019,"transportation_score",95.7
"53063012802","tract",2019,"transportation_score",94.64
"53063012901","tract",2019,"transportation_score",97.18
"53063012902","tract",2019,"transportation_score",94.32
"53063013000","tract",2019,"transportation_score",95.1
"53063013100","tract",2019,"transportation_score",95.5
"53063013201","tract",2019,"transportation_score",87.84
"53063013202","tract",2019,"transportation_score",90.17
"53063013300","tract",2019,"transportation_score",88.36
"53063013401","tract",2019,"transportation_score",86.75
"53063013500","tract",2019,"transportation_score",88.52
"53063013600","tract",2019,"transportation_score",88.87
"53063013700","tract",2019,"transportation_score",93.7
"53063013800","tract",2019,"transportation_score",83.87
"53063013900","tract",2019,"transportation_score",87.11
"53063014001","tract",2019,"transportation_score",106.9
"53063014002","tract",2019,"transportation_score",93.86
"53063014100","tract",2019,"transportation_score",88.79
"53063014200","tract",2019,"transportation_score",91.22
"53063014300","tract",2019,"transportation_score",90.96
"53063014400","tract",2019,"transportation_score",93.71
"53063014500","tract",2019,"transportation_score",109.94
"53065941000","tract",2019,"transportation_score",93.07
"53065950100","tract",2019,"transportation_score",89.72
"53065950200","tract",2019,"transportation_score",87.31
"53065950300","tract",2019,"transportation_score",99.6
"53065950500","tract",2019,"transportation_score",94.99
"53065950600","tract",2019,"transportation_score",87.3
"53065950700","tract",2019,"transportation_score",96.53
"53065950800","tract",2019,"transportation_score",92.36
"53065950900","tract",2019,"transportation_score",92.23
"53065951100","tract",2019,"transportation_score",94.13
"53065951300","tract",2019,"transportation_score",92.79
"53065951400","tract",2019,"transportation_score",88.53
"53067010100","tract",2019,"transportation_score",107.47
"53067010200","tract",2019,"transportation_score",97.04
"53067010300","tract",2019,"transportation_score",97.62
"53067010400","tract",2019,"transportation_score",96.04
"53067010510","tract",2019,"transportation_score",100.36
"53067010520","tract",2019,"transportation_score",101
"53067010600","tract",2019,"transportation_score",103.78
"53067010700","tract",2019,"transportation_score",94.96
"53067010800","tract",2019,"transportation_score",95.95
"53067010910","tract",2019,"transportation_score",95.38
"53067010920","tract",2019,"transportation_score",96.76
"53067011000","tract",2019,"transportation_score",89.56
"53067011100","tract",2019,"transportation_score",100.83
"53067011200","tract",2019,"transportation_score",98.94
"53067011300","tract",2019,"transportation_score",95.78
"53067011410","tract",2019,"transportation_score",93.88
"53067011420","tract",2019,"transportation_score",96.25
"53067011500","tract",2019,"transportation_score",94.12
"53067011610","tract",2019,"transportation_score",95.24
"53067011621","tract",2019,"transportation_score",94.25
"53067011622","tract",2019,"transportation_score",94.09
"53067011623","tract",2019,"transportation_score",95.97
"53067011624","tract",2019,"transportation_score",91.82
"53067011710","tract",2019,"transportation_score",94.63
"53067011720","tract",2019,"transportation_score",89.55
"53067011810","tract",2019,"transportation_score",89.71
"53067011821","tract",2019,"transportation_score",89.31
"53067011822","tract",2019,"transportation_score",87.64
"53067011900","tract",2019,"transportation_score",91.13
"53067012000","tract",2019,"transportation_score",90.93
"53067012100","tract",2019,"transportation_score",90.83
"53067012211","tract",2019,"transportation_score",89.4
"53067012212","tract",2019,"transportation_score",102.32
"53067012221","tract",2019,"transportation_score",94
"53067012222","tract",2019,"transportation_score",94.51
"53067012310","tract",2019,"transportation_score",92.42
"53067012320","tract",2019,"transportation_score",93.63
"53067012330","tract",2019,"transportation_score",92.58
"53067012411","tract",2019,"transportation_score",90.77
"53067012412","tract",2019,"transportation_score",89.48
"53067012420","tract",2019,"transportation_score",89.51
"53067012510","tract",2019,"transportation_score",94.25
"53067012520","tract",2019,"transportation_score",91.61
"53067012530","tract",2019,"transportation_score",93.24
"53067012610","tract",2019,"transportation_score",90.77
"53067012620","tract",2019,"transportation_score",89.16
"53067012710","tract",2019,"transportation_score",86.85
"53067012720","tract",2019,"transportation_score",97.57
"53067012730","tract",2019,"transportation_score",89.23
"53067990100","tract",2019,"transportation_score",NA
"53069950100","tract",2019,"transportation_score",90.61
"53071920000","tract",2019,"transportation_score",89.03
"53071920100","tract",2019,"transportation_score",89.72
"53071920200","tract",2019,"transportation_score",89.32
"53071920300","tract",2019,"transportation_score",100.52
"53071920400","tract",2019,"transportation_score",NA
"53071920500","tract",2019,"transportation_score",107.7
"53071920600","tract",2019,"transportation_score",105.12
"53071920701","tract",2019,"transportation_score",111.3
"53071920702","tract",2019,"transportation_score",101.42
"53071920801","tract",2019,"transportation_score",99.11
"53071920802","tract",2019,"transportation_score",117.93
"53071920900","tract",2019,"transportation_score",88.43
"53073000100","tract",2019,"transportation_score",93.83
"53073000200","tract",2019,"transportation_score",91.72
"53073000300","tract",2019,"transportation_score",99.6
"53073000400","tract",2019,"transportation_score",98.17
"53073000501","tract",2019,"transportation_score",105.69
"53073000502","tract",2019,"transportation_score",104.54
"53073000600","tract",2019,"transportation_score",111.94
"53073000700","tract",2019,"transportation_score",92.91
"53073000803","tract",2019,"transportation_score",99.9
"53073000804","tract",2019,"transportation_score",90.51
"53073000805","tract",2019,"transportation_score",92.88
"53073000806","tract",2019,"transportation_score",91.27
"53073000901","tract",2019,"transportation_score",94.9
"53073000902","tract",2019,"transportation_score",95.23
"53073001000","tract",2019,"transportation_score",NA
"53073001100","tract",2019,"transportation_score",99.61
"53073001201","tract",2019,"transportation_score",109.36
"53073001202","tract",2019,"transportation_score",95
"53073010100","tract",2019,"transportation_score",92.11
"53073010200","tract",2019,"transportation_score",87.16
"53073010301","tract",2019,"transportation_score",87.79
"53073010302","tract",2019,"transportation_score",92.5
"53073010303","tract",2019,"transportation_score",91.39
"53073010401","tract",2019,"transportation_score",89.6
"53073010403","tract",2019,"transportation_score",89.62
"53073010404","tract",2019,"transportation_score",88.51
"53073010501","tract",2019,"transportation_score",91.88
"53073010502","tract",2019,"transportation_score",88.23
"53073010600","tract",2019,"transportation_score",87.01
"53073010701","tract",2019,"transportation_score",90.38
"53073010702","tract",2019,"transportation_score",89.83
"53073010900","tract",2019,"transportation_score",92.93
"53073011000","tract",2019,"transportation_score",96.26
"53073940000","tract",2019,"transportation_score",90.57
"53075000100","tract",2019,"transportation_score",NA
"53075000200","tract",2019,"transportation_score",100.67
"53075000300","tract",2019,"transportation_score",97.73
"53075000400","tract",2019,"transportation_score",106.25
"53075000500","tract",2019,"transportation_score",NA
"53075000600","tract",2019,"transportation_score",113.02
"53075000700","tract",2019,"transportation_score",93.47
"53075000800","tract",2019,"transportation_score",98.21
"53075000900","tract",2019,"transportation_score",92.28
"53075001000","tract",2019,"transportation_score",90.78
"53077000100","tract",2019,"transportation_score",NA
"53077000200","tract",2019,"transportation_score",96.88
"53077000300","tract",2019,"transportation_score",103.1
"53077000400","tract",2019,"transportation_score",89.95
"53077000500","tract",2019,"transportation_score",93.02
"53077000600","tract",2019,"transportation_score",94.31
"53077000700","tract",2019,"transportation_score",98.16
"53077000800","tract",2019,"transportation_score",95.3
"53077000901","tract",2019,"transportation_score",93
"53077000902","tract",2019,"transportation_score",96.15
"53077001000","tract",2019,"transportation_score",93.12
"53077001100","tract",2019,"transportation_score",94.7
"53077001201","tract",2019,"transportation_score",95.73
"53077001202","tract",2019,"transportation_score",93.12
"53077001300","tract",2019,"transportation_score",89.32
"53077001400","tract",2019,"transportation_score",94.16
"53077001501","tract",2019,"transportation_score",94.83
"53077001502","tract",2019,"transportation_score",98.42
"53077001601","tract",2019,"transportation_score",86.97
"53077001602","tract",2019,"transportation_score",88.47
"53077001701","tract",2019,"transportation_score",87.92
"53077001702","tract",2019,"transportation_score",85.82
"53077001800","tract",2019,"transportation_score",86.46
"53077001901","tract",2019,"transportation_score",88.9
"53077001902","tract",2019,"transportation_score",89.64
"53077002001","tract",2019,"transportation_score",87.69
"53077002002","tract",2019,"transportation_score",88.63
"53077002101","tract",2019,"transportation_score",86.2
"53077002102","tract",2019,"transportation_score",88.57
"53077002200","tract",2019,"transportation_score",87.89
"53077002701","tract",2019,"transportation_score",90.9
"53077002801","tract",2019,"transportation_score",88.65
"53077002802","tract",2019,"transportation_score",88.19
"53077002900","tract",2019,"transportation_score",88.77
"53077003001","tract",2019,"transportation_score",90.43
"53077003002","tract",2019,"transportation_score",88.17
"53077003100","tract",2019,"transportation_score",89.74
"53077003200","tract",2019,"transportation_score",91.15
"53077003400","tract",2019,"transportation_score",87.18
"53077940001","tract",2019,"transportation_score",88.39
"53077940002","tract",2019,"transportation_score",86.8
"53077940003","tract",2019,"transportation_score",87.6
"53077940004","tract",2019,"transportation_score",90.44
"53077940005","tract",2019,"transportation_score",89.13
"53077940006","tract",2019,"transportation_score",87.88
"53001950100","tract",2019,"transportation_rnk",45.4906
"53001950200","tract",2019,"transportation_rnk",28.144
"53001950300","tract",2019,"transportation_rnk",25.0903
"53001950400","tract",2019,"transportation_rnk",41.7217
"53001950500","tract",2019,"transportation_rnk",8.6592
"53003960100","tract",2019,"transportation_rnk",8.717
"53003960200","tract",2019,"transportation_rnk",52.0184
"53003960300","tract",2019,"transportation_rnk",48.8462
"53003960400","tract",2019,"transportation_rnk",62.2955
"53003960500","tract",2019,"transportation_rnk",58.851
"53003960600","tract",2019,"transportation_rnk",42.2351
"53005010100","tract",2019,"transportation_rnk",9.5732
"53005010201","tract",2019,"transportation_rnk",34.6578
"53005010202","tract",2019,"transportation_rnk",59.8045
"53005010300","tract",2019,"transportation_rnk",50.4951
"53005010400","tract",2019,"transportation_rnk",63.1897
"53005010500","tract",2019,"transportation_rnk",22.5612
"53005010600","tract",2019,"transportation_rnk",64.596
"53005010701","tract",2019,"transportation_rnk",9.5732
"53005010703","tract",2019,"transportation_rnk",26.3964
"53005010705","tract",2019,"transportation_rnk",23.9647
"53005010707","tract",2019,"transportation_rnk",38.6256
"53005010708","tract",2019,"transportation_rnk",51.0015
"53005010803","tract",2019,"transportation_rnk",52.6151
"53005010805","tract",2019,"transportation_rnk",47.265
"53005010807","tract",2019,"transportation_rnk",31.6929
"53005010809","tract",2019,"transportation_rnk",22.9801
"53005010810","tract",2019,"transportation_rnk",52.4543
"53005010811","tract",2019,"transportation_rnk",27.1482
"53005010813","tract",2019,"transportation_rnk",47.7728
"53005010814","tract",2019,"transportation_rnk",0.9958
"53005010901","tract",2019,"transportation_rnk",64.0572
"53005010902","tract",2019,"transportation_rnk",55.5194
"53005011001","tract",2019,"transportation_rnk",69.255
"53005011002","tract",2019,"transportation_rnk",61.0387
"53005011100","tract",2019,"transportation_rnk",40.8161
"53005011200","tract",2019,"transportation_rnk",73.4287
"53005011300","tract",2019,"transportation_rnk",66.1532
"53005011401","tract",2019,"transportation_rnk",27.5812
"53005011402","tract",2019,"transportation_rnk",52.6151
"53005011501","tract",2019,"transportation_rnk",2.0269
"53005011503","tract",2019,"transportation_rnk",43.1858
"53005011504","tract",2019,"transportation_rnk",2.7801
"53005011600","tract",2019,"transportation_rnk",0.4514
"53005011700","tract",2019,"transportation_rnk",8.6592
"53005011800","tract",2019,"transportation_rnk",0.0889
"53005011900","tract",2019,"transportation_rnk",39.4225
"53005012000","tract",2019,"transportation_rnk",NA
"53007960100","tract",2019,"transportation_rnk",19.8798
"53007960200","tract",2019,"transportation_rnk",53.2216
"53007960300","tract",2019,"transportation_rnk",46.8475
"53007960400","tract",2019,"transportation_rnk",35.7369
"53007960500","tract",2019,"transportation_rnk",4.161
"53007960600","tract",2019,"transportation_rnk",36.1586
"53007960700","tract",2019,"transportation_rnk",1.4472
"53007960801","tract",2019,"transportation_rnk",23.9647
"53007960802","tract",2019,"transportation_rnk",62.3321
"53007961000","tract",2019,"transportation_rnk",74.3131
"53007961100","tract",2019,"transportation_rnk",60.0499
"53007961200","tract",2019,"transportation_rnk",7.3657
"53007961301","tract",2019,"transportation_rnk",8.4081
"53007961302","tract",2019,"transportation_rnk",47.2171
"53009000200","tract",2019,"transportation_rnk",59.5577
"53009000300","tract",2019,"transportation_rnk",37.0797
"53009000400","tract",2019,"transportation_rnk",47.8433
"53009000600","tract",2019,"transportation_rnk",27.3979
"53009000700","tract",2019,"transportation_rnk",26.8012
"53009000800","tract",2019,"transportation_rnk",68.0052
"53009000900","tract",2019,"transportation_rnk",74.1438
"53009001000","tract",2019,"transportation_rnk",83.0047
"53009001100","tract",2019,"transportation_rnk",69.5935
"53009001200","tract",2019,"transportation_rnk",72.5584
"53009001300","tract",2019,"transportation_rnk",41.101
"53009001400","tract",2019,"transportation_rnk",23.691
"53009001500","tract",2019,"transportation_rnk",13.4056
"53009001600","tract",2019,"transportation_rnk",17.9206
"53009001700","tract",2019,"transportation_rnk",22.4794
"53009001800","tract",2019,"transportation_rnk",6.1132
"53009001900","tract",2019,"transportation_rnk",7.9059
"53009002000","tract",2019,"transportation_rnk",47.7728
"53009002100","tract",2019,"transportation_rnk",62.3321
"53009002300","tract",2019,"transportation_rnk",26.6306
"53009940000","tract",2019,"transportation_rnk",9.9766
"53009990100","tract",2019,"transportation_rnk",NA
"53011040101","tract",2019,"transportation_rnk",25.1805
"53011040102","tract",2019,"transportation_rnk",21.6204
"53011040201","tract",2019,"transportation_rnk",32.3121
"53011040202","tract",2019,"transportation_rnk",18.6513
"53011040203","tract",2019,"transportation_rnk",10.198
"53011040301","tract",2019,"transportation_rnk",39.0868
"53011040302","tract",2019,"transportation_rnk",10.7213
"53011040403","tract",2019,"transportation_rnk",0.299
"53011040407","tract",2019,"transportation_rnk",61.1106
"53011040408","tract",2019,"transportation_rnk",3.9015
"53011040409","tract",2019,"transportation_rnk",8.5548
"53011040411","tract",2019,"transportation_rnk",63.3336
"53011040412","tract",2019,"transportation_rnk",13.225
"53011040413","tract",2019,"transportation_rnk",64.1701
"53011040414","tract",2019,"transportation_rnk",29.8494
"53011040415","tract",2019,"transportation_rnk",59.3376
"53011040416","tract",2019,"transportation_rnk",23.691
"53011040504","tract",2019,"transportation_rnk",3.137
"53011040505","tract",2019,"transportation_rnk",4.0609
"53011040507","tract",2019,"transportation_rnk",11.2136
"53011040508","tract",2019,"transportation_rnk",54.3444
"53011040509","tract",2019,"transportation_rnk",50.5572
"53011040510","tract",2019,"transportation_rnk",32.1598
"53011040511","tract",2019,"transportation_rnk",7.7861
"53011040603","tract",2019,"transportation_rnk",3.1017
"53011040604","tract",2019,"transportation_rnk",35.1628
"53011040605","tract",2019,"transportation_rnk",25.8844
"53011040608","tract",2019,"transportation_rnk",41.4269
"53011040609","tract",2019,"transportation_rnk",55.233
"53011040610","tract",2019,"transportation_rnk",55.4122
"53011040703","tract",2019,"transportation_rnk",35.7369
"53011040706","tract",2019,"transportation_rnk",54.1201
"53011040707","tract",2019,"transportation_rnk",63.1051
"53011040709","tract",2019,"transportation_rnk",8.9102
"53011040710","tract",2019,"transportation_rnk",19.0998
"53011040711","tract",2019,"transportation_rnk",54.7633
"53011040712","tract",2019,"transportation_rnk",47.9674
"53011040803","tract",2019,"transportation_rnk",67.0306
"53011040805","tract",2019,"transportation_rnk",58.401
"53011040806","tract",2019,"transportation_rnk",45.7332
"53011040808","tract",2019,"transportation_rnk",5.6872
"53011040809","tract",2019,"transportation_rnk",62.1812
"53011040810","tract",2019,"transportation_rnk",62.0966
"53011040904","tract",2019,"transportation_rnk",69.9969
"53011040905","tract",2019,"transportation_rnk",9.8017
"53011040907","tract",2019,"transportation_rnk",46.6444
"53011040908","tract",2019,"transportation_rnk",61.4435
"53011040909","tract",2019,"transportation_rnk",57.511
"53011040910","tract",2019,"transportation_rnk",64.3238
"53011041003","tract",2019,"transportation_rnk",61.8836
"53011041005","tract",2019,"transportation_rnk",73.1141
"53011041007","tract",2019,"transportation_rnk",68.7035
"53011041008","tract",2019,"transportation_rnk",58.7988
"53011041009","tract",2019,"transportation_rnk",72.6543
"53011041010","tract",2019,"transportation_rnk",72.2862
"53011041011","tract",2019,"transportation_rnk",36.2954
"53011041104","tract",2019,"transportation_rnk",60.1388
"53011041105","tract",2019,"transportation_rnk",63.3336
"53011041107","tract",2019,"transportation_rnk",64.5565
"53011041108","tract",2019,"transportation_rnk",71.0689
"53011041110","tract",2019,"transportation_rnk",51.3047
"53011041111","tract",2019,"transportation_rnk",76.3541
"53011041112","tract",2019,"transportation_rnk",70.7684
"53011041201","tract",2019,"transportation_rnk",56.6238
"53011041203","tract",2019,"transportation_rnk",60.411
"53011041205","tract",2019,"transportation_rnk",70.1182
"53011041206","tract",2019,"transportation_rnk",73.5683
"53011041309","tract",2019,"transportation_rnk",66.2238
"53011041310","tract",2019,"transportation_rnk",78.8281
"53011041312","tract",2019,"transportation_rnk",69.9306
"53011041313","tract",2019,"transportation_rnk",44.1901
"53011041317","tract",2019,"transportation_rnk",69.4524
"53011041318","tract",2019,"transportation_rnk",63.3012
"53011041319","tract",2019,"transportation_rnk",65.2477
"53011041320","tract",2019,"transportation_rnk",66.1984
"53011041321","tract",2019,"transportation_rnk",60.411
"53011041322","tract",2019,"transportation_rnk",49.677
"53011041323","tract",2019,"transportation_rnk",72.5852
"53011041325","tract",2019,"transportation_rnk",59.3376
"53011041326","tract",2019,"transportation_rnk",52.8887
"53011041327","tract",2019,"transportation_rnk",47.7248
"53011041328","tract",2019,"transportation_rnk",67.6738
"53011041329","tract",2019,"transportation_rnk",76.9141
"53011041330","tract",2019,"transportation_rnk",63.9486
"53011041331","tract",2019,"transportation_rnk",63.6228
"53011041332","tract",2019,"transportation_rnk",20.1563
"53011041333","tract",2019,"transportation_rnk",37.7412
"53011041400","tract",2019,"transportation_rnk",73.2834
"53011041500","tract",2019,"transportation_rnk",67.1871
"53011041600","tract",2019,"transportation_rnk",76.5784
"53011041700","tract",2019,"transportation_rnk",81.8128
"53011041800","tract",2019,"transportation_rnk",70.9335
"53011041900","tract",2019,"transportation_rnk",62.713
"53011042000","tract",2019,"transportation_rnk",70.2677
"53011042100","tract",2019,"transportation_rnk",70.7473
"53011042300","tract",2019,"transportation_rnk",76.3287
"53011042400","tract",2019,"transportation_rnk",NA
"53011042500","tract",2019,"transportation_rnk",74.6192
"53011042600","tract",2019,"transportation_rnk",65.156
"53011042700","tract",2019,"transportation_rnk",75.4006
"53011042800","tract",2019,"transportation_rnk",46.1563
"53011042900","tract",2019,"transportation_rnk",59.1613
"53011043000","tract",2019,"transportation_rnk",63.7624
"53011043100","tract",2019,"transportation_rnk",54.8621
"53013960200","tract",2019,"transportation_rnk",67.5158
"53015000300","tract",2019,"transportation_rnk",63.4154
"53015000400","tract",2019,"transportation_rnk",76.7857
"53015000501","tract",2019,"transportation_rnk",62.2165
"53015000502","tract",2019,"transportation_rnk",65.2477
"53015000601","tract",2019,"transportation_rnk",69.2789
"53015000602","tract",2019,"transportation_rnk",33.5153
"53015000702","tract",2019,"transportation_rnk",46.5132
"53015000703","tract",2019,"transportation_rnk",27.4839
"53015000704","tract",2019,"transportation_rnk",57.3107
"53015000800","tract",2019,"transportation_rnk",30.8452
"53015000900","tract",2019,"transportation_rnk",0.4782
"53015001000","tract",2019,"transportation_rnk",81.4221
"53015001100","tract",2019,"transportation_rnk",65.3337
"53015001200","tract",2019,"transportation_rnk",48.6939
"53015001300","tract",2019,"transportation_rnk",63.8823
"53015001501","tract",2019,"transportation_rnk",18.3508
"53015001502","tract",2019,"transportation_rnk",16.9079
"53015001600","tract",2019,"transportation_rnk",10.8582
"53015001700","tract",2019,"transportation_rnk",0.0987
"53015001800","tract",2019,"transportation_rnk",21.0647
"53015001900","tract",2019,"transportation_rnk",10.9301
"53015002001","tract",2019,"transportation_rnk",44.7797
"53015002002","tract",2019,"transportation_rnk",17.063
"53015002100","tract",2019,"transportation_rnk",87.1826
"53017950100","tract",2019,"transportation_rnk",47.5358
"53017950200","tract",2019,"transportation_rnk",11.8088
"53017950300","tract",2019,"transportation_rnk",0.8661
"53017950400","tract",2019,"transportation_rnk",35.3758
"53017950500","tract",2019,"transportation_rnk",50.1904
"53017950600","tract",2019,"transportation_rnk",32.3968
"53017950700","tract",2019,"transportation_rnk",55.7817
"53017950800","tract",2019,"transportation_rnk",40.0164
"53019940000","tract",2019,"transportation_rnk",31.6097
"53019970100","tract",2019,"transportation_rnk",67.6738
"53019970200","tract",2019,"transportation_rnk",54.7097
"53021020100","tract",2019,"transportation_rnk",58.2952
"53021020200","tract",2019,"transportation_rnk",79.2259
"53021020300","tract",2019,"transportation_rnk",68.4947
"53021020400","tract",2019,"transportation_rnk",58.7607
"53021020501","tract",2019,"transportation_rnk",39.8048
"53021020502","tract",2019,"transportation_rnk",34.9456
"53021020601","tract",2019,"transportation_rnk",5.1244
"53021020603","tract",2019,"transportation_rnk",34.2911
"53021020605","tract",2019,"transportation_rnk",39.4225
"53021020606","tract",2019,"transportation_rnk",51.0015
"53021020700","tract",2019,"transportation_rnk",28.7322
"53021020800","tract",2019,"transportation_rnk",6.889
"53021980100","tract",2019,"transportation_rnk",NA
"53023970300","tract",2019,"transportation_rnk",14.6087
"53025010100","tract",2019,"transportation_rnk",9.5027
"53025010200","tract",2019,"transportation_rnk",0.6573
"53025010300","tract",2019,"transportation_rnk",38.6256
"53025010400","tract",2019,"transportation_rnk",31.0821
"53025010500","tract",2019,"transportation_rnk",30.9185
"53025010600","tract",2019,"transportation_rnk",50.4288
"53025010700","tract",2019,"transportation_rnk",7.1922
"53025010800","tract",2019,"transportation_rnk",60.2728
"53025010901","tract",2019,"transportation_rnk",8.2924
"53025010902","tract",2019,"transportation_rnk",46.3665
"53025011000","tract",2019,"transportation_rnk",53.2216
"53025011100","tract",2019,"transportation_rnk",52.6645
"53025011200","tract",2019,"transportation_rnk",21.9716
"53025011300","tract",2019,"transportation_rnk",25.1805
"53025011401","tract",2019,"transportation_rnk",74.1748
"53025011402","tract",2019,"transportation_rnk",40.2985
"53027000200","tract",2019,"transportation_rnk",60.0908
"53027000300","tract",2019,"transportation_rnk",17.836
"53027000400","tract",2019,"transportation_rnk",37.1657
"53027000500","tract",2019,"transportation_rnk",27.1482
"53027000600","tract",2019,"transportation_rnk",30.3487
"53027000700","tract",2019,"transportation_rnk",31.4489
"53027000800","tract",2019,"transportation_rnk",11.7242
"53027000900","tract",2019,"transportation_rnk",36.3815
"53027001000","tract",2019,"transportation_rnk",63.3336
"53027001100","tract",2019,"transportation_rnk",34.2135
"53027001200","tract",2019,"transportation_rnk",54.4065
"53027001300","tract",2019,"transportation_rnk",41.101
"53027001400","tract",2019,"transportation_rnk",36.6875
"53027001500","tract",2019,"transportation_rnk",59.1176
"53027001600","tract",2019,"transportation_rnk",NA
"53027940000","tract",2019,"transportation_rnk",60.7002
"53027990000","tract",2019,"transportation_rnk",NA
"53029970100","tract",2019,"transportation_rnk",24.7503
"53029970200","tract",2019,"transportation_rnk",NA
"53029970300","tract",2019,"transportation_rnk",6.8396
"53029970400","tract",2019,"transportation_rnk",29.0186
"53029970500","tract",2019,"transportation_rnk",17.836
"53029970601","tract",2019,"transportation_rnk",33.583
"53029970602","tract",2019,"transportation_rnk",67.0306
"53029970700","tract",2019,"transportation_rnk",46.9829
"53029970800","tract",2019,"transportation_rnk",32.1598
"53029970900","tract",2019,"transportation_rnk",7.4137
"53029971000","tract",2019,"transportation_rnk",27.8577
"53029971100","tract",2019,"transportation_rnk",49.2482
"53029971300","tract",2019,"transportation_rnk",75.7391
"53029971400","tract",2019,"transportation_rnk",37.9641
"53029971500","tract",2019,"transportation_rnk",48.2933
"53029971600","tract",2019,"transportation_rnk",37.4351
"53029971700","tract",2019,"transportation_rnk",57.8058
"53029971800","tract",2019,"transportation_rnk",49.6248
"53029971900","tract",2019,"transportation_rnk",55.8945
"53029972000","tract",2019,"transportation_rnk",62.3702
"53029972100","tract",2019,"transportation_rnk",67.4283
"53029992201","tract",2019,"transportation_rnk",NA
"53031950202","tract",2019,"transportation_rnk",63.2377
"53031950300","tract",2019,"transportation_rnk",56.8495
"53031950400","tract",2019,"transportation_rnk",38.8485
"53031950500","tract",2019,"transportation_rnk",26.5572
"53031950601","tract",2019,"transportation_rnk",77.01
"53031950602","tract",2019,"transportation_rnk",36.0838
"53031950702","tract",2019,"transportation_rnk",42.4072
"53031990000","tract",2019,"transportation_rnk",NA
"53033000100","tract",2019,"transportation_rnk",93.3466
"53033000200","tract",2019,"transportation_rnk",93.1787
"53033000300","tract",2019,"transportation_rnk",92.0644
"53033000401","tract",2019,"transportation_rnk",92.6343
"53033000402","tract",2019,"transportation_rnk",93.341
"53033000500","tract",2019,"transportation_rnk",89.5396
"53033000600","tract",2019,"transportation_rnk",91.4974
"53033000700","tract",2019,"transportation_rnk",92.4157
"53033000800","tract",2019,"transportation_rnk",89.6271
"53033000900","tract",2019,"transportation_rnk",90.0601
"53033001000","tract",2019,"transportation_rnk",92.5116
"53033001100","tract",2019,"transportation_rnk",89.3957
"53033001200","tract",2019,"transportation_rnk",94.4002
"53033001300","tract",2019,"transportation_rnk",93.6357
"53033001400","tract",2019,"transportation_rnk",82.8876
"53033001500","tract",2019,"transportation_rnk",90.3789
"53033001600","tract",2019,"transportation_rnk",91.197
"53033001701","tract",2019,"transportation_rnk",94.3777
"53033001702","tract",2019,"transportation_rnk",92.5285
"53033001800","tract",2019,"transportation_rnk",93.0603
"53033001900","tract",2019,"transportation_rnk",92.5073
"53033002000","tract",2019,"transportation_rnk",91.9671
"53033002100","tract",2019,"transportation_rnk",92.4312
"53033002200","tract",2019,"transportation_rnk",90.4579
"53033002400","tract",2019,"transportation_rnk",91.8529
"53033002500","tract",2019,"transportation_rnk",92.0743
"53033002600","tract",2019,"transportation_rnk",92.7979
"53033002700","tract",2019,"transportation_rnk",92.7344
"53033002800","tract",2019,"transportation_rnk",93.5525
"53033002900","tract",2019,"transportation_rnk",92.0814
"53033003000","tract",2019,"transportation_rnk",91.1123
"53033003100","tract",2019,"transportation_rnk",92.1745
"53033003200","tract",2019,"transportation_rnk",94.4877
"53033003300","tract",2019,"transportation_rnk",94.0448
"53033003400","tract",2019,"transportation_rnk",92.8642
"53033003500","tract",2019,"transportation_rnk",92.2323
"53033003600","tract",2019,"transportation_rnk",94.365
"53033003800","tract",2019,"transportation_rnk",92.8388
"53033003900","tract",2019,"transportation_rnk",91.4184
"53033004000","tract",2019,"transportation_rnk",92.3183
"53033004100","tract",2019,"transportation_rnk",91.8218
"53033004200","tract",2019,"transportation_rnk",92.2323
"53033004301","tract",2019,"transportation_rnk",94.238
"53033004302","tract",2019,"transportation_rnk",96.4864
"53033004400","tract",2019,"transportation_rnk",96.0195
"53033004500","tract",2019,"transportation_rnk",94.3438
"53033004600","tract",2019,"transportation_rnk",92.6004
"53033004700","tract",2019,"transportation_rnk",95.3665
"53033004800","tract",2019,"transportation_rnk",93.4623
"53033004900","tract",2019,"transportation_rnk",95.097
"53033005000","tract",2019,"transportation_rnk",93.5539
"53033005100","tract",2019,"transportation_rnk",93.7317
"53033005200","tract",2019,"transportation_rnk",96.2043
"53033005301","tract",2019,"transportation_rnk",97.2241
"53033005302","tract",2019,"transportation_rnk",NA
"53033005400","tract",2019,"transportation_rnk",94.0504
"53033005600","tract",2019,"transportation_rnk",88.517
"53033005700","tract",2019,"transportation_rnk",91.496
"53033005801","tract",2019,"transportation_rnk",92.8783
"53033005802","tract",2019,"transportation_rnk",93.1139
"53033005900","tract",2019,"transportation_rnk",93.3254
"53033006000","tract",2019,"transportation_rnk",94.5173
"53033006100","tract",2019,"transportation_rnk",93.3015
"53033006200","tract",2019,"transportation_rnk",92.4185
"53033006300","tract",2019,"transportation_rnk",90.0276
"53033006400","tract",2019,"transportation_rnk",92.1956
"53033006500","tract",2019,"transportation_rnk",95.3693
"53033006600","tract",2019,"transportation_rnk",94.8968
"53033006700","tract",2019,"transportation_rnk",95.7741
"53033006800","tract",2019,"transportation_rnk",92.7246
"53033006900","tract",2019,"transportation_rnk",92.7443
"53033007000","tract",2019,"transportation_rnk",96.0054
"53033007100","tract",2019,"transportation_rnk",96.0802
"53033007200","tract",2019,"transportation_rnk",97.351
"53033007300","tract",2019,"transportation_rnk",95.9716
"53033007401","tract",2019,"transportation_rnk",96.8179
"53033007402","tract",2019,"transportation_rnk",97.4018
"53033007500","tract",2019,"transportation_rnk",97.1141
"53033007600","tract",2019,"transportation_rnk",95.8714
"53033007700","tract",2019,"transportation_rnk",94.6965
"53033007800","tract",2019,"transportation_rnk",91.1758
"53033007900","tract",2019,"transportation_rnk",96.0209
"53033008001","tract",2019,"transportation_rnk",96.674
"53033008002","tract",2019,"transportation_rnk",96.8009
"53033008100","tract",2019,"transportation_rnk",96.1944
"53033008200","tract",2019,"transportation_rnk",97.4498
"53033008300","tract",2019,"transportation_rnk",97.1381
"53033008400","tract",2019,"transportation_rnk",97.2326
"53033008500","tract",2019,"transportation_rnk",NA
"53033008600","tract",2019,"transportation_rnk",96.3919
"53033008700","tract",2019,"transportation_rnk",95.1281
"53033008800","tract",2019,"transportation_rnk",94.1435
"53033008900","tract",2019,"transportation_rnk",91.984
"53033009000","tract",2019,"transportation_rnk",91.4452
"53033009100","tract",2019,"transportation_rnk",97.107
"53033009200","tract",2019,"transportation_rnk",97.3778
"53033009300","tract",2019,"transportation_rnk",91.8655
"53033009400","tract",2019,"transportation_rnk",94.6711
"53033009500","tract",2019,"transportation_rnk",93.317
"53033009600","tract",2019,"transportation_rnk",91.6497
"53033009701","tract",2019,"transportation_rnk",89.596
"53033009702","tract",2019,"transportation_rnk",90.8669
"53033009800","tract",2019,"transportation_rnk",91.9671
"53033009900","tract",2019,"transportation_rnk",91.52
"53033010001","tract",2019,"transportation_rnk",90.3789
"53033010002","tract",2019,"transportation_rnk",93.4411
"53033010100","tract",2019,"transportation_rnk",94.1365
"53033010200","tract",2019,"transportation_rnk",91.2294
"53033010300","tract",2019,"transportation_rnk",92.9545
"53033010401","tract",2019,"transportation_rnk",77.2103
"53033010402","tract",2019,"transportation_rnk",91.7809
"53033010500","tract",2019,"transportation_rnk",93.7444
"53033010600","tract",2019,"transportation_rnk",92.5835
"53033010701","tract",2019,"transportation_rnk",86.6255
"53033010702","tract",2019,"transportation_rnk",92.3042
"53033010800","tract",2019,"transportation_rnk",90.9995
"53033010900","tract",2019,"transportation_rnk",92.8966
"53033011001","tract",2019,"transportation_rnk",93.0969
"53033011002","tract",2019,"transportation_rnk",92.2323
"53033011101","tract",2019,"transportation_rnk",93.2154
"53033011102","tract",2019,"transportation_rnk",91.3296
"53033011200","tract",2019,"transportation_rnk",94.152
"53033011300","tract",2019,"transportation_rnk",90.5439
"53033011401","tract",2019,"transportation_rnk",92.2238
"53033011402","tract",2019,"transportation_rnk",92.5327
"53033011500","tract",2019,"transportation_rnk",91.5919
"53033011600","tract",2019,"transportation_rnk",90.9656
"53033011700","tract",2019,"transportation_rnk",91.6667
"53033011800","tract",2019,"transportation_rnk",92.8261
"53033011900","tract",2019,"transportation_rnk",90.6483
"53033012000","tract",2019,"transportation_rnk",90.5806
"53033012100","tract",2019,"transportation_rnk",44.5554
"53033020100","tract",2019,"transportation_rnk",50.1904
"53033020200","tract",2019,"transportation_rnk",88.7709
"53033020300","tract",2019,"transportation_rnk",91.2633
"53033020401","tract",2019,"transportation_rnk",88.1742
"53033020402","tract",2019,"transportation_rnk",90.0982
"53033020500","tract",2019,"transportation_rnk",87.7539
"53033020600","tract",2019,"transportation_rnk",89.9388
"53033020700","tract",2019,"transportation_rnk",93.8868
"53033020800","tract",2019,"transportation_rnk",89.644
"53033020900","tract",2019,"transportation_rnk",91.8599
"53033021000","tract",2019,"transportation_rnk",89.6271
"53033021100","tract",2019,"transportation_rnk",90.6257
"53033021300","tract",2019,"transportation_rnk",91.5284
"53033021400","tract",2019,"transportation_rnk",85.5577
"53033021500","tract",2019,"transportation_rnk",54.2358
"53033021600","tract",2019,"transportation_rnk",89.1658
"53033021700","tract",2019,"transportation_rnk",90.7033
"53033021802","tract",2019,"transportation_rnk",52.4994
"53033021803","tract",2019,"transportation_rnk",88.7539
"53033021804","tract",2019,"transportation_rnk",67.5581
"53033021903","tract",2019,"transportation_rnk",91.1617
"53033021904","tract",2019,"transportation_rnk",87.5733
"53033021905","tract",2019,"transportation_rnk",64.778
"53033021906","tract",2019,"transportation_rnk",61.6241
"53033022001","tract",2019,"transportation_rnk",86.6339
"53033022003","tract",2019,"transportation_rnk",89.5495
"53033022005","tract",2019,"transportation_rnk",90.3549
"53033022006","tract",2019,"transportation_rnk",90.8796
"53033022101","tract",2019,"transportation_rnk",90.3732
"53033022102","tract",2019,"transportation_rnk",85.8765
"53033022201","tract",2019,"transportation_rnk",87.3674
"53033022202","tract",2019,"transportation_rnk",88.6326
"53033022203","tract",2019,"transportation_rnk",87.4958
"53033022300","tract",2019,"transportation_rnk",39.4225
"53033022400","tract",2019,"transportation_rnk",89.3816
"53033022500","tract",2019,"transportation_rnk",89.4931
"53033022603","tract",2019,"transportation_rnk",88.8611
"53033022604","tract",2019,"transportation_rnk",87.9358
"53033022605","tract",2019,"transportation_rnk",91.252
"53033022606","tract",2019,"transportation_rnk",87.5733
"53033022701","tract",2019,"transportation_rnk",89.2039
"53033022702","tract",2019,"transportation_rnk",90.8077
"53033022703","tract",2019,"transportation_rnk",85.1219
"53033022801","tract",2019,"transportation_rnk",92.7316
"53033022802","tract",2019,"transportation_rnk",88.8386
"53033022803","tract",2019,"transportation_rnk",93.987
"53033022901","tract",2019,"transportation_rnk",86.751
"53033022902","tract",2019,"transportation_rnk",87.9782
"53033023000","tract",2019,"transportation_rnk",66.2675
"53033023100","tract",2019,"transportation_rnk",87.4422
"53033023201","tract",2019,"transportation_rnk",92.4961
"53033023202","tract",2019,"transportation_rnk",90.8556
"53033023300","tract",2019,"transportation_rnk",86.9555
"53033023401","tract",2019,"transportation_rnk",90.4311
"53033023403","tract",2019,"transportation_rnk",87.6185
"53033023404","tract",2019,"transportation_rnk",43.6611
"53033023500","tract",2019,"transportation_rnk",89.4747
"53033023601","tract",2019,"transportation_rnk",91.1095
"53033023603","tract",2019,"transportation_rnk",93.1985
"53033023604","tract",2019,"transportation_rnk",90.912
"53033023700","tract",2019,"transportation_rnk",87.7299
"53033023801","tract",2019,"transportation_rnk",92.3085
"53033023803","tract",2019,"transportation_rnk",94.7924
"53033023804","tract",2019,"transportation_rnk",95.1676
"53033023900","tract",2019,"transportation_rnk",88.7878
"53033024000","tract",2019,"transportation_rnk",90.5721
"53033024100","tract",2019,"transportation_rnk",83.315
"53033024200","tract",2019,"transportation_rnk",36.0133
"53033024300","tract",2019,"transportation_rnk",91.417
"53033024400","tract",2019,"transportation_rnk",90.9854
"53033024500","tract",2019,"transportation_rnk",84.6959
"53033024601","tract",2019,"transportation_rnk",86.9894
"53033024602","tract",2019,"transportation_rnk",87.7807
"53033024701","tract",2019,"transportation_rnk",88.1234
"53033024702","tract",2019,"transportation_rnk",85.5352
"53033024800","tract",2019,"transportation_rnk",90.9713
"53033024901","tract",2019,"transportation_rnk",87.6312
"53033024902","tract",2019,"transportation_rnk",88.4281
"53033024903","tract",2019,"transportation_rnk",86.7891
"53033025001","tract",2019,"transportation_rnk",88.1234
"53033025003","tract",2019,"transportation_rnk",86.0754
"53033025005","tract",2019,"transportation_rnk",87.1516
"53033025006","tract",2019,"transportation_rnk",60.7975
"53033025101","tract",2019,"transportation_rnk",89.2434
"53033025102","tract",2019,"transportation_rnk",87.8569
"53033025200","tract",2019,"transportation_rnk",86.1036
"53033025301","tract",2019,"transportation_rnk",90.6638
"53033025302","tract",2019,"transportation_rnk",80.6928
"53033025400","tract",2019,"transportation_rnk",88.1869
"53033025500","tract",2019,"transportation_rnk",89.9444
"53033025601","tract",2019,"transportation_rnk",86.7327
"53033025602","tract",2019,"transportation_rnk",86.2884
"53033025701","tract",2019,"transportation_rnk",90.2449
"53033025702","tract",2019,"transportation_rnk",86.0317
"53033025803","tract",2019,"transportation_rnk",91.1137
"53033025804","tract",2019,"transportation_rnk",83.497
"53033025805","tract",2019,"transportation_rnk",89.8725
"53033025806","tract",2019,"transportation_rnk",89.1433
"53033026001","tract",2019,"transportation_rnk",88.311
"53033026002","tract",2019,"transportation_rnk",73.691
"53033026100","tract",2019,"transportation_rnk",91.3239
"53033026200","tract",2019,"transportation_rnk",88.2335
"53033026300","tract",2019,"transportation_rnk",56.2697
"53033026400","tract",2019,"transportation_rnk",89.7328
"53033026500","tract",2019,"transportation_rnk",92.3776
"53033026600","tract",2019,"transportation_rnk",71.5851
"53033026700","tract",2019,"transportation_rnk",86.0923
"53033026801","tract",2019,"transportation_rnk",91.5961
"53033026802","tract",2019,"transportation_rnk",89.3153
"53033027000","tract",2019,"transportation_rnk",84.8271
"53033027100","tract",2019,"transportation_rnk",89.3041
"53033027200","tract",2019,"transportation_rnk",91.0827
"53033027300","tract",2019,"transportation_rnk",87.9358
"53033027400","tract",2019,"transportation_rnk",86.4449
"53033027500","tract",2019,"transportation_rnk",89.9924
"53033027600","tract",2019,"transportation_rnk",89.2589
"53033027701","tract",2019,"transportation_rnk",84.7241
"53033027702","tract",2019,"transportation_rnk",81.8537
"53033027800","tract",2019,"transportation_rnk",87.0895
"53033027900","tract",2019,"transportation_rnk",89.4465
"53033028000","tract",2019,"transportation_rnk",90.6426
"53033028100","tract",2019,"transportation_rnk",68.1618
"53033028200","tract",2019,"transportation_rnk",92.7133
"53033028300","tract",2019,"transportation_rnk",85.1374
"53033028402","tract",2019,"transportation_rnk",92.2675
"53033028403","tract",2019,"transportation_rnk",88.9683
"53033028500","tract",2019,"transportation_rnk",88.1488
"53033028600","tract",2019,"transportation_rnk",86.4802
"53033028700","tract",2019,"transportation_rnk",83.2797
"53033028801","tract",2019,"transportation_rnk",88.3463
"53033028802","tract",2019,"transportation_rnk",90.7371
"53033028901","tract",2019,"transportation_rnk",86.7792
"53033028902","tract",2019,"transportation_rnk",89.8062
"53033029001","tract",2019,"transportation_rnk",86.5169
"53033029003","tract",2019,"transportation_rnk",83.8059
"53033029004","tract",2019,"transportation_rnk",76.4274
"53033029101","tract",2019,"transportation_rnk",87.7807
"53033029102","tract",2019,"transportation_rnk",86.428
"53033029203","tract",2019,"transportation_rnk",83.8566
"53033029204","tract",2019,"transportation_rnk",90.046
"53033029205","tract",2019,"transportation_rnk",90.5439
"53033029206","tract",2019,"transportation_rnk",91.1222
"53033029303","tract",2019,"transportation_rnk",88.7441
"53033029304","tract",2019,"transportation_rnk",84.2826
"53033029305","tract",2019,"transportation_rnk",86.8314
"53033029306","tract",2019,"transportation_rnk",45.2804
"53033029307","tract",2019,"transportation_rnk",42.6061
"53033029403","tract",2019,"transportation_rnk",86.9612
"53033029405","tract",2019,"transportation_rnk",83.7382
"53033029406","tract",2019,"transportation_rnk",30.9975
"53033029407","tract",2019,"transportation_rnk",90.9261
"53033029408","tract",2019,"transportation_rnk",89.7808
"53033029502","tract",2019,"transportation_rnk",86.9443
"53033029503","tract",2019,"transportation_rnk",91.6159
"53033029504","tract",2019,"transportation_rnk",86.6565
"53033029601","tract",2019,"transportation_rnk",89.6003
"53033029602","tract",2019,"transportation_rnk",87.4154
"53033029700","tract",2019,"transportation_rnk",90.2745
"53033029801","tract",2019,"transportation_rnk",88.713
"53033029802","tract",2019,"transportation_rnk",88.3421
"53033029901","tract",2019,"transportation_rnk",88.3153
"53033029902","tract",2019,"transportation_rnk",84.0442
"53033030003","tract",2019,"transportation_rnk",89.3915
"53033030004","tract",2019,"transportation_rnk",90.3394
"53033030005","tract",2019,"transportation_rnk",88.2053
"53033030006","tract",2019,"transportation_rnk",90.802
"53033030100","tract",2019,"transportation_rnk",88.084
"53033030201","tract",2019,"transportation_rnk",88.0572
"53033030202","tract",2019,"transportation_rnk",89.5876
"53033030304","tract",2019,"transportation_rnk",66.9459
"53033030305","tract",2019,"transportation_rnk",91.338
"53033030306","tract",2019,"transportation_rnk",86.3279
"53033030308","tract",2019,"transportation_rnk",88.9966
"53033030309","tract",2019,"transportation_rnk",88.6989
"53033030310","tract",2019,"transportation_rnk",86.0754
"53033030311","tract",2019,"transportation_rnk",89.5495
"53033030312","tract",2019,"transportation_rnk",88.8329
"53033030313","tract",2019,"transportation_rnk",90.4748
"53033030314","tract",2019,"transportation_rnk",89.8993
"53033030401","tract",2019,"transportation_rnk",85.4674
"53033030403","tract",2019,"transportation_rnk",87.7736
"53033030404","tract",2019,"transportation_rnk",43.6611
"53033030501","tract",2019,"transportation_rnk",80.1822
"53033030503","tract",2019,"transportation_rnk",90.1659
"53033030504","tract",2019,"transportation_rnk",88.8231
"53033030600","tract",2019,"transportation_rnk",88.8978
"53033030700","tract",2019,"transportation_rnk",88.0332
"53033030801","tract",2019,"transportation_rnk",89.1743
"53033030802","tract",2019,"transportation_rnk",89.5015
"53033030901","tract",2019,"transportation_rnk",84.4998
"53033030902","tract",2019,"transportation_rnk",86.0754
"53033031000","tract",2019,"transportation_rnk",53.8507
"53033031100","tract",2019,"transportation_rnk",87.9697
"53033031202","tract",2019,"transportation_rnk",24.5642
"53033031204","tract",2019,"transportation_rnk",16.0108
"53033031205","tract",2019,"transportation_rnk",89.9388
"53033031206","tract",2019,"transportation_rnk",87.0402
"53033031301","tract",2019,"transportation_rnk",37.4351
"53033031302","tract",2019,"transportation_rnk",83.9709
"53033031400","tract",2019,"transportation_rnk",85.8328
"53033031501","tract",2019,"transportation_rnk",16.2618
"53033031502","tract",2019,"transportation_rnk",24.6516
"53033031601","tract",2019,"transportation_rnk",13.5466
"53033031603","tract",2019,"transportation_rnk",42.9234
"53033031604","tract",2019,"transportation_rnk",85.2657
"53033031605","tract",2019,"transportation_rnk",16.3394
"53033031703","tract",2019,"transportation_rnk",83.1514
"53033031704","tract",2019,"transportation_rnk",87.3575
"53033031705","tract",2019,"transportation_rnk",81.4503
"53033031706","tract",2019,"transportation_rnk",83.8961
"53033031800","tract",2019,"transportation_rnk",83.0047
"53033031903","tract",2019,"transportation_rnk",84.5647
"53033031904","tract",2019,"transportation_rnk",83.1514
"53033031906","tract",2019,"transportation_rnk",83.1725
"53033031907","tract",2019,"transportation_rnk",86.9795
"53033031908","tract",2019,"transportation_rnk",86.6029
"53033031909","tract",2019,"transportation_rnk",85.9019
"53033032002","tract",2019,"transportation_rnk",7.9751
"53033032003","tract",2019,"transportation_rnk",17.063
"53033032005","tract",2019,"transportation_rnk",82.8185
"53033032006","tract",2019,"transportation_rnk",84.1782
"53033032007","tract",2019,"transportation_rnk",83.8059
"53033032008","tract",2019,"transportation_rnk",84.5647
"53033032010","tract",2019,"transportation_rnk",87.7031
"53033032011","tract",2019,"transportation_rnk",86.5874
"53033032102","tract",2019,"transportation_rnk",43.5793
"53033032103","tract",2019,"transportation_rnk",90.802
"53033032104","tract",2019,"transportation_rnk",89.1602
"53033032203","tract",2019,"transportation_rnk",85.9907
"53033032207","tract",2019,"transportation_rnk",85.6833
"53033032208","tract",2019,"transportation_rnk",90.96
"53033032210","tract",2019,"transportation_rnk",78.5672
"53033032211","tract",2019,"transportation_rnk",87.8371
"53033032212","tract",2019,"transportation_rnk",89.7117
"53033032213","tract",2019,"transportation_rnk",85.9357
"53033032214","tract",2019,"transportation_rnk",89.4437
"53033032215","tract",2019,"transportation_rnk",40.9459
"53033032307","tract",2019,"transportation_rnk",82.5886
"53033032309","tract",2019,"transportation_rnk",94.0519
"53033032311","tract",2019,"transportation_rnk",81.7747
"53033032313","tract",2019,"transportation_rnk",88.7469
"53033032315","tract",2019,"transportation_rnk",29.4389
"53033032316","tract",2019,"transportation_rnk",85.0654
"53033032317","tract",2019,"transportation_rnk",88.981
"53033032318","tract",2019,"transportation_rnk",87.287
"53033032319","tract",2019,"transportation_rnk",86.7059
"53033032320","tract",2019,"transportation_rnk",82.8876
"53033032321","tract",2019,"transportation_rnk",87.2376
"53033032322","tract",2019,"transportation_rnk",84.7932
"53033032323","tract",2019,"transportation_rnk",87.4591
"53033032324","tract",2019,"transportation_rnk",89.4916
"53033032325","tract",2019,"transportation_rnk",89.1263
"53033032326","tract",2019,"transportation_rnk",85.1444
"53033032327","tract",2019,"transportation_rnk",46.9223
"53033032328","tract",2019,"transportation_rnk",83.1288
"53033032329","tract",2019,"transportation_rnk",89.1827
"53033032401","tract",2019,"transportation_rnk",50.3766
"53033032402","tract",2019,"transportation_rnk",22.4794
"53033032500","tract",2019,"transportation_rnk",21.8912
"53033032601","tract",2019,"transportation_rnk",37.0106
"53033032602","tract",2019,"transportation_rnk",56.147
"53033032702","tract",2019,"transportation_rnk",28.6476
"53033032703","tract",2019,"transportation_rnk",35.0217
"53033032704","tract",2019,"transportation_rnk",60.3193
"53033032800","tract",2019,"transportation_rnk",33.3517
"53033990100","tract",2019,"transportation_rnk",NA
"53035080101","tract",2019,"transportation_rnk",78.1398
"53035080102","tract",2019,"transportation_rnk",55.9411
"53035080200","tract",2019,"transportation_rnk",82.4348
"53035080300","tract",2019,"transportation_rnk",85.7961
"53035080400","tract",2019,"transportation_rnk",85.1021
"53035080500","tract",2019,"transportation_rnk",89.5551
"53035080600","tract",2019,"transportation_rnk",80.6731
"53035080700","tract",2019,"transportation_rnk",59.394
"53035080800","tract",2019,"transportation_rnk",56.2697
"53035080900","tract",2019,"transportation_rnk",48.4654
"53035081000","tract",2019,"transportation_rnk",73.1903
"53035081100","tract",2019,"transportation_rnk",86.8201
"53035081200","tract",2019,"transportation_rnk",86.0006
"53035081400","tract",2019,"transportation_rnk",NA
"53035090101","tract",2019,"transportation_rnk",61.4435
"53035090102","tract",2019,"transportation_rnk",73.1438
"53035090201","tract",2019,"transportation_rnk",61.0754
"53035090202","tract",2019,"transportation_rnk",21.9716
"53035090300","tract",2019,"transportation_rnk",NA
"53035090400","tract",2019,"transportation_rnk",20.4116
"53035090501","tract",2019,"transportation_rnk",58.4575
"53035090502","tract",2019,"transportation_rnk",70.2677
"53035090700","tract",2019,"transportation_rnk",86.2432
"53035090800","tract",2019,"transportation_rnk",83.4053
"53035090900","tract",2019,"transportation_rnk",91.8119
"53035091000","tract",2019,"transportation_rnk",81.8424
"53035091100","tract",2019,"transportation_rnk",49.8533
"53035091201","tract",2019,"transportation_rnk",51.9127
"53035091203","tract",2019,"transportation_rnk",56.2063
"53035091204","tract",2019,"transportation_rnk",55.3247
"53035091301","tract",2019,"transportation_rnk",7.5801
"53035091302","tract",2019,"transportation_rnk",30.3487
"53035091400","tract",2019,"transportation_rnk",31.3911
"53035091500","tract",2019,"transportation_rnk",46.5132
"53035091600","tract",2019,"transportation_rnk",63.8823
"53035091700","tract",2019,"transportation_rnk",45.8122
"53035091800","tract",2019,"transportation_rnk",53.3345
"53035091900","tract",2019,"transportation_rnk",61.3956
"53035092000","tract",2019,"transportation_rnk",25.3583
"53035092100","tract",2019,"transportation_rnk",38.0459
"53035092200","tract",2019,"transportation_rnk",71.1507
"53035092300","tract",2019,"transportation_rnk",76.4021
"53035092400","tract",2019,"transportation_rnk",68.8417
"53035092500","tract",2019,"transportation_rnk",72.5584
"53035092600","tract",2019,"transportation_rnk",65.5481
"53035092701","tract",2019,"transportation_rnk",60.5986
"53035092704","tract",2019,"transportation_rnk",70.7473
"53035092801","tract",2019,"transportation_rnk",72.4794
"53035092802","tract",2019,"transportation_rnk",39.0868
"53035092803","tract",2019,"transportation_rnk",39.7371
"53035092901","tract",2019,"transportation_rnk",22.1381
"53035092902","tract",2019,"transportation_rnk",53.9226
"53035940000","tract",2019,"transportation_rnk",57.3107
"53035940100","tract",2019,"transportation_rnk",57.9525
"53035990100","tract",2019,"transportation_rnk",NA
"53037975100","tract",2019,"transportation_rnk",38.7779
"53037975200","tract",2019,"transportation_rnk",8.6112
"53037975300","tract",2019,"transportation_rnk",4.3416
"53037975401","tract",2019,"transportation_rnk",85.1219
"53037975402","tract",2019,"transportation_rnk",79.2259
"53037975500","tract",2019,"transportation_rnk",64.5156
"53037975600","tract",2019,"transportation_rnk",85.4251
"53037975700","tract",2019,"transportation_rnk",15.3535
"53039950100","tract",2019,"transportation_rnk",33.8397
"53039950200","tract",2019,"transportation_rnk",43.5793
"53039950300","tract",2019,"transportation_rnk",62.713
"53041970100","tract",2019,"transportation_rnk",4.6279
"53041970200","tract",2019,"transportation_rnk",34.8666
"53041970300","tract",2019,"transportation_rnk",79.6688
"53041970400","tract",2019,"transportation_rnk",76.3823
"53041970500","tract",2019,"transportation_rnk",66.6554
"53041970600","tract",2019,"transportation_rnk",87.201
"53041970700","tract",2019,"transportation_rnk",74.5204
"53041970800","tract",2019,"transportation_rnk",81.8424
"53041970900","tract",2019,"transportation_rnk",78.7774
"53041971000","tract",2019,"transportation_rnk",53.5968
"53041971100","tract",2019,"transportation_rnk",3.6095
"53041971200","tract",2019,"transportation_rnk",18.4891
"53041971300","tract",2019,"transportation_rnk",8.2374
"53041971400","tract",2019,"transportation_rnk",19.609
"53041971500","tract",2019,"transportation_rnk",8.851
"53041971600","tract",2019,"transportation_rnk",28.144
"53041971700","tract",2019,"transportation_rnk",44.2324
"53041971800","tract",2019,"transportation_rnk",44.1196
"53041971900","tract",2019,"transportation_rnk",43.9898
"53041972000","tract",2019,"transportation_rnk",51.9127
"53043960100","tract",2019,"transportation_rnk",46.3665
"53043960200","tract",2019,"transportation_rnk",23.5133
"53043960300","tract",2019,"transportation_rnk",47.5358
"53043960400","tract",2019,"transportation_rnk",46.4455
"53045940000","tract",2019,"transportation_rnk",40.0164
"53045960100","tract",2019,"transportation_rnk",2.4966
"53045960200","tract",2019,"transportation_rnk",54.1201
"53045960300","tract",2019,"transportation_rnk",53.4783
"53045960400","tract",2019,"transportation_rnk",43.9376
"53045960500","tract",2019,"transportation_rnk",19.4412
"53045960600","tract",2019,"transportation_rnk",32.542
"53045960700","tract",2019,"transportation_rnk",58.9765
"53045960800","tract",2019,"transportation_rnk",76.6813
"53045960900","tract",2019,"transportation_rnk",69.2789
"53045961000","tract",2019,"transportation_rnk",16.9079
"53045961100","tract",2019,"transportation_rnk",36.0838
"53045961200","tract",2019,"transportation_rnk",18.5695
"53045961300","tract",2019,"transportation_rnk",29.6082
"53047940100","tract",2019,"transportation_rnk",24.1128
"53047940200","tract",2019,"transportation_rnk",43.9898
"53047970300","tract",2019,"transportation_rnk",36.2362
"53047970400","tract",2019,"transportation_rnk",55.3247
"53047970500","tract",2019,"transportation_rnk",32.6873
"53047970600","tract",2019,"transportation_rnk",44.7797
"53047970700","tract",2019,"transportation_rnk",9.8595
"53047970800","tract",2019,"transportation_rnk",35.9371
"53047970900","tract",2019,"transportation_rnk",40.6878
"53047971000","tract",2019,"transportation_rnk",20.9702
"53049950200","tract",2019,"transportation_rnk",27.6659
"53049950300","tract",2019,"transportation_rnk",38.9176
"53049950400","tract",2019,"transportation_rnk",12.6932
"53049950500","tract",2019,"transportation_rnk",55.0341
"53049950600","tract",2019,"transportation_rnk",43.5159
"53049950700","tract",2019,"transportation_rnk",66.0404
"53049950800","tract",2019,"transportation_rnk",43.2521
"53049990100","tract",2019,"transportation_rnk",NA
"53051970100","tract",2019,"transportation_rnk",45.3665
"53051970200","tract",2019,"transportation_rnk",37.8131
"53051970300","tract",2019,"transportation_rnk",12.2489
"53051970400","tract",2019,"transportation_rnk",42.9234
"53051970500","tract",2019,"transportation_rnk",30.7493
"53053060200","tract",2019,"transportation_rnk",NA
"53053060300","tract",2019,"transportation_rnk",87.3251
"53053060400","tract",2019,"transportation_rnk",84.1246
"53053060500","tract",2019,"transportation_rnk",84.1105
"53053060600","tract",2019,"transportation_rnk",90.5876
"53053060700","tract",2019,"transportation_rnk",89.4578
"53053060800","tract",2019,"transportation_rnk",86.1036
"53053060903","tract",2019,"transportation_rnk",83.0131
"53053060904","tract",2019,"transportation_rnk",87.8371
"53053060905","tract",2019,"transportation_rnk",85.6931
"53053060906","tract",2019,"transportation_rnk",87.0063
"53053061001","tract",2019,"transportation_rnk",83.6676
"53053061002","tract",2019,"transportation_rnk",69.0603
"53053061100","tract",2019,"transportation_rnk",88.218
"53053061200","tract",2019,"transportation_rnk",89.6313
"53053061300","tract",2019,"transportation_rnk",90.1109
"53053061400","tract",2019,"transportation_rnk",93.6555
"53053061500","tract",2019,"transportation_rnk",90.8345
"53053061601","tract",2019,"transportation_rnk",91.2985
"53053061602","tract",2019,"transportation_rnk",83.8665
"53053061700","tract",2019,"transportation_rnk",91.0122
"53053061800","tract",2019,"transportation_rnk",88.5537
"53053061900","tract",2019,"transportation_rnk",66.6117
"53053062000","tract",2019,"transportation_rnk",88.8978
"53053062300","tract",2019,"transportation_rnk",86.0697
"53053062400","tract",2019,"transportation_rnk",86.6946
"53053062500","tract",2019,"transportation_rnk",87.4422
"53053062600","tract",2019,"transportation_rnk",59.4279
"53053062801","tract",2019,"transportation_rnk",90.6553
"53053062802","tract",2019,"transportation_rnk",20.7416
"53053062900","tract",2019,"transportation_rnk",88.8146
"53053063000","tract",2019,"transportation_rnk",85.6833
"53053063100","tract",2019,"transportation_rnk",88.9895
"53053063200","tract",2019,"transportation_rnk",86.8314
"53053063300","tract",2019,"transportation_rnk",86.9217
"53053063400","tract",2019,"transportation_rnk",87.7031
"53053063501","tract",2019,"transportation_rnk",87.5324
"53053063502","tract",2019,"transportation_rnk",88.4422
"53053070100","tract",2019,"transportation_rnk",51.6277
"53053070203","tract",2019,"transportation_rnk",84.143
"53053070204","tract",2019,"transportation_rnk",83.0667
"53053070205","tract",2019,"transportation_rnk",13.6411
"53053070206","tract",2019,"transportation_rnk",18.2676
"53053070207","tract",2019,"transportation_rnk",36.3815
"53053070307","tract",2019,"transportation_rnk",39.8781
"53053070308","tract",2019,"transportation_rnk",86.2573
"53053070309","tract",2019,"transportation_rnk",85.2587
"53053070310","tract",2019,"transportation_rnk",84.2502
"53053070311","tract",2019,"transportation_rnk",84.2502
"53053070312","tract",2019,"transportation_rnk",86.665
"53053070313","tract",2019,"transportation_rnk",82.3135
"53053070314","tract",2019,"transportation_rnk",80.4291
"53053070315","tract",2019,"transportation_rnk",86.1713
"53053070316","tract",2019,"transportation_rnk",46.6444
"53053070401","tract",2019,"transportation_rnk",35.4519
"53053070403","tract",2019,"transportation_rnk",83.9836
"53053070404","tract",2019,"transportation_rnk",24.4654
"53053070703","tract",2019,"transportation_rnk",82.0752
"53053071100","tract",2019,"transportation_rnk",51.7575
"53053071205","tract",2019,"transportation_rnk",80.6604
"53053071206","tract",2019,"transportation_rnk",84.088
"53053071207","tract",2019,"transportation_rnk",51.426
"53053071208","tract",2019,"transportation_rnk",86.2432
"53053071209","tract",2019,"transportation_rnk",84.7114
"53053071210","tract",2019,"transportation_rnk",25.0903
"53053071304","tract",2019,"transportation_rnk",85.6113
"53053071305","tract",2019,"transportation_rnk",38.6975
"53053071306","tract",2019,"transportation_rnk",35.0838
"53053071307","tract",2019,"transportation_rnk",85.49
"53053071309","tract",2019,"transportation_rnk",83.4053
"53053071310","tract",2019,"transportation_rnk",84.0301
"53053071403","tract",2019,"transportation_rnk",80.7196
"53053071406","tract",2019,"transportation_rnk",83.4786
"53053071407","tract",2019,"transportation_rnk",82.1034
"53053071408","tract",2019,"transportation_rnk",45.5541
"53053071409","tract",2019,"transportation_rnk",86.4083
"53053071410","tract",2019,"transportation_rnk",83.1725
"53053071411","tract",2019,"transportation_rnk",83.2431
"53053071503","tract",2019,"transportation_rnk",84.4843
"53053071504","tract",2019,"transportation_rnk",90.802
"53053071505","tract",2019,"transportation_rnk",87.9147
"53053071506","tract",2019,"transportation_rnk",83.8327
"53053071601","tract",2019,"transportation_rnk",89.7441
"53053071602","tract",2019,"transportation_rnk",87.1333
"53053071703","tract",2019,"transportation_rnk",89.8062
"53053071704","tract",2019,"transportation_rnk",89.3407
"53053071705","tract",2019,"transportation_rnk",84.4533
"53053071706","tract",2019,"transportation_rnk",52.6151
"53053071707","tract",2019,"transportation_rnk",85.5013
"53053071803","tract",2019,"transportation_rnk",86.531
"53053071805","tract",2019,"transportation_rnk",86.3123
"53053071806","tract",2019,"transportation_rnk",90.9558
"53053071807","tract",2019,"transportation_rnk",89.2589
"53053071808","tract",2019,"transportation_rnk",89.328
"53053071901","tract",2019,"transportation_rnk",89.0558
"53053071902","tract",2019,"transportation_rnk",85.9089
"53053072000","tract",2019,"transportation_rnk",90.4522
"53053072105","tract",2019,"transportation_rnk",86.7228
"53053072106","tract",2019,"transportation_rnk",89.4522
"53053072107","tract",2019,"transportation_rnk",84.7114
"53053072108","tract",2019,"transportation_rnk",83.322
"53053072109","tract",2019,"transportation_rnk",3.0651
"53053072111","tract",2019,"transportation_rnk",41.1673
"53053072112","tract",2019,"transportation_rnk",84.2079
"53053072305","tract",2019,"transportation_rnk",82.755
"53053072307","tract",2019,"transportation_rnk",88.0261
"53053072308","tract",2019,"transportation_rnk",85.49
"53053072309","tract",2019,"transportation_rnk",84.8595
"53053072310","tract",2019,"transportation_rnk",87.9203
"53053072311","tract",2019,"transportation_rnk",87.6411
"53053072312","tract",2019,"transportation_rnk",63.9839
"53053072313","tract",2019,"transportation_rnk",17.6456
"53053072405","tract",2019,"transportation_rnk",7.9059
"53053072406","tract",2019,"transportation_rnk",81.4348
"53053072407","tract",2019,"transportation_rnk",84.1105
"53053072408","tract",2019,"transportation_rnk",85.1219
"53053072409","tract",2019,"transportation_rnk",84.0978
"53053072410","tract",2019,"transportation_rnk",83.2304
"53053072503","tract",2019,"transportation_rnk",29.1032
"53053072504","tract",2019,"transportation_rnk",25.7208
"53053072505","tract",2019,"transportation_rnk",83.2304
"53053072506","tract",2019,"transportation_rnk",49.8533
"53053072507","tract",2019,"transportation_rnk",41.3253
"53053072601","tract",2019,"transportation_rnk",29.0186
"53053072602","tract",2019,"transportation_rnk",36.0838
"53053072603","tract",2019,"transportation_rnk",61.0387
"53053072800","tract",2019,"transportation_rnk",20.9702
"53053072901","tract",2019,"transportation_rnk",29.9425
"53053072903","tract",2019,"transportation_rnk",NA
"53053072905","tract",2019,"transportation_rnk",82.9511
"53053072906","tract",2019,"transportation_rnk",NA
"53053072907","tract",2019,"transportation_rnk",87.5959
"53053073001","tract",2019,"transportation_rnk",19.7007
"53053073005","tract",2019,"transportation_rnk",32.1598
"53053073006","tract",2019,"transportation_rnk",26.8012
"53053073108","tract",2019,"transportation_rnk",87.9471
"53053073110","tract",2019,"transportation_rnk",81.9073
"53053073111","tract",2019,"transportation_rnk",85.5986
"53053073113","tract",2019,"transportation_rnk",85.7735
"53053073114","tract",2019,"transportation_rnk",85.16
"53053073115","tract",2019,"transportation_rnk",83.4448
"53053073116","tract",2019,"transportation_rnk",36.83
"53053073117","tract",2019,"transportation_rnk",16.1659
"53053073118","tract",2019,"transportation_rnk",20.8813
"53053073119","tract",2019,"transportation_rnk",16.2618
"53053073120","tract",2019,"transportation_rnk",84.2883
"53053073121","tract",2019,"transportation_rnk",86.5648
"53053073122","tract",2019,"transportation_rnk",85.5986
"53053073123","tract",2019,"transportation_rnk",84.0795
"53053073124","tract",2019,"transportation_rnk",84.7594
"53053073125","tract",2019,"transportation_rnk",84.5266
"53053073126","tract",2019,"transportation_rnk",29.2118
"53053073200","tract",2019,"transportation_rnk",50.6714
"53053073301","tract",2019,"transportation_rnk",85.6353
"53053073302","tract",2019,"transportation_rnk",87.5042
"53053073404","tract",2019,"transportation_rnk",89.1969
"53053073405","tract",2019,"transportation_rnk",88.3971
"53053073406","tract",2019,"transportation_rnk",86.6212
"53053073407","tract",2019,"transportation_rnk",88.8879
"53053073408","tract",2019,"transportation_rnk",86.2432
"53053073500","tract",2019,"transportation_rnk",77.845
"53053940001","tract",2019,"transportation_rnk",38.5353
"53053940002","tract",2019,"transportation_rnk",34.7946
"53053940003","tract",2019,"transportation_rnk",86.6918
"53053940004","tract",2019,"transportation_rnk",82.7325
"53053940005","tract",2019,"transportation_rnk",85.7834
"53053940006","tract",2019,"transportation_rnk",90.3789
"53053940007","tract",2019,"transportation_rnk",87.7412
"53053940008","tract",2019,"transportation_rnk",86.7228
"53053940009","tract",2019,"transportation_rnk",7.5801
"53053940010","tract",2019,"transportation_rnk",33.2769
"53053940011","tract",2019,"transportation_rnk",85.6931
"53055960100","tract",2019,"transportation_rnk",60.9851
"53055960300","tract",2019,"transportation_rnk",28.9537
"53055960400","tract",2019,"transportation_rnk",70.7473
"53055960500","tract",2019,"transportation_rnk",63.4154
"53055990100","tract",2019,"transportation_rnk",NA
"53057940200","tract",2019,"transportation_rnk",43.5793
"53057940300","tract",2019,"transportation_rnk",11.5098
"53057940400","tract",2019,"transportation_rnk",29.7788
"53057940500","tract",2019,"transportation_rnk",50.9479
"53057940600","tract",2019,"transportation_rnk",72.3087
"53057940700","tract",2019,"transportation_rnk",56.7916
"53057940800","tract",2019,"transportation_rnk",30.7493
"53057950100","tract",2019,"transportation_rnk",57.5519
"53057950800","tract",2019,"transportation_rnk",12.4013
"53057950900","tract",2019,"transportation_rnk",41.8655
"53057951000","tract",2019,"transportation_rnk",31.9115
"53057951100","tract",2019,"transportation_rnk",53.9226
"53057951200","tract",2019,"transportation_rnk",16.0884
"53057951300","tract",2019,"transportation_rnk",39.5974
"53057951400","tract",2019,"transportation_rnk",59.7509
"53057951500","tract",2019,"transportation_rnk",45.2127
"53057951600","tract",2019,"transportation_rnk",1.7025
"53057951700","tract",2019,"transportation_rnk",43.5793
"53057951800","tract",2019,"transportation_rnk",48.1833
"53057951900","tract",2019,"transportation_rnk",1.3061
"53057952100","tract",2019,"transportation_rnk",26.1468
"53057952200","tract",2019,"transportation_rnk",67.8303
"53057952301","tract",2019,"transportation_rnk",58.6563
"53057952302","tract",2019,"transportation_rnk",29.8494
"53057952401","tract",2019,"transportation_rnk",61.3011
"53057952402","tract",2019,"transportation_rnk",53.0495
"53057952500","tract",2019,"transportation_rnk",72.6543
"53057952600","tract",2019,"transportation_rnk",27.6659
"53057952700","tract",2019,"transportation_rnk",11.6523
"53057990100","tract",2019,"transportation_rnk",NA
"53059950100","tract",2019,"transportation_rnk",0
"53059950200","tract",2019,"transportation_rnk",36.7567
"53059950300","tract",2019,"transportation_rnk",35.0838
"53059950400","tract",2019,"transportation_rnk",7.5801
"53059950500","tract",2019,"transportation_rnk",32.0582
"53061040100","tract",2019,"transportation_rnk",92.5243
"53061040200","tract",2019,"transportation_rnk",89.2378
"53061040300","tract",2019,"transportation_rnk",90.053
"53061040400","tract",2019,"transportation_rnk",93.1392
"53061040500","tract",2019,"transportation_rnk",88.6326
"53061040700","tract",2019,"transportation_rnk",93.5017
"53061040800","tract",2019,"transportation_rnk",89.3732
"53061040900","tract",2019,"transportation_rnk",52.3132
"53061041000","tract",2019,"transportation_rnk",90.7103
"53061041100","tract",2019,"transportation_rnk",88.3816
"53061041201","tract",2019,"transportation_rnk",84.143
"53061041202","tract",2019,"transportation_rnk",87.3307
"53061041301","tract",2019,"transportation_rnk",85.9357
"53061041303","tract",2019,"transportation_rnk",85.0006
"53061041304","tract",2019,"transportation_rnk",14.7738
"53061041400","tract",2019,"transportation_rnk",89.3196
"53061041500","tract",2019,"transportation_rnk",30.092
"53061041601","tract",2019,"transportation_rnk",84.8116
"53061041605","tract",2019,"transportation_rnk",84.6437
"53061041606","tract",2019,"transportation_rnk",87.9528
"53061041607","tract",2019,"transportation_rnk",83.2755
"53061041608","tract",2019,"transportation_rnk",82.3135
"53061041701","tract",2019,"transportation_rnk",88.6242
"53061041703","tract",2019,"transportation_rnk",61.0754
"53061041704","tract",2019,"transportation_rnk",57.511
"53061041805","tract",2019,"transportation_rnk",88.9105
"53061041806","tract",2019,"transportation_rnk",86.2334
"53061041808","tract",2019,"transportation_rnk",87.8202
"53061041809","tract",2019,"transportation_rnk",88.7328
"53061041810","tract",2019,"transportation_rnk",88.7413
"53061041811","tract",2019,"transportation_rnk",87.3364
"53061041812","tract",2019,"transportation_rnk",89.596
"53061041901","tract",2019,"transportation_rnk",87.3011
"53061041903","tract",2019,"transportation_rnk",89.5495
"53061041904","tract",2019,"transportation_rnk",90.534
"53061041905","tract",2019,"transportation_rnk",85.4251
"53061042001","tract",2019,"transportation_rnk",87.3857
"53061042003","tract",2019,"transportation_rnk",85.0006
"53061042004","tract",2019,"transportation_rnk",85.7326
"53061042005","tract",2019,"transportation_rnk",30.7493
"53061042006","tract",2019,"transportation_rnk",88.9542
"53061050101","tract",2019,"transportation_rnk",87.2729
"53061050102","tract",2019,"transportation_rnk",71.8108
"53061050200","tract",2019,"transportation_rnk",37.2348
"53061050300","tract",2019,"transportation_rnk",87.926
"53061050401","tract",2019,"transportation_rnk",88.5664
"53061050402","tract",2019,"transportation_rnk",89.7441
"53061050500","tract",2019,"transportation_rnk",90.046
"53061050600","tract",2019,"transportation_rnk",39.6637
"53061050700","tract",2019,"transportation_rnk",83.717
"53061050800","tract",2019,"transportation_rnk",88.7356
"53061050900","tract",2019,"transportation_rnk",80.4446
"53061051000","tract",2019,"transportation_rnk",91.0122
"53061051100","tract",2019,"transportation_rnk",90.6328
"53061051200","tract",2019,"transportation_rnk",90.455
"53061051300","tract",2019,"transportation_rnk",87.3251
"53061051400","tract",2019,"transportation_rnk",91.8162
"53061051500","tract",2019,"transportation_rnk",91.1067
"53061051601","tract",2019,"transportation_rnk",87.8611
"53061051602","tract",2019,"transportation_rnk",89.3069
"53061051701","tract",2019,"transportation_rnk",89.5467
"53061051702","tract",2019,"transportation_rnk",90.0601
"53061051802","tract",2019,"transportation_rnk",63.1897
"53061051803","tract",2019,"transportation_rnk",90.5933
"53061051804","tract",2019,"transportation_rnk",88.9486
"53061051905","tract",2019,"transportation_rnk",87.8611
"53061051912","tract",2019,"transportation_rnk",36.1586
"53061051913","tract",2019,"transportation_rnk",83.7593
"53061051914","tract",2019,"transportation_rnk",87.4563
"53061051915","tract",2019,"transportation_rnk",86.885
"53061051916","tract",2019,"transportation_rnk",87.6721
"53061051917","tract",2019,"transportation_rnk",86.9795
"53061051918","tract",2019,"transportation_rnk",87.3011
"53061051921","tract",2019,"transportation_rnk",88.2885
"53061051922","tract",2019,"transportation_rnk",88.6383
"53061051923","tract",2019,"transportation_rnk",89.2222
"53061051924","tract",2019,"transportation_rnk",88.7709
"53061051925","tract",2019,"transportation_rnk",90.4155
"53061051926","tract",2019,"transportation_rnk",87.7116
"53061051927","tract",2019,"transportation_rnk",86.1628
"53061051928","tract",2019,"transportation_rnk",89.84
"53061052003","tract",2019,"transportation_rnk",63.6933
"53061052004","tract",2019,"transportation_rnk",87.4958
"53061052005","tract",2019,"transportation_rnk",88.7215
"53061052006","tract",2019,"transportation_rnk",87.555
"53061052007","tract",2019,"transportation_rnk",88.4606
"53061052104","tract",2019,"transportation_rnk",46.1563
"53061052105","tract",2019,"transportation_rnk",31.3219
"53061052107","tract",2019,"transportation_rnk",42.7161
"53061052108","tract",2019,"transportation_rnk",76.4274
"53061052112","tract",2019,"transportation_rnk",32.3968
"53061052113","tract",2019,"transportation_rnk",23.691
"53061052114","tract",2019,"transportation_rnk",36.1586
"53061052115","tract",2019,"transportation_rnk",86.8201
"53061052118","tract",2019,"transportation_rnk",42.9234
"53061052203","tract",2019,"transportation_rnk",31.8227
"53061052204","tract",2019,"transportation_rnk",83.7099
"53061052206","tract",2019,"transportation_rnk",15.6708
"53061052207","tract",2019,"transportation_rnk",25.8068
"53061052208","tract",2019,"transportation_rnk",87.8103
"53061052209","tract",2019,"transportation_rnk",NA
"53061052301","tract",2019,"transportation_rnk",13.4056
"53061052302","tract",2019,"transportation_rnk",29.6082
"53061052401","tract",2019,"transportation_rnk",45.3665
"53061052402","tract",2019,"transportation_rnk",48.2933
"53061052502","tract",2019,"transportation_rnk",26.9592
"53061052503","tract",2019,"transportation_rnk",25.9549
"53061052504","tract",2019,"transportation_rnk",26.3964
"53061052603","tract",2019,"transportation_rnk",49.5613
"53061052604","tract",2019,"transportation_rnk",22.9801
"53061052605","tract",2019,"transportation_rnk",50.8252
"53061052606","tract",2019,"transportation_rnk",33.0682
"53061052607","tract",2019,"transportation_rnk",9.0386
"53061052701","tract",2019,"transportation_rnk",11.4365
"53061052705","tract",2019,"transportation_rnk",27.3259
"53061052706","tract",2019,"transportation_rnk",20.822
"53061052707","tract",2019,"transportation_rnk",36.5423
"53061052708","tract",2019,"transportation_rnk",43.75
"53061052709","tract",2019,"transportation_rnk",6.1668
"53061052803","tract",2019,"transportation_rnk",21.1479
"53061052804","tract",2019,"transportation_rnk",10.9301
"53061052805","tract",2019,"transportation_rnk",37.5776
"53061052806","tract",2019,"transportation_rnk",9.9766
"53061052903","tract",2019,"transportation_rnk",55.0341
"53061052904","tract",2019,"transportation_rnk",39.3619
"53061052905","tract",2019,"transportation_rnk",60.411
"53061052906","tract",2019,"transportation_rnk",39.4225
"53061053101","tract",2019,"transportation_rnk",32.0582
"53061053102","tract",2019,"transportation_rnk",15.6708
"53061053201","tract",2019,"transportation_rnk",19.018
"53061053202","tract",2019,"transportation_rnk",4.5715
"53061053301","tract",2019,"transportation_rnk",23.5133
"53061053302","tract",2019,"transportation_rnk",18.0109
"53061053400","tract",2019,"transportation_rnk",2.8986
"53061053504","tract",2019,"transportation_rnk",50.2511
"53061053505","tract",2019,"transportation_rnk",21.8912
"53061053506","tract",2019,"transportation_rnk",19.018
"53061053507","tract",2019,"transportation_rnk",31.4489
"53061053508","tract",2019,"transportation_rnk",4.5179
"53061053509","tract",2019,"transportation_rnk",27.1482
"53061053602","tract",2019,"transportation_rnk",33.583
"53061053603","tract",2019,"transportation_rnk",23.8772
"53061053604","tract",2019,"transportation_rnk",52.0805
"53061053700","tract",2019,"transportation_rnk",27.7773
"53061053801","tract",2019,"transportation_rnk",30.7493
"53061053802","tract",2019,"transportation_rnk",40.6285
"53061053803","tract",2019,"transportation_rnk",44.609
"53061940001","tract",2019,"transportation_rnk",23.3342
"53061940002","tract",2019,"transportation_rnk",41.6342
"53061990002","tract",2019,"transportation_rnk",NA
"53061990100","tract",2019,"transportation_rnk",NA
"53063000200","tract",2019,"transportation_rnk",77.491
"53063000300","tract",2019,"transportation_rnk",73.3497
"53063000400","tract",2019,"transportation_rnk",71.8108
"53063000500","tract",2019,"transportation_rnk",56.463
"53063000600","tract",2019,"transportation_rnk",63.7991
"53063000700","tract",2019,"transportation_rnk",58.401
"53063000800","tract",2019,"transportation_rnk",24.1932
"53063000900","tract",2019,"transportation_rnk",59.2911
"53063001000","tract",2019,"transportation_rnk",68.1618
"53063001100","tract",2019,"transportation_rnk",51.5473
"53063001200","tract",2019,"transportation_rnk",54.618
"53063001300","tract",2019,"transportation_rnk",78.4276
"53063001400","tract",2019,"transportation_rnk",62.9344
"53063001500","tract",2019,"transportation_rnk",56.7141
"53063001600","tract",2019,"transportation_rnk",73.1691
"53063001800","tract",2019,"transportation_rnk",73.691
"53063001900","tract",2019,"transportation_rnk",59.6099
"53063002000","tract",2019,"transportation_rnk",82.0371
"53063002100","tract",2019,"transportation_rnk",56.8932
"53063002300","tract",2019,"transportation_rnk",78.8281
"53063002400","tract",2019,"transportation_rnk",NA
"53063002500","tract",2019,"transportation_rnk",NA
"53063002600","tract",2019,"transportation_rnk",79.9622
"53063002900","tract",2019,"transportation_rnk",11.8088
"53063003000","tract",2019,"transportation_rnk",70.5809
"53063003100","tract",2019,"transportation_rnk",75.536
"53063003200","tract",2019,"transportation_rnk",84.3475
"53063003500","tract",2019,"transportation_rnk",95.1746
"53063003600","tract",2019,"transportation_rnk",87.7229
"53063003800","tract",2019,"transportation_rnk",60.7975
"53063003900","tract",2019,"transportation_rnk",60.8624
"53063004000","tract",2019,"transportation_rnk",79.9058
"53063004100","tract",2019,"transportation_rnk",57.5519
"53063004200","tract",2019,"transportation_rnk",55.7817
"53063004300","tract",2019,"transportation_rnk",71.4286
"53063004400","tract",2019,"transportation_rnk",65.984
"53063004500","tract",2019,"transportation_rnk",50.6714
"53063004601","tract",2019,"transportation_rnk",58.6027
"53063004602","tract",2019,"transportation_rnk",51.1891
"53063004700","tract",2019,"transportation_rnk",61.3956
"53063004800","tract",2019,"transportation_rnk",66.6117
"53063004900","tract",2019,"transportation_rnk",62.7666
"53063005000","tract",2019,"transportation_rnk",34.7946
"53063010100","tract",2019,"transportation_rnk",5.2246
"53063010201","tract",2019,"transportation_rnk",10.0372
"53063010202","tract",2019,"transportation_rnk",14.6976
"53063010301","tract",2019,"transportation_rnk",13.0741
"53063010303","tract",2019,"transportation_rnk",1.2215
"53063010304","tract",2019,"transportation_rnk",23.4118
"53063010305","tract",2019,"transportation_rnk",12.5409
"53063010401","tract",2019,"transportation_rnk",NA
"53063010402","tract",2019,"transportation_rnk",6.2345
"53063010501","tract",2019,"transportation_rnk",68.8417
"53063010503","tract",2019,"transportation_rnk",52.1962
"53063010504","tract",2019,"transportation_rnk",5.2782
"53063010601","tract",2019,"transportation_rnk",6.336
"53063010602","tract",2019,"transportation_rnk",51.8506
"53063010700","tract",2019,"transportation_rnk",14.9656
"53063010800","tract",2019,"transportation_rnk",73.526
"53063010900","tract",2019,"transportation_rnk",65.5481
"53063011000","tract",2019,"transportation_rnk",61.0754
"53063011101","tract",2019,"transportation_rnk",83.6394
"53063011102","tract",2019,"transportation_rnk",82.9511
"53063011201","tract",2019,"transportation_rnk",71.8292
"53063011202","tract",2019,"transportation_rnk",51.9127
"53063011300","tract",2019,"transportation_rnk",15.6708
"53063011400","tract",2019,"transportation_rnk",6.0116
"53063011500","tract",2019,"transportation_rnk",65.8006
"53063011600","tract",2019,"transportation_rnk",14.8739
"53063011701","tract",2019,"transportation_rnk",71.9166
"53063011702","tract",2019,"transportation_rnk",77.6109
"53063011800","tract",2019,"transportation_rnk",63.4817
"53063011900","tract",2019,"transportation_rnk",57.5999
"53063012000","tract",2019,"transportation_rnk",66.5411
"53063012100","tract",2019,"transportation_rnk",48.4005
"53063012200","tract",2019,"transportation_rnk",36.2362
"53063012300","tract",2019,"transportation_rnk",64.0276
"53063012401","tract",2019,"transportation_rnk",46.8475
"53063012402","tract",2019,"transportation_rnk",59.3376
"53063012500","tract",2019,"transportation_rnk",53.5277
"53063012600","tract",2019,"transportation_rnk",72.7277
"53063012701","tract",2019,"transportation_rnk",57.8523
"53063012702","tract",2019,"transportation_rnk",46.3665
"53063012801","tract",2019,"transportation_rnk",59.0753
"53063012802","tract",2019,"transportation_rnk",53.7012
"53063012901","tract",2019,"transportation_rnk",65.156
"53063012902","tract",2019,"transportation_rnk",51.9127
"53063013000","tract",2019,"transportation_rnk",56.0934
"53063013100","tract",2019,"transportation_rnk",58.095
"53063013201","tract",2019,"transportation_rnk",4.8296
"53063013202","tract",2019,"transportation_rnk",21.7191
"53063013300","tract",2019,"transportation_rnk",7.6563
"53063013401","tract",2019,"transportation_rnk",1.4162
"53063013500","tract",2019,"transportation_rnk",8.6592
"53063013600","tract",2019,"transportation_rnk",11.0711
"53063013700","tract",2019,"transportation_rnk",48.2411
"53063013800","tract",2019,"transportation_rnk",0.048
"53063013900","tract",2019,"transportation_rnk",2.2371
"53063014001","tract",2019,"transportation_rnk",84.9272
"53063014002","tract",2019,"transportation_rnk",49.2482
"53063014100","tract",2019,"transportation_rnk",10.4886
"53063014200","tract",2019,"transportation_rnk",30.6618
"53063014300","tract",2019,"transportation_rnk",28.5616
"53063014400","tract",2019,"transportation_rnk",48.2933
"53063014500","tract",2019,"transportation_rnk",87.6566
"53065941000","tract",2019,"transportation_rnk",44.1196
"53065950100","tract",2019,"transportation_rnk",17.836
"53065950200","tract",2019,"transportation_rnk",2.7449
"53065950300","tract",2019,"transportation_rnk",72.5372
"53065950500","tract",2019,"transportation_rnk",55.5194
"53065950600","tract",2019,"transportation_rnk",2.7181
"53065950700","tract",2019,"transportation_rnk",62.713
"53065950800","tract",2019,"transportation_rnk",39.3026
"53065950900","tract",2019,"transportation_rnk",38.3125
"53065951100","tract",2019,"transportation_rnk",50.7687
"53065951300","tract",2019,"transportation_rnk",42.2972
"53065951400","tract",2019,"transportation_rnk",8.717
"53067010100","tract",2019,"transportation_rnk",85.5239
"53067010200","tract",2019,"transportation_rnk",64.699
"53067010300","tract",2019,"transportation_rnk",66.7358
"53067010400","tract",2019,"transportation_rnk",60.5986
"53067010510","tract",2019,"transportation_rnk",74.378
"53067010520","tract",2019,"transportation_rnk",75.8068
"53067010600","tract",2019,"transportation_rnk",80.8988
"53067010700","tract",2019,"transportation_rnk",55.3741
"53067010800","tract",2019,"transportation_rnk",60.1811
"53067010910","tract",2019,"transportation_rnk",57.511
"53067010920","tract",2019,"transportation_rnk",63.6538
"53067011000","tract",2019,"transportation_rnk",16.4988
"53067011100","tract",2019,"transportation_rnk",75.4203
"53067011200","tract",2019,"transportation_rnk",70.7938
"53067011300","tract",2019,"transportation_rnk",59.4279
"53067011410","tract",2019,"transportation_rnk",49.3385
"53067011420","tract",2019,"transportation_rnk",61.5338
"53067011500","tract",2019,"transportation_rnk",50.7278
"53067011610","tract",2019,"transportation_rnk",56.7916
"53067011621","tract",2019,"transportation_rnk",51.4839
"53067011622","tract",2019,"transportation_rnk",50.5572
"53067011623","tract",2019,"transportation_rnk",60.2728
"53067011624","tract",2019,"transportation_rnk",35.3081
"53067011710","tract",2019,"transportation_rnk",53.6405
"53067011720","tract",2019,"transportation_rnk",16.4255
"53067011810","tract",2019,"transportation_rnk",17.7499
"53067011821","tract",2019,"transportation_rnk",14.4366
"53067011822","tract",2019,"transportation_rnk",3.8564
"53067011900","tract",2019,"transportation_rnk",29.9425
"53067012000","tract",2019,"transportation_rnk",28.3006
"53067012100","tract",2019,"transportation_rnk",27.3979
"53067012211","tract",2019,"transportation_rnk",15.204
"53067012212","tract",2019,"transportation_rnk",78.4586
"53067012221","tract",2019,"transportation_rnk",50.031
"53067012222","tract",2019,"transportation_rnk",52.9466
"53067012310","tract",2019,"transportation_rnk",39.7371
"53067012320","tract",2019,"transportation_rnk",47.7728
"53067012330","tract",2019,"transportation_rnk",40.8161
"53067012411","tract",2019,"transportation_rnk",26.883
"53067012412","tract",2019,"transportation_rnk",15.8542
"53067012420","tract",2019,"transportation_rnk",16.0884
"53067012510","tract",2019,"transportation_rnk",51.4839
"53067012520","tract",2019,"transportation_rnk",33.7508
"53067012530","tract",2019,"transportation_rnk",45.2804
"53067012610","tract",2019,"transportation_rnk",26.883
"53067012620","tract",2019,"transportation_rnk",13.225
"53067012710","tract",2019,"transportation_rnk",1.6461
"53067012720","tract",2019,"transportation_rnk",66.5764
"53067012730","tract",2019,"transportation_rnk",13.7892
"53067990100","tract",2019,"transportation_rnk",NA
"53069950100","tract",2019,"transportation_rnk",25.5318
"53071920000","tract",2019,"transportation_rnk",12.2489
"53071920100","tract",2019,"transportation_rnk",17.836
"53071920200","tract",2019,"transportation_rnk",14.5156
"53071920300","tract",2019,"transportation_rnk",74.7489
"53071920400","tract",2019,"transportation_rnk",NA
"53071920500","tract",2019,"transportation_rnk",85.7397
"53071920600","tract",2019,"transportation_rnk",82.779
"53071920701","tract",2019,"transportation_rnk",88.5706
"53071920702","tract",2019,"transportation_rnk",76.6404
"53071920801","tract",2019,"transportation_rnk",71.2734
"53071920802","tract",2019,"transportation_rnk",91.503
"53071920900","tract",2019,"transportation_rnk",8.1189
"53073000100","tract",2019,"transportation_rnk",49.0423
"53073000200","tract",2019,"transportation_rnk",34.5718
"53073000300","tract",2019,"transportation_rnk",72.5372
"53073000400","tract",2019,"transportation_rnk",68.5596
"53073000501","tract",2019,"transportation_rnk",83.4702
"53073000502","tract",2019,"transportation_rnk",82.0201
"53073000600","tract",2019,"transportation_rnk",88.943
"53073000700","tract",2019,"transportation_rnk",43.0574
"53073000803","tract",2019,"transportation_rnk",73.2637
"53073000804","tract",2019,"transportation_rnk",24.6516
"53073000805","tract",2019,"transportation_rnk",42.8473
"53073000806","tract",2019,"transportation_rnk",31.0821
"53073000901","tract",2019,"transportation_rnk",55.0891
"53073000902","tract",2019,"transportation_rnk",56.7564
"53073001000","tract",2019,"transportation_rnk",NA
"53073001100","tract",2019,"transportation_rnk",72.5584
"53073001201","tract",2019,"transportation_rnk",87.201
"53073001202","tract",2019,"transportation_rnk",55.5941
"53073010100","tract",2019,"transportation_rnk",37.4351
"53073010200","tract",2019,"transportation_rnk",2.357
"53073010301","tract",2019,"transportation_rnk",4.5715
"53073010302","tract",2019,"transportation_rnk",40.2985
"53073010303","tract",2019,"transportation_rnk",31.9792
"53073010401","tract",2019,"transportation_rnk",16.819
"53073010403","tract",2019,"transportation_rnk",16.9826
"53073010404","tract",2019,"transportation_rnk",8.6112
"53073010501","tract",2019,"transportation_rnk",35.7369
"53073010502","tract",2019,"transportation_rnk",6.889
"53073010600","tract",2019,"transportation_rnk",1.986
"53073010701","tract",2019,"transportation_rnk",23.5133
"53073010702","tract",2019,"transportation_rnk",18.7444
"53073010900","tract",2019,"transportation_rnk",43.1858
"53073011000","tract",2019,"transportation_rnk",61.5761
"53073940000","tract",2019,"transportation_rnk",25.1805
"53075000100","tract",2019,"transportation_rnk",NA
"53075000200","tract",2019,"transportation_rnk",75.0832
"53075000300","tract",2019,"transportation_rnk",67.1011
"53075000400","tract",2019,"transportation_rnk",84.1782
"53075000500","tract",2019,"transportation_rnk",NA
"53075000600","tract",2019,"transportation_rnk",89.51
"53075000700","tract",2019,"transportation_rnk",46.777
"53075000800","tract",2019,"transportation_rnk",68.7035
"53075000900","tract",2019,"transportation_rnk",38.6975
"53075001000","tract",2019,"transportation_rnk",26.9592
"53077000100","tract",2019,"transportation_rnk",NA
"53077000200","tract",2019,"transportation_rnk",64.0995
"53077000300","tract",2019,"transportation_rnk",79.8465
"53077000400","tract",2019,"transportation_rnk",19.7867
"53077000500","tract",2019,"transportation_rnk",43.8163
"53077000600","tract",2019,"transportation_rnk",51.8506
"53077000700","tract",2019,"transportation_rnk",68.5314
"53077000800","tract",2019,"transportation_rnk",57.0681
"53077000901","tract",2019,"transportation_rnk",43.6611
"53077000902","tract",2019,"transportation_rnk",61.1106
"53077001000","tract",2019,"transportation_rnk",44.4355
"53077001100","tract",2019,"transportation_rnk",54.0242
"53077001201","tract",2019,"transportation_rnk",59.205
"53077001202","tract",2019,"transportation_rnk",44.4355
"53077001300","tract",2019,"transportation_rnk",14.5156
"53077001400","tract",2019,"transportation_rnk",50.9479
"53077001501","tract",2019,"transportation_rnk",54.7097
"53077001502","tract",2019,"transportation_rnk",69.3396
"53077001601","tract",2019,"transportation_rnk",1.883
"53077001602","tract",2019,"transportation_rnk",8.3517
"53077001701","tract",2019,"transportation_rnk",5.2246
"53077001702","tract",2019,"transportation_rnk",0.3272
"53077001800","tract",2019,"transportation_rnk",0.9041
"53077001901","tract",2019,"transportation_rnk",11.2884
"53077001902","tract",2019,"transportation_rnk",17.1477
"53077002001","tract",2019,"transportation_rnk",4.0609
"53077002002","tract",2019,"transportation_rnk",9.3771
"53077002101","tract",2019,"transportation_rnk",0.615
"53077002102","tract",2019,"transportation_rnk",8.9822
"53077002200","tract",2019,"transportation_rnk",5.0595
"53077002701","tract",2019,"transportation_rnk",28.0693
"53077002801","tract",2019,"transportation_rnk",9.5027
"53077002802","tract",2019,"transportation_rnk",6.628
"53077002900","tract",2019,"transportation_rnk",10.356
"53077003001","tract",2019,"transportation_rnk",23.9647
"53077003002","tract",2019,"transportation_rnk",6.5109
"53077003100","tract",2019,"transportation_rnk",18.0109
"53077003200","tract",2019,"transportation_rnk",30.092
"53077003400","tract",2019,"transportation_rnk",2.4049
"53077940001","tract",2019,"transportation_rnk",7.8481
"53077940002","tract",2019,"transportation_rnk",1.5389
"53077940003","tract",2019,"transportation_rnk",3.7195
"53077940004","tract",2019,"transportation_rnk",24.0634
"53077940005","tract",2019,"transportation_rnk",12.9965
"53077940006","tract",2019,"transportation_rnk",5.013
"53001950100","tract",2019,"transportation_state_rnk",31.6011
"53001950200","tract",2019,"transportation_state_rnk",18.434
"53001950300","tract",2019,"transportation_state_rnk",15.9761
"53001950400","tract",2019,"transportation_state_rnk",28.5815
"53001950500","tract",2019,"transportation_state_rnk",5.9691
"53003960100","tract",2019,"transportation_state_rnk",6.1447
"53003960200","tract",2019,"transportation_state_rnk",37.1489
"53003960300","tract",2019,"transportation_state_rnk",34.1994
"53003960400","tract",2019,"transportation_state_rnk",46.7697
"53003960500","tract",2019,"transportation_state_rnk",43.0478
"53003960600","tract",2019,"transportation_state_rnk",28.7219
"53005010100","tract",2019,"transportation_state_rnk",6.7767
"53005010201","tract",2019,"transportation_state_rnk",22.823
"53005010202","tract",2019,"transportation_state_rnk",44.1713
"53005010300","tract",2019,"transportation_state_rnk",35.323
"53005010400","tract",2019,"transportation_state_rnk",47.507
"53005010500","tract",2019,"transportation_state_rnk",14.3258
"53005010600","tract",2019,"transportation_state_rnk",49.2978
"53005010701","tract",2019,"transportation_state_rnk",6.7767
"53005010703","tract",2019,"transportation_state_rnk",16.8188
"53005010705","tract",2019,"transportation_state_rnk",15.2388
"53005010707","tract",2019,"transportation_state_rnk",26.0885
"53005010708","tract",2019,"transportation_state_rnk",36.0604
"53005010803","tract",2019,"transportation_state_rnk",37.6404
"53005010805","tract",2019,"transportation_state_rnk",33.0056
"53005010807","tract",2019,"transportation_state_rnk",21.0674
"53005010809","tract",2019,"transportation_state_rnk",14.4312
"53005010810","tract",2019,"transportation_state_rnk",37.4298
"53005010811","tract",2019,"transportation_state_rnk",17.5562
"53005010813","tract",2019,"transportation_state_rnk",33.3567
"53005010814","tract",2019,"transportation_state_rnk",0.8427
"53005010901","tract",2019,"transportation_state_rnk",48.8764
"53005010902","tract",2019,"transportation_state_rnk",40.2037
"53005011001","tract",2019,"transportation_state_rnk",52.4579
"53005011002","tract",2019,"transportation_state_rnk",45.4705
"53005011100","tract",2019,"transportation_state_rnk",27.9846
"53005011200","tract",2019,"transportation_state_rnk",55.6882
"53005011300","tract",2019,"transportation_state_rnk",50.2107
"53005011401","tract",2019,"transportation_state_rnk",17.9775
"53005011402","tract",2019,"transportation_state_rnk",37.6404
"53005011501","tract",2019,"transportation_state_rnk",1.5449
"53005011503","tract",2019,"transportation_state_rnk",29.4593
"53005011504","tract",2019,"transportation_state_rnk",2.0365
"53005011600","tract",2019,"transportation_state_rnk",0.4213
"53005011700","tract",2019,"transportation_state_rnk",5.9691
"53005011800","tract",2019,"transportation_state_rnk",0.1404
"53005011900","tract",2019,"transportation_state_rnk",26.9312
"53005012000","tract",2019,"transportation_state_rnk",NA
"53007960100","tract",2019,"transportation_state_rnk",12.9916
"53007960200","tract",2019,"transportation_state_rnk",38.0969
"53007960300","tract",2019,"transportation_state_rnk",32.6896
"53007960400","tract",2019,"transportation_state_rnk",23.736
"53007960500","tract",2019,"transportation_state_rnk",2.809
"53007960600","tract",2019,"transportation_state_rnk",24.2978
"53007960700","tract",2019,"transportation_state_rnk",1.1236
"53007960801","tract",2019,"transportation_state_rnk",15.2388
"53007960802","tract",2019,"transportation_state_rnk",46.875
"53007961000","tract",2019,"transportation_state_rnk",56.1798
"53007961100","tract",2019,"transportation_state_rnk",44.2416
"53007961200","tract",2019,"transportation_state_rnk",4.5646
"53007961301","tract",2019,"transportation_state_rnk",5.618
"53007961302","tract",2019,"transportation_state_rnk",32.9354
"53009000200","tract",2019,"transportation_state_rnk",43.9607
"53009000300","tract",2019,"transportation_state_rnk",25.1404
"53009000400","tract",2019,"transportation_state_rnk",33.4972
"53009000600","tract",2019,"transportation_state_rnk",17.802
"53009000700","tract",2019,"transportation_state_rnk",17.0997
"53009000800","tract",2019,"transportation_state_rnk",51.6854
"53009000900","tract",2019,"transportation_state_rnk",56.0393
"53009001000","tract",2019,"transportation_state_rnk",61.3413
"53009001100","tract",2019,"transportation_state_rnk",52.809
"53009001200","tract",2019,"transportation_state_rnk",54.7753
"53009001300","tract",2019,"transportation_state_rnk",28.1952
"53009001400","tract",2019,"transportation_state_rnk",14.9579
"53009001500","tract",2019,"transportation_state_rnk",9.0239
"53009001600","tract",2019,"transportation_state_rnk",11.868
"53009001700","tract",2019,"transportation_state_rnk",14.2205
"53009001800","tract",2019,"transportation_state_rnk",3.8624
"53009001900","tract",2019,"transportation_state_rnk",5.1615
"53009002000","tract",2019,"transportation_state_rnk",33.3567
"53009002100","tract",2019,"transportation_state_rnk",46.875
"53009002300","tract",2019,"transportation_state_rnk",16.9944
"53009940000","tract",2019,"transportation_state_rnk",7.0576
"53009990100","tract",2019,"transportation_state_rnk",NA
"53011040101","tract",2019,"transportation_state_rnk",16.1517
"53011040102","tract",2019,"transportation_state_rnk",13.6938
"53011040201","tract",2019,"transportation_state_rnk",21.6994
"53011040202","tract",2019,"transportation_state_rnk",12.3596
"53011040203","tract",2019,"transportation_state_rnk",7.2331
"53011040301","tract",2019,"transportation_state_rnk",26.5801
"53011040302","tract",2019,"transportation_state_rnk",7.4438
"53011040403","tract",2019,"transportation_state_rnk",0.2809
"53011040407","tract",2019,"transportation_state_rnk",45.8216
"53011040408","tract",2019,"transportation_state_rnk",2.5983
"53011040409","tract",2019,"transportation_state_rnk",5.6882
"53011040411","tract",2019,"transportation_state_rnk",47.823
"53011040412","tract",2019,"transportation_state_rnk",8.8834
"53011040413","tract",2019,"transportation_state_rnk",49.0169
"53011040414","tract",2019,"transportation_state_rnk",19.4874
"53011040415","tract",2019,"transportation_state_rnk",43.6096
"53011040416","tract",2019,"transportation_state_rnk",14.9579
"53011040504","tract",2019,"transportation_state_rnk",2.3174
"53011040505","tract",2019,"transportation_state_rnk",2.7037
"53011040507","tract",2019,"transportation_state_rnk",7.7949
"53011040508","tract",2019,"transportation_state_rnk",39.1152
"53011040509","tract",2019,"transportation_state_rnk",35.4284
"53011040510","tract",2019,"transportation_state_rnk",21.559
"53011040511","tract",2019,"transportation_state_rnk",4.986
"53011040603","tract",2019,"transportation_state_rnk",2.2472
"53011040604","tract",2019,"transportation_state_rnk",23.3848
"53011040605","tract",2019,"transportation_state_rnk",16.573
"53011040608","tract",2019,"transportation_state_rnk",28.441
"53011040609","tract",2019,"transportation_state_rnk",39.8174
"53011040610","tract",2019,"transportation_state_rnk",40.0983
"53011040703","tract",2019,"transportation_state_rnk",23.736
"53011040706","tract",2019,"transportation_state_rnk",38.9396
"53011040707","tract",2019,"transportation_state_rnk",47.4017
"53011040709","tract",2019,"transportation_state_rnk",6.3202
"53011040710","tract",2019,"transportation_state_rnk",12.6404
"53011040711","tract",2019,"transportation_state_rnk",39.4663
"53011040712","tract",2019,"transportation_state_rnk",33.5674
"53011040803","tract",2019,"transportation_state_rnk",51.0183
"53011040805","tract",2019,"transportation_state_rnk",42.5913
"53011040806","tract",2019,"transportation_state_rnk",31.7416
"53011040808","tract",2019,"transportation_state_rnk",3.7219
"53011040809","tract",2019,"transportation_state_rnk",46.6292
"53011040810","tract",2019,"transportation_state_rnk",46.559
"53011040904","tract",2019,"transportation_state_rnk",52.9494
"53011040905","tract",2019,"transportation_state_rnk",6.882
"53011040907","tract",2019,"transportation_state_rnk",32.4789
"53011040908","tract",2019,"transportation_state_rnk",46.1728
"53011040909","tract",2019,"transportation_state_rnk",41.8539
"53011040910","tract",2019,"transportation_state_rnk",49.0871
"53011041003","tract",2019,"transportation_state_rnk",46.4888
"53011041005","tract",2019,"transportation_state_rnk",55.1966
"53011041007","tract",2019,"transportation_state_rnk",52.1419
"53011041008","tract",2019,"transportation_state_rnk",42.9775
"53011041009","tract",2019,"transportation_state_rnk",55.0211
"53011041010","tract",2019,"transportation_state_rnk",54.3539
"53011041011","tract",2019,"transportation_state_rnk",24.5787
"53011041104","tract",2019,"transportation_state_rnk",44.382
"53011041105","tract",2019,"transportation_state_rnk",47.823
"53011041107","tract",2019,"transportation_state_rnk",49.2275
"53011041108","tract",2019,"transportation_state_rnk",53.7219
"53011041110","tract",2019,"transportation_state_rnk",36.236
"53011041111","tract",2019,"transportation_state_rnk",57.0225
"53011041112","tract",2019,"transportation_state_rnk",53.5112
"53011041201","tract",2019,"transportation_state_rnk",41.0815
"53011041203","tract",2019,"transportation_state_rnk",44.8034
"53011041205","tract",2019,"transportation_state_rnk",53.0197
"53011041206","tract",2019,"transportation_state_rnk",55.8287
"53011041309","tract",2019,"transportation_state_rnk",50.3511
"53011041310","tract",2019,"transportation_state_rnk",58.4621
"53011041312","tract",2019,"transportation_state_rnk",52.8792
"53011041313","tract",2019,"transportation_state_rnk",30.6882
"53011041317","tract",2019,"transportation_state_rnk",52.7388
"53011041318","tract",2019,"transportation_state_rnk",47.6826
"53011041319","tract",2019,"transportation_state_rnk",49.684
"53011041320","tract",2019,"transportation_state_rnk",50.2809
"53011041321","tract",2019,"transportation_state_rnk",44.8034
"53011041322","tract",2019,"transportation_state_rnk",34.691
"53011041323","tract",2019,"transportation_state_rnk",54.9157
"53011041325","tract",2019,"transportation_state_rnk",43.6096
"53011041326","tract",2019,"transportation_state_rnk",37.8511
"53011041327","tract",2019,"transportation_state_rnk",33.2163
"53011041328","tract",2019,"transportation_state_rnk",51.5098
"53011041329","tract",2019,"transportation_state_rnk",57.6545
"53011041330","tract",2019,"transportation_state_rnk",48.6657
"53011041331","tract",2019,"transportation_state_rnk",48.1742
"53011041332","tract",2019,"transportation_state_rnk",13.0618
"53011041333","tract",2019,"transportation_state_rnk",25.632
"53011041400","tract",2019,"transportation_state_rnk",55.5478
"53011041500","tract",2019,"transportation_state_rnk",51.1938
"53011041600","tract",2019,"transportation_state_rnk",57.3736
"53011041700","tract",2019,"transportation_state_rnk",59.8315
"53011041800","tract",2019,"transportation_state_rnk",53.6517
"53011041900","tract",2019,"transportation_state_rnk",47.1208
"53011042000","tract",2019,"transportation_state_rnk",53.125
"53011042100","tract",2019,"transportation_state_rnk",53.3708
"53011042300","tract",2019,"transportation_state_rnk",56.9522
"53011042400","tract",2019,"transportation_state_rnk",NA
"53011042500","tract",2019,"transportation_state_rnk",56.3904
"53011042600","tract",2019,"transportation_state_rnk",49.5435
"53011042700","tract",2019,"transportation_state_rnk",56.6011
"53011042800","tract",2019,"transportation_state_rnk",31.9171
"53011042900","tract",2019,"transportation_state_rnk",43.3287
"53011043000","tract",2019,"transportation_state_rnk",48.3848
"53011043100","tract",2019,"transportation_state_rnk",39.5365
"53013960200","tract",2019,"transportation_state_rnk",51.3343
"53015000300","tract",2019,"transportation_state_rnk",47.9986
"53015000400","tract",2019,"transportation_state_rnk",57.5843
"53015000501","tract",2019,"transportation_state_rnk",46.6994
"53015000502","tract",2019,"transportation_state_rnk",49.684
"53015000601","tract",2019,"transportation_state_rnk",52.5632
"53015000602","tract",2019,"transportation_state_rnk",22.2612
"53015000702","tract",2019,"transportation_state_rnk",32.3385
"53015000703","tract",2019,"transportation_state_rnk",17.9073
"53015000704","tract",2019,"transportation_state_rnk",41.6784
"53015000800","tract",2019,"transportation_state_rnk",20.3652
"53015000900","tract",2019,"transportation_state_rnk",0.4916
"53015001000","tract",2019,"transportation_state_rnk",59.5506
"53015001100","tract",2019,"transportation_state_rnk",49.7893
"53015001200","tract",2019,"transportation_state_rnk",34.1292
"53015001300","tract",2019,"transportation_state_rnk",48.5604
"53015001501","tract",2019,"transportation_state_rnk",12.1489
"53015001502","tract",2019,"transportation_state_rnk",11.0604
"53015001600","tract",2019,"transportation_state_rnk",7.514
"53015001700","tract",2019,"transportation_state_rnk",0.2107
"53015001800","tract",2019,"transportation_state_rnk",13.5534
"53015001900","tract",2019,"transportation_state_rnk",7.6194
"53015002001","tract",2019,"transportation_state_rnk",31.1447
"53015002002","tract",2019,"transportation_state_rnk",11.2711
"53015002100","tract",2019,"transportation_state_rnk",73.3146
"53017950100","tract",2019,"transportation_state_rnk",33.111
"53017950200","tract",2019,"transportation_state_rnk",8.2514
"53017950300","tract",2019,"transportation_state_rnk",0.7022
"53017950400","tract",2019,"transportation_state_rnk",23.5253
"53017950500","tract",2019,"transportation_state_rnk",35.007
"53017950600","tract",2019,"transportation_state_rnk",21.8048
"53017950700","tract",2019,"transportation_state_rnk",40.4143
"53017950800","tract",2019,"transportation_state_rnk",27.5632
"53019940000","tract",2019,"transportation_state_rnk",20.9972
"53019970100","tract",2019,"transportation_state_rnk",51.5098
"53019970200","tract",2019,"transportation_state_rnk",39.361
"53021020100","tract",2019,"transportation_state_rnk",42.486
"53021020200","tract",2019,"transportation_state_rnk",58.6025
"53021020300","tract",2019,"transportation_state_rnk",51.8961
"53021020400","tract",2019,"transportation_state_rnk",42.9073
"53021020501","tract",2019,"transportation_state_rnk",27.3876
"53021020502","tract",2019,"transportation_state_rnk",23.1039
"53021020601","tract",2019,"transportation_state_rnk",3.441
"53021020603","tract",2019,"transportation_state_rnk",22.6826
"53021020605","tract",2019,"transportation_state_rnk",26.9312
"53021020606","tract",2019,"transportation_state_rnk",36.0604
"53021020700","tract",2019,"transportation_state_rnk",18.75
"53021020800","tract",2019,"transportation_state_rnk",4.389
"53021980100","tract",2019,"transportation_state_rnk",NA
"53023970300","tract",2019,"transportation_state_rnk",9.5506
"53025010100","tract",2019,"transportation_state_rnk",6.6362
"53025010200","tract",2019,"transportation_state_rnk",0.632
"53025010300","tract",2019,"transportation_state_rnk",26.0885
"53025010400","tract",2019,"transportation_state_rnk",20.611
"53025010500","tract",2019,"transportation_state_rnk",20.4354
"53025010600","tract",2019,"transportation_state_rnk",35.2528
"53025010700","tract",2019,"transportation_state_rnk",4.4944
"53025010800","tract",2019,"transportation_state_rnk",44.5576
"53025010901","tract",2019,"transportation_state_rnk",5.4775
"53025010902","tract",2019,"transportation_state_rnk",32.0927
"53025011000","tract",2019,"transportation_state_rnk",38.0969
"53025011100","tract",2019,"transportation_state_rnk",37.7809
"53025011200","tract",2019,"transportation_state_rnk",14.0098
"53025011300","tract",2019,"transportation_state_rnk",16.1517
"53025011401","tract",2019,"transportation_state_rnk",56.1096
"53025011402","tract",2019,"transportation_state_rnk",27.7037
"53027000200","tract",2019,"transportation_state_rnk",44.3118
"53027000300","tract",2019,"transportation_state_rnk",11.6924
"53027000400","tract",2019,"transportation_state_rnk",25.2107
"53027000500","tract",2019,"transportation_state_rnk",17.5562
"53027000600","tract",2019,"transportation_state_rnk",19.9087
"53027000700","tract",2019,"transportation_state_rnk",20.8919
"53027000800","tract",2019,"transportation_state_rnk",8.1461
"53027000900","tract",2019,"transportation_state_rnk",24.684
"53027001000","tract",2019,"transportation_state_rnk",47.823
"53027001100","tract",2019,"transportation_state_rnk",22.6124
"53027001200","tract",2019,"transportation_state_rnk",39.1854
"53027001300","tract",2019,"transportation_state_rnk",28.1952
"53027001400","tract",2019,"transportation_state_rnk",24.8596
"53027001500","tract",2019,"transportation_state_rnk",43.2584
"53027001600","tract",2019,"transportation_state_rnk",NA
"53027940000","tract",2019,"transportation_state_rnk",45.0843
"53027990000","tract",2019,"transportation_state_rnk",NA
"53029970100","tract",2019,"transportation_state_rnk",15.8708
"53029970200","tract",2019,"transportation_state_rnk",NA
"53029970300","tract",2019,"transportation_state_rnk",4.2837
"53029970400","tract",2019,"transportation_state_rnk",18.9256
"53029970500","tract",2019,"transportation_state_rnk",11.6924
"53029970601","tract",2019,"transportation_state_rnk",22.3666
"53029970602","tract",2019,"transportation_state_rnk",51.0183
"53029970700","tract",2019,"transportation_state_rnk",32.8652
"53029970800","tract",2019,"transportation_state_rnk",21.559
"53029970900","tract",2019,"transportation_state_rnk",4.6348
"53029971000","tract",2019,"transportation_state_rnk",18.2584
"53029971100","tract",2019,"transportation_state_rnk",34.375
"53029971300","tract",2019,"transportation_state_rnk",56.8118
"53029971400","tract",2019,"transportation_state_rnk",25.7725
"53029971500","tract",2019,"transportation_state_rnk",33.8483
"53029971600","tract",2019,"transportation_state_rnk",25.4213
"53029971700","tract",2019,"transportation_state_rnk",42.2051
"53029971800","tract",2019,"transportation_state_rnk",34.6208
"53029971900","tract",2019,"transportation_state_rnk",40.5197
"53029972000","tract",2019,"transportation_state_rnk",46.9803
"53029972100","tract",2019,"transportation_state_rnk",51.264
"53029992201","tract",2019,"transportation_state_rnk",NA
"53031950202","tract",2019,"transportation_state_rnk",47.6124
"53031950300","tract",2019,"transportation_state_rnk",41.4326
"53031950400","tract",2019,"transportation_state_rnk",26.4045
"53031950500","tract",2019,"transportation_state_rnk",16.9242
"53031950601","tract",2019,"transportation_state_rnk",57.7247
"53031950602","tract",2019,"transportation_state_rnk",24.0871
"53031950702","tract",2019,"transportation_state_rnk",28.8624
"53031990000","tract",2019,"transportation_state_rnk",NA
"53033000100","tract",2019,"transportation_state_rnk",95.9972
"53033000200","tract",2019,"transportation_state_rnk",95.5056
"53033000300","tract",2019,"transportation_state_rnk",92.5562
"53033000401","tract",2019,"transportation_state_rnk",94.3118
"53033000402","tract",2019,"transportation_state_rnk",95.927
"53033000500","tract",2019,"transportation_state_rnk",83.8483
"53033000600","tract",2019,"transportation_state_rnk",91.2219
"53033000700","tract",2019,"transportation_state_rnk",93.5393
"53033000800","tract",2019,"transportation_state_rnk",84.5857
"53033000900","tract",2019,"transportation_state_rnk",86.1306
"53033001000","tract",2019,"transportation_state_rnk",93.8904
"53033001100","tract",2019,"transportation_state_rnk",83.1461
"53033001200","tract",2019,"transportation_state_rnk",97.5421
"53033001300","tract",2019,"transportation_state_rnk",96.4185
"53033001400","tract",2019,"transportation_state_rnk",61.0604
"53033001500","tract",2019,"transportation_state_rnk",86.868
"53033001600","tract",2019,"transportation_state_rnk",90.3792
"53033001701","tract",2019,"transportation_state_rnk",97.4719
"53033001702","tract",2019,"transportation_state_rnk",94.0309
"53033001800","tract",2019,"transportation_state_rnk",95.2247
"53033001900","tract",2019,"transportation_state_rnk",93.8202
"53033002000","tract",2019,"transportation_state_rnk",92.3806
"53033002100","tract",2019,"transportation_state_rnk",93.6798
"53033002200","tract",2019,"transportation_state_rnk",87.2893
"53033002400","tract",2019,"transportation_state_rnk",92.1348
"53033002500","tract",2019,"transportation_state_rnk",92.6264
"53033002600","tract",2019,"transportation_state_rnk",94.7331
"53033002700","tract",2019,"transportation_state_rnk",94.5927
"53033002800","tract",2019,"transportation_state_rnk",96.2781
"53033002900","tract",2019,"transportation_state_rnk",92.6966
"53033003000","tract",2019,"transportation_state_rnk",90.0281
"53033003100","tract",2019,"transportation_state_rnk",92.7669
"53033003200","tract",2019,"transportation_state_rnk",97.6124
"53033003300","tract",2019,"transportation_state_rnk",96.8399
"53033003400","tract",2019,"transportation_state_rnk",94.9438
"53033003500","tract",2019,"transportation_state_rnk",93.0478
"53033003600","tract",2019,"transportation_state_rnk",97.4017
"53033003800","tract",2019,"transportation_state_rnk",94.8736
"53033003900","tract",2019,"transportation_state_rnk",91.0112
"53033004000","tract",2019,"transportation_state_rnk",93.3989
"53033004100","tract",2019,"transportation_state_rnk",92.0646
"53033004200","tract",2019,"transportation_state_rnk",93.0478
"53033004301","tract",2019,"transportation_state_rnk",97.2612
"53033004302","tract",2019,"transportation_state_rnk",99.1573
"53033004400","tract",2019,"transportation_state_rnk",98.736
"53033004500","tract",2019,"transportation_state_rnk",97.3315
"53033004600","tract",2019,"transportation_state_rnk",94.2416
"53033004700","tract",2019,"transportation_state_rnk",98.3146
"53033004800","tract",2019,"transportation_state_rnk",96.1376
"53033004900","tract",2019,"transportation_state_rnk",98.0337
"53033005000","tract",2019,"transportation_state_rnk",96.3483
"53033005100","tract",2019,"transportation_state_rnk",96.559
"53033005200","tract",2019,"transportation_state_rnk",99.0169
"53033005301","tract",2019,"transportation_state_rnk",99.6489
"53033005302","tract",2019,"transportation_state_rnk",NA
"53033005400","tract",2019,"transportation_state_rnk",96.9101
"53033005600","tract",2019,"transportation_state_rnk",79.0028
"53033005700","tract",2019,"transportation_state_rnk",91.1517
"53033005801","tract",2019,"transportation_state_rnk",95.014
"53033005802","tract",2019,"transportation_state_rnk",95.3652
"53033005900","tract",2019,"transportation_state_rnk",95.8567
"53033006000","tract",2019,"transportation_state_rnk",97.6826
"53033006100","tract",2019,"transportation_state_rnk",95.7163
"53033006200","tract",2019,"transportation_state_rnk",93.6096
"53033006300","tract",2019,"transportation_state_rnk",85.8146
"53033006400","tract",2019,"transportation_state_rnk",92.8371
"53033006500","tract",2019,"transportation_state_rnk",98.3848
"53033006600","tract",2019,"transportation_state_rnk",97.9635
"53033006700","tract",2019,"transportation_state_rnk",98.4551
"53033006800","tract",2019,"transportation_state_rnk",94.4522
"53033006900","tract",2019,"transportation_state_rnk",94.6629
"53033007000","tract",2019,"transportation_state_rnk",98.6657
"53033007100","tract",2019,"transportation_state_rnk",98.8764
"53033007200","tract",2019,"transportation_state_rnk",99.7893
"53033007300","tract",2019,"transportation_state_rnk",98.5955
"53033007401","tract",2019,"transportation_state_rnk",99.368
"53033007402","tract",2019,"transportation_state_rnk",99.9298
"53033007500","tract",2019,"transportation_state_rnk",99.5084
"53033007600","tract",2019,"transportation_state_rnk",98.5253
"53033007700","tract",2019,"transportation_state_rnk",97.823
"53033007800","tract",2019,"transportation_state_rnk",90.309
"53033007900","tract",2019,"transportation_state_rnk",98.8062
"53033008001","tract",2019,"transportation_state_rnk",99.2275
"53033008002","tract",2019,"transportation_state_rnk",99.2978
"53033008100","tract",2019,"transportation_state_rnk",98.9466
"53033008200","tract",2019,"transportation_state_rnk",100
"53033008300","tract",2019,"transportation_state_rnk",99.5787
"53033008400","tract",2019,"transportation_state_rnk",99.7191
"53033008500","tract",2019,"transportation_state_rnk",NA
"53033008600","tract",2019,"transportation_state_rnk",99.0871
"53033008700","tract",2019,"transportation_state_rnk",98.1039
"53033008800","tract",2019,"transportation_state_rnk",97.1208
"53033008900","tract",2019,"transportation_state_rnk",92.486
"53033009000","tract",2019,"transportation_state_rnk",91.0815
"53033009100","tract",2019,"transportation_state_rnk",99.4382
"53033009200","tract",2019,"transportation_state_rnk",99.8596
"53033009300","tract",2019,"transportation_state_rnk",92.2753
"53033009400","tract",2019,"transportation_state_rnk",97.7528
"53033009500","tract",2019,"transportation_state_rnk",95.7865
"53033009600","tract",2019,"transportation_state_rnk",91.7135
"53033009701","tract",2019,"transportation_state_rnk",84.375
"53033009702","tract",2019,"transportation_state_rnk",88.9747
"53033009800","tract",2019,"transportation_state_rnk",92.3806
"53033009900","tract",2019,"transportation_state_rnk",91.3624
"53033010001","tract",2019,"transportation_state_rnk",86.868
"53033010002","tract",2019,"transportation_state_rnk",96.0674
"53033010100","tract",2019,"transportation_state_rnk",97.0506
"53033010200","tract",2019,"transportation_state_rnk",90.4494
"53033010300","tract",2019,"transportation_state_rnk",95.1545
"53033010401","tract",2019,"transportation_state_rnk",57.7949
"53033010402","tract",2019,"transportation_state_rnk",91.8539
"53033010500","tract",2019,"transportation_state_rnk",96.6292
"53033010600","tract",2019,"transportation_state_rnk",94.1713
"53033010701","tract",2019,"transportation_state_rnk",71.2079
"53033010702","tract",2019,"transportation_state_rnk",93.2584
"53033010800","tract",2019,"transportation_state_rnk",89.6067
"53033010900","tract",2019,"transportation_state_rnk",95.0843
"53033011001","tract",2019,"transportation_state_rnk",95.2949
"53033011002","tract",2019,"transportation_state_rnk",93.0478
"53033011101","tract",2019,"transportation_state_rnk",95.6461
"53033011102","tract",2019,"transportation_state_rnk",90.8006
"53033011200","tract",2019,"transportation_state_rnk",97.191
"53033011300","tract",2019,"transportation_state_rnk",87.5351
"53033011401","tract",2019,"transportation_state_rnk",92.9073
"53033011402","tract",2019,"transportation_state_rnk",94.1011
"53033011500","tract",2019,"transportation_state_rnk",91.5028
"53033011600","tract",2019,"transportation_state_rnk",89.3961
"53033011700","tract",2019,"transportation_state_rnk",91.7837
"53033011800","tract",2019,"transportation_state_rnk",94.8034
"53033011900","tract",2019,"transportation_state_rnk",88.132
"53033012000","tract",2019,"transportation_state_rnk",87.7107
"53033012100","tract",2019,"transportation_state_rnk",30.9691
"53033020100","tract",2019,"transportation_state_rnk",35.007
"53033020200","tract",2019,"transportation_state_rnk",80.2317
"53033020300","tract",2019,"transportation_state_rnk",90.5899
"53033020401","tract",2019,"transportation_state_rnk",77.9494
"53033020402","tract",2019,"transportation_state_rnk",86.236
"53033020500","tract",2019,"transportation_state_rnk",76.0534
"53033020600","tract",2019,"transportation_state_rnk",85.5688
"53033020700","tract",2019,"transportation_state_rnk",96.6994
"53033020800","tract",2019,"transportation_state_rnk",84.7612
"53033020900","tract",2019,"transportation_state_rnk",92.2051
"53033021000","tract",2019,"transportation_state_rnk",84.5857
"53033021100","tract",2019,"transportation_state_rnk",87.9213
"53033021300","tract",2019,"transportation_state_rnk",91.4326
"53033021400","tract",2019,"transportation_state_rnk",67.6966
"53033021500","tract",2019,"transportation_state_rnk",39.0449
"53033021600","tract",2019,"transportation_state_rnk",81.8118
"53033021700","tract",2019,"transportation_state_rnk",88.3427
"53033021802","tract",2019,"transportation_state_rnk",37.5
"53033021803","tract",2019,"transportation_state_rnk",80.1264
"53033021804","tract",2019,"transportation_state_rnk",51.4045
"53033021903","tract",2019,"transportation_state_rnk",90.2388
"53033021904","tract",2019,"transportation_state_rnk",75.1053
"53033021905","tract",2019,"transportation_state_rnk",49.4382
"53033021906","tract",2019,"transportation_state_rnk",46.4185
"53033022001","tract",2019,"transportation_state_rnk",71.2781
"53033022003","tract",2019,"transportation_state_rnk",84.059
"53033022005","tract",2019,"transportation_state_rnk",86.6573
"53033022006","tract",2019,"transportation_state_rnk",89.0449
"53033022101","tract",2019,"transportation_state_rnk",86.7275
"53033022102","tract",2019,"transportation_state_rnk",68.75
"53033022201","tract",2019,"transportation_state_rnk",74.2275
"53033022202","tract",2019,"transportation_state_rnk",79.389
"53033022203","tract",2019,"transportation_state_rnk",74.7542
"53033022300","tract",2019,"transportation_state_rnk",26.9312
"53033022400","tract",2019,"transportation_state_rnk",83.0056
"53033022500","tract",2019,"transportation_state_rnk",83.6376
"53033022603","tract",2019,"transportation_state_rnk",80.6882
"53033022604","tract",2019,"transportation_state_rnk",77.0716
"53033022605","tract",2019,"transportation_state_rnk",90.5197
"53033022606","tract",2019,"transportation_state_rnk",75.1053
"53033022701","tract",2019,"transportation_state_rnk",82.0927
"53033022702","tract",2019,"transportation_state_rnk",88.764
"53033022703","tract",2019,"transportation_state_rnk",66.6433
"53033022801","tract",2019,"transportation_state_rnk",94.5225
"53033022802","tract",2019,"transportation_state_rnk",80.618
"53033022803","tract",2019,"transportation_state_rnk",96.7697
"53033022901","tract",2019,"transportation_state_rnk",71.9101
"53033022902","tract",2019,"transportation_state_rnk",77.3876
"53033023000","tract",2019,"transportation_state_rnk",50.4213
"53033023100","tract",2019,"transportation_state_rnk",74.4733
"53033023201","tract",2019,"transportation_state_rnk",93.75
"53033023202","tract",2019,"transportation_state_rnk",88.9045
"53033023300","tract",2019,"transportation_state_rnk",72.6124
"53033023401","tract",2019,"transportation_state_rnk",87.0787
"53033023403","tract",2019,"transportation_state_rnk",75.2809
"53033023404","tract",2019,"transportation_state_rnk",30.0562
"53033023500","tract",2019,"transportation_state_rnk",83.4972
"53033023601","tract",2019,"transportation_state_rnk",89.9579
"53033023603","tract",2019,"transportation_state_rnk",95.5758
"53033023604","tract",2019,"transportation_state_rnk",89.1152
"53033023700","tract",2019,"transportation_state_rnk",75.9129
"53033023801","tract",2019,"transportation_state_rnk",93.3287
"53033023803","tract",2019,"transportation_state_rnk",97.8933
"53033023804","tract",2019,"transportation_state_rnk",98.1742
"53033023900","tract",2019,"transportation_state_rnk",80.3371
"53033024000","tract",2019,"transportation_state_rnk",87.6404
"53033024100","tract",2019,"transportation_state_rnk",62.2893
"53033024200","tract",2019,"transportation_state_rnk",23.9466
"53033024300","tract",2019,"transportation_state_rnk",90.941
"53033024400","tract",2019,"transportation_state_rnk",89.5365
"53033024500","tract",2019,"transportation_state_rnk",65.5899
"53033024601","tract",2019,"transportation_state_rnk",72.8933
"53033024602","tract",2019,"transportation_state_rnk",76.2289
"53033024701","tract",2019,"transportation_state_rnk",77.7739
"53033024702","tract",2019,"transportation_state_rnk",67.6264
"53033024800","tract",2019,"transportation_state_rnk",89.4663
"53033024901","tract",2019,"transportation_state_rnk",75.3511
"53033024902","tract",2019,"transportation_state_rnk",78.7921
"53033024903","tract",2019,"transportation_state_rnk",72.0506
"53033025001","tract",2019,"transportation_state_rnk",77.7739
"53033025003","tract",2019,"transportation_state_rnk",69.4522
"53033025005","tract",2019,"transportation_state_rnk",73.2444
"53033025006","tract",2019,"transportation_state_rnk",45.1896
"53033025101","tract",2019,"transportation_state_rnk",82.3034
"53033025102","tract",2019,"transportation_state_rnk",76.6152
"53033025200","tract",2019,"transportation_state_rnk",69.698
"53033025301","tract",2019,"transportation_state_rnk",88.2725
"53033025302","tract",2019,"transportation_state_rnk",59.3399
"53033025400","tract",2019,"transportation_state_rnk",78.0197
"53033025500","tract",2019,"transportation_state_rnk",85.6742
"53033025601","tract",2019,"transportation_state_rnk",71.8399
"53033025602","tract",2019,"transportation_state_rnk",70.2949
"53033025701","tract",2019,"transportation_state_rnk",86.4466
"53033025702","tract",2019,"transportation_state_rnk",69.2416
"53033025803","tract",2019,"transportation_state_rnk",90.0983
"53033025804","tract",2019,"transportation_state_rnk",62.7809
"53033025805","tract",2019,"transportation_state_rnk",85.3933
"53033025806","tract",2019,"transportation_state_rnk",81.6713
"53033026001","tract",2019,"transportation_state_rnk",78.3708
"53033026002","tract",2019,"transportation_state_rnk",55.934
"53033026100","tract",2019,"transportation_state_rnk",90.7303
"53033026200","tract",2019,"transportation_state_rnk",78.2303
"53033026300","tract",2019,"transportation_state_rnk",40.9059
"53033026400","tract",2019,"transportation_state_rnk",84.9017
"53033026500","tract",2019,"transportation_state_rnk",93.4691
"53033026600","tract",2019,"transportation_state_rnk",54.0028
"53033026700","tract",2019,"transportation_state_rnk",69.5927
"53033026801","tract",2019,"transportation_state_rnk",91.573
"53033026802","tract",2019,"transportation_state_rnk",82.6545
"53033027000","tract",2019,"transportation_state_rnk",66.0815
"53033027100","tract",2019,"transportation_state_rnk",82.514
"53033027200","tract",2019,"transportation_state_rnk",89.8174
"53033027300","tract",2019,"transportation_state_rnk",77.0716
"53033027400","tract",2019,"transportation_state_rnk",70.6461
"53033027500","tract",2019,"transportation_state_rnk",85.7444
"53033027600","tract",2019,"transportation_state_rnk",82.4087
"53033027701","tract",2019,"transportation_state_rnk",65.8006
"53033027702","tract",2019,"transportation_state_rnk",60.0421
"53033027800","tract",2019,"transportation_state_rnk",73.1039
"53033027900","tract",2019,"transportation_state_rnk",83.2865
"53033028000","tract",2019,"transportation_state_rnk",88.0618
"53033028100","tract",2019,"transportation_state_rnk",51.7907
"53033028200","tract",2019,"transportation_state_rnk",94.382
"53033028300","tract",2019,"transportation_state_rnk",66.7837
"53033028402","tract",2019,"transportation_state_rnk",93.1882
"53033028403","tract",2019,"transportation_state_rnk",81.25
"53033028500","tract",2019,"transportation_state_rnk",77.8792
"53033028600","tract",2019,"transportation_state_rnk",70.7163
"53033028700","tract",2019,"transportation_state_rnk",62.2191
"53033028801","tract",2019,"transportation_state_rnk",78.5815
"53033028802","tract",2019,"transportation_state_rnk",88.4831
"53033028901","tract",2019,"transportation_state_rnk",71.9803
"53033028902","tract",2019,"transportation_state_rnk",85.2177
"53033029001","tract",2019,"transportation_state_rnk",70.7865
"53033029003","tract",2019,"transportation_state_rnk",63.3076
"53033029004","tract",2019,"transportation_state_rnk",57.2683
"53033029101","tract",2019,"transportation_state_rnk",76.2289
"53033029102","tract",2019,"transportation_state_rnk",70.5758
"53033029203","tract",2019,"transportation_state_rnk",63.4831
"53033029204","tract",2019,"transportation_state_rnk",85.9199
"53033029205","tract",2019,"transportation_state_rnk",87.5351
"53033029206","tract",2019,"transportation_state_rnk",90.1685
"53033029303","tract",2019,"transportation_state_rnk",79.986
"53033029304","tract",2019,"transportation_state_rnk",64.8876
"53033029305","tract",2019,"transportation_state_rnk",72.2963
"53033029306","tract",2019,"transportation_state_rnk",31.3553
"53033029307","tract",2019,"transportation_state_rnk",28.9326
"53033029403","tract",2019,"transportation_state_rnk",72.6826
"53033029405","tract",2019,"transportation_state_rnk",63.132
"53033029406","tract",2019,"transportation_state_rnk",20.5056
"53033029407","tract",2019,"transportation_state_rnk",89.1854
"53033029408","tract",2019,"transportation_state_rnk",85.1124
"53033029502","tract",2019,"transportation_state_rnk",72.5421
"53033029503","tract",2019,"transportation_state_rnk",91.6433
"53033029504","tract",2019,"transportation_state_rnk",71.3483
"53033029601","tract",2019,"transportation_state_rnk",84.4803
"53033029602","tract",2019,"transportation_state_rnk",74.368
"53033029700","tract",2019,"transportation_state_rnk",86.5169
"53033029801","tract",2019,"transportation_state_rnk",79.6348
"53033029802","tract",2019,"transportation_state_rnk",78.5112
"53033029901","tract",2019,"transportation_state_rnk",78.441
"53033029902","tract",2019,"transportation_state_rnk",63.9045
"53033030003","tract",2019,"transportation_state_rnk",83.0758
"53033030004","tract",2019,"transportation_state_rnk",86.5871
"53033030005","tract",2019,"transportation_state_rnk",78.0899
"53033030006","tract",2019,"transportation_state_rnk",88.6236
"53033030100","tract",2019,"transportation_state_rnk",77.6685
"53033030201","tract",2019,"transportation_state_rnk",77.5983
"53033030202","tract",2019,"transportation_state_rnk",84.2697
"53033030304","tract",2019,"transportation_state_rnk",50.9129
"53033030305","tract",2019,"transportation_state_rnk",90.8708
"53033030306","tract",2019,"transportation_state_rnk",70.4354
"53033030308","tract",2019,"transportation_state_rnk",81.4607
"53033030309","tract",2019,"transportation_state_rnk",79.5646
"53033030310","tract",2019,"transportation_state_rnk",69.4522
"53033030311","tract",2019,"transportation_state_rnk",84.059
"53033030312","tract",2019,"transportation_state_rnk",80.5478
"53033030313","tract",2019,"transportation_state_rnk",87.3596
"53033030314","tract",2019,"transportation_state_rnk",85.4635
"53033030401","tract",2019,"transportation_state_rnk",67.2753
"53033030403","tract",2019,"transportation_state_rnk",76.1236
"53033030404","tract",2019,"transportation_state_rnk",30.0562
"53033030501","tract",2019,"transportation_state_rnk",58.9888
"53033030503","tract",2019,"transportation_state_rnk",86.3764
"53033030504","tract",2019,"transportation_state_rnk",80.4775
"53033030600","tract",2019,"transportation_state_rnk",80.8638
"53033030700","tract",2019,"transportation_state_rnk",77.5281
"53033030801","tract",2019,"transportation_state_rnk",81.882
"53033030802","tract",2019,"transportation_state_rnk",83.7079
"53033030901","tract",2019,"transportation_state_rnk",65.2388
"53033030902","tract",2019,"transportation_state_rnk",69.4522
"53033031000","tract",2019,"transportation_state_rnk",38.6236
"53033031100","tract",2019,"transportation_state_rnk",77.3174
"53033031202","tract",2019,"transportation_state_rnk",15.6601
"53033031204","tract",2019,"transportation_state_rnk",10.323
"53033031205","tract",2019,"transportation_state_rnk",85.5688
"53033031206","tract",2019,"transportation_state_rnk",73.0337
"53033031301","tract",2019,"transportation_state_rnk",25.4213
"53033031302","tract",2019,"transportation_state_rnk",63.6938
"53033031400","tract",2019,"transportation_state_rnk",68.6798
"53033031501","tract",2019,"transportation_state_rnk",10.639
"53033031502","tract",2019,"transportation_state_rnk",15.7654
"53033031601","tract",2019,"transportation_state_rnk",9.1292
"53033031603","tract",2019,"transportation_state_rnk",29.2135
"53033031604","tract",2019,"transportation_state_rnk",67.0646
"53033031605","tract",2019,"transportation_state_rnk",10.7444
"53033031703","tract",2019,"transportation_state_rnk",61.6924
"53033031704","tract",2019,"transportation_state_rnk",74.1573
"53033031705","tract",2019,"transportation_state_rnk",59.691
"53033031706","tract",2019,"transportation_state_rnk",63.6236
"53033031800","tract",2019,"transportation_state_rnk",61.3413
"53033031903","tract",2019,"transportation_state_rnk",65.4143
"53033031904","tract",2019,"transportation_state_rnk",61.6924
"53033031906","tract",2019,"transportation_state_rnk",61.8329
"53033031907","tract",2019,"transportation_state_rnk",72.7879
"53033031908","tract",2019,"transportation_state_rnk",71.0674
"53033031909","tract",2019,"transportation_state_rnk",68.8202
"53033032002","tract",2019,"transportation_state_rnk",5.2669
"53033032003","tract",2019,"transportation_state_rnk",11.2711
"53033032005","tract",2019,"transportation_state_rnk",60.9551
"53033032006","tract",2019,"transportation_state_rnk",64.5716
"53033032007","tract",2019,"transportation_state_rnk",63.3076
"53033032008","tract",2019,"transportation_state_rnk",65.4143
"53033032010","tract",2019,"transportation_state_rnk",75.6671
"53033032011","tract",2019,"transportation_state_rnk",70.9972
"53033032102","tract",2019,"transportation_state_rnk",29.8104
"53033032103","tract",2019,"transportation_state_rnk",88.6236
"53033032104","tract",2019,"transportation_state_rnk",81.7416
"53033032203","tract",2019,"transportation_state_rnk",69.1011
"53033032207","tract",2019,"transportation_state_rnk",68.0829
"53033032208","tract",2019,"transportation_state_rnk",89.3258
"53033032210","tract",2019,"transportation_state_rnk",58.2865
"53033032211","tract",2019,"transportation_state_rnk",76.5098
"53033032212","tract",2019,"transportation_state_rnk",84.8315
"53033032213","tract",2019,"transportation_state_rnk",68.9958
"53033032214","tract",2019,"transportation_state_rnk",83.2163
"53033032215","tract",2019,"transportation_state_rnk",28.0899
"53033032307","tract",2019,"transportation_state_rnk",60.6742
"53033032309","tract",2019,"transportation_state_rnk",96.9803
"53033032311","tract",2019,"transportation_state_rnk",59.7612
"53033032313","tract",2019,"transportation_state_rnk",80.0562
"53033032315","tract",2019,"transportation_state_rnk",19.1713
"53033032316","tract",2019,"transportation_state_rnk",66.4326
"53033032317","tract",2019,"transportation_state_rnk",81.3202
"53033032318","tract",2019,"transportation_state_rnk",73.6657
"53033032319","tract",2019,"transportation_state_rnk",71.6292
"53033032320","tract",2019,"transportation_state_rnk",61.0604
"53033032321","tract",2019,"transportation_state_rnk",73.5253
"53033032322","tract",2019,"transportation_state_rnk",65.941
"53033032323","tract",2019,"transportation_state_rnk",74.6489
"53033032324","tract",2019,"transportation_state_rnk",83.5674
"53033032325","tract",2019,"transportation_state_rnk",81.6011
"53033032326","tract",2019,"transportation_state_rnk",66.8539
"53033032327","tract",2019,"transportation_state_rnk",32.7949
"53033032328","tract",2019,"transportation_state_rnk",61.5871
"53033032329","tract",2019,"transportation_state_rnk",81.9522
"53033032401","tract",2019,"transportation_state_rnk",35.1826
"53033032402","tract",2019,"transportation_state_rnk",14.2205
"53033032500","tract",2019,"transportation_state_rnk",13.8694
"53033032601","tract",2019,"transportation_state_rnk",25.0702
"53033032602","tract",2019,"transportation_state_rnk",40.7303
"53033032702","tract",2019,"transportation_state_rnk",18.6798
"53033032703","tract",2019,"transportation_state_rnk",23.1742
"53033032704","tract",2019,"transportation_state_rnk",44.6629
"53033032800","tract",2019,"transportation_state_rnk",22.191
"53033990100","tract",2019,"transportation_state_rnk",NA
"53035080101","tract",2019,"transportation_state_rnk",58.0758
"53035080102","tract",2019,"transportation_state_rnk",40.5899
"53035080200","tract",2019,"transportation_state_rnk",60.6039
"53035080300","tract",2019,"transportation_state_rnk",68.6096
"53035080400","tract",2019,"transportation_state_rnk",66.5028
"53035080500","tract",2019,"transportation_state_rnk",84.1994
"53035080600","tract",2019,"transportation_state_rnk",59.2697
"53035080700","tract",2019,"transportation_state_rnk",43.75
"53035080800","tract",2019,"transportation_state_rnk",40.9059
"53035080900","tract",2019,"transportation_state_rnk",34.059
"53035081000","tract",2019,"transportation_state_rnk",55.4073
"53035081100","tract",2019,"transportation_state_rnk",72.1559
"53035081200","tract",2019,"transportation_state_rnk",69.1713
"53035081400","tract",2019,"transportation_state_rnk",NA
"53035090101","tract",2019,"transportation_state_rnk",46.1728
"53035090102","tract",2019,"transportation_state_rnk",55.2669
"53035090201","tract",2019,"transportation_state_rnk",45.6461
"53035090202","tract",2019,"transportation_state_rnk",14.0098
"53035090300","tract",2019,"transportation_state_rnk",NA
"53035090400","tract",2019,"transportation_state_rnk",13.132
"53035090501","tract",2019,"transportation_state_rnk",42.6966
"53035090502","tract",2019,"transportation_state_rnk",53.125
"53035090700","tract",2019,"transportation_state_rnk",70.0843
"53035090800","tract",2019,"transportation_state_rnk",62.4649
"53035090900","tract",2019,"transportation_state_rnk",91.9242
"53035091000","tract",2019,"transportation_state_rnk",59.9368
"53035091100","tract",2019,"transportation_state_rnk",34.7963
"53035091201","tract",2019,"transportation_state_rnk",36.9733
"53035091203","tract",2019,"transportation_state_rnk",40.8006
"53035091204","tract",2019,"transportation_state_rnk",39.9228
"53035091301","tract",2019,"transportation_state_rnk",4.7753
"53035091302","tract",2019,"transportation_state_rnk",19.9087
"53035091400","tract",2019,"transportation_state_rnk",20.7865
"53035091500","tract",2019,"transportation_state_rnk",32.3385
"53035091600","tract",2019,"transportation_state_rnk",48.5604
"53035091700","tract",2019,"transportation_state_rnk",31.8118
"53035091800","tract",2019,"transportation_state_rnk",38.2022
"53035091900","tract",2019,"transportation_state_rnk",46.0323
"53035092000","tract",2019,"transportation_state_rnk",16.2921
"53035092100","tract",2019,"transportation_state_rnk",25.8427
"53035092200","tract",2019,"transportation_state_rnk",53.7921
"53035092300","tract",2019,"transportation_state_rnk",57.1629
"53035092400","tract",2019,"transportation_state_rnk",52.2823
"53035092500","tract",2019,"transportation_state_rnk",54.7753
"53035092600","tract",2019,"transportation_state_rnk",49.8947
"53035092701","tract",2019,"transportation_state_rnk",44.9789
"53035092704","tract",2019,"transportation_state_rnk",53.3708
"53035092801","tract",2019,"transportation_state_rnk",54.4944
"53035092802","tract",2019,"transportation_state_rnk",26.5801
"53035092803","tract",2019,"transportation_state_rnk",27.2823
"53035092901","tract",2019,"transportation_state_rnk",14.1152
"53035092902","tract",2019,"transportation_state_rnk",38.7289
"53035940000","tract",2019,"transportation_state_rnk",41.6784
"53035940100","tract",2019,"transportation_state_rnk",42.3455
"53035990100","tract",2019,"transportation_state_rnk",NA
"53037975100","tract",2019,"transportation_state_rnk",26.3343
"53037975200","tract",2019,"transportation_state_rnk",5.7935
"53037975300","tract",2019,"transportation_state_rnk",2.8792
"53037975401","tract",2019,"transportation_state_rnk",66.6433
"53037975402","tract",2019,"transportation_state_rnk",58.6025
"53037975500","tract",2019,"transportation_state_rnk",49.1573
"53037975600","tract",2019,"transportation_state_rnk",67.1699
"53037975700","tract",2019,"transportation_state_rnk",9.9719
"53039950100","tract",2019,"transportation_state_rnk",22.5421
"53039950200","tract",2019,"transportation_state_rnk",29.8104
"53039950300","tract",2019,"transportation_state_rnk",47.1208
"53041970100","tract",2019,"transportation_state_rnk",3.1601
"53041970200","tract",2019,"transportation_state_rnk",23.0337
"53041970300","tract",2019,"transportation_state_rnk",58.7079
"53041970400","tract",2019,"transportation_state_rnk",57.0927
"53041970500","tract",2019,"transportation_state_rnk",50.7725
"53041970600","tract",2019,"transportation_state_rnk",73.4199
"53041970700","tract",2019,"transportation_state_rnk",56.3202
"53041970800","tract",2019,"transportation_state_rnk",59.9368
"53041970900","tract",2019,"transportation_state_rnk",58.3567
"53041971000","tract",2019,"transportation_state_rnk",38.4129
"53041971100","tract",2019,"transportation_state_rnk",2.3876
"53041971200","tract",2019,"transportation_state_rnk",12.2191
"53041971300","tract",2019,"transportation_state_rnk",5.4073
"53041971400","tract",2019,"transportation_state_rnk",12.7809
"53041971500","tract",2019,"transportation_state_rnk",6.25
"53041971600","tract",2019,"transportation_state_rnk",18.434
"53041971700","tract",2019,"transportation_state_rnk",30.7584
"53041971800","tract",2019,"transportation_state_rnk",30.5829
"53041971900","tract",2019,"transportation_state_rnk",30.4424
"53041972000","tract",2019,"transportation_state_rnk",36.9733
"53043960100","tract",2019,"transportation_state_rnk",32.0927
"53043960200","tract",2019,"transportation_state_rnk",14.7472
"53043960300","tract",2019,"transportation_state_rnk",33.111
"53043960400","tract",2019,"transportation_state_rnk",32.2331
"53045940000","tract",2019,"transportation_state_rnk",27.5632
"53045960100","tract",2019,"transportation_state_rnk",1.8258
"53045960200","tract",2019,"transportation_state_rnk",38.9396
"53045960300","tract",2019,"transportation_state_rnk",38.2725
"53045960400","tract",2019,"transportation_state_rnk",30.3371
"53045960500","tract",2019,"transportation_state_rnk",12.7107
"53045960600","tract",2019,"transportation_state_rnk",21.9101
"53045960700","tract",2019,"transportation_state_rnk",43.118
"53045960800","tract",2019,"transportation_state_rnk",57.514
"53045960900","tract",2019,"transportation_state_rnk",52.5632
"53045961000","tract",2019,"transportation_state_rnk",11.0604
"53045961100","tract",2019,"transportation_state_rnk",24.0871
"53045961200","tract",2019,"transportation_state_rnk",12.2893
"53045961300","tract",2019,"transportation_state_rnk",19.2767
"53047940100","tract",2019,"transportation_state_rnk",15.4494
"53047940200","tract",2019,"transportation_state_rnk",30.4424
"53047970300","tract",2019,"transportation_state_rnk",24.4733
"53047970400","tract",2019,"transportation_state_rnk",39.9228
"53047970500","tract",2019,"transportation_state_rnk",21.9803
"53047970600","tract",2019,"transportation_state_rnk",31.1447
"53047970700","tract",2019,"transportation_state_rnk",6.9522
"53047970800","tract",2019,"transportation_state_rnk",23.8764
"53047970900","tract",2019,"transportation_state_rnk",27.8792
"53047971000","tract",2019,"transportation_state_rnk",13.448
"53049950200","tract",2019,"transportation_state_rnk",18.0829
"53049950300","tract",2019,"transportation_state_rnk",26.4747
"53049950400","tract",2019,"transportation_state_rnk",8.6376
"53049950500","tract",2019,"transportation_state_rnk",39.6419
"53049950600","tract",2019,"transportation_state_rnk",29.6348
"53049950700","tract",2019,"transportation_state_rnk",50.1404
"53049950800","tract",2019,"transportation_state_rnk",29.5646
"53049990100","tract",2019,"transportation_state_rnk",NA
"53051970100","tract",2019,"transportation_state_rnk",31.4958
"53051970200","tract",2019,"transportation_state_rnk",25.7022
"53051970300","tract",2019,"transportation_state_rnk",8.3919
"53051970400","tract",2019,"transportation_state_rnk",29.2135
"53051970500","tract",2019,"transportation_state_rnk",20.1896
"53053060200","tract",2019,"transportation_state_rnk",NA
"53053060300","tract",2019,"transportation_state_rnk",73.9115
"53053060400","tract",2019,"transportation_state_rnk",64.3258
"53053060500","tract",2019,"transportation_state_rnk",64.2205
"53053060600","tract",2019,"transportation_state_rnk",87.7809
"53053060700","tract",2019,"transportation_state_rnk",83.427
"53053060800","tract",2019,"transportation_state_rnk",69.698
"53053060903","tract",2019,"transportation_state_rnk",61.4466
"53053060904","tract",2019,"transportation_state_rnk",76.5098
"53053060905","tract",2019,"transportation_state_rnk",68.2233
"53053060906","tract",2019,"transportation_state_rnk",72.9635
"53053061001","tract",2019,"transportation_state_rnk",62.9213
"53053061002","tract",2019,"transportation_state_rnk",52.3876
"53053061100","tract",2019,"transportation_state_rnk",78.1601
"53053061200","tract",2019,"transportation_state_rnk",84.691
"53053061300","tract",2019,"transportation_state_rnk",86.3062
"53053061400","tract",2019,"transportation_state_rnk",96.4888
"53053061500","tract",2019,"transportation_state_rnk",88.8343
"53053061601","tract",2019,"transportation_state_rnk",90.6601
"53053061602","tract",2019,"transportation_state_rnk",63.5534
"53053061700","tract",2019,"transportation_state_rnk",89.7121
"53053061800","tract",2019,"transportation_state_rnk",79.073
"53053061900","tract",2019,"transportation_state_rnk",50.6671
"53053062000","tract",2019,"transportation_state_rnk",80.8638
"53053062300","tract",2019,"transportation_state_rnk",69.3118
"53053062400","tract",2019,"transportation_state_rnk",71.559
"53053062500","tract",2019,"transportation_state_rnk",74.4733
"53053062600","tract",2019,"transportation_state_rnk",43.8553
"53053062801","tract",2019,"transportation_state_rnk",88.2022
"53053062802","tract",2019,"transportation_state_rnk",13.2022
"53053062900","tract",2019,"transportation_state_rnk",80.4073
"53053063000","tract",2019,"transportation_state_rnk",68.0829
"53053063100","tract",2019,"transportation_state_rnk",81.3904
"53053063200","tract",2019,"transportation_state_rnk",72.2963
"53053063300","tract",2019,"transportation_state_rnk",72.4719
"53053063400","tract",2019,"transportation_state_rnk",75.6671
"53053063501","tract",2019,"transportation_state_rnk",74.9298
"53053063502","tract",2019,"transportation_state_rnk",78.8624
"53053070100","tract",2019,"transportation_state_rnk",36.5871
"53053070203","tract",2019,"transportation_state_rnk",64.4312
"53053070204","tract",2019,"transportation_state_rnk",61.5169
"53053070205","tract",2019,"transportation_state_rnk",9.1994
"53053070206","tract",2019,"transportation_state_rnk",12.0787
"53053070207","tract",2019,"transportation_state_rnk",24.684
"53053070307","tract",2019,"transportation_state_rnk",27.4579
"53053070308","tract",2019,"transportation_state_rnk",70.2247
"53053070309","tract",2019,"transportation_state_rnk",66.9944
"53053070310","tract",2019,"transportation_state_rnk",64.7823
"53053070311","tract",2019,"transportation_state_rnk",64.7823
"53053070312","tract",2019,"transportation_state_rnk",71.4185
"53053070313","tract",2019,"transportation_state_rnk",60.4986
"53053070314","tract",2019,"transportation_state_rnk",59.059
"53053070315","tract",2019,"transportation_state_rnk",69.8736
"53053070316","tract",2019,"transportation_state_rnk",32.4789
"53053070401","tract",2019,"transportation_state_rnk",23.5955
"53053070403","tract",2019,"transportation_state_rnk",63.764
"53053070404","tract",2019,"transportation_state_rnk",15.5899
"53053070703","tract",2019,"transportation_state_rnk",60.323
"53053071100","tract",2019,"transportation_state_rnk",36.6573
"53053071205","tract",2019,"transportation_state_rnk",59.1994
"53053071206","tract",2019,"transportation_state_rnk",64.0449
"53053071207","tract",2019,"transportation_state_rnk",36.3062
"53053071208","tract",2019,"transportation_state_rnk",70.0843
"53053071209","tract",2019,"transportation_state_rnk",65.6952
"53053071210","tract",2019,"transportation_state_rnk",15.9761
"53053071304","tract",2019,"transportation_state_rnk",67.9073
"53053071305","tract",2019,"transportation_state_rnk",26.2289
"53053071306","tract",2019,"transportation_state_rnk",23.2795
"53053071307","tract",2019,"transportation_state_rnk",67.3806
"53053071309","tract",2019,"transportation_state_rnk",62.4649
"53053071310","tract",2019,"transportation_state_rnk",63.8343
"53053071403","tract",2019,"transportation_state_rnk",59.4101
"53053071406","tract",2019,"transportation_state_rnk",62.7107
"53053071407","tract",2019,"transportation_state_rnk",60.3933
"53053071408","tract",2019,"transportation_state_rnk",31.6713
"53053071409","tract",2019,"transportation_state_rnk",70.5056
"53053071410","tract",2019,"transportation_state_rnk",61.8329
"53053071411","tract",2019,"transportation_state_rnk",62.0787
"53053071503","tract",2019,"transportation_state_rnk",65.1685
"53053071504","tract",2019,"transportation_state_rnk",88.6236
"53053071505","tract",2019,"transportation_state_rnk",76.8258
"53053071506","tract",2019,"transportation_state_rnk",63.4129
"53053071601","tract",2019,"transportation_state_rnk",85.007
"53053071602","tract",2019,"transportation_state_rnk",73.1742
"53053071703","tract",2019,"transportation_state_rnk",85.2177
"53053071704","tract",2019,"transportation_state_rnk",82.8652
"53053071705","tract",2019,"transportation_state_rnk",65.0983
"53053071706","tract",2019,"transportation_state_rnk",37.6404
"53053071707","tract",2019,"transportation_state_rnk",67.486
"53053071803","tract",2019,"transportation_state_rnk",70.8567
"53053071805","tract",2019,"transportation_state_rnk",70.3652
"53053071806","tract",2019,"transportation_state_rnk",89.2556
"53053071807","tract",2019,"transportation_state_rnk",82.4087
"53053071808","tract",2019,"transportation_state_rnk",82.7949
"53053071901","tract",2019,"transportation_state_rnk",81.5309
"53053071902","tract",2019,"transportation_state_rnk",68.8904
"53053072000","tract",2019,"transportation_state_rnk",87.1489
"53053072105","tract",2019,"transportation_state_rnk",71.7346
"53053072106","tract",2019,"transportation_state_rnk",83.3567
"53053072107","tract",2019,"transportation_state_rnk",65.6952
"53053072108","tract",2019,"transportation_state_rnk",62.3596
"53053072109","tract",2019,"transportation_state_rnk",2.177
"53053072111","tract",2019,"transportation_state_rnk",28.3006
"53053072112","tract",2019,"transportation_state_rnk",64.677
"53053072305","tract",2019,"transportation_state_rnk",60.8146
"53053072307","tract",2019,"transportation_state_rnk",77.4579
"53053072308","tract",2019,"transportation_state_rnk",67.3806
"53053072309","tract",2019,"transportation_state_rnk",66.1517
"53053072310","tract",2019,"transportation_state_rnk",76.8961
"53053072311","tract",2019,"transportation_state_rnk",75.4213
"53053072312","tract",2019,"transportation_state_rnk",48.736
"53053072313","tract",2019,"transportation_state_rnk",11.4466
"53053072405","tract",2019,"transportation_state_rnk",5.1615
"53053072406","tract",2019,"transportation_state_rnk",59.6208
"53053072407","tract",2019,"transportation_state_rnk",64.2205
"53053072408","tract",2019,"transportation_state_rnk",66.6433
"53053072409","tract",2019,"transportation_state_rnk",64.1152
"53053072410","tract",2019,"transportation_state_rnk",61.9733
"53053072503","tract",2019,"transportation_state_rnk",19.0309
"53053072504","tract",2019,"transportation_state_rnk",16.4326
"53053072505","tract",2019,"transportation_state_rnk",61.9733
"53053072506","tract",2019,"transportation_state_rnk",34.7963
"53053072507","tract",2019,"transportation_state_rnk",28.3708
"53053072601","tract",2019,"transportation_state_rnk",18.9256
"53053072602","tract",2019,"transportation_state_rnk",24.0871
"53053072603","tract",2019,"transportation_state_rnk",45.4705
"53053072800","tract",2019,"transportation_state_rnk",13.448
"53053072901","tract",2019,"transportation_state_rnk",19.6278
"53053072903","tract",2019,"transportation_state_rnk",NA
"53053072905","tract",2019,"transportation_state_rnk",61.2008
"53053072906","tract",2019,"transportation_state_rnk",NA
"53053072907","tract",2019,"transportation_state_rnk",75.2107
"53053073001","tract",2019,"transportation_state_rnk",12.8511
"53053073005","tract",2019,"transportation_state_rnk",21.559
"53053073006","tract",2019,"transportation_state_rnk",17.0997
"53053073108","tract",2019,"transportation_state_rnk",77.177
"53053073110","tract",2019,"transportation_state_rnk",60.1124
"53053073111","tract",2019,"transportation_state_rnk",67.802
"53053073113","tract",2019,"transportation_state_rnk",68.4691
"53053073114","tract",2019,"transportation_state_rnk",66.9242
"53053073115","tract",2019,"transportation_state_rnk",62.5702
"53053073116","tract",2019,"transportation_state_rnk",25
"53053073117","tract",2019,"transportation_state_rnk",10.5337
"53053073118","tract",2019,"transportation_state_rnk",13.3427
"53053073119","tract",2019,"transportation_state_rnk",10.639
"53053073120","tract",2019,"transportation_state_rnk",64.9579
"53053073121","tract",2019,"transportation_state_rnk",70.927
"53053073122","tract",2019,"transportation_state_rnk",67.802
"53053073123","tract",2019,"transportation_state_rnk",63.9747
"53053073124","tract",2019,"transportation_state_rnk",65.8708
"53053073125","tract",2019,"transportation_state_rnk",65.309
"53053073126","tract",2019,"transportation_state_rnk",19.1011
"53053073200","tract",2019,"transportation_state_rnk",35.5688
"53053073301","tract",2019,"transportation_state_rnk",67.9775
"53053073302","tract",2019,"transportation_state_rnk",74.8596
"53053073404","tract",2019,"transportation_state_rnk",82.0225
"53053073405","tract",2019,"transportation_state_rnk",78.7219
"53053073406","tract",2019,"transportation_state_rnk",71.1376
"53053073407","tract",2019,"transportation_state_rnk",80.7584
"53053073408","tract",2019,"transportation_state_rnk",70.0843
"53053073500","tract",2019,"transportation_state_rnk",58.0056
"53053940001","tract",2019,"transportation_state_rnk",25.9831
"53053940002","tract",2019,"transportation_state_rnk",22.9284
"53053940003","tract",2019,"transportation_state_rnk",71.4888
"53053940004","tract",2019,"transportation_state_rnk",60.7444
"53053940005","tract",2019,"transportation_state_rnk",68.5393
"53053940006","tract",2019,"transportation_state_rnk",86.868
"53053940007","tract",2019,"transportation_state_rnk",75.9831
"53053940008","tract",2019,"transportation_state_rnk",71.7346
"53053940009","tract",2019,"transportation_state_rnk",4.7753
"53053940010","tract",2019,"transportation_state_rnk",22.1208
"53053940011","tract",2019,"transportation_state_rnk",68.2233
"53055960100","tract",2019,"transportation_state_rnk",45.3652
"53055960300","tract",2019,"transportation_state_rnk",18.8202
"53055960400","tract",2019,"transportation_state_rnk",53.3708
"53055960500","tract",2019,"transportation_state_rnk",47.9986
"53055990100","tract",2019,"transportation_state_rnk",NA
"53057940200","tract",2019,"transportation_state_rnk",29.8104
"53057940300","tract",2019,"transportation_state_rnk",8.0056
"53057940400","tract",2019,"transportation_state_rnk",19.382
"53057940500","tract",2019,"transportation_state_rnk",35.9199
"53057940600","tract",2019,"transportation_state_rnk",54.4242
"53057940700","tract",2019,"transportation_state_rnk",41.3272
"53057940800","tract",2019,"transportation_state_rnk",20.1896
"53057950100","tract",2019,"transportation_state_rnk",42.0295
"53057950800","tract",2019,"transportation_state_rnk",8.4972
"53057950900","tract",2019,"transportation_state_rnk",28.6517
"53057951000","tract",2019,"transportation_state_rnk",21.2079
"53057951100","tract",2019,"transportation_state_rnk",38.7289
"53057951200","tract",2019,"transportation_state_rnk",10.4284
"53057951300","tract",2019,"transportation_state_rnk",27.1067
"53057951400","tract",2019,"transportation_state_rnk",44.1011
"53057951500","tract",2019,"transportation_state_rnk",31.25
"53057951600","tract",2019,"transportation_state_rnk",1.3343
"53057951700","tract",2019,"transportation_state_rnk",29.8104
"53057951800","tract",2019,"transportation_state_rnk",33.6376
"53057951900","tract",2019,"transportation_state_rnk",0.9831
"53057952100","tract",2019,"transportation_state_rnk",16.7135
"53057952200","tract",2019,"transportation_state_rnk",51.6152
"53057952301","tract",2019,"transportation_state_rnk",42.8371
"53057952302","tract",2019,"transportation_state_rnk",19.4874
"53057952401","tract",2019,"transportation_state_rnk",45.927
"53057952402","tract",2019,"transportation_state_rnk",37.9916
"53057952500","tract",2019,"transportation_state_rnk",55.0211
"53057952600","tract",2019,"transportation_state_rnk",18.0829
"53057952700","tract",2019,"transportation_state_rnk",8.0758
"53057990100","tract",2019,"transportation_state_rnk",NA
"53059950100","tract",2019,"transportation_state_rnk",0
"53059950200","tract",2019,"transportation_state_rnk",24.9298
"53059950300","tract",2019,"transportation_state_rnk",23.2795
"53059950400","tract",2019,"transportation_state_rnk",4.7753
"53059950500","tract",2019,"transportation_state_rnk",21.3834
"53061040100","tract",2019,"transportation_state_rnk",93.9607
"53061040200","tract",2019,"transportation_state_rnk",82.2331
"53061040300","tract",2019,"transportation_state_rnk",86.0253
"53061040400","tract",2019,"transportation_state_rnk",95.4354
"53061040500","tract",2019,"transportation_state_rnk",79.389
"53061040700","tract",2019,"transportation_state_rnk",96.2079
"53061040800","tract",2019,"transportation_state_rnk",82.9354
"53061040900","tract",2019,"transportation_state_rnk",37.3596
"53061041000","tract",2019,"transportation_state_rnk",88.4129
"53061041100","tract",2019,"transportation_state_rnk",78.6517
"53061041201","tract",2019,"transportation_state_rnk",64.4312
"53061041202","tract",2019,"transportation_state_rnk",74.0169
"53061041301","tract",2019,"transportation_state_rnk",68.9958
"53061041303","tract",2019,"transportation_state_rnk",66.3272
"53061041304","tract",2019,"transportation_state_rnk",9.691
"53061041400","tract",2019,"transportation_state_rnk",82.7247
"53061041500","tract",2019,"transportation_state_rnk",19.7683
"53061041601","tract",2019,"transportation_state_rnk",66.0112
"53061041605","tract",2019,"transportation_state_rnk",65.5197
"53061041606","tract",2019,"transportation_state_rnk",77.2472
"53061041607","tract",2019,"transportation_state_rnk",62.1489
"53061041608","tract",2019,"transportation_state_rnk",60.4986
"53061041701","tract",2019,"transportation_state_rnk",79.2837
"53061041703","tract",2019,"transportation_state_rnk",45.6461
"53061041704","tract",2019,"transportation_state_rnk",41.8539
"53061041805","tract",2019,"transportation_state_rnk",80.9691
"53061041806","tract",2019,"transportation_state_rnk",69.9438
"53061041808","tract",2019,"transportation_state_rnk",76.4045
"53061041809","tract",2019,"transportation_state_rnk",79.7753
"53061041810","tract",2019,"transportation_state_rnk",79.9157
"53061041811","tract",2019,"transportation_state_rnk",74.0871
"53061041812","tract",2019,"transportation_state_rnk",84.375
"53061041901","tract",2019,"transportation_state_rnk",73.7711
"53061041903","tract",2019,"transportation_state_rnk",84.059
"53061041904","tract",2019,"transportation_state_rnk",87.4298
"53061041905","tract",2019,"transportation_state_rnk",67.1699
"53061042001","tract",2019,"transportation_state_rnk",74.2978
"53061042003","tract",2019,"transportation_state_rnk",66.3272
"53061042004","tract",2019,"transportation_state_rnk",68.3287
"53061042005","tract",2019,"transportation_state_rnk",20.1896
"53061042006","tract",2019,"transportation_state_rnk",81.1798
"53061050101","tract",2019,"transportation_state_rnk",73.5955
"53061050102","tract",2019,"transportation_state_rnk",54.1081
"53061050200","tract",2019,"transportation_state_rnk",25.2809
"53061050300","tract",2019,"transportation_state_rnk",76.9663
"53061050401","tract",2019,"transportation_state_rnk",79.1433
"53061050402","tract",2019,"transportation_state_rnk",85.007
"53061050500","tract",2019,"transportation_state_rnk",85.9199
"53061050600","tract",2019,"transportation_state_rnk",27.177
"53061050700","tract",2019,"transportation_state_rnk",63.0618
"53061050800","tract",2019,"transportation_state_rnk",79.8455
"53061050900","tract",2019,"transportation_state_rnk",59.1292
"53061051000","tract",2019,"transportation_state_rnk",89.7121
"53061051100","tract",2019,"transportation_state_rnk",87.9916
"53061051200","tract",2019,"transportation_state_rnk",87.2191
"53061051300","tract",2019,"transportation_state_rnk",73.9115
"53061051400","tract",2019,"transportation_state_rnk",91.9944
"53061051500","tract",2019,"transportation_state_rnk",89.8876
"53061051601","tract",2019,"transportation_state_rnk",76.7205
"53061051602","tract",2019,"transportation_state_rnk",82.5843
"53061051701","tract",2019,"transportation_state_rnk",83.9185
"53061051702","tract",2019,"transportation_state_rnk",86.1306
"53061051802","tract",2019,"transportation_state_rnk",47.507
"53061051803","tract",2019,"transportation_state_rnk",87.8511
"53061051804","tract",2019,"transportation_state_rnk",81.1096
"53061051905","tract",2019,"transportation_state_rnk",76.7205
"53061051912","tract",2019,"transportation_state_rnk",24.2978
"53061051913","tract",2019,"transportation_state_rnk",63.2022
"53061051914","tract",2019,"transportation_state_rnk",74.5787
"53061051915","tract",2019,"transportation_state_rnk",72.4017
"53061051916","tract",2019,"transportation_state_rnk",75.5618
"53061051917","tract",2019,"transportation_state_rnk",72.7879
"53061051918","tract",2019,"transportation_state_rnk",73.7711
"53061051921","tract",2019,"transportation_state_rnk",78.3006
"53061051922","tract",2019,"transportation_state_rnk",79.4944
"53061051923","tract",2019,"transportation_state_rnk",82.1629
"53061051924","tract",2019,"transportation_state_rnk",80.2317
"53061051925","tract",2019,"transportation_state_rnk",87.0084
"53061051926","tract",2019,"transportation_state_rnk",75.7725
"53061051927","tract",2019,"transportation_state_rnk",69.8034
"53061051928","tract",2019,"transportation_state_rnk",85.323
"53061052003","tract",2019,"transportation_state_rnk",48.3146
"53061052004","tract",2019,"transportation_state_rnk",74.7542
"53061052005","tract",2019,"transportation_state_rnk",79.7051
"53061052006","tract",2019,"transportation_state_rnk",75
"53061052007","tract",2019,"transportation_state_rnk",78.9326
"53061052104","tract",2019,"transportation_state_rnk",31.9171
"53061052105","tract",2019,"transportation_state_rnk",20.7163
"53061052107","tract",2019,"transportation_state_rnk",29.0028
"53061052108","tract",2019,"transportation_state_rnk",57.2683
"53061052112","tract",2019,"transportation_state_rnk",21.8048
"53061052113","tract",2019,"transportation_state_rnk",14.9579
"53061052114","tract",2019,"transportation_state_rnk",24.2978
"53061052115","tract",2019,"transportation_state_rnk",72.1559
"53061052118","tract",2019,"transportation_state_rnk",29.2135
"53061052203","tract",2019,"transportation_state_rnk",21.1376
"53061052204","tract",2019,"transportation_state_rnk",62.9916
"53061052206","tract",2019,"transportation_state_rnk",10.1124
"53061052207","tract",2019,"transportation_state_rnk",16.5028
"53061052208","tract",2019,"transportation_state_rnk",76.3343
"53061052209","tract",2019,"transportation_state_rnk",NA
"53061052301","tract",2019,"transportation_state_rnk",9.0239
"53061052302","tract",2019,"transportation_state_rnk",19.2767
"53061052401","tract",2019,"transportation_state_rnk",31.4958
"53061052402","tract",2019,"transportation_state_rnk",33.8483
"53061052502","tract",2019,"transportation_state_rnk",17.3806
"53061052503","tract",2019,"transportation_state_rnk",16.6433
"53061052504","tract",2019,"transportation_state_rnk",16.8188
"53061052603","tract",2019,"transportation_state_rnk",34.5506
"53061052604","tract",2019,"transportation_state_rnk",14.4312
"53061052605","tract",2019,"transportation_state_rnk",35.8146
"53061052606","tract",2019,"transportation_state_rnk",22.0506
"53061052607","tract",2019,"transportation_state_rnk",6.4607
"53061052701","tract",2019,"transportation_state_rnk",7.9354
"53061052705","tract",2019,"transportation_state_rnk",17.6966
"53061052706","tract",2019,"transportation_state_rnk",13.2725
"53061052707","tract",2019,"transportation_state_rnk",24.7893
"53061052708","tract",2019,"transportation_state_rnk",30.1966
"53061052709","tract",2019,"transportation_state_rnk",3.9326
"53061052803","tract",2019,"transportation_state_rnk",13.6236
"53061052804","tract",2019,"transportation_state_rnk",7.6194
"53061052805","tract",2019,"transportation_state_rnk",25.5618
"53061052806","tract",2019,"transportation_state_rnk",7.0576
"53061052903","tract",2019,"transportation_state_rnk",39.6419
"53061052904","tract",2019,"transportation_state_rnk",26.7556
"53061052905","tract",2019,"transportation_state_rnk",44.8034
"53061052906","tract",2019,"transportation_state_rnk",26.9312
"53061053101","tract",2019,"transportation_state_rnk",21.3834
"53061053102","tract",2019,"transportation_state_rnk",10.1124
"53061053201","tract",2019,"transportation_state_rnk",12.5351
"53061053202","tract",2019,"transportation_state_rnk",3.0548
"53061053301","tract",2019,"transportation_state_rnk",14.7472
"53061053302","tract",2019,"transportation_state_rnk",11.9733
"53061053400","tract",2019,"transportation_state_rnk",2.1067
"53061053504","tract",2019,"transportation_state_rnk",35.1124
"53061053505","tract",2019,"transportation_state_rnk",13.8694
"53061053506","tract",2019,"transportation_state_rnk",12.5351
"53061053507","tract",2019,"transportation_state_rnk",20.8919
"53061053508","tract",2019,"transportation_state_rnk",2.9494
"53061053509","tract",2019,"transportation_state_rnk",17.5562
"53061053602","tract",2019,"transportation_state_rnk",22.3666
"53061053603","tract",2019,"transportation_state_rnk",15.0983
"53061053604","tract",2019,"transportation_state_rnk",37.2191
"53061053700","tract",2019,"transportation_state_rnk",18.1882
"53061053801","tract",2019,"transportation_state_rnk",20.1896
"53061053802","tract",2019,"transportation_state_rnk",27.809
"53061053803","tract",2019,"transportation_state_rnk",31.0393
"53061940001","tract",2019,"transportation_state_rnk",14.5365
"53061940002","tract",2019,"transportation_state_rnk",28.5112
"53061990002","tract",2019,"transportation_state_rnk",NA
"53061990100","tract",2019,"transportation_state_rnk",NA
"53063000200","tract",2019,"transportation_state_rnk",57.8652
"53063000300","tract",2019,"transportation_state_rnk",55.618
"53063000400","tract",2019,"transportation_state_rnk",54.1081
"53063000500","tract",2019,"transportation_state_rnk",41.0112
"53063000600","tract",2019,"transportation_state_rnk",48.4551
"53063000700","tract",2019,"transportation_state_rnk",42.5913
"53063000800","tract",2019,"transportation_state_rnk",15.5197
"53063000900","tract",2019,"transportation_state_rnk",43.4691
"53063001000","tract",2019,"transportation_state_rnk",51.7907
"53063001100","tract",2019,"transportation_state_rnk",36.5169
"53063001200","tract",2019,"transportation_state_rnk",39.2556
"53063001300","tract",2019,"transportation_state_rnk",58.1461
"53063001400","tract",2019,"transportation_state_rnk",47.3315
"53063001500","tract",2019,"transportation_state_rnk",41.1517
"53063001600","tract",2019,"transportation_state_rnk",55.3371
"53063001800","tract",2019,"transportation_state_rnk",55.934
"53063001900","tract",2019,"transportation_state_rnk",44.0309
"53063002000","tract",2019,"transportation_state_rnk",60.2528
"53063002100","tract",2019,"transportation_state_rnk",41.5028
"53063002300","tract",2019,"transportation_state_rnk",58.4621
"53063002400","tract",2019,"transportation_state_rnk",NA
"53063002500","tract",2019,"transportation_state_rnk",NA
"53063002600","tract",2019,"transportation_state_rnk",58.9185
"53063002900","tract",2019,"transportation_state_rnk",8.2514
"53063003000","tract",2019,"transportation_state_rnk",53.2303
"53063003100","tract",2019,"transportation_state_rnk",56.7416
"53063003200","tract",2019,"transportation_state_rnk",65.0281
"53063003500","tract",2019,"transportation_state_rnk",98.2444
"53063003600","tract",2019,"transportation_state_rnk",75.8427
"53063003800","tract",2019,"transportation_state_rnk",45.1896
"53063003900","tract",2019,"transportation_state_rnk",45.2949
"53063004000","tract",2019,"transportation_state_rnk",58.8483
"53063004100","tract",2019,"transportation_state_rnk",42.0295
"53063004200","tract",2019,"transportation_state_rnk",40.4143
"53063004300","tract",2019,"transportation_state_rnk",53.9326
"53063004400","tract",2019,"transportation_state_rnk",50.0702
"53063004500","tract",2019,"transportation_state_rnk",35.5688
"53063004601","tract",2019,"transportation_state_rnk",42.7669
"53063004602","tract",2019,"transportation_state_rnk",36.1657
"53063004700","tract",2019,"transportation_state_rnk",46.0323
"53063004800","tract",2019,"transportation_state_rnk",50.6671
"53063004900","tract",2019,"transportation_state_rnk",47.2612
"53063005000","tract",2019,"transportation_state_rnk",22.9284
"53063010100","tract",2019,"transportation_state_rnk",3.5463
"53063010201","tract",2019,"transportation_state_rnk",7.1629
"53063010202","tract",2019,"transportation_state_rnk",9.6208
"53063010301","tract",2019,"transportation_state_rnk",8.7781
"53063010303","tract",2019,"transportation_state_rnk",0.9129
"53063010304","tract",2019,"transportation_state_rnk",14.6067
"53063010305","tract",2019,"transportation_state_rnk",8.5674
"53063010401","tract",2019,"transportation_state_rnk",NA
"53063010402","tract",2019,"transportation_state_rnk",4.0028
"53063010501","tract",2019,"transportation_state_rnk",52.2823
"53063010503","tract",2019,"transportation_state_rnk",37.2893
"53063010504","tract",2019,"transportation_state_rnk",3.6517
"53063010601","tract",2019,"transportation_state_rnk",4.073
"53063010602","tract",2019,"transportation_state_rnk",36.7626
"53063010700","tract",2019,"transportation_state_rnk",9.8315
"53063010800","tract",2019,"transportation_state_rnk",55.7584
"53063010900","tract",2019,"transportation_state_rnk",49.8947
"53063011000","tract",2019,"transportation_state_rnk",45.6461
"53063011101","tract",2019,"transportation_state_rnk",62.8511
"53063011102","tract",2019,"transportation_state_rnk",61.2008
"53063011201","tract",2019,"transportation_state_rnk",54.2135
"53063011202","tract",2019,"transportation_state_rnk",36.9733
"53063011300","tract",2019,"transportation_state_rnk",10.1124
"53063011400","tract",2019,"transportation_state_rnk",3.7921
"53063011500","tract",2019,"transportation_state_rnk",50
"53063011600","tract",2019,"transportation_state_rnk",9.7612
"53063011701","tract",2019,"transportation_state_rnk",54.2837
"53063011702","tract",2019,"transportation_state_rnk",57.9354
"53063011800","tract",2019,"transportation_state_rnk",48.1039
"53063011900","tract",2019,"transportation_state_rnk",42.1348
"53063012000","tract",2019,"transportation_state_rnk",50.4916
"53063012100","tract",2019,"transportation_state_rnk",33.9888
"53063012200","tract",2019,"transportation_state_rnk",24.4733
"53063012300","tract",2019,"transportation_state_rnk",48.8062
"53063012401","tract",2019,"transportation_state_rnk",32.6896
"53063012402","tract",2019,"transportation_state_rnk",43.6096
"53063012500","tract",2019,"transportation_state_rnk",38.3427
"53063012600","tract",2019,"transportation_state_rnk",55.1264
"53063012701","tract",2019,"transportation_state_rnk",42.2753
"53063012702","tract",2019,"transportation_state_rnk",32.0927
"53063012801","tract",2019,"transportation_state_rnk",43.1882
"53063012802","tract",2019,"transportation_state_rnk",38.5534
"53063012901","tract",2019,"transportation_state_rnk",49.5435
"53063012902","tract",2019,"transportation_state_rnk",36.9733
"53063013000","tract",2019,"transportation_state_rnk",40.6601
"53063013100","tract",2019,"transportation_state_rnk",42.4157
"53063013201","tract",2019,"transportation_state_rnk",3.2303
"53063013202","tract",2019,"transportation_state_rnk",13.764
"53063013300","tract",2019,"transportation_state_rnk",4.9157
"53063013401","tract",2019,"transportation_state_rnk",1.0534
"53063013500","tract",2019,"transportation_state_rnk",5.9691
"53063013600","tract",2019,"transportation_state_rnk",7.7247
"53063013700","tract",2019,"transportation_state_rnk",33.7079
"53063013800","tract",2019,"transportation_state_rnk",0.0702
"53063013900","tract",2019,"transportation_state_rnk",1.6152
"53063014001","tract",2019,"transportation_state_rnk",66.2219
"53063014002","tract",2019,"transportation_state_rnk",34.375
"53063014100","tract",2019,"transportation_state_rnk",7.3736
"53063014200","tract",2019,"transportation_state_rnk",20.014
"53063014300","tract",2019,"transportation_state_rnk",18.6096
"53063014400","tract",2019,"transportation_state_rnk",33.8483
"53063014500","tract",2019,"transportation_state_rnk",75.4916
"53065941000","tract",2019,"transportation_state_rnk",30.5829
"53065950100","tract",2019,"transportation_state_rnk",11.6924
"53065950200","tract",2019,"transportation_state_rnk",1.9663
"53065950300","tract",2019,"transportation_state_rnk",54.5997
"53065950500","tract",2019,"transportation_state_rnk",40.2037
"53065950600","tract",2019,"transportation_state_rnk",1.8961
"53065950700","tract",2019,"transportation_state_rnk",47.1208
"53065950800","tract",2019,"transportation_state_rnk",26.6854
"53065950900","tract",2019,"transportation_state_rnk",25.9129
"53065951100","tract",2019,"transportation_state_rnk",35.7444
"53065951300","tract",2019,"transportation_state_rnk",28.7921
"53065951400","tract",2019,"transportation_state_rnk",6.1447
"53067010100","tract",2019,"transportation_state_rnk",67.5562
"53067010200","tract",2019,"transportation_state_rnk",49.368
"53067010300","tract",2019,"transportation_state_rnk",50.8427
"53067010400","tract",2019,"transportation_state_rnk",44.9789
"53067010510","tract",2019,"transportation_state_rnk",56.25
"53067010520","tract",2019,"transportation_state_rnk",56.882
"53067010600","tract",2019,"transportation_state_rnk",59.4803
"53067010700","tract",2019,"transportation_state_rnk",40.0281
"53067010800","tract",2019,"transportation_state_rnk",44.4522
"53067010910","tract",2019,"transportation_state_rnk",41.8539
"53067010920","tract",2019,"transportation_state_rnk",48.2444
"53067011000","tract",2019,"transportation_state_rnk",10.8848
"53067011100","tract",2019,"transportation_state_rnk",56.6713
"53067011200","tract",2019,"transportation_state_rnk",53.5815
"53067011300","tract",2019,"transportation_state_rnk",43.8553
"53067011410","tract",2019,"transportation_state_rnk",34.4803
"53067011420","tract",2019,"transportation_state_rnk",46.2781
"53067011500","tract",2019,"transportation_state_rnk",35.6742
"53067011610","tract",2019,"transportation_state_rnk",41.3272
"53067011621","tract",2019,"transportation_state_rnk",36.4115
"53067011622","tract",2019,"transportation_state_rnk",35.4284
"53067011623","tract",2019,"transportation_state_rnk",44.5576
"53067011624","tract",2019,"transportation_state_rnk",23.4551
"53067011710","tract",2019,"transportation_state_rnk",38.4831
"53067011720","tract",2019,"transportation_state_rnk",10.8146
"53067011810","tract",2019,"transportation_state_rnk",11.5169
"53067011821","tract",2019,"transportation_state_rnk",9.3399
"53067011822","tract",2019,"transportation_state_rnk",2.5281
"53067011900","tract",2019,"transportation_state_rnk",19.6278
"53067012000","tract",2019,"transportation_state_rnk",18.5393
"53067012100","tract",2019,"transportation_state_rnk",17.802
"53067012211","tract",2019,"transportation_state_rnk",9.9017
"53067012212","tract",2019,"transportation_state_rnk",58.2163
"53067012221","tract",2019,"transportation_state_rnk",34.9017
"53067012222","tract",2019,"transportation_state_rnk",37.9213
"53067012310","tract",2019,"transportation_state_rnk",27.2823
"53067012320","tract",2019,"transportation_state_rnk",33.3567
"53067012330","tract",2019,"transportation_state_rnk",27.9846
"53067012411","tract",2019,"transportation_state_rnk",17.2402
"53067012412","tract",2019,"transportation_state_rnk",10.2528
"53067012420","tract",2019,"transportation_state_rnk",10.4284
"53067012510","tract",2019,"transportation_state_rnk",36.4115
"53067012520","tract",2019,"transportation_state_rnk",22.4719
"53067012530","tract",2019,"transportation_state_rnk",31.3553
"53067012610","tract",2019,"transportation_state_rnk",17.2402
"53067012620","tract",2019,"transportation_state_rnk",8.8834
"53067012710","tract",2019,"transportation_state_rnk",1.264
"53067012720","tract",2019,"transportation_state_rnk",50.5618
"53067012730","tract",2019,"transportation_state_rnk",9.2697
"53067990100","tract",2019,"transportation_state_rnk",NA
"53069950100","tract",2019,"transportation_state_rnk",16.3624
"53071920000","tract",2019,"transportation_state_rnk",8.3919
"53071920100","tract",2019,"transportation_state_rnk",11.6924
"53071920200","tract",2019,"transportation_state_rnk",9.4452
"53071920300","tract",2019,"transportation_state_rnk",56.4607
"53071920400","tract",2019,"transportation_state_rnk",NA
"53071920500","tract",2019,"transportation_state_rnk",68.3989
"53071920600","tract",2019,"transportation_state_rnk",60.8848
"53071920701","tract",2019,"transportation_state_rnk",79.2135
"53071920702","tract",2019,"transportation_state_rnk",57.4438
"53071920801","tract",2019,"transportation_state_rnk",53.8624
"53071920802","tract",2019,"transportation_state_rnk",91.2921
"53071920900","tract",2019,"transportation_state_rnk",5.3371
"53073000100","tract",2019,"transportation_state_rnk",34.2697
"53073000200","tract",2019,"transportation_state_rnk",22.7528
"53073000300","tract",2019,"transportation_state_rnk",54.5997
"53073000400","tract",2019,"transportation_state_rnk",52.0365
"53073000501","tract",2019,"transportation_state_rnk",62.6404
"53073000502","tract",2019,"transportation_state_rnk",60.1826
"53073000600","tract",2019,"transportation_state_rnk",81.0393
"53073000700","tract",2019,"transportation_state_rnk",29.3539
"53073000803","tract",2019,"transportation_state_rnk",55.4775
"53073000804","tract",2019,"transportation_state_rnk",15.7654
"53073000805","tract",2019,"transportation_state_rnk",29.073
"53073000806","tract",2019,"transportation_state_rnk",20.611
"53073000901","tract",2019,"transportation_state_rnk",39.7472
"53073000902","tract",2019,"transportation_state_rnk",41.2219
"53073001000","tract",2019,"transportation_state_rnk",NA
"53073001100","tract",2019,"transportation_state_rnk",54.7753
"53073001201","tract",2019,"transportation_state_rnk",73.4199
"53073001202","tract",2019,"transportation_state_rnk",40.309
"53073010100","tract",2019,"transportation_state_rnk",25.4213
"53073010200","tract",2019,"transportation_state_rnk",1.6854
"53073010301","tract",2019,"transportation_state_rnk",3.0548
"53073010302","tract",2019,"transportation_state_rnk",27.7037
"53073010303","tract",2019,"transportation_state_rnk",21.2781
"53073010401","tract",2019,"transportation_state_rnk",10.9551
"53073010403","tract",2019,"transportation_state_rnk",11.1657
"53073010404","tract",2019,"transportation_state_rnk",5.7935
"53073010501","tract",2019,"transportation_state_rnk",23.736
"53073010502","tract",2019,"transportation_state_rnk",4.389
"53073010600","tract",2019,"transportation_state_rnk",1.4747
"53073010701","tract",2019,"transportation_state_rnk",14.7472
"53073010702","tract",2019,"transportation_state_rnk",12.4298
"53073010900","tract",2019,"transportation_state_rnk",29.4593
"53073011000","tract",2019,"transportation_state_rnk",46.3483
"53073940000","tract",2019,"transportation_state_rnk",16.1517
"53075000100","tract",2019,"transportation_state_rnk",NA
"53075000200","tract",2019,"transportation_state_rnk",56.5309
"53075000300","tract",2019,"transportation_state_rnk",51.1236
"53075000400","tract",2019,"transportation_state_rnk",64.5716
"53075000500","tract",2019,"transportation_state_rnk",NA
"53075000600","tract",2019,"transportation_state_rnk",83.7781
"53075000700","tract",2019,"transportation_state_rnk",32.5843
"53075000800","tract",2019,"transportation_state_rnk",52.1419
"53075000900","tract",2019,"transportation_state_rnk",26.2289
"53075001000","tract",2019,"transportation_state_rnk",17.3806
"53077000100","tract",2019,"transportation_state_rnk",NA
"53077000200","tract",2019,"transportation_state_rnk",48.9466
"53077000300","tract",2019,"transportation_state_rnk",58.7781
"53077000400","tract",2019,"transportation_state_rnk",12.9213
"53077000500","tract",2019,"transportation_state_rnk",30.2669
"53077000600","tract",2019,"transportation_state_rnk",36.7626
"53077000700","tract",2019,"transportation_state_rnk",51.9663
"53077000800","tract",2019,"transportation_state_rnk",41.573
"53077000901","tract",2019,"transportation_state_rnk",30.0562
"53077000902","tract",2019,"transportation_state_rnk",45.8216
"53077001000","tract",2019,"transportation_state_rnk",30.8638
"53077001100","tract",2019,"transportation_state_rnk",38.8343
"53077001201","tract",2019,"transportation_state_rnk",43.3989
"53077001202","tract",2019,"transportation_state_rnk",30.8638
"53077001300","tract",2019,"transportation_state_rnk",9.4452
"53077001400","tract",2019,"transportation_state_rnk",35.9199
"53077001501","tract",2019,"transportation_state_rnk",39.361
"53077001502","tract",2019,"transportation_state_rnk",52.6685
"53077001601","tract",2019,"transportation_state_rnk",1.4045
"53077001602","tract",2019,"transportation_state_rnk",5.5478
"53077001701","tract",2019,"transportation_state_rnk",3.5463
"53077001702","tract",2019,"transportation_state_rnk",0.3511
"53077001800","tract",2019,"transportation_state_rnk",0.7725
"53077001901","tract",2019,"transportation_state_rnk",7.8652
"53077001902","tract",2019,"transportation_state_rnk",11.3764
"53077002001","tract",2019,"transportation_state_rnk",2.7037
"53077002002","tract",2019,"transportation_state_rnk",6.5309
"53077002101","tract",2019,"transportation_state_rnk",0.5618
"53077002102","tract",2019,"transportation_state_rnk",6.3904
"53077002200","tract",2019,"transportation_state_rnk",3.3708
"53077002701","tract",2019,"transportation_state_rnk",18.3287
"53077002801","tract",2019,"transportation_state_rnk",6.6362
"53077002802","tract",2019,"transportation_state_rnk",4.2135
"53077002900","tract",2019,"transportation_state_rnk",7.3034
"53077003001","tract",2019,"transportation_state_rnk",15.2388
"53077003002","tract",2019,"transportation_state_rnk",4.1433
"53077003100","tract",2019,"transportation_state_rnk",11.9733
"53077003200","tract",2019,"transportation_state_rnk",19.7683
"53077003400","tract",2019,"transportation_state_rnk",1.7556
"53077940001","tract",2019,"transportation_state_rnk",5.0562
"53077940002","tract",2019,"transportation_state_rnk",1.1938
"53077940003","tract",2019,"transportation_state_rnk",2.4579
"53077940004","tract",2019,"transportation_state_rnk",15.3792
"53077940005","tract",2019,"transportation_state_rnk",8.7079
"53077940006","tract",2019,"transportation_state_rnk",3.3006
