"geoid","geolevel","year","level","value"
"19001960100","tract",2019,"transportation_score",90.54
"19001960200","tract",2019,"transportation_score",90.72
"19001960300","tract",2019,"transportation_score",88.89
"19003950100","tract",2019,"transportation_score",89.46
"19003950200","tract",2019,"transportation_score",89.84
"19005960100","tract",2019,"transportation_score",90.68
"19005960200","tract",2019,"transportation_score",90.09
"19005960300","tract",2019,"transportation_score",92.34
"19005960400","tract",2019,"transportation_score",92.38
"19005960500","tract",2019,"transportation_score",95.03
"19007950100","tract",2019,"transportation_score",88
"19007950200","tract",2019,"transportation_score",89.93
"19007950300","tract",2019,"transportation_score",92.11
"19007950400","tract",2019,"transportation_score",88.75
"19007950500","tract",2019,"transportation_score",90.51
"19009070100","tract",2019,"transportation_score",88.67
"19009070200","tract",2019,"transportation_score",91.16
"19009070300","tract",2019,"transportation_score",88.87
"19011960100","tract",2019,"transportation_score",85.06
"19011960200","tract",2019,"transportation_score",89.07
"19011960300","tract",2019,"transportation_score",91.4
"19011960400","tract",2019,"transportation_score",89
"19011960500","tract",2019,"transportation_score",87.96
"19011960600","tract",2019,"transportation_score",89.3
"19011960700","tract",2019,"transportation_score",89.2
"19013000100","tract",2019,"transportation_score",127.56
"19013000200","tract",2019,"transportation_score",107.12
"19013000300","tract",2019,"transportation_score",106.84
"19013000400","tract",2019,"transportation_score",100.12
"19013000500","tract",2019,"transportation_score",102.16
"19013000700","tract",2019,"transportation_score",106.84
"19013000800","tract",2019,"transportation_score",100.68
"19013000900","tract",2019,"transportation_score",95.34
"19013001000","tract",2019,"transportation_score",100.5
"19013001100","tract",2019,"transportation_score",98.38
"19013001200","tract",2019,"transportation_score",96.4
"19013001301","tract",2019,"transportation_score",103.2
"19013001302","tract",2019,"transportation_score",99.1
"19013001400","tract",2019,"transportation_score",97.59
"19013001501","tract",2019,"transportation_score",104.82
"19013001502","tract",2019,"transportation_score",97.68
"19013001503","tract",2019,"transportation_score",98.3
"19013001600","tract",2019,"transportation_score",103.23
"19013001701","tract",2019,"transportation_score",104.47
"19013001702","tract",2019,"transportation_score",95.86
"19013001800","tract",2019,"transportation_score",95.13
"19013001900","tract",2019,"transportation_score",104.16
"19013002000","tract",2019,"transportation_score",97.02
"19013002200","tract",2019,"transportation_score",101.64
"19013002301","tract",2019,"transportation_score",102.89
"19013002303","tract",2019,"transportation_score",NA
"19013002304","tract",2019,"transportation_score",102.81
"19013002400","tract",2019,"transportation_score",99.82
"19013002500","tract",2019,"transportation_score",99.42
"19013002601","tract",2019,"transportation_score",88.35
"19013002603","tract",2019,"transportation_score",98.15
"19013002604","tract",2019,"transportation_score",85.67
"19013002700","tract",2019,"transportation_score",87.15
"19013002800","tract",2019,"transportation_score",87.9
"19013002901","tract",2019,"transportation_score",84.52
"19013002902","tract",2019,"transportation_score",87.03
"19013003001","tract",2019,"transportation_score",87.97
"19013003002","tract",2019,"transportation_score",88.16
"19015020100","tract",2019,"transportation_score",87.62
"19015020200","tract",2019,"transportation_score",88.38
"19015020300","tract",2019,"transportation_score",90.95
"19015020400","tract",2019,"transportation_score",88.82
"19015020500","tract",2019,"transportation_score",89.05
"19015020600","tract",2019,"transportation_score",88.46
"19015020700","tract",2019,"transportation_score",89.1
"19017004000","tract",2019,"transportation_score",NA
"19017004100","tract",2019,"transportation_score",86.3
"19017004200","tract",2019,"transportation_score",90.38
"19017004300","tract",2019,"transportation_score",88.17
"19017004400","tract",2019,"transportation_score",88.67
"19017004500","tract",2019,"transportation_score",88.08
"19017004600","tract",2019,"transportation_score",88.45
"19017004700","tract",2019,"transportation_score",89.94
"19019950100","tract",2019,"transportation_score",91.21
"19019950200","tract",2019,"transportation_score",95.77
"19019950300","tract",2019,"transportation_score",90.84
"19019950400","tract",2019,"transportation_score",92.57
"19019950500","tract",2019,"transportation_score",90.89
"19019950600","tract",2019,"transportation_score",88.19
"19021960100","tract",2019,"transportation_score",90.61
"19021960200","tract",2019,"transportation_score",90.61
"19021960300","tract",2019,"transportation_score",89.11
"19021960400","tract",2019,"transportation_score",94.02
"19021960500","tract",2019,"transportation_score",99
"19021960600","tract",2019,"transportation_score",86.82
"19023070100","tract",2019,"transportation_score",88.72
"19023070200","tract",2019,"transportation_score",88.92
"19023070300","tract",2019,"transportation_score",90.33
"19023070400","tract",2019,"transportation_score",90.07
"19023070500","tract",2019,"transportation_score",86.69
"19025950100","tract",2019,"transportation_score",86.83
"19025950200","tract",2019,"transportation_score",87.14
"19025950300","tract",2019,"transportation_score",87.2
"19025950400","tract",2019,"transportation_score",89.82
"19027960100","tract",2019,"transportation_score",85.93
"19027960200","tract",2019,"transportation_score",87.47
"19027960300","tract",2019,"transportation_score",93.82
"19027960400","tract",2019,"transportation_score",96.33
"19027960500","tract",2019,"transportation_score",90.88
"19027960600","tract",2019,"transportation_score",89.36
"19029190100","tract",2019,"transportation_score",90.07
"19029190200","tract",2019,"transportation_score",88.91
"19029190300","tract",2019,"transportation_score",87.07
"19029190400","tract",2019,"transportation_score",92.46
"19029190500","tract",2019,"transportation_score",94.33
"19031450100","tract",2019,"transportation_score",90.07
"19031450200","tract",2019,"transportation_score",88.02
"19031450300","tract",2019,"transportation_score",91.12
"19031450400","tract",2019,"transportation_score",88.35
"19031450500","tract",2019,"transportation_score",88.61
"19033950102","tract",2019,"transportation_score",94.15
"19033950200","tract",2019,"transportation_score",94.93
"19033950300","tract",2019,"transportation_score",99.13
"19033950402","tract",2019,"transportation_score",97.24
"19033950600","tract",2019,"transportation_score",87.1
"19033950700","tract",2019,"transportation_score",88.44
"19033950800","tract",2019,"transportation_score",92.85
"19033950900","tract",2019,"transportation_score",89.64
"19033951000","tract",2019,"transportation_score",89.48
"19033951400","tract",2019,"transportation_score",87.33
"19033951600","tract",2019,"transportation_score",92.5
"19035080100","tract",2019,"transportation_score",91.81
"19035080200","tract",2019,"transportation_score",88.68
"19035080300","tract",2019,"transportation_score",91.11
"19035080400","tract",2019,"transportation_score",87.08
"19037070100","tract",2019,"transportation_score",87.43
"19037070200","tract",2019,"transportation_score",89.29
"19037070300","tract",2019,"transportation_score",90.5
"19037070400","tract",2019,"transportation_score",89.84
"19039960100","tract",2019,"transportation_score",91.47
"19039960200","tract",2019,"transportation_score",92.08
"19039960300","tract",2019,"transportation_score",87.39
"19041080100","tract",2019,"transportation_score",88.96
"19041080200","tract",2019,"transportation_score",99.69
"19041080300","tract",2019,"transportation_score",96.79
"19041080400","tract",2019,"transportation_score",88.12
"19043070100","tract",2019,"transportation_score",89.54
"19043070200","tract",2019,"transportation_score",90.18
"19043070300","tract",2019,"transportation_score",93.17
"19043070400","tract",2019,"transportation_score",90.09
"19043070500","tract",2019,"transportation_score",96.98
"19043070600","tract",2019,"transportation_score",89.24
"19045000100","tract",2019,"transportation_score",108.34
"19045000200","tract",2019,"transportation_score",99.01
"19045000300","tract",2019,"transportation_score",95.46
"19045000400","tract",2019,"transportation_score",90.89
"19045000500","tract",2019,"transportation_score",97.94
"19045000600","tract",2019,"transportation_score",98.56
"19045000700","tract",2019,"transportation_score",93.28
"19045000800","tract",2019,"transportation_score",89.13
"19045000900","tract",2019,"transportation_score",89.91
"19045001000","tract",2019,"transportation_score",87.79
"19045001100","tract",2019,"transportation_score",88.46
"19045001200","tract",2019,"transportation_score",88.32
"19047070100","tract",2019,"transportation_score",88.85
"19047070200","tract",2019,"transportation_score",88.49
"19047070300","tract",2019,"transportation_score",88.02
"19047070400","tract",2019,"transportation_score",90.34
"19047070500","tract",2019,"transportation_score",85.98
"19049050100","tract",2019,"transportation_score",86.55
"19049050200","tract",2019,"transportation_score",87.88
"19049050300","tract",2019,"transportation_score",90.56
"19049050400","tract",2019,"transportation_score",91.35
"19049050500","tract",2019,"transportation_score",85.68
"19049050600","tract",2019,"transportation_score",88.64
"19049050700","tract",2019,"transportation_score",91.34
"19049050803","tract",2019,"transportation_score",86.76
"19049050805","tract",2019,"transportation_score",86.11
"19049050807","tract",2019,"transportation_score",96.76
"19049050809","tract",2019,"transportation_score",88.66
"19049050811","tract",2019,"transportation_score",97.49
"19049050812","tract",2019,"transportation_score",87.57
"19049050901","tract",2019,"transportation_score",95.29
"19049050902","tract",2019,"transportation_score",88.24
"19051080100","tract",2019,"transportation_score",92.88
"19051080200","tract",2019,"transportation_score",100.92
"19053960100","tract",2019,"transportation_score",92.67
"19053960200","tract",2019,"transportation_score",101.08
"19053960300","tract",2019,"transportation_score",90.51
"19055950100","tract",2019,"transportation_score",90.07
"19055950200","tract",2019,"transportation_score",87.72
"19055950300","tract",2019,"transportation_score",87.67
"19055950400","tract",2019,"transportation_score",89.13
"19057000200","tract",2019,"transportation_score",95.28
"19057000300","tract",2019,"transportation_score",95.25
"19057000400","tract",2019,"transportation_score",101.11
"19057000500","tract",2019,"transportation_score",97.58
"19057000600","tract",2019,"transportation_score",94.52
"19057000700","tract",2019,"transportation_score",90.51
"19057000800","tract",2019,"transportation_score",91.51
"19057000900","tract",2019,"transportation_score",93.03
"19057001000","tract",2019,"transportation_score",87.95
"19057001100","tract",2019,"transportation_score",85.68
"19057001200","tract",2019,"transportation_score",86.75
"19059450200","tract",2019,"transportation_score",88.35
"19059450500","tract",2019,"transportation_score",90.94
"19059450800","tract",2019,"transportation_score",88.69
"19059451000","tract",2019,"transportation_score",88.4
"19059451100","tract",2019,"transportation_score",93.33
"19061000100","tract",2019,"transportation_score",110.05
"19061000300","tract",2019,"transportation_score",96.8
"19061000400","tract",2019,"transportation_score",96.48
"19061000500","tract",2019,"transportation_score",105.17
"19061000600","tract",2019,"transportation_score",95.2
"19061000701","tract",2019,"transportation_score",102.03
"19061000702","tract",2019,"transportation_score",99.8
"19061000801","tract",2019,"transportation_score",90.94
"19061000802","tract",2019,"transportation_score",93.15
"19061000900","tract",2019,"transportation_score",97.54
"19061001101","tract",2019,"transportation_score",97
"19061001102","tract",2019,"transportation_score",92.42
"19061001201","tract",2019,"transportation_score",97.47
"19061001202","tract",2019,"transportation_score",93.01
"19061001204","tract",2019,"transportation_score",93.99
"19061001205","tract",2019,"transportation_score",94.94
"19061010101","tract",2019,"transportation_score",88.79
"19061010103","tract",2019,"transportation_score",93.32
"19061010104","tract",2019,"transportation_score",86.48
"19061010105","tract",2019,"transportation_score",85.91
"19061010201","tract",2019,"transportation_score",87.66
"19061010202","tract",2019,"transportation_score",87.76
"19061010300","tract",2019,"transportation_score",89.08
"19061010400","tract",2019,"transportation_score",89.81
"19061010500","tract",2019,"transportation_score",88.96
"19061010600","tract",2019,"transportation_score",90.51
"19063070100","tract",2019,"transportation_score",87.88
"19063070200","tract",2019,"transportation_score",87.69
"19063070300","tract",2019,"transportation_score",91.7
"19063070400","tract",2019,"transportation_score",89.7
"19065080100","tract",2019,"transportation_score",92.28
"19065080200","tract",2019,"transportation_score",92.38
"19065080300","tract",2019,"transportation_score",87.36
"19065080400","tract",2019,"transportation_score",88.91
"19065080500","tract",2019,"transportation_score",93.3
"19065080600","tract",2019,"transportation_score",91.47
"19065080700","tract",2019,"transportation_score",88.68
"19067480100","tract",2019,"transportation_score",93.86
"19067480200","tract",2019,"transportation_score",91.18
"19067480300","tract",2019,"transportation_score",91.18
"19067480400","tract",2019,"transportation_score",92.12
"19067480500","tract",2019,"transportation_score",94.93
"19069360100","tract",2019,"transportation_score",88.8
"19069360200","tract",2019,"transportation_score",90.91
"19069360300","tract",2019,"transportation_score",89.64
"19071970100","tract",2019,"transportation_score",90.6
"19071970200","tract",2019,"transportation_score",89.07
"19071970300","tract",2019,"transportation_score",88.89
"19073080100","tract",2019,"transportation_score",89.46
"19073080200","tract",2019,"transportation_score",89.84
"19073080300","tract",2019,"transportation_score",90.27
"19073080500","tract",2019,"transportation_score",88.47
"19075960100","tract",2019,"transportation_score",88.61
"19075960200","tract",2019,"transportation_score",87.73
"19075960300","tract",2019,"transportation_score",90.18
"19075960400","tract",2019,"transportation_score",89.66
"19077950100","tract",2019,"transportation_score",91.05
"19077950200","tract",2019,"transportation_score",89.01
"19077950300","tract",2019,"transportation_score",89.57
"19079960100","tract",2019,"transportation_score",88.88
"19079960200","tract",2019,"transportation_score",89.23
"19079960300","tract",2019,"transportation_score",87.93
"19079960400","tract",2019,"transportation_score",90.7
"19079960500","tract",2019,"transportation_score",89.62
"19081270100","tract",2019,"transportation_score",87.1
"19081270200","tract",2019,"transportation_score",90.92
"19081270300","tract",2019,"transportation_score",88.97
"19081270400","tract",2019,"transportation_score",91.07
"19083480100","tract",2019,"transportation_score",89.84
"19083480200","tract",2019,"transportation_score",90.34
"19083480300","tract",2019,"transportation_score",88.84
"19083480400","tract",2019,"transportation_score",89.88
"19083480500","tract",2019,"transportation_score",88.72
"19083480600","tract",2019,"transportation_score",90.85
"19085290100","tract",2019,"transportation_score",89.94
"19085290200","tract",2019,"transportation_score",91.31
"19085290300","tract",2019,"transportation_score",88.88
"19085290400","tract",2019,"transportation_score",95.66
"19085290500","tract",2019,"transportation_score",88.44
"19087970100","tract",2019,"transportation_score",87.18
"19087970200","tract",2019,"transportation_score",85.94
"19087970300","tract",2019,"transportation_score",90.42
"19087970400","tract",2019,"transportation_score",91.61
"19087970500","tract",2019,"transportation_score",88.06
"19089960100","tract",2019,"transportation_score",93.8
"19089960200","tract",2019,"transportation_score",90.31
"19089960300","tract",2019,"transportation_score",92.93
"19091970100","tract",2019,"transportation_score",88.23
"19091970200","tract",2019,"transportation_score",88.97
"19091970300","tract",2019,"transportation_score",88.53
"19091970400","tract",2019,"transportation_score",90.09
"19093090100","tract",2019,"transportation_score",91.13
"19093090200","tract",2019,"transportation_score",90.53
"19093090300","tract",2019,"transportation_score",91.69
"19095960100","tract",2019,"transportation_score",88.66
"19095960200","tract",2019,"transportation_score",88.35
"19095960300","tract",2019,"transportation_score",91.63
"19095960400","tract",2019,"transportation_score",91.32
"19097950100","tract",2019,"transportation_score",88.34
"19097950200","tract",2019,"transportation_score",89.64
"19097950300","tract",2019,"transportation_score",86.63
"19097950400","tract",2019,"transportation_score",90.4
"19097950500","tract",2019,"transportation_score",91.57
"19097950600","tract",2019,"transportation_score",91.01
"19099040100","tract",2019,"transportation_score",87.86
"19099040200","tract",2019,"transportation_score",87.16
"19099040300","tract",2019,"transportation_score",93.32
"19099040400","tract",2019,"transportation_score",92.13
"19099040500","tract",2019,"transportation_score",99.33
"19099040600","tract",2019,"transportation_score",88.32
"19099040700","tract",2019,"transportation_score",88.48
"19099040800","tract",2019,"transportation_score",89.42
"19099040900","tract",2019,"transportation_score",89.83
"19101090100","tract",2019,"transportation_score",88.72
"19101090200","tract",2019,"transportation_score",89.39
"19101090300","tract",2019,"transportation_score",101.51
"19101090400","tract",2019,"transportation_score",94.58
"19103000100","tract",2019,"transportation_score",112.09
"19103000200","tract",2019,"transportation_score",115.42
"19103000301","tract",2019,"transportation_score",90.96
"19103000302","tract",2019,"transportation_score",111.92
"19103000400","tract",2019,"transportation_score",98.15
"19103000500","tract",2019,"transportation_score",116.24
"19103000600","tract",2019,"transportation_score",121.95
"19103001100","tract",2019,"transportation_score",129.22
"19103001200","tract",2019,"transportation_score",114.03
"19103001300","tract",2019,"transportation_score",103.71
"19103001400","tract",2019,"transportation_score",109.3
"19103001500","tract",2019,"transportation_score",97.01
"19103001600","tract",2019,"transportation_score",121.7
"19103001700","tract",2019,"transportation_score",107.77
"19103001801","tract",2019,"transportation_score",104.92
"19103001802","tract",2019,"transportation_score",108.23
"19103002100","tract",2019,"transportation_score",NA
"19103002300","tract",2019,"transportation_score",NA
"19103010100","tract",2019,"transportation_score",87.98
"19103010200","tract",2019,"transportation_score",85
"19103010301","tract",2019,"transportation_score",88.85
"19103010302","tract",2019,"transportation_score",89.08
"19103010400","tract",2019,"transportation_score",96.82
"19103010500","tract",2019,"transportation_score",92.22
"19105070100","tract",2019,"transportation_score",88.93
"19105070300","tract",2019,"transportation_score",93
"19105070400","tract",2019,"transportation_score",92.56
"19105070500","tract",2019,"transportation_score",90.35
"19105070600","tract",2019,"transportation_score",92.91
"19107080100","tract",2019,"transportation_score",88.44
"19107080200","tract",2019,"transportation_score",91.04
"19107080300","tract",2019,"transportation_score",93
"19107080400","tract",2019,"transportation_score",89.38
"19109950100","tract",2019,"transportation_score",92.53
"19109950200","tract",2019,"transportation_score",89.17
"19109950300","tract",2019,"transportation_score",91.82
"19109950400","tract",2019,"transportation_score",89.92
"19109950500","tract",2019,"transportation_score",88.86
"19109950600","tract",2019,"transportation_score",88.45
"19111490100","tract",2019,"transportation_score",85.98
"19111490200","tract",2019,"transportation_score",90.33
"19111490300","tract",2019,"transportation_score",87.86
"19111490400","tract",2019,"transportation_score",88.93
"19111490500","tract",2019,"transportation_score",86.2
"19111490600","tract",2019,"transportation_score",87.44
"19111490700","tract",2019,"transportation_score",88.43
"19111490800","tract",2019,"transportation_score",95.26
"19111490900","tract",2019,"transportation_score",94.58
"19111491000","tract",2019,"transportation_score",91
"19111491100","tract",2019,"transportation_score",91.08
"19113000100","tract",2019,"transportation_score",90.18
"19113000201","tract",2019,"transportation_score",91.61
"19113000203","tract",2019,"transportation_score",89.67
"19113000205","tract",2019,"transportation_score",86.18
"19113000206","tract",2019,"transportation_score",87.21
"19113000207","tract",2019,"transportation_score",96.24
"19113000300","tract",2019,"transportation_score",91.69
"19113000400","tract",2019,"transportation_score",89.84
"19113000500","tract",2019,"transportation_score",89.99
"19113000600","tract",2019,"transportation_score",90.54
"19113000700","tract",2019,"transportation_score",92.53
"19113000800","tract",2019,"transportation_score",90.63
"19113000901","tract",2019,"transportation_score",90.3
"19113000902","tract",2019,"transportation_score",88.7
"19113001001","tract",2019,"transportation_score",88.88
"19113001002","tract",2019,"transportation_score",90.49
"19113001003","tract",2019,"transportation_score",94.31
"19113001101","tract",2019,"transportation_score",91.32
"19113001102","tract",2019,"transportation_score",89.75
"19113001200","tract",2019,"transportation_score",89.83
"19113001300","tract",2019,"transportation_score",98.35
"19113001400","tract",2019,"transportation_score",95.93
"19113001500","tract",2019,"transportation_score",89.52
"19113001600","tract",2019,"transportation_score",91.57
"19113001700","tract",2019,"transportation_score",92.26
"19113001800","tract",2019,"transportation_score",96.15
"19113001900","tract",2019,"transportation_score",NA
"19113002200","tract",2019,"transportation_score",95.68
"19113002300","tract",2019,"transportation_score",91.21
"19113002400","tract",2019,"transportation_score",93.25
"19113002500","tract",2019,"transportation_score",91.51
"19113002600","tract",2019,"transportation_score",90.25
"19113002700","tract",2019,"transportation_score",98.29
"19113002800","tract",2019,"transportation_score",92.76
"19113002900","tract",2019,"transportation_score",91.5
"19113003001","tract",2019,"transportation_score",91.65
"19113003002","tract",2019,"transportation_score",92.43
"19113010100","tract",2019,"transportation_score",88.27
"19113010200","tract",2019,"transportation_score",86.31
"19113010300","tract",2019,"transportation_score",88.7
"19113010400","tract",2019,"transportation_score",87.15
"19113010500","tract",2019,"transportation_score",86.29
"19113010600","tract",2019,"transportation_score",86.7
"19113010700","tract",2019,"transportation_score",87.54
"19113010800","tract",2019,"transportation_score",93.89
"19115450100","tract",2019,"transportation_score",88.79
"19115450200","tract",2019,"transportation_score",91.53
"19115450300","tract",2019,"transportation_score",88.1
"19117950100","tract",2019,"transportation_score",90.27
"19117950200","tract",2019,"transportation_score",91.11
"19117950300","tract",2019,"transportation_score",90.32
"19117950400","tract",2019,"transportation_score",87.73
"19119950100","tract",2019,"transportation_score",87.59
"19119950200","tract",2019,"transportation_score",89.5
"19119950300","tract",2019,"transportation_score",88.91
"19121060100","tract",2019,"transportation_score",88.52
"19121060200","tract",2019,"transportation_score",94.52
"19121060300","tract",2019,"transportation_score",89.55
"19123950100","tract",2019,"transportation_score",92.38
"19123950200","tract",2019,"transportation_score",87.84
"19123950300","tract",2019,"transportation_score",87.8
"19123950400","tract",2019,"transportation_score",87.92
"19123950500","tract",2019,"transportation_score",92.1
"19123950600","tract",2019,"transportation_score",97.8
"19123950700","tract",2019,"transportation_score",92.46
"19125030100","tract",2019,"transportation_score",87.41
"19125030200","tract",2019,"transportation_score",90.38
"19125030300","tract",2019,"transportation_score",NA
"19125030401","tract",2019,"transportation_score",88.62
"19125030402","tract",2019,"transportation_score",91.38
"19125030500","tract",2019,"transportation_score",90.71
"19125030600","tract",2019,"transportation_score",92.99
"19125030700","tract",2019,"transportation_score",89.16
"19127950100","tract",2019,"transportation_score",87.44
"19127950200","tract",2019,"transportation_score",88.36
"19127950300","tract",2019,"transportation_score",88.07
"19127950400","tract",2019,"transportation_score",87.11
"19127950500","tract",2019,"transportation_score",101.34
"19127950600","tract",2019,"transportation_score",100.25
"19127950700","tract",2019,"transportation_score",94.79
"19127950800","tract",2019,"transportation_score",92.81
"19127950900","tract",2019,"transportation_score",99.33
"19127951000","tract",2019,"transportation_score",91.66
"19129040100","tract",2019,"transportation_score",89.13
"19129040201","tract",2019,"transportation_score",89.14
"19129040202","tract",2019,"transportation_score",87.02
"19129040301","tract",2019,"transportation_score",87.77
"19129040302","tract",2019,"transportation_score",91.42
"19131560100","tract",2019,"transportation_score",94.14
"19131560200","tract",2019,"transportation_score",91.06
"19131560300","tract",2019,"transportation_score",89.19
"19133960100","tract",2019,"transportation_score",90.21
"19133960200","tract",2019,"transportation_score",88.68
"19133960300","tract",2019,"transportation_score",91.88
"19133960400","tract",2019,"transportation_score",89.38
"19135070100","tract",2019,"transportation_score",89.21
"19135070200","tract",2019,"transportation_score",92.91
"19135070300","tract",2019,"transportation_score",88.48
"19137960100","tract",2019,"transportation_score",89.48
"19137960200","tract",2019,"transportation_score",87.71
"19137960300","tract",2019,"transportation_score",90
"19137960400","tract",2019,"transportation_score",89.22
"19139050100","tract",2019,"transportation_score",86.19
"19139050200","tract",2019,"transportation_score",88.01
"19139050300","tract",2019,"transportation_score",89.67
"19139050400","tract",2019,"transportation_score",86.92
"19139050500","tract",2019,"transportation_score",91.9
"19139050600","tract",2019,"transportation_score",91.98
"19139050700","tract",2019,"transportation_score",92.37
"19139050800","tract",2019,"transportation_score",92.69
"19139050900","tract",2019,"transportation_score",98.28
"19139051000","tract",2019,"transportation_score",90.03
"19141490100","tract",2019,"transportation_score",90.45
"19141490200","tract",2019,"transportation_score",89.27
"19141490300","tract",2019,"transportation_score",97.54
"19141490400","tract",2019,"transportation_score",89.76
"19143460100","tract",2019,"transportation_score",93.02
"19143460200","tract",2019,"transportation_score",88.95
"19145490100","tract",2019,"transportation_score",86.64
"19145490200","tract",2019,"transportation_score",95.32
"19145490300","tract",2019,"transportation_score",91.86
"19145490400","tract",2019,"transportation_score",90.2
"19145490500","tract",2019,"transportation_score",88.52
"19145490600","tract",2019,"transportation_score",89.98
"19147960100","tract",2019,"transportation_score",90.03
"19147960200","tract",2019,"transportation_score",90.48
"19147960300","tract",2019,"transportation_score",89.97
"19147960400","tract",2019,"transportation_score",89.3
"19149970100","tract",2019,"transportation_score",86.77
"19149970200","tract",2019,"transportation_score",94.65
"19149970300","tract",2019,"transportation_score",91.74
"19149970400","tract",2019,"transportation_score",91.06
"19149970500","tract",2019,"transportation_score",89.83
"19149970600","tract",2019,"transportation_score",87.75
"19151780100","tract",2019,"transportation_score",92.13
"19151780200","tract",2019,"transportation_score",91.6
"19151780300","tract",2019,"transportation_score",91.55
"19153000101","tract",2019,"transportation_score",99.11
"19153000102","tract",2019,"transportation_score",96.22
"19153000103","tract",2019,"transportation_score",96.96
"19153000201","tract",2019,"transportation_score",96.07
"19153000202","tract",2019,"transportation_score",97.25
"19153000300","tract",2019,"transportation_score",90.69
"19153000400","tract",2019,"transportation_score",100.68
"19153000500","tract",2019,"transportation_score",100.17
"19153000600","tract",2019,"transportation_score",97.27
"19153000701","tract",2019,"transportation_score",101.03
"19153000702","tract",2019,"transportation_score",97.67
"19153000703","tract",2019,"transportation_score",102.62
"19153000704","tract",2019,"transportation_score",97.05
"19153000801","tract",2019,"transportation_score",99.72
"19153000802","tract",2019,"transportation_score",99.05
"19153000803","tract",2019,"transportation_score",99.55
"19153000901","tract",2019,"transportation_score",99.1
"19153000902","tract",2019,"transportation_score",96.66
"19153001000","tract",2019,"transportation_score",102.67
"19153001100","tract",2019,"transportation_score",103.63
"19153001200","tract",2019,"transportation_score",102.44
"19153001500","tract",2019,"transportation_score",97.09
"19153001700","tract",2019,"transportation_score",101.87
"19153001800","tract",2019,"transportation_score",97.49
"19153001900","tract",2019,"transportation_score",99.92
"19153002100","tract",2019,"transportation_score",100.13
"19153002600","tract",2019,"transportation_score",97.53
"19153002700","tract",2019,"transportation_score",97.45
"19153002800","tract",2019,"transportation_score",100.26
"19153002900","tract",2019,"transportation_score",105.06
"19153003001","tract",2019,"transportation_score",87.89
"19153003002","tract",2019,"transportation_score",96.55
"19153003100","tract",2019,"transportation_score",98.6
"19153003200","tract",2019,"transportation_score",97.92
"19153003901","tract",2019,"transportation_score",100.18
"19153003902","tract",2019,"transportation_score",97.64
"19153004001","tract",2019,"transportation_score",91.1
"19153004004","tract",2019,"transportation_score",94.39
"19153004100","tract",2019,"transportation_score",97.75
"19153004200","tract",2019,"transportation_score",91.51
"19153004300","tract",2019,"transportation_score",98.72
"19153004400","tract",2019,"transportation_score",101.74
"19153004501","tract",2019,"transportation_score",101.17
"19153004502","tract",2019,"transportation_score",100.22
"19153004602","tract",2019,"transportation_score",100.63
"19153004603","tract",2019,"transportation_score",99.04
"19153004701","tract",2019,"transportation_score",98.41
"19153004702","tract",2019,"transportation_score",101.09
"19153004800","tract",2019,"transportation_score",103.17
"19153004900","tract",2019,"transportation_score",95.39
"19153005000","tract",2019,"transportation_score",104.37
"19153005100","tract",2019,"transportation_score",117.09
"19153005200","tract",2019,"transportation_score",105.37
"19153005300","tract",2019,"transportation_score",98.39
"19153010101","tract",2019,"transportation_score",85.23
"19153010102","tract",2019,"transportation_score",88.27
"19153010203","tract",2019,"transportation_score",86.78
"19153010205","tract",2019,"transportation_score",89.64
"19153010207","tract",2019,"transportation_score",97.32
"19153010208","tract",2019,"transportation_score",96.77
"19153010209","tract",2019,"transportation_score",100.63
"19153010211","tract",2019,"transportation_score",98.46
"19153010212","tract",2019,"transportation_score",96.76
"19153010404","tract",2019,"transportation_score",96.36
"19153010405","tract",2019,"transportation_score",97.33
"19153010406","tract",2019,"transportation_score",97.65
"19153010407","tract",2019,"transportation_score",94.62
"19153010408","tract",2019,"transportation_score",97.66
"19153010409","tract",2019,"transportation_score",95.64
"19153010500","tract",2019,"transportation_score",95.5
"19153010600","tract",2019,"transportation_score",87.31
"19153010702","tract",2019,"transportation_score",89.13
"19153010703","tract",2019,"transportation_score",96.58
"19153010705","tract",2019,"transportation_score",97.39
"19153010706","tract",2019,"transportation_score",88.37
"19153010802","tract",2019,"transportation_score",88.37
"19153010803","tract",2019,"transportation_score",98.99
"19153010804","tract",2019,"transportation_score",87.67
"19153011001","tract",2019,"transportation_score",99.09
"19153011021","tract",2019,"transportation_score",95.47
"19153011025","tract",2019,"transportation_score",96.2
"19153011026","tract",2019,"transportation_score",95.2
"19153011027","tract",2019,"transportation_score",95.03
"19153011028","tract",2019,"transportation_score",97.85
"19153011111","tract",2019,"transportation_score",99.63
"19153011112","tract",2019,"transportation_score",95.52
"19153011113","tract",2019,"transportation_score",94.54
"19153011114","tract",2019,"transportation_score",101.23
"19153011201","tract",2019,"transportation_score",88.73
"19153011203","tract",2019,"transportation_score",94.98
"19153011205","tract",2019,"transportation_score",100.12
"19153011206","tract",2019,"transportation_score",96.72
"19153011300","tract",2019,"transportation_score",98.11
"19153011404","tract",2019,"transportation_score",88.57
"19153011500","tract",2019,"transportation_score",85.35
"19153011600","tract",2019,"transportation_score",NA
"19153011701","tract",2019,"transportation_score",88.14
"19153011702","tract",2019,"transportation_score",98.29
"19155021200","tract",2019,"transportation_score",91.98
"19155021400","tract",2019,"transportation_score",86.41
"19155021501","tract",2019,"transportation_score",89.65
"19155021502","tract",2019,"transportation_score",90.04
"19155021602","tract",2019,"transportation_score",89
"19155021603","tract",2019,"transportation_score",86.61
"19155021701","tract",2019,"transportation_score",89.05
"19155021702","tract",2019,"transportation_score",87.82
"19155030100","tract",2019,"transportation_score",93.82
"19155030200","tract",2019,"transportation_score",98.55
"19155030300","tract",2019,"transportation_score",92.48
"19155030401","tract",2019,"transportation_score",95.4
"19155030402","tract",2019,"transportation_score",94.42
"19155030501","tract",2019,"transportation_score",95.95
"19155030502","tract",2019,"transportation_score",90.91
"19155030601","tract",2019,"transportation_score",93.37
"19155030602","tract",2019,"transportation_score",100.59
"19155030700","tract",2019,"transportation_score",95.95
"19155030800","tract",2019,"transportation_score",94.75
"19155030900","tract",2019,"transportation_score",103.56
"19155031000","tract",2019,"transportation_score",94.42
"19155031100","tract",2019,"transportation_score",92.32
"19155031200","tract",2019,"transportation_score",94.72
"19155031300","tract",2019,"transportation_score",91.05
"19155031400","tract",2019,"transportation_score",93.78
"19155031601","tract",2019,"transportation_score",86.8
"19155031602","tract",2019,"transportation_score",92.31
"19155031700","tract",2019,"transportation_score",92.51
"19155031800","tract",2019,"transportation_score",94.74
"19155031900","tract",2019,"transportation_score",88.16
"19157370100","tract",2019,"transportation_score",88.53
"19157370200","tract",2019,"transportation_score",87.91
"19157370300","tract",2019,"transportation_score",107.48
"19157370400","tract",2019,"transportation_score",93.68
"19157370500","tract",2019,"transportation_score",86.51
"19159950100","tract",2019,"transportation_score",88.96
"19159950200","tract",2019,"transportation_score",88.03
"19161080100","tract",2019,"transportation_score",88.39
"19161080200","tract",2019,"transportation_score",88.15
"19161080300","tract",2019,"transportation_score",88.91
"19161080400","tract",2019,"transportation_score",88.78
"19163010101","tract",2019,"transportation_score",85.26
"19163010102","tract",2019,"transportation_score",94.99
"19163010201","tract",2019,"transportation_score",86.62
"19163010202","tract",2019,"transportation_score",85.5
"19163010300","tract",2019,"transportation_score",87.82
"19163010401","tract",2019,"transportation_score",87.79
"19163010402","tract",2019,"transportation_score",86.35
"19163010600","tract",2019,"transportation_score",103.83
"19163010700","tract",2019,"transportation_score",92.38
"19163010800","tract",2019,"transportation_score",97.37
"19163010900","tract",2019,"transportation_score",106.19
"19163011000","tract",2019,"transportation_score",94.63
"19163011100","tract",2019,"transportation_score",93.99
"19163011200","tract",2019,"transportation_score",99.14
"19163011300","tract",2019,"transportation_score",106.9
"19163011400","tract",2019,"transportation_score",98.65
"19163011500","tract",2019,"transportation_score",96.65
"19163011600","tract",2019,"transportation_score",93.09
"19163011700","tract",2019,"transportation_score",95.49
"19163011800","tract",2019,"transportation_score",88.85
"19163011900","tract",2019,"transportation_score",95.94
"19163012000","tract",2019,"transportation_score",88.42
"19163012100","tract",2019,"transportation_score",95.52
"19163012200","tract",2019,"transportation_score",90.16
"19163012300","tract",2019,"transportation_score",94.9
"19163012400","tract",2019,"transportation_score",86.69
"19163012501","tract",2019,"transportation_score",96.34
"19163012502","tract",2019,"transportation_score",92.81
"19163012601","tract",2019,"transportation_score",94.45
"19163012602","tract",2019,"transportation_score",95.61
"19163012701","tract",2019,"transportation_score",94.85
"19163012702","tract",2019,"transportation_score",92.09
"19163012801","tract",2019,"transportation_score",95.92
"19163012802","tract",2019,"transportation_score",96.66
"19163012901","tract",2019,"transportation_score",89.68
"19163012902","tract",2019,"transportation_score",94.89
"19163013000","tract",2019,"transportation_score",93.24
"19163013100","tract",2019,"transportation_score",92.56
"19163013200","tract",2019,"transportation_score",88.6
"19163013300","tract",2019,"transportation_score",94.78
"19163013400","tract",2019,"transportation_score",94.22
"19163013500","tract",2019,"transportation_score",92.91
"19163013600","tract",2019,"transportation_score",93.53
"19163013702","tract",2019,"transportation_score",92.57
"19163013703","tract",2019,"transportation_score",92.27
"19163013705","tract",2019,"transportation_score",95.62
"19163013706","tract",2019,"transportation_score",92.46
"19165960100","tract",2019,"transportation_score",90.19
"19165960200","tract",2019,"transportation_score",88.05
"19165960300","tract",2019,"transportation_score",91.56
"19165960400","tract",2019,"transportation_score",92.26
"19167070100","tract",2019,"transportation_score",89.04
"19167070200","tract",2019,"transportation_score",87.59
"19167070300","tract",2019,"transportation_score",89.91
"19167070400","tract",2019,"transportation_score",90.5
"19167070500","tract",2019,"transportation_score",88.09
"19167070600","tract",2019,"transportation_score",89.32
"19167070700","tract",2019,"transportation_score",93.2
"19169000100","tract",2019,"transportation_score",91.58
"19169000200","tract",2019,"transportation_score",95.28
"19169000300","tract",2019,"transportation_score",98.6
"19169000400","tract",2019,"transportation_score",97.81
"19169000500","tract",2019,"transportation_score",NA
"19169000600","tract",2019,"transportation_score",93.51
"19169000700","tract",2019,"transportation_score",111.71
"19169000800","tract",2019,"transportation_score",NA
"19169000900","tract",2019,"transportation_score",100.64
"19169001000","tract",2019,"transportation_score",103.41
"19169001100","tract",2019,"transportation_score",100.59
"19169001200","tract",2019,"transportation_score",NA
"19169001301","tract",2019,"transportation_score",98.35
"19169001302","tract",2019,"transportation_score",89.91
"19169010100","tract",2019,"transportation_score",88.83
"19169010200","tract",2019,"transportation_score",89.17
"19169010300","tract",2019,"transportation_score",89.33
"19169010400","tract",2019,"transportation_score",88.93
"19169010500","tract",2019,"transportation_score",90.46
"19169010600","tract",2019,"transportation_score",89.41
"19171290100","tract",2019,"transportation_score",90.95
"19171290200","tract",2019,"transportation_score",88.64
"19171290300","tract",2019,"transportation_score",89.69
"19171290400","tract",2019,"transportation_score",88.99
"19171290500","tract",2019,"transportation_score",91.29
"19171290600","tract",2019,"transportation_score",88.85
"19173180100","tract",2019,"transportation_score",93.03
"19173180200","tract",2019,"transportation_score",89.66
"19173180300","tract",2019,"transportation_score",89.56
"19175190100","tract",2019,"transportation_score",90.27
"19175190200","tract",2019,"transportation_score",99.67
"19175190300","tract",2019,"transportation_score",89.24
"19175190400","tract",2019,"transportation_score",97.28
"19177950100","tract",2019,"transportation_score",93.86
"19177950200","tract",2019,"transportation_score",95.02
"19179960100","tract",2019,"transportation_score",87.26
"19179960200","tract",2019,"transportation_score",98.35
"19179960300","tract",2019,"transportation_score",88.38
"19179960400","tract",2019,"transportation_score",96.99
"19179960500","tract",2019,"transportation_score",99.4
"19179960600","tract",2019,"transportation_score",99.63
"19179960700","tract",2019,"transportation_score",87.14
"19179960800","tract",2019,"transportation_score",92.82
"19179960900","tract",2019,"transportation_score",96.19
"19179961000","tract",2019,"transportation_score",96.61
"19179961100","tract",2019,"transportation_score",89.15
"19181020100","tract",2019,"transportation_score",86.92
"19181020200","tract",2019,"transportation_score",87.48
"19181020300","tract",2019,"transportation_score",86.81
"19181020400","tract",2019,"transportation_score",88.49
"19181020500","tract",2019,"transportation_score",85.35
"19181020600","tract",2019,"transportation_score",86.29
"19181020700","tract",2019,"transportation_score",94.43
"19181020800","tract",2019,"transportation_score",98.31
"19181020900","tract",2019,"transportation_score",91.53
"19181021000","tract",2019,"transportation_score",91.95
"19181021100","tract",2019,"transportation_score",87.32
"19181021200","tract",2019,"transportation_score",88.05
"19183960100","tract",2019,"transportation_score",92.31
"19183960200","tract",2019,"transportation_score",89.25
"19183960300","tract",2019,"transportation_score",90.13
"19183960400","tract",2019,"transportation_score",94.79
"19183960500","tract",2019,"transportation_score",88.95
"19185070100","tract",2019,"transportation_score",91.16
"19185070200","tract",2019,"transportation_score",90.26
"19185070300","tract",2019,"transportation_score",99.78
"19187000100","tract",2019,"transportation_score",97.19
"19187000200","tract",2019,"transportation_score",87.59
"19187000300","tract",2019,"transportation_score",89.95
"19187000400","tract",2019,"transportation_score",97.07
"19187000500","tract",2019,"transportation_score",85.55
"19187000600","tract",2019,"transportation_score",96.94
"19187000700","tract",2019,"transportation_score",118.47
"19187000900","tract",2019,"transportation_score",NA
"19187010100","tract",2019,"transportation_score",89.83
"19187010200","tract",2019,"transportation_score",88.55
"19187010300","tract",2019,"transportation_score",88.9
"19187010400","tract",2019,"transportation_score",88.74
"19189680100","tract",2019,"transportation_score",89.72
"19189680200","tract",2019,"transportation_score",89.71
"19189680300","tract",2019,"transportation_score",93.7
"19191950100","tract",2019,"transportation_score",88.83
"19191950200","tract",2019,"transportation_score",NA
"19191950300","tract",2019,"transportation_score",106.84
"19191950400","tract",2019,"transportation_score",90.54
"19191950500","tract",2019,"transportation_score",88.64
"19193000100","tract",2019,"transportation_score",98.8
"19193000200","tract",2019,"transportation_score",98
"19193000300","tract",2019,"transportation_score",97.32
"19193000400","tract",2019,"transportation_score",96.89
"19193000500","tract",2019,"transportation_score",99.3
"19193000600","tract",2019,"transportation_score",97.18
"19193000700","tract",2019,"transportation_score",101.13
"19193000800","tract",2019,"transportation_score",99.72
"19193000900","tract",2019,"transportation_score",99.09
"19193001000","tract",2019,"transportation_score",109.48
"19193001100","tract",2019,"transportation_score",103.52
"19193001200","tract",2019,"transportation_score",111.93
"19193001300","tract",2019,"transportation_score",104.88
"19193001400","tract",2019,"transportation_score",102.7
"19193001500","tract",2019,"transportation_score",105.4
"19193001800","tract",2019,"transportation_score",100.33
"19193001900","tract",2019,"transportation_score",99.81
"19193002000","tract",2019,"transportation_score",98.99
"19193002101","tract",2019,"transportation_score",96.98
"19193002102","tract",2019,"transportation_score",97.22
"19193003100","tract",2019,"transportation_score",90.02
"19193003200","tract",2019,"transportation_score",87.56
"19193003300","tract",2019,"transportation_score",86.24
"19193003500","tract",2019,"transportation_score",87.94
"19193003600","tract",2019,"transportation_score",103.62
"19193940200","tract",2019,"transportation_score",NA
"19195690100","tract",2019,"transportation_score",89.33
"19195690200","tract",2019,"transportation_score",89.44
"19195690300","tract",2019,"transportation_score",87.21
"19197680100","tract",2019,"transportation_score",91.54
"19197680200","tract",2019,"transportation_score",87.53
"19197680300","tract",2019,"transportation_score",92.71
"19197680400","tract",2019,"transportation_score",89.58
"19197680500","tract",2019,"transportation_score",89.85
"19001960100","tract",2019,"transportation_rnk",24.9013
"19001960200","tract",2019,"transportation_rnk",26.4683
"19001960300","tract",2019,"transportation_rnk",11.2136
"19003950100","tract",2019,"transportation_rnk",15.6708
"19003950200","tract",2019,"transportation_rnk",18.8332
"19005960100","tract",2019,"transportation_rnk",26.1468
"19005960200","tract",2019,"transportation_rnk",20.9702
"19005960300","tract",2019,"transportation_rnk",39.1616
"19005960400","tract",2019,"transportation_rnk",39.4225
"19005960500","tract",2019,"transportation_rnk",55.7323
"19007950100","tract",2019,"transportation_rnk",5.5899
"19007950200","tract",2019,"transportation_rnk",19.609
"19007950300","tract",2019,"transportation_rnk",37.4351
"19007950400","tract",2019,"transportation_rnk",10.198
"19007950500","tract",2019,"transportation_rnk",24.6516
"19009070100","tract",2019,"transportation_rnk",9.6493
"19009070200","tract",2019,"transportation_rnk",30.1738
"19009070300","tract",2019,"transportation_rnk",11.0711
"19011960100","tract",2019,"transportation_rnk",0.103
"19011960200","tract",2019,"transportation_rnk",12.5409
"19011960300","tract",2019,"transportation_rnk",32.0582
"19011960400","tract",2019,"transportation_rnk",12.0529
"19011960500","tract",2019,"transportation_rnk",5.4051
"19011960600","tract",2019,"transportation_rnk",14.345
"19011960700","tract",2019,"transportation_rnk",13.5466
"19013000100","tract",2019,"transportation_rnk",93.9968
"19013000200","tract",2019,"transportation_rnk",85.167
"19013000300","tract",2019,"transportation_rnk",84.8595
"19013000400","tract",2019,"transportation_rnk",73.842
"19013000500","tract",2019,"transportation_rnk",78.0989
"19013000700","tract",2019,"transportation_rnk",84.8595
"19013000800","tract",2019,"transportation_rnk",75.0959
"19013000900","tract",2019,"transportation_rnk",57.3107
"19013001000","tract",2019,"transportation_rnk",74.7123
"19013001100","tract",2019,"transportation_rnk",69.2183
"19013001200","tract",2019,"transportation_rnk",62.1812
"19013001301","tract",2019,"transportation_rnk",79.9932
"19013001302","tract",2019,"transportation_rnk",71.2367
"19013001400","tract",2019,"transportation_rnk",66.6554
"19013001501","tract",2019,"transportation_rnk",82.3784
"19013001502","tract",2019,"transportation_rnk",66.9459
"19013001503","tract",2019,"transportation_rnk",68.9813
"19013001600","tract",2019,"transportation_rnk",80.0426
"19013001701","tract",2019,"transportation_rnk",81.927
"19013001702","tract",2019,"transportation_rnk",59.8045
"19013001800","tract",2019,"transportation_rnk",56.2697
"19013001900","tract",2019,"transportation_rnk",81.4348
"19013002000","tract",2019,"transportation_rnk",64.6271
"19013002200","tract",2019,"transportation_rnk",77.089
"19013002301","tract",2019,"transportation_rnk",79.4826
"19013002303","tract",2019,"transportation_rnk",NA
"19013002304","tract",2019,"transportation_rnk",79.3529
"19013002400","tract",2019,"transportation_rnk",73.0605
"19013002500","tract",2019,"transportation_rnk",72.1028
"19013002601","tract",2019,"transportation_rnk",7.5801
"19013002603","tract",2019,"transportation_rnk",68.4947
"19013002604","tract",2019,"transportation_rnk",0.2694
"19013002700","tract",2019,"transportation_rnk",2.3443
"19013002800","tract",2019,"transportation_rnk",5.1244
"19013002901","tract",2019,"transportation_rnk",0.0677
"19013002902","tract",2019,"transportation_rnk",2.0269
"19013003001","tract",2019,"transportation_rnk",5.4601
"19013003002","tract",2019,"transportation_rnk",6.439
"19015020100","tract",2019,"transportation_rnk",3.7858
"19015020200","tract",2019,"transportation_rnk",7.7861
"19015020300","tract",2019,"transportation_rnk",28.4741
"19015020400","tract",2019,"transportation_rnk",10.7213
"19015020500","tract",2019,"transportation_rnk",12.4013
"19015020600","tract",2019,"transportation_rnk",8.2924
"19015020700","tract",2019,"transportation_rnk",12.7708
"19017004000","tract",2019,"transportation_rnk",NA
"19017004100","tract",2019,"transportation_rnk",0.7137
"19017004200","tract",2019,"transportation_rnk",23.5133
"19017004300","tract",2019,"transportation_rnk",6.5109
"19017004400","tract",2019,"transportation_rnk",9.6493
"19017004500","tract",2019,"transportation_rnk",6.0116
"19017004600","tract",2019,"transportation_rnk",8.2374
"19017004700","tract",2019,"transportation_rnk",19.7007
"19019950100","tract",2019,"transportation_rnk",30.5998
"19019950200","tract",2019,"transportation_rnk",59.394
"19019950300","tract",2019,"transportation_rnk",27.4839
"19019950400","tract",2019,"transportation_rnk",40.7569
"19019950500","tract",2019,"transportation_rnk",27.9705
"19019950600","tract",2019,"transportation_rnk",6.628
"19021960100","tract",2019,"transportation_rnk",25.5318
"19021960200","tract",2019,"transportation_rnk",25.5318
"19021960300","tract",2019,"transportation_rnk",12.8399
"19021960400","tract",2019,"transportation_rnk",50.1411
"19021960500","tract",2019,"transportation_rnk",70.9631
"19021960600","tract",2019,"transportation_rnk",1.5812
"19023070100","tract",2019,"transportation_rnk",9.9766
"19023070200","tract",2019,"transportation_rnk",11.4365
"19023070300","tract",2019,"transportation_rnk",23.0817
"19023070400","tract",2019,"transportation_rnk",20.822
"19023070500","tract",2019,"transportation_rnk",1.2864
"19025950100","tract",2019,"transportation_rnk",1.6023
"19025950200","tract",2019,"transportation_rnk",2.3217
"19025950300","tract",2019,"transportation_rnk",2.4684
"19025950400","tract",2019,"transportation_rnk",18.6513
"19027960100","tract",2019,"transportation_rnk",0.3964
"19027960200","tract",2019,"transportation_rnk",3.3006
"19027960300","tract",2019,"transportation_rnk",48.9816
"19027960400","tract",2019,"transportation_rnk",61.8836
"19027960500","tract",2019,"transportation_rnk",27.8577
"19027960600","tract",2019,"transportation_rnk",14.8739
"19029190100","tract",2019,"transportation_rnk",20.822
"19029190200","tract",2019,"transportation_rnk",11.3674
"19029190300","tract",2019,"transportation_rnk",2.1383
"19029190400","tract",2019,"transportation_rnk",40.0164
"19029190500","tract",2019,"transportation_rnk",51.9761
"19031450100","tract",2019,"transportation_rnk",20.822
"19031450200","tract",2019,"transportation_rnk",5.6872
"19031450300","tract",2019,"transportation_rnk",29.8494
"19031450400","tract",2019,"transportation_rnk",7.5801
"19031450500","tract",2019,"transportation_rnk",9.229
"19033950102","tract",2019,"transportation_rnk",50.8858
"19033950200","tract",2019,"transportation_rnk",55.233
"19033950300","tract",2019,"transportation_rnk",71.3397
"19033950402","tract",2019,"transportation_rnk",65.3718
"19033950600","tract",2019,"transportation_rnk",2.2075
"19033950700","tract",2019,"transportation_rnk",8.1683
"19033950800","tract",2019,"transportation_rnk",42.6611
"19033950900","tract",2019,"transportation_rnk",17.1477
"19033951000","tract",2019,"transportation_rnk",15.8542
"19033951400","tract",2019,"transportation_rnk",2.8182
"19033951600","tract",2019,"transportation_rnk",40.2985
"19035080100","tract",2019,"transportation_rnk",35.2319
"19035080200","tract",2019,"transportation_rnk",9.7185
"19035080300","tract",2019,"transportation_rnk",29.7788
"19035080400","tract",2019,"transportation_rnk",2.1595
"19037070100","tract",2019,"transportation_rnk",3.168
"19037070200","tract",2019,"transportation_rnk",14.2702
"19037070300","tract",2019,"transportation_rnk",24.5642
"19037070400","tract",2019,"transportation_rnk",18.8332
"19039960100","tract",2019,"transportation_rnk",32.614
"19039960200","tract",2019,"transportation_rnk",37.2348
"19039960300","tract",2019,"transportation_rnk",3.0227
"19041080100","tract",2019,"transportation_rnk",11.7242
"19041080200","tract",2019,"transportation_rnk",72.753
"19041080300","tract",2019,"transportation_rnk",63.7624
"19041080400","tract",2019,"transportation_rnk",6.2345
"19043070100","tract",2019,"transportation_rnk",16.3394
"19043070200","tract",2019,"transportation_rnk",21.8136
"19043070300","tract",2019,"transportation_rnk",44.7797
"19043070400","tract",2019,"transportation_rnk",20.9702
"19043070500","tract",2019,"transportation_rnk",64.4747
"19043070600","tract",2019,"transportation_rnk",13.8879
"19045000100","tract",2019,"transportation_rnk",86.3335
"19045000200","tract",2019,"transportation_rnk",70.98
"19045000300","tract",2019,"transportation_rnk",57.9158
"19045000400","tract",2019,"transportation_rnk",27.9705
"19045000500","tract",2019,"transportation_rnk",67.8303
"19045000600","tract",2019,"transportation_rnk",69.7374
"19045000700","tract",2019,"transportation_rnk",45.5541
"19045000800","tract",2019,"transportation_rnk",12.9965
"19045000900","tract",2019,"transportation_rnk",19.4412
"19045001000","tract",2019,"transportation_rnk",4.5715
"19045001100","tract",2019,"transportation_rnk",8.2924
"19045001200","tract",2019,"transportation_rnk",7.4137
"19047070100","tract",2019,"transportation_rnk",10.9301
"19047070200","tract",2019,"transportation_rnk",8.4702
"19047070300","tract",2019,"transportation_rnk",5.6872
"19047070400","tract",2019,"transportation_rnk",23.1748
"19047070500","tract",2019,"transportation_rnk",0.4274
"19049050100","tract",2019,"transportation_rnk",1.0424
"19049050200","tract",2019,"transportation_rnk",5.013
"19049050300","tract",2019,"transportation_rnk",25.0903
"19049050400","tract",2019,"transportation_rnk",31.6929
"19049050500","tract",2019,"transportation_rnk",0.2722
"19049050600","tract",2019,"transportation_rnk",9.4448
"19049050700","tract",2019,"transportation_rnk",31.6097
"19049050803","tract",2019,"transportation_rnk",1.4472
"19049050805","tract",2019,"transportation_rnk",0.5261
"19049050807","tract",2019,"transportation_rnk",63.6538
"19049050809","tract",2019,"transportation_rnk",9.5732
"19049050811","tract",2019,"transportation_rnk",66.2999
"19049050812","tract",2019,"transportation_rnk",3.6095
"19049050901","tract",2019,"transportation_rnk",57.0244
"19049050902","tract",2019,"transportation_rnk",6.9595
"19051080100","tract",2019,"transportation_rnk",42.8473
"19051080200","tract",2019,"transportation_rnk",75.6249
"19053960100","tract",2019,"transportation_rnk",41.4269
"19053960200","tract",2019,"transportation_rnk",75.9817
"19053960300","tract",2019,"transportation_rnk",24.6516
"19055950100","tract",2019,"transportation_rnk",20.822
"19055950200","tract",2019,"transportation_rnk",4.2062
"19055950300","tract",2019,"transportation_rnk",3.9791
"19055950400","tract",2019,"transportation_rnk",12.9965
"19057000200","tract",2019,"transportation_rnk",56.9877
"19057000300","tract",2019,"transportation_rnk",56.8495
"19057000400","tract",2019,"transportation_rnk",76.0339
"19057000500","tract",2019,"transportation_rnk",66.6117
"19057000600","tract",2019,"transportation_rnk",52.9903
"19057000700","tract",2019,"transportation_rnk",24.6516
"19057000800","tract",2019,"transportation_rnk",32.9285
"19057000900","tract",2019,"transportation_rnk",43.8854
"19057001000","tract",2019,"transportation_rnk",5.3614
"19057001100","tract",2019,"transportation_rnk",0.2722
"19057001200","tract",2019,"transportation_rnk",1.4162
"19059450200","tract",2019,"transportation_rnk",7.5801
"19059450500","tract",2019,"transportation_rnk",28.3697
"19059450800","tract",2019,"transportation_rnk",9.8017
"19059451000","tract",2019,"transportation_rnk",7.9059
"19059451100","tract",2019,"transportation_rnk",45.8813
"19061000100","tract",2019,"transportation_rnk",87.7327
"19061000300","tract",2019,"transportation_rnk",63.7991
"19061000400","tract",2019,"transportation_rnk",62.4972
"19061000500","tract",2019,"transportation_rnk",82.865
"19061000600","tract",2019,"transportation_rnk",56.6238
"19061000701","tract",2019,"transportation_rnk",77.845
"19061000702","tract",2019,"transportation_rnk",72.9985
"19061000801","tract",2019,"transportation_rnk",28.3697
"19061000802","tract",2019,"transportation_rnk",44.609
"19061000900","tract",2019,"transportation_rnk",66.4593
"19061001101","tract",2019,"transportation_rnk",64.5565
"19061001102","tract",2019,"transportation_rnk",39.7371
"19061001201","tract",2019,"transportation_rnk",66.2238
"19061001202","tract",2019,"transportation_rnk",43.75
"19061001204","tract",2019,"transportation_rnk",49.9704
"19061001205","tract",2019,"transportation_rnk",55.281
"19061010101","tract",2019,"transportation_rnk",10.4886
"19061010103","tract",2019,"transportation_rnk",45.8122
"19061010104","tract",2019,"transportation_rnk",0.9309
"19061010105","tract",2019,"transportation_rnk",0.3837
"19061010201","tract",2019,"transportation_rnk",3.9368
"19061010202","tract",2019,"transportation_rnk",4.405
"19061010300","tract",2019,"transportation_rnk",12.6199
"19061010400","tract",2019,"transportation_rnk",18.5695
"19061010500","tract",2019,"transportation_rnk",11.7242
"19061010600","tract",2019,"transportation_rnk",24.6516
"19063070100","tract",2019,"transportation_rnk",5.013
"19063070200","tract",2019,"transportation_rnk",4.0609
"19063070300","tract",2019,"transportation_rnk",34.4349
"19063070400","tract",2019,"transportation_rnk",17.6456
"19065080100","tract",2019,"transportation_rnk",38.6975
"19065080200","tract",2019,"transportation_rnk",39.4225
"19065080300","tract",2019,"transportation_rnk",2.9282
"19065080400","tract",2019,"transportation_rnk",11.3674
"19065080500","tract",2019,"transportation_rnk",45.6796
"19065080600","tract",2019,"transportation_rnk",32.614
"19065080700","tract",2019,"transportation_rnk",9.7185
"19067480100","tract",2019,"transportation_rnk",49.2482
"19067480200","tract",2019,"transportation_rnk",30.3487
"19067480300","tract",2019,"transportation_rnk",30.3487
"19067480400","tract",2019,"transportation_rnk",37.5028
"19067480500","tract",2019,"transportation_rnk",55.233
"19069360100","tract",2019,"transportation_rnk",10.5704
"19069360200","tract",2019,"transportation_rnk",28.144
"19069360300","tract",2019,"transportation_rnk",17.1477
"19071970100","tract",2019,"transportation_rnk",25.4415
"19071970200","tract",2019,"transportation_rnk",12.5409
"19071970300","tract",2019,"transportation_rnk",11.2136
"19073080100","tract",2019,"transportation_rnk",15.6708
"19073080200","tract",2019,"transportation_rnk",18.8332
"19073080300","tract",2019,"transportation_rnk",22.5612
"19073080500","tract",2019,"transportation_rnk",8.3517
"19075960100","tract",2019,"transportation_rnk",9.229
"19075960200","tract",2019,"transportation_rnk",4.2485
"19075960300","tract",2019,"transportation_rnk",21.8136
"19075960400","tract",2019,"transportation_rnk",17.3099
"19077950100","tract",2019,"transportation_rnk",29.2781
"19077950200","tract",2019,"transportation_rnk",12.1163
"19077950300","tract",2019,"transportation_rnk",16.5651
"19079960100","tract",2019,"transportation_rnk",11.1558
"19079960200","tract",2019,"transportation_rnk",13.7892
"19079960300","tract",2019,"transportation_rnk",5.2782
"19079960400","tract",2019,"transportation_rnk",26.2977
"19079960500","tract",2019,"transportation_rnk",16.9826
"19081270100","tract",2019,"transportation_rnk",2.2075
"19081270200","tract",2019,"transportation_rnk",28.216
"19081270300","tract",2019,"transportation_rnk",11.8088
"19081270400","tract",2019,"transportation_rnk",29.4389
"19083480100","tract",2019,"transportation_rnk",18.8332
"19083480200","tract",2019,"transportation_rnk",23.1748
"19083480300","tract",2019,"transportation_rnk",10.8582
"19083480400","tract",2019,"transportation_rnk",19.2028
"19083480500","tract",2019,"transportation_rnk",9.9766
"19083480600","tract",2019,"transportation_rnk",27.5812
"19085290100","tract",2019,"transportation_rnk",19.7007
"19085290200","tract",2019,"transportation_rnk",31.3911
"19085290300","tract",2019,"transportation_rnk",11.1558
"19085290400","tract",2019,"transportation_rnk",58.8975
"19085290500","tract",2019,"transportation_rnk",8.1683
"19087970100","tract",2019,"transportation_rnk",2.4049
"19087970200","tract",2019,"transportation_rnk",0.402
"19087970300","tract",2019,"transportation_rnk",23.8772
"19087970400","tract",2019,"transportation_rnk",33.7508
"19087970500","tract",2019,"transportation_rnk",5.896
"19089960100","tract",2019,"transportation_rnk",48.8462
"19089960200","tract",2019,"transportation_rnk",22.8927
"19089960300","tract",2019,"transportation_rnk",43.1858
"19091970100","tract",2019,"transportation_rnk",6.889
"19091970200","tract",2019,"transportation_rnk",11.8088
"19091970300","tract",2019,"transportation_rnk",8.717
"19091970400","tract",2019,"transportation_rnk",20.9702
"19093090100","tract",2019,"transportation_rnk",29.9425
"19093090200","tract",2019,"transportation_rnk",24.8237
"19093090300","tract",2019,"transportation_rnk",34.3672
"19095960100","tract",2019,"transportation_rnk",9.5732
"19095960200","tract",2019,"transportation_rnk",7.5801
"19095960300","tract",2019,"transportation_rnk",33.9286
"19095960400","tract",2019,"transportation_rnk",31.4489
"19097950100","tract",2019,"transportation_rnk",7.5265
"19097950200","tract",2019,"transportation_rnk",17.1477
"19097950300","tract",2019,"transportation_rnk",1.1651
"19097950400","tract",2019,"transportation_rnk",23.691
"19097950500","tract",2019,"transportation_rnk",33.4292
"19097950600","tract",2019,"transportation_rnk",28.9537
"19099040100","tract",2019,"transportation_rnk",4.9072
"19099040200","tract",2019,"transportation_rnk",2.357
"19099040300","tract",2019,"transportation_rnk",45.8122
"19099040400","tract",2019,"transportation_rnk",37.5776
"19099040500","tract",2019,"transportation_rnk",71.8574
"19099040600","tract",2019,"transportation_rnk",7.4137
"19099040700","tract",2019,"transportation_rnk",8.4081
"19099040800","tract",2019,"transportation_rnk",15.3535
"19099040900","tract",2019,"transportation_rnk",18.7444
"19101090100","tract",2019,"transportation_rnk",9.9766
"19101090200","tract",2019,"transportation_rnk",15.132
"19101090300","tract",2019,"transportation_rnk",76.8196
"19101090400","tract",2019,"transportation_rnk",53.3345
"19103000100","tract",2019,"transportation_rnk",89.0234
"19103000200","tract",2019,"transportation_rnk",90.5933
"19103000301","tract",2019,"transportation_rnk",28.5616
"19103000302","tract",2019,"transportation_rnk",88.9274
"19103000400","tract",2019,"transportation_rnk",68.4947
"19103000500","tract",2019,"transportation_rnk",90.9177
"19103000600","tract",2019,"transportation_rnk",92.702
"19103001100","tract",2019,"transportation_rnk",94.2874
"19103001200","tract",2019,"transportation_rnk",89.9938
"19103001300","tract",2019,"transportation_rnk",80.7718
"19103001400","tract",2019,"transportation_rnk",87.1516
"19103001500","tract",2019,"transportation_rnk",64.596
"19103001600","tract",2019,"transportation_rnk",92.623
"19103001700","tract",2019,"transportation_rnk",85.8046
"19103001801","tract",2019,"transportation_rnk",82.5096
"19103001802","tract",2019,"transportation_rnk",86.2334
"19103002100","tract",2019,"transportation_rnk",NA
"19103002300","tract",2019,"transportation_rnk",NA
"19103010100","tract",2019,"transportation_rnk",5.4996
"19103010200","tract",2019,"transportation_rnk",0.0959
"19103010301","tract",2019,"transportation_rnk",10.9301
"19103010302","tract",2019,"transportation_rnk",12.6199
"19103010400","tract",2019,"transportation_rnk",63.8823
"19103010500","tract",2019,"transportation_rnk",38.2574
"19105070100","tract",2019,"transportation_rnk",11.5098
"19105070300","tract",2019,"transportation_rnk",43.6611
"19105070400","tract",2019,"transportation_rnk",40.6878
"19105070500","tract",2019,"transportation_rnk",23.2397
"19105070600","tract",2019,"transportation_rnk",43.0574
"19107080100","tract",2019,"transportation_rnk",8.1683
"19107080200","tract",2019,"transportation_rnk",29.2118
"19107080300","tract",2019,"transportation_rnk",43.6611
"19107080400","tract",2019,"transportation_rnk",15.0474
"19109950100","tract",2019,"transportation_rnk",40.4931
"19109950200","tract",2019,"transportation_rnk",13.304
"19109950300","tract",2019,"transportation_rnk",35.3081
"19109950400","tract",2019,"transportation_rnk",19.5074
"19109950500","tract",2019,"transportation_rnk",11.0147
"19109950600","tract",2019,"transportation_rnk",8.2374
"19111490100","tract",2019,"transportation_rnk",0.4274
"19111490200","tract",2019,"transportation_rnk",23.0817
"19111490300","tract",2019,"transportation_rnk",4.9072
"19111490400","tract",2019,"transportation_rnk",11.5098
"19111490500","tract",2019,"transportation_rnk",0.615
"19111490600","tract",2019,"transportation_rnk",3.1934
"19111490700","tract",2019,"transportation_rnk",8.1189
"19111490800","tract",2019,"transportation_rnk",56.8932
"19111490900","tract",2019,"transportation_rnk",53.3345
"19111491000","tract",2019,"transportation_rnk",28.8747
"19111491100","tract",2019,"transportation_rnk",29.5278
"19113000100","tract",2019,"transportation_rnk",21.8136
"19113000201","tract",2019,"transportation_rnk",33.7508
"19113000203","tract",2019,"transportation_rnk",17.3874
"19113000205","tract",2019,"transportation_rnk",0.591
"19113000206","tract",2019,"transportation_rnk",2.4966
"19113000207","tract",2019,"transportation_rnk",61.4971
"19113000300","tract",2019,"transportation_rnk",34.3672
"19113000400","tract",2019,"transportation_rnk",18.8332
"19113000500","tract",2019,"transportation_rnk",20.1563
"19113000600","tract",2019,"transportation_rnk",24.9013
"19113000700","tract",2019,"transportation_rnk",40.4931
"19113000800","tract",2019,"transportation_rnk",25.7208
"19113000901","tract",2019,"transportation_rnk",22.8179
"19113000902","tract",2019,"transportation_rnk",9.8595
"19113001001","tract",2019,"transportation_rnk",11.1558
"19113001002","tract",2019,"transportation_rnk",24.4654
"19113001003","tract",2019,"transportation_rnk",51.8506
"19113001101","tract",2019,"transportation_rnk",31.4489
"19113001102","tract",2019,"transportation_rnk",18.0814
"19113001200","tract",2019,"transportation_rnk",18.7444
"19113001300","tract",2019,"transportation_rnk",69.1238
"19113001400","tract",2019,"transportation_rnk",60.0908
"19113001500","tract",2019,"transportation_rnk",16.1659
"19113001600","tract",2019,"transportation_rnk",33.4292
"19113001700","tract",2019,"transportation_rnk",38.5353
"19113001800","tract",2019,"transportation_rnk",61.1106
"19113001900","tract",2019,"transportation_rnk",NA
"19113002200","tract",2019,"transportation_rnk",58.9765
"19113002300","tract",2019,"transportation_rnk",30.5998
"19113002400","tract",2019,"transportation_rnk",45.3665
"19113002500","tract",2019,"transportation_rnk",32.9285
"19113002600","tract",2019,"transportation_rnk",22.3863
"19113002700","tract",2019,"transportation_rnk",68.9517
"19113002800","tract",2019,"transportation_rnk",42.0926
"19113002900","tract",2019,"transportation_rnk",32.8425
"19113003001","tract",2019,"transportation_rnk",34.0936
"19113003002","tract",2019,"transportation_rnk",39.8048
"19113010100","tract",2019,"transportation_rnk",7.1443
"19113010200","tract",2019,"transportation_rnk",0.725
"19113010300","tract",2019,"transportation_rnk",9.8595
"19113010400","tract",2019,"transportation_rnk",2.3443
"19113010500","tract",2019,"transportation_rnk",0.7038
"19113010600","tract",2019,"transportation_rnk",1.3061
"19113010700","tract",2019,"transportation_rnk",3.5235
"19113010800","tract",2019,"transportation_rnk",49.3864
"19115450100","tract",2019,"transportation_rnk",10.4886
"19115450200","tract",2019,"transportation_rnk",33.0682
"19115450300","tract",2019,"transportation_rnk",6.1132
"19117950100","tract",2019,"transportation_rnk",22.5612
"19117950200","tract",2019,"transportation_rnk",29.7788
"19117950300","tract",2019,"transportation_rnk",22.9801
"19117950400","tract",2019,"transportation_rnk",4.2485
"19119950100","tract",2019,"transportation_rnk",3.6702
"19119950200","tract",2019,"transportation_rnk",16.0108
"19119950300","tract",2019,"transportation_rnk",11.3674
"19121060100","tract",2019,"transportation_rnk",8.6592
"19121060200","tract",2019,"transportation_rnk",52.9903
"19121060300","tract",2019,"transportation_rnk",16.4255
"19123950100","tract",2019,"transportation_rnk",39.4225
"19123950200","tract",2019,"transportation_rnk",4.8296
"19123950300","tract",2019,"transportation_rnk",4.6279
"19123950400","tract",2019,"transportation_rnk",5.2246
"19123950500","tract",2019,"transportation_rnk",37.366
"19123950600","tract",2019,"transportation_rnk",67.3211
"19123950700","tract",2019,"transportation_rnk",40.0164
"19125030100","tract",2019,"transportation_rnk",3.1017
"19125030200","tract",2019,"transportation_rnk",23.5133
"19125030300","tract",2019,"transportation_rnk",NA
"19125030401","tract",2019,"transportation_rnk",9.3066
"19125030402","tract",2019,"transportation_rnk",31.9115
"19125030500","tract",2019,"transportation_rnk",26.3964
"19125030600","tract",2019,"transportation_rnk",43.5793
"19125030700","tract",2019,"transportation_rnk",13.225
"19127950100","tract",2019,"transportation_rnk",3.1934
"19127950200","tract",2019,"transportation_rnk",7.6563
"19127950300","tract",2019,"transportation_rnk",5.9637
"19127950400","tract",2019,"transportation_rnk",2.2371
"19127950500","tract",2019,"transportation_rnk",76.4881
"19127950600","tract",2019,"transportation_rnk",74.1438
"19127950700","tract",2019,"transportation_rnk",54.5263
"19127950800","tract",2019,"transportation_rnk",42.4072
"19127950900","tract",2019,"transportation_rnk",71.8574
"19127951000","tract",2019,"transportation_rnk",34.1528
"19129040100","tract",2019,"transportation_rnk",12.9965
"19129040201","tract",2019,"transportation_rnk",13.0741
"19129040202","tract",2019,"transportation_rnk",2.0072
"19129040301","tract",2019,"transportation_rnk",4.4601
"19129040302","tract",2019,"transportation_rnk",32.243
"19131560100","tract",2019,"transportation_rnk",50.8252
"19131560200","tract",2019,"transportation_rnk",29.3514
"19131560300","tract",2019,"transportation_rnk",13.4874
"19133960100","tract",2019,"transportation_rnk",22.0591
"19133960200","tract",2019,"transportation_rnk",9.7185
"19133960300","tract",2019,"transportation_rnk",35.7369
"19133960400","tract",2019,"transportation_rnk",15.0474
"19135070100","tract",2019,"transportation_rnk",13.6411
"19135070200","tract",2019,"transportation_rnk",43.0574
"19135070300","tract",2019,"transportation_rnk",8.4081
"19137960100","tract",2019,"transportation_rnk",15.8542
"19137960200","tract",2019,"transportation_rnk",4.161
"19137960300","tract",2019,"transportation_rnk",20.2564
"19137960400","tract",2019,"transportation_rnk",13.73
"19139050100","tract",2019,"transportation_rnk",0.6051
"19139050200","tract",2019,"transportation_rnk",5.6364
"19139050300","tract",2019,"transportation_rnk",17.3874
"19139050400","tract",2019,"transportation_rnk",1.7773
"19139050500","tract",2019,"transportation_rnk",35.8765
"19139050600","tract",2019,"transportation_rnk",36.4661
"19139050700","tract",2019,"transportation_rnk",39.3619
"19139050800","tract",2019,"transportation_rnk",41.5693
"19139050900","tract",2019,"transportation_rnk",68.9291
"19139051000","tract",2019,"transportation_rnk",20.4962
"19141490100","tract",2019,"transportation_rnk",24.1128
"19141490200","tract",2019,"transportation_rnk",14.1291
"19141490300","tract",2019,"transportation_rnk",66.4593
"19141490400","tract",2019,"transportation_rnk",18.1703
"19143460100","tract",2019,"transportation_rnk",43.8163
"19143460200","tract",2019,"transportation_rnk",11.6523
"19145490100","tract",2019,"transportation_rnk",1.1778
"19145490200","tract",2019,"transportation_rnk",57.1852
"19145490300","tract",2019,"transportation_rnk",35.5916
"19145490400","tract",2019,"transportation_rnk",21.9716
"19145490500","tract",2019,"transportation_rnk",8.6592
"19145490600","tract",2019,"transportation_rnk",20.0688
"19147960100","tract",2019,"transportation_rnk",20.4962
"19147960200","tract",2019,"transportation_rnk",24.3766
"19147960300","tract",2019,"transportation_rnk",19.9673
"19147960400","tract",2019,"transportation_rnk",14.345
"19149970100","tract",2019,"transportation_rnk",1.4655
"19149970200","tract",2019,"transportation_rnk",53.7534
"19149970300","tract",2019,"transportation_rnk",34.7213
"19149970400","tract",2019,"transportation_rnk",29.3514
"19149970500","tract",2019,"transportation_rnk",18.7444
"19149970600","tract",2019,"transportation_rnk",4.3416
"19151780100","tract",2019,"transportation_rnk",37.5776
"19151780200","tract",2019,"transportation_rnk",33.6704
"19151780300","tract",2019,"transportation_rnk",33.2769
"19153000101","tract",2019,"transportation_rnk",71.2734
"19153000102","tract",2019,"transportation_rnk",61.3956
"19153000103","tract",2019,"transportation_rnk",64.4042
"19153000201","tract",2019,"transportation_rnk",60.7566
"19153000202","tract",2019,"transportation_rnk",65.4028
"19153000300","tract",2019,"transportation_rnk",26.2173
"19153000400","tract",2019,"transportation_rnk",75.0959
"19153000500","tract",2019,"transportation_rnk",73.9407
"19153000600","tract",2019,"transportation_rnk",65.479
"19153000701","tract",2019,"transportation_rnk",75.8745
"19153000702","tract",2019,"transportation_rnk",66.9121
"19153000703","tract",2019,"transportation_rnk",79.0256
"19153000704","tract",2019,"transportation_rnk",64.7357
"19153000801","tract",2019,"transportation_rnk",72.8109
"19153000802","tract",2019,"transportation_rnk",71.0971
"19153000803","tract",2019,"transportation_rnk",72.4244
"19153000901","tract",2019,"transportation_rnk",71.2367
"19153000902","tract",2019,"transportation_rnk",63.3012
"19153001000","tract",2019,"transportation_rnk",79.1314
"19153001100","tract",2019,"transportation_rnk",80.6435
"19153001200","tract",2019,"transportation_rnk",78.7139
"19153001500","tract",2019,"transportation_rnk",64.864
"19153001700","tract",2019,"transportation_rnk",77.5559
"19153001800","tract",2019,"transportation_rnk",66.2999
"19153001900","tract",2019,"transportation_rnk",73.3187
"19153002100","tract",2019,"transportation_rnk",73.8674
"19153002600","tract",2019,"transportation_rnk",66.4368
"19153002700","tract",2019,"transportation_rnk",66.1532
"19153002800","tract",2019,"transportation_rnk",74.1748
"19153002900","tract",2019,"transportation_rnk",82.7
"19153003001","tract",2019,"transportation_rnk",5.0595
"19153003002","tract",2019,"transportation_rnk",62.8103
"19153003100","tract",2019,"transportation_rnk",69.8361
"19153003200","tract",2019,"transportation_rnk",67.7669
"19153003901","tract",2019,"transportation_rnk",73.976
"19153003902","tract",2019,"transportation_rnk",66.8049
"19153004001","tract",2019,"transportation_rnk",29.6928
"19153004004","tract",2019,"transportation_rnk",52.3132
"19153004100","tract",2019,"transportation_rnk",67.1618
"19153004200","tract",2019,"transportation_rnk",32.9285
"19153004300","tract",2019,"transportation_rnk",70.1944
"19153004400","tract",2019,"transportation_rnk",77.2879
"19153004501","tract",2019,"transportation_rnk",76.12
"19153004502","tract",2019,"transportation_rnk",74.0648
"19153004602","tract",2019,"transportation_rnk",74.9859
"19153004603","tract",2019,"transportation_rnk",71.0689
"19153004701","tract",2019,"transportation_rnk",69.3156
"19153004702","tract",2019,"transportation_rnk",76.0015
"19153004800","tract",2019,"transportation_rnk",79.9453
"19153004900","tract",2019,"transportation_rnk",57.5519
"19153005000","tract",2019,"transportation_rnk",81.7747
"19153005100","tract",2019,"transportation_rnk",91.2068
"19153005200","tract",2019,"transportation_rnk",83.1288
"19153005300","tract",2019,"transportation_rnk",69.255
"19153010101","tract",2019,"transportation_rnk",0.1227
"19153010102","tract",2019,"transportation_rnk",7.1443
"19153010203","tract",2019,"transportation_rnk",1.4853
"19153010205","tract",2019,"transportation_rnk",17.1477
"19153010207","tract",2019,"transportation_rnk",65.6666
"19153010208","tract",2019,"transportation_rnk",63.6933
"19153010209","tract",2019,"transportation_rnk",74.9859
"19153010211","tract",2019,"transportation_rnk",69.4524
"19153010212","tract",2019,"transportation_rnk",63.6538
"19153010404","tract",2019,"transportation_rnk",62.0162
"19153010405","tract",2019,"transportation_rnk",65.7075
"19153010406","tract",2019,"transportation_rnk",66.8416
"19153010407","tract",2019,"transportation_rnk",53.5968
"19153010408","tract",2019,"transportation_rnk",66.8782
"19153010409","tract",2019,"transportation_rnk",58.7988
"19153010500","tract",2019,"transportation_rnk",58.095
"19153010600","tract",2019,"transportation_rnk",2.7449
"19153010702","tract",2019,"transportation_rnk",12.9965
"19153010703","tract",2019,"transportation_rnk",62.9344
"19153010705","tract",2019,"transportation_rnk",65.9417
"19153010706","tract",2019,"transportation_rnk",7.7212
"19153010802","tract",2019,"transportation_rnk",7.7212
"19153010803","tract",2019,"transportation_rnk",70.9335
"19153010804","tract",2019,"transportation_rnk",3.9791
"19153011001","tract",2019,"transportation_rnk",71.1987
"19153011021","tract",2019,"transportation_rnk",57.9525
"19153011025","tract",2019,"transportation_rnk",61.3011
"19153011026","tract",2019,"transportation_rnk",56.6238
"19153011027","tract",2019,"transportation_rnk",55.7323
"19153011028","tract",2019,"transportation_rnk",67.5158
"19153011111","tract",2019,"transportation_rnk",72.5993
"19153011112","tract",2019,"transportation_rnk",58.1895
"19153011113","tract",2019,"transportation_rnk",53.1116
"19153011114","tract",2019,"transportation_rnk",76.2511
"19153011201","tract",2019,"transportation_rnk",10.0372
"19153011203","tract",2019,"transportation_rnk",55.4601
"19153011205","tract",2019,"transportation_rnk",73.842
"19153011206","tract",2019,"transportation_rnk",63.5198
"19153011300","tract",2019,"transportation_rnk",68.372
"19153011404","tract",2019,"transportation_rnk",8.9822
"19153011500","tract",2019,"transportation_rnk",0.1537
"19153011600","tract",2019,"transportation_rnk",NA
"19153011701","tract",2019,"transportation_rnk",6.336
"19153011702","tract",2019,"transportation_rnk",68.9517
"19155021200","tract",2019,"transportation_rnk",36.4661
"19155021400","tract",2019,"transportation_rnk",0.8435
"19155021501","tract",2019,"transportation_rnk",17.2393
"19155021502","tract",2019,"transportation_rnk",20.5738
"19155021602","tract",2019,"transportation_rnk",12.0529
"19155021603","tract",2019,"transportation_rnk",1.1326
"19155021701","tract",2019,"transportation_rnk",12.4013
"19155021702","tract",2019,"transportation_rnk",4.7139
"19155030100","tract",2019,"transportation_rnk",48.9816
"19155030200","tract",2019,"transportation_rnk",69.7063
"19155030300","tract",2019,"transportation_rnk",40.1687
"19155030401","tract",2019,"transportation_rnk",57.5999
"19155030402","tract",2019,"transportation_rnk",52.4543
"19155030501","tract",2019,"transportation_rnk",60.1811
"19155030502","tract",2019,"transportation_rnk",28.144
"19155030601","tract",2019,"transportation_rnk",46.1563
"19155030602","tract",2019,"transportation_rnk",74.8984
"19155030700","tract",2019,"transportation_rnk",60.1811
"19155030800","tract",2019,"transportation_rnk",54.2922
"19155030900","tract",2019,"transportation_rnk",80.5405
"19155031000","tract",2019,"transportation_rnk",52.4543
"19155031100","tract",2019,"transportation_rnk",39.0107
"19155031200","tract",2019,"transportation_rnk",54.1201
"19155031300","tract",2019,"transportation_rnk",29.2781
"19155031400","tract",2019,"transportation_rnk",48.6939
"19155031601","tract",2019,"transportation_rnk",1.5389
"19155031602","tract",2019,"transportation_rnk",38.9176
"19155031700","tract",2019,"transportation_rnk",40.3662
"19155031800","tract",2019,"transportation_rnk",54.2358
"19155031900","tract",2019,"transportation_rnk",6.439
"19157370100","tract",2019,"transportation_rnk",8.717
"19157370200","tract",2019,"transportation_rnk",5.1738
"19157370300","tract",2019,"transportation_rnk",85.5352
"19157370400","tract",2019,"transportation_rnk",48.1113
"19157370500","tract",2019,"transportation_rnk",0.9803
"19159950100","tract",2019,"transportation_rnk",11.7242
"19159950200","tract",2019,"transportation_rnk",5.7422
"19161080100","tract",2019,"transportation_rnk",7.8481
"19161080200","tract",2019,"transportation_rnk",6.3896
"19161080300","tract",2019,"transportation_rnk",11.3674
"19161080400","tract",2019,"transportation_rnk",10.4195
"19163010101","tract",2019,"transportation_rnk",0.1298
"19163010102","tract",2019,"transportation_rnk",55.5194
"19163010201","tract",2019,"transportation_rnk",1.151
"19163010202","tract",2019,"transportation_rnk",0.1961
"19163010300","tract",2019,"transportation_rnk",4.7139
"19163010401","tract",2019,"transportation_rnk",4.5715
"19163010402","tract",2019,"transportation_rnk",0.773
"19163010600","tract",2019,"transportation_rnk",80.9679
"19163010700","tract",2019,"transportation_rnk",39.4225
"19163010800","tract",2019,"transportation_rnk",65.8697
"19163010900","tract",2019,"transportation_rnk",84.0978
"19163011000","tract",2019,"transportation_rnk",53.6405
"19163011100","tract",2019,"transportation_rnk",49.9704
"19163011200","tract",2019,"transportation_rnk",71.3665
"19163011300","tract",2019,"transportation_rnk",84.9272
"19163011400","tract",2019,"transportation_rnk",69.9969
"19163011500","tract",2019,"transportation_rnk",63.2377
"19163011600","tract",2019,"transportation_rnk",44.2324
"19163011700","tract",2019,"transportation_rnk",58.0428
"19163011800","tract",2019,"transportation_rnk",10.9301
"19163011900","tract",2019,"transportation_rnk",60.1388
"19163012000","tract",2019,"transportation_rnk",8.0583
"19163012100","tract",2019,"transportation_rnk",58.1895
"19163012200","tract",2019,"transportation_rnk",21.6204
"19163012300","tract",2019,"transportation_rnk",55.0891
"19163012400","tract",2019,"transportation_rnk",1.2864
"19163012501","tract",2019,"transportation_rnk",61.916
"19163012502","tract",2019,"transportation_rnk",42.4072
"19163012601","tract",2019,"transportation_rnk",52.6151
"19163012602","tract",2019,"transportation_rnk",58.6563
"19163012701","tract",2019,"transportation_rnk",54.8155
"19163012702","tract",2019,"transportation_rnk",37.2955
"19163012801","tract",2019,"transportation_rnk",60.0499
"19163012802","tract",2019,"transportation_rnk",63.3012
"19163012901","tract",2019,"transportation_rnk",17.4495
"19163012902","tract",2019,"transportation_rnk",55.0341
"19163013000","tract",2019,"transportation_rnk",45.2804
"19163013100","tract",2019,"transportation_rnk",40.6878
"19163013200","tract",2019,"transportation_rnk",9.1698
"19163013300","tract",2019,"transportation_rnk",54.4657
"19163013400","tract",2019,"transportation_rnk",51.3047
"19163013500","tract",2019,"transportation_rnk",43.0574
"19163013600","tract",2019,"transportation_rnk",47.1536
"19163013702","tract",2019,"transportation_rnk",40.7569
"19163013703","tract",2019,"transportation_rnk",38.6256
"19163013705","tract",2019,"transportation_rnk",58.7198
"19163013706","tract",2019,"transportation_rnk",40.0164
"19165960100","tract",2019,"transportation_rnk",21.8912
"19165960200","tract",2019,"transportation_rnk",5.8466
"19165960300","tract",2019,"transportation_rnk",33.3517
"19165960400","tract",2019,"transportation_rnk",38.5353
"19167070100","tract",2019,"transportation_rnk",12.3152
"19167070200","tract",2019,"transportation_rnk",3.6702
"19167070300","tract",2019,"transportation_rnk",19.4412
"19167070400","tract",2019,"transportation_rnk",24.5642
"19167070500","tract",2019,"transportation_rnk",6.061
"19167070600","tract",2019,"transportation_rnk",14.5156
"19167070700","tract",2019,"transportation_rnk",45.0251
"19169000100","tract",2019,"transportation_rnk",33.5153
"19169000200","tract",2019,"transportation_rnk",56.9877
"19169000300","tract",2019,"transportation_rnk",69.8361
"19169000400","tract",2019,"transportation_rnk",67.3508
"19169000500","tract",2019,"transportation_rnk",NA
"19169000600","tract",2019,"transportation_rnk",47.045
"19169000700","tract",2019,"transportation_rnk",88.809
"19169000800","tract",2019,"transportation_rnk",NA
"19169000900","tract",2019,"transportation_rnk",75.0183
"19169001000","tract",2019,"transportation_rnk",80.3162
"19169001100","tract",2019,"transportation_rnk",74.8984
"19169001200","tract",2019,"transportation_rnk",NA
"19169001301","tract",2019,"transportation_rnk",69.1238
"19169001302","tract",2019,"transportation_rnk",19.4412
"19169010100","tract",2019,"transportation_rnk",10.8046
"19169010200","tract",2019,"transportation_rnk",13.304
"19169010300","tract",2019,"transportation_rnk",14.6087
"19169010400","tract",2019,"transportation_rnk",11.5098
"19169010500","tract",2019,"transportation_rnk",24.1932
"19169010600","tract",2019,"transportation_rnk",15.2703
"19171290100","tract",2019,"transportation_rnk",28.4741
"19171290200","tract",2019,"transportation_rnk",9.4448
"19171290300","tract",2019,"transportation_rnk",17.544
"19171290400","tract",2019,"transportation_rnk",11.964
"19171290500","tract",2019,"transportation_rnk",31.2401
"19171290600","tract",2019,"transportation_rnk",10.9301
"19173180100","tract",2019,"transportation_rnk",43.8854
"19173180200","tract",2019,"transportation_rnk",17.3099
"19173180300","tract",2019,"transportation_rnk",16.4988
"19175190100","tract",2019,"transportation_rnk",22.5612
"19175190200","tract",2019,"transportation_rnk",72.6966
"19175190300","tract",2019,"transportation_rnk",13.8879
"19175190400","tract",2019,"transportation_rnk",65.5129
"19177950100","tract",2019,"transportation_rnk",49.2482
"19177950200","tract",2019,"transportation_rnk",55.6773
"19179960100","tract",2019,"transportation_rnk",2.6151
"19179960200","tract",2019,"transportation_rnk",69.1238
"19179960300","tract",2019,"transportation_rnk",7.7861
"19179960400","tract",2019,"transportation_rnk",64.5156
"19179960500","tract",2019,"transportation_rnk",72.0351
"19179960600","tract",2019,"transportation_rnk",72.5993
"19179960700","tract",2019,"transportation_rnk",2.3217
"19179960800","tract",2019,"transportation_rnk",42.4749
"19179960900","tract",2019,"transportation_rnk",61.2602
"19179961000","tract",2019,"transportation_rnk",63.0586
"19179961100","tract",2019,"transportation_rnk",13.1531
"19181020100","tract",2019,"transportation_rnk",1.7773
"19181020200","tract",2019,"transportation_rnk",3.3429
"19181020300","tract",2019,"transportation_rnk",1.5671
"19181020400","tract",2019,"transportation_rnk",8.4702
"19181020500","tract",2019,"transportation_rnk",0.1537
"19181020600","tract",2019,"transportation_rnk",0.7038
"19181020700","tract",2019,"transportation_rnk",52.4994
"19181020800","tract",2019,"transportation_rnk",69.0039
"19181020900","tract",2019,"transportation_rnk",33.0682
"19181021000","tract",2019,"transportation_rnk",36.2362
"19181021100","tract",2019,"transportation_rnk",2.7801
"19181021200","tract",2019,"transportation_rnk",5.8466
"19183960100","tract",2019,"transportation_rnk",38.9176
"19183960200","tract",2019,"transportation_rnk",13.9796
"19183960300","tract",2019,"transportation_rnk",21.3369
"19183960400","tract",2019,"transportation_rnk",54.5263
"19183960500","tract",2019,"transportation_rnk",11.6523
"19185070100","tract",2019,"transportation_rnk",30.1738
"19185070200","tract",2019,"transportation_rnk",22.4794
"19185070300","tract",2019,"transportation_rnk",72.9406
"19187000100","tract",2019,"transportation_rnk",65.1856
"19187000200","tract",2019,"transportation_rnk",3.6702
"19187000300","tract",2019,"transportation_rnk",19.7867
"19187000400","tract",2019,"transportation_rnk",64.8231
"19187000500","tract",2019,"transportation_rnk",0.2229
"19187000600","tract",2019,"transportation_rnk",64.3238
"19187000700","tract",2019,"transportation_rnk",91.6554
"19187000900","tract",2019,"transportation_rnk",NA
"19187010100","tract",2019,"transportation_rnk",18.7444
"19187010200","tract",2019,"transportation_rnk",8.851
"19187010300","tract",2019,"transportation_rnk",11.2884
"19187010400","tract",2019,"transportation_rnk",10.119
"19189680100","tract",2019,"transportation_rnk",17.836
"19189680200","tract",2019,"transportation_rnk",17.7499
"19189680300","tract",2019,"transportation_rnk",48.2411
"19191950100","tract",2019,"transportation_rnk",10.8046
"19191950200","tract",2019,"transportation_rnk",NA
"19191950300","tract",2019,"transportation_rnk",84.8595
"19191950400","tract",2019,"transportation_rnk",24.9013
"19191950500","tract",2019,"transportation_rnk",9.4448
"19193000100","tract",2019,"transportation_rnk",70.4412
"19193000200","tract",2019,"transportation_rnk",68.0306
"19193000300","tract",2019,"transportation_rnk",65.6666
"19193000400","tract",2019,"transportation_rnk",64.1277
"19193000500","tract",2019,"transportation_rnk",71.7925
"19193000600","tract",2019,"transportation_rnk",65.156
"19193000700","tract",2019,"transportation_rnk",76.072
"19193000800","tract",2019,"transportation_rnk",72.8109
"19193000900","tract",2019,"transportation_rnk",71.1987
"19193001000","tract",2019,"transportation_rnk",87.287
"19193001100","tract",2019,"transportation_rnk",80.4728
"19193001200","tract",2019,"transportation_rnk",88.9331
"19193001300","tract",2019,"transportation_rnk",82.4602
"19193001400","tract",2019,"transportation_rnk",79.1765
"19193001500","tract",2019,"transportation_rnk",83.1613
"19193001800","tract",2019,"transportation_rnk",74.3131
"19193001900","tract",2019,"transportation_rnk",73.0281
"19193002000","tract",2019,"transportation_rnk",70.9335
"19193002101","tract",2019,"transportation_rnk",64.4747
"19193002102","tract",2019,"transportation_rnk",65.2956
"19193003100","tract",2019,"transportation_rnk",20.4116
"19193003200","tract",2019,"transportation_rnk",3.5742
"19193003300","tract",2019,"transportation_rnk",0.6432
"19193003500","tract",2019,"transportation_rnk",5.3191
"19193003600","tract",2019,"transportation_rnk",80.635
"19193940200","tract",2019,"transportation_rnk",NA
"19195690100","tract",2019,"transportation_rnk",14.6087
"19195690200","tract",2019,"transportation_rnk",15.5143
"19195690300","tract",2019,"transportation_rnk",2.4966
"19197680100","tract",2019,"transportation_rnk",33.1584
"19197680200","tract",2019,"transportation_rnk",3.5065
"19197680300","tract",2019,"transportation_rnk",41.7217
"19197680400","tract",2019,"transportation_rnk",16.6413
"19197680500","tract",2019,"transportation_rnk",18.9249
"19001960100","tract",2019,"transportation_state_rnk",46.2392
"19001960200","tract",2019,"transportation_state_rnk",47.5956
"19001960300","tract",2019,"transportation_state_rnk",26.2022
"19003950100","tract",2019,"transportation_state_rnk",33.8471
"19003950200","tract",2019,"transportation_state_rnk",38.2244
"19005960100","tract",2019,"transportation_state_rnk",47.1023
"19005960200","tract",2019,"transportation_state_rnk",41.4303
"19005960300","tract",2019,"transportation_state_rnk",58.693
"19005960400","tract",2019,"transportation_state_rnk",59.1245
"19005960500","tract",2019,"transportation_state_rnk",70.9618
"19007950100","tract",2019,"transportation_state_rnk",14.18
"19007950200","tract",2019,"transportation_state_rnk",39.3342
"19007950300","tract",2019,"transportation_state_rnk",57.2133
"19007950400","tract",2019,"transportation_state_rnk",23.9211
"19007950500","tract",2019,"transportation_state_rnk",45.6843
"19009070100","tract",2019,"transportation_state_rnk",22.3798
"19009070200","tract",2019,"transportation_state_rnk",51.1097
"19009070300","tract",2019,"transportation_state_rnk",25.6473
"19011960100","tract",2019,"transportation_state_rnk",0.2466
"19011960200","tract",2019,"transportation_state_rnk",29.2848
"19011960300","tract",2019,"transportation_state_rnk",52.651
"19011960400","tract",2019,"transportation_state_rnk",28.545
"19011960500","tract",2019,"transportation_state_rnk",13.8101
"19011960600","tract",2019,"transportation_state_rnk",32.3674
"19011960700","tract",2019,"transportation_state_rnk",31.1961
"19013000100","tract",2019,"transportation_state_rnk",99.8767
"19013000200","tract",2019,"transportation_state_rnk",97.5339
"19013000300","tract",2019,"transportation_state_rnk",97.164
"19013000400","tract",2019,"transportation_state_rnk",89.8274
"19013000500","tract",2019,"transportation_state_rnk",93.5882
"19013000700","tract",2019,"transportation_state_rnk",97.164
"19013000800","tract",2019,"transportation_state_rnk",91.6769
"19013000900","tract",2019,"transportation_state_rnk",72.2565
"19013001000","tract",2019,"transportation_state_rnk",90.8755
"19013001100","tract",2019,"transportation_state_rnk",84.7102
"19013001200","tract",2019,"transportation_state_rnk",75.9556
"19013001301","tract",2019,"transportation_state_rnk",94.5746
"19013001302","tract",2019,"transportation_state_rnk",87.1147
"19013001400","tract",2019,"transportation_state_rnk",81.7509
"19013001501","tract",2019,"transportation_state_rnk",96.0543
"19013001502","tract",2019,"transportation_state_rnk",82.3674
"19013001503","tract",2019,"transportation_state_rnk",84.0937
"19013001600","tract",2019,"transportation_state_rnk",94.6979
"19013001701","tract",2019,"transportation_state_rnk",95.9309
"19013001702","tract",2019,"transportation_state_rnk",74.106
"19013001800","tract",2019,"transportation_state_rnk",71.1467
"19013001900","tract",2019,"transportation_state_rnk",95.6843
"19013002000","tract",2019,"transportation_state_rnk",78.7916
"19013002200","tract",2019,"transportation_state_rnk",93.0949
"19013002301","tract",2019,"transportation_state_rnk",94.328
"19013002303","tract",2019,"transportation_state_rnk",NA
"19013002304","tract",2019,"transportation_state_rnk",94.2047
"19013002400","tract",2019,"transportation_state_rnk",89.5191
"19013002500","tract",2019,"transportation_state_rnk",88.1628
"19013002601","tract",2019,"transportation_state_rnk",17.5709
"19013002603","tract",2019,"transportation_state_rnk",83.5388
"19013002604","tract",2019,"transportation_state_rnk",1.1097
"19013002700","tract",2019,"transportation_state_rnk",7.09
"19013002800","tract",2019,"transportation_state_rnk",13.0703
"19013002901","tract",2019,"transportation_state_rnk",0
"19013002902","tract",2019,"transportation_state_rnk",6.0419
"19013003001","tract",2019,"transportation_state_rnk",13.9334
"19013003002","tract",2019,"transportation_state_rnk",16.0912
"19015020100","tract",2019,"transportation_state_rnk",10.2343
"19015020200","tract",2019,"transportation_state_rnk",18.3107
"19015020300","tract",2019,"transportation_state_rnk",49.0136
"19015020400","tract",2019,"transportation_state_rnk",24.5376
"19015020500","tract",2019,"transportation_state_rnk",29.0382
"19015020600","tract",2019,"transportation_state_rnk",19.6671
"19015020700","tract",2019,"transportation_state_rnk",29.7164
"19017004000","tract",2019,"transportation_state_rnk",NA
"19017004100","tract",2019,"transportation_state_rnk",2.9593
"19017004200","tract",2019,"transportation_state_rnk",44.328
"19017004300","tract",2019,"transportation_state_rnk",16.2762
"19017004400","tract",2019,"transportation_state_rnk",22.3798
"19017004500","tract",2019,"transportation_state_rnk",15.2898
"19017004600","tract",2019,"transportation_state_rnk",19.4205
"19017004700","tract",2019,"transportation_state_rnk",39.5191
"19019950100","tract",2019,"transportation_state_rnk",51.603
"19019950200","tract",2019,"transportation_state_rnk",73.9827
"19019950300","tract",2019,"transportation_state_rnk",47.7189
"19019950400","tract",2019,"transportation_state_rnk",60.9741
"19019950500","tract",2019,"transportation_state_rnk",48.1504
"19019950600","tract",2019,"transportation_state_rnk",16.3995
"19021960100","tract",2019,"transportation_state_rnk",46.7941
"19021960200","tract",2019,"transportation_state_rnk",46.7941
"19021960300","tract",2019,"transportation_state_rnk",29.8397
"19021960400","tract",2019,"transportation_state_rnk",66.7078
"19021960500","tract",2019,"transportation_state_rnk",86.3132
"19021960600","tract",2019,"transportation_state_rnk",5.4254
"19023070100","tract",2019,"transportation_state_rnk",23.4279
"19023070200","tract",2019,"transportation_state_rnk",27.0037
"19023070300","tract",2019,"transportation_state_rnk",43.7115
"19023070400","tract",2019,"transportation_state_rnk",40.9988
"19023070500","tract",2019,"transportation_state_rnk",4.3773
"19025950100","tract",2019,"transportation_state_rnk",5.5487
"19025950200","tract",2019,"transportation_state_rnk",6.8434
"19025950300","tract",2019,"transportation_state_rnk",7.5216
"19025950400","tract",2019,"transportation_state_rnk",37.3613
"19027960100","tract",2019,"transportation_state_rnk",1.603
"19027960200","tract",2019,"transportation_state_rnk",9.1245
"19027960300","tract",2019,"transportation_state_rnk",65.9063
"19027960400","tract",2019,"transportation_state_rnk",75.5857
"19027960500","tract",2019,"transportation_state_rnk",47.9655
"19027960600","tract",2019,"transportation_state_rnk",32.9223
"19029190100","tract",2019,"transportation_state_rnk",40.9988
"19029190200","tract",2019,"transportation_state_rnk",26.6954
"19029190300","tract",2019,"transportation_state_rnk",6.1652
"19029190400","tract",2019,"transportation_state_rnk",59.8027
"19029190500","tract",2019,"transportation_state_rnk",67.3243
"19031450100","tract",2019,"transportation_state_rnk",40.9988
"19031450200","tract",2019,"transportation_state_rnk",14.4883
"19031450300","tract",2019,"transportation_state_rnk",50.8015
"19031450400","tract",2019,"transportation_state_rnk",17.5709
"19031450500","tract",2019,"transportation_state_rnk",21.3933
"19033950102","tract",2019,"transportation_state_rnk",66.9544
"19033950200","tract",2019,"transportation_state_rnk",70.2219
"19033950300","tract",2019,"transportation_state_rnk",87.4229
"19033950402","tract",2019,"transportation_state_rnk",79.6547
"19033950600","tract",2019,"transportation_state_rnk",6.4735
"19033950700","tract",2019,"transportation_state_rnk",19.1122
"19033950800","tract",2019,"transportation_state_rnk",62.0222
"19033950900","tract",2019,"transportation_state_rnk",35.4501
"19033951000","tract",2019,"transportation_state_rnk",34.0937
"19033951400","tract",2019,"transportation_state_rnk",8.2614
"19033951600","tract",2019,"transportation_state_rnk",60.1726
"19035080100","tract",2019,"transportation_state_rnk",55.857
"19035080200","tract",2019,"transportation_state_rnk",22.688
"19035080300","tract",2019,"transportation_state_rnk",50.6165
"19035080400","tract",2019,"transportation_state_rnk",6.2885
"19037070100","tract",2019,"transportation_state_rnk",8.7546
"19037070200","tract",2019,"transportation_state_rnk",32.1825
"19037070300","tract",2019,"transportation_state_rnk",45.3144
"19037070400","tract",2019,"transportation_state_rnk",38.2244
"19039960100","tract",2019,"transportation_state_rnk",52.9593
"19039960200","tract",2019,"transportation_state_rnk",56.8434
"19039960300","tract",2019,"transportation_state_rnk",8.508
"19041080100","tract",2019,"transportation_state_rnk",27.8668
"19041080200","tract",2019,"transportation_state_rnk",88.7793
"19041080300","tract",2019,"transportation_state_rnk",77.4353
"19041080400","tract",2019,"transportation_state_rnk",15.6597
"19043070100","tract",2019,"transportation_state_rnk",34.5253
"19043070200","tract",2019,"transportation_state_rnk",42.0469
"19043070300","tract",2019,"transportation_state_rnk",63.8718
"19043070400","tract",2019,"transportation_state_rnk",41.4303
"19043070500","tract",2019,"transportation_state_rnk",78.2367
"19043070600","tract",2019,"transportation_state_rnk",31.7509
"19045000100","tract",2019,"transportation_state_rnk",98.0271
"19045000200","tract",2019,"transportation_state_rnk",86.4365
"19045000300","tract",2019,"transportation_state_rnk",72.6264
"19045000400","tract",2019,"transportation_state_rnk",48.1504
"19045000500","tract",2019,"transportation_state_rnk",83.1073
"19045000600","tract",2019,"transportation_state_rnk",85.3268
"19045000700","tract",2019,"transportation_state_rnk",64.365
"19045000800","tract",2019,"transportation_state_rnk",30.148
"19045000900","tract",2019,"transportation_state_rnk",38.9642
"19045001000","tract",2019,"transportation_state_rnk",11.7756
"19045001100","tract",2019,"transportation_state_rnk",19.6671
"19045001200","tract",2019,"transportation_state_rnk",17.0777
"19047070100","tract",2019,"transportation_state_rnk",25.2158
"19047070200","tract",2019,"transportation_state_rnk",20.2836
"19047070300","tract",2019,"transportation_state_rnk",14.4883
"19047070400","tract",2019,"transportation_state_rnk",43.9581
"19047070500","tract",2019,"transportation_state_rnk",1.9112
"19049050100","tract",2019,"transportation_state_rnk",3.6991
"19049050200","tract",2019,"transportation_state_rnk",12.762
"19049050300","tract",2019,"transportation_state_rnk",46.4858
"19049050400","tract",2019,"transportation_state_rnk",52.4044
"19049050500","tract",2019,"transportation_state_rnk",1.2947
"19049050600","tract",2019,"transportation_state_rnk",21.8249
"19049050700","tract",2019,"transportation_state_rnk",52.2811
"19049050803","tract",2019,"transportation_state_rnk",4.8089
"19049050805","tract",2019,"transportation_state_rnk",2.0962
"19049050807","tract",2019,"transportation_state_rnk",77.127
"19049050809","tract",2019,"transportation_state_rnk",22.1332
"19049050811","tract",2019,"transportation_state_rnk",81.0727
"19049050812","tract",2019,"transportation_state_rnk",9.7411
"19049050901","tract",2019,"transportation_state_rnk",72.0099
"19049050902","tract",2019,"transportation_state_rnk",16.6461
"19051080100","tract",2019,"transportation_state_rnk",62.1455
"19051080200","tract",2019,"transportation_state_rnk",91.8619
"19053960100","tract",2019,"transportation_state_rnk",61.1591
"19053960200","tract",2019,"transportation_state_rnk",92.1085
"19053960300","tract",2019,"transportation_state_rnk",45.6843
"19055950100","tract",2019,"transportation_state_rnk",40.9988
"19055950200","tract",2019,"transportation_state_rnk",10.9741
"19055950300","tract",2019,"transportation_state_rnk",10.5425
"19055950400","tract",2019,"transportation_state_rnk",30.148
"19057000200","tract",2019,"transportation_state_rnk",71.8249
"19057000300","tract",2019,"transportation_state_rnk",71.5166
"19057000400","tract",2019,"transportation_state_rnk",92.3551
"19057000500","tract",2019,"transportation_state_rnk",81.6276
"19057000600","tract",2019,"transportation_state_rnk",68.1258
"19057000700","tract",2019,"transportation_state_rnk",45.6843
"19057000800","tract",2019,"transportation_state_rnk",53.3909
"19057000900","tract",2019,"transportation_state_rnk",63.4402
"19057001000","tract",2019,"transportation_state_rnk",13.6868
"19057001100","tract",2019,"transportation_state_rnk",1.2947
"19057001200","tract",2019,"transportation_state_rnk",4.6856
"19059450200","tract",2019,"transportation_state_rnk",17.5709
"19059450500","tract",2019,"transportation_state_rnk",48.767
"19059450800","tract",2019,"transportation_state_rnk",22.9346
"19059451000","tract",2019,"transportation_state_rnk",18.619
"19059451100","tract",2019,"transportation_state_rnk",64.8582
"19061000100","tract",2019,"transportation_state_rnk",98.397
"19061000300","tract",2019,"transportation_state_rnk",77.5586
"19061000400","tract",2019,"transportation_state_rnk",76.0789
"19061000500","tract",2019,"transportation_state_rnk",96.5475
"19061000600","tract",2019,"transportation_state_rnk",71.3317
"19061000701","tract",2019,"transportation_state_rnk",93.4649
"19061000702","tract",2019,"transportation_state_rnk",89.2725
"19061000801","tract",2019,"transportation_state_rnk",48.767
"19061000802","tract",2019,"transportation_state_rnk",63.7485
"19061000900","tract",2019,"transportation_state_rnk",81.4427
"19061001101","tract",2019,"transportation_state_rnk",78.545
"19061001102","tract",2019,"transportation_state_rnk",59.4328
"19061001201","tract",2019,"transportation_state_rnk",80.8878
"19061001202","tract",2019,"transportation_state_rnk",63.1319
"19061001204","tract",2019,"transportation_state_rnk",66.5228
"19061001205","tract",2019,"transportation_state_rnk",70.4069
"19061010101","tract",2019,"transportation_state_rnk",24.2293
"19061010103","tract",2019,"transportation_state_rnk",64.6732
"19061010104","tract",2019,"transportation_state_rnk",3.4525
"19061010105","tract",2019,"transportation_state_rnk",1.4797
"19061010201","tract",2019,"transportation_state_rnk",10.3576
"19061010202","tract",2019,"transportation_state_rnk",11.4673
"19061010300","tract",2019,"transportation_state_rnk",29.5314
"19061010400","tract",2019,"transportation_state_rnk",37.238
"19061010500","tract",2019,"transportation_state_rnk",27.8668
"19061010600","tract",2019,"transportation_state_rnk",45.6843
"19063070100","tract",2019,"transportation_state_rnk",12.762
"19063070200","tract",2019,"transportation_state_rnk",10.7275
"19063070300","tract",2019,"transportation_state_rnk",55.6104
"19063070400","tract",2019,"transportation_state_rnk",36.6215
"19065080100","tract",2019,"transportation_state_rnk",58.1998
"19065080200","tract",2019,"transportation_state_rnk",59.1245
"19065080300","tract",2019,"transportation_state_rnk",8.3847
"19065080400","tract",2019,"transportation_state_rnk",26.6954
"19065080500","tract",2019,"transportation_state_rnk",64.4883
"19065080600","tract",2019,"transportation_state_rnk",52.9593
"19065080700","tract",2019,"transportation_state_rnk",22.688
"19067480100","tract",2019,"transportation_state_rnk",66.1529
"19067480200","tract",2019,"transportation_state_rnk",51.3564
"19067480300","tract",2019,"transportation_state_rnk",51.3564
"19067480400","tract",2019,"transportation_state_rnk",57.3366
"19067480500","tract",2019,"transportation_state_rnk",70.2219
"19069360100","tract",2019,"transportation_state_rnk",24.4143
"19069360200","tract",2019,"transportation_state_rnk",48.397
"19069360300","tract",2019,"transportation_state_rnk",35.4501
"19071970100","tract",2019,"transportation_state_rnk",46.6091
"19071970200","tract",2019,"transportation_state_rnk",29.2848
"19071970300","tract",2019,"transportation_state_rnk",26.2022
"19073080100","tract",2019,"transportation_state_rnk",33.8471
"19073080200","tract",2019,"transportation_state_rnk",38.2244
"19073080300","tract",2019,"transportation_state_rnk",43.0333
"19073080500","tract",2019,"transportation_state_rnk",19.852
"19075960100","tract",2019,"transportation_state_rnk",21.3933
"19075960200","tract",2019,"transportation_state_rnk",11.1591
"19075960300","tract",2019,"transportation_state_rnk",42.0469
"19075960400","tract",2019,"transportation_state_rnk",35.9433
"19077950100","tract",2019,"transportation_state_rnk",49.7534
"19077950200","tract",2019,"transportation_state_rnk",28.73
"19077950300","tract",2019,"transportation_state_rnk",34.8952
"19079960100","tract",2019,"transportation_state_rnk",25.894
"19079960200","tract",2019,"transportation_state_rnk",31.566
"19079960300","tract",2019,"transportation_state_rnk",13.4402
"19079960400","tract",2019,"transportation_state_rnk",47.349
"19079960500","tract",2019,"transportation_state_rnk",35.1418
"19081270100","tract",2019,"transportation_state_rnk",6.4735
"19081270200","tract",2019,"transportation_state_rnk",48.582
"19081270300","tract",2019,"transportation_state_rnk",28.1751
"19081270400","tract",2019,"transportation_state_rnk",50.185
"19083480100","tract",2019,"transportation_state_rnk",38.2244
"19083480200","tract",2019,"transportation_state_rnk",43.9581
"19083480300","tract",2019,"transportation_state_rnk",24.9075
"19083480400","tract",2019,"transportation_state_rnk",38.7176
"19083480500","tract",2019,"transportation_state_rnk",23.4279
"19083480600","tract",2019,"transportation_state_rnk",47.8422
"19085290100","tract",2019,"transportation_state_rnk",39.5191
"19085290200","tract",2019,"transportation_state_rnk",51.9112
"19085290300","tract",2019,"transportation_state_rnk",25.894
"19085290400","tract",2019,"transportation_state_rnk",73.7361
"19085290500","tract",2019,"transportation_state_rnk",19.1122
"19087970100","tract",2019,"transportation_state_rnk",7.3983
"19087970200","tract",2019,"transportation_state_rnk",1.7263
"19087970300","tract",2019,"transportation_state_rnk",44.6363
"19087970400","tract",2019,"transportation_state_rnk",54.8089
"19087970500","tract",2019,"transportation_state_rnk",15.0432
"19089960100","tract",2019,"transportation_state_rnk",65.7213
"19089960200","tract",2019,"transportation_state_rnk",43.4032
"19089960300","tract",2019,"transportation_state_rnk",62.6387
"19091970100","tract",2019,"transportation_state_rnk",16.5228
"19091970200","tract",2019,"transportation_state_rnk",28.1751
"19091970300","tract",2019,"transportation_state_rnk",20.7768
"19091970400","tract",2019,"transportation_state_rnk",41.4303
"19093090100","tract",2019,"transportation_state_rnk",50.9248
"19093090200","tract",2019,"transportation_state_rnk",45.9926
"19093090300","tract",2019,"transportation_state_rnk",55.4254
"19095960100","tract",2019,"transportation_state_rnk",22.1332
"19095960200","tract",2019,"transportation_state_rnk",17.5709
"19095960300","tract",2019,"transportation_state_rnk",54.9938
"19095960400","tract",2019,"transportation_state_rnk",52.0962
"19097950100","tract",2019,"transportation_state_rnk",17.2626
"19097950200","tract",2019,"transportation_state_rnk",35.4501
"19097950300","tract",2019,"transportation_state_rnk",4.0691
"19097950400","tract",2019,"transportation_state_rnk",44.5129
"19097950500","tract",2019,"transportation_state_rnk",54.3157
"19097950600","tract",2019,"transportation_state_rnk",49.4451
"19099040100","tract",2019,"transportation_state_rnk",12.5154
"19099040200","tract",2019,"transportation_state_rnk",7.275
"19099040300","tract",2019,"transportation_state_rnk",64.6732
"19099040400","tract",2019,"transportation_state_rnk",57.5216
"19099040500","tract",2019,"transportation_state_rnk",87.8545
"19099040600","tract",2019,"transportation_state_rnk",17.0777
"19099040700","tract",2019,"transportation_state_rnk",20.037
"19099040800","tract",2019,"transportation_state_rnk",33.5388
"19099040900","tract",2019,"transportation_state_rnk",37.6695
"19101090100","tract",2019,"transportation_state_rnk",23.4279
"19101090200","tract",2019,"transportation_state_rnk",33.2922
"19101090300","tract",2019,"transportation_state_rnk",92.9716
"19101090400","tract",2019,"transportation_state_rnk",68.4957
"19103000100","tract",2019,"transportation_state_rnk",98.8903
"19103000200","tract",2019,"transportation_state_rnk",99.1369
"19103000301","tract",2019,"transportation_state_rnk",49.1985
"19103000302","tract",2019,"transportation_state_rnk",98.6436
"19103000400","tract",2019,"transportation_state_rnk",83.5388
"19103000500","tract",2019,"transportation_state_rnk",99.2602
"19103000600","tract",2019,"transportation_state_rnk",99.7534
"19103001100","tract",2019,"transportation_state_rnk",100
"19103001200","tract",2019,"transportation_state_rnk",99.0136
"19103001300","tract",2019,"transportation_state_rnk",95.4377
"19103001400","tract",2019,"transportation_state_rnk",98.1504
"19103001500","tract",2019,"transportation_state_rnk",78.6683
"19103001600","tract",2019,"transportation_state_rnk",99.6301
"19103001700","tract",2019,"transportation_state_rnk",97.7805
"19103001801","tract",2019,"transportation_state_rnk",96.3009
"19103001802","tract",2019,"transportation_state_rnk",97.9038
"19103002100","tract",2019,"transportation_state_rnk",NA
"19103002300","tract",2019,"transportation_state_rnk",NA
"19103010100","tract",2019,"transportation_state_rnk",14.0567
"19103010200","tract",2019,"transportation_state_rnk",0.1233
"19103010301","tract",2019,"transportation_state_rnk",25.2158
"19103010302","tract",2019,"transportation_state_rnk",29.5314
"19103010400","tract",2019,"transportation_state_rnk",77.6819
"19103010500","tract",2019,"transportation_state_rnk",57.7065
"19105070100","tract",2019,"transportation_state_rnk",27.2503
"19105070300","tract",2019,"transportation_state_rnk",62.947
"19105070400","tract",2019,"transportation_state_rnk",60.7275
"19105070500","tract",2019,"transportation_state_rnk",44.143
"19105070600","tract",2019,"transportation_state_rnk",62.3921
"19107080100","tract",2019,"transportation_state_rnk",19.1122
"19107080200","tract",2019,"transportation_state_rnk",49.5684
"19107080300","tract",2019,"transportation_state_rnk",62.947
"19107080400","tract",2019,"transportation_state_rnk",33.1073
"19109950100","tract",2019,"transportation_state_rnk",60.4809
"19109950200","tract",2019,"transportation_state_rnk",30.8878
"19109950300","tract",2019,"transportation_state_rnk",55.9803
"19109950400","tract",2019,"transportation_state_rnk",39.2109
"19109950500","tract",2019,"transportation_state_rnk",25.524
"19109950600","tract",2019,"transportation_state_rnk",19.4205
"19111490100","tract",2019,"transportation_state_rnk",1.9112
"19111490200","tract",2019,"transportation_state_rnk",43.7115
"19111490300","tract",2019,"transportation_state_rnk",12.5154
"19111490400","tract",2019,"transportation_state_rnk",27.2503
"19111490500","tract",2019,"transportation_state_rnk",2.4661
"19111490600","tract",2019,"transportation_state_rnk",8.9396
"19111490700","tract",2019,"transportation_state_rnk",18.8656
"19111490800","tract",2019,"transportation_state_rnk",71.64
"19111490900","tract",2019,"transportation_state_rnk",68.4957
"19111491000","tract",2019,"transportation_state_rnk",49.3218
"19111491100","tract",2019,"transportation_state_rnk",50.3083
"19113000100","tract",2019,"transportation_state_rnk",42.0469
"19113000201","tract",2019,"transportation_state_rnk",54.8089
"19113000203","tract",2019,"transportation_state_rnk",36.1899
"19113000205","tract",2019,"transportation_state_rnk",2.2195
"19113000206","tract",2019,"transportation_state_rnk",7.7065
"19113000207","tract",2019,"transportation_state_rnk",75.4624
"19113000300","tract",2019,"transportation_state_rnk",55.4254
"19113000400","tract",2019,"transportation_state_rnk",38.2244
"19113000500","tract",2019,"transportation_state_rnk",40.074
"19113000600","tract",2019,"transportation_state_rnk",46.2392
"19113000700","tract",2019,"transportation_state_rnk",60.4809
"19113000800","tract",2019,"transportation_state_rnk",46.979
"19113000901","tract",2019,"transportation_state_rnk",43.2799
"19113000902","tract",2019,"transportation_state_rnk",23.1196
"19113001001","tract",2019,"transportation_state_rnk",25.894
"19113001002","tract",2019,"transportation_state_rnk",45.1295
"19113001003","tract",2019,"transportation_state_rnk",67.201
"19113001101","tract",2019,"transportation_state_rnk",52.0962
"19113001102","tract",2019,"transportation_state_rnk",36.9914
"19113001200","tract",2019,"transportation_state_rnk",37.6695
"19113001300","tract",2019,"transportation_state_rnk",84.4636
"19113001400","tract",2019,"transportation_state_rnk",74.3527
"19113001500","tract",2019,"transportation_state_rnk",34.402
"19113001600","tract",2019,"transportation_state_rnk",54.3157
"19113001700","tract",2019,"transportation_state_rnk",57.8915
"19113001800","tract",2019,"transportation_state_rnk",74.9692
"19113001900","tract",2019,"transportation_state_rnk",NA
"19113002200","tract",2019,"transportation_state_rnk",73.8594
"19113002300","tract",2019,"transportation_state_rnk",51.603
"19113002400","tract",2019,"transportation_state_rnk",64.2417
"19113002500","tract",2019,"transportation_state_rnk",53.3909
"19113002600","tract",2019,"transportation_state_rnk",42.6634
"19113002700","tract",2019,"transportation_state_rnk",83.9088
"19113002800","tract",2019,"transportation_state_rnk",61.529
"19113002900","tract",2019,"transportation_state_rnk",53.1443
"19113003001","tract",2019,"transportation_state_rnk",55.1171
"19113003002","tract",2019,"transportation_state_rnk",59.5561
"19113010100","tract",2019,"transportation_state_rnk",16.8311
"19113010200","tract",2019,"transportation_state_rnk",3.0826
"19113010300","tract",2019,"transportation_state_rnk",23.1196
"19113010400","tract",2019,"transportation_state_rnk",7.09
"19113010500","tract",2019,"transportation_state_rnk",2.7744
"19113010600","tract",2019,"transportation_state_rnk",4.5623
"19113010700","tract",2019,"transportation_state_rnk",9.4945
"19113010800","tract",2019,"transportation_state_rnk",66.3379
"19115450100","tract",2019,"transportation_state_rnk",24.2293
"19115450200","tract",2019,"transportation_state_rnk",53.6991
"19115450300","tract",2019,"transportation_state_rnk",15.5364
"19117950100","tract",2019,"transportation_state_rnk",43.0333
"19117950200","tract",2019,"transportation_state_rnk",50.6165
"19117950300","tract",2019,"transportation_state_rnk",43.5265
"19117950400","tract",2019,"transportation_state_rnk",11.1591
"19119950100","tract",2019,"transportation_state_rnk",9.9877
"19119950200","tract",2019,"transportation_state_rnk",34.2787
"19119950300","tract",2019,"transportation_state_rnk",26.6954
"19121060100","tract",2019,"transportation_state_rnk",20.5302
"19121060200","tract",2019,"transportation_state_rnk",68.1258
"19121060300","tract",2019,"transportation_state_rnk",34.6486
"19123950100","tract",2019,"transportation_state_rnk",59.1245
"19123950200","tract",2019,"transportation_state_rnk",12.3305
"19123950300","tract",2019,"transportation_state_rnk",11.9605
"19123950400","tract",2019,"transportation_state_rnk",13.3169
"19123950500","tract",2019,"transportation_state_rnk",57.09
"19123950600","tract",2019,"transportation_state_rnk",82.6141
"19123950700","tract",2019,"transportation_state_rnk",59.8027
"19125030100","tract",2019,"transportation_state_rnk",8.6313
"19125030200","tract",2019,"transportation_state_rnk",44.328
"19125030300","tract",2019,"transportation_state_rnk",NA
"19125030401","tract",2019,"transportation_state_rnk",21.5783
"19125030402","tract",2019,"transportation_state_rnk",52.5277
"19125030500","tract",2019,"transportation_state_rnk",47.4723
"19125030600","tract",2019,"transportation_state_rnk",62.762
"19125030700","tract",2019,"transportation_state_rnk",30.7028
"19127950100","tract",2019,"transportation_state_rnk",8.9396
"19127950200","tract",2019,"transportation_state_rnk",17.8792
"19127950300","tract",2019,"transportation_state_rnk",15.1665
"19127950400","tract",2019,"transportation_state_rnk",6.6584
"19127950500","tract",2019,"transportation_state_rnk",92.8483
"19127950600","tract",2019,"transportation_state_rnk",90.5055
"19127950700","tract",2019,"transportation_state_rnk",69.6054
"19127950800","tract",2019,"transportation_state_rnk",61.7139
"19127950900","tract",2019,"transportation_state_rnk",87.8545
"19127951000","tract",2019,"transportation_state_rnk",55.2404
"19129040100","tract",2019,"transportation_state_rnk",30.148
"19129040201","tract",2019,"transportation_state_rnk",30.4562
"19129040202","tract",2019,"transportation_state_rnk",5.9186
"19129040301","tract",2019,"transportation_state_rnk",11.5906
"19129040302","tract",2019,"transportation_state_rnk",52.7744
"19131560100","tract",2019,"transportation_state_rnk",66.8311
"19131560200","tract",2019,"transportation_state_rnk",50
"19131560300","tract",2019,"transportation_state_rnk",31.0727
"19133960100","tract",2019,"transportation_state_rnk",42.5401
"19133960200","tract",2019,"transportation_state_rnk",22.688
"19133960300","tract",2019,"transportation_state_rnk",56.2269
"19133960400","tract",2019,"transportation_state_rnk",33.1073
"19135070100","tract",2019,"transportation_state_rnk",31.3194
"19135070200","tract",2019,"transportation_state_rnk",62.3921
"19135070300","tract",2019,"transportation_state_rnk",20.037
"19137960100","tract",2019,"transportation_state_rnk",34.0937
"19137960200","tract",2019,"transportation_state_rnk",10.8508
"19137960300","tract",2019,"transportation_state_rnk",40.1973
"19137960400","tract",2019,"transportation_state_rnk",31.4427
"19139050100","tract",2019,"transportation_state_rnk",2.3428
"19139050200","tract",2019,"transportation_state_rnk",14.3033
"19139050300","tract",2019,"transportation_state_rnk",36.1899
"19139050400","tract",2019,"transportation_state_rnk",5.7337
"19139050500","tract",2019,"transportation_state_rnk",56.3502
"19139050600","tract",2019,"transportation_state_rnk",56.6584
"19139050700","tract",2019,"transportation_state_rnk",58.8163
"19139050800","tract",2019,"transportation_state_rnk",61.2824
"19139050900","tract",2019,"transportation_state_rnk",83.7238
"19139051000","tract",2019,"transportation_state_rnk",40.5055
"19141490100","tract",2019,"transportation_state_rnk",44.7596
"19141490200","tract",2019,"transportation_state_rnk",32.0592
"19141490300","tract",2019,"transportation_state_rnk",81.4427
"19141490400","tract",2019,"transportation_state_rnk",37.1147
"19143460100","tract",2019,"transportation_state_rnk",63.2552
"19143460200","tract",2019,"transportation_state_rnk",27.5586
"19145490100","tract",2019,"transportation_state_rnk",4.1924
"19145490200","tract",2019,"transportation_state_rnk",72.1332
"19145490300","tract",2019,"transportation_state_rnk",56.1036
"19145490400","tract",2019,"transportation_state_rnk",42.4168
"19145490500","tract",2019,"transportation_state_rnk",20.5302
"19145490600","tract",2019,"transportation_state_rnk",39.9507
"19147960100","tract",2019,"transportation_state_rnk",40.5055
"19147960200","tract",2019,"transportation_state_rnk",45.0062
"19147960300","tract",2019,"transportation_state_rnk",39.8274
"19147960400","tract",2019,"transportation_state_rnk",32.3674
"19149970100","tract",2019,"transportation_state_rnk",4.9322
"19149970200","tract",2019,"transportation_state_rnk",68.9273
"19149970300","tract",2019,"transportation_state_rnk",55.7337
"19149970400","tract",2019,"transportation_state_rnk",50
"19149970500","tract",2019,"transportation_state_rnk",37.6695
"19149970600","tract",2019,"transportation_state_rnk",11.344
"19151780100","tract",2019,"transportation_state_rnk",57.5216
"19151780200","tract",2019,"transportation_state_rnk",54.6239
"19151780300","tract",2019,"transportation_state_rnk",54.0074
"19153000101","tract",2019,"transportation_state_rnk",87.2996
"19153000102","tract",2019,"transportation_state_rnk",75.3391
"19153000103","tract",2019,"transportation_state_rnk",78.0518
"19153000201","tract",2019,"transportation_state_rnk",74.8459
"19153000202","tract",2019,"transportation_state_rnk",79.7781
"19153000300","tract",2019,"transportation_state_rnk",47.2256
"19153000400","tract",2019,"transportation_state_rnk",91.6769
"19153000500","tract",2019,"transportation_state_rnk",90.1356
"19153000600","tract",2019,"transportation_state_rnk",79.9014
"19153000701","tract",2019,"transportation_state_rnk",91.9852
"19153000702","tract",2019,"transportation_state_rnk",82.2441
"19153000703","tract",2019,"transportation_state_rnk",93.8348
"19153000704","tract",2019,"transportation_state_rnk",78.9149
"19153000801","tract",2019,"transportation_state_rnk",88.9642
"19153000802","tract",2019,"transportation_state_rnk",86.6831
"19153000803","tract",2019,"transportation_state_rnk",88.2861
"19153000901","tract",2019,"transportation_state_rnk",87.1147
"19153000902","tract",2019,"transportation_state_rnk",76.7571
"19153001000","tract",2019,"transportation_state_rnk",93.9581
"19153001100","tract",2019,"transportation_state_rnk",95.3144
"19153001200","tract",2019,"transportation_state_rnk",93.7115
"19153001500","tract",2019,"transportation_state_rnk",79.1615
"19153001700","tract",2019,"transportation_state_rnk",93.3416
"19153001800","tract",2019,"transportation_state_rnk",81.0727
"19153001900","tract",2019,"transportation_state_rnk",89.6424
"19153002100","tract",2019,"transportation_state_rnk",90.0123
"19153002600","tract",2019,"transportation_state_rnk",81.2577
"19153002700","tract",2019,"transportation_state_rnk",80.7645
"19153002800","tract",2019,"transportation_state_rnk",90.6289
"19153002900","tract",2019,"transportation_state_rnk",96.4242
"19153003001","tract",2019,"transportation_state_rnk",12.947
"19153003002","tract",2019,"transportation_state_rnk",76.2022
"19153003100","tract",2019,"transportation_state_rnk",85.5117
"19153003200","tract",2019,"transportation_state_rnk",82.984
"19153003901","tract",2019,"transportation_state_rnk",90.2589
"19153003902","tract",2019,"transportation_state_rnk",81.8742
"19153004001","tract",2019,"transportation_state_rnk",50.4316
"19153004004","tract",2019,"transportation_state_rnk",67.4476
"19153004100","tract",2019,"transportation_state_rnk",82.4908
"19153004200","tract",2019,"transportation_state_rnk",53.3909
"19153004300","tract",2019,"transportation_state_rnk",85.82
"19153004400","tract",2019,"transportation_state_rnk",93.2182
"19153004501","tract",2019,"transportation_state_rnk",92.6017
"19153004502","tract",2019,"transportation_state_rnk",90.3822
"19153004602","tract",2019,"transportation_state_rnk",91.307
"19153004603","tract",2019,"transportation_state_rnk",86.5598
"19153004701","tract",2019,"transportation_state_rnk",84.9568
"19153004702","tract",2019,"transportation_state_rnk",92.2318
"19153004800","tract",2019,"transportation_state_rnk",94.4513
"19153004900","tract",2019,"transportation_state_rnk",72.3798
"19153005000","tract",2019,"transportation_state_rnk",95.8076
"19153005100","tract",2019,"transportation_state_rnk",99.3835
"19153005200","tract",2019,"transportation_state_rnk",96.6708
"19153005300","tract",2019,"transportation_state_rnk",84.8335
"19153010101","tract",2019,"transportation_state_rnk",0.3699
"19153010102","tract",2019,"transportation_state_rnk",16.8311
"19153010203","tract",2019,"transportation_state_rnk",5.0555
"19153010205","tract",2019,"transportation_state_rnk",35.4501
"19153010207","tract",2019,"transportation_state_rnk",80.2096
"19153010208","tract",2019,"transportation_state_rnk",77.312
"19153010209","tract",2019,"transportation_state_rnk",91.307
"19153010211","tract",2019,"transportation_state_rnk",85.0801
"19153010212","tract",2019,"transportation_state_rnk",77.127
"19153010404","tract",2019,"transportation_state_rnk",75.8323
"19153010405","tract",2019,"transportation_state_rnk",80.3946
"19153010406","tract",2019,"transportation_state_rnk",81.9975
"19153010407","tract",2019,"transportation_state_rnk",68.6806
"19153010408","tract",2019,"transportation_state_rnk",82.1208
"19153010409","tract",2019,"transportation_state_rnk",73.6128
"19153010500","tract",2019,"transportation_state_rnk",72.9963
"19153010600","tract",2019,"transportation_state_rnk",8.0148
"19153010702","tract",2019,"transportation_state_rnk",30.148
"19153010703","tract",2019,"transportation_state_rnk",76.3255
"19153010705","tract",2019,"transportation_state_rnk",80.6412
"19153010706","tract",2019,"transportation_state_rnk",18.0641
"19153010802","tract",2019,"transportation_state_rnk",18.0641
"19153010803","tract",2019,"transportation_state_rnk",86.1282
"19153010804","tract",2019,"transportation_state_rnk",10.5425
"19153011001","tract",2019,"transportation_state_rnk",86.8681
"19153011021","tract",2019,"transportation_state_rnk",72.7497
"19153011025","tract",2019,"transportation_state_rnk",75.2158
"19153011026","tract",2019,"transportation_state_rnk",71.3317
"19153011027","tract",2019,"transportation_state_rnk",70.9618
"19153011028","tract",2019,"transportation_state_rnk",82.8607
"19153011111","tract",2019,"transportation_state_rnk",88.471
"19153011112","tract",2019,"transportation_state_rnk",73.1813
"19153011113","tract",2019,"transportation_state_rnk",68.3107
"19153011114","tract",2019,"transportation_state_rnk",92.725
"19153011201","tract",2019,"transportation_state_rnk",23.6745
"19153011203","tract",2019,"transportation_state_rnk",70.5302
"19153011205","tract",2019,"transportation_state_rnk",89.8274
"19153011206","tract",2019,"transportation_state_rnk",76.942
"19153011300","tract",2019,"transportation_state_rnk",83.3539
"19153011404","tract",2019,"transportation_state_rnk",21.0851
"19153011500","tract",2019,"transportation_state_rnk",0.6782
"19153011600","tract",2019,"transportation_state_rnk",NA
"19153011701","tract",2019,"transportation_state_rnk",15.783
"19153011702","tract",2019,"transportation_state_rnk",83.9088
"19155021200","tract",2019,"transportation_state_rnk",56.6584
"19155021400","tract",2019,"transportation_state_rnk",3.3292
"19155021501","tract",2019,"transportation_state_rnk",35.7583
"19155021502","tract",2019,"transportation_state_rnk",40.6905
"19155021602","tract",2019,"transportation_state_rnk",28.545
"19155021603","tract",2019,"transportation_state_rnk",3.8224
"19155021701","tract",2019,"transportation_state_rnk",29.0382
"19155021702","tract",2019,"transportation_state_rnk",12.1455
"19155030100","tract",2019,"transportation_state_rnk",65.9063
"19155030200","tract",2019,"transportation_state_rnk",85.2035
"19155030300","tract",2019,"transportation_state_rnk",60.0493
"19155030401","tract",2019,"transportation_state_rnk",72.5031
"19155030402","tract",2019,"transportation_state_rnk",67.6326
"19155030501","tract",2019,"transportation_state_rnk",74.6609
"19155030502","tract",2019,"transportation_state_rnk",48.397
"19155030601","tract",2019,"transportation_state_rnk",64.9815
"19155030602","tract",2019,"transportation_state_rnk",91.0604
"19155030700","tract",2019,"transportation_state_rnk",74.6609
"19155030800","tract",2019,"transportation_state_rnk",69.2972
"19155030900","tract",2019,"transportation_state_rnk",95.0678
"19155031000","tract",2019,"transportation_state_rnk",67.6326
"19155031100","tract",2019,"transportation_state_rnk",58.5697
"19155031200","tract",2019,"transportation_state_rnk",69.0506
"19155031300","tract",2019,"transportation_state_rnk",49.7534
"19155031400","tract",2019,"transportation_state_rnk",65.598
"19155031601","tract",2019,"transportation_state_rnk",5.1788
"19155031602","tract",2019,"transportation_state_rnk",58.3847
"19155031700","tract",2019,"transportation_state_rnk",60.2959
"19155031800","tract",2019,"transportation_state_rnk",69.1739
"19155031900","tract",2019,"transportation_state_rnk",16.0912
"19157370100","tract",2019,"transportation_state_rnk",20.7768
"19157370200","tract",2019,"transportation_state_rnk",13.1936
"19157370300","tract",2019,"transportation_state_rnk",97.6572
"19157370400","tract",2019,"transportation_state_rnk",65.3514
"19157370500","tract",2019,"transportation_state_rnk",3.5758
"19159950100","tract",2019,"transportation_state_rnk",27.8668
"19159950200","tract",2019,"transportation_state_rnk",14.6732
"19161080100","tract",2019,"transportation_state_rnk",18.4957
"19161080200","tract",2019,"transportation_state_rnk",15.9063
"19161080300","tract",2019,"transportation_state_rnk",26.6954
"19161080400","tract",2019,"transportation_state_rnk",24.0444
"19163010101","tract",2019,"transportation_state_rnk",0.4932
"19163010102","tract",2019,"transportation_state_rnk",70.6535
"19163010201","tract",2019,"transportation_state_rnk",3.9457
"19163010202","tract",2019,"transportation_state_rnk",0.8631
"19163010300","tract",2019,"transportation_state_rnk",12.1455
"19163010401","tract",2019,"transportation_state_rnk",11.7756
"19163010402","tract",2019,"transportation_state_rnk",3.2059
"19163010600","tract",2019,"transportation_state_rnk",95.561
"19163010700","tract",2019,"transportation_state_rnk",59.1245
"19163010800","tract",2019,"transportation_state_rnk",80.5179
"19163010900","tract",2019,"transportation_state_rnk",96.9174
"19163011000","tract",2019,"transportation_state_rnk",68.8039
"19163011100","tract",2019,"transportation_state_rnk",66.5228
"19163011200","tract",2019,"transportation_state_rnk",87.5462
"19163011300","tract",2019,"transportation_state_rnk",97.4106
"19163011400","tract",2019,"transportation_state_rnk",85.6967
"19163011500","tract",2019,"transportation_state_rnk",76.5721
"19163011600","tract",2019,"transportation_state_rnk",63.6252
"19163011700","tract",2019,"transportation_state_rnk",72.873
"19163011800","tract",2019,"transportation_state_rnk",25.2158
"19163011900","tract",2019,"transportation_state_rnk",74.476
"19163012000","tract",2019,"transportation_state_rnk",18.7423
"19163012100","tract",2019,"transportation_state_rnk",73.1813
"19163012200","tract",2019,"transportation_state_rnk",41.8002
"19163012300","tract",2019,"transportation_state_rnk",70.037
"19163012400","tract",2019,"transportation_state_rnk",4.3773
"19163012501","tract",2019,"transportation_state_rnk",75.709
"19163012502","tract",2019,"transportation_state_rnk",61.7139
"19163012601","tract",2019,"transportation_state_rnk",67.9408
"19163012602","tract",2019,"transportation_state_rnk",73.3662
"19163012701","tract",2019,"transportation_state_rnk",69.7904
"19163012702","tract",2019,"transportation_state_rnk",56.9667
"19163012801","tract",2019,"transportation_state_rnk",74.2293
"19163012802","tract",2019,"transportation_state_rnk",76.7571
"19163012901","tract",2019,"transportation_state_rnk",36.3748
"19163012902","tract",2019,"transportation_state_rnk",69.9137
"19163013000","tract",2019,"transportation_state_rnk",64.1184
"19163013100","tract",2019,"transportation_state_rnk",60.7275
"19163013200","tract",2019,"transportation_state_rnk",21.2084
"19163013300","tract",2019,"transportation_state_rnk",69.4205
"19163013400","tract",2019,"transportation_state_rnk",67.0777
"19163013500","tract",2019,"transportation_state_rnk",62.3921
"19163013600","tract",2019,"transportation_state_rnk",65.2281
"19163013702","tract",2019,"transportation_state_rnk",60.9741
"19163013703","tract",2019,"transportation_state_rnk",58.0764
"19163013705","tract",2019,"transportation_state_rnk",73.4895
"19163013706","tract",2019,"transportation_state_rnk",59.8027
"19165960100","tract",2019,"transportation_state_rnk",42.2935
"19165960200","tract",2019,"transportation_state_rnk",14.8582
"19165960300","tract",2019,"transportation_state_rnk",54.1307
"19165960400","tract",2019,"transportation_state_rnk",57.8915
"19167070100","tract",2019,"transportation_state_rnk",28.8533
"19167070200","tract",2019,"transportation_state_rnk",9.9877
"19167070300","tract",2019,"transportation_state_rnk",38.9642
"19167070400","tract",2019,"transportation_state_rnk",45.3144
"19167070500","tract",2019,"transportation_state_rnk",15.4131
"19167070600","tract",2019,"transportation_state_rnk",32.5524
"19167070700","tract",2019,"transportation_state_rnk",63.9951
"19169000100","tract",2019,"transportation_state_rnk",54.5006
"19169000200","tract",2019,"transportation_state_rnk",71.8249
"19169000300","tract",2019,"transportation_state_rnk",85.5117
"19169000400","tract",2019,"transportation_state_rnk",82.7374
"19169000500","tract",2019,"transportation_state_rnk",NA
"19169000600","tract",2019,"transportation_state_rnk",65.1048
"19169000700","tract",2019,"transportation_state_rnk",98.5203
"19169000800","tract",2019,"transportation_state_rnk",NA
"19169000900","tract",2019,"transportation_state_rnk",91.492
"19169001000","tract",2019,"transportation_state_rnk",94.8212
"19169001100","tract",2019,"transportation_state_rnk",91.0604
"19169001200","tract",2019,"transportation_state_rnk",NA
"19169001301","tract",2019,"transportation_state_rnk",84.4636
"19169001302","tract",2019,"transportation_state_rnk",38.9642
"19169010100","tract",2019,"transportation_state_rnk",24.7226
"19169010200","tract",2019,"transportation_state_rnk",30.8878
"19169010300","tract",2019,"transportation_state_rnk",32.7374
"19169010400","tract",2019,"transportation_state_rnk",27.2503
"19169010500","tract",2019,"transportation_state_rnk",44.8829
"19169010600","tract",2019,"transportation_state_rnk",33.4155
"19171290100","tract",2019,"transportation_state_rnk",49.0136
"19171290200","tract",2019,"transportation_state_rnk",21.8249
"19171290300","tract",2019,"transportation_state_rnk",36.4982
"19171290400","tract",2019,"transportation_state_rnk",28.36
"19171290500","tract",2019,"transportation_state_rnk",51.7879
"19171290600","tract",2019,"transportation_state_rnk",25.2158
"19173180100","tract",2019,"transportation_state_rnk",63.4402
"19173180200","tract",2019,"transportation_state_rnk",35.9433
"19173180300","tract",2019,"transportation_state_rnk",34.7719
"19175190100","tract",2019,"transportation_state_rnk",43.0333
"19175190200","tract",2019,"transportation_state_rnk",88.656
"19175190300","tract",2019,"transportation_state_rnk",31.7509
"19175190400","tract",2019,"transportation_state_rnk",80.0247
"19177950100","tract",2019,"transportation_state_rnk",66.1529
"19177950200","tract",2019,"transportation_state_rnk",70.7768
"19179960100","tract",2019,"transportation_state_rnk",7.8915
"19179960200","tract",2019,"transportation_state_rnk",84.4636
"19179960300","tract",2019,"transportation_state_rnk",18.3107
"19179960400","tract",2019,"transportation_state_rnk",78.4217
"19179960500","tract",2019,"transportation_state_rnk",88.0395
"19179960600","tract",2019,"transportation_state_rnk",88.471
"19179960700","tract",2019,"transportation_state_rnk",6.8434
"19179960800","tract",2019,"transportation_state_rnk",61.8989
"19179960900","tract",2019,"transportation_state_rnk",75.0925
"19179961000","tract",2019,"transportation_state_rnk",76.4488
"19179961100","tract",2019,"transportation_state_rnk",30.5795
"19181020100","tract",2019,"transportation_state_rnk",5.7337
"19181020200","tract",2019,"transportation_state_rnk",9.2478
"19181020300","tract",2019,"transportation_state_rnk",5.3021
"19181020400","tract",2019,"transportation_state_rnk",20.2836
"19181020500","tract",2019,"transportation_state_rnk",0.6782
"19181020600","tract",2019,"transportation_state_rnk",2.7744
"19181020700","tract",2019,"transportation_state_rnk",67.8175
"19181020800","tract",2019,"transportation_state_rnk",84.217
"19181020900","tract",2019,"transportation_state_rnk",53.6991
"19181021000","tract",2019,"transportation_state_rnk",56.4735
"19181021100","tract",2019,"transportation_state_rnk",8.1381
"19181021200","tract",2019,"transportation_state_rnk",14.8582
"19183960100","tract",2019,"transportation_state_rnk",58.3847
"19183960200","tract",2019,"transportation_state_rnk",31.9359
"19183960300","tract",2019,"transportation_state_rnk",41.6769
"19183960400","tract",2019,"transportation_state_rnk",69.6054
"19183960500","tract",2019,"transportation_state_rnk",27.5586
"19185070100","tract",2019,"transportation_state_rnk",51.1097
"19185070200","tract",2019,"transportation_state_rnk",42.7867
"19185070300","tract",2019,"transportation_state_rnk",89.1492
"19187000100","tract",2019,"transportation_state_rnk",79.4081
"19187000200","tract",2019,"transportation_state_rnk",9.9877
"19187000300","tract",2019,"transportation_state_rnk",39.7041
"19187000400","tract",2019,"transportation_state_rnk",79.0382
"19187000500","tract",2019,"transportation_state_rnk",0.9864
"19187000600","tract",2019,"transportation_state_rnk",77.9285
"19187000700","tract",2019,"transportation_state_rnk",99.5068
"19187000900","tract",2019,"transportation_state_rnk",NA
"19187010100","tract",2019,"transportation_state_rnk",37.6695
"19187010200","tract",2019,"transportation_state_rnk",20.9618
"19187010300","tract",2019,"transportation_state_rnk",26.3872
"19187010400","tract",2019,"transportation_state_rnk",23.7978
"19189680100","tract",2019,"transportation_state_rnk",36.8681
"19189680200","tract",2019,"transportation_state_rnk",36.7448
"19189680300","tract",2019,"transportation_state_rnk",65.4747
"19191950100","tract",2019,"transportation_state_rnk",24.7226
"19191950200","tract",2019,"transportation_state_rnk",NA
"19191950300","tract",2019,"transportation_state_rnk",97.164
"19191950400","tract",2019,"transportation_state_rnk",46.2392
"19191950500","tract",2019,"transportation_state_rnk",21.8249
"19193000100","tract",2019,"transportation_state_rnk",85.9433
"19193000200","tract",2019,"transportation_state_rnk",83.2306
"19193000300","tract",2019,"transportation_state_rnk",80.2096
"19193000400","tract",2019,"transportation_state_rnk",77.8052
"19193000500","tract",2019,"transportation_state_rnk",87.6695
"19193000600","tract",2019,"transportation_state_rnk",79.2848
"19193000700","tract",2019,"transportation_state_rnk",92.4784
"19193000800","tract",2019,"transportation_state_rnk",88.9642
"19193000900","tract",2019,"transportation_state_rnk",86.8681
"19193001000","tract",2019,"transportation_state_rnk",98.2737
"19193001100","tract",2019,"transportation_state_rnk",94.9445
"19193001200","tract",2019,"transportation_state_rnk",98.767
"19193001300","tract",2019,"transportation_state_rnk",96.1776
"19193001400","tract",2019,"transportation_state_rnk",94.0814
"19193001500","tract",2019,"transportation_state_rnk",96.7941
"19193001800","tract",2019,"transportation_state_rnk",90.7522
"19193001900","tract",2019,"transportation_state_rnk",89.3958
"19193002000","tract",2019,"transportation_state_rnk",86.1282
"19193002101","tract",2019,"transportation_state_rnk",78.2367
"19193002102","tract",2019,"transportation_state_rnk",79.5314
"19193003100","tract",2019,"transportation_state_rnk",40.3206
"19193003200","tract",2019,"transportation_state_rnk",9.6178
"19193003300","tract",2019,"transportation_state_rnk",2.5894
"19193003500","tract",2019,"transportation_state_rnk",13.5635
"19193003600","tract",2019,"transportation_state_rnk",95.1911
"19193940200","tract",2019,"transportation_state_rnk",NA
"19195690100","tract",2019,"transportation_state_rnk",32.7374
"19195690200","tract",2019,"transportation_state_rnk",33.6621
"19195690300","tract",2019,"transportation_state_rnk",7.7065
"19197680100","tract",2019,"transportation_state_rnk",53.8841
"19197680200","tract",2019,"transportation_state_rnk",9.3711
"19197680300","tract",2019,"transportation_state_rnk",61.4057
"19197680400","tract",2019,"transportation_state_rnk",35.0185
"19197680500","tract",2019,"transportation_state_rnk",38.5943
