"geoid","geolevel","year","level","value"
"01001020100","tract",2019,"transportation_score",86.05
"01001020200","tract",2019,"transportation_score",90.25
"01001020300","tract",2019,"transportation_score",90.7
"01001020400","tract",2019,"transportation_score",90.84
"01001020500","tract",2019,"transportation_score",89.68
"01001020600","tract",2019,"transportation_score",90.47
"01001020700","tract",2019,"transportation_score",86.96
"01001020801","tract",2019,"transportation_score",86
"01001020802","tract",2019,"transportation_score",87.58
"01001020900","tract",2019,"transportation_score",89.56
"01001021000","tract",2019,"transportation_score",88.95
"01001021100","tract",2019,"transportation_score",93.96
"01003010100","tract",2019,"transportation_score",89.88
"01003010200","tract",2019,"transportation_score",89.98
"01003010300","tract",2019,"transportation_score",91.82
"01003010400","tract",2019,"transportation_score",89.17
"01003010500","tract",2019,"transportation_score",90.51
"01003010600","tract",2019,"transportation_score",89.36
"01003010701","tract",2019,"transportation_score",88.12
"01003010703","tract",2019,"transportation_score",89.96
"01003010704","tract",2019,"transportation_score",88.5
"01003010705","tract",2019,"transportation_score",88.9
"01003010800","tract",2019,"transportation_score",89.74
"01003010903","tract",2019,"transportation_score",89.27
"01003010904","tract",2019,"transportation_score",90.58
"01003010905","tract",2019,"transportation_score",91.09
"01003010906","tract",2019,"transportation_score",90.99
"01003011000","tract",2019,"transportation_score",91.49
"01003011101","tract",2019,"transportation_score",90.29
"01003011102","tract",2019,"transportation_score",88.62
"01003011201","tract",2019,"transportation_score",90.75
"01003011202","tract",2019,"transportation_score",93.98
"01003011300","tract",2019,"transportation_score",89.35
"01003011401","tract",2019,"transportation_score",90.26
"01003011403","tract",2019,"transportation_score",89.38
"01003011405","tract",2019,"transportation_score",90.1
"01003011406","tract",2019,"transportation_score",89.07
"01003011407","tract",2019,"transportation_score",91.53
"01003011408","tract",2019,"transportation_score",86.54
"01003011501","tract",2019,"transportation_score",90.08
"01003011502","tract",2019,"transportation_score",91.26
"01003011601","tract",2019,"transportation_score",89.44
"01003011602","tract",2019,"transportation_score",90.79
"01003990000","tract",2019,"transportation_score",NA
"01005950100","tract",2019,"transportation_score",89.89
"01005950200","tract",2019,"transportation_score",NA
"01005950300","tract",2019,"transportation_score",105.21
"01005950400","tract",2019,"transportation_score",93.55
"01005950500","tract",2019,"transportation_score",91.23
"01005950600","tract",2019,"transportation_score",88.93
"01005950700","tract",2019,"transportation_score",92
"01005950800","tract",2019,"transportation_score",89.07
"01005950900","tract",2019,"transportation_score",93.72
"01007010001","tract",2019,"transportation_score",92.03
"01007010002","tract",2019,"transportation_score",88.35
"01007010003","tract",2019,"transportation_score",89.09
"01007010004","tract",2019,"transportation_score",90.41
"01009050101","tract",2019,"transportation_score",90.69
"01009050102","tract",2019,"transportation_score",89.65
"01009050200","tract",2019,"transportation_score",89.04
"01009050300","tract",2019,"transportation_score",90.88
"01009050400","tract",2019,"transportation_score",89.83
"01009050500","tract",2019,"transportation_score",88.01
"01009050601","tract",2019,"transportation_score",91.64
"01009050602","tract",2019,"transportation_score",89.03
"01009050700","tract",2019,"transportation_score",88.24
"01011952100","tract",2019,"transportation_score",95.11
"01011952200","tract",2019,"transportation_score",92.68
"01011952500","tract",2019,"transportation_score",95.41
"01013952700","tract",2019,"transportation_score",90.64
"01013952800","tract",2019,"transportation_score",87.75
"01013952900","tract",2019,"transportation_score",93.86
"01013953000","tract",2019,"transportation_score",88.73
"01013953100","tract",2019,"transportation_score",90.92
"01013953200","tract",2019,"transportation_score",90.13
"01013953300","tract",2019,"transportation_score",85.94
"01013953400","tract",2019,"transportation_score",89.25
"01013953500","tract",2019,"transportation_score",92.45
"01015000200","tract",2019,"transportation_score",95.16
"01015000300","tract",2019,"transportation_score",95.47
"01015000400","tract",2019,"transportation_score",93.07
"01015000500","tract",2019,"transportation_score",103.06
"01015000600","tract",2019,"transportation_score",100.47
"01015000700","tract",2019,"transportation_score",99.95
"01015000800","tract",2019,"transportation_score",95.86
"01015000900","tract",2019,"transportation_score",91.97
"01015001000","tract",2019,"transportation_score",89.56
"01015001100","tract",2019,"transportation_score",88.35
"01015001201","tract",2019,"transportation_score",93.7
"01015001202","tract",2019,"transportation_score",88.24
"01015001300","tract",2019,"transportation_score",88.71
"01015001400","tract",2019,"transportation_score",86.88
"01015001500","tract",2019,"transportation_score",88.81
"01015001600","tract",2019,"transportation_score",91.88
"01015001700","tract",2019,"transportation_score",89.35
"01015001800","tract",2019,"transportation_score",90.51
"01015002000","tract",2019,"transportation_score",87.76
"01015002101","tract",2019,"transportation_score",NA
"01015002102","tract",2019,"transportation_score",87.65
"01015002103","tract",2019,"transportation_score",87.93
"01015002200","tract",2019,"transportation_score",89.53
"01015002300","tract",2019,"transportation_score",93.45
"01015002400","tract",2019,"transportation_score",87.81
"01015002501","tract",2019,"transportation_score",88.11
"01015002502","tract",2019,"transportation_score",88.24
"01015002600","tract",2019,"transportation_score",87.68
"01015981901","tract",2019,"transportation_score",NA
"01015981902","tract",2019,"transportation_score",NA
"01015981903","tract",2019,"transportation_score",NA
"01017953800","tract",2019,"transportation_score",91.57
"01017953900","tract",2019,"transportation_score",86.74
"01017954000","tract",2019,"transportation_score",92.63
"01017954200","tract",2019,"transportation_score",88.08
"01017954300","tract",2019,"transportation_score",87.3
"01017954400","tract",2019,"transportation_score",93.57
"01017954500","tract",2019,"transportation_score",90.55
"01017954600","tract",2019,"transportation_score",91.17
"01017954700","tract",2019,"transportation_score",88.37
"01019955701","tract",2019,"transportation_score",89.13
"01019955702","tract",2019,"transportation_score",88.41
"01019955800","tract",2019,"transportation_score",91.2
"01019955900","tract",2019,"transportation_score",89.71
"01019956000","tract",2019,"transportation_score",88.88
"01019956100","tract",2019,"transportation_score",90.72
"01021060101","tract",2019,"transportation_score",93.03
"01021060102","tract",2019,"transportation_score",89.66
"01021060200","tract",2019,"transportation_score",90.8
"01021060300","tract",2019,"transportation_score",88.14
"01021060401","tract",2019,"transportation_score",90.64
"01021060402","tract",2019,"transportation_score",91.8
"01021060500","tract",2019,"transportation_score",89.84
"01021060600","tract",2019,"transportation_score",88.9
"01021060700","tract",2019,"transportation_score",92.62
"01023956700","tract",2019,"transportation_score",88.42
"01023956800","tract",2019,"transportation_score",91.71
"01023956900","tract",2019,"transportation_score",93.45
"01023957000","tract",2019,"transportation_score",88.12
"01025957500","tract",2019,"transportation_score",86.96
"01025957601","tract",2019,"transportation_score",87.66
"01025957602","tract",2019,"transportation_score",90.27
"01025957700","tract",2019,"transportation_score",93.48
"01025957800","tract",2019,"transportation_score",87.41
"01025957901","tract",2019,"transportation_score",87.89
"01025957902","tract",2019,"transportation_score",87.69
"01025958001","tract",2019,"transportation_score",88.42
"01025958002","tract",2019,"transportation_score",92.45
"01027958900","tract",2019,"transportation_score",88.16
"01027959000","tract",2019,"transportation_score",89.65
"01027959100","tract",2019,"transportation_score",89.24
"01027959200","tract",2019,"transportation_score",90.27
"01029959500","tract",2019,"transportation_score",92.64
"01029959600","tract",2019,"transportation_score",91.09
"01029959700","tract",2019,"transportation_score",87.71
"01029959800","tract",2019,"transportation_score",89.47
"01031010100","tract",2019,"transportation_score",90.38
"01031010200","tract",2019,"transportation_score",89.17
"01031010300","tract",2019,"transportation_score",87.94
"01031010400","tract",2019,"transportation_score",88.46
"01031010500","tract",2019,"transportation_score",91.8
"01031010600","tract",2019,"transportation_score",91.26
"01031010700","tract",2019,"transportation_score",88.68
"01031010800","tract",2019,"transportation_score",86.15
"01031010900","tract",2019,"transportation_score",87.36
"01031011000","tract",2019,"transportation_score",89.09
"01031011100","tract",2019,"transportation_score",89.3
"01031011201","tract",2019,"transportation_score",86.83
"01031011202","tract",2019,"transportation_score",89.49
"01031011300","tract",2019,"transportation_score",96.61
"01033020100","tract",2019,"transportation_score",90.21
"01033020200","tract",2019,"transportation_score",88.38
"01033020300","tract",2019,"transportation_score",94.3
"01033020400","tract",2019,"transportation_score",85.5
"01033020500","tract",2019,"transportation_score",88.12
"01033020600","tract",2019,"transportation_score",90.1
"01033020701","tract",2019,"transportation_score",85.52
"01033020703","tract",2019,"transportation_score",86.39
"01033020704","tract",2019,"transportation_score",86.56
"01033020801","tract",2019,"transportation_score",90.35
"01033020802","tract",2019,"transportation_score",88.52
"01033020901","tract",2019,"transportation_score",89.3
"01033020902","tract",2019,"transportation_score",89.79
"01033021000","tract",2019,"transportation_score",88.51
"01035960200","tract",2019,"transportation_score",91.09
"01035960300","tract",2019,"transportation_score",90.95
"01035960400","tract",2019,"transportation_score",88.63
"01035960500","tract",2019,"transportation_score",95.76
"01035960600","tract",2019,"transportation_score",88.9
"01037961000","tract",2019,"transportation_score",88.61
"01037961100","tract",2019,"transportation_score",88.74
"01037961200","tract",2019,"transportation_score",93.16
"01039961600","tract",2019,"transportation_score",88.49
"01039961700","tract",2019,"transportation_score",89.03
"01039961800","tract",2019,"transportation_score",88.29
"01039961900","tract",2019,"transportation_score",89.35
"01039962000","tract",2019,"transportation_score",87.37
"01039962100","tract",2019,"transportation_score",89.77
"01039962300","tract",2019,"transportation_score",87.87
"01039962400","tract",2019,"transportation_score",88.02
"01039962500","tract",2019,"transportation_score",92.37
"01039962600","tract",2019,"transportation_score",90.74
"01039962700","tract",2019,"transportation_score",88.04
"01039962800","tract",2019,"transportation_score",90.09
"01039962900","tract",2019,"transportation_score",89.17
"01039963000","tract",2019,"transportation_score",91.75
"01041963400","tract",2019,"transportation_score",91.79
"01041963500","tract",2019,"transportation_score",92.84
"01041963600","tract",2019,"transportation_score",97.52
"01041963700","tract",2019,"transportation_score",90.37
"01041963800","tract",2019,"transportation_score",90.73
"01041963900","tract",2019,"transportation_score",93.15
"01043964100","tract",2019,"transportation_score",89.19
"01043964200","tract",2019,"transportation_score",86.41
"01043964300","tract",2019,"transportation_score",88.07
"01043964400","tract",2019,"transportation_score",88.25
"01043964500","tract",2019,"transportation_score",89.24
"01043964600","tract",2019,"transportation_score",87.58
"01043964700","tract",2019,"transportation_score",87.71
"01043964800","tract",2019,"transportation_score",91.48
"01043964900","tract",2019,"transportation_score",88.35
"01043965000","tract",2019,"transportation_score",89.58
"01043965100","tract",2019,"transportation_score",89.91
"01043965200","tract",2019,"transportation_score",87.66
"01043965300","tract",2019,"transportation_score",89.13
"01043965401","tract",2019,"transportation_score",93.09
"01043965402","tract",2019,"transportation_score",88.38
"01043965500","tract",2019,"transportation_score",89.24
"01043965600","tract",2019,"transportation_score",87.18
"01043965700","tract",2019,"transportation_score",88.54
"01045020000","tract",2019,"transportation_score",89.78
"01045020100","tract",2019,"transportation_score",88.8
"01045020200","tract",2019,"transportation_score",87.82
"01045020300","tract",2019,"transportation_score",87.95
"01045020400","tract",2019,"transportation_score",86.28
"01045020500","tract",2019,"transportation_score",92.24
"01045020700","tract",2019,"transportation_score",98.64
"01045020801","tract",2019,"transportation_score",89.68
"01045020802","tract",2019,"transportation_score",86.66
"01045021101","tract",2019,"transportation_score",89.22
"01045021102","tract",2019,"transportation_score",89.77
"01045021200","tract",2019,"transportation_score",89.99
"01045021300","tract",2019,"transportation_score",87.84
"01045021400","tract",2019,"transportation_score",88.5
"01047956100","tract",2019,"transportation_score",86.37
"01047956201","tract",2019,"transportation_score",86.66
"01047956202","tract",2019,"transportation_score",86.72
"01047956300","tract",2019,"transportation_score",90.02
"01047956400","tract",2019,"transportation_score",94.32
"01047956500","tract",2019,"transportation_score",98.27
"01047956600","tract",2019,"transportation_score",96.32
"01047956701","tract",2019,"transportation_score",85.31
"01047956702","tract",2019,"transportation_score",86.18
"01047956800","tract",2019,"transportation_score",91.45
"01047956900","tract",2019,"transportation_score",92.95
"01047957000","tract",2019,"transportation_score",93.86
"01047957100","tract",2019,"transportation_score",89.2
"01047957200","tract",2019,"transportation_score",91.9
"01047957300","tract",2019,"transportation_score",89.85
"01049960100","tract",2019,"transportation_score",88.79
"01049960200","tract",2019,"transportation_score",88.29
"01049960300","tract",2019,"transportation_score",88.4
"01049960400","tract",2019,"transportation_score",88.97
"01049960500","tract",2019,"transportation_score",88.94
"01049960600","tract",2019,"transportation_score",90.35
"01049960700","tract",2019,"transportation_score",88.74
"01049960800","tract",2019,"transportation_score",91.59
"01049960900","tract",2019,"transportation_score",93.45
"01049961000","tract",2019,"transportation_score",88.85
"01049961100","tract",2019,"transportation_score",85.52
"01049961200","tract",2019,"transportation_score",88.41
"01049961300","tract",2019,"transportation_score",91.24
"01049961400","tract",2019,"transportation_score",89.42
"01051030100","tract",2019,"transportation_score",89.8
"01051030200","tract",2019,"transportation_score",88.09
"01051030300","tract",2019,"transportation_score",90.41
"01051030400","tract",2019,"transportation_score",91.51
"01051030500","tract",2019,"transportation_score",89.61
"01051030600","tract",2019,"transportation_score",91.53
"01051030701","tract",2019,"transportation_score",88.67
"01051030702","tract",2019,"transportation_score",85.77
"01051030800","tract",2019,"transportation_score",89.44
"01051030901","tract",2019,"transportation_score",87.91
"01051030902","tract",2019,"transportation_score",87.77
"01051031000","tract",2019,"transportation_score",90.72
"01051031100","tract",2019,"transportation_score",87.49
"01051031200","tract",2019,"transportation_score",89.45
"01051031300","tract",2019,"transportation_score",88.68
"01053969800","tract",2019,"transportation_score",88.58
"01053969900","tract",2019,"transportation_score",89.41
"01053970100","tract",2019,"transportation_score",89.01
"01053970200","tract",2019,"transportation_score",92.54
"01053970300","tract",2019,"transportation_score",88.67
"01053970400","tract",2019,"transportation_score",NA
"01053970500","tract",2019,"transportation_score",93.39
"01053970600","tract",2019,"transportation_score",92.26
"01053970700","tract",2019,"transportation_score",89.53
"01055000200","tract",2019,"transportation_score",93.03
"01055000300","tract",2019,"transportation_score",89.36
"01055000400","tract",2019,"transportation_score",88.8
"01055000500","tract",2019,"transportation_score",90.3
"01055000600","tract",2019,"transportation_score",88.7
"01055000700","tract",2019,"transportation_score",88.74
"01055000800","tract",2019,"transportation_score",92.02
"01055000900","tract",2019,"transportation_score",91.34
"01055001000","tract",2019,"transportation_score",91.99
"01055001100","tract",2019,"transportation_score",87.8
"01055001200","tract",2019,"transportation_score",94.66
"01055001300","tract",2019,"transportation_score",88.28
"01055001600","tract",2019,"transportation_score",90.65
"01055001700","tract",2019,"transportation_score",89
"01055010100","tract",2019,"transportation_score",87.64
"01055010200","tract",2019,"transportation_score",90.36
"01055010300","tract",2019,"transportation_score",85.79
"01055010401","tract",2019,"transportation_score",91.17
"01055010402","tract",2019,"transportation_score",88.84
"01055010501","tract",2019,"transportation_score",88.27
"01055010502","tract",2019,"transportation_score",85.88
"01055010601","tract",2019,"transportation_score",86.38
"01055010602","tract",2019,"transportation_score",89.64
"01055010700","tract",2019,"transportation_score",87.57
"01055010800","tract",2019,"transportation_score",87.96
"01055010900","tract",2019,"transportation_score",88.98
"01055011001","tract",2019,"transportation_score",88.24
"01055011002","tract",2019,"transportation_score",90.54
"01055011100","tract",2019,"transportation_score",89.94
"01055011200","tract",2019,"transportation_score",92.27
"01057020000","tract",2019,"transportation_score",88.86
"01057020100","tract",2019,"transportation_score",88.19
"01057020200","tract",2019,"transportation_score",90.25
"01057020300","tract",2019,"transportation_score",94.64
"01057020400","tract",2019,"transportation_score",89.9
"01059972900","tract",2019,"transportation_score",88.88
"01059973000","tract",2019,"transportation_score",89.02
"01059973100","tract",2019,"transportation_score",87.77
"01059973200","tract",2019,"transportation_score",92.66
"01059973300","tract",2019,"transportation_score",93.73
"01059973400","tract",2019,"transportation_score",91.58
"01059973500","tract",2019,"transportation_score",90.66
"01059973600","tract",2019,"transportation_score",90.02
"01059973700","tract",2019,"transportation_score",89.63
"01061050100","tract",2019,"transportation_score",90.22
"01061050200","tract",2019,"transportation_score",86.59
"01061050300","tract",2019,"transportation_score",90.93
"01061050400","tract",2019,"transportation_score",89.9
"01061050500","tract",2019,"transportation_score",88.95
"01061050600","tract",2019,"transportation_score",90.62
"01063060000","tract",2019,"transportation_score",94.08
"01063060100","tract",2019,"transportation_score",97.4
"01063060200","tract",2019,"transportation_score",92.37
"01065040000","tract",2019,"transportation_score",90.78
"01065040100","tract",2019,"transportation_score",90.24
"01065040200","tract",2019,"transportation_score",90.11
"01065040300","tract",2019,"transportation_score",89.2
"01065040400","tract",2019,"transportation_score",91.47
"01065040500","tract",2019,"transportation_score",90.67
"01067030100","tract",2019,"transportation_score",90.2
"01067030200","tract",2019,"transportation_score",90.47
"01067030300","tract",2019,"transportation_score",93.84
"01067030400","tract",2019,"transportation_score",92.02
"01067030500","tract",2019,"transportation_score",87.45
"01067030600","tract",2019,"transportation_score",87.96
"01069040100","tract",2019,"transportation_score",86.57
"01069040201","tract",2019,"transportation_score",87.83
"01069040202","tract",2019,"transportation_score",87.35
"01069040301","tract",2019,"transportation_score",89.68
"01069040302","tract",2019,"transportation_score",94.46
"01069040400","tract",2019,"transportation_score",88.7
"01069040500","tract",2019,"transportation_score",89.04
"01069040600","tract",2019,"transportation_score",100.65
"01069040700","tract",2019,"transportation_score",89.95
"01069040800","tract",2019,"transportation_score",88.27
"01069040900","tract",2019,"transportation_score",87.96
"01069041000","tract",2019,"transportation_score",91.98
"01069041100","tract",2019,"transportation_score",90.61
"01069041200","tract",2019,"transportation_score",98.03
"01069041400","tract",2019,"transportation_score",93.4
"01069041500","tract",2019,"transportation_score",93.2
"01069041600","tract",2019,"transportation_score",88.5
"01069041700","tract",2019,"transportation_score",91.09
"01069041800","tract",2019,"transportation_score",91.11
"01069041900","tract",2019,"transportation_score",88.41
"01069042000","tract",2019,"transportation_score",88.47
"01069042100","tract",2019,"transportation_score",86.55
"01071950100","tract",2019,"transportation_score",92.34
"01071950200","tract",2019,"transportation_score",93.18
"01071950300","tract",2019,"transportation_score",87.87
"01071950400","tract",2019,"transportation_score",88.07
"01071950500","tract",2019,"transportation_score",89.35
"01071950600","tract",2019,"transportation_score",87.52
"01071950700","tract",2019,"transportation_score",88.4
"01071950800","tract",2019,"transportation_score",90.43
"01071950900","tract",2019,"transportation_score",88.49
"01071951000","tract",2019,"transportation_score",88.33
"01071951100","tract",2019,"transportation_score",88.77
"01073000100","tract",2019,"transportation_score",100.52
"01073000300","tract",2019,"transportation_score",110.32
"01073000400","tract",2019,"transportation_score",89.48
"01073000500","tract",2019,"transportation_score",101.8
"01073000700","tract",2019,"transportation_score",107.03
"01073000800","tract",2019,"transportation_score",97.93
"01073001100","tract",2019,"transportation_score",92.06
"01073001200","tract",2019,"transportation_score",95.58
"01073001400","tract",2019,"transportation_score",95.89
"01073001500","tract",2019,"transportation_score",101.21
"01073001600","tract",2019,"transportation_score",97.07
"01073001902","tract",2019,"transportation_score",97.15
"01073002000","tract",2019,"transportation_score",95.44
"01073002100","tract",2019,"transportation_score",93.12
"01073002200","tract",2019,"transportation_score",91.14
"01073002303","tract",2019,"transportation_score",96.15
"01073002305","tract",2019,"transportation_score",88.85
"01073002306","tract",2019,"transportation_score",89.24
"01073002400","tract",2019,"transportation_score",97.84
"01073002700","tract",2019,"transportation_score",102.42
"01073002900","tract",2019,"transportation_score",115.49
"01073003001","tract",2019,"transportation_score",NA
"01073003002","tract",2019,"transportation_score",99.09
"01073003100","tract",2019,"transportation_score",97.44
"01073003200","tract",2019,"transportation_score",97.57
"01073003300","tract",2019,"transportation_score",104.93
"01073003400","tract",2019,"transportation_score",95.92
"01073003500","tract",2019,"transportation_score",100.32
"01073003600","tract",2019,"transportation_score",88.7
"01073003700","tract",2019,"transportation_score",98.79
"01073003802","tract",2019,"transportation_score",97.76
"01073003803","tract",2019,"transportation_score",97.88
"01073003900","tract",2019,"transportation_score",98.92
"01073004000","tract",2019,"transportation_score",99.41
"01073004200","tract",2019,"transportation_score",100.28
"01073004500","tract",2019,"transportation_score",NA
"01073004701","tract",2019,"transportation_score",89.64
"01073004702","tract",2019,"transportation_score",87.08
"01073004800","tract",2019,"transportation_score",90.36
"01073004901","tract",2019,"transportation_score",101.22
"01073004902","tract",2019,"transportation_score",96.46
"01073005000","tract",2019,"transportation_score",94.31
"01073005101","tract",2019,"transportation_score",100.15
"01073005103","tract",2019,"transportation_score",93.87
"01073005104","tract",2019,"transportation_score",92.89
"01073005200","tract",2019,"transportation_score",91.65
"01073005302","tract",2019,"transportation_score",90.83
"01073005500","tract",2019,"transportation_score",98.43
"01073005600","tract",2019,"transportation_score",89.15
"01073005701","tract",2019,"transportation_score",91.15
"01073005702","tract",2019,"transportation_score",91.91
"01073005800","tract",2019,"transportation_score",90.54
"01073005903","tract",2019,"transportation_score",90.97
"01073005905","tract",2019,"transportation_score",93.2
"01073005907","tract",2019,"transportation_score",88.04
"01073005908","tract",2019,"transportation_score",91.29
"01073005909","tract",2019,"transportation_score",87.76
"01073005910","tract",2019,"transportation_score",87.79
"01073010001","tract",2019,"transportation_score",89.76
"01073010002","tract",2019,"transportation_score",89.24
"01073010100","tract",2019,"transportation_score",97.74
"01073010200","tract",2019,"transportation_score",96.24
"01073010301","tract",2019,"transportation_score",99.74
"01073010302","tract",2019,"transportation_score",98.53
"01073010401","tract",2019,"transportation_score",96.3
"01073010402","tract",2019,"transportation_score",86.3
"01073010500","tract",2019,"transportation_score",96.35
"01073010602","tract",2019,"transportation_score",98.68
"01073010603","tract",2019,"transportation_score",91.72
"01073010701","tract",2019,"transportation_score",90.54
"01073010702","tract",2019,"transportation_score",92.89
"01073010703","tract",2019,"transportation_score",85.62
"01073010704","tract",2019,"transportation_score",NA
"01073010705","tract",2019,"transportation_score",87.4
"01073010706","tract",2019,"transportation_score",91.94
"01073010801","tract",2019,"transportation_score",88.19
"01073010802","tract",2019,"transportation_score",88.47
"01073010803","tract",2019,"transportation_score",88.65
"01073010804","tract",2019,"transportation_score",87.77
"01073010805","tract",2019,"transportation_score",86.58
"01073010900","tract",2019,"transportation_score",94.84
"01073011001","tract",2019,"transportation_score",90.56
"01073011002","tract",2019,"transportation_score",92.95
"01073011104","tract",2019,"transportation_score",90.84
"01073011107","tract",2019,"transportation_score",89.21
"01073011108","tract",2019,"transportation_score",87.66
"01073011109","tract",2019,"transportation_score",86.93
"01073011110","tract",2019,"transportation_score",88.24
"01073011111","tract",2019,"transportation_score",86.73
"01073011205","tract",2019,"transportation_score",88.93
"01073011206","tract",2019,"transportation_score",87.68
"01073011207","tract",2019,"transportation_score",89.27
"01073011208","tract",2019,"transportation_score",89.73
"01073011209","tract",2019,"transportation_score",92.47
"01073011210","tract",2019,"transportation_score",91.03
"01073011301","tract",2019,"transportation_score",89.38
"01073011302","tract",2019,"transportation_score",88.77
"01073011400","tract",2019,"transportation_score",90.96
"01073011500","tract",2019,"transportation_score",89.21
"01073011600","tract",2019,"transportation_score",90.81
"01073011703","tract",2019,"transportation_score",90.06
"01073011704","tract",2019,"transportation_score",87.73
"01073011705","tract",2019,"transportation_score",88.33
"01073011706","tract",2019,"transportation_score",89.04
"01073011802","tract",2019,"transportation_score",91.74
"01073011803","tract",2019,"transportation_score",90.15
"01073011804","tract",2019,"transportation_score",91.43
"01073011901","tract",2019,"transportation_score",92.91
"01073011904","tract",2019,"transportation_score",88.15
"01073012001","tract",2019,"transportation_score",88.65
"01073012002","tract",2019,"transportation_score",97.31
"01073012103","tract",2019,"transportation_score",87.47
"01073012104","tract",2019,"transportation_score",92.22
"01073012200","tract",2019,"transportation_score",87.4
"01073012302","tract",2019,"transportation_score",87.89
"01073012304","tract",2019,"transportation_score",88.7
"01073012305","tract",2019,"transportation_score",89.45
"01073012401","tract",2019,"transportation_score",88.02
"01073012402","tract",2019,"transportation_score",90.22
"01073012403","tract",2019,"transportation_score",93.07
"01073012500","tract",2019,"transportation_score",90.46
"01073012602","tract",2019,"transportation_score",95.18
"01073012701","tract",2019,"transportation_score",88.94
"01073012703","tract",2019,"transportation_score",87.7
"01073012704","tract",2019,"transportation_score",87.6
"01073012802","tract",2019,"transportation_score",87.22
"01073012803","tract",2019,"transportation_score",88.54
"01073012905","tract",2019,"transportation_score",86.12
"01073012906","tract",2019,"transportation_score",90.8
"01073012907","tract",2019,"transportation_score",89.3
"01073012908","tract",2019,"transportation_score",92.28
"01073012910","tract",2019,"transportation_score",89.8
"01073012911","tract",2019,"transportation_score",85.91
"01073012912","tract",2019,"transportation_score",91.43
"01073012913","tract",2019,"transportation_score",93.46
"01073012914","tract",2019,"transportation_score",90
"01073012915","tract",2019,"transportation_score",89.67
"01073013002","tract",2019,"transportation_score",94.15
"01073013100","tract",2019,"transportation_score",91.67
"01073013200","tract",2019,"transportation_score",91.33
"01073013300","tract",2019,"transportation_score",95.79
"01073013400","tract",2019,"transportation_score",89.89
"01073013601","tract",2019,"transportation_score",97.83
"01073013801","tract",2019,"transportation_score",90.31
"01073013901","tract",2019,"transportation_score",89.89
"01073013902","tract",2019,"transportation_score",93.1
"01073014001","tract",2019,"transportation_score",89.76
"01073014002","tract",2019,"transportation_score",86.43
"01073014102","tract",2019,"transportation_score",89.24
"01073014104","tract",2019,"transportation_score",88.2
"01073014105","tract",2019,"transportation_score",90.14
"01073014203","tract",2019,"transportation_score",88.68
"01073014204","tract",2019,"transportation_score",88.58
"01073014301","tract",2019,"transportation_score",93.52
"01073014302","tract",2019,"transportation_score",88.04
"01073014404","tract",2019,"transportation_score",88.21
"01073014405","tract",2019,"transportation_score",88.89
"01073014406","tract",2019,"transportation_score",87.72
"01073014408","tract",2019,"transportation_score",90.82
"01073014409","tract",2019,"transportation_score",88.16
"01073014410","tract",2019,"transportation_score",90.38
"01073014412","tract",2019,"transportation_score",87.75
"01073014413","tract",2019,"transportation_score",87.04
"01075030000","tract",2019,"transportation_score",89.54
"01075030100","tract",2019,"transportation_score",90.61
"01075030200","tract",2019,"transportation_score",87.36
"01077010100","tract",2019,"transportation_score",NA
"01077010200","tract",2019,"transportation_score",100.36
"01077010300","tract",2019,"transportation_score",102.73
"01077010400","tract",2019,"transportation_score",90.93
"01077010600","tract",2019,"transportation_score",97.47
"01077010700","tract",2019,"transportation_score",98.82
"01077010800","tract",2019,"transportation_score",90.66
"01077010900","tract",2019,"transportation_score",87.62
"01077011000","tract",2019,"transportation_score",88.24
"01077011101","tract",2019,"transportation_score",87.89
"01077011102","tract",2019,"transportation_score",86.64
"01077011200","tract",2019,"transportation_score",88.12
"01077011300","tract",2019,"transportation_score",87.81
"01077011400","tract",2019,"transportation_score",88.19
"01077011501","tract",2019,"transportation_score",88.9
"01077011502","tract",2019,"transportation_score",85.73
"01077011602","tract",2019,"transportation_score",88.09
"01077011603","tract",2019,"transportation_score",88.57
"01077011604","tract",2019,"transportation_score",87.61
"01077011700","tract",2019,"transportation_score",87.76
"01077011801","tract",2019,"transportation_score",88.21
"01077011802","tract",2019,"transportation_score",88.66
"01079979100","tract",2019,"transportation_score",91.49
"01079979200","tract",2019,"transportation_score",91.69
"01079979300","tract",2019,"transportation_score",88.55
"01079979400","tract",2019,"transportation_score",88.6
"01079979500","tract",2019,"transportation_score",89.77
"01079979600","tract",2019,"transportation_score",89.14
"01079979700","tract",2019,"transportation_score",85.98
"01079979800","tract",2019,"transportation_score",88.46
"01079979900","tract",2019,"transportation_score",90.01
"01081040200","tract",2019,"transportation_score",93.37
"01081040300","tract",2019,"transportation_score",101.84
"01081040400","tract",2019,"transportation_score",90.55
"01081040500","tract",2019,"transportation_score",88.25
"01081040602","tract",2019,"transportation_score",91.79
"01081040603","tract",2019,"transportation_score",88.81
"01081040604","tract",2019,"transportation_score",89.07
"01081040700","tract",2019,"transportation_score",NA
"01081040800","tract",2019,"transportation_score",107.68
"01081040901","tract",2019,"transportation_score",91.89
"01081040902","tract",2019,"transportation_score",92.96
"01081041000","tract",2019,"transportation_score",89.65
"01081041100","tract",2019,"transportation_score",91.49
"01081041200","tract",2019,"transportation_score",87.75
"01081041300","tract",2019,"transportation_score",87.88
"01081041400","tract",2019,"transportation_score",92.95
"01081041600","tract",2019,"transportation_score",94.6
"01081041700","tract",2019,"transportation_score",87.36
"01081041800","tract",2019,"transportation_score",89.88
"01081041900","tract",2019,"transportation_score",88.83
"01081042002","tract",2019,"transportation_score",88.22
"01081042003","tract",2019,"transportation_score",93.47
"01081042004","tract",2019,"transportation_score",89.36
"01081042005","tract",2019,"transportation_score",88.43
"01081042006","tract",2019,"transportation_score",85.72
"01081042101","tract",2019,"transportation_score",87.47
"01081042102","tract",2019,"transportation_score",87.45
"01083020101","tract",2019,"transportation_score",87.1
"01083020102","tract",2019,"transportation_score",88.67
"01083020201","tract",2019,"transportation_score",90.43
"01083020202","tract",2019,"transportation_score",87.87
"01083020300","tract",2019,"transportation_score",87.05
"01083020401","tract",2019,"transportation_score",90.88
"01083020402","tract",2019,"transportation_score",87.4
"01083020500","tract",2019,"transportation_score",89.9
"01083020600","tract",2019,"transportation_score",89.82
"01083020700","tract",2019,"transportation_score",89.69
"01083020801","tract",2019,"transportation_score",87.64
"01083020802","tract",2019,"transportation_score",86.41
"01083020900","tract",2019,"transportation_score",88.88
"01083021000","tract",2019,"transportation_score",88.24
"01083021100","tract",2019,"transportation_score",87.54
"01083021200","tract",2019,"transportation_score",87.82
"01085780800","tract",2019,"transportation_score",94.2
"01085781000","tract",2019,"transportation_score",90.45
"01085781100","tract",2019,"transportation_score",94.24
"01085781200","tract",2019,"transportation_score",89.41
"01087231400","tract",2019,"transportation_score",88.09
"01087231500","tract",2019,"transportation_score",88.2
"01087231601","tract",2019,"transportation_score",84.31
"01087231602","tract",2019,"transportation_score",94.67
"01087231603","tract",2019,"transportation_score",86.59
"01087231700","tract",2019,"transportation_score",NA
"01087231800","tract",2019,"transportation_score",92.38
"01087231900","tract",2019,"transportation_score",93.05
"01087232000","tract",2019,"transportation_score",90.91
"01087232100","tract",2019,"transportation_score",91.25
"01087232200","tract",2019,"transportation_score",88.47
"01087232300","tract",2019,"transportation_score",92.92
"01089000201","tract",2019,"transportation_score",94.22
"01089000202","tract",2019,"transportation_score",NA
"01089000301","tract",2019,"transportation_score",89.17
"01089000302","tract",2019,"transportation_score",88.86
"01089000403","tract",2019,"transportation_score",87.09
"01089000501","tract",2019,"transportation_score",88.57
"01089000502","tract",2019,"transportation_score",87.8
"01089000503","tract",2019,"transportation_score",90.59
"01089000601","tract",2019,"transportation_score",88.79
"01089000602","tract",2019,"transportation_score",89.12
"01089000701","tract",2019,"transportation_score",91.07
"01089000702","tract",2019,"transportation_score",93.02
"01089000901","tract",2019,"transportation_score",87.88
"01089000902","tract",2019,"transportation_score",88.65
"01089001000","tract",2019,"transportation_score",90.88
"01089001200","tract",2019,"transportation_score",99.09
"01089001301","tract",2019,"transportation_score",101.33
"01089001302","tract",2019,"transportation_score",88.88
"01089001401","tract",2019,"transportation_score",86.95
"01089001402","tract",2019,"transportation_score",89.43
"01089001500","tract",2019,"transportation_score",95.56
"01089001700","tract",2019,"transportation_score",86.48
"01089001801","tract",2019,"transportation_score",87.9
"01089001901","tract",2019,"transportation_score",85.04
"01089001902","tract",2019,"transportation_score",89.03
"01089001903","tract",2019,"transportation_score",85.64
"01089002000","tract",2019,"transportation_score",86.7
"01089002100","tract",2019,"transportation_score",103.03
"01089002200","tract",2019,"transportation_score",89.57
"01089002300","tract",2019,"transportation_score",94.77
"01089002400","tract",2019,"transportation_score",93.84
"01089002501","tract",2019,"transportation_score",97.2
"01089002502","tract",2019,"transportation_score",91.83
"01089002600","tract",2019,"transportation_score",88.2
"01089002701","tract",2019,"transportation_score",87.9
"01089002721","tract",2019,"transportation_score",88.37
"01089002722","tract",2019,"transportation_score",87.63
"01089002801","tract",2019,"transportation_score",90.27
"01089002802","tract",2019,"transportation_score",87.81
"01089002911","tract",2019,"transportation_score",87.39
"01089002912","tract",2019,"transportation_score",86.97
"01089002921","tract",2019,"transportation_score",87.65
"01089002922","tract",2019,"transportation_score",87.2
"01089003000","tract",2019,"transportation_score",92.01
"01089003100","tract",2019,"transportation_score",NA
"01089010100","tract",2019,"transportation_score",88.61
"01089010200","tract",2019,"transportation_score",86.96
"01089010301","tract",2019,"transportation_score",87.77
"01089010302","tract",2019,"transportation_score",87.69
"01089010401","tract",2019,"transportation_score",88.35
"01089010402","tract",2019,"transportation_score",88.28
"01089010501","tract",2019,"transportation_score",87.04
"01089010502","tract",2019,"transportation_score",86.68
"01089010612","tract",2019,"transportation_score",88.4
"01089010621","tract",2019,"transportation_score",85.71
"01089010622","tract",2019,"transportation_score",90.22
"01089010623","tract",2019,"transportation_score",86.24
"01089010624","tract",2019,"transportation_score",87.2
"01089010701","tract",2019,"transportation_score",87.57
"01089010702","tract",2019,"transportation_score",86.71
"01089010800","tract",2019,"transportation_score",86.69
"01089010901","tract",2019,"transportation_score",87.19
"01089010902","tract",2019,"transportation_score",88.61
"01089011011","tract",2019,"transportation_score",86.16
"01089011012","tract",2019,"transportation_score",85.62
"01089011013","tract",2019,"transportation_score",86.06
"01089011014","tract",2019,"transportation_score",86.9
"01089011021","tract",2019,"transportation_score",87.68
"01089011022","tract",2019,"transportation_score",88.36
"01089011100","tract",2019,"transportation_score",85.6
"01089011200","tract",2019,"transportation_score",87.47
"01089011300","tract",2019,"transportation_score",88.86
"01089011400","tract",2019,"transportation_score",87.58
"01091972900","tract",2019,"transportation_score",88.76
"01091973000","tract",2019,"transportation_score",91.93
"01091973100","tract",2019,"transportation_score",95.12
"01091973200","tract",2019,"transportation_score",89.31
"01091973300","tract",2019,"transportation_score",89.18
"01091973400","tract",2019,"transportation_score",89.28
"01093964000","tract",2019,"transportation_score",89.58
"01093964100","tract",2019,"transportation_score",90.47
"01093964200","tract",2019,"transportation_score",87.6
"01093964300","tract",2019,"transportation_score",90.02
"01093964400","tract",2019,"transportation_score",90.37
"01093964500","tract",2019,"transportation_score",90.67
"01093964600","tract",2019,"transportation_score",91.02
"01093964700","tract",2019,"transportation_score",86.63
"01095030100","tract",2019,"transportation_score",90.02
"01095030201","tract",2019,"transportation_score",93.42
"01095030202","tract",2019,"transportation_score",90.76
"01095030300","tract",2019,"transportation_score",88.26
"01095030401","tract",2019,"transportation_score",89.77
"01095030402","tract",2019,"transportation_score",88.48
"01095030500","tract",2019,"transportation_score",87.32
"01095030600","tract",2019,"transportation_score",89.42
"01095030701","tract",2019,"transportation_score",90.11
"01095030702","tract",2019,"transportation_score",90.07
"01095030801","tract",2019,"transportation_score",88.99
"01095030802","tract",2019,"transportation_score",88.61
"01095030902","tract",2019,"transportation_score",86.37
"01095030903","tract",2019,"transportation_score",91.45
"01095030904","tract",2019,"transportation_score",87.61
"01095031000","tract",2019,"transportation_score",87.96
"01095031100","tract",2019,"transportation_score",88.78
"01095031200","tract",2019,"transportation_score",90.38
"01097000200","tract",2019,"transportation_score",92.81
"01097000401","tract",2019,"transportation_score",93.99
"01097000402","tract",2019,"transportation_score",104.43
"01097000500","tract",2019,"transportation_score",94.31
"01097000600","tract",2019,"transportation_score",91.04
"01097000701","tract",2019,"transportation_score",97.22
"01097000702","tract",2019,"transportation_score",92.26
"01097000800","tract",2019,"transportation_score",88.64
"01097000901","tract",2019,"transportation_score",93.32
"01097000902","tract",2019,"transportation_score",90.42
"01097000903","tract",2019,"transportation_score",94.15
"01097001001","tract",2019,"transportation_score",99.41
"01097001002","tract",2019,"transportation_score",91.54
"01097001100","tract",2019,"transportation_score",96.82
"01097001200","tract",2019,"transportation_score",NA
"01097001302","tract",2019,"transportation_score",92.37
"01097001400","tract",2019,"transportation_score",99.8
"01097001501","tract",2019,"transportation_score",98.94
"01097001502","tract",2019,"transportation_score",95.24
"01097001800","tract",2019,"transportation_score",85.98
"01097001901","tract",2019,"transportation_score",87.73
"01097001902","tract",2019,"transportation_score",90.22
"01097002000","tract",2019,"transportation_score",89.1
"01097002100","tract",2019,"transportation_score",89.36
"01097002200","tract",2019,"transportation_score",89.33
"01097002301","tract",2019,"transportation_score",90.87
"01097002302","tract",2019,"transportation_score",91.06
"01097002400","tract",2019,"transportation_score",93.23
"01097002501","tract",2019,"transportation_score",88.8
"01097002502","tract",2019,"transportation_score",89.87
"01097002600","tract",2019,"transportation_score",94.31
"01097002700","tract",2019,"transportation_score",92.71
"01097002800","tract",2019,"transportation_score",88.17
"01097002900","tract",2019,"transportation_score",89.63
"01097003000","tract",2019,"transportation_score",89.29
"01097003100","tract",2019,"transportation_score",89.87
"01097003202","tract",2019,"transportation_score",92.96
"01097003203","tract",2019,"transportation_score",89.2
"01097003204","tract",2019,"transportation_score",92.51
"01097003205","tract",2019,"transportation_score",94.92
"01097003301","tract",2019,"transportation_score",90.13
"01097003302","tract",2019,"transportation_score",89.91
"01097003402","tract",2019,"transportation_score",90.3
"01097003404","tract",2019,"transportation_score",89.36
"01097003405","tract",2019,"transportation_score",91.19
"01097003406","tract",2019,"transportation_score",91.61
"01097003407","tract",2019,"transportation_score",87.7
"01097003408","tract",2019,"transportation_score",87.31
"01097003501","tract",2019,"transportation_score",88.34
"01097003502","tract",2019,"transportation_score",87.71
"01097003602","tract",2019,"transportation_score",99.35
"01097003605","tract",2019,"transportation_score",NA
"01097003606","tract",2019,"transportation_score",91.71
"01097003607","tract",2019,"transportation_score",93.85
"01097003608","tract",2019,"transportation_score",87.35
"01097003703","tract",2019,"transportation_score",93.75
"01097003704","tract",2019,"transportation_score",90.42
"01097003705","tract",2019,"transportation_score",92.51
"01097003706","tract",2019,"transportation_score",88.79
"01097003707","tract",2019,"transportation_score",89.42
"01097003708","tract",2019,"transportation_score",88.98
"01097003709","tract",2019,"transportation_score",89.2
"01097003710","tract",2019,"transportation_score",89.77
"01097003800","tract",2019,"transportation_score",94.14
"01097003901","tract",2019,"transportation_score",95.47
"01097003902","tract",2019,"transportation_score",100.68
"01097004000","tract",2019,"transportation_score",92.99
"01097004100","tract",2019,"transportation_score",93.55
"01097004800","tract",2019,"transportation_score",98.28
"01097004900","tract",2019,"transportation_score",90.45
"01097005000","tract",2019,"transportation_score",89.79
"01097005100","tract",2019,"transportation_score",91.41
"01097005200","tract",2019,"transportation_score",91.26
"01097005300","tract",2019,"transportation_score",87.69
"01097005400","tract",2019,"transportation_score",89.16
"01097005500","tract",2019,"transportation_score",90.73
"01097005600","tract",2019,"transportation_score",88.19
"01097005700","tract",2019,"transportation_score",86.69
"01097005800","tract",2019,"transportation_score",90.75
"01097005900","tract",2019,"transportation_score",88.26
"01097006000","tract",2019,"transportation_score",89.3
"01097006102","tract",2019,"transportation_score",89.02
"01097006103","tract",2019,"transportation_score",87.12
"01097006104","tract",2019,"transportation_score",89.95
"01097006105","tract",2019,"transportation_score",90.44
"01097006200","tract",2019,"transportation_score",88.55
"01097006301","tract",2019,"transportation_score",90.29
"01097006302","tract",2019,"transportation_score",88.9
"01097006402","tract",2019,"transportation_score",90.54
"01097006403","tract",2019,"transportation_score",89.68
"01097006404","tract",2019,"transportation_score",89.87
"01097006405","tract",2019,"transportation_score",90.59
"01097006406","tract",2019,"transportation_score",89.23
"01097006407","tract",2019,"transportation_score",88.59
"01097006501","tract",2019,"transportation_score",90.36
"01097006502","tract",2019,"transportation_score",88.56
"01097006600","tract",2019,"transportation_score",87.76
"01097006701","tract",2019,"transportation_score",90.46
"01097006702","tract",2019,"transportation_score",86.95
"01097006801","tract",2019,"transportation_score",87.12
"01097006802","tract",2019,"transportation_score",89.23
"01097006901","tract",2019,"transportation_score",92.46
"01097006902","tract",2019,"transportation_score",90.09
"01097007000","tract",2019,"transportation_score",88.19
"01097007101","tract",2019,"transportation_score",88.59
"01097007102","tract",2019,"transportation_score",93.19
"01097007103","tract",2019,"transportation_score",87.79
"01097007201","tract",2019,"transportation_score",90.07
"01097007202","tract",2019,"transportation_score",92.3
"01097007300","tract",2019,"transportation_score",90.7
"01097007400","tract",2019,"transportation_score",89.04
"01097007500","tract",2019,"transportation_score",96.57
"01097007600","tract",2019,"transportation_score",90.49
"01097007700","tract",2019,"transportation_score",92.91
"01097990000","tract",2019,"transportation_score",NA
"01099075600","tract",2019,"transportation_score",95.86
"01099075700","tract",2019,"transportation_score",94.48
"01099075800","tract",2019,"transportation_score",91.3
"01099075900","tract",2019,"transportation_score",88.14
"01099076000","tract",2019,"transportation_score",92.44
"01099076100","tract",2019,"transportation_score",88.67
"01099076200","tract",2019,"transportation_score",87.64
"01101000100","tract",2019,"transportation_score",106.79
"01101000200","tract",2019,"transportation_score",NA
"01101000300","tract",2019,"transportation_score",106.93
"01101000400","tract",2019,"transportation_score",89.67
"01101000500","tract",2019,"transportation_score",99.62
"01101000600","tract",2019,"transportation_score",103.63
"01101000700","tract",2019,"transportation_score",106.25
"01101000900","tract",2019,"transportation_score",NA
"01101001000","tract",2019,"transportation_score",98.85
"01101001100","tract",2019,"transportation_score",103.56
"01101001200","tract",2019,"transportation_score",96.7
"01101001300","tract",2019,"transportation_score",90.11
"01101001400","tract",2019,"transportation_score",92.21
"01101001500","tract",2019,"transportation_score",NA
"01101001600","tract",2019,"transportation_score",94.47
"01101001700","tract",2019,"transportation_score",89.5
"01101001800","tract",2019,"transportation_score",95.88
"01101001900","tract",2019,"transportation_score",86.73
"01101002000","tract",2019,"transportation_score",94.61
"01101002100","tract",2019,"transportation_score",95.35
"01101002201","tract",2019,"transportation_score",92.09
"01101002202","tract",2019,"transportation_score",94.25
"01101002300","tract",2019,"transportation_score",89.85
"01101002400","tract",2019,"transportation_score",91.63
"01101002500","tract",2019,"transportation_score",89.9
"01101002600","tract",2019,"transportation_score",88.77
"01101002700","tract",2019,"transportation_score",85.27
"01101002800","tract",2019,"transportation_score",97.57
"01101002900","tract",2019,"transportation_score",87.85
"01101003000","tract",2019,"transportation_score",102.83
"01101003100","tract",2019,"transportation_score",89.76
"01101003200","tract",2019,"transportation_score",94.97
"01101003301","tract",2019,"transportation_score",91.36
"01101003302","tract",2019,"transportation_score",88.01
"01101005101","tract",2019,"transportation_score",86.7
"01101005102","tract",2019,"transportation_score",88.3
"01101005301","tract",2019,"transportation_score",100.73
"01101005302","tract",2019,"transportation_score",88.18
"01101005402","tract",2019,"transportation_score",91.63
"01101005403","tract",2019,"transportation_score",91.22
"01101005406","tract",2019,"transportation_score",88.57
"01101005407","tract",2019,"transportation_score",90.14
"01101005408","tract",2019,"transportation_score",87.05
"01101005409","tract",2019,"transportation_score",93.66
"01101005410","tract",2019,"transportation_score",88.38
"01101005501","tract",2019,"transportation_score",91.53
"01101005502","tract",2019,"transportation_score",86.33
"01101005503","tract",2019,"transportation_score",87.51
"01101005504","tract",2019,"transportation_score",87.58
"01101005603","tract",2019,"transportation_score",97.65
"01101005604","tract",2019,"transportation_score",88.4
"01101005605","tract",2019,"transportation_score",89.16
"01101005606","tract",2019,"transportation_score",91.09
"01101005607","tract",2019,"transportation_score",89.6
"01101005608","tract",2019,"transportation_score",85.32
"01101005609","tract",2019,"transportation_score",87.76
"01101005610","tract",2019,"transportation_score",88.2
"01101005611","tract",2019,"transportation_score",88.72
"01101005612","tract",2019,"transportation_score",88.12
"01101005700","tract",2019,"transportation_score",89.14
"01101005800","tract",2019,"transportation_score",92.28
"01101005901","tract",2019,"transportation_score",86.37
"01101005902","tract",2019,"transportation_score",92.04
"01101006000","tract",2019,"transportation_score",88.79
"01101006100","tract",2019,"transportation_score",92.95
"01103000100","tract",2019,"transportation_score",90.64
"01103000200","tract",2019,"transportation_score",84.48
"01103000300","tract",2019,"transportation_score",85.83
"01103000400","tract",2019,"transportation_score",89.47
"01103000600","tract",2019,"transportation_score",97.28
"01103000700","tract",2019,"transportation_score",92.66
"01103000800","tract",2019,"transportation_score",88.35
"01103000900","tract",2019,"transportation_score",88.99
"01103001000","tract",2019,"transportation_score",86.48
"01103005101","tract",2019,"transportation_score",88.65
"01103005103","tract",2019,"transportation_score",87.48
"01103005105","tract",2019,"transportation_score",86.82
"01103005106","tract",2019,"transportation_score",88.44
"01103005107","tract",2019,"transportation_score",86.15
"01103005108","tract",2019,"transportation_score",90.55
"01103005109","tract",2019,"transportation_score",90.79
"01103005200","tract",2019,"transportation_score",86.65
"01103005301","tract",2019,"transportation_score",86.67
"01103005302","tract",2019,"transportation_score",86.79
"01103005303","tract",2019,"transportation_score",90.76
"01103005304","tract",2019,"transportation_score",85.88
"01103005404","tract",2019,"transportation_score",86.28
"01103005405","tract",2019,"transportation_score",90.04
"01103005500","tract",2019,"transportation_score",87.86
"01103005600","tract",2019,"transportation_score",88.03
"01103005701","tract",2019,"transportation_score",88.62
"01103005702","tract",2019,"transportation_score",89.6
"01105686800","tract",2019,"transportation_score",91.8
"01105687000","tract",2019,"transportation_score",91.67
"01105687100","tract",2019,"transportation_score",94.13
"01107050000","tract",2019,"transportation_score",91.9
"01107050100","tract",2019,"transportation_score",93.14
"01107050200","tract",2019,"transportation_score",89.12
"01107050300","tract",2019,"transportation_score",91.88
"01107050400","tract",2019,"transportation_score",90.94
"01109188600","tract",2019,"transportation_score",88.1
"01109188700","tract",2019,"transportation_score",89.66
"01109188800","tract",2019,"transportation_score",87.28
"01109188900","tract",2019,"transportation_score",94.67
"01109189000","tract",2019,"transportation_score",97.25
"01109189100","tract",2019,"transportation_score",98.21
"01109189200","tract",2019,"transportation_score",87.41
"01109189300","tract",2019,"transportation_score",89.46
"01111000100","tract",2019,"transportation_score",89.58
"01111000200","tract",2019,"transportation_score",89.53
"01111000300","tract",2019,"transportation_score",90.79
"01111000400","tract",2019,"transportation_score",88.84
"01111000500","tract",2019,"transportation_score",86.96
"01111000600","tract",2019,"transportation_score",89.54
"01113030200","tract",2019,"transportation_score",98.11
"01113030300","tract",2019,"transportation_score",93.23
"01113030401","tract",2019,"transportation_score",89.73
"01113030402","tract",2019,"transportation_score",90.23
"01113030500","tract",2019,"transportation_score",92.92
"01113030600","tract",2019,"transportation_score",92.73
"01113030700","tract",2019,"transportation_score",93.87
"01113030800","tract",2019,"transportation_score",92.31
"01113030901","tract",2019,"transportation_score",91.28
"01113030902","tract",2019,"transportation_score",89.24
"01113031000","tract",2019,"transportation_score",89.97
"01113031100","tract",2019,"transportation_score",93.3
"01113031200","tract",2019,"transportation_score",88.4
"01115040103","tract",2019,"transportation_score",86.62
"01115040104","tract",2019,"transportation_score",89.54
"01115040105","tract",2019,"transportation_score",88.33
"01115040106","tract",2019,"transportation_score",87.57
"01115040201","tract",2019,"transportation_score",90.05
"01115040203","tract",2019,"transportation_score",91.44
"01115040204","tract",2019,"transportation_score",87.14
"01115040205","tract",2019,"transportation_score",90.42
"01115040300","tract",2019,"transportation_score",89.5
"01115040401","tract",2019,"transportation_score",90.53
"01115040402","tract",2019,"transportation_score",89.83
"01115040501","tract",2019,"transportation_score",88.94
"01115040502","tract",2019,"transportation_score",89.59
"01117030102","tract",2019,"transportation_score",91.79
"01117030103","tract",2019,"transportation_score",89.29
"01117030211","tract",2019,"transportation_score",87.83
"01117030212","tract",2019,"transportation_score",90.04
"01117030213","tract",2019,"transportation_score",89.61
"01117030214","tract",2019,"transportation_score",89.15
"01117030215","tract",2019,"transportation_score",89.37
"01117030216","tract",2019,"transportation_score",88.96
"01117030217","tract",2019,"transportation_score",89.93
"01117030303","tract",2019,"transportation_score",89.08
"01117030304","tract",2019,"transportation_score",86.48
"01117030305","tract",2019,"transportation_score",89.32
"01117030306","tract",2019,"transportation_score",89.4
"01117030314","tract",2019,"transportation_score",90.36
"01117030315","tract",2019,"transportation_score",88.81
"01117030316","tract",2019,"transportation_score",90.57
"01117030317","tract",2019,"transportation_score",89.5
"01117030319","tract",2019,"transportation_score",91.76
"01117030320","tract",2019,"transportation_score",88.32
"01117030330","tract",2019,"transportation_score",87.02
"01117030331","tract",2019,"transportation_score",86.19
"01117030332","tract",2019,"transportation_score",89.35
"01117030333","tract",2019,"transportation_score",88.94
"01117030334","tract",2019,"transportation_score",87.22
"01117030336","tract",2019,"transportation_score",88.36
"01117030337","tract",2019,"transportation_score",88.5
"01117030340","tract",2019,"transportation_score",88.57
"01117030341","tract",2019,"transportation_score",90.77
"01117030342","tract",2019,"transportation_score",86.57
"01117030344","tract",2019,"transportation_score",88.94
"01117030345","tract",2019,"transportation_score",88.13
"01117030405","tract",2019,"transportation_score",94.65
"01117030406","tract",2019,"transportation_score",93.06
"01117030407","tract",2019,"transportation_score",NA
"01117030408","tract",2019,"transportation_score",93.18
"01117030501","tract",2019,"transportation_score",89.99
"01117030502","tract",2019,"transportation_score",87.62
"01117030604","tract",2019,"transportation_score",89.32
"01117030605","tract",2019,"transportation_score",89.6
"01117030607","tract",2019,"transportation_score",88.18
"01117030608","tract",2019,"transportation_score",88.28
"01117030609","tract",2019,"transportation_score",90.1
"01117030701","tract",2019,"transportation_score",89.63
"01117030703","tract",2019,"transportation_score",89.68
"01117030704","tract",2019,"transportation_score",88.56
"01117030800","tract",2019,"transportation_score",88.51
"01117030900","tract",2019,"transportation_score",90.71
"01117980000","tract",2019,"transportation_score",NA
"01119011300","tract",2019,"transportation_score",93.93
"01119011400","tract",2019,"transportation_score",94.32
"01119011500","tract",2019,"transportation_score",89.1
"01119011600","tract",2019,"transportation_score",91.12
"01121010101","tract",2019,"transportation_score",88.16
"01121010102","tract",2019,"transportation_score",87.95
"01121010201","tract",2019,"transportation_score",88.86
"01121010202","tract",2019,"transportation_score",88.55
"01121010301","tract",2019,"transportation_score",90
"01121010302","tract",2019,"transportation_score",87.41
"01121010400","tract",2019,"transportation_score",86.73
"01121010500","tract",2019,"transportation_score",102.35
"01121010600","tract",2019,"transportation_score",93.99
"01121010700","tract",2019,"transportation_score",NA
"01121010900","tract",2019,"transportation_score",94.93
"01121011000","tract",2019,"transportation_score",87.26
"01121011100","tract",2019,"transportation_score",88.11
"01121011200","tract",2019,"transportation_score",95.83
"01121011300","tract",2019,"transportation_score",97.23
"01121011400","tract",2019,"transportation_score",94.62
"01121011500","tract",2019,"transportation_score",86.78
"01121011600","tract",2019,"transportation_score",89.09
"01121011700","tract",2019,"transportation_score",92.52
"01121011800","tract",2019,"transportation_score",94.01
"01121011900","tract",2019,"transportation_score",91.73
"01121012000","tract",2019,"transportation_score",88.48
"01123961900","tract",2019,"transportation_score",87.88
"01123962000","tract",2019,"transportation_score",91.62
"01123962100","tract",2019,"transportation_score",91.4
"01123962200","tract",2019,"transportation_score",89.08
"01123962300","tract",2019,"transportation_score",88.91
"01123962400","tract",2019,"transportation_score",90.08
"01123962501","tract",2019,"transportation_score",89.93
"01123962502","tract",2019,"transportation_score",91.62
"01123962600","tract",2019,"transportation_score",94.62
"01123962700","tract",2019,"transportation_score",89.7
"01125010101","tract",2019,"transportation_score",89.6
"01125010102","tract",2019,"transportation_score",85.71
"01125010103","tract",2019,"transportation_score",88.58
"01125010201","tract",2019,"transportation_score",87.86
"01125010202","tract",2019,"transportation_score",86.78
"01125010203","tract",2019,"transportation_score",89.45
"01125010204","tract",2019,"transportation_score",88.68
"01125010301","tract",2019,"transportation_score",88.06
"01125010302","tract",2019,"transportation_score",89.68
"01125010303","tract",2019,"transportation_score",90.12
"01125010403","tract",2019,"transportation_score",92.24
"01125010404","tract",2019,"transportation_score",94.49
"01125010405","tract",2019,"transportation_score",86.6
"01125010406","tract",2019,"transportation_score",86.56
"01125010407","tract",2019,"transportation_score",87.91
"01125010500","tract",2019,"transportation_score",91.76
"01125010601","tract",2019,"transportation_score",89.3
"01125010602","tract",2019,"transportation_score",89.71
"01125010701","tract",2019,"transportation_score",88.04
"01125010702","tract",2019,"transportation_score",89.34
"01125010703","tract",2019,"transportation_score",88.99
"01125010802","tract",2019,"transportation_score",88.53
"01125010803","tract",2019,"transportation_score",92.32
"01125010804","tract",2019,"transportation_score",89.9
"01125011200","tract",2019,"transportation_score",NA
"01125011401","tract",2019,"transportation_score",NA
"01125011402","tract",2019,"transportation_score",93.95
"01125011600","tract",2019,"transportation_score",94.62
"01125011701","tract",2019,"transportation_score",97.37
"01125011703","tract",2019,"transportation_score",90.6
"01125011800","tract",2019,"transportation_score",93
"01125011901","tract",2019,"transportation_score",89.18
"01125011902","tract",2019,"transportation_score",98.49
"01125012000","tract",2019,"transportation_score",91.19
"01125012100","tract",2019,"transportation_score",88.77
"01125012303","tract",2019,"transportation_score",95.61
"01125012304","tract",2019,"transportation_score",89.6
"01125012305","tract",2019,"transportation_score",89.66
"01125012403","tract",2019,"transportation_score",91.17
"01125012404","tract",2019,"transportation_score",90.92
"01125012405","tract",2019,"transportation_score",92.39
"01125012501","tract",2019,"transportation_score",90.49
"01125012502","tract",2019,"transportation_score",89.98
"01125012503","tract",2019,"transportation_score",86.9
"01125012600","tract",2019,"transportation_score",90.75
"01125012700","tract",2019,"transportation_score",87.13
"01125012800","tract",2019,"transportation_score",93.74
"01127020100","tract",2019,"transportation_score",93.83
"01127020200","tract",2019,"transportation_score",90.88
"01127020300","tract",2019,"transportation_score",90.62
"01127020400","tract",2019,"transportation_score",90.85
"01127020600","tract",2019,"transportation_score",86.65
"01127020700","tract",2019,"transportation_score",87.88
"01127020800","tract",2019,"transportation_score",87.05
"01127020900","tract",2019,"transportation_score",88.69
"01127021000","tract",2019,"transportation_score",88.94
"01127021100","tract",2019,"transportation_score",92.53
"01127021200","tract",2019,"transportation_score",89.24
"01127021300","tract",2019,"transportation_score",88.88
"01127021400","tract",2019,"transportation_score",88.81
"01127021500","tract",2019,"transportation_score",92.31
"01127021600","tract",2019,"transportation_score",90.88
"01127021700","tract",2019,"transportation_score",93.33
"01127021800","tract",2019,"transportation_score",89.98
"01127021900","tract",2019,"transportation_score",93.16
"01129043900","tract",2019,"transportation_score",91.1
"01129044000","tract",2019,"transportation_score",92.07
"01129044100","tract",2019,"transportation_score",88.26
"01129044200","tract",2019,"transportation_score",88.95
"01129044300","tract",2019,"transportation_score",89.35
"01131034700","tract",2019,"transportation_score",91.83
"01131034800","tract",2019,"transportation_score",90.11
"01131035100","tract",2019,"transportation_score",89.04
"01131035200","tract",2019,"transportation_score",92.75
"01133965501","tract",2019,"transportation_score",90.23
"01133965502","tract",2019,"transportation_score",91.99
"01133965503","tract",2019,"transportation_score",92.82
"01133965600","tract",2019,"transportation_score",90.39
"01133965700","tract",2019,"transportation_score",90.59
"01133965800","tract",2019,"transportation_score",92.24
"01133965900","tract",2019,"transportation_score",92.18
"01001020100","tract",2019,"transportation_rnk",0.4838
"01001020200","tract",2019,"transportation_rnk",22.3863
"01001020300","tract",2019,"transportation_rnk",26.2977
"01001020400","tract",2019,"transportation_rnk",27.4839
"01001020500","tract",2019,"transportation_rnk",17.4495
"01001020600","tract",2019,"transportation_rnk",24.2792
"01001020700","tract",2019,"transportation_rnk",1.8619
"01001020801","tract",2019,"transportation_rnk",0.4443
"01001020802","tract",2019,"transportation_rnk",3.6391
"01001020900","tract",2019,"transportation_rnk",16.4988
"01001021000","tract",2019,"transportation_rnk",11.6523
"01001021100","tract",2019,"transportation_rnk",49.7898
"01003010100","tract",2019,"transportation_rnk",19.2028
"01003010200","tract",2019,"transportation_rnk",20.0688
"01003010300","tract",2019,"transportation_rnk",35.3081
"01003010400","tract",2019,"transportation_rnk",13.304
"01003010500","tract",2019,"transportation_rnk",24.6516
"01003010600","tract",2019,"transportation_rnk",14.8739
"01003010701","tract",2019,"transportation_rnk",6.2345
"01003010703","tract",2019,"transportation_rnk",19.8798
"01003010704","tract",2019,"transportation_rnk",8.5548
"01003010705","tract",2019,"transportation_rnk",11.2884
"01003010800","tract",2019,"transportation_rnk",18.0109
"01003010903","tract",2019,"transportation_rnk",14.1291
"01003010904","tract",2019,"transportation_rnk",25.2722
"01003010905","tract",2019,"transportation_rnk",29.6082
"01003010906","tract",2019,"transportation_rnk",28.807
"01003011000","tract",2019,"transportation_rnk",32.7691
"01003011101","tract",2019,"transportation_rnk",22.7474
"01003011102","tract",2019,"transportation_rnk",9.3066
"01003011201","tract",2019,"transportation_rnk",26.7166
"01003011202","tract",2019,"transportation_rnk",49.9224
"01003011300","tract",2019,"transportation_rnk",14.7738
"01003011401","tract",2019,"transportation_rnk",22.4794
"01003011403","tract",2019,"transportation_rnk",15.0474
"01003011405","tract",2019,"transportation_rnk",21.0647
"01003011406","tract",2019,"transportation_rnk",12.5409
"01003011407","tract",2019,"transportation_rnk",33.0682
"01003011408","tract",2019,"transportation_rnk",1.0297
"01003011501","tract",2019,"transportation_rnk",20.8813
"01003011502","tract",2019,"transportation_rnk",30.9975
"01003011601","tract",2019,"transportation_rnk",15.5143
"01003011602","tract",2019,"transportation_rnk",27.0523
"01003990000","tract",2019,"transportation_rnk",NA
"01005950100","tract",2019,"transportation_rnk",19.2789
"01005950200","tract",2019,"transportation_rnk",NA
"01005950300","tract",2019,"transportation_rnk",82.9059
"01005950400","tract",2019,"transportation_rnk",47.265
"01005950500","tract",2019,"transportation_rnk",30.7493
"01005950600","tract",2019,"transportation_rnk",11.5098
"01005950700","tract",2019,"transportation_rnk",36.6128
"01005950800","tract",2019,"transportation_rnk",12.5409
"01005950900","tract",2019,"transportation_rnk",48.3469
"01007010001","tract",2019,"transportation_rnk",36.83
"01007010002","tract",2019,"transportation_rnk",7.5801
"01007010003","tract",2019,"transportation_rnk",12.6932
"01007010004","tract",2019,"transportation_rnk",23.7912
"01009050101","tract",2019,"transportation_rnk",26.2173
"01009050102","tract",2019,"transportation_rnk",17.2393
"01009050200","tract",2019,"transportation_rnk",12.3152
"01009050300","tract",2019,"transportation_rnk",27.8577
"01009050400","tract",2019,"transportation_rnk",18.7444
"01009050500","tract",2019,"transportation_rnk",5.6364
"01009050601","tract",2019,"transportation_rnk",34.0132
"01009050602","tract",2019,"transportation_rnk",12.2489
"01009050700","tract",2019,"transportation_rnk",6.9595
"01011952100","tract",2019,"transportation_rnk",56.147
"01011952200","tract",2019,"transportation_rnk",41.496
"01011952500","tract",2019,"transportation_rnk",57.6506
"01013952700","tract",2019,"transportation_rnk",25.8068
"01013952800","tract",2019,"transportation_rnk",4.3416
"01013952900","tract",2019,"transportation_rnk",49.2482
"01013953000","tract",2019,"transportation_rnk",10.0372
"01013953100","tract",2019,"transportation_rnk",28.216
"01013953200","tract",2019,"transportation_rnk",21.3369
"01013953300","tract",2019,"transportation_rnk",0.402
"01013953400","tract",2019,"transportation_rnk",13.9796
"01013953500","tract",2019,"transportation_rnk",39.9402
"01015000200","tract",2019,"transportation_rnk",56.4277
"01015000300","tract",2019,"transportation_rnk",57.9525
"01015000400","tract",2019,"transportation_rnk",44.1196
"01015000500","tract",2019,"transportation_rnk",79.7718
"01015000600","tract",2019,"transportation_rnk",74.6333
"01015000700","tract",2019,"transportation_rnk",73.4075
"01015000800","tract",2019,"transportation_rnk",59.8045
"01015000900","tract",2019,"transportation_rnk",36.3815
"01015001000","tract",2019,"transportation_rnk",16.4988
"01015001100","tract",2019,"transportation_rnk",7.5801
"01015001201","tract",2019,"transportation_rnk",48.2411
"01015001202","tract",2019,"transportation_rnk",6.9595
"01015001300","tract",2019,"transportation_rnk",9.9286
"01015001400","tract",2019,"transportation_rnk",1.7025
"01015001500","tract",2019,"transportation_rnk",10.6395
"01015001600","tract",2019,"transportation_rnk",35.7369
"01015001700","tract",2019,"transportation_rnk",14.7738
"01015001800","tract",2019,"transportation_rnk",24.6516
"01015002000","tract",2019,"transportation_rnk",4.405
"01015002101","tract",2019,"transportation_rnk",NA
"01015002102","tract",2019,"transportation_rnk",3.9015
"01015002103","tract",2019,"transportation_rnk",5.2782
"01015002200","tract",2019,"transportation_rnk",16.2618
"01015002300","tract",2019,"transportation_rnk",46.6444
"01015002400","tract",2019,"transportation_rnk",4.6688
"01015002501","tract",2019,"transportation_rnk",6.1668
"01015002502","tract",2019,"transportation_rnk",6.9595
"01015002600","tract",2019,"transportation_rnk",4.0172
"01015981901","tract",2019,"transportation_rnk",NA
"01015981902","tract",2019,"transportation_rnk",NA
"01015981903","tract",2019,"transportation_rnk",NA
"01017953800","tract",2019,"transportation_rnk",33.4292
"01017953900","tract",2019,"transportation_rnk",1.3978
"01017954000","tract",2019,"transportation_rnk",41.1673
"01017954200","tract",2019,"transportation_rnk",6.0116
"01017954300","tract",2019,"transportation_rnk",2.7181
"01017954400","tract",2019,"transportation_rnk",47.4145
"01017954500","tract",2019,"transportation_rnk",25.0127
"01017954600","tract",2019,"transportation_rnk",30.2401
"01017954700","tract",2019,"transportation_rnk",7.7212
"01019955701","tract",2019,"transportation_rnk",12.9965
"01019955702","tract",2019,"transportation_rnk",7.9751
"01019955800","tract",2019,"transportation_rnk",30.5236
"01019955900","tract",2019,"transportation_rnk",17.7499
"01019956000","tract",2019,"transportation_rnk",11.1558
"01019956100","tract",2019,"transportation_rnk",26.4683
"01021060101","tract",2019,"transportation_rnk",43.8854
"01021060102","tract",2019,"transportation_rnk",17.3099
"01021060200","tract",2019,"transportation_rnk",27.1482
"01021060300","tract",2019,"transportation_rnk",6.336
"01021060401","tract",2019,"transportation_rnk",25.8068
"01021060402","tract",2019,"transportation_rnk",35.1628
"01021060500","tract",2019,"transportation_rnk",18.8332
"01021060600","tract",2019,"transportation_rnk",11.2884
"01021060700","tract",2019,"transportation_rnk",41.101
"01023956700","tract",2019,"transportation_rnk",8.0583
"01023956800","tract",2019,"transportation_rnk",34.4956
"01023956900","tract",2019,"transportation_rnk",46.6444
"01023957000","tract",2019,"transportation_rnk",6.2345
"01025957500","tract",2019,"transportation_rnk",1.8619
"01025957601","tract",2019,"transportation_rnk",3.9368
"01025957602","tract",2019,"transportation_rnk",22.5612
"01025957700","tract",2019,"transportation_rnk",46.8475
"01025957800","tract",2019,"transportation_rnk",3.1017
"01025957901","tract",2019,"transportation_rnk",5.0595
"01025957902","tract",2019,"transportation_rnk",4.0609
"01025958001","tract",2019,"transportation_rnk",8.0583
"01025958002","tract",2019,"transportation_rnk",39.9402
"01027958900","tract",2019,"transportation_rnk",6.439
"01027959000","tract",2019,"transportation_rnk",17.2393
"01027959100","tract",2019,"transportation_rnk",13.8879
"01027959200","tract",2019,"transportation_rnk",22.5612
"01029959500","tract",2019,"transportation_rnk",41.2435
"01029959600","tract",2019,"transportation_rnk",29.6082
"01029959700","tract",2019,"transportation_rnk",4.161
"01029959800","tract",2019,"transportation_rnk",15.747
"01031010100","tract",2019,"transportation_rnk",23.5133
"01031010200","tract",2019,"transportation_rnk",13.304
"01031010300","tract",2019,"transportation_rnk",5.3191
"01031010400","tract",2019,"transportation_rnk",8.2924
"01031010500","tract",2019,"transportation_rnk",35.1628
"01031010600","tract",2019,"transportation_rnk",30.9975
"01031010700","tract",2019,"transportation_rnk",9.7185
"01031010800","tract",2019,"transportation_rnk",0.56
"01031010900","tract",2019,"transportation_rnk",2.9282
"01031011000","tract",2019,"transportation_rnk",12.6932
"01031011100","tract",2019,"transportation_rnk",14.345
"01031011201","tract",2019,"transportation_rnk",1.6023
"01031011202","tract",2019,"transportation_rnk",15.9445
"01031011300","tract",2019,"transportation_rnk",63.0586
"01033020100","tract",2019,"transportation_rnk",22.0591
"01033020200","tract",2019,"transportation_rnk",7.7861
"01033020300","tract",2019,"transportation_rnk",51.8012
"01033020400","tract",2019,"transportation_rnk",0.1961
"01033020500","tract",2019,"transportation_rnk",6.2345
"01033020600","tract",2019,"transportation_rnk",21.0647
"01033020701","tract",2019,"transportation_rnk",0.2102
"01033020703","tract",2019,"transportation_rnk",0.8223
"01033020704","tract",2019,"transportation_rnk",1.0508
"01033020801","tract",2019,"transportation_rnk",23.2397
"01033020802","tract",2019,"transportation_rnk",8.6592
"01033020901","tract",2019,"transportation_rnk",14.345
"01033020902","tract",2019,"transportation_rnk",18.4171
"01033021000","tract",2019,"transportation_rnk",8.6112
"01035960200","tract",2019,"transportation_rnk",29.6082
"01035960300","tract",2019,"transportation_rnk",28.4741
"01035960400","tract",2019,"transportation_rnk",9.3771
"01035960500","tract",2019,"transportation_rnk",59.3376
"01035960600","tract",2019,"transportation_rnk",11.2884
"01037961000","tract",2019,"transportation_rnk",9.229
"01037961100","tract",2019,"transportation_rnk",10.119
"01037961200","tract",2019,"transportation_rnk",44.695
"01039961600","tract",2019,"transportation_rnk",8.4702
"01039961700","tract",2019,"transportation_rnk",12.2489
"01039961800","tract",2019,"transportation_rnk",7.2543
"01039961900","tract",2019,"transportation_rnk",14.7738
"01039962000","tract",2019,"transportation_rnk",2.9564
"01039962100","tract",2019,"transportation_rnk",18.2676
"01039962300","tract",2019,"transportation_rnk",4.9523
"01039962400","tract",2019,"transportation_rnk",5.6872
"01039962500","tract",2019,"transportation_rnk",39.3619
"01039962600","tract",2019,"transportation_rnk",26.6306
"01039962700","tract",2019,"transportation_rnk",5.7874
"01039962800","tract",2019,"transportation_rnk",20.9702
"01039962900","tract",2019,"transportation_rnk",13.304
"01039963000","tract",2019,"transportation_rnk",34.7946
"01041963400","tract",2019,"transportation_rnk",35.0838
"01041963500","tract",2019,"transportation_rnk",42.6061
"01041963600","tract",2019,"transportation_rnk",66.4001
"01041963700","tract",2019,"transportation_rnk",23.4118
"01041963800","tract",2019,"transportation_rnk",26.5572
"01041963900","tract",2019,"transportation_rnk",44.609
"01043964100","tract",2019,"transportation_rnk",13.4874
"01043964200","tract",2019,"transportation_rnk",0.8435
"01043964300","tract",2019,"transportation_rnk",5.9637
"01043964400","tract",2019,"transportation_rnk",7.0286
"01043964500","tract",2019,"transportation_rnk",13.8879
"01043964600","tract",2019,"transportation_rnk",3.6391
"01043964700","tract",2019,"transportation_rnk",4.161
"01043964800","tract",2019,"transportation_rnk",32.6873
"01043964900","tract",2019,"transportation_rnk",7.5801
"01043965000","tract",2019,"transportation_rnk",16.6413
"01043965100","tract",2019,"transportation_rnk",19.4412
"01043965200","tract",2019,"transportation_rnk",3.9368
"01043965300","tract",2019,"transportation_rnk",12.9965
"01043965401","tract",2019,"transportation_rnk",44.2324
"01043965402","tract",2019,"transportation_rnk",7.7861
"01043965500","tract",2019,"transportation_rnk",13.8879
"01043965600","tract",2019,"transportation_rnk",2.4049
"01043965700","tract",2019,"transportation_rnk",8.7833
"01045020000","tract",2019,"transportation_rnk",18.3508
"01045020100","tract",2019,"transportation_rnk",10.5704
"01045020200","tract",2019,"transportation_rnk",4.7139
"01045020300","tract",2019,"transportation_rnk",5.3614
"01045020400","tract",2019,"transportation_rnk",0.6897
"01045020500","tract",2019,"transportation_rnk",38.3745
"01045020700","tract",2019,"transportation_rnk",69.963
"01045020801","tract",2019,"transportation_rnk",17.4495
"01045020802","tract",2019,"transportation_rnk",1.2215
"01045021101","tract",2019,"transportation_rnk",13.73
"01045021102","tract",2019,"transportation_rnk",18.2676
"01045021200","tract",2019,"transportation_rnk",20.1563
"01045021300","tract",2019,"transportation_rnk",4.8296
"01045021400","tract",2019,"transportation_rnk",8.5548
"01047956100","tract",2019,"transportation_rnk",0.7984
"01047956201","tract",2019,"transportation_rnk",1.2215
"01047956202","tract",2019,"transportation_rnk",1.3541
"01047956300","tract",2019,"transportation_rnk",20.4116
"01047956400","tract",2019,"transportation_rnk",51.9127
"01047956500","tract",2019,"transportation_rnk",68.8953
"01047956600","tract",2019,"transportation_rnk",61.8328
"01047956701","tract",2019,"transportation_rnk",0.1425
"01047956702","tract",2019,"transportation_rnk",0.591
"01047956800","tract",2019,"transportation_rnk",32.4659
"01047956900","tract",2019,"transportation_rnk",43.324
"01047957000","tract",2019,"transportation_rnk",49.2482
"01047957100","tract",2019,"transportation_rnk",13.5466
"01047957200","tract",2019,"transportation_rnk",35.8765
"01047957300","tract",2019,"transportation_rnk",18.9249
"01049960100","tract",2019,"transportation_rnk",10.4886
"01049960200","tract",2019,"transportation_rnk",7.2543
"01049960300","tract",2019,"transportation_rnk",7.9059
"01049960400","tract",2019,"transportation_rnk",11.8088
"01049960500","tract",2019,"transportation_rnk",11.5761
"01049960600","tract",2019,"transportation_rnk",23.2397
"01049960700","tract",2019,"transportation_rnk",10.119
"01049960800","tract",2019,"transportation_rnk",33.583
"01049960900","tract",2019,"transportation_rnk",46.6444
"01049961000","tract",2019,"transportation_rnk",10.9301
"01049961100","tract",2019,"transportation_rnk",0.2102
"01049961200","tract",2019,"transportation_rnk",7.9751
"01049961300","tract",2019,"transportation_rnk",30.8452
"01049961400","tract",2019,"transportation_rnk",15.3535
"01051030100","tract",2019,"transportation_rnk",18.4891
"01051030200","tract",2019,"transportation_rnk",6.061
"01051030300","tract",2019,"transportation_rnk",23.7912
"01051030400","tract",2019,"transportation_rnk",32.9285
"01051030500","tract",2019,"transportation_rnk",16.9079
"01051030600","tract",2019,"transportation_rnk",33.0682
"01051030701","tract",2019,"transportation_rnk",9.6493
"01051030702","tract",2019,"transportation_rnk",0.3075
"01051030800","tract",2019,"transportation_rnk",15.5143
"01051030901","tract",2019,"transportation_rnk",5.1738
"01051030902","tract",2019,"transportation_rnk",4.4601
"01051031000","tract",2019,"transportation_rnk",26.4683
"01051031100","tract",2019,"transportation_rnk",3.3641
"01051031200","tract",2019,"transportation_rnk",15.5975
"01051031300","tract",2019,"transportation_rnk",9.7185
"01053969800","tract",2019,"transportation_rnk",9.0386
"01053969900","tract",2019,"transportation_rnk",15.2703
"01053970100","tract",2019,"transportation_rnk",12.1163
"01053970200","tract",2019,"transportation_rnk",40.5665
"01053970300","tract",2019,"transportation_rnk",9.6493
"01053970400","tract",2019,"transportation_rnk",NA
"01053970500","tract",2019,"transportation_rnk",46.2579
"01053970600","tract",2019,"transportation_rnk",38.5353
"01053970700","tract",2019,"transportation_rnk",16.2618
"01055000200","tract",2019,"transportation_rnk",43.8854
"01055000300","tract",2019,"transportation_rnk",14.8739
"01055000400","tract",2019,"transportation_rnk",10.5704
"01055000500","tract",2019,"transportation_rnk",22.8179
"01055000600","tract",2019,"transportation_rnk",9.8595
"01055000700","tract",2019,"transportation_rnk",10.119
"01055000800","tract",2019,"transportation_rnk",36.7567
"01055000900","tract",2019,"transportation_rnk",31.6097
"01055001000","tract",2019,"transportation_rnk",36.5423
"01055001100","tract",2019,"transportation_rnk",4.6279
"01055001200","tract",2019,"transportation_rnk",53.8013
"01055001300","tract",2019,"transportation_rnk",7.1922
"01055001600","tract",2019,"transportation_rnk",25.8844
"01055001700","tract",2019,"transportation_rnk",12.0529
"01055010100","tract",2019,"transportation_rnk",3.8564
"01055010200","tract",2019,"transportation_rnk",23.3342
"01055010300","tract",2019,"transportation_rnk",0.316
"01055010401","tract",2019,"transportation_rnk",30.2401
"01055010402","tract",2019,"transportation_rnk",10.8582
"01055010501","tract",2019,"transportation_rnk",7.1443
"01055010502","tract",2019,"transportation_rnk",0.3639
"01055010601","tract",2019,"transportation_rnk",0.811
"01055010602","tract",2019,"transportation_rnk",17.1477
"01055010700","tract",2019,"transportation_rnk",3.6095
"01055010800","tract",2019,"transportation_rnk",5.4051
"01055010900","tract",2019,"transportation_rnk",11.8907
"01055011001","tract",2019,"transportation_rnk",6.9595
"01055011002","tract",2019,"transportation_rnk",24.9013
"01055011100","tract",2019,"transportation_rnk",19.7007
"01055011200","tract",2019,"transportation_rnk",38.6256
"01057020000","tract",2019,"transportation_rnk",11.0147
"01057020100","tract",2019,"transportation_rnk",6.628
"01057020200","tract",2019,"transportation_rnk",22.3863
"01057020300","tract",2019,"transportation_rnk",53.7012
"01057020400","tract",2019,"transportation_rnk",19.3509
"01059972900","tract",2019,"transportation_rnk",11.1558
"01059973000","tract",2019,"transportation_rnk",12.184
"01059973100","tract",2019,"transportation_rnk",4.4601
"01059973200","tract",2019,"transportation_rnk",41.3747
"01059973300","tract",2019,"transportation_rnk",48.4005
"01059973400","tract",2019,"transportation_rnk",33.5153
"01059973500","tract",2019,"transportation_rnk",25.9549
"01059973600","tract",2019,"transportation_rnk",20.4116
"01059973700","tract",2019,"transportation_rnk",17.063
"01061050100","tract",2019,"transportation_rnk",22.1381
"01061050200","tract",2019,"transportation_rnk",1.0946
"01061050300","tract",2019,"transportation_rnk",28.3006
"01061050400","tract",2019,"transportation_rnk",19.3509
"01061050500","tract",2019,"transportation_rnk",11.6523
"01061050600","tract",2019,"transportation_rnk",25.6305
"01063060000","tract",2019,"transportation_rnk",50.4951
"01063060100","tract",2019,"transportation_rnk",65.984
"01063060200","tract",2019,"transportation_rnk",39.3619
"01065040000","tract",2019,"transportation_rnk",26.9592
"01065040100","tract",2019,"transportation_rnk",22.313
"01065040200","tract",2019,"transportation_rnk",21.1479
"01065040300","tract",2019,"transportation_rnk",13.5466
"01065040400","tract",2019,"transportation_rnk",32.614
"01065040500","tract",2019,"transportation_rnk",26.041
"01067030100","tract",2019,"transportation_rnk",21.9716
"01067030200","tract",2019,"transportation_rnk",24.2792
"01067030300","tract",2019,"transportation_rnk",49.11
"01067030400","tract",2019,"transportation_rnk",36.7567
"01067030500","tract",2019,"transportation_rnk",3.2301
"01067030600","tract",2019,"transportation_rnk",5.4051
"01069040100","tract",2019,"transportation_rnk",1.0692
"01069040201","tract",2019,"transportation_rnk",4.7774
"01069040202","tract",2019,"transportation_rnk",2.8986
"01069040301","tract",2019,"transportation_rnk",17.4495
"01069040302","tract",2019,"transportation_rnk",52.6645
"01069040400","tract",2019,"transportation_rnk",9.8595
"01069040500","tract",2019,"transportation_rnk",12.3152
"01069040600","tract",2019,"transportation_rnk",75.0437
"01069040700","tract",2019,"transportation_rnk",19.7867
"01069040800","tract",2019,"transportation_rnk",7.1443
"01069040900","tract",2019,"transportation_rnk",5.4051
"01069041000","tract",2019,"transportation_rnk",36.4661
"01069041100","tract",2019,"transportation_rnk",25.5318
"01069041200","tract",2019,"transportation_rnk",68.1266
"01069041400","tract",2019,"transportation_rnk",46.3115
"01069041500","tract",2019,"transportation_rnk",45.0251
"01069041600","tract",2019,"transportation_rnk",8.5548
"01069041700","tract",2019,"transportation_rnk",29.6082
"01069041800","tract",2019,"transportation_rnk",29.7788
"01069041900","tract",2019,"transportation_rnk",7.9751
"01069042000","tract",2019,"transportation_rnk",8.3517
"01069042100","tract",2019,"transportation_rnk",1.0424
"01071950100","tract",2019,"transportation_rnk",39.1616
"01071950200","tract",2019,"transportation_rnk",44.8573
"01071950300","tract",2019,"transportation_rnk",4.9523
"01071950400","tract",2019,"transportation_rnk",5.9637
"01071950500","tract",2019,"transportation_rnk",14.7738
"01071950600","tract",2019,"transportation_rnk",3.4727
"01071950700","tract",2019,"transportation_rnk",7.9059
"01071950800","tract",2019,"transportation_rnk",23.9647
"01071950900","tract",2019,"transportation_rnk",8.4702
"01071951000","tract",2019,"transportation_rnk",7.4715
"01071951100","tract",2019,"transportation_rnk",10.356
"01073000100","tract",2019,"transportation_rnk",74.7489
"01073000300","tract",2019,"transportation_rnk",87.926
"01073000400","tract",2019,"transportation_rnk",15.8542
"01073000500","tract",2019,"transportation_rnk",77.4162
"01073000700","tract",2019,"transportation_rnk",85.0654
"01073000800","tract",2019,"transportation_rnk",67.8021
"01073001100","tract",2019,"transportation_rnk",37.0797
"01073001200","tract",2019,"transportation_rnk",58.5054
"01073001400","tract",2019,"transportation_rnk",59.9216
"01073001500","tract",2019,"transportation_rnk",76.2116
"01073001600","tract",2019,"transportation_rnk",64.8231
"01073001902","tract",2019,"transportation_rnk",65.0544
"01073002000","tract",2019,"transportation_rnk",57.8058
"01073002100","tract",2019,"transportation_rnk",44.4355
"01073002200","tract",2019,"transportation_rnk",30.02
"01073002303","tract",2019,"transportation_rnk",61.1106
"01073002305","tract",2019,"transportation_rnk",10.9301
"01073002306","tract",2019,"transportation_rnk",13.8879
"01073002400","tract",2019,"transportation_rnk",67.4735
"01073002700","tract",2019,"transportation_rnk",78.6716
"01073002900","tract",2019,"transportation_rnk",90.6257
"01073003001","tract",2019,"transportation_rnk",NA
"01073003002","tract",2019,"transportation_rnk",71.1987
"01073003100","tract",2019,"transportation_rnk",66.1123
"01073003200","tract",2019,"transportation_rnk",66.5764
"01073003300","tract",2019,"transportation_rnk",82.5237
"01073003400","tract",2019,"transportation_rnk",60.0499
"01073003500","tract",2019,"transportation_rnk",74.2962
"01073003600","tract",2019,"transportation_rnk",9.8595
"01073003700","tract",2019,"transportation_rnk",70.4031
"01073003802","tract",2019,"transportation_rnk",67.1871
"01073003803","tract",2019,"transportation_rnk",67.623
"01073003900","tract",2019,"transportation_rnk",70.7473
"01073004000","tract",2019,"transportation_rnk",72.0718
"01073004200","tract",2019,"transportation_rnk",74.2158
"01073004500","tract",2019,"transportation_rnk",NA
"01073004701","tract",2019,"transportation_rnk",17.1477
"01073004702","tract",2019,"transportation_rnk",2.1595
"01073004800","tract",2019,"transportation_rnk",23.3342
"01073004901","tract",2019,"transportation_rnk",76.2356
"01073004902","tract",2019,"transportation_rnk",62.4182
"01073005000","tract",2019,"transportation_rnk",51.8506
"01073005101","tract",2019,"transportation_rnk",73.8984
"01073005103","tract",2019,"transportation_rnk",49.2905
"01073005104","tract",2019,"transportation_rnk",42.9234
"01073005200","tract",2019,"transportation_rnk",34.0936
"01073005302","tract",2019,"transportation_rnk",27.3979
"01073005500","tract",2019,"transportation_rnk",69.3692
"01073005600","tract",2019,"transportation_rnk",13.1531
"01073005701","tract",2019,"transportation_rnk",30.092
"01073005702","tract",2019,"transportation_rnk",35.9371
"01073005800","tract",2019,"transportation_rnk",24.9013
"01073005903","tract",2019,"transportation_rnk",28.6476
"01073005905","tract",2019,"transportation_rnk",45.0251
"01073005907","tract",2019,"transportation_rnk",5.7874
"01073005908","tract",2019,"transportation_rnk",31.2401
"01073005909","tract",2019,"transportation_rnk",4.405
"01073005910","tract",2019,"transportation_rnk",4.5715
"01073010001","tract",2019,"transportation_rnk",18.1703
"01073010002","tract",2019,"transportation_rnk",13.8879
"01073010100","tract",2019,"transportation_rnk",67.1335
"01073010200","tract",2019,"transportation_rnk",61.4971
"01073010301","tract",2019,"transportation_rnk",72.8574
"01073010302","tract",2019,"transportation_rnk",69.6443
"01073010401","tract",2019,"transportation_rnk",61.7524
"01073010402","tract",2019,"transportation_rnk",0.7137
"01073010500","tract",2019,"transportation_rnk",61.9654
"01073010602","tract",2019,"transportation_rnk",70.0914
"01073010603","tract",2019,"transportation_rnk",34.5718
"01073010701","tract",2019,"transportation_rnk",24.9013
"01073010702","tract",2019,"transportation_rnk",42.9234
"01073010703","tract",2019,"transportation_rnk",0.2454
"01073010704","tract",2019,"transportation_rnk",NA
"01073010705","tract",2019,"transportation_rnk",3.0651
"01073010706","tract",2019,"transportation_rnk",36.1586
"01073010801","tract",2019,"transportation_rnk",6.628
"01073010802","tract",2019,"transportation_rnk",8.3517
"01073010803","tract",2019,"transportation_rnk",9.5027
"01073010804","tract",2019,"transportation_rnk",4.4601
"01073010805","tract",2019,"transportation_rnk",1.0819
"01073010900","tract",2019,"transportation_rnk",54.7633
"01073011001","tract",2019,"transportation_rnk",25.0903
"01073011002","tract",2019,"transportation_rnk",43.324
"01073011104","tract",2019,"transportation_rnk",27.4839
"01073011107","tract",2019,"transportation_rnk",13.6411
"01073011108","tract",2019,"transportation_rnk",3.9368
"01073011109","tract",2019,"transportation_rnk",1.8026
"01073011110","tract",2019,"transportation_rnk",6.9595
"01073011111","tract",2019,"transportation_rnk",1.3753
"01073011205","tract",2019,"transportation_rnk",11.5098
"01073011206","tract",2019,"transportation_rnk",4.0172
"01073011207","tract",2019,"transportation_rnk",14.1291
"01073011208","tract",2019,"transportation_rnk",17.9206
"01073011209","tract",2019,"transportation_rnk",40.1038
"01073011210","tract",2019,"transportation_rnk",29.1032
"01073011301","tract",2019,"transportation_rnk",15.0474
"01073011302","tract",2019,"transportation_rnk",10.356
"01073011400","tract",2019,"transportation_rnk",28.5616
"01073011500","tract",2019,"transportation_rnk",13.6411
"01073011600","tract",2019,"transportation_rnk",27.2484
"01073011703","tract",2019,"transportation_rnk",20.7416
"01073011704","tract",2019,"transportation_rnk",4.2485
"01073011705","tract",2019,"transportation_rnk",7.4715
"01073011706","tract",2019,"transportation_rnk",12.3152
"01073011802","tract",2019,"transportation_rnk",34.7213
"01073011803","tract",2019,"transportation_rnk",21.5287
"01073011804","tract",2019,"transportation_rnk",32.3121
"01073011901","tract",2019,"transportation_rnk",43.0574
"01073011904","tract",2019,"transportation_rnk",6.3896
"01073012001","tract",2019,"transportation_rnk",9.5027
"01073012002","tract",2019,"transportation_rnk",65.6356
"01073012103","tract",2019,"transportation_rnk",3.3006
"01073012104","tract",2019,"transportation_rnk",38.2574
"01073012200","tract",2019,"transportation_rnk",3.0651
"01073012302","tract",2019,"transportation_rnk",5.0595
"01073012304","tract",2019,"transportation_rnk",9.8595
"01073012305","tract",2019,"transportation_rnk",15.5975
"01073012401","tract",2019,"transportation_rnk",5.6872
"01073012402","tract",2019,"transportation_rnk",22.1381
"01073012403","tract",2019,"transportation_rnk",44.1196
"01073012500","tract",2019,"transportation_rnk",24.1932
"01073012602","tract",2019,"transportation_rnk",56.5138
"01073012701","tract",2019,"transportation_rnk",11.5761
"01073012703","tract",2019,"transportation_rnk",4.1102
"01073012704","tract",2019,"transportation_rnk",3.7195
"01073012802","tract",2019,"transportation_rnk",2.5192
"01073012803","tract",2019,"transportation_rnk",8.7833
"01073012905","tract",2019,"transportation_rnk",0.5304
"01073012906","tract",2019,"transportation_rnk",27.1482
"01073012907","tract",2019,"transportation_rnk",14.345
"01073012908","tract",2019,"transportation_rnk",38.6975
"01073012910","tract",2019,"transportation_rnk",18.4891
"01073012911","tract",2019,"transportation_rnk",0.3837
"01073012912","tract",2019,"transportation_rnk",32.3121
"01073012913","tract",2019,"transportation_rnk",46.7191
"01073012914","tract",2019,"transportation_rnk",20.2564
"01073012915","tract",2019,"transportation_rnk",17.3874
"01073013002","tract",2019,"transportation_rnk",50.8858
"01073013100","tract",2019,"transportation_rnk",34.2135
"01073013200","tract",2019,"transportation_rnk",31.5349
"01073013300","tract",2019,"transportation_rnk",59.4702
"01073013400","tract",2019,"transportation_rnk",19.2789
"01073013601","tract",2019,"transportation_rnk",67.4283
"01073013801","tract",2019,"transportation_rnk",22.8927
"01073013901","tract",2019,"transportation_rnk",19.2789
"01073013902","tract",2019,"transportation_rnk",44.3029
"01073014001","tract",2019,"transportation_rnk",18.1703
"01073014002","tract",2019,"transportation_rnk",0.8661
"01073014102","tract",2019,"transportation_rnk",13.8879
"01073014104","tract",2019,"transportation_rnk",6.7183
"01073014105","tract",2019,"transportation_rnk",21.4314
"01073014203","tract",2019,"transportation_rnk",9.7185
"01073014204","tract",2019,"transportation_rnk",9.0386
"01073014301","tract",2019,"transportation_rnk",47.1099
"01073014302","tract",2019,"transportation_rnk",5.7874
"01073014404","tract",2019,"transportation_rnk",6.7719
"01073014405","tract",2019,"transportation_rnk",11.2136
"01073014406","tract",2019,"transportation_rnk",4.2062
"01073014408","tract",2019,"transportation_rnk",27.3259
"01073014409","tract",2019,"transportation_rnk",6.439
"01073014410","tract",2019,"transportation_rnk",23.5133
"01073014412","tract",2019,"transportation_rnk",4.3416
"01073014413","tract",2019,"transportation_rnk",2.0579
"01075030000","tract",2019,"transportation_rnk",16.3394
"01075030100","tract",2019,"transportation_rnk",25.5318
"01075030200","tract",2019,"transportation_rnk",2.9282
"01077010100","tract",2019,"transportation_rnk",NA
"01077010200","tract",2019,"transportation_rnk",74.378
"01077010300","tract",2019,"transportation_rnk",79.2259
"01077010400","tract",2019,"transportation_rnk",28.3006
"01077010600","tract",2019,"transportation_rnk",66.2238
"01077010700","tract",2019,"transportation_rnk",70.4934
"01077010800","tract",2019,"transportation_rnk",25.9549
"01077010900","tract",2019,"transportation_rnk",3.7858
"01077011000","tract",2019,"transportation_rnk",6.9595
"01077011101","tract",2019,"transportation_rnk",5.0595
"01077011102","tract",2019,"transportation_rnk",1.1778
"01077011200","tract",2019,"transportation_rnk",6.2345
"01077011300","tract",2019,"transportation_rnk",4.6688
"01077011400","tract",2019,"transportation_rnk",6.628
"01077011501","tract",2019,"transportation_rnk",11.2884
"01077011502","tract",2019,"transportation_rnk",0.2892
"01077011602","tract",2019,"transportation_rnk",6.061
"01077011603","tract",2019,"transportation_rnk",8.9822
"01077011604","tract",2019,"transportation_rnk",3.7576
"01077011700","tract",2019,"transportation_rnk",4.405
"01077011801","tract",2019,"transportation_rnk",6.7719
"01077011802","tract",2019,"transportation_rnk",9.5732
"01079979100","tract",2019,"transportation_rnk",32.7691
"01079979200","tract",2019,"transportation_rnk",34.3672
"01079979300","tract",2019,"transportation_rnk",8.851
"01079979400","tract",2019,"transportation_rnk",9.1698
"01079979500","tract",2019,"transportation_rnk",18.2676
"01079979600","tract",2019,"transportation_rnk",13.0741
"01079979700","tract",2019,"transportation_rnk",0.4274
"01079979800","tract",2019,"transportation_rnk",8.2924
"01079979900","tract",2019,"transportation_rnk",20.3368
"01081040200","tract",2019,"transportation_rnk",46.1563
"01081040300","tract",2019,"transportation_rnk",77.491
"01081040400","tract",2019,"transportation_rnk",25.0127
"01081040500","tract",2019,"transportation_rnk",7.0286
"01081040602","tract",2019,"transportation_rnk",35.0838
"01081040603","tract",2019,"transportation_rnk",10.6395
"01081040604","tract",2019,"transportation_rnk",12.5409
"01081040700","tract",2019,"transportation_rnk",NA
"01081040800","tract",2019,"transportation_rnk",85.7256
"01081040901","tract",2019,"transportation_rnk",35.806
"01081040902","tract",2019,"transportation_rnk",43.3931
"01081041000","tract",2019,"transportation_rnk",17.2393
"01081041100","tract",2019,"transportation_rnk",32.7691
"01081041200","tract",2019,"transportation_rnk",4.3416
"01081041300","tract",2019,"transportation_rnk",5.013
"01081041400","tract",2019,"transportation_rnk",43.324
"01081041600","tract",2019,"transportation_rnk",53.4783
"01081041700","tract",2019,"transportation_rnk",2.9282
"01081041800","tract",2019,"transportation_rnk",19.2028
"01081041900","tract",2019,"transportation_rnk",10.8046
"01081042002","tract",2019,"transportation_rnk",6.8396
"01081042003","tract",2019,"transportation_rnk",46.777
"01081042004","tract",2019,"transportation_rnk",14.8739
"01081042005","tract",2019,"transportation_rnk",8.1189
"01081042006","tract",2019,"transportation_rnk",0.2877
"01081042101","tract",2019,"transportation_rnk",3.3006
"01081042102","tract",2019,"transportation_rnk",3.2301
"01083020101","tract",2019,"transportation_rnk",2.2075
"01083020102","tract",2019,"transportation_rnk",9.6493
"01083020201","tract",2019,"transportation_rnk",23.9647
"01083020202","tract",2019,"transportation_rnk",4.9523
"01083020300","tract",2019,"transportation_rnk",2.0862
"01083020401","tract",2019,"transportation_rnk",27.8577
"01083020402","tract",2019,"transportation_rnk",3.0651
"01083020500","tract",2019,"transportation_rnk",19.3509
"01083020600","tract",2019,"transportation_rnk",18.6513
"01083020700","tract",2019,"transportation_rnk",17.544
"01083020801","tract",2019,"transportation_rnk",3.8564
"01083020802","tract",2019,"transportation_rnk",0.8435
"01083020900","tract",2019,"transportation_rnk",11.1558
"01083021000","tract",2019,"transportation_rnk",6.9595
"01083021100","tract",2019,"transportation_rnk",3.5235
"01083021200","tract",2019,"transportation_rnk",4.7139
"01085780800","tract",2019,"transportation_rnk",51.1891
"01085781000","tract",2019,"transportation_rnk",24.1128
"01085781100","tract",2019,"transportation_rnk",51.426
"01085781200","tract",2019,"transportation_rnk",15.2703
"01087231400","tract",2019,"transportation_rnk",6.061
"01087231500","tract",2019,"transportation_rnk",6.7183
"01087231601","tract",2019,"transportation_rnk",0.0578
"01087231602","tract",2019,"transportation_rnk",53.8507
"01087231603","tract",2019,"transportation_rnk",1.0946
"01087231700","tract",2019,"transportation_rnk",NA
"01087231800","tract",2019,"transportation_rnk",39.4225
"01087231900","tract",2019,"transportation_rnk",43.9898
"01087232000","tract",2019,"transportation_rnk",28.144
"01087232100","tract",2019,"transportation_rnk",30.9185
"01087232200","tract",2019,"transportation_rnk",8.3517
"01087232300","tract",2019,"transportation_rnk",43.1251
"01089000201","tract",2019,"transportation_rnk",51.3047
"01089000202","tract",2019,"transportation_rnk",NA
"01089000301","tract",2019,"transportation_rnk",13.304
"01089000302","tract",2019,"transportation_rnk",11.0147
"01089000403","tract",2019,"transportation_rnk",2.1792
"01089000501","tract",2019,"transportation_rnk",8.9822
"01089000502","tract",2019,"transportation_rnk",4.6279
"01089000503","tract",2019,"transportation_rnk",25.3583
"01089000601","tract",2019,"transportation_rnk",10.4886
"01089000602","tract",2019,"transportation_rnk",12.9189
"01089000701","tract",2019,"transportation_rnk",29.4389
"01089000702","tract",2019,"transportation_rnk",43.8163
"01089000901","tract",2019,"transportation_rnk",5.013
"01089000902","tract",2019,"transportation_rnk",9.5027
"01089001000","tract",2019,"transportation_rnk",27.8577
"01089001200","tract",2019,"transportation_rnk",71.1987
"01089001301","tract",2019,"transportation_rnk",76.4698
"01089001302","tract",2019,"transportation_rnk",11.1558
"01089001401","tract",2019,"transportation_rnk",1.8393
"01089001402","tract",2019,"transportation_rnk",15.4282
"01089001500","tract",2019,"transportation_rnk",58.401
"01089001700","tract",2019,"transportation_rnk",0.9309
"01089001801","tract",2019,"transportation_rnk",5.1244
"01089001901","tract",2019,"transportation_rnk",0.1001
"01089001902","tract",2019,"transportation_rnk",12.2489
"01089001903","tract",2019,"transportation_rnk",0.2539
"01089002000","tract",2019,"transportation_rnk",1.3061
"01089002100","tract",2019,"transportation_rnk",79.7309
"01089002200","tract",2019,"transportation_rnk",16.5651
"01089002300","tract",2019,"transportation_rnk",54.4065
"01089002400","tract",2019,"transportation_rnk",49.11
"01089002501","tract",2019,"transportation_rnk",65.2209
"01089002502","tract",2019,"transportation_rnk",35.3758
"01089002600","tract",2019,"transportation_rnk",6.7183
"01089002701","tract",2019,"transportation_rnk",5.1244
"01089002721","tract",2019,"transportation_rnk",7.7212
"01089002722","tract",2019,"transportation_rnk",3.8197
"01089002801","tract",2019,"transportation_rnk",22.5612
"01089002802","tract",2019,"transportation_rnk",4.6688
"01089002911","tract",2019,"transportation_rnk",3.0227
"01089002912","tract",2019,"transportation_rnk",1.883
"01089002921","tract",2019,"transportation_rnk",3.9015
"01089002922","tract",2019,"transportation_rnk",2.4684
"01089003000","tract",2019,"transportation_rnk",36.6875
"01089003100","tract",2019,"transportation_rnk",NA
"01089010100","tract",2019,"transportation_rnk",9.229
"01089010200","tract",2019,"transportation_rnk",1.8619
"01089010301","tract",2019,"transportation_rnk",4.4601
"01089010302","tract",2019,"transportation_rnk",4.0609
"01089010401","tract",2019,"transportation_rnk",7.5801
"01089010402","tract",2019,"transportation_rnk",7.1922
"01089010501","tract",2019,"transportation_rnk",2.0579
"01089010502","tract",2019,"transportation_rnk",1.2582
"01089010612","tract",2019,"transportation_rnk",7.9059
"01089010621","tract",2019,"transportation_rnk",0.2807
"01089010622","tract",2019,"transportation_rnk",22.1381
"01089010623","tract",2019,"transportation_rnk",0.6432
"01089010624","tract",2019,"transportation_rnk",2.4684
"01089010701","tract",2019,"transportation_rnk",3.6095
"01089010702","tract",2019,"transportation_rnk",1.3301
"01089010800","tract",2019,"transportation_rnk",1.2864
"01089010901","tract",2019,"transportation_rnk",2.4458
"01089010902","tract",2019,"transportation_rnk",9.229
"01089011011","tract",2019,"transportation_rnk",0.5713
"01089011012","tract",2019,"transportation_rnk",0.2454
"01089011013","tract",2019,"transportation_rnk",0.4923
"01089011014","tract",2019,"transportation_rnk",1.7392
"01089011021","tract",2019,"transportation_rnk",4.0172
"01089011022","tract",2019,"transportation_rnk",7.6563
"01089011100","tract",2019,"transportation_rnk",0.2356
"01089011200","tract",2019,"transportation_rnk",3.3006
"01089011300","tract",2019,"transportation_rnk",11.0147
"01089011400","tract",2019,"transportation_rnk",3.6391
"01091972900","tract",2019,"transportation_rnk",10.2672
"01091973000","tract",2019,"transportation_rnk",36.0838
"01091973100","tract",2019,"transportation_rnk",56.2063
"01091973200","tract",2019,"transportation_rnk",14.4366
"01091973300","tract",2019,"transportation_rnk",13.4056
"01091973400","tract",2019,"transportation_rnk",14.1997
"01093964000","tract",2019,"transportation_rnk",16.6413
"01093964100","tract",2019,"transportation_rnk",24.2792
"01093964200","tract",2019,"transportation_rnk",3.7195
"01093964300","tract",2019,"transportation_rnk",20.4116
"01093964400","tract",2019,"transportation_rnk",23.4118
"01093964500","tract",2019,"transportation_rnk",26.041
"01093964600","tract",2019,"transportation_rnk",29.0186
"01093964700","tract",2019,"transportation_rnk",1.1651
"01095030100","tract",2019,"transportation_rnk",20.4116
"01095030201","tract",2019,"transportation_rnk",46.4455
"01095030202","tract",2019,"transportation_rnk",26.8012
"01095030300","tract",2019,"transportation_rnk",7.085
"01095030401","tract",2019,"transportation_rnk",18.2676
"01095030402","tract",2019,"transportation_rnk",8.4081
"01095030500","tract",2019,"transportation_rnk",2.7801
"01095030600","tract",2019,"transportation_rnk",15.3535
"01095030701","tract",2019,"transportation_rnk",21.1479
"01095030702","tract",2019,"transportation_rnk",20.822
"01095030801","tract",2019,"transportation_rnk",11.964
"01095030802","tract",2019,"transportation_rnk",9.229
"01095030902","tract",2019,"transportation_rnk",0.7984
"01095030903","tract",2019,"transportation_rnk",32.4659
"01095030904","tract",2019,"transportation_rnk",3.7576
"01095031000","tract",2019,"transportation_rnk",5.4051
"01095031100","tract",2019,"transportation_rnk",10.4195
"01095031200","tract",2019,"transportation_rnk",23.5133
"01097000200","tract",2019,"transportation_rnk",42.4072
"01097000401","tract",2019,"transportation_rnk",49.9704
"01097000402","tract",2019,"transportation_rnk",81.8734
"01097000500","tract",2019,"transportation_rnk",51.8506
"01097000600","tract",2019,"transportation_rnk",29.2118
"01097000701","tract",2019,"transportation_rnk",65.2956
"01097000702","tract",2019,"transportation_rnk",38.5353
"01097000800","tract",2019,"transportation_rnk",9.4448
"01097000901","tract",2019,"transportation_rnk",45.8122
"01097000902","tract",2019,"transportation_rnk",23.8772
"01097000903","tract",2019,"transportation_rnk",50.8858
"01097001001","tract",2019,"transportation_rnk",72.0718
"01097001002","tract",2019,"transportation_rnk",33.1584
"01097001100","tract",2019,"transportation_rnk",63.8823
"01097001200","tract",2019,"transportation_rnk",NA
"01097001302","tract",2019,"transportation_rnk",39.3619
"01097001400","tract",2019,"transportation_rnk",72.9985
"01097001501","tract",2019,"transportation_rnk",70.7938
"01097001502","tract",2019,"transportation_rnk",56.7916
"01097001800","tract",2019,"transportation_rnk",0.4274
"01097001901","tract",2019,"transportation_rnk",4.2485
"01097001902","tract",2019,"transportation_rnk",22.1381
"01097002000","tract",2019,"transportation_rnk",12.7708
"01097002100","tract",2019,"transportation_rnk",14.8739
"01097002200","tract",2019,"transportation_rnk",14.6087
"01097002301","tract",2019,"transportation_rnk",27.7773
"01097002302","tract",2019,"transportation_rnk",29.3514
"01097002400","tract",2019,"transportation_rnk",45.2127
"01097002501","tract",2019,"transportation_rnk",10.5704
"01097002502","tract",2019,"transportation_rnk",19.0998
"01097002600","tract",2019,"transportation_rnk",51.8506
"01097002700","tract",2019,"transportation_rnk",41.7217
"01097002800","tract",2019,"transportation_rnk",6.5109
"01097002900","tract",2019,"transportation_rnk",17.063
"01097003000","tract",2019,"transportation_rnk",14.2702
"01097003100","tract",2019,"transportation_rnk",19.0998
"01097003202","tract",2019,"transportation_rnk",43.3931
"01097003203","tract",2019,"transportation_rnk",13.5466
"01097003204","tract",2019,"transportation_rnk",40.3662
"01097003205","tract",2019,"transportation_rnk",55.1865
"01097003301","tract",2019,"transportation_rnk",21.3369
"01097003302","tract",2019,"transportation_rnk",19.4412
"01097003402","tract",2019,"transportation_rnk",22.8179
"01097003404","tract",2019,"transportation_rnk",14.8739
"01097003405","tract",2019,"transportation_rnk",30.439
"01097003406","tract",2019,"transportation_rnk",33.7508
"01097003407","tract",2019,"transportation_rnk",4.1102
"01097003408","tract",2019,"transportation_rnk",2.7449
"01097003501","tract",2019,"transportation_rnk",7.5265
"01097003502","tract",2019,"transportation_rnk",4.161
"01097003602","tract",2019,"transportation_rnk",71.9166
"01097003605","tract",2019,"transportation_rnk",NA
"01097003606","tract",2019,"transportation_rnk",34.4956
"01097003607","tract",2019,"transportation_rnk",49.1847
"01097003608","tract",2019,"transportation_rnk",2.8986
"01097003703","tract",2019,"transportation_rnk",48.526
"01097003704","tract",2019,"transportation_rnk",23.8772
"01097003705","tract",2019,"transportation_rnk",40.3662
"01097003706","tract",2019,"transportation_rnk",10.4886
"01097003707","tract",2019,"transportation_rnk",15.3535
"01097003708","tract",2019,"transportation_rnk",11.8907
"01097003709","tract",2019,"transportation_rnk",13.5466
"01097003710","tract",2019,"transportation_rnk",18.2676
"01097003800","tract",2019,"transportation_rnk",50.8252
"01097003901","tract",2019,"transportation_rnk",57.9525
"01097003902","tract",2019,"transportation_rnk",75.0959
"01097004000","tract",2019,"transportation_rnk",43.5793
"01097004100","tract",2019,"transportation_rnk",47.265
"01097004800","tract",2019,"transportation_rnk",68.9291
"01097004900","tract",2019,"transportation_rnk",24.1128
"01097005000","tract",2019,"transportation_rnk",18.4171
"01097005100","tract",2019,"transportation_rnk",32.1598
"01097005200","tract",2019,"transportation_rnk",30.9975
"01097005300","tract",2019,"transportation_rnk",4.0609
"01097005400","tract",2019,"transportation_rnk",13.225
"01097005500","tract",2019,"transportation_rnk",26.5572
"01097005600","tract",2019,"transportation_rnk",6.628
"01097005700","tract",2019,"transportation_rnk",1.2864
"01097005800","tract",2019,"transportation_rnk",26.7166
"01097005900","tract",2019,"transportation_rnk",7.085
"01097006000","tract",2019,"transportation_rnk",14.345
"01097006102","tract",2019,"transportation_rnk",12.184
"01097006103","tract",2019,"transportation_rnk",2.2611
"01097006104","tract",2019,"transportation_rnk",19.7867
"01097006105","tract",2019,"transportation_rnk",24.0634
"01097006200","tract",2019,"transportation_rnk",8.851
"01097006301","tract",2019,"transportation_rnk",22.7474
"01097006302","tract",2019,"transportation_rnk",11.2884
"01097006402","tract",2019,"transportation_rnk",24.9013
"01097006403","tract",2019,"transportation_rnk",17.4495
"01097006404","tract",2019,"transportation_rnk",19.0998
"01097006405","tract",2019,"transportation_rnk",25.3583
"01097006406","tract",2019,"transportation_rnk",13.7892
"01097006407","tract",2019,"transportation_rnk",9.1063
"01097006501","tract",2019,"transportation_rnk",23.3342
"01097006502","tract",2019,"transportation_rnk",8.9102
"01097006600","tract",2019,"transportation_rnk",4.405
"01097006701","tract",2019,"transportation_rnk",24.1932
"01097006702","tract",2019,"transportation_rnk",1.8393
"01097006801","tract",2019,"transportation_rnk",2.2611
"01097006802","tract",2019,"transportation_rnk",13.7892
"01097006901","tract",2019,"transportation_rnk",40.0164
"01097006902","tract",2019,"transportation_rnk",20.9702
"01097007000","tract",2019,"transportation_rnk",6.628
"01097007101","tract",2019,"transportation_rnk",9.1063
"01097007102","tract",2019,"transportation_rnk",44.9489
"01097007103","tract",2019,"transportation_rnk",4.5715
"01097007201","tract",2019,"transportation_rnk",20.822
"01097007202","tract",2019,"transportation_rnk",38.8485
"01097007300","tract",2019,"transportation_rnk",26.2977
"01097007400","tract",2019,"transportation_rnk",12.3152
"01097007500","tract",2019,"transportation_rnk",62.8879
"01097007600","tract",2019,"transportation_rnk",24.4654
"01097007700","tract",2019,"transportation_rnk",43.0574
"01097990000","tract",2019,"transportation_rnk",NA
"01099075600","tract",2019,"transportation_rnk",59.8045
"01099075700","tract",2019,"transportation_rnk",52.7872
"01099075800","tract",2019,"transportation_rnk",31.3219
"01099075900","tract",2019,"transportation_rnk",6.336
"01099076000","tract",2019,"transportation_rnk",39.8781
"01099076100","tract",2019,"transportation_rnk",9.6493
"01099076200","tract",2019,"transportation_rnk",3.8564
"01101000100","tract",2019,"transportation_rnk",84.7791
"01101000200","tract",2019,"transportation_rnk",NA
"01101000300","tract",2019,"transportation_rnk",84.9625
"01101000400","tract",2019,"transportation_rnk",17.3874
"01101000500","tract",2019,"transportation_rnk",72.5852
"01101000600","tract",2019,"transportation_rnk",80.6435
"01101000700","tract",2019,"transportation_rnk",84.1782
"01101000900","tract",2019,"transportation_rnk",NA
"01101001000","tract",2019,"transportation_rnk",70.5809
"01101001100","tract",2019,"transportation_rnk",80.5405
"01101001200","tract",2019,"transportation_rnk",63.4563
"01101001300","tract",2019,"transportation_rnk",21.1479
"01101001400","tract",2019,"transportation_rnk",38.1883
"01101001500","tract",2019,"transportation_rnk",NA
"01101001600","tract",2019,"transportation_rnk",52.7279
"01101001700","tract",2019,"transportation_rnk",16.0108
"01101001800","tract",2019,"transportation_rnk",59.8778
"01101001900","tract",2019,"transportation_rnk",1.3753
"01101002000","tract",2019,"transportation_rnk",53.5277
"01101002100","tract",2019,"transportation_rnk",57.37
"01101002201","tract",2019,"transportation_rnk",37.2955
"01101002202","tract",2019,"transportation_rnk",51.4839
"01101002300","tract",2019,"transportation_rnk",18.9249
"01101002400","tract",2019,"transportation_rnk",33.9286
"01101002500","tract",2019,"transportation_rnk",19.3509
"01101002600","tract",2019,"transportation_rnk",10.356
"01101002700","tract",2019,"transportation_rnk",0.1368
"01101002800","tract",2019,"transportation_rnk",66.5764
"01101002900","tract",2019,"transportation_rnk",4.8621
"01101003000","tract",2019,"transportation_rnk",79.3825
"01101003100","tract",2019,"transportation_rnk",18.1703
"01101003200","tract",2019,"transportation_rnk",55.4122
"01101003301","tract",2019,"transportation_rnk",31.7564
"01101003302","tract",2019,"transportation_rnk",5.6364
"01101005101","tract",2019,"transportation_rnk",1.3061
"01101005102","tract",2019,"transportation_rnk",7.3135
"01101005301","tract",2019,"transportation_rnk",75.2031
"01101005302","tract",2019,"transportation_rnk",6.5674
"01101005402","tract",2019,"transportation_rnk",33.9286
"01101005403","tract",2019,"transportation_rnk",30.6618
"01101005406","tract",2019,"transportation_rnk",8.9822
"01101005407","tract",2019,"transportation_rnk",21.4314
"01101005408","tract",2019,"transportation_rnk",2.0862
"01101005409","tract",2019,"transportation_rnk",47.9674
"01101005410","tract",2019,"transportation_rnk",7.7861
"01101005501","tract",2019,"transportation_rnk",33.0682
"01101005502","tract",2019,"transportation_rnk",0.7546
"01101005503","tract",2019,"transportation_rnk",3.4346
"01101005504","tract",2019,"transportation_rnk",3.6391
"01101005603","tract",2019,"transportation_rnk",66.8416
"01101005604","tract",2019,"transportation_rnk",7.9059
"01101005605","tract",2019,"transportation_rnk",13.225
"01101005606","tract",2019,"transportation_rnk",29.6082
"01101005607","tract",2019,"transportation_rnk",16.819
"01101005608","tract",2019,"transportation_rnk",0.1467
"01101005609","tract",2019,"transportation_rnk",4.405
"01101005610","tract",2019,"transportation_rnk",6.7183
"01101005611","tract",2019,"transportation_rnk",9.9766
"01101005612","tract",2019,"transportation_rnk",6.2345
"01101005700","tract",2019,"transportation_rnk",13.0741
"01101005800","tract",2019,"transportation_rnk",38.6975
"01101005901","tract",2019,"transportation_rnk",0.7984
"01101005902","tract",2019,"transportation_rnk",36.9231
"01101006000","tract",2019,"transportation_rnk",10.4886
"01101006100","tract",2019,"transportation_rnk",43.324
"01103000100","tract",2019,"transportation_rnk",25.8068
"01103000200","tract",2019,"transportation_rnk",0.0663
"01103000300","tract",2019,"transportation_rnk",0.3329
"01103000400","tract",2019,"transportation_rnk",15.747
"01103000600","tract",2019,"transportation_rnk",65.5129
"01103000700","tract",2019,"transportation_rnk",41.3747
"01103000800","tract",2019,"transportation_rnk",7.5801
"01103000900","tract",2019,"transportation_rnk",11.964
"01103001000","tract",2019,"transportation_rnk",0.9309
"01103005101","tract",2019,"transportation_rnk",9.5027
"01103005103","tract",2019,"transportation_rnk",3.3429
"01103005105","tract",2019,"transportation_rnk",1.5812
"01103005106","tract",2019,"transportation_rnk",8.1683
"01103005107","tract",2019,"transportation_rnk",0.56
"01103005108","tract",2019,"transportation_rnk",25.0127
"01103005109","tract",2019,"transportation_rnk",27.0523
"01103005200","tract",2019,"transportation_rnk",1.2018
"01103005301","tract",2019,"transportation_rnk",1.2413
"01103005302","tract",2019,"transportation_rnk",1.5177
"01103005303","tract",2019,"transportation_rnk",26.8012
"01103005304","tract",2019,"transportation_rnk",0.3639
"01103005404","tract",2019,"transportation_rnk",0.6897
"01103005405","tract",2019,"transportation_rnk",20.5738
"01103005500","tract",2019,"transportation_rnk",4.9072
"01103005600","tract",2019,"transportation_rnk",5.7422
"01103005701","tract",2019,"transportation_rnk",9.3066
"01103005702","tract",2019,"transportation_rnk",16.819
"01105686800","tract",2019,"transportation_rnk",35.1628
"01105687000","tract",2019,"transportation_rnk",34.2135
"01105687100","tract",2019,"transportation_rnk",50.7687
"01107050000","tract",2019,"transportation_rnk",35.8765
"01107050100","tract",2019,"transportation_rnk",44.5554
"01107050200","tract",2019,"transportation_rnk",12.9189
"01107050300","tract",2019,"transportation_rnk",35.7369
"01107050400","tract",2019,"transportation_rnk",28.3697
"01109188600","tract",2019,"transportation_rnk",6.1132
"01109188700","tract",2019,"transportation_rnk",17.3099
"01109188800","tract",2019,"transportation_rnk",2.6673
"01109188900","tract",2019,"transportation_rnk",53.8507
"01109189000","tract",2019,"transportation_rnk",65.4028
"01109189100","tract",2019,"transportation_rnk",68.7035
"01109189200","tract",2019,"transportation_rnk",3.1017
"01109189300","tract",2019,"transportation_rnk",15.6708
"01111000100","tract",2019,"transportation_rnk",16.6413
"01111000200","tract",2019,"transportation_rnk",16.2618
"01111000300","tract",2019,"transportation_rnk",27.0523
"01111000400","tract",2019,"transportation_rnk",10.8582
"01111000500","tract",2019,"transportation_rnk",1.8619
"01111000600","tract",2019,"transportation_rnk",16.3394
"01113030200","tract",2019,"transportation_rnk",68.372
"01113030300","tract",2019,"transportation_rnk",45.2127
"01113030401","tract",2019,"transportation_rnk",17.9206
"01113030402","tract",2019,"transportation_rnk",22.2396
"01113030500","tract",2019,"transportation_rnk",43.1251
"01113030600","tract",2019,"transportation_rnk",41.8655
"01113030700","tract",2019,"transportation_rnk",49.2905
"01113030800","tract",2019,"transportation_rnk",38.9176
"01113030901","tract",2019,"transportation_rnk",31.1555
"01113030902","tract",2019,"transportation_rnk",13.8879
"01113031000","tract",2019,"transportation_rnk",19.9673
"01113031100","tract",2019,"transportation_rnk",45.6796
"01113031200","tract",2019,"transportation_rnk",7.9059
"01115040103","tract",2019,"transportation_rnk",1.151
"01115040104","tract",2019,"transportation_rnk",16.3394
"01115040105","tract",2019,"transportation_rnk",7.4715
"01115040106","tract",2019,"transportation_rnk",3.6095
"01115040201","tract",2019,"transportation_rnk",20.6486
"01115040203","tract",2019,"transportation_rnk",32.3968
"01115040204","tract",2019,"transportation_rnk",2.3217
"01115040205","tract",2019,"transportation_rnk",23.8772
"01115040300","tract",2019,"transportation_rnk",16.0108
"01115040401","tract",2019,"transportation_rnk",24.8237
"01115040402","tract",2019,"transportation_rnk",18.7444
"01115040501","tract",2019,"transportation_rnk",11.5761
"01115040502","tract",2019,"transportation_rnk",16.74
"01117030102","tract",2019,"transportation_rnk",35.0838
"01117030103","tract",2019,"transportation_rnk",14.2702
"01117030211","tract",2019,"transportation_rnk",4.7774
"01117030212","tract",2019,"transportation_rnk",20.5738
"01117030213","tract",2019,"transportation_rnk",16.9079
"01117030214","tract",2019,"transportation_rnk",13.1531
"01117030215","tract",2019,"transportation_rnk",14.9656
"01117030216","tract",2019,"transportation_rnk",11.7242
"01117030217","tract",2019,"transportation_rnk",19.609
"01117030303","tract",2019,"transportation_rnk",12.6199
"01117030304","tract",2019,"transportation_rnk",0.9309
"01117030305","tract",2019,"transportation_rnk",14.5156
"01117030306","tract",2019,"transportation_rnk",15.204
"01117030314","tract",2019,"transportation_rnk",23.3342
"01117030315","tract",2019,"transportation_rnk",10.6395
"01117030316","tract",2019,"transportation_rnk",25.1805
"01117030317","tract",2019,"transportation_rnk",16.0108
"01117030319","tract",2019,"transportation_rnk",34.8666
"01117030320","tract",2019,"transportation_rnk",7.4137
"01117030330","tract",2019,"transportation_rnk",2.0072
"01117030331","tract",2019,"transportation_rnk",0.6051
"01117030332","tract",2019,"transportation_rnk",14.7738
"01117030333","tract",2019,"transportation_rnk",11.5761
"01117030334","tract",2019,"transportation_rnk",2.5192
"01117030336","tract",2019,"transportation_rnk",7.6563
"01117030337","tract",2019,"transportation_rnk",8.5548
"01117030340","tract",2019,"transportation_rnk",8.9822
"01117030341","tract",2019,"transportation_rnk",26.883
"01117030342","tract",2019,"transportation_rnk",1.0692
"01117030344","tract",2019,"transportation_rnk",11.5761
"01117030345","tract",2019,"transportation_rnk",6.2937
"01117030405","tract",2019,"transportation_rnk",53.7534
"01117030406","tract",2019,"transportation_rnk",44.0575
"01117030407","tract",2019,"transportation_rnk",NA
"01117030408","tract",2019,"transportation_rnk",44.8573
"01117030501","tract",2019,"transportation_rnk",20.1563
"01117030502","tract",2019,"transportation_rnk",3.7858
"01117030604","tract",2019,"transportation_rnk",14.5156
"01117030605","tract",2019,"transportation_rnk",16.819
"01117030607","tract",2019,"transportation_rnk",6.5674
"01117030608","tract",2019,"transportation_rnk",7.1922
"01117030609","tract",2019,"transportation_rnk",21.0647
"01117030701","tract",2019,"transportation_rnk",17.063
"01117030703","tract",2019,"transportation_rnk",17.4495
"01117030704","tract",2019,"transportation_rnk",8.9102
"01117030800","tract",2019,"transportation_rnk",8.6112
"01117030900","tract",2019,"transportation_rnk",26.3964
"01117980000","tract",2019,"transportation_rnk",NA
"01119011300","tract",2019,"transportation_rnk",49.6248
"01119011400","tract",2019,"transportation_rnk",51.9127
"01119011500","tract",2019,"transportation_rnk",12.7708
"01119011600","tract",2019,"transportation_rnk",29.8494
"01121010101","tract",2019,"transportation_rnk",6.439
"01121010102","tract",2019,"transportation_rnk",5.3614
"01121010201","tract",2019,"transportation_rnk",11.0147
"01121010202","tract",2019,"transportation_rnk",8.851
"01121010301","tract",2019,"transportation_rnk",20.2564
"01121010302","tract",2019,"transportation_rnk",3.1017
"01121010400","tract",2019,"transportation_rnk",1.3753
"01121010500","tract",2019,"transportation_rnk",78.5319
"01121010600","tract",2019,"transportation_rnk",49.9704
"01121010700","tract",2019,"transportation_rnk",NA
"01121010900","tract",2019,"transportation_rnk",55.233
"01121011000","tract",2019,"transportation_rnk",2.6151
"01121011100","tract",2019,"transportation_rnk",6.1668
"01121011200","tract",2019,"transportation_rnk",59.6522
"01121011300","tract",2019,"transportation_rnk",65.3337
"01121011400","tract",2019,"transportation_rnk",53.5968
"01121011500","tract",2019,"transportation_rnk",1.4853
"01121011600","tract",2019,"transportation_rnk",12.6932
"01121011700","tract",2019,"transportation_rnk",40.4325
"01121011800","tract",2019,"transportation_rnk",50.086
"01121011900","tract",2019,"transportation_rnk",34.6578
"01121012000","tract",2019,"transportation_rnk",8.4081
"01123961900","tract",2019,"transportation_rnk",5.013
"01123962000","tract",2019,"transportation_rnk",33.8397
"01123962100","tract",2019,"transportation_rnk",32.0582
"01123962200","tract",2019,"transportation_rnk",12.6199
"01123962300","tract",2019,"transportation_rnk",11.3674
"01123962400","tract",2019,"transportation_rnk",20.8813
"01123962501","tract",2019,"transportation_rnk",19.609
"01123962502","tract",2019,"transportation_rnk",33.8397
"01123962600","tract",2019,"transportation_rnk",53.5968
"01123962700","tract",2019,"transportation_rnk",17.6456
"01125010101","tract",2019,"transportation_rnk",16.819
"01125010102","tract",2019,"transportation_rnk",0.2807
"01125010103","tract",2019,"transportation_rnk",9.0386
"01125010201","tract",2019,"transportation_rnk",4.9072
"01125010202","tract",2019,"transportation_rnk",1.4853
"01125010203","tract",2019,"transportation_rnk",15.5975
"01125010204","tract",2019,"transportation_rnk",9.7185
"01125010301","tract",2019,"transportation_rnk",5.896
"01125010302","tract",2019,"transportation_rnk",17.4495
"01125010303","tract",2019,"transportation_rnk",21.2607
"01125010403","tract",2019,"transportation_rnk",38.3745
"01125010404","tract",2019,"transportation_rnk",52.8422
"01125010405","tract",2019,"transportation_rnk",1.1129
"01125010406","tract",2019,"transportation_rnk",1.0508
"01125010407","tract",2019,"transportation_rnk",5.1738
"01125010500","tract",2019,"transportation_rnk",34.8666
"01125010601","tract",2019,"transportation_rnk",14.345
"01125010602","tract",2019,"transportation_rnk",17.7499
"01125010701","tract",2019,"transportation_rnk",5.7874
"01125010702","tract",2019,"transportation_rnk",14.6976
"01125010703","tract",2019,"transportation_rnk",11.964
"01125010802","tract",2019,"transportation_rnk",8.717
"01125010803","tract",2019,"transportation_rnk",39.0107
"01125010804","tract",2019,"transportation_rnk",19.3509
"01125011200","tract",2019,"transportation_rnk",NA
"01125011401","tract",2019,"transportation_rnk",NA
"01125011402","tract",2019,"transportation_rnk",49.7235
"01125011600","tract",2019,"transportation_rnk",53.5968
"01125011701","tract",2019,"transportation_rnk",65.8697
"01125011703","tract",2019,"transportation_rnk",25.4415
"01125011800","tract",2019,"transportation_rnk",43.6611
"01125011901","tract",2019,"transportation_rnk",13.4056
"01125011902","tract",2019,"transportation_rnk",69.5328
"01125012000","tract",2019,"transportation_rnk",30.439
"01125012100","tract",2019,"transportation_rnk",10.356
"01125012303","tract",2019,"transportation_rnk",58.6563
"01125012304","tract",2019,"transportation_rnk",16.819
"01125012305","tract",2019,"transportation_rnk",17.3099
"01125012403","tract",2019,"transportation_rnk",30.2401
"01125012404","tract",2019,"transportation_rnk",28.216
"01125012405","tract",2019,"transportation_rnk",39.5156
"01125012501","tract",2019,"transportation_rnk",24.4654
"01125012502","tract",2019,"transportation_rnk",20.0688
"01125012503","tract",2019,"transportation_rnk",1.7392
"01125012600","tract",2019,"transportation_rnk",26.7166
"01125012700","tract",2019,"transportation_rnk",2.2907
"01125012800","tract",2019,"transportation_rnk",48.4654
"01127020100","tract",2019,"transportation_rnk",49.0423
"01127020200","tract",2019,"transportation_rnk",27.8577
"01127020300","tract",2019,"transportation_rnk",25.6305
"01127020400","tract",2019,"transportation_rnk",27.5812
"01127020600","tract",2019,"transportation_rnk",1.2018
"01127020700","tract",2019,"transportation_rnk",5.013
"01127020800","tract",2019,"transportation_rnk",2.0862
"01127020900","tract",2019,"transportation_rnk",9.8017
"01127021000","tract",2019,"transportation_rnk",11.5761
"01127021100","tract",2019,"transportation_rnk",40.4931
"01127021200","tract",2019,"transportation_rnk",13.8879
"01127021300","tract",2019,"transportation_rnk",11.1558
"01127021400","tract",2019,"transportation_rnk",10.6395
"01127021500","tract",2019,"transportation_rnk",38.9176
"01127021600","tract",2019,"transportation_rnk",27.8577
"01127021700","tract",2019,"transportation_rnk",45.8813
"01127021800","tract",2019,"transportation_rnk",20.0688
"01127021900","tract",2019,"transportation_rnk",44.695
"01129043900","tract",2019,"transportation_rnk",29.6928
"01129044000","tract",2019,"transportation_rnk",37.1657
"01129044100","tract",2019,"transportation_rnk",7.085
"01129044200","tract",2019,"transportation_rnk",11.6523
"01129044300","tract",2019,"transportation_rnk",14.7738
"01131034700","tract",2019,"transportation_rnk",35.3758
"01131034800","tract",2019,"transportation_rnk",21.1479
"01131035100","tract",2019,"transportation_rnk",12.3152
"01131035200","tract",2019,"transportation_rnk",42.0052
"01133965501","tract",2019,"transportation_rnk",22.2396
"01133965502","tract",2019,"transportation_rnk",36.5423
"01133965503","tract",2019,"transportation_rnk",42.4749
"01133965600","tract",2019,"transportation_rnk",23.6149
"01133965700","tract",2019,"transportation_rnk",25.3583
"01133965800","tract",2019,"transportation_rnk",38.3745
"01133965900","tract",2019,"transportation_rnk",37.9641
"01001020100","tract",2019,"transportation_state_rnk",2.3397
"01001020200","tract",2019,"transportation_state_rnk",59.1421
"01001020300","tract",2019,"transportation_state_rnk",65.208
"01001020400","tract",2019,"transportation_state_rnk",67.201
"01001020500","tract",2019,"transportation_state_rnk",50.8232
"01001020600","tract",2019,"transportation_state_rnk",62.2184
"01001020700","tract",2019,"transportation_state_rnk",8.0156
"01001020801","tract",2019,"transportation_state_rnk",2.253
"01001020802","tract",2019,"transportation_state_rnk",12.7816
"01001020900","tract",2019,"transportation_state_rnk",48.3102
"01001021000","tract",2019,"transportation_state_rnk",37.7816
"01001021100","tract",2019,"transportation_state_rnk",87.2617
"01003010100","tract",2019,"transportation_state_rnk",53.6828
"01003010200","tract",2019,"transportation_state_rnk",55.3726
"01003010300","tract",2019,"transportation_state_rnk",75.5633
"01003010400","tract",2019,"transportation_state_rnk",41.4645
"01003010500","tract",2019,"transportation_state_rnk",62.6083
"01003010600","tract",2019,"transportation_state_rnk",45.4939
"01003010701","tract",2019,"transportation_state_rnk",21.5771
"01003010703","tract",2019,"transportation_state_rnk",55.1127
"01003010704","tract",2019,"transportation_state_rnk",28.8995
"01003010705","tract",2019,"transportation_state_rnk",36.6551
"01003010800","tract",2019,"transportation_state_rnk",51.6464
"01003010903","tract",2019,"transportation_state_rnk",43.5442
"01003010904","tract",2019,"transportation_state_rnk",63.6049
"01003010905","tract",2019,"transportation_state_rnk",69.4107
"01003010906","tract",2019,"transportation_state_rnk",68.7175
"01003011000","tract",2019,"transportation_state_rnk",72.617
"01003011101","tract",2019,"transportation_state_rnk",59.662
"01003011102","tract",2019,"transportation_state_rnk",31.3258
"01003011201","tract",2019,"transportation_state_rnk",65.9445
"01003011202","tract",2019,"transportation_state_rnk",87.3484
"01003011300","tract",2019,"transportation_state_rnk",45.0173
"01003011401","tract",2019,"transportation_state_rnk",59.2721
"01003011403","tract",2019,"transportation_state_rnk",45.8839
"01003011405","tract",2019,"transportation_state_rnk",57.279
"01003011406","tract",2019,"transportation_state_rnk",39.688
"01003011407","tract",2019,"transportation_state_rnk",72.9636
"01003011408","tract",2019,"transportation_state_rnk",4.4194
"01003011501","tract",2019,"transportation_state_rnk",56.8891
"01003011502","tract",2019,"transportation_state_rnk",71.0572
"01003011601","tract",2019,"transportation_state_rnk",46.6638
"01003011602","tract",2019,"transportation_state_rnk",66.5511
"01003990000","tract",2019,"transportation_state_rnk",NA
"01005950100","tract",2019,"transportation_state_rnk",53.8995
"01005950200","tract",2019,"transportation_state_rnk",NA
"01005950300","tract",2019,"transportation_state_rnk",99.3934
"01005950400","tract",2019,"transportation_state_rnk",85.6586
"01005950500","tract",2019,"transportation_state_rnk",70.7106
"01005950600","tract",2019,"transportation_state_rnk",37.0451
"01005950700","tract",2019,"transportation_state_rnk",76.8631
"01005950800","tract",2019,"transportation_state_rnk",39.688
"01005950900","tract",2019,"transportation_state_rnk",86.0485
"01007010001","tract",2019,"transportation_state_rnk",77.2097
"01007010002","tract",2019,"transportation_state_rnk",26.0832
"01007010003","tract",2019,"transportation_state_rnk",40.1213
"01007010004","tract",2019,"transportation_state_rnk",61.1352
"01009050101","tract",2019,"transportation_state_rnk",65.078
"01009050102","tract",2019,"transportation_state_rnk",50
"01009050200","tract",2019,"transportation_state_rnk",39.3414
"01009050300","tract",2019,"transportation_state_rnk",67.6776
"01009050400","tract",2019,"transportation_state_rnk",52.9896
"01009050500","tract",2019,"transportation_state_rnk",19.8007
"01009050601","tract",2019,"transportation_state_rnk",73.9168
"01009050602","tract",2019,"transportation_state_rnk",38.9948
"01009050700","tract",2019,"transportation_state_rnk",24.0035
"01011952100","tract",2019,"transportation_state_rnk",90.6412
"01011952200","tract",2019,"transportation_state_rnk",80.7626
"01011952500","tract",2019,"transportation_state_rnk",91.1612
"01013952700","tract",2019,"transportation_state_rnk",64.4714
"01013952800","tract",2019,"transportation_state_rnk",15.5979
"01013952900","tract",2019,"transportation_state_rnk",86.7851
"01013953000","tract",2019,"transportation_state_rnk",33.3622
"01013953100","tract",2019,"transportation_state_rnk",68.0676
"01013953200","tract",2019,"transportation_state_rnk",57.9289
"01013953300","tract",2019,"transportation_state_rnk",1.9931
"01013953400","tract",2019,"transportation_state_rnk",43.4142
"01013953500","tract",2019,"transportation_state_rnk",79.5927
"01015000200","tract",2019,"transportation_state_rnk",90.8146
"01015000300","tract",2019,"transportation_state_rnk",91.3778
"01015000400","tract",2019,"transportation_state_rnk",83.0589
"01015000500","tract",2019,"transportation_state_rnk",98.9601
"01015000600","tract",2019,"transportation_state_rnk",97.6603
"01015000700","tract",2019,"transportation_state_rnk",97.227
"01015000800","tract",2019,"transportation_state_rnk",92.0711
"01015000900","tract",2019,"transportation_state_rnk",76.5165
"01015001000","tract",2019,"transportation_state_rnk",48.3102
"01015001100","tract",2019,"transportation_state_rnk",26.0832
"01015001201","tract",2019,"transportation_state_rnk",85.9619
"01015001202","tract",2019,"transportation_state_rnk",24.0035
"01015001300","tract",2019,"transportation_state_rnk",33.1889
"01015001400","tract",2019,"transportation_state_rnk",7.3657
"01015001500","tract",2019,"transportation_state_rnk",34.9653
"01015001600","tract",2019,"transportation_state_rnk",75.8666
"01015001700","tract",2019,"transportation_state_rnk",45.0173
"01015001800","tract",2019,"transportation_state_rnk",62.6083
"01015002000","tract",2019,"transportation_state_rnk",15.9445
"01015002101","tract",2019,"transportation_state_rnk",NA
"01015002102","tract",2019,"transportation_state_rnk",13.9081
"01015002103","tract",2019,"transportation_state_rnk",19.0641
"01015002200","tract",2019,"transportation_state_rnk",47.8336
"01015002300","tract",2019,"transportation_state_rnk",85.0953
"01015002400","tract",2019,"transportation_state_rnk",16.9844
"01015002501","tract",2019,"transportation_state_rnk",21.2738
"01015002502","tract",2019,"transportation_state_rnk",24.0035
"01015002600","tract",2019,"transportation_state_rnk",14.3847
"01015981901","tract",2019,"transportation_state_rnk",NA
"01015981902","tract",2019,"transportation_state_rnk",NA
"01015981903","tract",2019,"transportation_state_rnk",NA
"01017953800","tract",2019,"transportation_state_rnk",73.2236
"01017953900","tract",2019,"transportation_state_rnk",6.8458
"01017954000","tract",2019,"transportation_state_rnk",80.4159
"01017954200","tract",2019,"transportation_state_rnk",20.7972
"01017954300","tract",2019,"transportation_state_rnk",10.1386
"01017954400","tract",2019,"transportation_state_rnk",85.7886
"01017954500","tract",2019,"transportation_state_rnk",63.2582
"01017954600","tract",2019,"transportation_state_rnk",70.1906
"01017954700","tract",2019,"transportation_state_rnk",26.5598
"01019955701","tract",2019,"transportation_state_rnk",40.6846
"01019955702","tract",2019,"transportation_state_rnk",27.4697
"01019955800","tract",2019,"transportation_state_rnk",70.5373
"01019955900","tract",2019,"transportation_state_rnk",51.3432
"01019956000","tract",2019,"transportation_state_rnk",36.1352
"01019956100","tract",2019,"transportation_state_rnk",65.4679
"01021060101","tract",2019,"transportation_state_rnk",82.7123
"01021060102","tract",2019,"transportation_state_rnk",50.26
"01021060200","tract",2019,"transportation_state_rnk",66.7678
"01021060300","tract",2019,"transportation_state_rnk",21.9671
"01021060401","tract",2019,"transportation_state_rnk",64.4714
"01021060402","tract",2019,"transportation_state_rnk",75.3899
"01021060500","tract",2019,"transportation_state_rnk",53.1196
"01021060600","tract",2019,"transportation_state_rnk",36.6551
"01021060700","tract",2019,"transportation_state_rnk",80.3293
"01023956700","tract",2019,"transportation_state_rnk",27.6863
"01023956800","tract",2019,"transportation_state_rnk",74.3934
"01023956900","tract",2019,"transportation_state_rnk",85.0953
"01023957000","tract",2019,"transportation_state_rnk",21.5771
"01025957500","tract",2019,"transportation_state_rnk",8.0156
"01025957601","tract",2019,"transportation_state_rnk",14.1248
"01025957602","tract",2019,"transportation_state_rnk",59.4454
"01025957700","tract",2019,"transportation_state_rnk",85.4419
"01025957800","tract",2019,"transportation_state_rnk",11.3518
"01025957901","tract",2019,"transportation_state_rnk",18.5442
"01025957902","tract",2019,"transportation_state_rnk",14.6447
"01025958001","tract",2019,"transportation_state_rnk",27.6863
"01025958002","tract",2019,"transportation_state_rnk",79.5927
"01027958900","tract",2019,"transportation_state_rnk",22.2704
"01027959000","tract",2019,"transportation_state_rnk",50
"01027959100","tract",2019,"transportation_state_rnk",43.0243
"01027959200","tract",2019,"transportation_state_rnk",59.4454
"01029959500","tract",2019,"transportation_state_rnk",80.5026
"01029959600","tract",2019,"transportation_state_rnk",69.4107
"01029959700","tract",2019,"transportation_state_rnk",15.078
"01029959800","tract",2019,"transportation_state_rnk",47.1837
"01031010100","tract",2019,"transportation_state_rnk",60.8319
"01031010200","tract",2019,"transportation_state_rnk",41.4645
"01031010300","tract",2019,"transportation_state_rnk",19.1508
"01031010400","tract",2019,"transportation_state_rnk",28.0329
"01031010500","tract",2019,"transportation_state_rnk",75.3899
"01031010600","tract",2019,"transportation_state_rnk",71.0572
"01031010700","tract",2019,"transportation_state_rnk",32.539
"01031010800","tract",2019,"transportation_state_rnk",2.643
"01031010900","tract",2019,"transportation_state_rnk",10.6586
"01031011000","tract",2019,"transportation_state_rnk",40.1213
"01031011100","tract",2019,"transportation_state_rnk",44.1075
"01031011201","tract",2019,"transportation_state_rnk",7.279
"01031011202","tract",2019,"transportation_state_rnk",47.4003
"01031011300","tract",2019,"transportation_state_rnk",93.0676
"01033020100","tract",2019,"transportation_state_rnk",58.4055
"01033020200","tract",2019,"transportation_state_rnk",26.7764
"01033020300","tract",2019,"transportation_state_rnk",88.4749
"01033020400","tract",2019,"transportation_state_rnk",0.5199
"01033020500","tract",2019,"transportation_state_rnk",21.5771
"01033020600","tract",2019,"transportation_state_rnk",57.279
"01033020701","tract",2019,"transportation_state_rnk",0.6499
"01033020703","tract",2019,"transportation_state_rnk",3.8128
"01033020704","tract",2019,"transportation_state_rnk",4.636
"01033020801","tract",2019,"transportation_state_rnk",60.0953
"01033020802","tract",2019,"transportation_state_rnk",29.2894
"01033020901","tract",2019,"transportation_state_rnk",44.1075
"01033020902","tract",2019,"transportation_state_rnk",52.5563
"01033021000","tract",2019,"transportation_state_rnk",29.1594
"01035960200","tract",2019,"transportation_state_rnk",69.4107
"01035960300","tract",2019,"transportation_state_rnk",68.4575
"01035960400","tract",2019,"transportation_state_rnk",31.4558
"01035960500","tract",2019,"transportation_state_rnk",91.7678
"01035960600","tract",2019,"transportation_state_rnk",36.6551
"01037961000","tract",2019,"transportation_state_rnk",31.0659
"01037961100","tract",2019,"transportation_state_rnk",33.5355
"01037961200","tract",2019,"transportation_state_rnk",83.6655
"01039961600","tract",2019,"transportation_state_rnk",28.6395
"01039961700","tract",2019,"transportation_state_rnk",38.9948
"01039961800","tract",2019,"transportation_state_rnk",25.26
"01039961900","tract",2019,"transportation_state_rnk",45.0173
"01039962000","tract",2019,"transportation_state_rnk",10.8319
"01039962100","tract",2019,"transportation_state_rnk",52.1664
"01039962300","tract",2019,"transportation_state_rnk",17.9376
"01039962400","tract",2019,"transportation_state_rnk",19.974
"01039962500","tract",2019,"transportation_state_rnk",79.1161
"01039962600","tract",2019,"transportation_state_rnk",65.7712
"01039962700","tract",2019,"transportation_state_rnk",20.3206
"01039962800","tract",2019,"transportation_state_rnk",57.0624
"01039962900","tract",2019,"transportation_state_rnk",41.4645
"01039963000","tract",2019,"transportation_state_rnk",74.7834
"01041963400","tract",2019,"transportation_state_rnk",75.13
"01041963500","tract",2019,"transportation_state_rnk",81.2825
"01041963600","tract",2019,"transportation_state_rnk",94.3674
"01041963700","tract",2019,"transportation_state_rnk",60.6153
"01041963800","tract",2019,"transportation_state_rnk",65.6412
"01041963900","tract",2019,"transportation_state_rnk",83.5355
"01043964100","tract",2019,"transportation_state_rnk",41.8544
"01043964200","tract",2019,"transportation_state_rnk",3.9428
"01043964300","tract",2019,"transportation_state_rnk",20.6672
"01043964400","tract",2019,"transportation_state_rnk",24.3934
"01043964500","tract",2019,"transportation_state_rnk",43.0243
"01043964600","tract",2019,"transportation_state_rnk",12.7816
"01043964700","tract",2019,"transportation_state_rnk",15.078
"01043964800","tract",2019,"transportation_state_rnk",72.4437
"01043964900","tract",2019,"transportation_state_rnk",26.0832
"01043965000","tract",2019,"transportation_state_rnk",48.6135
"01043965100","tract",2019,"transportation_state_rnk",54.5494
"01043965200","tract",2019,"transportation_state_rnk",14.1248
"01043965300","tract",2019,"transportation_state_rnk",40.6846
"01043965401","tract",2019,"transportation_state_rnk",83.1889
"01043965402","tract",2019,"transportation_state_rnk",26.7764
"01043965500","tract",2019,"transportation_state_rnk",43.0243
"01043965600","tract",2019,"transportation_state_rnk",9.4454
"01043965700","tract",2019,"transportation_state_rnk",29.5061
"01045020000","tract",2019,"transportation_state_rnk",52.4263
"01045020100","tract",2019,"transportation_state_rnk",34.662
"01045020200","tract",2019,"transportation_state_rnk",17.201
"01045020300","tract",2019,"transportation_state_rnk",19.2808
"01045020400","tract",2019,"transportation_state_rnk",3.1629
"01045020500","tract",2019,"transportation_state_rnk",77.9896
"01045020700","tract",2019,"transportation_state_rnk",95.9272
"01045020801","tract",2019,"transportation_state_rnk",50.8232
"01045020802","tract",2019,"transportation_state_rnk",5.7626
"01045021101","tract",2019,"transportation_state_rnk",42.461
"01045021102","tract",2019,"transportation_state_rnk",52.1664
"01045021200","tract",2019,"transportation_state_rnk",55.5893
"01045021300","tract",2019,"transportation_state_rnk",17.5043
"01045021400","tract",2019,"transportation_state_rnk",28.8995
"01047956100","tract",2019,"transportation_state_rnk",3.5529
"01047956201","tract",2019,"transportation_state_rnk",5.7626
"01047956202","tract",2019,"transportation_state_rnk",6.4991
"01047956300","tract",2019,"transportation_state_rnk",56.1092
"01047956400","tract",2019,"transportation_state_rnk",88.8648
"01047956500","tract",2019,"transportation_state_rnk",95.4939
"01047956600","tract",2019,"transportation_state_rnk",92.721
"01047956701","tract",2019,"transportation_state_rnk",0.3466
"01047956702","tract",2019,"transportation_state_rnk",2.8596
"01047956800","tract",2019,"transportation_state_rnk",72.227
"01047956900","tract",2019,"transportation_state_rnk",82.0191
"01047957000","tract",2019,"transportation_state_rnk",86.7851
"01047957100","tract",2019,"transportation_state_rnk",42.0711
"01047957200","tract",2019,"transportation_state_rnk",76.1265
"01047957300","tract",2019,"transportation_state_rnk",53.2496
"01049960100","tract",2019,"transportation_state_rnk",34.3588
"01049960200","tract",2019,"transportation_state_rnk",25.26
"01049960300","tract",2019,"transportation_state_rnk",27.1231
"01049960400","tract",2019,"transportation_state_rnk",38.0416
"01049960500","tract",2019,"transportation_state_rnk",37.3917
"01049960600","tract",2019,"transportation_state_rnk",60.0953
"01049960700","tract",2019,"transportation_state_rnk",33.5355
"01049960800","tract",2019,"transportation_state_rnk",73.3969
"01049960900","tract",2019,"transportation_state_rnk",85.0953
"01049961000","tract",2019,"transportation_state_rnk",35.4853
"01049961100","tract",2019,"transportation_state_rnk",0.6499
"01049961200","tract",2019,"transportation_state_rnk",27.4697
"01049961300","tract",2019,"transportation_state_rnk",70.7972
"01049961400","tract",2019,"transportation_state_rnk",46.3605
"01051030100","tract",2019,"transportation_state_rnk",52.7296
"01051030200","tract",2019,"transportation_state_rnk",20.9705
"01051030300","tract",2019,"transportation_state_rnk",61.1352
"01051030400","tract",2019,"transportation_state_rnk",72.7903
"01051030500","tract",2019,"transportation_state_rnk",49.3501
"01051030600","tract",2019,"transportation_state_rnk",72.9636
"01051030701","tract",2019,"transportation_state_rnk",32.1924
"01051030702","tract",2019,"transportation_state_rnk",1.4731
"01051030800","tract",2019,"transportation_state_rnk",46.6638
"01051030901","tract",2019,"transportation_state_rnk",18.9341
"01051030902","tract",2019,"transportation_state_rnk",16.3345
"01051031000","tract",2019,"transportation_state_rnk",65.4679
"01051031100","tract",2019,"transportation_state_rnk",12.0451
"01051031200","tract",2019,"transportation_state_rnk",46.8804
"01051031300","tract",2019,"transportation_state_rnk",32.539
"01053969800","tract",2019,"transportation_state_rnk",30.5026
"01053969900","tract",2019,"transportation_state_rnk",46.1438
"01053970100","tract",2019,"transportation_state_rnk",38.6482
"01053970200","tract",2019,"transportation_state_rnk",80.2426
"01053970300","tract",2019,"transportation_state_rnk",32.1924
"01053970400","tract",2019,"transportation_state_rnk",NA
"01053970500","tract",2019,"transportation_state_rnk",84.7487
"01053970600","tract",2019,"transportation_state_rnk",78.2062
"01053970700","tract",2019,"transportation_state_rnk",47.8336
"01055000200","tract",2019,"transportation_state_rnk",82.7123
"01055000300","tract",2019,"transportation_state_rnk",45.4939
"01055000400","tract",2019,"transportation_state_rnk",34.662
"01055000500","tract",2019,"transportation_state_rnk",59.8354
"01055000600","tract",2019,"transportation_state_rnk",32.9723
"01055000700","tract",2019,"transportation_state_rnk",33.5355
"01055000800","tract",2019,"transportation_state_rnk",77.0797
"01055000900","tract",2019,"transportation_state_rnk",71.5771
"01055001000","tract",2019,"transportation_state_rnk",76.7331
"01055001100","tract",2019,"transportation_state_rnk",16.7678
"01055001200","tract",2019,"transportation_state_rnk",89.948
"01055001300","tract",2019,"transportation_state_rnk",25.0433
"01055001600","tract",2019,"transportation_state_rnk",64.6447
"01055001700","tract",2019,"transportation_state_rnk",38.5615
"01055010100","tract",2019,"transportation_state_rnk",13.6915
"01055010200","tract",2019,"transportation_state_rnk",60.3553
"01055010300","tract",2019,"transportation_state_rnk",1.5598
"01055010401","tract",2019,"transportation_state_rnk",70.1906
"01055010402","tract",2019,"transportation_state_rnk",35.312
"01055010501","tract",2019,"transportation_state_rnk",24.8267
"01055010502","tract",2019,"transportation_state_rnk",1.7764
"01055010601","tract",2019,"transportation_state_rnk",3.7262
"01055010602","tract",2019,"transportation_state_rnk",49.7834
"01055010700","tract",2019,"transportation_state_rnk",12.4783
"01055010800","tract",2019,"transportation_state_rnk",19.5407
"01055010900","tract",2019,"transportation_state_rnk",38.1716
"01055011001","tract",2019,"transportation_state_rnk",24.0035
"01055011002","tract",2019,"transportation_state_rnk",62.9549
"01055011100","tract",2019,"transportation_state_rnk",54.8527
"01055011200","tract",2019,"transportation_state_rnk",78.3362
"01057020000","tract",2019,"transportation_state_rnk",35.7452
"01057020100","tract",2019,"transportation_state_rnk",22.8769
"01057020200","tract",2019,"transportation_state_rnk",59.1421
"01057020300","tract",2019,"transportation_state_rnk",89.7747
"01057020400","tract",2019,"transportation_state_rnk",54.2461
"01059972900","tract",2019,"transportation_state_rnk",36.1352
"01059973000","tract",2019,"transportation_state_rnk",38.7782
"01059973100","tract",2019,"transportation_state_rnk",16.3345
"01059973200","tract",2019,"transportation_state_rnk",80.6326
"01059973300","tract",2019,"transportation_state_rnk",86.1352
"01059973400","tract",2019,"transportation_state_rnk",73.3102
"01059973500","tract",2019,"transportation_state_rnk",64.7747
"01059973600","tract",2019,"transportation_state_rnk",56.1092
"01059973700","tract",2019,"transportation_state_rnk",49.5667
"01061050100","tract",2019,"transportation_state_rnk",58.6222
"01061050200","tract",2019,"transportation_state_rnk",5.0693
"01061050300","tract",2019,"transportation_state_rnk",68.2409
"01061050400","tract",2019,"transportation_state_rnk",54.2461
"01061050500","tract",2019,"transportation_state_rnk",37.7816
"01061050600","tract",2019,"transportation_state_rnk",64.2548
"01063060000","tract",2019,"transportation_state_rnk",87.695
"01063060100","tract",2019,"transportation_state_rnk",94.1075
"01063060200","tract",2019,"transportation_state_rnk",79.1161
"01065040000","tract",2019,"transportation_state_rnk",66.3778
"01065040100","tract",2019,"transportation_state_rnk",59.0121
"01065040200","tract",2019,"transportation_state_rnk",57.5823
"01065040300","tract",2019,"transportation_state_rnk",42.0711
"01065040400","tract",2019,"transportation_state_rnk",72.357
"01065040500","tract",2019,"transportation_state_rnk",64.948
"01067030100","tract",2019,"transportation_state_rnk",58.3189
"01067030200","tract",2019,"transportation_state_rnk",62.2184
"01067030300","tract",2019,"transportation_state_rnk",86.5251
"01067030400","tract",2019,"transportation_state_rnk",77.0797
"01067030500","tract",2019,"transportation_state_rnk",11.5685
"01067030600","tract",2019,"transportation_state_rnk",19.5407
"01069040100","tract",2019,"transportation_state_rnk",4.8094
"01069040201","tract",2019,"transportation_state_rnk",17.3744
"01069040202","tract",2019,"transportation_state_rnk",10.4419
"01069040301","tract",2019,"transportation_state_rnk",50.8232
"01069040302","tract",2019,"transportation_state_rnk",88.9948
"01069040400","tract",2019,"transportation_state_rnk",32.9723
"01069040500","tract",2019,"transportation_state_rnk",39.3414
"01069040600","tract",2019,"transportation_state_rnk",97.8336
"01069040700","tract",2019,"transportation_state_rnk",54.9827
"01069040800","tract",2019,"transportation_state_rnk",24.8267
"01069040900","tract",2019,"transportation_state_rnk",19.5407
"01069041000","tract",2019,"transportation_state_rnk",76.6031
"01069041100","tract",2019,"transportation_state_rnk",64.0815
"01069041200","tract",2019,"transportation_state_rnk",95.234
"01069041400","tract",2019,"transportation_state_rnk",84.8354
"01069041500","tract",2019,"transportation_state_rnk",84.0988
"01069041600","tract",2019,"transportation_state_rnk",28.8995
"01069041700","tract",2019,"transportation_state_rnk",69.4107
"01069041800","tract",2019,"transportation_state_rnk",69.7574
"01069041900","tract",2019,"transportation_state_rnk",27.4697
"01069042000","tract",2019,"transportation_state_rnk",28.2496
"01069042100","tract",2019,"transportation_state_rnk",4.5061
"01071950100","tract",2019,"transportation_state_rnk",78.9428
"01071950200","tract",2019,"transportation_state_rnk",83.8388
"01071950300","tract",2019,"transportation_state_rnk",17.9376
"01071950400","tract",2019,"transportation_state_rnk",20.6672
"01071950500","tract",2019,"transportation_state_rnk",45.0173
"01071950600","tract",2019,"transportation_state_rnk",12.2184
"01071950700","tract",2019,"transportation_state_rnk",27.1231
"01071950800","tract",2019,"transportation_state_rnk",61.5685
"01071950900","tract",2019,"transportation_state_rnk",28.6395
"01071951000","tract",2019,"transportation_state_rnk",25.6499
"01071951100","tract",2019,"transportation_state_rnk",33.9255
"01073000100","tract",2019,"transportation_state_rnk",97.747
"01073000300","tract",2019,"transportation_state_rnk",99.9133
"01073000400","tract",2019,"transportation_state_rnk",47.3137
"01073000500","tract",2019,"transportation_state_rnk",98.3536
"01073000700","tract",2019,"transportation_state_rnk",99.74
"01073000800","tract",2019,"transportation_state_rnk",95.1473
"01073001100","tract",2019,"transportation_state_rnk",77.383
"01073001200","tract",2019,"transportation_state_rnk",91.5945
"01073001400","tract",2019,"transportation_state_rnk",92.2877
"01073001500","tract",2019,"transportation_state_rnk",98.0936
"01073001600","tract",2019,"transportation_state_rnk",93.3276
"01073001902","tract",2019,"transportation_state_rnk",93.4142
"01073002000","tract",2019,"transportation_state_rnk",91.2478
"01073002100","tract",2019,"transportation_state_rnk",83.3622
"01073002200","tract",2019,"transportation_state_rnk",69.9307
"01073002303","tract",2019,"transportation_state_rnk",92.461
"01073002305","tract",2019,"transportation_state_rnk",35.4853
"01073002306","tract",2019,"transportation_state_rnk",43.0243
"01073002400","tract",2019,"transportation_state_rnk",94.974
"01073002700","tract",2019,"transportation_state_rnk",98.6135
"01073002900","tract",2019,"transportation_state_rnk",100
"01073003001","tract",2019,"transportation_state_rnk",NA
"01073003002","tract",2019,"transportation_state_rnk",96.5771
"01073003100","tract",2019,"transportation_state_rnk",94.1941
"01073003200","tract",2019,"transportation_state_rnk",94.4974
"01073003300","tract",2019,"transportation_state_rnk",99.3068
"01073003400","tract",2019,"transportation_state_rnk",92.3744
"01073003500","tract",2019,"transportation_state_rnk",97.487
"01073003600","tract",2019,"transportation_state_rnk",32.9723
"01073003700","tract",2019,"transportation_state_rnk",96.1005
"01073003802","tract",2019,"transportation_state_rnk",94.8007
"01073003803","tract",2019,"transportation_state_rnk",95.0607
"01073003900","tract",2019,"transportation_state_rnk",96.3605
"01073004000","tract",2019,"transportation_state_rnk",96.8371
"01073004200","tract",2019,"transportation_state_rnk",97.4003
"01073004500","tract",2019,"transportation_state_rnk",NA
"01073004701","tract",2019,"transportation_state_rnk",49.7834
"01073004702","tract",2019,"transportation_state_rnk",8.8388
"01073004800","tract",2019,"transportation_state_rnk",60.3553
"01073004901","tract",2019,"transportation_state_rnk",98.1802
"01073004902","tract",2019,"transportation_state_rnk",92.8943
"01073005000","tract",2019,"transportation_state_rnk",88.6482
"01073005101","tract",2019,"transportation_state_rnk",97.3137
"01073005103","tract",2019,"transportation_state_rnk",86.9584
"01073005104","tract",2019,"transportation_state_rnk",81.4125
"01073005200","tract",2019,"transportation_state_rnk",74.0035
"01073005302","tract",2019,"transportation_state_rnk",67.0711
"01073005500","tract",2019,"transportation_state_rnk",95.6672
"01073005600","tract",2019,"transportation_state_rnk",41.0312
"01073005701","tract",2019,"transportation_state_rnk",70.0173
"01073005702","tract",2019,"transportation_state_rnk",76.2565
"01073005800","tract",2019,"transportation_state_rnk",62.9549
"01073005903","tract",2019,"transportation_state_rnk",68.6308
"01073005905","tract",2019,"transportation_state_rnk",84.0988
"01073005907","tract",2019,"transportation_state_rnk",20.3206
"01073005908","tract",2019,"transportation_state_rnk",71.3172
"01073005909","tract",2019,"transportation_state_rnk",15.9445
"01073005910","tract",2019,"transportation_state_rnk",16.5945
"01073010001","tract",2019,"transportation_state_rnk",51.8198
"01073010002","tract",2019,"transportation_state_rnk",43.0243
"01073010100","tract",2019,"transportation_state_rnk",94.714
"01073010200","tract",2019,"transportation_state_rnk",92.5477
"01073010301","tract",2019,"transportation_state_rnk",97.0537
"01073010302","tract",2019,"transportation_state_rnk",95.8406
"01073010401","tract",2019,"transportation_state_rnk",92.6343
"01073010402","tract",2019,"transportation_state_rnk",3.2929
"01073010500","tract",2019,"transportation_state_rnk",92.8076
"01073010602","tract",2019,"transportation_state_rnk",96.0139
"01073010603","tract",2019,"transportation_state_rnk",74.5234
"01073010701","tract",2019,"transportation_state_rnk",62.9549
"01073010702","tract",2019,"transportation_state_rnk",81.4125
"01073010703","tract",2019,"transportation_state_rnk",0.9099
"01073010704","tract",2019,"transportation_state_rnk",NA
"01073010705","tract",2019,"transportation_state_rnk",11.0919
"01073010706","tract",2019,"transportation_state_rnk",76.4298
"01073010801","tract",2019,"transportation_state_rnk",22.8769
"01073010802","tract",2019,"transportation_state_rnk",28.2496
"01073010803","tract",2019,"transportation_state_rnk",31.7591
"01073010804","tract",2019,"transportation_state_rnk",16.3345
"01073010805","tract",2019,"transportation_state_rnk",4.9393
"01073010900","tract",2019,"transportation_state_rnk",90.2946
"01073011001","tract",2019,"transportation_state_rnk",63.4315
"01073011002","tract",2019,"transportation_state_rnk",82.0191
"01073011104","tract",2019,"transportation_state_rnk",67.201
"01073011107","tract",2019,"transportation_state_rnk",42.331
"01073011108","tract",2019,"transportation_state_rnk",14.1248
"01073011109","tract",2019,"transportation_state_rnk",7.6256
"01073011110","tract",2019,"transportation_state_rnk",24.0035
"01073011111","tract",2019,"transportation_state_rnk",6.6724
"01073011205","tract",2019,"transportation_state_rnk",37.0451
"01073011206","tract",2019,"transportation_state_rnk",14.3847
"01073011207","tract",2019,"transportation_state_rnk",43.5442
"01073011208","tract",2019,"transportation_state_rnk",51.5165
"01073011209","tract",2019,"transportation_state_rnk",79.8094
"01073011210","tract",2019,"transportation_state_rnk",68.8908
"01073011301","tract",2019,"transportation_state_rnk",45.8839
"01073011302","tract",2019,"transportation_state_rnk",33.9255
"01073011400","tract",2019,"transportation_state_rnk",68.5442
"01073011500","tract",2019,"transportation_state_rnk",42.331
"01073011600","tract",2019,"transportation_state_rnk",66.8977
"01073011703","tract",2019,"transportation_state_rnk",56.5858
"01073011704","tract",2019,"transportation_state_rnk",15.3813
"01073011705","tract",2019,"transportation_state_rnk",25.6499
"01073011706","tract",2019,"transportation_state_rnk",39.3414
"01073011802","tract",2019,"transportation_state_rnk",74.6967
"01073011803","tract",2019,"transportation_state_rnk",58.2322
"01073011804","tract",2019,"transportation_state_rnk",71.9671
"01073011901","tract",2019,"transportation_state_rnk",81.5858
"01073011904","tract",2019,"transportation_state_rnk",22.0971
"01073012001","tract",2019,"transportation_state_rnk",31.7591
"01073012002","tract",2019,"transportation_state_rnk",93.9341
"01073012103","tract",2019,"transportation_state_rnk",11.7851
"01073012104","tract",2019,"transportation_state_rnk",77.8163
"01073012200","tract",2019,"transportation_state_rnk",11.0919
"01073012302","tract",2019,"transportation_state_rnk",18.5442
"01073012304","tract",2019,"transportation_state_rnk",32.9723
"01073012305","tract",2019,"transportation_state_rnk",46.8804
"01073012401","tract",2019,"transportation_state_rnk",19.974
"01073012402","tract",2019,"transportation_state_rnk",58.6222
"01073012403","tract",2019,"transportation_state_rnk",83.0589
"01073012500","tract",2019,"transportation_state_rnk",62.0017
"01073012602","tract",2019,"transportation_state_rnk",90.9012
"01073012701","tract",2019,"transportation_state_rnk",37.3917
"01073012703","tract",2019,"transportation_state_rnk",14.8614
"01073012704","tract",2019,"transportation_state_rnk",13.0416
"01073012802","tract",2019,"transportation_state_rnk",9.8354
"01073012803","tract",2019,"transportation_state_rnk",29.5061
"01073012905","tract",2019,"transportation_state_rnk",2.513
"01073012906","tract",2019,"transportation_state_rnk",66.7678
"01073012907","tract",2019,"transportation_state_rnk",44.1075
"01073012908","tract",2019,"transportation_state_rnk",78.4662
"01073012910","tract",2019,"transportation_state_rnk",52.7296
"01073012911","tract",2019,"transportation_state_rnk",1.9064
"01073012912","tract",2019,"transportation_state_rnk",71.9671
"01073012913","tract",2019,"transportation_state_rnk",85.2686
"01073012914","tract",2019,"transportation_state_rnk",55.7626
"01073012915","tract",2019,"transportation_state_rnk",50.4766
"01073013002","tract",2019,"transportation_state_rnk",87.9983
"01073013100","tract",2019,"transportation_state_rnk",74.1334
"01073013200","tract",2019,"transportation_state_rnk",71.4905
"01073013300","tract",2019,"transportation_state_rnk",91.8544
"01073013400","tract",2019,"transportation_state_rnk",53.8995
"01073013601","tract",2019,"transportation_state_rnk",94.8873
"01073013801","tract",2019,"transportation_state_rnk",59.9653
"01073013901","tract",2019,"transportation_state_rnk",53.8995
"01073013902","tract",2019,"transportation_state_rnk",83.2756
"01073014001","tract",2019,"transportation_state_rnk",51.8198
"01073014002","tract",2019,"transportation_state_rnk",4.0728
"01073014102","tract",2019,"transportation_state_rnk",43.0243
"01073014104","tract",2019,"transportation_state_rnk",23.2669
"01073014105","tract",2019,"transportation_state_rnk",58.1023
"01073014203","tract",2019,"transportation_state_rnk",32.539
"01073014204","tract",2019,"transportation_state_rnk",30.5026
"01073014301","tract",2019,"transportation_state_rnk",85.5286
"01073014302","tract",2019,"transportation_state_rnk",20.3206
"01073014404","tract",2019,"transportation_state_rnk",23.5269
"01073014405","tract",2019,"transportation_state_rnk",36.3951
"01073014406","tract",2019,"transportation_state_rnk",15.2513
"01073014408","tract",2019,"transportation_state_rnk",66.9844
"01073014409","tract",2019,"transportation_state_rnk",22.2704
"01073014410","tract",2019,"transportation_state_rnk",60.8319
"01073014412","tract",2019,"transportation_state_rnk",15.5979
"01073014413","tract",2019,"transportation_state_rnk",8.4489
"01075030000","tract",2019,"transportation_state_rnk",48.0936
"01075030100","tract",2019,"transportation_state_rnk",64.0815
"01075030200","tract",2019,"transportation_state_rnk",10.6586
"01077010100","tract",2019,"transportation_state_rnk",NA
"01077010200","tract",2019,"transportation_state_rnk",97.5737
"01077010300","tract",2019,"transportation_state_rnk",98.7002
"01077010400","tract",2019,"transportation_state_rnk",68.2409
"01077010600","tract",2019,"transportation_state_rnk",94.2808
"01077010700","tract",2019,"transportation_state_rnk",96.1872
"01077010800","tract",2019,"transportation_state_rnk",64.7747
"01077010900","tract",2019,"transportation_state_rnk",13.3882
"01077011000","tract",2019,"transportation_state_rnk",24.0035
"01077011101","tract",2019,"transportation_state_rnk",18.5442
"01077011102","tract",2019,"transportation_state_rnk",5.4593
"01077011200","tract",2019,"transportation_state_rnk",21.5771
"01077011300","tract",2019,"transportation_state_rnk",16.9844
"01077011400","tract",2019,"transportation_state_rnk",22.8769
"01077011501","tract",2019,"transportation_state_rnk",36.6551
"01077011502","tract",2019,"transportation_state_rnk",1.3865
"01077011602","tract",2019,"transportation_state_rnk",20.9705
"01077011603","tract",2019,"transportation_state_rnk",30.1993
"01077011604","tract",2019,"transportation_state_rnk",13.2149
"01077011700","tract",2019,"transportation_state_rnk",15.9445
"01077011801","tract",2019,"transportation_state_rnk",23.5269
"01077011802","tract",2019,"transportation_state_rnk",31.9757
"01079979100","tract",2019,"transportation_state_rnk",72.617
"01079979200","tract",2019,"transportation_state_rnk",74.2634
"01079979300","tract",2019,"transportation_state_rnk",29.7227
"01079979400","tract",2019,"transportation_state_rnk",30.8492
"01079979500","tract",2019,"transportation_state_rnk",52.1664
"01079979600","tract",2019,"transportation_state_rnk",40.8579
"01079979700","tract",2019,"transportation_state_rnk",2.1231
"01079979800","tract",2019,"transportation_state_rnk",28.0329
"01079979900","tract",2019,"transportation_state_rnk",55.8925
"01081040200","tract",2019,"transportation_state_rnk",84.662
"01081040300","tract",2019,"transportation_state_rnk",98.4402
"01081040400","tract",2019,"transportation_state_rnk",63.2582
"01081040500","tract",2019,"transportation_state_rnk",24.3934
"01081040602","tract",2019,"transportation_state_rnk",75.13
"01081040603","tract",2019,"transportation_state_rnk",34.9653
"01081040604","tract",2019,"transportation_state_rnk",39.688
"01081040700","tract",2019,"transportation_state_rnk",NA
"01081040800","tract",2019,"transportation_state_rnk",99.8267
"01081040901","tract",2019,"transportation_state_rnk",75.9965
"01081040902","tract",2019,"transportation_state_rnk",82.279
"01081041000","tract",2019,"transportation_state_rnk",50
"01081041100","tract",2019,"transportation_state_rnk",72.617
"01081041200","tract",2019,"transportation_state_rnk",15.5979
"01081041300","tract",2019,"transportation_state_rnk",18.2409
"01081041400","tract",2019,"transportation_state_rnk",82.0191
"01081041600","tract",2019,"transportation_state_rnk",89.3414
"01081041700","tract",2019,"transportation_state_rnk",10.6586
"01081041800","tract",2019,"transportation_state_rnk",53.6828
"01081041900","tract",2019,"transportation_state_rnk",35.182
"01081042002","tract",2019,"transportation_state_rnk",23.6568
"01081042003","tract",2019,"transportation_state_rnk",85.3553
"01081042004","tract",2019,"transportation_state_rnk",45.4939
"01081042005","tract",2019,"transportation_state_rnk",27.8163
"01081042006","tract",2019,"transportation_state_rnk",1.2998
"01081042101","tract",2019,"transportation_state_rnk",11.7851
"01081042102","tract",2019,"transportation_state_rnk",11.5685
"01083020101","tract",2019,"transportation_state_rnk",9.0121
"01083020102","tract",2019,"transportation_state_rnk",32.1924
"01083020201","tract",2019,"transportation_state_rnk",61.5685
"01083020202","tract",2019,"transportation_state_rnk",17.9376
"01083020300","tract",2019,"transportation_state_rnk",8.6655
"01083020401","tract",2019,"transportation_state_rnk",67.6776
"01083020402","tract",2019,"transportation_state_rnk",11.0919
"01083020500","tract",2019,"transportation_state_rnk",54.2461
"01083020600","tract",2019,"transportation_state_rnk",52.8596
"01083020700","tract",2019,"transportation_state_rnk",51.1265
"01083020801","tract",2019,"transportation_state_rnk",13.6915
"01083020802","tract",2019,"transportation_state_rnk",3.9428
"01083020900","tract",2019,"transportation_state_rnk",36.1352
"01083021000","tract",2019,"transportation_state_rnk",24.0035
"01083021100","tract",2019,"transportation_state_rnk",12.305
"01083021200","tract",2019,"transportation_state_rnk",17.201
"01085780800","tract",2019,"transportation_state_rnk",88.1282
"01085781000","tract",2019,"transportation_state_rnk",61.8284
"01085781100","tract",2019,"transportation_state_rnk",88.3016
"01085781200","tract",2019,"transportation_state_rnk",46.1438
"01087231400","tract",2019,"transportation_state_rnk",20.9705
"01087231500","tract",2019,"transportation_state_rnk",23.2669
"01087231601","tract",2019,"transportation_state_rnk",0
"01087231602","tract",2019,"transportation_state_rnk",90.078
"01087231603","tract",2019,"transportation_state_rnk",5.0693
"01087231700","tract",2019,"transportation_state_rnk",NA
"01087231800","tract",2019,"transportation_state_rnk",79.2894
"01087231900","tract",2019,"transportation_state_rnk",82.8423
"01087232000","tract",2019,"transportation_state_rnk",67.9376
"01087232100","tract",2019,"transportation_state_rnk",70.8839
"01087232200","tract",2019,"transportation_state_rnk",28.2496
"01087232300","tract",2019,"transportation_state_rnk",81.7591
"01089000201","tract",2019,"transportation_state_rnk",88.2149
"01089000202","tract",2019,"transportation_state_rnk",NA
"01089000301","tract",2019,"transportation_state_rnk",41.4645
"01089000302","tract",2019,"transportation_state_rnk",35.7452
"01089000403","tract",2019,"transportation_state_rnk",8.9255
"01089000501","tract",2019,"transportation_state_rnk",30.1993
"01089000502","tract",2019,"transportation_state_rnk",16.7678
"01089000503","tract",2019,"transportation_state_rnk",63.7782
"01089000601","tract",2019,"transportation_state_rnk",34.3588
"01089000602","tract",2019,"transportation_state_rnk",40.5113
"01089000701","tract",2019,"transportation_state_rnk",69.1508
"01089000702","tract",2019,"transportation_state_rnk",82.5823
"01089000901","tract",2019,"transportation_state_rnk",18.2409
"01089000902","tract",2019,"transportation_state_rnk",31.7591
"01089001000","tract",2019,"transportation_state_rnk",67.6776
"01089001200","tract",2019,"transportation_state_rnk",96.5771
"01089001301","tract",2019,"transportation_state_rnk",98.2669
"01089001302","tract",2019,"transportation_state_rnk",36.1352
"01089001401","tract",2019,"transportation_state_rnk",7.7556
"01089001402","tract",2019,"transportation_state_rnk",46.5338
"01089001500","tract",2019,"transportation_state_rnk",91.5078
"01089001700","tract",2019,"transportation_state_rnk",4.2461
"01089001801","tract",2019,"transportation_state_rnk",18.7608
"01089001901","tract",2019,"transportation_state_rnk",0.1733
"01089001902","tract",2019,"transportation_state_rnk",38.9948
"01089001903","tract",2019,"transportation_state_rnk",1.0399
"01089002000","tract",2019,"transportation_state_rnk",6.2825
"01089002100","tract",2019,"transportation_state_rnk",98.8735
"01089002200","tract",2019,"transportation_state_rnk",48.4402
"01089002300","tract",2019,"transportation_state_rnk",90.208
"01089002400","tract",2019,"transportation_state_rnk",86.5251
"01089002501","tract",2019,"transportation_state_rnk",93.5009
"01089002502","tract",2019,"transportation_state_rnk",75.6932
"01089002600","tract",2019,"transportation_state_rnk",23.2669
"01089002701","tract",2019,"transportation_state_rnk",18.7608
"01089002721","tract",2019,"transportation_state_rnk",26.5598
"01089002722","tract",2019,"transportation_state_rnk",13.5182
"01089002801","tract",2019,"transportation_state_rnk",59.4454
"01089002802","tract",2019,"transportation_state_rnk",16.9844
"01089002911","tract",2019,"transportation_state_rnk",10.9185
"01089002912","tract",2019,"transportation_state_rnk",8.2322
"01089002921","tract",2019,"transportation_state_rnk",13.9081
"01089002922","tract",2019,"transportation_state_rnk",9.662
"01089003000","tract",2019,"transportation_state_rnk",76.9497
"01089003100","tract",2019,"transportation_state_rnk",NA
"01089010100","tract",2019,"transportation_state_rnk",31.0659
"01089010200","tract",2019,"transportation_state_rnk",8.0156
"01089010301","tract",2019,"transportation_state_rnk",16.3345
"01089010302","tract",2019,"transportation_state_rnk",14.6447
"01089010401","tract",2019,"transportation_state_rnk",26.0832
"01089010402","tract",2019,"transportation_state_rnk",25.0433
"01089010501","tract",2019,"transportation_state_rnk",8.4489
"01089010502","tract",2019,"transportation_state_rnk",5.9792
"01089010612","tract",2019,"transportation_state_rnk",27.1231
"01089010621","tract",2019,"transportation_state_rnk",1.1698
"01089010622","tract",2019,"transportation_state_rnk",58.6222
"01089010623","tract",2019,"transportation_state_rnk",3.0329
"01089010624","tract",2019,"transportation_state_rnk",9.662
"01089010701","tract",2019,"transportation_state_rnk",12.4783
"01089010702","tract",2019,"transportation_state_rnk",6.4125
"01089010800","tract",2019,"transportation_state_rnk",6.1092
"01089010901","tract",2019,"transportation_state_rnk",9.5321
"01089010902","tract",2019,"transportation_state_rnk",31.0659
"01089011011","tract",2019,"transportation_state_rnk",2.773
"01089011012","tract",2019,"transportation_state_rnk",0.9099
"01089011013","tract",2019,"transportation_state_rnk",2.4263
"01089011014","tract",2019,"transportation_state_rnk",7.4957
"01089011021","tract",2019,"transportation_state_rnk",14.3847
"01089011022","tract",2019,"transportation_state_rnk",26.3865
"01089011100","tract",2019,"transportation_state_rnk",0.7799
"01089011200","tract",2019,"transportation_state_rnk",11.7851
"01089011300","tract",2019,"transportation_state_rnk",35.7452
"01089011400","tract",2019,"transportation_state_rnk",12.7816
"01091972900","tract",2019,"transportation_state_rnk",33.7088
"01091973000","tract",2019,"transportation_state_rnk",76.3432
"01091973100","tract",2019,"transportation_state_rnk",90.7279
"01091973200","tract",2019,"transportation_state_rnk",44.3674
"01091973300","tract",2019,"transportation_state_rnk",41.7244
"01091973400","tract",2019,"transportation_state_rnk",43.6742
"01093964000","tract",2019,"transportation_state_rnk",48.6135
"01093964100","tract",2019,"transportation_state_rnk",62.2184
"01093964200","tract",2019,"transportation_state_rnk",13.0416
"01093964300","tract",2019,"transportation_state_rnk",56.1092
"01093964400","tract",2019,"transportation_state_rnk",60.6153
"01093964500","tract",2019,"transportation_state_rnk",64.948
"01093964600","tract",2019,"transportation_state_rnk",68.8042
"01093964700","tract",2019,"transportation_state_rnk",5.3726
"01095030100","tract",2019,"transportation_state_rnk",56.1092
"01095030201","tract",2019,"transportation_state_rnk",84.922
"01095030202","tract",2019,"transportation_state_rnk",66.1612
"01095030300","tract",2019,"transportation_state_rnk",24.6101
"01095030401","tract",2019,"transportation_state_rnk",52.1664
"01095030402","tract",2019,"transportation_state_rnk",28.4662
"01095030500","tract",2019,"transportation_state_rnk",10.312
"01095030600","tract",2019,"transportation_state_rnk",46.3605
"01095030701","tract",2019,"transportation_state_rnk",57.5823
"01095030702","tract",2019,"transportation_state_rnk",56.7158
"01095030801","tract",2019,"transportation_state_rnk",38.3882
"01095030802","tract",2019,"transportation_state_rnk",31.0659
"01095030902","tract",2019,"transportation_state_rnk",3.5529
"01095030903","tract",2019,"transportation_state_rnk",72.227
"01095030904","tract",2019,"transportation_state_rnk",13.2149
"01095031000","tract",2019,"transportation_state_rnk",19.5407
"01095031100","tract",2019,"transportation_state_rnk",34.1421
"01095031200","tract",2019,"transportation_state_rnk",60.8319
"01097000200","tract",2019,"transportation_state_rnk",81.1092
"01097000401","tract",2019,"transportation_state_rnk",87.4783
"01097000402","tract",2019,"transportation_state_rnk",99.2201
"01097000500","tract",2019,"transportation_state_rnk",88.6482
"01097000600","tract",2019,"transportation_state_rnk",68.9775
"01097000701","tract",2019,"transportation_state_rnk",93.5875
"01097000702","tract",2019,"transportation_state_rnk",78.2062
"01097000800","tract",2019,"transportation_state_rnk",31.5425
"01097000901","tract",2019,"transportation_state_rnk",84.4887
"01097000902","tract",2019,"transportation_state_rnk",61.3518
"01097000903","tract",2019,"transportation_state_rnk",87.9983
"01097001001","tract",2019,"transportation_state_rnk",96.8371
"01097001002","tract",2019,"transportation_state_rnk",73.1369
"01097001100","tract",2019,"transportation_state_rnk",93.2409
"01097001200","tract",2019,"transportation_state_rnk",NA
"01097001302","tract",2019,"transportation_state_rnk",79.1161
"01097001400","tract",2019,"transportation_state_rnk",97.1404
"01097001501","tract",2019,"transportation_state_rnk",96.4471
"01097001502","tract",2019,"transportation_state_rnk",90.9879
"01097001800","tract",2019,"transportation_state_rnk",2.1231
"01097001901","tract",2019,"transportation_state_rnk",15.3813
"01097001902","tract",2019,"transportation_state_rnk",58.6222
"01097002000","tract",2019,"transportation_state_rnk",40.338
"01097002100","tract",2019,"transportation_state_rnk",45.4939
"01097002200","tract",2019,"transportation_state_rnk",44.6274
"01097002301","tract",2019,"transportation_state_rnk",67.4177
"01097002302","tract",2019,"transportation_state_rnk",69.0641
"01097002400","tract",2019,"transportation_state_rnk",84.2721
"01097002501","tract",2019,"transportation_state_rnk",34.662
"01097002502","tract",2019,"transportation_state_rnk",53.4662
"01097002600","tract",2019,"transportation_state_rnk",88.6482
"01097002700","tract",2019,"transportation_state_rnk",80.8492
"01097002800","tract",2019,"transportation_state_rnk",22.4437
"01097002900","tract",2019,"transportation_state_rnk",49.5667
"01097003000","tract",2019,"transportation_state_rnk",43.8042
"01097003100","tract",2019,"transportation_state_rnk",53.4662
"01097003202","tract",2019,"transportation_state_rnk",82.279
"01097003203","tract",2019,"transportation_state_rnk",42.0711
"01097003204","tract",2019,"transportation_state_rnk",79.9393
"01097003205","tract",2019,"transportation_state_rnk",90.3813
"01097003301","tract",2019,"transportation_state_rnk",57.9289
"01097003302","tract",2019,"transportation_state_rnk",54.5494
"01097003402","tract",2019,"transportation_state_rnk",59.8354
"01097003404","tract",2019,"transportation_state_rnk",45.4939
"01097003405","tract",2019,"transportation_state_rnk",70.4073
"01097003406","tract",2019,"transportation_state_rnk",73.4835
"01097003407","tract",2019,"transportation_state_rnk",14.8614
"01097003408","tract",2019,"transportation_state_rnk",10.2253
"01097003501","tract",2019,"transportation_state_rnk",25.8232
"01097003502","tract",2019,"transportation_state_rnk",15.078
"01097003602","tract",2019,"transportation_state_rnk",96.7071
"01097003605","tract",2019,"transportation_state_rnk",NA
"01097003606","tract",2019,"transportation_state_rnk",74.3934
"01097003607","tract",2019,"transportation_state_rnk",86.6551
"01097003608","tract",2019,"transportation_state_rnk",10.4419
"01097003703","tract",2019,"transportation_state_rnk",86.3085
"01097003704","tract",2019,"transportation_state_rnk",61.3518
"01097003705","tract",2019,"transportation_state_rnk",79.9393
"01097003706","tract",2019,"transportation_state_rnk",34.3588
"01097003707","tract",2019,"transportation_state_rnk",46.3605
"01097003708","tract",2019,"transportation_state_rnk",38.1716
"01097003709","tract",2019,"transportation_state_rnk",42.0711
"01097003710","tract",2019,"transportation_state_rnk",52.1664
"01097003800","tract",2019,"transportation_state_rnk",87.8683
"01097003901","tract",2019,"transportation_state_rnk",91.3778
"01097003902","tract",2019,"transportation_state_rnk",97.9203
"01097004000","tract",2019,"transportation_state_rnk",82.409
"01097004100","tract",2019,"transportation_state_rnk",85.6586
"01097004800","tract",2019,"transportation_state_rnk",95.5806
"01097004900","tract",2019,"transportation_state_rnk",61.8284
"01097005000","tract",2019,"transportation_state_rnk",52.5563
"01097005100","tract",2019,"transportation_state_rnk",71.8371
"01097005200","tract",2019,"transportation_state_rnk",71.0572
"01097005300","tract",2019,"transportation_state_rnk",14.6447
"01097005400","tract",2019,"transportation_state_rnk",41.2045
"01097005500","tract",2019,"transportation_state_rnk",65.6412
"01097005600","tract",2019,"transportation_state_rnk",22.8769
"01097005700","tract",2019,"transportation_state_rnk",6.1092
"01097005800","tract",2019,"transportation_state_rnk",65.9445
"01097005900","tract",2019,"transportation_state_rnk",24.6101
"01097006000","tract",2019,"transportation_state_rnk",44.1075
"01097006102","tract",2019,"transportation_state_rnk",38.7782
"01097006103","tract",2019,"transportation_state_rnk",9.1421
"01097006104","tract",2019,"transportation_state_rnk",54.9827
"01097006105","tract",2019,"transportation_state_rnk",61.6984
"01097006200","tract",2019,"transportation_state_rnk",29.7227
"01097006301","tract",2019,"transportation_state_rnk",59.662
"01097006302","tract",2019,"transportation_state_rnk",36.6551
"01097006402","tract",2019,"transportation_state_rnk",62.9549
"01097006403","tract",2019,"transportation_state_rnk",50.8232
"01097006404","tract",2019,"transportation_state_rnk",53.4662
"01097006405","tract",2019,"transportation_state_rnk",63.7782
"01097006406","tract",2019,"transportation_state_rnk",42.591
"01097006407","tract",2019,"transportation_state_rnk",30.7192
"01097006501","tract",2019,"transportation_state_rnk",60.3553
"01097006502","tract",2019,"transportation_state_rnk",29.9393
"01097006600","tract",2019,"transportation_state_rnk",15.9445
"01097006701","tract",2019,"transportation_state_rnk",62.0017
"01097006702","tract",2019,"transportation_state_rnk",7.7556
"01097006801","tract",2019,"transportation_state_rnk",9.1421
"01097006802","tract",2019,"transportation_state_rnk",42.591
"01097006901","tract",2019,"transportation_state_rnk",79.7227
"01097006902","tract",2019,"transportation_state_rnk",57.0624
"01097007000","tract",2019,"transportation_state_rnk",22.8769
"01097007101","tract",2019,"transportation_state_rnk",30.7192
"01097007102","tract",2019,"transportation_state_rnk",83.9688
"01097007103","tract",2019,"transportation_state_rnk",16.5945
"01097007201","tract",2019,"transportation_state_rnk",56.7158
"01097007202","tract",2019,"transportation_state_rnk",78.5962
"01097007300","tract",2019,"transportation_state_rnk",65.208
"01097007400","tract",2019,"transportation_state_rnk",39.3414
"01097007500","tract",2019,"transportation_state_rnk",92.9809
"01097007600","tract",2019,"transportation_state_rnk",62.435
"01097007700","tract",2019,"transportation_state_rnk",81.5858
"01097990000","tract",2019,"transportation_state_rnk",NA
"01099075600","tract",2019,"transportation_state_rnk",92.0711
"01099075700","tract",2019,"transportation_state_rnk",89.1681
"01099075800","tract",2019,"transportation_state_rnk",71.4038
"01099075900","tract",2019,"transportation_state_rnk",21.9671
"01099076000","tract",2019,"transportation_state_rnk",79.4627
"01099076100","tract",2019,"transportation_state_rnk",32.1924
"01099076200","tract",2019,"transportation_state_rnk",13.6915
"01101000100","tract",2019,"transportation_state_rnk",99.5667
"01101000200","tract",2019,"transportation_state_rnk",NA
"01101000300","tract",2019,"transportation_state_rnk",99.6534
"01101000400","tract",2019,"transportation_state_rnk",50.4766
"01101000500","tract",2019,"transportation_state_rnk",96.9671
"01101000600","tract",2019,"transportation_state_rnk",99.1334
"01101000700","tract",2019,"transportation_state_rnk",99.4801
"01101000900","tract",2019,"transportation_state_rnk",NA
"01101001000","tract",2019,"transportation_state_rnk",96.2738
"01101001100","tract",2019,"transportation_state_rnk",99.0468
"01101001200","tract",2019,"transportation_state_rnk",93.1542
"01101001300","tract",2019,"transportation_state_rnk",57.5823
"01101001400","tract",2019,"transportation_state_rnk",77.7296
"01101001500","tract",2019,"transportation_state_rnk",NA
"01101001600","tract",2019,"transportation_state_rnk",89.0815
"01101001700","tract",2019,"transportation_state_rnk",47.5737
"01101001800","tract",2019,"transportation_state_rnk",92.201
"01101001900","tract",2019,"transportation_state_rnk",6.6724
"01101002000","tract",2019,"transportation_state_rnk",89.4281
"01101002100","tract",2019,"transportation_state_rnk",91.0745
"01101002201","tract",2019,"transportation_state_rnk",77.5563
"01101002202","tract",2019,"transportation_state_rnk",88.3882
"01101002300","tract",2019,"transportation_state_rnk",53.2496
"01101002400","tract",2019,"transportation_state_rnk",73.7868
"01101002500","tract",2019,"transportation_state_rnk",54.2461
"01101002600","tract",2019,"transportation_state_rnk",33.9255
"01101002700","tract",2019,"transportation_state_rnk",0.26
"01101002800","tract",2019,"transportation_state_rnk",94.4974
"01101002900","tract",2019,"transportation_state_rnk",17.591
"01101003000","tract",2019,"transportation_state_rnk",98.7868
"01101003100","tract",2019,"transportation_state_rnk",51.8198
"01101003200","tract",2019,"transportation_state_rnk",90.5546
"01101003301","tract",2019,"transportation_state_rnk",71.6638
"01101003302","tract",2019,"transportation_state_rnk",19.8007
"01101005101","tract",2019,"transportation_state_rnk",6.2825
"01101005102","tract",2019,"transportation_state_rnk",25.3899
"01101005301","tract",2019,"transportation_state_rnk",98.0069
"01101005302","tract",2019,"transportation_state_rnk",22.5737
"01101005402","tract",2019,"transportation_state_rnk",73.7868
"01101005403","tract",2019,"transportation_state_rnk",70.6239
"01101005406","tract",2019,"transportation_state_rnk",30.1993
"01101005407","tract",2019,"transportation_state_rnk",58.1023
"01101005408","tract",2019,"transportation_state_rnk",8.6655
"01101005409","tract",2019,"transportation_state_rnk",85.8752
"01101005410","tract",2019,"transportation_state_rnk",26.7764
"01101005501","tract",2019,"transportation_state_rnk",72.9636
"01101005502","tract",2019,"transportation_state_rnk",3.3795
"01101005503","tract",2019,"transportation_state_rnk",12.1317
"01101005504","tract",2019,"transportation_state_rnk",12.7816
"01101005603","tract",2019,"transportation_state_rnk",94.6274
"01101005604","tract",2019,"transportation_state_rnk",27.1231
"01101005605","tract",2019,"transportation_state_rnk",41.2045
"01101005606","tract",2019,"transportation_state_rnk",69.4107
"01101005607","tract",2019,"transportation_state_rnk",49.0468
"01101005608","tract",2019,"transportation_state_rnk",0.4333
"01101005609","tract",2019,"transportation_state_rnk",15.9445
"01101005610","tract",2019,"transportation_state_rnk",23.2669
"01101005611","tract",2019,"transportation_state_rnk",33.2756
"01101005612","tract",2019,"transportation_state_rnk",21.5771
"01101005700","tract",2019,"transportation_state_rnk",40.8579
"01101005800","tract",2019,"transportation_state_rnk",78.4662
"01101005901","tract",2019,"transportation_state_rnk",3.5529
"01101005902","tract",2019,"transportation_state_rnk",77.2964
"01101006000","tract",2019,"transportation_state_rnk",34.3588
"01101006100","tract",2019,"transportation_state_rnk",82.0191
"01103000100","tract",2019,"transportation_state_rnk",64.4714
"01103000200","tract",2019,"transportation_state_rnk",0.0867
"01103000300","tract",2019,"transportation_state_rnk",1.6464
"01103000400","tract",2019,"transportation_state_rnk",47.1837
"01103000600","tract",2019,"transportation_state_rnk",93.8475
"01103000700","tract",2019,"transportation_state_rnk",80.6326
"01103000800","tract",2019,"transportation_state_rnk",26.0832
"01103000900","tract",2019,"transportation_state_rnk",38.3882
"01103001000","tract",2019,"transportation_state_rnk",4.2461
"01103005101","tract",2019,"transportation_state_rnk",31.7591
"01103005103","tract",2019,"transportation_state_rnk",11.9584
"01103005105","tract",2019,"transportation_state_rnk",7.1924
"01103005106","tract",2019,"transportation_state_rnk",27.9029
"01103005107","tract",2019,"transportation_state_rnk",2.643
"01103005108","tract",2019,"transportation_state_rnk",63.2582
"01103005109","tract",2019,"transportation_state_rnk",66.5511
"01103005200","tract",2019,"transportation_state_rnk",5.5893
"01103005301","tract",2019,"transportation_state_rnk",5.8925
"01103005302","tract",2019,"transportation_state_rnk",7.1057
"01103005303","tract",2019,"transportation_state_rnk",66.1612
"01103005304","tract",2019,"transportation_state_rnk",1.7764
"01103005404","tract",2019,"transportation_state_rnk",3.1629
"01103005405","tract",2019,"transportation_state_rnk",56.3692
"01103005500","tract",2019,"transportation_state_rnk",17.721
"01103005600","tract",2019,"transportation_state_rnk",20.104
"01103005701","tract",2019,"transportation_state_rnk",31.3258
"01103005702","tract",2019,"transportation_state_rnk",49.0468
"01105686800","tract",2019,"transportation_state_rnk",75.3899
"01105687000","tract",2019,"transportation_state_rnk",74.1334
"01105687100","tract",2019,"transportation_state_rnk",87.7816
"01107050000","tract",2019,"transportation_state_rnk",76.1265
"01107050100","tract",2019,"transportation_state_rnk",83.4489
"01107050200","tract",2019,"transportation_state_rnk",40.5113
"01107050300","tract",2019,"transportation_state_rnk",75.8666
"01107050400","tract",2019,"transportation_state_rnk",68.3709
"01109188600","tract",2019,"transportation_state_rnk",21.1438
"01109188700","tract",2019,"transportation_state_rnk",50.26
"01109188800","tract",2019,"transportation_state_rnk",10.052
"01109188900","tract",2019,"transportation_state_rnk",90.078
"01109189000","tract",2019,"transportation_state_rnk",93.7608
"01109189100","tract",2019,"transportation_state_rnk",95.4073
"01109189200","tract",2019,"transportation_state_rnk",11.3518
"01109189300","tract",2019,"transportation_state_rnk",47.0537
"01111000100","tract",2019,"transportation_state_rnk",48.6135
"01111000200","tract",2019,"transportation_state_rnk",47.8336
"01111000300","tract",2019,"transportation_state_rnk",66.5511
"01111000400","tract",2019,"transportation_state_rnk",35.312
"01111000500","tract",2019,"transportation_state_rnk",8.0156
"01111000600","tract",2019,"transportation_state_rnk",48.0936
"01113030200","tract",2019,"transportation_state_rnk",95.3206
"01113030300","tract",2019,"transportation_state_rnk",84.2721
"01113030401","tract",2019,"transportation_state_rnk",51.5165
"01113030402","tract",2019,"transportation_state_rnk",58.8821
"01113030500","tract",2019,"transportation_state_rnk",81.7591
"01113030600","tract",2019,"transportation_state_rnk",80.9359
"01113030700","tract",2019,"transportation_state_rnk",86.9584
"01113030800","tract",2019,"transportation_state_rnk",78.7262
"01113030901","tract",2019,"transportation_state_rnk",71.2305
"01113030902","tract",2019,"transportation_state_rnk",43.0243
"01113031000","tract",2019,"transportation_state_rnk",55.1993
"01113031100","tract",2019,"transportation_state_rnk",84.4021
"01113031200","tract",2019,"transportation_state_rnk",27.1231
"01115040103","tract",2019,"transportation_state_rnk",5.286
"01115040104","tract",2019,"transportation_state_rnk",48.0936
"01115040105","tract",2019,"transportation_state_rnk",25.6499
"01115040106","tract",2019,"transportation_state_rnk",12.4783
"01115040201","tract",2019,"transportation_state_rnk",56.4991
"01115040203","tract",2019,"transportation_state_rnk",72.0971
"01115040204","tract",2019,"transportation_state_rnk",9.3588
"01115040205","tract",2019,"transportation_state_rnk",61.3518
"01115040300","tract",2019,"transportation_state_rnk",47.5737
"01115040401","tract",2019,"transportation_state_rnk",62.7383
"01115040402","tract",2019,"transportation_state_rnk",52.9896
"01115040501","tract",2019,"transportation_state_rnk",37.3917
"01115040502","tract",2019,"transportation_state_rnk",48.7868
"01117030102","tract",2019,"transportation_state_rnk",75.13
"01117030103","tract",2019,"transportation_state_rnk",43.8042
"01117030211","tract",2019,"transportation_state_rnk",17.3744
"01117030212","tract",2019,"transportation_state_rnk",56.3692
"01117030213","tract",2019,"transportation_state_rnk",49.3501
"01117030214","tract",2019,"transportation_state_rnk",41.0312
"01117030215","tract",2019,"transportation_state_rnk",45.7539
"01117030216","tract",2019,"transportation_state_rnk",37.9549
"01117030217","tract",2019,"transportation_state_rnk",54.7227
"01117030303","tract",2019,"transportation_state_rnk",39.9047
"01117030304","tract",2019,"transportation_state_rnk",4.2461
"01117030305","tract",2019,"transportation_state_rnk",44.4974
"01117030306","tract",2019,"transportation_state_rnk",46.0139
"01117030314","tract",2019,"transportation_state_rnk",60.3553
"01117030315","tract",2019,"transportation_state_rnk",34.9653
"01117030316","tract",2019,"transportation_state_rnk",63.5182
"01117030317","tract",2019,"transportation_state_rnk",47.5737
"01117030319","tract",2019,"transportation_state_rnk",74.9133
"01117030320","tract",2019,"transportation_state_rnk",25.4766
"01117030330","tract",2019,"transportation_state_rnk",8.3189
"01117030331","tract",2019,"transportation_state_rnk",2.9463
"01117030332","tract",2019,"transportation_state_rnk",45.0173
"01117030333","tract",2019,"transportation_state_rnk",37.3917
"01117030334","tract",2019,"transportation_state_rnk",9.8354
"01117030336","tract",2019,"transportation_state_rnk",26.3865
"01117030337","tract",2019,"transportation_state_rnk",28.8995
"01117030340","tract",2019,"transportation_state_rnk",30.1993
"01117030341","tract",2019,"transportation_state_rnk",66.2912
"01117030342","tract",2019,"transportation_state_rnk",4.8094
"01117030344","tract",2019,"transportation_state_rnk",37.3917
"01117030345","tract",2019,"transportation_state_rnk",21.8371
"01117030405","tract",2019,"transportation_state_rnk",89.8614
"01117030406","tract",2019,"transportation_state_rnk",82.9289
"01117030407","tract",2019,"transportation_state_rnk",NA
"01117030408","tract",2019,"transportation_state_rnk",83.8388
"01117030501","tract",2019,"transportation_state_rnk",55.5893
"01117030502","tract",2019,"transportation_state_rnk",13.3882
"01117030604","tract",2019,"transportation_state_rnk",44.4974
"01117030605","tract",2019,"transportation_state_rnk",49.0468
"01117030607","tract",2019,"transportation_state_rnk",22.5737
"01117030608","tract",2019,"transportation_state_rnk",25.0433
"01117030609","tract",2019,"transportation_state_rnk",57.279
"01117030701","tract",2019,"transportation_state_rnk",49.5667
"01117030703","tract",2019,"transportation_state_rnk",50.8232
"01117030704","tract",2019,"transportation_state_rnk",29.9393
"01117030800","tract",2019,"transportation_state_rnk",29.1594
"01117030900","tract",2019,"transportation_state_rnk",65.338
"01117980000","tract",2019,"transportation_state_rnk",NA
"01119011300","tract",2019,"transportation_state_rnk",87.0884
"01119011400","tract",2019,"transportation_state_rnk",88.8648
"01119011500","tract",2019,"transportation_state_rnk",40.338
"01119011600","tract",2019,"transportation_state_rnk",69.844
"01121010101","tract",2019,"transportation_state_rnk",22.2704
"01121010102","tract",2019,"transportation_state_rnk",19.2808
"01121010201","tract",2019,"transportation_state_rnk",35.7452
"01121010202","tract",2019,"transportation_state_rnk",29.7227
"01121010301","tract",2019,"transportation_state_rnk",55.7626
"01121010302","tract",2019,"transportation_state_rnk",11.3518
"01121010400","tract",2019,"transportation_state_rnk",6.6724
"01121010500","tract",2019,"transportation_state_rnk",98.5269
"01121010600","tract",2019,"transportation_state_rnk",87.4783
"01121010700","tract",2019,"transportation_state_rnk",NA
"01121010900","tract",2019,"transportation_state_rnk",90.4679
"01121011000","tract",2019,"transportation_state_rnk",9.9653
"01121011100","tract",2019,"transportation_state_rnk",21.2738
"01121011200","tract",2019,"transportation_state_rnk",91.9411
"01121011300","tract",2019,"transportation_state_rnk",93.6742
"01121011400","tract",2019,"transportation_state_rnk",89.6014
"01121011500","tract",2019,"transportation_state_rnk",6.9757
"01121011600","tract",2019,"transportation_state_rnk",40.1213
"01121011700","tract",2019,"transportation_state_rnk",80.0693
"01121011800","tract",2019,"transportation_state_rnk",87.6083
"01121011900","tract",2019,"transportation_state_rnk",74.6101
"01121012000","tract",2019,"transportation_state_rnk",28.4662
"01123961900","tract",2019,"transportation_state_rnk",18.2409
"01123962000","tract",2019,"transportation_state_rnk",73.6135
"01123962100","tract",2019,"transportation_state_rnk",71.7504
"01123962200","tract",2019,"transportation_state_rnk",39.9047
"01123962300","tract",2019,"transportation_state_rnk",36.9151
"01123962400","tract",2019,"transportation_state_rnk",56.8891
"01123962501","tract",2019,"transportation_state_rnk",54.7227
"01123962502","tract",2019,"transportation_state_rnk",73.6135
"01123962600","tract",2019,"transportation_state_rnk",89.6014
"01123962700","tract",2019,"transportation_state_rnk",51.2132
"01125010101","tract",2019,"transportation_state_rnk",49.0468
"01125010102","tract",2019,"transportation_state_rnk",1.1698
"01125010103","tract",2019,"transportation_state_rnk",30.5026
"01125010201","tract",2019,"transportation_state_rnk",17.721
"01125010202","tract",2019,"transportation_state_rnk",6.9757
"01125010203","tract",2019,"transportation_state_rnk",46.8804
"01125010204","tract",2019,"transportation_state_rnk",32.539
"01125010301","tract",2019,"transportation_state_rnk",20.5373
"01125010302","tract",2019,"transportation_state_rnk",50.8232
"01125010303","tract",2019,"transportation_state_rnk",57.799
"01125010403","tract",2019,"transportation_state_rnk",77.9896
"01125010404","tract",2019,"transportation_state_rnk",89.2548
"01125010405","tract",2019,"transportation_state_rnk",5.1993
"01125010406","tract",2019,"transportation_state_rnk",4.636
"01125010407","tract",2019,"transportation_state_rnk",18.9341
"01125010500","tract",2019,"transportation_state_rnk",74.9133
"01125010601","tract",2019,"transportation_state_rnk",44.1075
"01125010602","tract",2019,"transportation_state_rnk",51.3432
"01125010701","tract",2019,"transportation_state_rnk",20.3206
"01125010702","tract",2019,"transportation_state_rnk",44.714
"01125010703","tract",2019,"transportation_state_rnk",38.3882
"01125010802","tract",2019,"transportation_state_rnk",29.3761
"01125010803","tract",2019,"transportation_state_rnk",78.8562
"01125010804","tract",2019,"transportation_state_rnk",54.2461
"01125011200","tract",2019,"transportation_state_rnk",NA
"01125011401","tract",2019,"transportation_state_rnk",NA
"01125011402","tract",2019,"transportation_state_rnk",87.175
"01125011600","tract",2019,"transportation_state_rnk",89.6014
"01125011701","tract",2019,"transportation_state_rnk",94.0208
"01125011703","tract",2019,"transportation_state_rnk",63.9515
"01125011800","tract",2019,"transportation_state_rnk",82.4957
"01125011901","tract",2019,"transportation_state_rnk",41.7244
"01125011902","tract",2019,"transportation_state_rnk",95.7539
"01125012000","tract",2019,"transportation_state_rnk",70.4073
"01125012100","tract",2019,"transportation_state_rnk",33.9255
"01125012303","tract",2019,"transportation_state_rnk",91.6811
"01125012304","tract",2019,"transportation_state_rnk",49.0468
"01125012305","tract",2019,"transportation_state_rnk",50.26
"01125012403","tract",2019,"transportation_state_rnk",70.1906
"01125012404","tract",2019,"transportation_state_rnk",68.0676
"01125012405","tract",2019,"transportation_state_rnk",79.3761
"01125012501","tract",2019,"transportation_state_rnk",62.435
"01125012502","tract",2019,"transportation_state_rnk",55.3726
"01125012503","tract",2019,"transportation_state_rnk",7.4957
"01125012600","tract",2019,"transportation_state_rnk",65.9445
"01125012700","tract",2019,"transportation_state_rnk",9.2721
"01125012800","tract",2019,"transportation_state_rnk",86.2218
"01127020100","tract",2019,"transportation_state_rnk",86.3951
"01127020200","tract",2019,"transportation_state_rnk",67.6776
"01127020300","tract",2019,"transportation_state_rnk",64.2548
"01127020400","tract",2019,"transportation_state_rnk",67.331
"01127020600","tract",2019,"transportation_state_rnk",5.5893
"01127020700","tract",2019,"transportation_state_rnk",18.2409
"01127020800","tract",2019,"transportation_state_rnk",8.6655
"01127020900","tract",2019,"transportation_state_rnk",32.7556
"01127021000","tract",2019,"transportation_state_rnk",37.3917
"01127021100","tract",2019,"transportation_state_rnk",80.156
"01127021200","tract",2019,"transportation_state_rnk",43.0243
"01127021300","tract",2019,"transportation_state_rnk",36.1352
"01127021400","tract",2019,"transportation_state_rnk",34.9653
"01127021500","tract",2019,"transportation_state_rnk",78.7262
"01127021600","tract",2019,"transportation_state_rnk",67.6776
"01127021700","tract",2019,"transportation_state_rnk",84.5754
"01127021800","tract",2019,"transportation_state_rnk",55.3726
"01127021900","tract",2019,"transportation_state_rnk",83.6655
"01129043900","tract",2019,"transportation_state_rnk",69.6707
"01129044000","tract",2019,"transportation_state_rnk",77.4697
"01129044100","tract",2019,"transportation_state_rnk",24.6101
"01129044200","tract",2019,"transportation_state_rnk",37.7816
"01129044300","tract",2019,"transportation_state_rnk",45.0173
"01131034700","tract",2019,"transportation_state_rnk",75.6932
"01131034800","tract",2019,"transportation_state_rnk",57.5823
"01131035100","tract",2019,"transportation_state_rnk",39.3414
"01131035200","tract",2019,"transportation_state_rnk",81.0225
"01133965501","tract",2019,"transportation_state_rnk",58.8821
"01133965502","tract",2019,"transportation_state_rnk",76.7331
"01133965503","tract",2019,"transportation_state_rnk",81.1958
"01133965600","tract",2019,"transportation_state_rnk",61.0052
"01133965700","tract",2019,"transportation_state_rnk",63.7782
"01133965800","tract",2019,"transportation_state_rnk",77.9896
"01133965900","tract",2019,"transportation_state_rnk",77.643
