"geoid","geolevel","year","level","value"
"27001770100","tract",2019,"transportation_score",91.05
"27001770200","tract",2019,"transportation_score",90.73
"27001770300","tract",2019,"transportation_score",92.93
"27001770400","tract",2019,"transportation_score",91.51
"27001790501","tract",2019,"transportation_score",91.96
"27001790502","tract",2019,"transportation_score",90.88
"27003050107","tract",2019,"transportation_score",88.74
"27003050108","tract",2019,"transportation_score",90.39
"27003050109","tract",2019,"transportation_score",88.73
"27003050110","tract",2019,"transportation_score",86.79
"27003050111","tract",2019,"transportation_score",87.76
"27003050114","tract",2019,"transportation_score",88.1
"27003050115","tract",2019,"transportation_score",92.3
"27003050116","tract",2019,"transportation_score",87.21
"27003050208","tract",2019,"transportation_score",87.99
"27003050210","tract",2019,"transportation_score",88.24
"27003050215","tract",2019,"transportation_score",88.33
"27003050216","tract",2019,"transportation_score",89.04
"27003050217","tract",2019,"transportation_score",87.63
"27003050218","tract",2019,"transportation_score",91.37
"27003050219","tract",2019,"transportation_score",88.38
"27003050220","tract",2019,"transportation_score",93.07
"27003050221","tract",2019,"transportation_score",93.59
"27003050222","tract",2019,"transportation_score",93.35
"27003050223","tract",2019,"transportation_score",90.95
"27003050224","tract",2019,"transportation_score",90.27
"27003050225","tract",2019,"transportation_score",89.44
"27003050226","tract",2019,"transportation_score",90.11
"27003050227","tract",2019,"transportation_score",91.28
"27003050228","tract",2019,"transportation_score",89.91
"27003050229","tract",2019,"transportation_score",93.31
"27003050230","tract",2019,"transportation_score",87.78
"27003050232","tract",2019,"transportation_score",92.55
"27003050233","tract",2019,"transportation_score",89.51
"27003050234","tract",2019,"transportation_score",88.92
"27003050235","tract",2019,"transportation_score",88.61
"27003050236","tract",2019,"transportation_score",89.3
"27003050237","tract",2019,"transportation_score",91.86
"27003050401","tract",2019,"transportation_score",95.18
"27003050402","tract",2019,"transportation_score",98.58
"27003050501","tract",2019,"transportation_score",99.69
"27003050504","tract",2019,"transportation_score",92.8
"27003050505","tract",2019,"transportation_score",94.64
"27003050602","tract",2019,"transportation_score",93.25
"27003050605","tract",2019,"transportation_score",93.93
"27003050606","tract",2019,"transportation_score",95.98
"27003050607","tract",2019,"transportation_score",95.88
"27003050608","tract",2019,"transportation_score",94.97
"27003050609","tract",2019,"transportation_score",91.39
"27003050610","tract",2019,"transportation_score",95.69
"27003050702","tract",2019,"transportation_score",91.61
"27003050704","tract",2019,"transportation_score",93.38
"27003050706","tract",2019,"transportation_score",94.04
"27003050707","tract",2019,"transportation_score",91.54
"27003050709","tract",2019,"transportation_score",91.13
"27003050710","tract",2019,"transportation_score",95.98
"27003050711","tract",2019,"transportation_score",92.04
"27003050712","tract",2019,"transportation_score",97.33
"27003050805","tract",2019,"transportation_score",92.04
"27003050806","tract",2019,"transportation_score",94.19
"27003050807","tract",2019,"transportation_score",96.15
"27003050808","tract",2019,"transportation_score",93.89
"27003050809","tract",2019,"transportation_score",92.27
"27003050810","tract",2019,"transportation_score",95.64
"27003050811","tract",2019,"transportation_score",92.41
"27003050813","tract",2019,"transportation_score",92.97
"27003050816","tract",2019,"transportation_score",91.95
"27003050818","tract",2019,"transportation_score",93.85
"27003050819","tract",2019,"transportation_score",93.9
"27003050820","tract",2019,"transportation_score",91.91
"27003050821","tract",2019,"transportation_score",94.99
"27003050901","tract",2019,"transportation_score",98.03
"27003050902","tract",2019,"transportation_score",92.31
"27003051001","tract",2019,"transportation_score",91.34
"27003051002","tract",2019,"transportation_score",95.03
"27003051101","tract",2019,"transportation_score",95.08
"27003051102","tract",2019,"transportation_score",97.93
"27003051103","tract",2019,"transportation_score",97.42
"27003051201","tract",2019,"transportation_score",98.38
"27003051202","tract",2019,"transportation_score",98.03
"27003051203","tract",2019,"transportation_score",95.82
"27003051206","tract",2019,"transportation_score",98.2
"27003051302","tract",2019,"transportation_score",98.61
"27003051304","tract",2019,"transportation_score",95.87
"27003051305","tract",2019,"transportation_score",102.25
"27003051400","tract",2019,"transportation_score",95.22
"27003051501","tract",2019,"transportation_score",107.72
"27003051502","tract",2019,"transportation_score",99.15
"27003051600","tract",2019,"transportation_score",87.89
"27005450100","tract",2019,"transportation_score",89.42
"27005450200","tract",2019,"transportation_score",91.42
"27005450300","tract",2019,"transportation_score",87.4
"27005450400","tract",2019,"transportation_score",89.64
"27005450500","tract",2019,"transportation_score",95.16
"27005450600","tract",2019,"transportation_score",101.31
"27005450700","tract",2019,"transportation_score",88.09
"27005450800","tract",2019,"transportation_score",88.72
"27005450900","tract",2019,"transportation_score",89.04
"27005940000","tract",2019,"transportation_score",91.88
"27007450100","tract",2019,"transportation_score",89.79
"27007450200","tract",2019,"transportation_score",91.43
"27007450300","tract",2019,"transportation_score",89.11
"27007450400","tract",2019,"transportation_score",92.51
"27007450500","tract",2019,"transportation_score",93.24
"27007450600","tract",2019,"transportation_score",96.87
"27007450701","tract",2019,"transportation_score",94.94
"27007450702","tract",2019,"transportation_score",96.26
"27007940001","tract",2019,"transportation_score",99.52
"27007940002","tract",2019,"transportation_score",93.04
"27009020100","tract",2019,"transportation_score",89.95
"27009020202","tract",2019,"transportation_score",90.13
"27009020203","tract",2019,"transportation_score",89.03
"27009020205","tract",2019,"transportation_score",86.29
"27009020206","tract",2019,"transportation_score",91.46
"27009020300","tract",2019,"transportation_score",86.81
"27009021101","tract",2019,"transportation_score",96.23
"27009021102","tract",2019,"transportation_score",90.95
"27009021200","tract",2019,"transportation_score",100.32
"27011950100","tract",2019,"transportation_score",92.47
"27011950200","tract",2019,"transportation_score",90.91
"27011950300","tract",2019,"transportation_score",89.79
"27013170100","tract",2019,"transportation_score",87.18
"27013170200","tract",2019,"transportation_score",87.66
"27013170300","tract",2019,"transportation_score",94.91
"27013170400","tract",2019,"transportation_score",97.9
"27013170500","tract",2019,"transportation_score",97.54
"27013170600","tract",2019,"transportation_score",103.7
"27013170700","tract",2019,"transportation_score",104.26
"27013170800","tract",2019,"transportation_score",93.48
"27013170900","tract",2019,"transportation_score",87.33
"27013171000","tract",2019,"transportation_score",88.69
"27013171101","tract",2019,"transportation_score",NA
"27013171202","tract",2019,"transportation_score",101.44
"27013171300","tract",2019,"transportation_score",87
"27013171400","tract",2019,"transportation_score",90.15
"27013171500","tract",2019,"transportation_score",91.05
"27013171600","tract",2019,"transportation_score",95.05
"27015960101","tract",2019,"transportation_score",98.1
"27015960102","tract",2019,"transportation_score",90.24
"27015960200","tract",2019,"transportation_score",95.1
"27015960300","tract",2019,"transportation_score",94.64
"27015960400","tract",2019,"transportation_score",87.39
"27015960500","tract",2019,"transportation_score",89.75
"27015960600","tract",2019,"transportation_score",90.51
"27015960700","tract",2019,"transportation_score",88.12
"27017070100","tract",2019,"transportation_score",88.44
"27017070200","tract",2019,"transportation_score",92.23
"27017070300","tract",2019,"transportation_score",86.97
"27017070400","tract",2019,"transportation_score",88.42
"27017070500","tract",2019,"transportation_score",91.39
"27017070600","tract",2019,"transportation_score",89.84
"27017940000","tract",2019,"transportation_score",89.15
"27019090100","tract",2019,"transportation_score",92.2
"27019090200","tract",2019,"transportation_score",88.66
"27019090301","tract",2019,"transportation_score",91.31
"27019090302","tract",2019,"transportation_score",89.25
"27019090401","tract",2019,"transportation_score",91.28
"27019090402","tract",2019,"transportation_score",88.82
"27019090501","tract",2019,"transportation_score",88.16
"27019090502","tract",2019,"transportation_score",90.42
"27019090503","tract",2019,"transportation_score",90.67
"27019090601","tract",2019,"transportation_score",90.62
"27019090602","tract",2019,"transportation_score",91.72
"27019090701","tract",2019,"transportation_score",91.7
"27019090702","tract",2019,"transportation_score",90.88
"27019090800","tract",2019,"transportation_score",93.18
"27019090900","tract",2019,"transportation_score",91.64
"27019091000","tract",2019,"transportation_score",94.42
"27019091100","tract",2019,"transportation_score",90.1
"27019091201","tract",2019,"transportation_score",90.51
"27019091202","tract",2019,"transportation_score",90.01
"27021940001","tract",2019,"transportation_score",92.99
"27021940002","tract",2019,"transportation_score",96.94
"27021960100","tract",2019,"transportation_score",94.03
"27021960200","tract",2019,"transportation_score",93
"27021960301","tract",2019,"transportation_score",95.55
"27021960302","tract",2019,"transportation_score",92.74
"27021960600","tract",2019,"transportation_score",92.04
"27021960700","tract",2019,"transportation_score",91.22
"27021960801","tract",2019,"transportation_score",88.95
"27021960802","tract",2019,"transportation_score",89.38
"27023950300","tract",2019,"transportation_score",91.31
"27023950400","tract",2019,"transportation_score",88.95
"27023950500","tract",2019,"transportation_score",89.92
"27023950600","tract",2019,"transportation_score",99.64
"27025110100","tract",2019,"transportation_score",89.73
"27025110200","tract",2019,"transportation_score",90.05
"27025110301","tract",2019,"transportation_score",89.64
"27025110302","tract",2019,"transportation_score",92.69
"27025110401","tract",2019,"transportation_score",88.38
"27025110402","tract",2019,"transportation_score",90.18
"27025110501","tract",2019,"transportation_score",92.62
"27025110502","tract",2019,"transportation_score",93.87
"27025110600","tract",2019,"transportation_score",88.37
"27025110700","tract",2019,"transportation_score",90.38
"27027020100","tract",2019,"transportation_score",91.11
"27027020202","tract",2019,"transportation_score",92.64
"27027020300","tract",2019,"transportation_score",98.44
"27027020400","tract",2019,"transportation_score",NA
"27027020500","tract",2019,"transportation_score",89.71
"27027020600","tract",2019,"transportation_score",95.15
"27027030102","tract",2019,"transportation_score",90.37
"27027030103","tract",2019,"transportation_score",92.01
"27027030104","tract",2019,"transportation_score",88.24
"27027030106","tract",2019,"transportation_score",88.01
"27027030107","tract",2019,"transportation_score",90.77
"27027030201","tract",2019,"transportation_score",89.9
"27027030202","tract",2019,"transportation_score",90.66
"27029000100","tract",2019,"transportation_score",90.75
"27029000200","tract",2019,"transportation_score",91.66
"27029000300","tract",2019,"transportation_score",92.6
"27031480100","tract",2019,"transportation_score",92.77
"27031480200","tract",2019,"transportation_score",99.52
"27031990000","tract",2019,"transportation_score",NA
"27033270100","tract",2019,"transportation_score",90.27
"27033270200","tract",2019,"transportation_score",88.55
"27033270300","tract",2019,"transportation_score",89.36
"27033270400","tract",2019,"transportation_score",91.41
"27035950100","tract",2019,"transportation_score",89.73
"27035950204","tract",2019,"transportation_score",91.33
"27035950400","tract",2019,"transportation_score",88.71
"27035950501","tract",2019,"transportation_score",88.41
"27035950502","tract",2019,"transportation_score",90.51
"27035950700","tract",2019,"transportation_score",93.45
"27035950800","tract",2019,"transportation_score",88.61
"27035950900","tract",2019,"transportation_score",87.92
"27035951000","tract",2019,"transportation_score",89.58
"27035951100","tract",2019,"transportation_score",96.28
"27035951200","tract",2019,"transportation_score",93.14
"27035951301","tract",2019,"transportation_score",88.65
"27035951302","tract",2019,"transportation_score",91.36
"27035951400","tract",2019,"transportation_score",86.88
"27035951600","tract",2019,"transportation_score",91.87
"27035951700","tract",2019,"transportation_score",90.49
"27037060101","tract",2019,"transportation_score",93.55
"27037060102","tract",2019,"transportation_score",100.8
"27037060103","tract",2019,"transportation_score",91.87
"27037060104","tract",2019,"transportation_score",104.3
"27037060105","tract",2019,"transportation_score",104.78
"27037060201","tract",2019,"transportation_score",89.5
"27037060202","tract",2019,"transportation_score",95.12
"27037060301","tract",2019,"transportation_score",95.76
"27037060302","tract",2019,"transportation_score",94.29
"27037060401","tract",2019,"transportation_score",95.13
"27037060402","tract",2019,"transportation_score",90.5
"27037060502","tract",2019,"transportation_score",93.15
"27037060503","tract",2019,"transportation_score",93.33
"27037060505","tract",2019,"transportation_score",94.41
"27037060506","tract",2019,"transportation_score",94.62
"27037060507","tract",2019,"transportation_score",91.88
"27037060508","tract",2019,"transportation_score",86.97
"27037060509","tract",2019,"transportation_score",92.38
"27037060603","tract",2019,"transportation_score",92.8
"27037060604","tract",2019,"transportation_score",91.49
"27037060605","tract",2019,"transportation_score",89.04
"27037060606","tract",2019,"transportation_score",92.39
"27037060709","tract",2019,"transportation_score",93.85
"27037060710","tract",2019,"transportation_score",96.19
"27037060711","tract",2019,"transportation_score",100.75
"27037060713","tract",2019,"transportation_score",97.03
"27037060714","tract",2019,"transportation_score",95.03
"27037060716","tract",2019,"transportation_score",92.29
"27037060717","tract",2019,"transportation_score",92.88
"27037060721","tract",2019,"transportation_score",97.15
"27037060725","tract",2019,"transportation_score",96.54
"27037060726","tract",2019,"transportation_score",93.75
"27037060727","tract",2019,"transportation_score",95.91
"27037060728","tract",2019,"transportation_score",93.11
"27037060729","tract",2019,"transportation_score",94.83
"27037060730","tract",2019,"transportation_score",92.61
"27037060731","tract",2019,"transportation_score",92.53
"27037060732","tract",2019,"transportation_score",92.77
"27037060733","tract",2019,"transportation_score",92.86
"27037060734","tract",2019,"transportation_score",90.45
"27037060735","tract",2019,"transportation_score",93.56
"27037060737","tract",2019,"transportation_score",96.92
"27037060738","tract",2019,"transportation_score",97.81
"27037060739","tract",2019,"transportation_score",90.63
"27037060741","tract",2019,"transportation_score",97.42
"27037060742","tract",2019,"transportation_score",92.63
"27037060743","tract",2019,"transportation_score",96.71
"27037060744","tract",2019,"transportation_score",92
"27037060745","tract",2019,"transportation_score",97.68
"27037060746","tract",2019,"transportation_score",93.05
"27037060747","tract",2019,"transportation_score",94.96
"27037060748","tract",2019,"transportation_score",99.23
"27037060749","tract",2019,"transportation_score",98.08
"27037060750","tract",2019,"transportation_score",98.65
"27037060805","tract",2019,"transportation_score",94.13
"27037060806","tract",2019,"transportation_score",91.4
"27037060811","tract",2019,"transportation_score",98.68
"27037060812","tract",2019,"transportation_score",91.98
"27037060813","tract",2019,"transportation_score",92.53
"27037060814","tract",2019,"transportation_score",92.49
"27037060815","tract",2019,"transportation_score",92.87
"27037060816","tract",2019,"transportation_score",92.67
"27037060817","tract",2019,"transportation_score",96.57
"27037060818","tract",2019,"transportation_score",93.1
"27037060819","tract",2019,"transportation_score",91.85
"27037060820","tract",2019,"transportation_score",91.83
"27037060821","tract",2019,"transportation_score",94.83
"27037060822","tract",2019,"transportation_score",90.54
"27037060823","tract",2019,"transportation_score",91.35
"27037060824","tract",2019,"transportation_score",94.93
"27037060825","tract",2019,"transportation_score",91.66
"27037060826","tract",2019,"transportation_score",93.19
"27037060828","tract",2019,"transportation_score",96.8
"27037060829","tract",2019,"transportation_score",93.13
"27037060902","tract",2019,"transportation_score",89
"27037060904","tract",2019,"transportation_score",93.69
"27037060905","tract",2019,"transportation_score",89.46
"27037060906","tract",2019,"transportation_score",89
"27037060907","tract",2019,"transportation_score",96.66
"27037061001","tract",2019,"transportation_score",87.34
"27037061003","tract",2019,"transportation_score",90.13
"27037061004","tract",2019,"transportation_score",89.55
"27037061005","tract",2019,"transportation_score",91.97
"27037061007","tract",2019,"transportation_score",92.1
"27037061008","tract",2019,"transportation_score",94.2
"27037061009","tract",2019,"transportation_score",93.59
"27037061102","tract",2019,"transportation_score",91.59
"27037061105","tract",2019,"transportation_score",92.86
"27037061106","tract",2019,"transportation_score",89.22
"27037061107","tract",2019,"transportation_score",87.71
"27037061108","tract",2019,"transportation_score",91.04
"27037061401","tract",2019,"transportation_score",87.98
"27037061402","tract",2019,"transportation_score",87.59
"27037061501","tract",2019,"transportation_score",88.74
"27037061502","tract",2019,"transportation_score",88.1
"27039950100","tract",2019,"transportation_score",87.59
"27039950200","tract",2019,"transportation_score",90.19
"27039950300","tract",2019,"transportation_score",89.31
"27039950400","tract",2019,"transportation_score",91.15
"27039950500","tract",2019,"transportation_score",91.14
"27041450100","tract",2019,"transportation_score",89.69
"27041450200","tract",2019,"transportation_score",87.77
"27041450500","tract",2019,"transportation_score",87.7
"27041450600","tract",2019,"transportation_score",89.66
"27041450701","tract",2019,"transportation_score",88.66
"27041450702","tract",2019,"transportation_score",87.45
"27041450800","tract",2019,"transportation_score",90.16
"27041450900","tract",2019,"transportation_score",87.95
"27041451000","tract",2019,"transportation_score",87.99
"27043460100","tract",2019,"transportation_score",88.5
"27043460200","tract",2019,"transportation_score",92.54
"27043460300","tract",2019,"transportation_score",89.29
"27043460400","tract",2019,"transportation_score",90.22
"27043460500","tract",2019,"transportation_score",90.42
"27043460600","tract",2019,"transportation_score",89.26
"27045960100","tract",2019,"transportation_score",91.69
"27045960200","tract",2019,"transportation_score",90.11
"27045960300","tract",2019,"transportation_score",93.8
"27045960400","tract",2019,"transportation_score",94.33
"27045960500","tract",2019,"transportation_score",97.38
"27045960600","tract",2019,"transportation_score",94.39
"27047180100","tract",2019,"transportation_score",89.56
"27047180200","tract",2019,"transportation_score",88.47
"27047180300","tract",2019,"transportation_score",87.83
"27047180400","tract",2019,"transportation_score",89.15
"27047180500","tract",2019,"transportation_score",91.48
"27047180600","tract",2019,"transportation_score",90.12
"27047180700","tract",2019,"transportation_score",88.18
"27047180800","tract",2019,"transportation_score",95.11
"27047180900","tract",2019,"transportation_score",92.93
"27047181000","tract",2019,"transportation_score",88.18
"27049080101","tract",2019,"transportation_score",96.35
"27049080102","tract",2019,"transportation_score",90.63
"27049080200","tract",2019,"transportation_score",89.21
"27049080300","tract",2019,"transportation_score",92.43
"27049080400","tract",2019,"transportation_score",88.8
"27049080500","tract",2019,"transportation_score",88.04
"27049080600","tract",2019,"transportation_score",90.41
"27049080700","tract",2019,"transportation_score",91.04
"27049080800","tract",2019,"transportation_score",89.5
"27049080900","tract",2019,"transportation_score",91.09
"27051070100","tract",2019,"transportation_score",91.42
"27051070200","tract",2019,"transportation_score",88.83
"27053000101","tract",2019,"transportation_score",100.93
"27053000102","tract",2019,"transportation_score",103.76
"27053000300","tract",2019,"transportation_score",99.01
"27053000601","tract",2019,"transportation_score",98.95
"27053000603","tract",2019,"transportation_score",96.61
"27053001100","tract",2019,"transportation_score",100.01
"27053001700","tract",2019,"transportation_score",97.64
"27053002200","tract",2019,"transportation_score",95.56
"27053002400","tract",2019,"transportation_score",98.84
"27053002700","tract",2019,"transportation_score",104.44
"27053003200","tract",2019,"transportation_score",96.28
"27053003300","tract",2019,"transportation_score",109.13
"27053003800","tract",2019,"transportation_score",120.35
"27053005901","tract",2019,"transportation_score",118.12
"27053005902","tract",2019,"transportation_score",120.05
"27053006800","tract",2019,"transportation_score",113.28
"27053007700","tract",2019,"transportation_score",103.05
"27053007801","tract",2019,"transportation_score",115.82
"27053008100","tract",2019,"transportation_score",110.41
"27053008200","tract",2019,"transportation_score",114.1
"27053008300","tract",2019,"transportation_score",102.57
"27053008400","tract",2019,"transportation_score",103.76
"27053008500","tract",2019,"transportation_score",109.61
"27053009500","tract",2019,"transportation_score",100.09
"27053009600","tract",2019,"transportation_score",101.3
"27053010600","tract",2019,"transportation_score",96.13
"27053010700","tract",2019,"transportation_score",97.76
"27053011000","tract",2019,"transportation_score",101.3
"27053011703","tract",2019,"transportation_score",93.79
"27053011704","tract",2019,"transportation_score",95.28
"27053011800","tract",2019,"transportation_score",95.84
"27053011998","tract",2019,"transportation_score",105.9
"27053012001","tract",2019,"transportation_score",95.59
"27053012003","tract",2019,"transportation_score",96.39
"27053012101","tract",2019,"transportation_score",101.58
"27053012102","tract",2019,"transportation_score",99.93
"27053020101","tract",2019,"transportation_score",95.58
"27053020102","tract",2019,"transportation_score",96.23
"27053020200","tract",2019,"transportation_score",98.49
"27053020301","tract",2019,"transportation_score",95.74
"27053020302","tract",2019,"transportation_score",97.11
"27053020303","tract",2019,"transportation_score",94.32
"27053020304","tract",2019,"transportation_score",102.41
"27053020400","tract",2019,"transportation_score",95.35
"27053020500","tract",2019,"transportation_score",95.19
"27053020600","tract",2019,"transportation_score",97.12
"27053020700","tract",2019,"transportation_score",93.21
"27053020801","tract",2019,"transportation_score",96.1
"27053020804","tract",2019,"transportation_score",92.81
"27053020902","tract",2019,"transportation_score",90.87
"27053020903","tract",2019,"transportation_score",93.17
"27053021001","tract",2019,"transportation_score",96.13
"27053021002","tract",2019,"transportation_score",94.47
"27053021100","tract",2019,"transportation_score",95.96
"27053021200","tract",2019,"transportation_score",93.59
"27053021300","tract",2019,"transportation_score",98.46
"27053021400","tract",2019,"transportation_score",93.72
"27053021501","tract",2019,"transportation_score",97.24
"27053021502","tract",2019,"transportation_score",104.67
"27053021503","tract",2019,"transportation_score",93.85
"27053021504","tract",2019,"transportation_score",91.67
"27053021505","tract",2019,"transportation_score",94.53
"27053021601","tract",2019,"transportation_score",95.36
"27053021602","tract",2019,"transportation_score",95.57
"27053021700","tract",2019,"transportation_score",94.26
"27053021800","tract",2019,"transportation_score",90.72
"27053021900","tract",2019,"transportation_score",90.19
"27053022000","tract",2019,"transportation_score",96.69
"27053022101","tract",2019,"transportation_score",98.59
"27053022102","tract",2019,"transportation_score",96.89
"27053022200","tract",2019,"transportation_score",94.75
"27053022301","tract",2019,"transportation_score",96.51
"27053022302","tract",2019,"transportation_score",98.68
"27053022400","tract",2019,"transportation_score",98.28
"27053022700","tract",2019,"transportation_score",97.09
"27053022801","tract",2019,"transportation_score",94.96
"27053022802","tract",2019,"transportation_score",98.33
"27053022901","tract",2019,"transportation_score",97.58
"27053022902","tract",2019,"transportation_score",91.23
"27053023000","tract",2019,"transportation_score",94.35
"27053023100","tract",2019,"transportation_score",94.23
"27053023200","tract",2019,"transportation_score",100.47
"27053023300","tract",2019,"transportation_score",98.67
"27053023400","tract",2019,"transportation_score",99.19
"27053023501","tract",2019,"transportation_score",95.06
"27053023502","tract",2019,"transportation_score",94.24
"27053023600","tract",2019,"transportation_score",91.61
"27053023700","tract",2019,"transportation_score",91.52
"27053023801","tract",2019,"transportation_score",91.17
"27053023802","tract",2019,"transportation_score",94.35
"27053023901","tract",2019,"transportation_score",93.01
"27053023902","tract",2019,"transportation_score",90.47
"27053023903","tract",2019,"transportation_score",93
"27053024003","tract",2019,"transportation_score",98.97
"27053024004","tract",2019,"transportation_score",100.84
"27053024005","tract",2019,"transportation_score",97.46
"27053024006","tract",2019,"transportation_score",92.78
"27053024100","tract",2019,"transportation_score",92.24
"27053024200","tract",2019,"transportation_score",96.55
"27053024300","tract",2019,"transportation_score",108.14
"27053024400","tract",2019,"transportation_score",100.42
"27053024500","tract",2019,"transportation_score",97.99
"27053024600","tract",2019,"transportation_score",99.1
"27053024700","tract",2019,"transportation_score",92.58
"27053024801","tract",2019,"transportation_score",99.24
"27053024802","tract",2019,"transportation_score",105.17
"27053024901","tract",2019,"transportation_score",95.35
"27053024902","tract",2019,"transportation_score",95.94
"27053024903","tract",2019,"transportation_score",102.77
"27053025100","tract",2019,"transportation_score",101.91
"27053025201","tract",2019,"transportation_score",96.06
"27053025205","tract",2019,"transportation_score",94.55
"27053025301","tract",2019,"transportation_score",93.69
"27053025302","tract",2019,"transportation_score",96.41
"27053025401","tract",2019,"transportation_score",96.71
"27053025403","tract",2019,"transportation_score",98.52
"27053025601","tract",2019,"transportation_score",92.77
"27053025603","tract",2019,"transportation_score",93.79
"27053025605","tract",2019,"transportation_score",92.5
"27053025701","tract",2019,"transportation_score",92.53
"27053025702","tract",2019,"transportation_score",97.51
"27053025801","tract",2019,"transportation_score",96.19
"27053025802","tract",2019,"transportation_score",92.48
"27053025803","tract",2019,"transportation_score",96.81
"27053025805","tract",2019,"transportation_score",97.25
"27053025903","tract",2019,"transportation_score",90.64
"27053025905","tract",2019,"transportation_score",93.22
"27053025906","tract",2019,"transportation_score",92.12
"27053025907","tract",2019,"transportation_score",93.99
"27053026005","tract",2019,"transportation_score",91.05
"27053026006","tract",2019,"transportation_score",94.16
"27053026007","tract",2019,"transportation_score",91.16
"27053026013","tract",2019,"transportation_score",89.88
"27053026014","tract",2019,"transportation_score",93.11
"27053026015","tract",2019,"transportation_score",92.95
"27053026016","tract",2019,"transportation_score",92.71
"27053026018","tract",2019,"transportation_score",91.83
"27053026019","tract",2019,"transportation_score",103.52
"27053026020","tract",2019,"transportation_score",93.86
"27053026021","tract",2019,"transportation_score",89.81
"27053026022","tract",2019,"transportation_score",92.52
"27053026101","tract",2019,"transportation_score",90.06
"27053026103","tract",2019,"transportation_score",91.78
"27053026104","tract",2019,"transportation_score",94.81
"27053026201","tract",2019,"transportation_score",90.57
"27053026202","tract",2019,"transportation_score",92.88
"27053026205","tract",2019,"transportation_score",94.22
"27053026206","tract",2019,"transportation_score",97.32
"27053026207","tract",2019,"transportation_score",93.75
"27053026208","tract",2019,"transportation_score",92.63
"27053026301","tract",2019,"transportation_score",91.19
"27053026302","tract",2019,"transportation_score",91.59
"27053026402","tract",2019,"transportation_score",96.93
"27053026403","tract",2019,"transportation_score",101.93
"27053026404","tract",2019,"transportation_score",95.13
"27053026505","tract",2019,"transportation_score",94.13
"27053026507","tract",2019,"transportation_score",91.04
"27053026508","tract",2019,"transportation_score",92.11
"27053026509","tract",2019,"transportation_score",92.02
"27053026510","tract",2019,"transportation_score",94.63
"27053026511","tract",2019,"transportation_score",94.04
"27053026512","tract",2019,"transportation_score",96.21
"27053026514","tract",2019,"transportation_score",91.93
"27053026605","tract",2019,"transportation_score",90.42
"27053026606","tract",2019,"transportation_score",92.9
"27053026609","tract",2019,"transportation_score",88.89
"27053026610","tract",2019,"transportation_score",93.42
"27053026611","tract",2019,"transportation_score",96.1
"27053026612","tract",2019,"transportation_score",93.77
"27053026613","tract",2019,"transportation_score",91.23
"27053026702","tract",2019,"transportation_score",91.85
"27053026706","tract",2019,"transportation_score",93.64
"27053026707","tract",2019,"transportation_score",92.16
"27053026708","tract",2019,"transportation_score",96
"27053026710","tract",2019,"transportation_score",94.24
"27053026711","tract",2019,"transportation_score",91.57
"27053026712","tract",2019,"transportation_score",90.31
"27053026713","tract",2019,"transportation_score",94.21
"27053026714","tract",2019,"transportation_score",93.95
"27053026715","tract",2019,"transportation_score",91.84
"27053026716","tract",2019,"transportation_score",91.63
"27053026807","tract",2019,"transportation_score",96.95
"27053026809","tract",2019,"transportation_score",98.45
"27053026810","tract",2019,"transportation_score",97.71
"27053026811","tract",2019,"transportation_score",94.8
"27053026812","tract",2019,"transportation_score",93.72
"27053026814","tract",2019,"transportation_score",92.28
"27053026815","tract",2019,"transportation_score",93.71
"27053026816","tract",2019,"transportation_score",98.52
"27053026818","tract",2019,"transportation_score",91.08
"27053026819","tract",2019,"transportation_score",110.89
"27053026820","tract",2019,"transportation_score",91.29
"27053026822","tract",2019,"transportation_score",93.27
"27053026823","tract",2019,"transportation_score",92.04
"27053026903","tract",2019,"transportation_score",95
"27053026906","tract",2019,"transportation_score",92.18
"27053026907","tract",2019,"transportation_score",89.87
"27053026908","tract",2019,"transportation_score",94.74
"27053026909","tract",2019,"transportation_score",91.12
"27053026910","tract",2019,"transportation_score",88.59
"27053027001","tract",2019,"transportation_score",88.41
"27053027002","tract",2019,"transportation_score",89.04
"27053027101","tract",2019,"transportation_score",90.25
"27053027102","tract",2019,"transportation_score",89.81
"27053027201","tract",2019,"transportation_score",87.59
"27053027202","tract",2019,"transportation_score",92.15
"27053027203","tract",2019,"transportation_score",92.37
"27053027300","tract",2019,"transportation_score",94.56
"27053027400","tract",2019,"transportation_score",91.15
"27053027501","tract",2019,"transportation_score",93.27
"27053027503","tract",2019,"transportation_score",90.81
"27053027504","tract",2019,"transportation_score",93.49
"27053027601","tract",2019,"transportation_score",97.16
"27053027602","tract",2019,"transportation_score",94.31
"27053027700","tract",2019,"transportation_score",89.46
"27053100200","tract",2019,"transportation_score",99.44
"27053100400","tract",2019,"transportation_score",111.06
"27053100500","tract",2019,"transportation_score",101.37
"27053100700","tract",2019,"transportation_score",96.51
"27053100800","tract",2019,"transportation_score",108.25
"27053100900","tract",2019,"transportation_score",115.63
"27053101200","tract",2019,"transportation_score",96.86
"27053101300","tract",2019,"transportation_score",109.98
"27053101600","tract",2019,"transportation_score",120.64
"27053101800","tract",2019,"transportation_score",102.11
"27053101900","tract",2019,"transportation_score",102.63
"27053102000","tract",2019,"transportation_score",101.78
"27053102100","tract",2019,"transportation_score",109.89
"27053102300","tract",2019,"transportation_score",101.89
"27053102500","tract",2019,"transportation_score",104.3
"27053102600","tract",2019,"transportation_score",104.87
"27053102800","tract",2019,"transportation_score",103.52
"27053102900","tract",2019,"transportation_score",101.89
"27053103000","tract",2019,"transportation_score",99.31
"27053103100","tract",2019,"transportation_score",108.01
"27053103400","tract",2019,"transportation_score",107.65
"27053103600","tract",2019,"transportation_score",102.11
"27053103700","tract",2019,"transportation_score",108.96
"27053103900","tract",2019,"transportation_score",130.63
"27053104000","tract",2019,"transportation_score",112.46
"27053104100","tract",2019,"transportation_score",104.68
"27053104400","tract",2019,"transportation_score",132.25
"27053104800","tract",2019,"transportation_score",130.95
"27053104900","tract",2019,"transportation_score",NA
"27053105100","tract",2019,"transportation_score",95.38
"27053105201","tract",2019,"transportation_score",115.79
"27053105204","tract",2019,"transportation_score",133.85
"27053105400","tract",2019,"transportation_score",119.29
"27053105500","tract",2019,"transportation_score",104.57
"27053105600","tract",2019,"transportation_score",125.26
"27053105700","tract",2019,"transportation_score",129.4
"27053106000","tract",2019,"transportation_score",119.07
"27053106200","tract",2019,"transportation_score",111.72
"27053106400","tract",2019,"transportation_score",107.64
"27053106500","tract",2019,"transportation_score",93.56
"27053106600","tract",2019,"transportation_score",102.96
"27053106700","tract",2019,"transportation_score",113.27
"27053106900","tract",2019,"transportation_score",119.81
"27053107000","tract",2019,"transportation_score",112.58
"27053107400","tract",2019,"transportation_score",107.12
"27053107500","tract",2019,"transportation_score",103.34
"27053107600","tract",2019,"transportation_score",99.91
"27053108000","tract",2019,"transportation_score",105.91
"27053108600","tract",2019,"transportation_score",105.22
"27053108700","tract",2019,"transportation_score",101.76
"27053108800","tract",2019,"transportation_score",107.62
"27053108900","tract",2019,"transportation_score",102.17
"27053109000","tract",2019,"transportation_score",100.55
"27053109100","tract",2019,"transportation_score",101.07
"27053109200","tract",2019,"transportation_score",107.58
"27053109300","tract",2019,"transportation_score",104.84
"27053109400","tract",2019,"transportation_score",101.03
"27053109700","tract",2019,"transportation_score",103.93
"27053109800","tract",2019,"transportation_score",97.61
"27053109900","tract",2019,"transportation_score",99.51
"27053110000","tract",2019,"transportation_score",96.16
"27053110100","tract",2019,"transportation_score",101.55
"27053110200","tract",2019,"transportation_score",102.59
"27053110400","tract",2019,"transportation_score",103.84
"27053110500","tract",2019,"transportation_score",100.28
"27053110800","tract",2019,"transportation_score",101.99
"27053110900","tract",2019,"transportation_score",95.98
"27053111100","tract",2019,"transportation_score",97.76
"27053111200","tract",2019,"transportation_score",98.22
"27053111300","tract",2019,"transportation_score",97.57
"27053111400","tract",2019,"transportation_score",99.92
"27053111500","tract",2019,"transportation_score",97.91
"27053111600","tract",2019,"transportation_score",97.58
"27053122500","tract",2019,"transportation_score",97.66
"27053122600","tract",2019,"transportation_score",91.54
"27053125500","tract",2019,"transportation_score",94.17
"27053125600","tract",2019,"transportation_score",110.77
"27053125700","tract",2019,"transportation_score",102.66
"27053125800","tract",2019,"transportation_score",108.68
"27053125900","tract",2019,"transportation_score",116.71
"27053126000","tract",2019,"transportation_score",123.08
"27053126100","tract",2019,"transportation_score",123.1
"27053126200","tract",2019,"transportation_score",107.8
"27053980000","tract",2019,"transportation_score",112.39
"27055020100","tract",2019,"transportation_score",89.94
"27055020200","tract",2019,"transportation_score",88.97
"27055020300","tract",2019,"transportation_score",91.83
"27055020500","tract",2019,"transportation_score",90.05
"27055020900","tract",2019,"transportation_score",92.34
"27057070100","tract",2019,"transportation_score",89.16
"27057070200","tract",2019,"transportation_score",90.93
"27057070300","tract",2019,"transportation_score",91.13
"27057070400","tract",2019,"transportation_score",91.1
"27057070500","tract",2019,"transportation_score",88.46
"27057070600","tract",2019,"transportation_score",101.84
"27057070700","tract",2019,"transportation_score",89.29
"27059130100","tract",2019,"transportation_score",89.33
"27059130200","tract",2019,"transportation_score",91.65
"27059130301","tract",2019,"transportation_score",90.81
"27059130302","tract",2019,"transportation_score",92.74
"27059130400","tract",2019,"transportation_score",88.97
"27059130501","tract",2019,"transportation_score",89.57
"27059130502","tract",2019,"transportation_score",90.15
"27059130600","tract",2019,"transportation_score",88.95
"27061480100","tract",2019,"transportation_score",92.52
"27061480300","tract",2019,"transportation_score",89.48
"27061480400","tract",2019,"transportation_score",90.75
"27061480500","tract",2019,"transportation_score",94.76
"27061480600","tract",2019,"transportation_score",89.68
"27061480700","tract",2019,"transportation_score",88.22
"27061480801","tract",2019,"transportation_score",86.54
"27061480802","tract",2019,"transportation_score",93.32
"27061480900","tract",2019,"transportation_score",91.43
"27061481000","tract",2019,"transportation_score",89.8
"27061940000","tract",2019,"transportation_score",93.25
"27063480100","tract",2019,"transportation_score",89.32
"27063480200","tract",2019,"transportation_score",90.09
"27063480300","tract",2019,"transportation_score",89.37
"27063480400","tract",2019,"transportation_score",91.61
"27065480100","tract",2019,"transportation_score",90.77
"27065480200","tract",2019,"transportation_score",91.39
"27065480300","tract",2019,"transportation_score",101.04
"27065480400","tract",2019,"transportation_score",90.26
"27067770900","tract",2019,"transportation_score",92.59
"27067780100","tract",2019,"transportation_score",89.8
"27067780200","tract",2019,"transportation_score",90.08
"27067780300","tract",2019,"transportation_score",88.41
"27067780400","tract",2019,"transportation_score",88.66
"27067780500","tract",2019,"transportation_score",93.48
"27067780600","tract",2019,"transportation_score",87.51
"27067780700","tract",2019,"transportation_score",90.74
"27067780800","tract",2019,"transportation_score",94.32
"27067781000","tract",2019,"transportation_score",90.17
"27067781100","tract",2019,"transportation_score",89.01
"27067781200","tract",2019,"transportation_score",88.87
"27069090100","tract",2019,"transportation_score",94.58
"27069090200","tract",2019,"transportation_score",91.17
"27071790100","tract",2019,"transportation_score",89.65
"27071790200","tract",2019,"transportation_score",96.73
"27071790300","tract",2019,"transportation_score",90.87
"27071790500","tract",2019,"transportation_score",90.35
"27073180100","tract",2019,"transportation_score",91.86
"27073180200","tract",2019,"transportation_score",90.11
"27073180300","tract",2019,"transportation_score",90.78
"27075370100","tract",2019,"transportation_score",92.54
"27075370300","tract",2019,"transportation_score",91.22
"27075370400","tract",2019,"transportation_score",94.24
"27075990100","tract",2019,"transportation_score",NA
"27077460300","tract",2019,"transportation_score",94.2
"27077460400","tract",2019,"transportation_score",94.81
"27079950100","tract",2019,"transportation_score",89.24
"27079950200","tract",2019,"transportation_score",92.52
"27079950300","tract",2019,"transportation_score",90.51
"27079950400","tract",2019,"transportation_score",90
"27079950500","tract",2019,"transportation_score",89.88
"27079950600","tract",2019,"transportation_score",86.89
"27081201001","tract",2019,"transportation_score",92.83
"27081201002","tract",2019,"transportation_score",91.97
"27083360100","tract",2019,"transportation_score",91.31
"27083360200","tract",2019,"transportation_score",88.05
"27083360300","tract",2019,"transportation_score",93.49
"27083360400","tract",2019,"transportation_score",93.77
"27083360500","tract",2019,"transportation_score",95.58
"27083360600","tract",2019,"transportation_score",89.19
"27083360700","tract",2019,"transportation_score",91.02
"27085950100","tract",2019,"transportation_score",89.85
"27085950200","tract",2019,"transportation_score",87.27
"27085950300","tract",2019,"transportation_score",90.22
"27085950400","tract",2019,"transportation_score",90.2
"27085950500","tract",2019,"transportation_score",89.17
"27085950600","tract",2019,"transportation_score",88.3
"27085950700","tract",2019,"transportation_score",90.98
"27087940100","tract",2019,"transportation_score",92.58
"27087940300","tract",2019,"transportation_score",92.41
"27089080100","tract",2019,"transportation_score",90.43
"27089080200","tract",2019,"transportation_score",89.62
"27089080300","tract",2019,"transportation_score",89.44
"27089080400","tract",2019,"transportation_score",89.92
"27091790100","tract",2019,"transportation_score",90.43
"27091790200","tract",2019,"transportation_score",88.62
"27091790300","tract",2019,"transportation_score",88.47
"27091790400","tract",2019,"transportation_score",89.84
"27091790500","tract",2019,"transportation_score",94.95
"27091790600","tract",2019,"transportation_score",96.49
"27093560100","tract",2019,"transportation_score",89.14
"27093560200","tract",2019,"transportation_score",89.14
"27093560300","tract",2019,"transportation_score",93.36
"27093560400","tract",2019,"transportation_score",89.22
"27093560500","tract",2019,"transportation_score",89.51
"27093560600","tract",2019,"transportation_score",90.17
"27095170400","tract",2019,"transportation_score",90.04
"27095170500","tract",2019,"transportation_score",92.94
"27095170600","tract",2019,"transportation_score",89.23
"27095170700","tract",2019,"transportation_score",96.39
"27095970100","tract",2019,"transportation_score",93.68
"27095970200","tract",2019,"transportation_score",95.97
"27095970300","tract",2019,"transportation_score",90.98
"27097780100","tract",2019,"transportation_score",91.19
"27097780200","tract",2019,"transportation_score",88.88
"27097780300","tract",2019,"transportation_score",88.99
"27097780400","tract",2019,"transportation_score",89.33
"27097780500","tract",2019,"transportation_score",92.34
"27097780600","tract",2019,"transportation_score",99.69
"27097780700","tract",2019,"transportation_score",89.8
"27097780800","tract",2019,"transportation_score",90.73
"27099000100","tract",2019,"transportation_score",90.32
"27099000200","tract",2019,"transportation_score",90.51
"27099000300","tract",2019,"transportation_score",95.5
"27099000410","tract",2019,"transportation_score",95.34
"27099000600","tract",2019,"transportation_score",87.65
"27099000800","tract",2019,"transportation_score",91.5
"27099000900","tract",2019,"transportation_score",90.27
"27099001000","tract",2019,"transportation_score",89.29
"27099001200","tract",2019,"transportation_score",89.63
"27099001300","tract",2019,"transportation_score",92.25
"27099001400","tract",2019,"transportation_score",90.57
"27101900100","tract",2019,"transportation_score",88.38
"27101900200","tract",2019,"transportation_score",91.39
"27101900300","tract",2019,"transportation_score",90.02
"27103480100","tract",2019,"transportation_score",87.23
"27103480200","tract",2019,"transportation_score",88.33
"27103480300","tract",2019,"transportation_score",91.54
"27103480400","tract",2019,"transportation_score",NA
"27103480501","tract",2019,"transportation_score",92.04
"27103480502","tract",2019,"transportation_score",89.01
"27103480600","tract",2019,"transportation_score",99.89
"27105105100","tract",2019,"transportation_score",89.21
"27105105200","tract",2019,"transportation_score",89.19
"27105105300","tract",2019,"transportation_score",89.35
"27105105400","tract",2019,"transportation_score",98.24
"27105105500","tract",2019,"transportation_score",101.3
"27105105600","tract",2019,"transportation_score",94.78
"27107960100","tract",2019,"transportation_score",90.89
"27107960200","tract",2019,"transportation_score",95.11
"27107960300","tract",2019,"transportation_score",89.62
"27109000100","tract",2019,"transportation_score",120.99
"27109000200","tract",2019,"transportation_score",99.28
"27109000300","tract",2019,"transportation_score",96.51
"27109000400","tract",2019,"transportation_score",111.03
"27109000500","tract",2019,"transportation_score",117.57
"27109000600","tract",2019,"transportation_score",98.31
"27109000901","tract",2019,"transportation_score",92.74
"27109000902","tract",2019,"transportation_score",93.74
"27109000903","tract",2019,"transportation_score",90.71
"27109001000","tract",2019,"transportation_score",96.34
"27109001100","tract",2019,"transportation_score",96.9
"27109001201","tract",2019,"transportation_score",94.25
"27109001202","tract",2019,"transportation_score",90.69
"27109001203","tract",2019,"transportation_score",90.25
"27109001301","tract",2019,"transportation_score",97.43
"27109001302","tract",2019,"transportation_score",93.15
"27109001401","tract",2019,"transportation_score",97.81
"27109001402","tract",2019,"transportation_score",91.19
"27109001501","tract",2019,"transportation_score",94.93
"27109001502","tract",2019,"transportation_score",93.62
"27109001503","tract",2019,"transportation_score",91.99
"27109001601","tract",2019,"transportation_score",95.37
"27109001602","tract",2019,"transportation_score",94.11
"27109001603","tract",2019,"transportation_score",91.75
"27109001701","tract",2019,"transportation_score",93.43
"27109001702","tract",2019,"transportation_score",94.55
"27109001703","tract",2019,"transportation_score",92.61
"27109001800","tract",2019,"transportation_score",89.7
"27109001900","tract",2019,"transportation_score",89.1
"27109002000","tract",2019,"transportation_score",88.46
"27109002100","tract",2019,"transportation_score",92.34
"27109002200","tract",2019,"transportation_score",88.78
"27109002300","tract",2019,"transportation_score",92.97
"27111960102","tract",2019,"transportation_score",88.39
"27111960103","tract",2019,"transportation_score",91.63
"27111960300","tract",2019,"transportation_score",99.98
"27111960400","tract",2019,"transportation_score",90.97
"27111960500","tract",2019,"transportation_score",91.61
"27111960600","tract",2019,"transportation_score",90.08
"27111960700","tract",2019,"transportation_score",91.24
"27111960800","tract",2019,"transportation_score",88.35
"27111960900","tract",2019,"transportation_score",102.43
"27111961000","tract",2019,"transportation_score",97.29
"27111961100","tract",2019,"transportation_score",95.79
"27111961200","tract",2019,"transportation_score",92.09
"27111961300","tract",2019,"transportation_score",92.18
"27111961400","tract",2019,"transportation_score",91.12
"27111961500","tract",2019,"transportation_score",91.23
"27111961600","tract",2019,"transportation_score",91.71
"27111961700","tract",2019,"transportation_score",87.66
"27113090100","tract",2019,"transportation_score",86.34
"27113090200","tract",2019,"transportation_score",90.72
"27113090300","tract",2019,"transportation_score",87.34
"27113090400","tract",2019,"transportation_score",90.31
"27113090500","tract",2019,"transportation_score",92.63
"27115950100","tract",2019,"transportation_score",89.38
"27115950200","tract",2019,"transportation_score",90.11
"27115950300","tract",2019,"transportation_score",91.38
"27115950400","tract",2019,"transportation_score",93.74
"27115950500","tract",2019,"transportation_score",91.9
"27115950600","tract",2019,"transportation_score",92.69
"27115950700","tract",2019,"transportation_score",96.83
"27115950800","tract",2019,"transportation_score",89.59
"27117460100","tract",2019,"transportation_score",88.56
"27117460200","tract",2019,"transportation_score",93.65
"27117460300","tract",2019,"transportation_score",91.07
"27117460400","tract",2019,"transportation_score",88.38
"27117460500","tract",2019,"transportation_score",93.89
"27119020100","tract",2019,"transportation_score",93.59
"27119020200","tract",2019,"transportation_score",96.23
"27119020300","tract",2019,"transportation_score",86.99
"27119020400","tract",2019,"transportation_score",89.04
"27119020500","tract",2019,"transportation_score",89.68
"27119020600","tract",2019,"transportation_score",97.71
"27119020700","tract",2019,"transportation_score",89.45
"27119020800","tract",2019,"transportation_score",93.12
"27119020900","tract",2019,"transportation_score",90.81
"27119021000","tract",2019,"transportation_score",91.4
"27121970100","tract",2019,"transportation_score",88.53
"27121970200","tract",2019,"transportation_score",89.33
"27121970300","tract",2019,"transportation_score",88.44
"27121970400","tract",2019,"transportation_score",90.06
"27123030100","tract",2019,"transportation_score",105.87
"27123030201","tract",2019,"transportation_score",99.4
"27123030202","tract",2019,"transportation_score",100.78
"27123030300","tract",2019,"transportation_score",95.33
"27123030400","tract",2019,"transportation_score",102.61
"27123030500","tract",2019,"transportation_score",106.52
"27123030601","tract",2019,"transportation_score",99.16
"27123030602","tract",2019,"transportation_score",96.06
"27123030702","tract",2019,"transportation_score",94.48
"27123030703","tract",2019,"transportation_score",99.4
"27123030704","tract",2019,"transportation_score",100.88
"27123030800","tract",2019,"transportation_score",100.23
"27123030900","tract",2019,"transportation_score",100.12
"27123031000","tract",2019,"transportation_score",103.48
"27123031100","tract",2019,"transportation_score",98.08
"27123031200","tract",2019,"transportation_score",103.46
"27123031300","tract",2019,"transportation_score",99.98
"27123031400","tract",2019,"transportation_score",101.62
"27123031500","tract",2019,"transportation_score",102.44
"27123031600","tract",2019,"transportation_score",102.33
"27123031701","tract",2019,"transportation_score",108.12
"27123031702","tract",2019,"transportation_score",102.46
"27123031801","tract",2019,"transportation_score",103.66
"27123031802","tract",2019,"transportation_score",94.76
"27123031900","tract",2019,"transportation_score",106.09
"27123032000","tract",2019,"transportation_score",106.72
"27123032100","tract",2019,"transportation_score",110.17
"27123032200","tract",2019,"transportation_score",105.81
"27123032300","tract",2019,"transportation_score",101.86
"27123032400","tract",2019,"transportation_score",105.52
"27123032500","tract",2019,"transportation_score",101.64
"27123032600","tract",2019,"transportation_score",109.09
"27123032700","tract",2019,"transportation_score",112.49
"27123033000","tract",2019,"transportation_score",106.45
"27123033100","tract",2019,"transportation_score",102.4
"27123033200","tract",2019,"transportation_score",106.25
"27123033300","tract",2019,"transportation_score",103.17
"27123033400","tract",2019,"transportation_score",111.21
"27123033500","tract",2019,"transportation_score",105.76
"27123033600","tract",2019,"transportation_score",116.34
"27123033700","tract",2019,"transportation_score",116.81
"27123033800","tract",2019,"transportation_score",103.51
"27123033900","tract",2019,"transportation_score",104.72
"27123034000","tract",2019,"transportation_score",102.45
"27123034201","tract",2019,"transportation_score",110.56
"27123034202","tract",2019,"transportation_score",118.53
"27123034400","tract",2019,"transportation_score",101.46
"27123034500","tract",2019,"transportation_score",101.79
"27123034601","tract",2019,"transportation_score",99.79
"27123034602","tract",2019,"transportation_score",96.92
"27123034701","tract",2019,"transportation_score",97.19
"27123034702","tract",2019,"transportation_score",95.65
"27123034900","tract",2019,"transportation_score",101.27
"27123035000","tract",2019,"transportation_score",102.16
"27123035100","tract",2019,"transportation_score",NA
"27123035200","tract",2019,"transportation_score",100
"27123035300","tract",2019,"transportation_score",94.49
"27123035500","tract",2019,"transportation_score",101.53
"27123035700","tract",2019,"transportation_score",97.19
"27123035800","tract",2019,"transportation_score",98.23
"27123035900","tract",2019,"transportation_score",110.72
"27123036000","tract",2019,"transportation_score",102.14
"27123036100","tract",2019,"transportation_score",96.12
"27123036300","tract",2019,"transportation_score",98.66
"27123036400","tract",2019,"transportation_score",98.54
"27123036500","tract",2019,"transportation_score",98.54
"27123036600","tract",2019,"transportation_score",94.84
"27123036700","tract",2019,"transportation_score",98.52
"27123036800","tract",2019,"transportation_score",96.87
"27123036900","tract",2019,"transportation_score",99.19
"27123037000","tract",2019,"transportation_score",93.85
"27123037100","tract",2019,"transportation_score",101.94
"27123037200","tract",2019,"transportation_score",99.42
"27123037402","tract",2019,"transportation_score",97.66
"27123037403","tract",2019,"transportation_score",94.53
"27123037500","tract",2019,"transportation_score",97.66
"27123037601","tract",2019,"transportation_score",100.15
"27123037602","tract",2019,"transportation_score",101.18
"27123040100","tract",2019,"transportation_score",90.44
"27123040200","tract",2019,"transportation_score",96.47
"27123040301","tract",2019,"transportation_score",90.91
"27123040302","tract",2019,"transportation_score",94.64
"27123040401","tract",2019,"transportation_score",92.07
"27123040402","tract",2019,"transportation_score",92.96
"27123040502","tract",2019,"transportation_score",93.28
"27123040503","tract",2019,"transportation_score",92.22
"27123040504","tract",2019,"transportation_score",95.04
"27123040601","tract",2019,"transportation_score",92.23
"27123040603","tract",2019,"transportation_score",91.6
"27123040604","tract",2019,"transportation_score",94.22
"27123040703","tract",2019,"transportation_score",89.58
"27123040704","tract",2019,"transportation_score",96.08
"27123040705","tract",2019,"transportation_score",90.67
"27123040706","tract",2019,"transportation_score",92.76
"27123040707","tract",2019,"transportation_score",93
"27123040801","tract",2019,"transportation_score",91.35
"27123040802","tract",2019,"transportation_score",NA
"27123040803","tract",2019,"transportation_score",95.53
"27123040901","tract",2019,"transportation_score",89.82
"27123040902","tract",2019,"transportation_score",94.82
"27123041001","tract",2019,"transportation_score",89.28
"27123041002","tract",2019,"transportation_score",98.15
"27123041103","tract",2019,"transportation_score",99.92
"27123041104","tract",2019,"transportation_score",94.4
"27123041105","tract",2019,"transportation_score",93.85
"27123041106","tract",2019,"transportation_score",93.59
"27123041107","tract",2019,"transportation_score",93.73
"27123041200","tract",2019,"transportation_score",95.86
"27123041301","tract",2019,"transportation_score",97.83
"27123041302","tract",2019,"transportation_score",94.17
"27123041400","tract",2019,"transportation_score",95.89
"27123041500","tract",2019,"transportation_score",92.88
"27123041601","tract",2019,"transportation_score",96.03
"27123041602","tract",2019,"transportation_score",100.6
"27123041700","tract",2019,"transportation_score",93.58
"27123041800","tract",2019,"transportation_score",96.35
"27123041900","tract",2019,"transportation_score",97.12
"27123042001","tract",2019,"transportation_score",121.89
"27123042002","tract",2019,"transportation_score",101.94
"27123042101","tract",2019,"transportation_score",97.69
"27123042102","tract",2019,"transportation_score",91.44
"27123042201","tract",2019,"transportation_score",95.63
"27123042202","tract",2019,"transportation_score",95.83
"27123042301","tract",2019,"transportation_score",94.51
"27123042302","tract",2019,"transportation_score",97.13
"27123042401","tract",2019,"transportation_score",95.01
"27123042402","tract",2019,"transportation_score",95.13
"27123042501","tract",2019,"transportation_score",96.36
"27123042503","tract",2019,"transportation_score",89.7
"27123042504","tract",2019,"transportation_score",90.59
"27123042601","tract",2019,"transportation_score",94.87
"27123042602","tract",2019,"transportation_score",100.88
"27123042700","tract",2019,"transportation_score",95.51
"27123042800","tract",2019,"transportation_score",104.1
"27123042900","tract",2019,"transportation_score",102.03
"27123043000","tract",2019,"transportation_score",103.61
"27123980000","tract",2019,"transportation_score",NA
"27125010100","tract",2019,"transportation_score",91.17
"27125010200","tract",2019,"transportation_score",91.25
"27127750100","tract",2019,"transportation_score",89.6
"27127750200","tract",2019,"transportation_score",90.06
"27127750300","tract",2019,"transportation_score",91.97
"27127750400","tract",2019,"transportation_score",91.62
"27127750500","tract",2019,"transportation_score",90.63
"27127750600","tract",2019,"transportation_score",92.77
"27129790100","tract",2019,"transportation_score",90.5
"27129790200","tract",2019,"transportation_score",88.47
"27129790300","tract",2019,"transportation_score",88.48
"27129790400","tract",2019,"transportation_score",87.03
"27129790500","tract",2019,"transportation_score",90.83
"27129790600","tract",2019,"transportation_score",89.65
"27131070100","tract",2019,"transportation_score",89.5
"27131070200","tract",2019,"transportation_score",88.22
"27131070300","tract",2019,"transportation_score",87.82
"27131070400","tract",2019,"transportation_score",87.98
"27131070501","tract",2019,"transportation_score",NA
"27131070503","tract",2019,"transportation_score",87.76
"27131070504","tract",2019,"transportation_score",92.31
"27131070601","tract",2019,"transportation_score",97.16
"27131070602","tract",2019,"transportation_score",NA
"27131070700","tract",2019,"transportation_score",92.68
"27131070800","tract",2019,"transportation_score",89.52
"27131070901","tract",2019,"transportation_score",90.08
"27131070902","tract",2019,"transportation_score",94.14
"27133570100","tract",2019,"transportation_score",87.12
"27133570200","tract",2019,"transportation_score",87.22
"27133570300","tract",2019,"transportation_score",90.11
"27135970100","tract",2019,"transportation_score",89.16
"27135970200","tract",2019,"transportation_score",88.53
"27135970300","tract",2019,"transportation_score",90.57
"27135970400","tract",2019,"transportation_score",89.42
"27135970500","tract",2019,"transportation_score",91.79
"27137000100","tract",2019,"transportation_score",93.74
"27137000200","tract",2019,"transportation_score",93.66
"27137000300","tract",2019,"transportation_score",92.13
"27137000400","tract",2019,"transportation_score",93.22
"27137000500","tract",2019,"transportation_score",92.24
"27137000600","tract",2019,"transportation_score",92.98
"27137000700","tract",2019,"transportation_score",92.6
"27137000900","tract",2019,"transportation_score",93.32
"27137001000","tract",2019,"transportation_score",93.61
"27137001100","tract",2019,"transportation_score",89.75
"27137001200","tract",2019,"transportation_score",99.43
"27137001300","tract",2019,"transportation_score",99.8
"27137001400","tract",2019,"transportation_score",104.32
"27137001600","tract",2019,"transportation_score",108.96
"27137001700","tract",2019,"transportation_score",109.78
"27137001800","tract",2019,"transportation_score",100.12
"27137001900","tract",2019,"transportation_score",137.03
"27137002000","tract",2019,"transportation_score",99.16
"27137002200","tract",2019,"transportation_score",92.76
"27137002300","tract",2019,"transportation_score",90.71
"27137002400","tract",2019,"transportation_score",93.67
"27137002600","tract",2019,"transportation_score",92.86
"27137002900","tract",2019,"transportation_score",94.24
"27137003000","tract",2019,"transportation_score",92.29
"27137003300","tract",2019,"transportation_score",95.2
"27137003400","tract",2019,"transportation_score",98.72
"27137003600","tract",2019,"transportation_score",97.37
"27137003700","tract",2019,"transportation_score",104.07
"27137003800","tract",2019,"transportation_score",95.91
"27137010100","tract",2019,"transportation_score",93.84
"27137010200","tract",2019,"transportation_score",87.22
"27137010300","tract",2019,"transportation_score",87.31
"27137010400","tract",2019,"transportation_score",87.77
"27137010500","tract",2019,"transportation_score",88.12
"27137010600","tract",2019,"transportation_score",87.82
"27137011100","tract",2019,"transportation_score",87.34
"27137011200","tract",2019,"transportation_score",94.08
"27137011300","tract",2019,"transportation_score",90.13
"27137011400","tract",2019,"transportation_score",88.52
"27137012100","tract",2019,"transportation_score",88.67
"27137012200","tract",2019,"transportation_score",99.64
"27137012300","tract",2019,"transportation_score",102.37
"27137012400","tract",2019,"transportation_score",95.58
"27137012500","tract",2019,"transportation_score",96.38
"27137012600","tract",2019,"transportation_score",94.28
"27137012700","tract",2019,"transportation_score",88.99
"27137012800","tract",2019,"transportation_score",93.38
"27137013000","tract",2019,"transportation_score",104.09
"27137013100","tract",2019,"transportation_score",109.28
"27137013200","tract",2019,"transportation_score",95.05
"27137013300","tract",2019,"transportation_score",99.34
"27137013400","tract",2019,"transportation_score",86.95
"27137013500","tract",2019,"transportation_score",89.25
"27137013600","tract",2019,"transportation_score",88.78
"27137013800","tract",2019,"transportation_score",93.27
"27137013900","tract",2019,"transportation_score",88.67
"27137014000","tract",2019,"transportation_score",90.2
"27137014100","tract",2019,"transportation_score",94.98
"27137015100","tract",2019,"transportation_score",88.42
"27137015200","tract",2019,"transportation_score",87.88
"27137015300","tract",2019,"transportation_score",98.36
"27137015400","tract",2019,"transportation_score",92.97
"27137015500","tract",2019,"transportation_score",92.64
"27137015600","tract",2019,"transportation_score",108.03
"27137015700","tract",2019,"transportation_score",NA
"27137015800","tract",2019,"transportation_score",96.17
"27137990100","tract",2019,"transportation_score",NA
"27139080100","tract",2019,"transportation_score",94.82
"27139080201","tract",2019,"transportation_score",91.17
"27139080202","tract",2019,"transportation_score",91.72
"27139080203","tract",2019,"transportation_score",90.96
"27139080204","tract",2019,"transportation_score",92.05
"27139080205","tract",2019,"transportation_score",92.34
"27139080301","tract",2019,"transportation_score",93.91
"27139080302","tract",2019,"transportation_score",91.36
"27139080400","tract",2019,"transportation_score",97.99
"27139080500","tract",2019,"transportation_score",NA
"27139080600","tract",2019,"transportation_score",91.13
"27139080700","tract",2019,"transportation_score",89.07
"27139080800","tract",2019,"transportation_score",90.66
"27139080903","tract",2019,"transportation_score",92.1
"27139080904","tract",2019,"transportation_score",95.71
"27139080905","tract",2019,"transportation_score",90.18
"27139080906","tract",2019,"transportation_score",91.77
"27139081000","tract",2019,"transportation_score",91.14
"27139081100","tract",2019,"transportation_score",88.19
"27139081200","tract",2019,"transportation_score",89.27
"27139081300","tract",2019,"transportation_score",88.91
"27141030101","tract",2019,"transportation_score",89.34
"27141030102","tract",2019,"transportation_score",89.64
"27141030200","tract",2019,"transportation_score",90.03
"27141030300","tract",2019,"transportation_score",88.48
"27141030402","tract",2019,"transportation_score",89.36
"27141030403","tract",2019,"transportation_score",86.69
"27141030404","tract",2019,"transportation_score",89.31
"27141030502","tract",2019,"transportation_score",94.2
"27141030503","tract",2019,"transportation_score",91.98
"27141030504","tract",2019,"transportation_score",89.89
"27141031500","tract",2019,"transportation_score",99.21
"27143170198","tract",2019,"transportation_score",88.61
"27143170200","tract",2019,"transportation_score",90.3
"27143170300","tract",2019,"transportation_score",89.28
"27143170400","tract",2019,"transportation_score",91.02
"27145000301","tract",2019,"transportation_score",104.26
"27145000302","tract",2019,"transportation_score",101.53
"27145000401","tract",2019,"transportation_score",100.22
"27145000402","tract",2019,"transportation_score",94.25
"27145000500","tract",2019,"transportation_score",100.62
"27145000601","tract",2019,"transportation_score",95
"27145000602","tract",2019,"transportation_score",98.75
"27145000701","tract",2019,"transportation_score",96.75
"27145000801","tract",2019,"transportation_score",100.51
"27145000901","tract",2019,"transportation_score",99.02
"27145001001","tract",2019,"transportation_score",96.1
"27145010101","tract",2019,"transportation_score",94.18
"27145010102","tract",2019,"transportation_score",88.37
"27145010200","tract",2019,"transportation_score",87.73
"27145010401","tract",2019,"transportation_score",88.36
"27145010402","tract",2019,"transportation_score",90.1
"27145010403","tract",2019,"transportation_score",88.65
"27145010500","tract",2019,"transportation_score",90.54
"27145010600","tract",2019,"transportation_score",88.61
"27145010900","tract",2019,"transportation_score",92.25
"27145011000","tract",2019,"transportation_score",89.79
"27145011100","tract",2019,"transportation_score",89.88
"27145011200","tract",2019,"transportation_score",90.32
"27145011301","tract",2019,"transportation_score",98.21
"27145011302","tract",2019,"transportation_score",88.47
"27145011304","tract",2019,"transportation_score",96.9
"27145011400","tract",2019,"transportation_score",88.71
"27145011500","tract",2019,"transportation_score",88.89
"27145011600","tract",2019,"transportation_score",NA
"27147960100","tract",2019,"transportation_score",87.27
"27147960200","tract",2019,"transportation_score",87.66
"27147960300","tract",2019,"transportation_score",87.82
"27147960400","tract",2019,"transportation_score",90.23
"27147960500","tract",2019,"transportation_score",87.7
"27147960600","tract",2019,"transportation_score",94.38
"27147960700","tract",2019,"transportation_score",88.7
"27147960800","tract",2019,"transportation_score",89.57
"27149480100","tract",2019,"transportation_score",92.76
"27149480200","tract",2019,"transportation_score",95.04
"27149480300","tract",2019,"transportation_score",91
"27151960100","tract",2019,"transportation_score",91.83
"27151960200","tract",2019,"transportation_score",91.26
"27151960300","tract",2019,"transportation_score",87.91
"27151960400","tract",2019,"transportation_score",94.75
"27153790100","tract",2019,"transportation_score",90.14
"27153790200","tract",2019,"transportation_score",93.44
"27153790300","tract",2019,"transportation_score",94.08
"27153790400","tract",2019,"transportation_score",91.1
"27153790500","tract",2019,"transportation_score",90.46
"27153790600","tract",2019,"transportation_score",91.85
"27153790700","tract",2019,"transportation_score",91.16
"27153790800","tract",2019,"transportation_score",91.48
"27155460100","tract",2019,"transportation_score",90.38
"27155460200","tract",2019,"transportation_score",93.31
"27157490100","tract",2019,"transportation_score",93.78
"27157490200","tract",2019,"transportation_score",91.67
"27157490300","tract",2019,"transportation_score",92.83
"27157490400","tract",2019,"transportation_score",90.29
"27157490500","tract",2019,"transportation_score",90.54
"27157490600","tract",2019,"transportation_score",96.42
"27159480100","tract",2019,"transportation_score",90.41
"27159480200","tract",2019,"transportation_score",90.01
"27159480300","tract",2019,"transportation_score",93.9
"27161790100","tract",2019,"transportation_score",88.43
"27161790200","tract",2019,"transportation_score",91
"27161790300","tract",2019,"transportation_score",87.09
"27161790400","tract",2019,"transportation_score",89.15
"27161790500","tract",2019,"transportation_score",90.84
"27163070103","tract",2019,"transportation_score",93.93
"27163070104","tract",2019,"transportation_score",92.06
"27163070105","tract",2019,"transportation_score",89.55
"27163070106","tract",2019,"transportation_score",89.17
"27163070203","tract",2019,"transportation_score",90.26
"27163070204","tract",2019,"transportation_score",88.46
"27163070205","tract",2019,"transportation_score",89.7
"27163070206","tract",2019,"transportation_score",90.08
"27163070301","tract",2019,"transportation_score",89.34
"27163070303","tract",2019,"transportation_score",89.78
"27163070304","tract",2019,"transportation_score",92.64
"27163070403","tract",2019,"transportation_score",87.22
"27163070404","tract",2019,"transportation_score",88.08
"27163070405","tract",2019,"transportation_score",91.21
"27163070406","tract",2019,"transportation_score",92.18
"27163070501","tract",2019,"transportation_score",92.1
"27163070502","tract",2019,"transportation_score",98.53
"27163070601","tract",2019,"transportation_score",95.19
"27163070602","tract",2019,"transportation_score",95.13
"27163070701","tract",2019,"transportation_score",88.59
"27163070703","tract",2019,"transportation_score",94.44
"27163070704","tract",2019,"transportation_score",92.06
"27163070801","tract",2019,"transportation_score",NA
"27163070802","tract",2019,"transportation_score",NA
"27163070906","tract",2019,"transportation_score",93.01
"27163070907","tract",2019,"transportation_score",96.71
"27163070909","tract",2019,"transportation_score",92.34
"27163070910","tract",2019,"transportation_score",92.6
"27163070911","tract",2019,"transportation_score",93.34
"27163070912","tract",2019,"transportation_score",99.61
"27163071001","tract",2019,"transportation_score",90.8
"27163071003","tract",2019,"transportation_score",90.91
"27163071006","tract",2019,"transportation_score",88.97
"27163071010","tract",2019,"transportation_score",92.83
"27163071011","tract",2019,"transportation_score",92.24
"27163071012","tract",2019,"transportation_score",94.09
"27163071013","tract",2019,"transportation_score",96.03
"27163071014","tract",2019,"transportation_score",91.92
"27163071015","tract",2019,"transportation_score",95.29
"27163071016","tract",2019,"transportation_score",92.27
"27163071017","tract",2019,"transportation_score",91.29
"27163071018","tract",2019,"transportation_score",92.64
"27163071101","tract",2019,"transportation_score",88.78
"27163071102","tract",2019,"transportation_score",88.06
"27163071206","tract",2019,"transportation_score",93.01
"27163071207","tract",2019,"transportation_score",90.38
"27163071208","tract",2019,"transportation_score",91.81
"27163071209","tract",2019,"transportation_score",92.18
"27163071300","tract",2019,"transportation_score",88.68
"27163071400","tract",2019,"transportation_score",94.43
"27165950100","tract",2019,"transportation_score",93.74
"27165950200","tract",2019,"transportation_score",98.1
"27165950300","tract",2019,"transportation_score",89.58
"27167950100","tract",2019,"transportation_score",89.74
"27167950200","tract",2019,"transportation_score",88.69
"27169670100","tract",2019,"transportation_score",89.96
"27169670200","tract",2019,"transportation_score",94.31
"27169670300","tract",2019,"transportation_score",104.18
"27169670400","tract",2019,"transportation_score",94.76
"27169670500","tract",2019,"transportation_score",109.33
"27169670600","tract",2019,"transportation_score",98.59
"27169670700","tract",2019,"transportation_score",97.39
"27169670800","tract",2019,"transportation_score",90.25
"27169670900","tract",2019,"transportation_score",90.13
"27169671000","tract",2019,"transportation_score",94.73
"27171100100","tract",2019,"transportation_score",91.85
"27171100202","tract",2019,"transportation_score",88.97
"27171100203","tract",2019,"transportation_score",90.49
"27171100204","tract",2019,"transportation_score",89.79
"27171100300","tract",2019,"transportation_score",89.2
"27171100400","tract",2019,"transportation_score",90.81
"27171100500","tract",2019,"transportation_score",89.48
"27171100701","tract",2019,"transportation_score",91.33
"27171100702","tract",2019,"transportation_score",91.24
"27171100703","tract",2019,"transportation_score",90.48
"27171100801","tract",2019,"transportation_score",91.78
"27171100802","tract",2019,"transportation_score",90.22
"27171100900","tract",2019,"transportation_score",88.11
"27171101000","tract",2019,"transportation_score",89.2
"27171101100","tract",2019,"transportation_score",89.98
"27171101200","tract",2019,"transportation_score",90.07
"27171101300","tract",2019,"transportation_score",90.2
"27173970100","tract",2019,"transportation_score",95.79
"27173970200","tract",2019,"transportation_score",92.13
"27173970300","tract",2019,"transportation_score",89.11
"27173970400","tract",2019,"transportation_score",88.87
"27001770100","tract",2019,"transportation_rnk",29.2781
"27001770200","tract",2019,"transportation_rnk",26.5572
"27001770300","tract",2019,"transportation_rnk",43.1858
"27001770400","tract",2019,"transportation_rnk",32.9285
"27001790501","tract",2019,"transportation_rnk",36.2954
"27001790502","tract",2019,"transportation_rnk",27.8577
"27003050107","tract",2019,"transportation_rnk",10.119
"27003050108","tract",2019,"transportation_rnk",23.6149
"27003050109","tract",2019,"transportation_rnk",10.0372
"27003050110","tract",2019,"transportation_rnk",1.5177
"27003050111","tract",2019,"transportation_rnk",4.405
"27003050114","tract",2019,"transportation_rnk",6.1132
"27003050115","tract",2019,"transportation_rnk",38.8485
"27003050116","tract",2019,"transportation_rnk",2.4966
"27003050208","tract",2019,"transportation_rnk",5.5518
"27003050210","tract",2019,"transportation_rnk",6.9595
"27003050215","tract",2019,"transportation_rnk",7.4715
"27003050216","tract",2019,"transportation_rnk",12.3152
"27003050217","tract",2019,"transportation_rnk",3.8197
"27003050218","tract",2019,"transportation_rnk",31.8227
"27003050219","tract",2019,"transportation_rnk",7.7861
"27003050220","tract",2019,"transportation_rnk",44.1196
"27003050221","tract",2019,"transportation_rnk",47.5358
"27003050222","tract",2019,"transportation_rnk",46.0238
"27003050223","tract",2019,"transportation_rnk",28.4741
"27003050224","tract",2019,"transportation_rnk",22.5612
"27003050225","tract",2019,"transportation_rnk",15.5143
"27003050226","tract",2019,"transportation_rnk",21.1479
"27003050227","tract",2019,"transportation_rnk",31.1555
"27003050228","tract",2019,"transportation_rnk",19.4412
"27003050229","tract",2019,"transportation_rnk",45.7332
"27003050230","tract",2019,"transportation_rnk",4.5179
"27003050232","tract",2019,"transportation_rnk",40.6285
"27003050233","tract",2019,"transportation_rnk",16.0884
"27003050234","tract",2019,"transportation_rnk",11.4365
"27003050235","tract",2019,"transportation_rnk",9.229
"27003050236","tract",2019,"transportation_rnk",14.345
"27003050237","tract",2019,"transportation_rnk",35.5916
"27003050401","tract",2019,"transportation_rnk",56.5138
"27003050402","tract",2019,"transportation_rnk",69.7896
"27003050501","tract",2019,"transportation_rnk",72.753
"27003050504","tract",2019,"transportation_rnk",42.3508
"27003050505","tract",2019,"transportation_rnk",53.7012
"27003050602","tract",2019,"transportation_rnk",45.3665
"27003050605","tract",2019,"transportation_rnk",49.6248
"27003050606","tract",2019,"transportation_rnk",60.3193
"27003050607","tract",2019,"transportation_rnk",59.8778
"27003050608","tract",2019,"transportation_rnk",55.4122
"27003050609","tract",2019,"transportation_rnk",31.9792
"27003050610","tract",2019,"transportation_rnk",59.0245
"27003050702","tract",2019,"transportation_rnk",33.7508
"27003050704","tract",2019,"transportation_rnk",46.2071
"27003050706","tract",2019,"transportation_rnk",50.2511
"27003050707","tract",2019,"transportation_rnk",33.1584
"27003050709","tract",2019,"transportation_rnk",29.9425
"27003050710","tract",2019,"transportation_rnk",60.3193
"27003050711","tract",2019,"transportation_rnk",36.9231
"27003050712","tract",2019,"transportation_rnk",65.7075
"27003050805","tract",2019,"transportation_rnk",36.9231
"27003050806","tract",2019,"transportation_rnk",51.1355
"27003050807","tract",2019,"transportation_rnk",61.1106
"27003050808","tract",2019,"transportation_rnk",49.3864
"27003050809","tract",2019,"transportation_rnk",38.6256
"27003050810","tract",2019,"transportation_rnk",58.7988
"27003050811","tract",2019,"transportation_rnk",39.6637
"27003050813","tract",2019,"transportation_rnk",43.4496
"27003050816","tract",2019,"transportation_rnk",36.2362
"27003050818","tract",2019,"transportation_rnk",49.1847
"27003050819","tract",2019,"transportation_rnk",49.4598
"27003050820","tract",2019,"transportation_rnk",35.9371
"27003050821","tract",2019,"transportation_rnk",55.5194
"27003050901","tract",2019,"transportation_rnk",68.1266
"27003050902","tract",2019,"transportation_rnk",38.9176
"27003051001","tract",2019,"transportation_rnk",31.6097
"27003051002","tract",2019,"transportation_rnk",55.7323
"27003051101","tract",2019,"transportation_rnk",55.9891
"27003051102","tract",2019,"transportation_rnk",67.8021
"27003051103","tract",2019,"transportation_rnk",66.0404
"27003051201","tract",2019,"transportation_rnk",69.2183
"27003051202","tract",2019,"transportation_rnk",68.1266
"27003051203","tract",2019,"transportation_rnk",59.6099
"27003051206","tract",2019,"transportation_rnk",68.6625
"27003051302","tract",2019,"transportation_rnk",69.8671
"27003051304","tract",2019,"transportation_rnk",59.8468
"27003051305","tract",2019,"transportation_rnk",78.2837
"27003051400","tract",2019,"transportation_rnk",56.7141
"27003051501","tract",2019,"transportation_rnk",85.751
"27003051502","tract",2019,"transportation_rnk",71.3933
"27003051600","tract",2019,"transportation_rnk",5.0595
"27005450100","tract",2019,"transportation_rnk",15.3535
"27005450200","tract",2019,"transportation_rnk",32.243
"27005450300","tract",2019,"transportation_rnk",3.0651
"27005450400","tract",2019,"transportation_rnk",17.1477
"27005450500","tract",2019,"transportation_rnk",56.4277
"27005450600","tract",2019,"transportation_rnk",76.4274
"27005450700","tract",2019,"transportation_rnk",6.061
"27005450800","tract",2019,"transportation_rnk",9.9766
"27005450900","tract",2019,"transportation_rnk",12.3152
"27005940000","tract",2019,"transportation_rnk",35.7369
"27007450100","tract",2019,"transportation_rnk",18.4171
"27007450200","tract",2019,"transportation_rnk",32.3121
"27007450300","tract",2019,"transportation_rnk",12.8399
"27007450400","tract",2019,"transportation_rnk",40.3662
"27007450500","tract",2019,"transportation_rnk",45.2804
"27007450600","tract",2019,"transportation_rnk",64.0572
"27007450701","tract",2019,"transportation_rnk",55.281
"27007450702","tract",2019,"transportation_rnk",61.5761
"27007940001","tract",2019,"transportation_rnk",72.3398
"27007940002","tract",2019,"transportation_rnk",43.9376
"27009020100","tract",2019,"transportation_rnk",19.7867
"27009020202","tract",2019,"transportation_rnk",21.3369
"27009020203","tract",2019,"transportation_rnk",12.2489
"27009020205","tract",2019,"transportation_rnk",0.7038
"27009020206","tract",2019,"transportation_rnk",32.542
"27009020300","tract",2019,"transportation_rnk",1.5671
"27009021101","tract",2019,"transportation_rnk",61.4435
"27009021102","tract",2019,"transportation_rnk",28.4741
"27009021200","tract",2019,"transportation_rnk",74.2962
"27011950100","tract",2019,"transportation_rnk",40.1038
"27011950200","tract",2019,"transportation_rnk",28.144
"27011950300","tract",2019,"transportation_rnk",18.4171
"27013170100","tract",2019,"transportation_rnk",2.4049
"27013170200","tract",2019,"transportation_rnk",3.9368
"27013170300","tract",2019,"transportation_rnk",55.1385
"27013170400","tract",2019,"transportation_rnk",67.7006
"27013170500","tract",2019,"transportation_rnk",66.4593
"27013170600","tract",2019,"transportation_rnk",80.7535
"27013170700","tract",2019,"transportation_rnk",81.5899
"27013170800","tract",2019,"transportation_rnk",46.8475
"27013170900","tract",2019,"transportation_rnk",2.8182
"27013171000","tract",2019,"transportation_rnk",9.8017
"27013171101","tract",2019,"transportation_rnk",NA
"27013171202","tract",2019,"transportation_rnk",76.6813
"27013171300","tract",2019,"transportation_rnk",1.9522
"27013171400","tract",2019,"transportation_rnk",21.5287
"27013171500","tract",2019,"transportation_rnk",29.2781
"27013171600","tract",2019,"transportation_rnk",55.841
"27015960101","tract",2019,"transportation_rnk",68.3339
"27015960102","tract",2019,"transportation_rnk",22.313
"27015960200","tract",2019,"transportation_rnk",56.0934
"27015960300","tract",2019,"transportation_rnk",53.7012
"27015960400","tract",2019,"transportation_rnk",3.0227
"27015960500","tract",2019,"transportation_rnk",18.0814
"27015960600","tract",2019,"transportation_rnk",24.6516
"27015960700","tract",2019,"transportation_rnk",6.2345
"27017070100","tract",2019,"transportation_rnk",8.1683
"27017070200","tract",2019,"transportation_rnk",38.3125
"27017070300","tract",2019,"transportation_rnk",1.883
"27017070400","tract",2019,"transportation_rnk",8.0583
"27017070500","tract",2019,"transportation_rnk",31.9792
"27017070600","tract",2019,"transportation_rnk",18.8332
"27017940000","tract",2019,"transportation_rnk",13.1531
"27019090100","tract",2019,"transportation_rnk",38.122
"27019090200","tract",2019,"transportation_rnk",9.5732
"27019090301","tract",2019,"transportation_rnk",31.3911
"27019090302","tract",2019,"transportation_rnk",13.9796
"27019090401","tract",2019,"transportation_rnk",31.1555
"27019090402","tract",2019,"transportation_rnk",10.7213
"27019090501","tract",2019,"transportation_rnk",6.439
"27019090502","tract",2019,"transportation_rnk",23.8772
"27019090503","tract",2019,"transportation_rnk",26.041
"27019090601","tract",2019,"transportation_rnk",25.6305
"27019090602","tract",2019,"transportation_rnk",34.5718
"27019090701","tract",2019,"transportation_rnk",34.4349
"27019090702","tract",2019,"transportation_rnk",27.8577
"27019090800","tract",2019,"transportation_rnk",44.8573
"27019090900","tract",2019,"transportation_rnk",34.0132
"27019091000","tract",2019,"transportation_rnk",52.4543
"27019091100","tract",2019,"transportation_rnk",21.0647
"27019091201","tract",2019,"transportation_rnk",24.6516
"27019091202","tract",2019,"transportation_rnk",20.3368
"27021940001","tract",2019,"transportation_rnk",43.5793
"27021940002","tract",2019,"transportation_rnk",64.3238
"27021960100","tract",2019,"transportation_rnk",50.1904
"27021960200","tract",2019,"transportation_rnk",43.6611
"27021960301","tract",2019,"transportation_rnk",58.3488
"27021960302","tract",2019,"transportation_rnk",41.9488
"27021960600","tract",2019,"transportation_rnk",36.9231
"27021960700","tract",2019,"transportation_rnk",30.6618
"27021960801","tract",2019,"transportation_rnk",11.6523
"27021960802","tract",2019,"transportation_rnk",15.0474
"27023950300","tract",2019,"transportation_rnk",31.3911
"27023950400","tract",2019,"transportation_rnk",11.6523
"27023950500","tract",2019,"transportation_rnk",19.5074
"27023950600","tract",2019,"transportation_rnk",72.6261
"27025110100","tract",2019,"transportation_rnk",17.9206
"27025110200","tract",2019,"transportation_rnk",20.6486
"27025110301","tract",2019,"transportation_rnk",17.1477
"27025110302","tract",2019,"transportation_rnk",41.5693
"27025110401","tract",2019,"transportation_rnk",7.7861
"27025110402","tract",2019,"transportation_rnk",21.8136
"27025110501","tract",2019,"transportation_rnk",41.101
"27025110502","tract",2019,"transportation_rnk",49.2905
"27025110600","tract",2019,"transportation_rnk",7.7212
"27025110700","tract",2019,"transportation_rnk",23.5133
"27027020100","tract",2019,"transportation_rnk",29.7788
"27027020202","tract",2019,"transportation_rnk",41.2435
"27027020300","tract",2019,"transportation_rnk",69.4031
"27027020400","tract",2019,"transportation_rnk",NA
"27027020500","tract",2019,"transportation_rnk",17.7499
"27027020600","tract",2019,"transportation_rnk",56.3727
"27027030102","tract",2019,"transportation_rnk",23.4118
"27027030103","tract",2019,"transportation_rnk",36.6875
"27027030104","tract",2019,"transportation_rnk",6.9595
"27027030106","tract",2019,"transportation_rnk",5.6364
"27027030107","tract",2019,"transportation_rnk",26.883
"27027030201","tract",2019,"transportation_rnk",19.3509
"27027030202","tract",2019,"transportation_rnk",25.9549
"27029000100","tract",2019,"transportation_rnk",26.7166
"27029000200","tract",2019,"transportation_rnk",34.1528
"27029000300","tract",2019,"transportation_rnk",40.9459
"27031480100","tract",2019,"transportation_rnk",42.1618
"27031480200","tract",2019,"transportation_rnk",72.3398
"27031990000","tract",2019,"transportation_rnk",NA
"27033270100","tract",2019,"transportation_rnk",22.5612
"27033270200","tract",2019,"transportation_rnk",8.851
"27033270300","tract",2019,"transportation_rnk",14.8739
"27033270400","tract",2019,"transportation_rnk",32.1598
"27035950100","tract",2019,"transportation_rnk",17.9206
"27035950204","tract",2019,"transportation_rnk",31.5349
"27035950400","tract",2019,"transportation_rnk",9.9286
"27035950501","tract",2019,"transportation_rnk",7.9751
"27035950502","tract",2019,"transportation_rnk",24.6516
"27035950700","tract",2019,"transportation_rnk",46.6444
"27035950800","tract",2019,"transportation_rnk",9.229
"27035950900","tract",2019,"transportation_rnk",5.2246
"27035951000","tract",2019,"transportation_rnk",16.6413
"27035951100","tract",2019,"transportation_rnk",61.6748
"27035951200","tract",2019,"transportation_rnk",44.5554
"27035951301","tract",2019,"transportation_rnk",9.5027
"27035951302","tract",2019,"transportation_rnk",31.7564
"27035951400","tract",2019,"transportation_rnk",1.7025
"27035951600","tract",2019,"transportation_rnk",35.6621
"27035951700","tract",2019,"transportation_rnk",24.4654
"27037060101","tract",2019,"transportation_rnk",47.265
"27037060102","tract",2019,"transportation_rnk",75.3696
"27037060103","tract",2019,"transportation_rnk",35.6621
"27037060104","tract",2019,"transportation_rnk",81.6548
"27037060105","tract",2019,"transportation_rnk",82.3333
"27037060201","tract",2019,"transportation_rnk",16.0108
"27037060202","tract",2019,"transportation_rnk",56.2063
"27037060301","tract",2019,"transportation_rnk",59.3376
"27037060302","tract",2019,"transportation_rnk",51.7575
"27037060401","tract",2019,"transportation_rnk",56.2697
"27037060402","tract",2019,"transportation_rnk",24.5642
"27037060502","tract",2019,"transportation_rnk",44.609
"27037060503","tract",2019,"transportation_rnk",45.8813
"27037060505","tract",2019,"transportation_rnk",52.4148
"27037060506","tract",2019,"transportation_rnk",53.5968
"27037060507","tract",2019,"transportation_rnk",35.7369
"27037060508","tract",2019,"transportation_rnk",1.883
"27037060509","tract",2019,"transportation_rnk",39.4225
"27037060603","tract",2019,"transportation_rnk",42.3508
"27037060604","tract",2019,"transportation_rnk",32.7691
"27037060605","tract",2019,"transportation_rnk",12.3152
"27037060606","tract",2019,"transportation_rnk",39.5156
"27037060709","tract",2019,"transportation_rnk",49.1847
"27037060710","tract",2019,"transportation_rnk",61.2602
"27037060711","tract",2019,"transportation_rnk",75.2454
"27037060713","tract",2019,"transportation_rnk",64.6651
"27037060714","tract",2019,"transportation_rnk",55.7323
"27037060716","tract",2019,"transportation_rnk",38.7779
"27037060717","tract",2019,"transportation_rnk",42.8473
"27037060721","tract",2019,"transportation_rnk",65.0544
"27037060725","tract",2019,"transportation_rnk",62.7666
"27037060726","tract",2019,"transportation_rnk",48.526
"27037060727","tract",2019,"transportation_rnk",60.0006
"27037060728","tract",2019,"transportation_rnk",44.3734
"27037060729","tract",2019,"transportation_rnk",54.7097
"27037060730","tract",2019,"transportation_rnk",41.0192
"27037060731","tract",2019,"transportation_rnk",40.4931
"27037060732","tract",2019,"transportation_rnk",42.1618
"27037060733","tract",2019,"transportation_rnk",42.7161
"27037060734","tract",2019,"transportation_rnk",24.1128
"27037060735","tract",2019,"transportation_rnk",47.3454
"27037060737","tract",2019,"transportation_rnk",64.2406
"27037060738","tract",2019,"transportation_rnk",67.3508
"27037060739","tract",2019,"transportation_rnk",25.7208
"27037060741","tract",2019,"transportation_rnk",66.0404
"27037060742","tract",2019,"transportation_rnk",41.1673
"27037060743","tract",2019,"transportation_rnk",63.4817
"27037060744","tract",2019,"transportation_rnk",36.6128
"27037060745","tract",2019,"transportation_rnk",66.9459
"27037060746","tract",2019,"transportation_rnk",43.9898
"27037060747","tract",2019,"transportation_rnk",55.3741
"27037060748","tract",2019,"transportation_rnk",71.6148
"27037060749","tract",2019,"transportation_rnk",68.2747
"27037060750","tract",2019,"transportation_rnk",69.9969
"27037060805","tract",2019,"transportation_rnk",50.7687
"27037060806","tract",2019,"transportation_rnk",32.0582
"27037060811","tract",2019,"transportation_rnk",70.0914
"27037060812","tract",2019,"transportation_rnk",36.4661
"27037060813","tract",2019,"transportation_rnk",40.4931
"27037060814","tract",2019,"transportation_rnk",40.2308
"27037060815","tract",2019,"transportation_rnk",42.7753
"27037060816","tract",2019,"transportation_rnk",41.4269
"27037060817","tract",2019,"transportation_rnk",62.8879
"27037060818","tract",2019,"transportation_rnk",44.3029
"27037060819","tract",2019,"transportation_rnk",35.5196
"27037060820","tract",2019,"transportation_rnk",35.3758
"27037060821","tract",2019,"transportation_rnk",54.7097
"27037060822","tract",2019,"transportation_rnk",24.9013
"27037060823","tract",2019,"transportation_rnk",31.6929
"27037060824","tract",2019,"transportation_rnk",55.233
"27037060825","tract",2019,"transportation_rnk",34.1528
"27037060826","tract",2019,"transportation_rnk",44.9489
"27037060828","tract",2019,"transportation_rnk",63.7991
"27037060829","tract",2019,"transportation_rnk",44.5032
"27037060902","tract",2019,"transportation_rnk",12.0529
"27037060904","tract",2019,"transportation_rnk",48.1833
"27037060905","tract",2019,"transportation_rnk",15.6708
"27037060906","tract",2019,"transportation_rnk",12.0529
"27037060907","tract",2019,"transportation_rnk",63.3012
"27037061001","tract",2019,"transportation_rnk",2.8535
"27037061003","tract",2019,"transportation_rnk",21.3369
"27037061004","tract",2019,"transportation_rnk",16.4255
"27037061005","tract",2019,"transportation_rnk",36.3815
"27037061007","tract",2019,"transportation_rnk",37.366
"27037061008","tract",2019,"transportation_rnk",51.1891
"27037061009","tract",2019,"transportation_rnk",47.5358
"27037061102","tract",2019,"transportation_rnk",33.583
"27037061105","tract",2019,"transportation_rnk",42.7161
"27037061106","tract",2019,"transportation_rnk",13.73
"27037061107","tract",2019,"transportation_rnk",4.161
"27037061108","tract",2019,"transportation_rnk",29.2118
"27037061401","tract",2019,"transportation_rnk",5.4996
"27037061402","tract",2019,"transportation_rnk",3.6702
"27037061501","tract",2019,"transportation_rnk",10.119
"27037061502","tract",2019,"transportation_rnk",6.1132
"27039950100","tract",2019,"transportation_rnk",3.6702
"27039950200","tract",2019,"transportation_rnk",21.8912
"27039950300","tract",2019,"transportation_rnk",14.4366
"27039950400","tract",2019,"transportation_rnk",30.092
"27039950500","tract",2019,"transportation_rnk",30.02
"27041450100","tract",2019,"transportation_rnk",17.544
"27041450200","tract",2019,"transportation_rnk",4.4601
"27041450500","tract",2019,"transportation_rnk",4.1102
"27041450600","tract",2019,"transportation_rnk",17.3099
"27041450701","tract",2019,"transportation_rnk",9.5732
"27041450702","tract",2019,"transportation_rnk",3.2301
"27041450800","tract",2019,"transportation_rnk",21.6204
"27041450900","tract",2019,"transportation_rnk",5.3614
"27041451000","tract",2019,"transportation_rnk",5.5518
"27043460100","tract",2019,"transportation_rnk",8.5548
"27043460200","tract",2019,"transportation_rnk",40.5665
"27043460300","tract",2019,"transportation_rnk",14.2702
"27043460400","tract",2019,"transportation_rnk",22.1381
"27043460500","tract",2019,"transportation_rnk",23.8772
"27043460600","tract",2019,"transportation_rnk",14.0516
"27045960100","tract",2019,"transportation_rnk",34.3672
"27045960200","tract",2019,"transportation_rnk",21.1479
"27045960300","tract",2019,"transportation_rnk",48.8462
"27045960400","tract",2019,"transportation_rnk",51.9761
"27045960500","tract",2019,"transportation_rnk",65.9036
"27045960600","tract",2019,"transportation_rnk",52.3132
"27047180100","tract",2019,"transportation_rnk",16.4988
"27047180200","tract",2019,"transportation_rnk",8.3517
"27047180300","tract",2019,"transportation_rnk",4.7774
"27047180400","tract",2019,"transportation_rnk",13.1531
"27047180500","tract",2019,"transportation_rnk",32.6873
"27047180600","tract",2019,"transportation_rnk",21.2607
"27047180700","tract",2019,"transportation_rnk",6.5674
"27047180800","tract",2019,"transportation_rnk",56.147
"27047180900","tract",2019,"transportation_rnk",43.1858
"27047181000","tract",2019,"transportation_rnk",6.5674
"27049080101","tract",2019,"transportation_rnk",61.9654
"27049080102","tract",2019,"transportation_rnk",25.7208
"27049080200","tract",2019,"transportation_rnk",13.6411
"27049080300","tract",2019,"transportation_rnk",39.8048
"27049080400","tract",2019,"transportation_rnk",10.5704
"27049080500","tract",2019,"transportation_rnk",5.7874
"27049080600","tract",2019,"transportation_rnk",23.7912
"27049080700","tract",2019,"transportation_rnk",29.2118
"27049080800","tract",2019,"transportation_rnk",16.0108
"27049080900","tract",2019,"transportation_rnk",29.6082
"27051070100","tract",2019,"transportation_rnk",32.243
"27051070200","tract",2019,"transportation_rnk",10.8046
"27053000101","tract",2019,"transportation_rnk",75.6446
"27053000102","tract",2019,"transportation_rnk",80.8621
"27053000300","tract",2019,"transportation_rnk",70.98
"27053000601","tract",2019,"transportation_rnk",70.8192
"27053000603","tract",2019,"transportation_rnk",63.0586
"27053001100","tract",2019,"transportation_rnk",73.5458
"27053001700","tract",2019,"transportation_rnk",66.8049
"27053002200","tract",2019,"transportation_rnk",58.401
"27053002400","tract",2019,"transportation_rnk",70.5399
"27053002700","tract",2019,"transportation_rnk",81.8833
"27053003200","tract",2019,"transportation_rnk",61.6748
"27053003300","tract",2019,"transportation_rnk",87.0176
"27053003800","tract",2019,"transportation_rnk",92.2407
"27053005901","tract",2019,"transportation_rnk",91.5496
"27053005902","tract",2019,"transportation_rnk",92.1589
"27053006800","tract",2019,"transportation_rnk",89.6524
"27053007700","tract",2019,"transportation_rnk",79.7563
"27053007801","tract",2019,"transportation_rnk",90.7541
"27053008100","tract",2019,"transportation_rnk",88.0036
"27053008200","tract",2019,"transportation_rnk",90.0276
"27053008300","tract",2019,"transportation_rnk",78.9325
"27053008400","tract",2019,"transportation_rnk",80.8621
"27053008500","tract",2019,"transportation_rnk",87.3942
"27053009500","tract",2019,"transportation_rnk",73.7785
"27053009600","tract",2019,"transportation_rnk",76.4021
"27053010600","tract",2019,"transportation_rnk",61.0387
"27053010700","tract",2019,"transportation_rnk",67.1871
"27053011000","tract",2019,"transportation_rnk",76.4021
"27053011703","tract",2019,"transportation_rnk",48.7729
"27053011704","tract",2019,"transportation_rnk",56.9877
"27053011800","tract",2019,"transportation_rnk",59.7015
"27053011998","tract",2019,"transportation_rnk",83.724
"27053012001","tract",2019,"transportation_rnk",58.5661
"27053012003","tract",2019,"transportation_rnk",62.1445
"27053012101","tract",2019,"transportation_rnk",76.9705
"27053012102","tract",2019,"transportation_rnk",73.3497
"27053020101","tract",2019,"transportation_rnk",58.5054
"27053020102","tract",2019,"transportation_rnk",61.4435
"27053020200","tract",2019,"transportation_rnk",69.5328
"27053020301","tract",2019,"transportation_rnk",59.253
"27053020302","tract",2019,"transportation_rnk",64.9317
"27053020303","tract",2019,"transportation_rnk",51.9127
"27053020304","tract",2019,"transportation_rnk",78.6504
"27053020400","tract",2019,"transportation_rnk",57.37
"27053020500","tract",2019,"transportation_rnk",56.5688
"27053020600","tract",2019,"transportation_rnk",64.9529
"27053020700","tract",2019,"transportation_rnk",45.0801
"27053020801","tract",2019,"transportation_rnk",60.8977
"27053020804","tract",2019,"transportation_rnk",42.4072
"27053020902","tract",2019,"transportation_rnk",27.7773
"27053020903","tract",2019,"transportation_rnk",44.7797
"27053021001","tract",2019,"transportation_rnk",61.0387
"27053021002","tract",2019,"transportation_rnk",52.7279
"27053021100","tract",2019,"transportation_rnk",60.2206
"27053021200","tract",2019,"transportation_rnk",47.5358
"27053021300","tract",2019,"transportation_rnk",69.4524
"27053021400","tract",2019,"transportation_rnk",48.3469
"27053021501","tract",2019,"transportation_rnk",65.3718
"27053021502","tract",2019,"transportation_rnk",82.2007
"27053021503","tract",2019,"transportation_rnk",49.1847
"27053021504","tract",2019,"transportation_rnk",34.2135
"27053021505","tract",2019,"transportation_rnk",53.0495
"27053021601","tract",2019,"transportation_rnk",57.4306
"27053021602","tract",2019,"transportation_rnk",58.4575
"27053021700","tract",2019,"transportation_rnk",51.5473
"27053021800","tract",2019,"transportation_rnk",26.4683
"27053021900","tract",2019,"transportation_rnk",21.8912
"27053022000","tract",2019,"transportation_rnk",63.4154
"27053022101","tract",2019,"transportation_rnk",69.8164
"27053022102","tract",2019,"transportation_rnk",64.1277
"27053022200","tract",2019,"transportation_rnk",54.2922
"27053022301","tract",2019,"transportation_rnk",62.6114
"27053022302","tract",2019,"transportation_rnk",70.0914
"27053022400","tract",2019,"transportation_rnk",68.9291
"27053022700","tract",2019,"transportation_rnk",64.864
"27053022801","tract",2019,"transportation_rnk",55.3741
"27053022802","tract",2019,"transportation_rnk",69.0603
"27053022901","tract",2019,"transportation_rnk",66.6117
"27053022902","tract",2019,"transportation_rnk",30.7493
"27053023000","tract",2019,"transportation_rnk",52.0805
"27053023100","tract",2019,"transportation_rnk",51.371
"27053023200","tract",2019,"transportation_rnk",74.6333
"27053023300","tract",2019,"transportation_rnk",70.066
"27053023400","tract",2019,"transportation_rnk",71.5118
"27053023501","tract",2019,"transportation_rnk",55.8945
"27053023502","tract",2019,"transportation_rnk",51.426
"27053023600","tract",2019,"transportation_rnk",33.7508
"27053023700","tract",2019,"transportation_rnk",33.0075
"27053023801","tract",2019,"transportation_rnk",30.2401
"27053023802","tract",2019,"transportation_rnk",52.0805
"27053023901","tract",2019,"transportation_rnk",43.75
"27053023902","tract",2019,"transportation_rnk",24.2792
"27053023903","tract",2019,"transportation_rnk",43.6611
"27053024003","tract",2019,"transportation_rnk",70.8869
"27053024004","tract",2019,"transportation_rnk",75.4415
"27053024005","tract",2019,"transportation_rnk",66.1984
"27053024006","tract",2019,"transportation_rnk",42.2351
"27053024100","tract",2019,"transportation_rnk",38.3745
"27053024200","tract",2019,"transportation_rnk",62.8103
"27053024300","tract",2019,"transportation_rnk",86.1544
"27053024400","tract",2019,"transportation_rnk",74.5204
"27053024500","tract",2019,"transportation_rnk",68.0052
"27053024600","tract",2019,"transportation_rnk",71.2367
"27053024700","tract",2019,"transportation_rnk",40.8161
"27053024801","tract",2019,"transportation_rnk",71.6359
"27053024802","tract",2019,"transportation_rnk",82.865
"27053024901","tract",2019,"transportation_rnk",57.37
"27053024902","tract",2019,"transportation_rnk",60.1388
"27053024903","tract",2019,"transportation_rnk",79.2852
"27053025100","tract",2019,"transportation_rnk",77.6334
"27053025201","tract",2019,"transportation_rnk",60.7002
"27053025205","tract",2019,"transportation_rnk",53.1567
"27053025301","tract",2019,"transportation_rnk",48.1833
"27053025302","tract",2019,"transportation_rnk",62.2165
"27053025401","tract",2019,"transportation_rnk",63.4817
"27053025403","tract",2019,"transportation_rnk",69.6217
"27053025601","tract",2019,"transportation_rnk",42.1618
"27053025603","tract",2019,"transportation_rnk",48.7729
"27053025605","tract",2019,"transportation_rnk",40.2985
"27053025701","tract",2019,"transportation_rnk",40.4931
"27053025702","tract",2019,"transportation_rnk",66.3634
"27053025801","tract",2019,"transportation_rnk",61.2602
"27053025802","tract",2019,"transportation_rnk",40.1687
"27053025803","tract",2019,"transportation_rnk",63.8358
"27053025805","tract",2019,"transportation_rnk",65.4028
"27053025903","tract",2019,"transportation_rnk",25.8068
"27053025905","tract",2019,"transportation_rnk",45.1549
"27053025906","tract",2019,"transportation_rnk",37.5028
"27053025907","tract",2019,"transportation_rnk",49.9704
"27053026005","tract",2019,"transportation_rnk",29.2781
"27053026006","tract",2019,"transportation_rnk",50.9479
"27053026007","tract",2019,"transportation_rnk",30.1738
"27053026013","tract",2019,"transportation_rnk",19.2028
"27053026014","tract",2019,"transportation_rnk",44.3734
"27053026015","tract",2019,"transportation_rnk",43.324
"27053026016","tract",2019,"transportation_rnk",41.7217
"27053026018","tract",2019,"transportation_rnk",35.3758
"27053026019","tract",2019,"transportation_rnk",80.4728
"27053026020","tract",2019,"transportation_rnk",49.2482
"27053026021","tract",2019,"transportation_rnk",18.5695
"27053026022","tract",2019,"transportation_rnk",40.4325
"27053026101","tract",2019,"transportation_rnk",20.7416
"27053026103","tract",2019,"transportation_rnk",35.0217
"27053026104","tract",2019,"transportation_rnk",54.618
"27053026201","tract",2019,"transportation_rnk",25.1805
"27053026202","tract",2019,"transportation_rnk",42.8473
"27053026205","tract",2019,"transportation_rnk",51.3047
"27053026206","tract",2019,"transportation_rnk",65.6666
"27053026207","tract",2019,"transportation_rnk",48.526
"27053026208","tract",2019,"transportation_rnk",41.1673
"27053026301","tract",2019,"transportation_rnk",30.439
"27053026302","tract",2019,"transportation_rnk",33.583
"27053026402","tract",2019,"transportation_rnk",64.2773
"27053026403","tract",2019,"transportation_rnk",77.6645
"27053026404","tract",2019,"transportation_rnk",56.2697
"27053026505","tract",2019,"transportation_rnk",50.7687
"27053026507","tract",2019,"transportation_rnk",29.2118
"27053026508","tract",2019,"transportation_rnk",37.4351
"27053026509","tract",2019,"transportation_rnk",36.7567
"27053026510","tract",2019,"transportation_rnk",53.6405
"27053026511","tract",2019,"transportation_rnk",50.2511
"27053026512","tract",2019,"transportation_rnk",61.3434
"27053026514","tract",2019,"transportation_rnk",36.0838
"27053026605","tract",2019,"transportation_rnk",23.8772
"27053026606","tract",2019,"transportation_rnk",42.9968
"27053026609","tract",2019,"transportation_rnk",11.2136
"27053026610","tract",2019,"transportation_rnk",46.4455
"27053026611","tract",2019,"transportation_rnk",60.8977
"27053026612","tract",2019,"transportation_rnk",48.6473
"27053026613","tract",2019,"transportation_rnk",30.7493
"27053026702","tract",2019,"transportation_rnk",35.5196
"27053026706","tract",2019,"transportation_rnk",47.8433
"27053026707","tract",2019,"transportation_rnk",37.8131
"27053026708","tract",2019,"transportation_rnk",60.411
"27053026710","tract",2019,"transportation_rnk",51.426
"27053026711","tract",2019,"transportation_rnk",33.4292
"27053026712","tract",2019,"transportation_rnk",22.8927
"27053026713","tract",2019,"transportation_rnk",51.2469
"27053026714","tract",2019,"transportation_rnk",49.7235
"27053026715","tract",2019,"transportation_rnk",35.4519
"27053026716","tract",2019,"transportation_rnk",33.9286
"27053026807","tract",2019,"transportation_rnk",64.3661
"27053026809","tract",2019,"transportation_rnk",69.4242
"27053026810","tract",2019,"transportation_rnk",67.0306
"27053026811","tract",2019,"transportation_rnk",54.5673
"27053026812","tract",2019,"transportation_rnk",48.3469
"27053026814","tract",2019,"transportation_rnk",38.6975
"27053026815","tract",2019,"transportation_rnk",48.2933
"27053026816","tract",2019,"transportation_rnk",69.6217
"27053026818","tract",2019,"transportation_rnk",29.5278
"27053026819","tract",2019,"transportation_rnk",88.3237
"27053026820","tract",2019,"transportation_rnk",31.2401
"27053026822","tract",2019,"transportation_rnk",45.4906
"27053026823","tract",2019,"transportation_rnk",36.9231
"27053026903","tract",2019,"transportation_rnk",55.5941
"27053026906","tract",2019,"transportation_rnk",37.9641
"27053026907","tract",2019,"transportation_rnk",19.0998
"27053026908","tract",2019,"transportation_rnk",54.2358
"27053026909","tract",2019,"transportation_rnk",29.8494
"27053026910","tract",2019,"transportation_rnk",9.1063
"27053027001","tract",2019,"transportation_rnk",7.9751
"27053027002","tract",2019,"transportation_rnk",12.3152
"27053027101","tract",2019,"transportation_rnk",22.3863
"27053027102","tract",2019,"transportation_rnk",18.5695
"27053027201","tract",2019,"transportation_rnk",3.6702
"27053027202","tract",2019,"transportation_rnk",37.7412
"27053027203","tract",2019,"transportation_rnk",39.3619
"27053027300","tract",2019,"transportation_rnk",53.2216
"27053027400","tract",2019,"transportation_rnk",30.092
"27053027501","tract",2019,"transportation_rnk",45.4906
"27053027503","tract",2019,"transportation_rnk",27.2484
"27053027504","tract",2019,"transportation_rnk",46.9223
"27053027601","tract",2019,"transportation_rnk",65.0939
"27053027602","tract",2019,"transportation_rnk",51.8506
"27053027700","tract",2019,"transportation_rnk",15.6708
"27053100200","tract",2019,"transportation_rnk",72.1451
"27053100400","tract",2019,"transportation_rnk",88.4281
"27053100500","tract",2019,"transportation_rnk",76.5389
"27053100700","tract",2019,"transportation_rnk",62.6114
"27053100800","tract",2019,"transportation_rnk",86.2573
"27053100900","tract",2019,"transportation_rnk",90.6849
"27053101200","tract",2019,"transportation_rnk",64.0276
"27053101300","tract",2019,"transportation_rnk",87.6932
"27053101600","tract",2019,"transportation_rnk",92.324
"27053101800","tract",2019,"transportation_rnk",78.0115
"27053101900","tract",2019,"transportation_rnk",79.0524
"27053102000","tract",2019,"transportation_rnk",77.3654
"27053102100","tract",2019,"transportation_rnk",87.6185
"27053102300","tract",2019,"transportation_rnk",77.5982
"27053102500","tract",2019,"transportation_rnk",81.6548
"27053102600","tract",2019,"transportation_rnk",82.4433
"27053102800","tract",2019,"transportation_rnk",80.4728
"27053102900","tract",2019,"transportation_rnk",77.5982
"27053103000","tract",2019,"transportation_rnk",71.8108
"27053103100","tract",2019,"transportation_rnk",86.0218
"27053103400","tract",2019,"transportation_rnk",85.7058
"27053103600","tract",2019,"transportation_rnk",78.0115
"27053103700","tract",2019,"transportation_rnk",86.885
"27053103900","tract",2019,"transportation_rnk",94.5159
"27053104000","tract",2019,"transportation_rnk",89.2152
"27053104100","tract",2019,"transportation_rnk",82.2148
"27053104400","tract",2019,"transportation_rnk",94.7825
"27053104800","tract",2019,"transportation_rnk",94.5808
"27053104900","tract",2019,"transportation_rnk",NA
"27053105100","tract",2019,"transportation_rnk",57.511
"27053105201","tract",2019,"transportation_rnk",90.74
"27053105204","tract",2019,"transportation_rnk",95.0406
"27053105400","tract",2019,"transportation_rnk",91.9121
"27053105500","tract",2019,"transportation_rnk",82.0582
"27053105600","tract",2019,"transportation_rnk",93.5243
"27053105700","tract",2019,"transportation_rnk",94.3156
"27053106000","tract",2019,"transportation_rnk",91.8416
"27053106200","tract",2019,"transportation_rnk",88.8146
"27053106400","tract",2019,"transportation_rnk",85.6931
"27053106500","tract",2019,"transportation_rnk",47.3454
"27053106600","tract",2019,"transportation_rnk",79.6166
"27053106700","tract",2019,"transportation_rnk",89.644
"27053106900","tract",2019,"transportation_rnk",92.0898
"27053107000","tract",2019,"transportation_rnk",89.2857
"27053107400","tract",2019,"transportation_rnk",85.167
"27053107500","tract",2019,"transportation_rnk",80.2203
"27053107600","tract",2019,"transportation_rnk",73.2834
"27053108000","tract",2019,"transportation_rnk",83.7382
"27053108600","tract",2019,"transportation_rnk",82.9215
"27053108700","tract",2019,"transportation_rnk",77.3316
"27053108800","tract",2019,"transportation_rnk",85.6691
"27053108900","tract",2019,"transportation_rnk",78.1215
"27053109000","tract",2019,"transportation_rnk",74.8011
"27053109100","tract",2019,"transportation_rnk",75.9521
"27053109200","tract",2019,"transportation_rnk",85.6198
"27053109300","tract",2019,"transportation_rnk",82.4094
"27053109400","tract",2019,"transportation_rnk",75.8745
"27053109700","tract",2019,"transportation_rnk",81.1047
"27053109800","tract",2019,"transportation_rnk",66.7019
"27053109900","tract",2019,"transportation_rnk",72.3087
"27053110000","tract",2019,"transportation_rnk",61.1544
"27053110100","tract",2019,"transportation_rnk",76.9141
"27053110200","tract",2019,"transportation_rnk",78.9706
"27053110400","tract",2019,"transportation_rnk",80.982
"27053110500","tract",2019,"transportation_rnk",74.2158
"27053110800","tract",2019,"transportation_rnk",77.7745
"27053110900","tract",2019,"transportation_rnk",60.3193
"27053111100","tract",2019,"transportation_rnk",67.1871
"27053111200","tract",2019,"transportation_rnk",68.7472
"27053111300","tract",2019,"transportation_rnk",66.5764
"27053111400","tract",2019,"transportation_rnk",73.3187
"27053111500","tract",2019,"transportation_rnk",67.7401
"27053111600","tract",2019,"transportation_rnk",66.6117
"27053122500","tract",2019,"transportation_rnk",66.8782
"27053122600","tract",2019,"transportation_rnk",33.1584
"27053125500","tract",2019,"transportation_rnk",51.0015
"27053125600","tract",2019,"transportation_rnk",88.2448
"27053125700","tract",2019,"transportation_rnk",79.1074
"27053125800","tract",2019,"transportation_rnk",86.6438
"27053125900","tract",2019,"transportation_rnk",91.0757
"27053126000","tract",2019,"transportation_rnk",92.9968
"27053126100","tract",2019,"transportation_rnk",93.0109
"27053126200","tract",2019,"transportation_rnk",85.8328
"27053980000","tract",2019,"transportation_rnk",89.1743
"27055020100","tract",2019,"transportation_rnk",19.7007
"27055020200","tract",2019,"transportation_rnk",11.8088
"27055020300","tract",2019,"transportation_rnk",35.3758
"27055020500","tract",2019,"transportation_rnk",20.6486
"27055020900","tract",2019,"transportation_rnk",39.1616
"27057070100","tract",2019,"transportation_rnk",13.225
"27057070200","tract",2019,"transportation_rnk",28.3006
"27057070300","tract",2019,"transportation_rnk",29.9425
"27057070400","tract",2019,"transportation_rnk",29.6928
"27057070500","tract",2019,"transportation_rnk",8.2924
"27057070600","tract",2019,"transportation_rnk",77.491
"27057070700","tract",2019,"transportation_rnk",14.2702
"27059130100","tract",2019,"transportation_rnk",14.6087
"27059130200","tract",2019,"transportation_rnk",34.0936
"27059130301","tract",2019,"transportation_rnk",27.2484
"27059130302","tract",2019,"transportation_rnk",41.9488
"27059130400","tract",2019,"transportation_rnk",11.8088
"27059130501","tract",2019,"transportation_rnk",16.5651
"27059130502","tract",2019,"transportation_rnk",21.5287
"27059130600","tract",2019,"transportation_rnk",11.6523
"27061480100","tract",2019,"transportation_rnk",40.4325
"27061480300","tract",2019,"transportation_rnk",15.8542
"27061480400","tract",2019,"transportation_rnk",26.7166
"27061480500","tract",2019,"transportation_rnk",54.3444
"27061480600","tract",2019,"transportation_rnk",17.4495
"27061480700","tract",2019,"transportation_rnk",6.8396
"27061480801","tract",2019,"transportation_rnk",1.0297
"27061480802","tract",2019,"transportation_rnk",45.8122
"27061480900","tract",2019,"transportation_rnk",32.3121
"27061481000","tract",2019,"transportation_rnk",18.4891
"27061940000","tract",2019,"transportation_rnk",45.3665
"27063480100","tract",2019,"transportation_rnk",14.5156
"27063480200","tract",2019,"transportation_rnk",20.9702
"27063480300","tract",2019,"transportation_rnk",14.9656
"27063480400","tract",2019,"transportation_rnk",33.7508
"27065480100","tract",2019,"transportation_rnk",26.883
"27065480200","tract",2019,"transportation_rnk",31.9792
"27065480300","tract",2019,"transportation_rnk",75.8929
"27065480400","tract",2019,"transportation_rnk",22.4794
"27067770900","tract",2019,"transportation_rnk",40.874
"27067780100","tract",2019,"transportation_rnk",18.4891
"27067780200","tract",2019,"transportation_rnk",20.8813
"27067780300","tract",2019,"transportation_rnk",7.9751
"27067780400","tract",2019,"transportation_rnk",9.5732
"27067780500","tract",2019,"transportation_rnk",46.8475
"27067780600","tract",2019,"transportation_rnk",3.4346
"27067780700","tract",2019,"transportation_rnk",26.6306
"27067780800","tract",2019,"transportation_rnk",51.9127
"27067781000","tract",2019,"transportation_rnk",21.7191
"27067781100","tract",2019,"transportation_rnk",12.1163
"27067781200","tract",2019,"transportation_rnk",11.0711
"27069090100","tract",2019,"transportation_rnk",53.3345
"27069090200","tract",2019,"transportation_rnk",30.2401
"27071790100","tract",2019,"transportation_rnk",17.2393
"27071790200","tract",2019,"transportation_rnk",63.5494
"27071790300","tract",2019,"transportation_rnk",27.7773
"27071790500","tract",2019,"transportation_rnk",23.2397
"27073180100","tract",2019,"transportation_rnk",35.5916
"27073180200","tract",2019,"transportation_rnk",21.1479
"27073180300","tract",2019,"transportation_rnk",26.9592
"27075370100","tract",2019,"transportation_rnk",40.5665
"27075370300","tract",2019,"transportation_rnk",30.6618
"27075370400","tract",2019,"transportation_rnk",51.426
"27075990100","tract",2019,"transportation_rnk",NA
"27077460300","tract",2019,"transportation_rnk",51.1891
"27077460400","tract",2019,"transportation_rnk",54.618
"27079950100","tract",2019,"transportation_rnk",13.8879
"27079950200","tract",2019,"transportation_rnk",40.4325
"27079950300","tract",2019,"transportation_rnk",24.6516
"27079950400","tract",2019,"transportation_rnk",20.2564
"27079950500","tract",2019,"transportation_rnk",19.2028
"27079950600","tract",2019,"transportation_rnk",1.7265
"27081201001","tract",2019,"transportation_rnk",42.5398
"27081201002","tract",2019,"transportation_rnk",36.3815
"27083360100","tract",2019,"transportation_rnk",31.3911
"27083360200","tract",2019,"transportation_rnk",5.8466
"27083360300","tract",2019,"transportation_rnk",46.9223
"27083360400","tract",2019,"transportation_rnk",48.6473
"27083360500","tract",2019,"transportation_rnk",58.5054
"27083360600","tract",2019,"transportation_rnk",13.4874
"27083360700","tract",2019,"transportation_rnk",29.0186
"27085950100","tract",2019,"transportation_rnk",18.9249
"27085950200","tract",2019,"transportation_rnk",2.6419
"27085950300","tract",2019,"transportation_rnk",22.1381
"27085950400","tract",2019,"transportation_rnk",21.9716
"27085950500","tract",2019,"transportation_rnk",13.304
"27085950600","tract",2019,"transportation_rnk",7.3135
"27085950700","tract",2019,"transportation_rnk",28.7322
"27087940100","tract",2019,"transportation_rnk",40.8161
"27087940300","tract",2019,"transportation_rnk",39.6637
"27089080100","tract",2019,"transportation_rnk",23.9647
"27089080200","tract",2019,"transportation_rnk",16.9826
"27089080300","tract",2019,"transportation_rnk",15.5143
"27089080400","tract",2019,"transportation_rnk",19.5074
"27091790100","tract",2019,"transportation_rnk",23.9647
"27091790200","tract",2019,"transportation_rnk",9.3066
"27091790300","tract",2019,"transportation_rnk",8.3517
"27091790400","tract",2019,"transportation_rnk",18.8332
"27091790500","tract",2019,"transportation_rnk",55.3247
"27091790600","tract",2019,"transportation_rnk",62.5465
"27093560100","tract",2019,"transportation_rnk",13.0741
"27093560200","tract",2019,"transportation_rnk",13.0741
"27093560300","tract",2019,"transportation_rnk",46.0872
"27093560400","tract",2019,"transportation_rnk",13.73
"27093560500","tract",2019,"transportation_rnk",16.0884
"27093560600","tract",2019,"transportation_rnk",21.7191
"27095170400","tract",2019,"transportation_rnk",20.5738
"27095170500","tract",2019,"transportation_rnk",43.2521
"27095170600","tract",2019,"transportation_rnk",13.7892
"27095170700","tract",2019,"transportation_rnk",62.1445
"27095970100","tract",2019,"transportation_rnk",48.1113
"27095970200","tract",2019,"transportation_rnk",60.2728
"27095970300","tract",2019,"transportation_rnk",28.7322
"27097780100","tract",2019,"transportation_rnk",30.439
"27097780200","tract",2019,"transportation_rnk",11.1558
"27097780300","tract",2019,"transportation_rnk",11.964
"27097780400","tract",2019,"transportation_rnk",14.6087
"27097780500","tract",2019,"transportation_rnk",39.1616
"27097780600","tract",2019,"transportation_rnk",72.753
"27097780700","tract",2019,"transportation_rnk",18.4891
"27097780800","tract",2019,"transportation_rnk",26.5572
"27099000100","tract",2019,"transportation_rnk",22.9801
"27099000200","tract",2019,"transportation_rnk",24.6516
"27099000300","tract",2019,"transportation_rnk",58.095
"27099000410","tract",2019,"transportation_rnk",57.3107
"27099000600","tract",2019,"transportation_rnk",3.9015
"27099000800","tract",2019,"transportation_rnk",32.8425
"27099000900","tract",2019,"transportation_rnk",22.5612
"27099001000","tract",2019,"transportation_rnk",14.2702
"27099001200","tract",2019,"transportation_rnk",17.063
"27099001300","tract",2019,"transportation_rnk",38.4676
"27099001400","tract",2019,"transportation_rnk",25.1805
"27101900100","tract",2019,"transportation_rnk",7.7861
"27101900200","tract",2019,"transportation_rnk",31.9792
"27101900300","tract",2019,"transportation_rnk",20.4116
"27103480100","tract",2019,"transportation_rnk",2.5601
"27103480200","tract",2019,"transportation_rnk",7.4715
"27103480300","tract",2019,"transportation_rnk",33.1584
"27103480400","tract",2019,"transportation_rnk",NA
"27103480501","tract",2019,"transportation_rnk",36.9231
"27103480502","tract",2019,"transportation_rnk",12.1163
"27103480600","tract",2019,"transportation_rnk",73.2481
"27105105100","tract",2019,"transportation_rnk",13.6411
"27105105200","tract",2019,"transportation_rnk",13.4874
"27105105300","tract",2019,"transportation_rnk",14.7738
"27105105400","tract",2019,"transportation_rnk",68.8121
"27105105500","tract",2019,"transportation_rnk",76.4021
"27105105600","tract",2019,"transportation_rnk",54.4657
"27107960100","tract",2019,"transportation_rnk",27.9705
"27107960200","tract",2019,"transportation_rnk",56.147
"27107960300","tract",2019,"transportation_rnk",16.9826
"27109000100","tract",2019,"transportation_rnk",92.4213
"27109000200","tract",2019,"transportation_rnk",71.7332
"27109000300","tract",2019,"transportation_rnk",62.6114
"27109000400","tract",2019,"transportation_rnk",88.4084
"27109000500","tract",2019,"transportation_rnk",91.3747
"27109000600","tract",2019,"transportation_rnk",69.0039
"27109000901","tract",2019,"transportation_rnk",41.9488
"27109000902","tract",2019,"transportation_rnk",48.4654
"27109000903","tract",2019,"transportation_rnk",26.3964
"27109001000","tract",2019,"transportation_rnk",61.916
"27109001100","tract",2019,"transportation_rnk",64.1701
"27109001201","tract",2019,"transportation_rnk",51.4839
"27109001202","tract",2019,"transportation_rnk",26.2173
"27109001203","tract",2019,"transportation_rnk",22.3863
"27109001301","tract",2019,"transportation_rnk",66.0728
"27109001302","tract",2019,"transportation_rnk",44.609
"27109001401","tract",2019,"transportation_rnk",67.3508
"27109001402","tract",2019,"transportation_rnk",30.439
"27109001501","tract",2019,"transportation_rnk",55.233
"27109001502","tract",2019,"transportation_rnk",47.7248
"27109001503","tract",2019,"transportation_rnk",36.5423
"27109001601","tract",2019,"transportation_rnk",57.4645
"27109001602","tract",2019,"transportation_rnk",50.6714
"27109001603","tract",2019,"transportation_rnk",34.7946
"27109001701","tract",2019,"transportation_rnk",46.5132
"27109001702","tract",2019,"transportation_rnk",53.1567
"27109001703","tract",2019,"transportation_rnk",41.0192
"27109001800","tract",2019,"transportation_rnk",17.6456
"27109001900","tract",2019,"transportation_rnk",12.7708
"27109002000","tract",2019,"transportation_rnk",8.2924
"27109002100","tract",2019,"transportation_rnk",39.1616
"27109002200","tract",2019,"transportation_rnk",10.4195
"27109002300","tract",2019,"transportation_rnk",43.4496
"27111960102","tract",2019,"transportation_rnk",7.8481
"27111960103","tract",2019,"transportation_rnk",33.9286
"27111960300","tract",2019,"transportation_rnk",73.4654
"27111960400","tract",2019,"transportation_rnk",28.6476
"27111960500","tract",2019,"transportation_rnk",33.7508
"27111960600","tract",2019,"transportation_rnk",20.8813
"27111960700","tract",2019,"transportation_rnk",30.8452
"27111960800","tract",2019,"transportation_rnk",7.5801
"27111960900","tract",2019,"transportation_rnk",78.6885
"27111961000","tract",2019,"transportation_rnk",65.5481
"27111961100","tract",2019,"transportation_rnk",59.4702
"27111961200","tract",2019,"transportation_rnk",37.2955
"27111961300","tract",2019,"transportation_rnk",37.9641
"27111961400","tract",2019,"transportation_rnk",29.8494
"27111961500","tract",2019,"transportation_rnk",30.7493
"27111961600","tract",2019,"transportation_rnk",34.4956
"27111961700","tract",2019,"transportation_rnk",3.9368
"27113090100","tract",2019,"transportation_rnk",0.7645
"27113090200","tract",2019,"transportation_rnk",26.4683
"27113090300","tract",2019,"transportation_rnk",2.8535
"27113090400","tract",2019,"transportation_rnk",22.8927
"27113090500","tract",2019,"transportation_rnk",41.1673
"27115950100","tract",2019,"transportation_rnk",15.0474
"27115950200","tract",2019,"transportation_rnk",21.1479
"27115950300","tract",2019,"transportation_rnk",31.9115
"27115950400","tract",2019,"transportation_rnk",48.4654
"27115950500","tract",2019,"transportation_rnk",35.8765
"27115950600","tract",2019,"transportation_rnk",41.5693
"27115950700","tract",2019,"transportation_rnk",63.9105
"27115950800","tract",2019,"transportation_rnk",16.74
"27117460100","tract",2019,"transportation_rnk",8.9102
"27117460200","tract",2019,"transportation_rnk",47.9026
"27117460300","tract",2019,"transportation_rnk",29.4389
"27117460400","tract",2019,"transportation_rnk",7.7861
"27117460500","tract",2019,"transportation_rnk",49.3864
"27119020100","tract",2019,"transportation_rnk",47.5358
"27119020200","tract",2019,"transportation_rnk",61.4435
"27119020300","tract",2019,"transportation_rnk",1.9338
"27119020400","tract",2019,"transportation_rnk",12.3152
"27119020500","tract",2019,"transportation_rnk",17.4495
"27119020600","tract",2019,"transportation_rnk",67.0306
"27119020700","tract",2019,"transportation_rnk",15.5975
"27119020800","tract",2019,"transportation_rnk",44.4355
"27119020900","tract",2019,"transportation_rnk",27.2484
"27119021000","tract",2019,"transportation_rnk",32.0582
"27121970100","tract",2019,"transportation_rnk",8.717
"27121970200","tract",2019,"transportation_rnk",14.6087
"27121970300","tract",2019,"transportation_rnk",8.1683
"27121970400","tract",2019,"transportation_rnk",20.7416
"27123030100","tract",2019,"transportation_rnk",83.6916
"27123030201","tract",2019,"transportation_rnk",72.0351
"27123030202","tract",2019,"transportation_rnk",75.316
"27123030300","tract",2019,"transportation_rnk",57.2486
"27123030400","tract",2019,"transportation_rnk",79.003
"27123030500","tract",2019,"transportation_rnk",84.4759
"27123030601","tract",2019,"transportation_rnk",71.4286
"27123030602","tract",2019,"transportation_rnk",60.7002
"27123030702","tract",2019,"transportation_rnk",52.7872
"27123030703","tract",2019,"transportation_rnk",72.0351
"27123030704","tract",2019,"transportation_rnk",75.536
"27123030800","tract",2019,"transportation_rnk",74.0916
"27123030900","tract",2019,"transportation_rnk",73.842
"27123031000","tract",2019,"transportation_rnk",80.4136
"27123031100","tract",2019,"transportation_rnk",68.2747
"27123031200","tract",2019,"transportation_rnk",80.3952
"27123031300","tract",2019,"transportation_rnk",73.4654
"27123031400","tract",2019,"transportation_rnk",77.0424
"27123031500","tract",2019,"transportation_rnk",78.7139
"27123031600","tract",2019,"transportation_rnk",78.4783
"27123031701","tract",2019,"transportation_rnk",86.1318
"27123031702","tract",2019,"transportation_rnk",78.7506
"27123031801","tract",2019,"transportation_rnk",80.6928
"27123031802","tract",2019,"transportation_rnk",54.3444
"27123031900","tract",2019,"transportation_rnk",83.9836
"27123032000","tract",2019,"transportation_rnk",84.6959
"27123032100","tract",2019,"transportation_rnk",87.8103
"27123032200","tract",2019,"transportation_rnk",83.6267
"27123032300","tract",2019,"transportation_rnk",77.5389
"27123032400","tract",2019,"transportation_rnk",83.3065
"27123032500","tract",2019,"transportation_rnk",77.089
"27123032600","tract",2019,"transportation_rnk",86.9936
"27123032700","tract",2019,"transportation_rnk",89.2265
"27123033000","tract",2019,"transportation_rnk",84.4011
"27123033100","tract",2019,"transportation_rnk",78.6264
"27123033200","tract",2019,"transportation_rnk",84.1782
"27123033300","tract",2019,"transportation_rnk",79.9453
"27123033400","tract",2019,"transportation_rnk",88.5283
"27123033500","tract",2019,"transportation_rnk",83.5703
"27123033600","tract",2019,"transportation_rnk",90.9628
"27123033700","tract",2019,"transportation_rnk",91.101
"27123033800","tract",2019,"transportation_rnk",80.4601
"27123033900","tract",2019,"transportation_rnk",82.2712
"27123034000","tract",2019,"transportation_rnk",78.7266
"27123034201","tract",2019,"transportation_rnk",88.0938
"27123034202","tract",2019,"transportation_rnk",91.6765
"27123034400","tract",2019,"transportation_rnk",76.718
"27123034500","tract",2019,"transportation_rnk",77.3838
"27123034601","tract",2019,"transportation_rnk",72.9674
"27123034602","tract",2019,"transportation_rnk",64.2406
"27123034701","tract",2019,"transportation_rnk",65.1856
"27123034702","tract",2019,"transportation_rnk",58.851
"27123034900","tract",2019,"transportation_rnk",76.3287
"27123035000","tract",2019,"transportation_rnk",78.0989
"27123035100","tract",2019,"transportation_rnk",NA
"27123035200","tract",2019,"transportation_rnk",73.526
"27123035300","tract",2019,"transportation_rnk",52.8422
"27123035500","tract",2019,"transportation_rnk",76.8548
"27123035700","tract",2019,"transportation_rnk",65.1856
"27123035800","tract",2019,"transportation_rnk",68.7782
"27123035900","tract",2019,"transportation_rnk",88.2151
"27123036000","tract",2019,"transportation_rnk",78.0622
"27123036100","tract",2019,"transportation_rnk",60.9851
"27123036300","tract",2019,"transportation_rnk",70.0392
"27123036400","tract",2019,"transportation_rnk",69.6767
"27123036500","tract",2019,"transportation_rnk",69.6767
"27123036600","tract",2019,"transportation_rnk",54.7633
"27123036700","tract",2019,"transportation_rnk",69.6217
"27123036800","tract",2019,"transportation_rnk",64.0572
"27123036900","tract",2019,"transportation_rnk",71.5118
"27123037000","tract",2019,"transportation_rnk",49.1847
"27123037100","tract",2019,"transportation_rnk",77.6814
"27123037200","tract",2019,"transportation_rnk",72.1028
"27123037402","tract",2019,"transportation_rnk",66.8782
"27123037403","tract",2019,"transportation_rnk",53.0495
"27123037500","tract",2019,"transportation_rnk",66.8782
"27123037601","tract",2019,"transportation_rnk",73.8984
"27123037602","tract",2019,"transportation_rnk",76.1524
"27123040100","tract",2019,"transportation_rnk",24.0634
"27123040200","tract",2019,"transportation_rnk",62.452
"27123040301","tract",2019,"transportation_rnk",28.144
"27123040302","tract",2019,"transportation_rnk",53.7012
"27123040401","tract",2019,"transportation_rnk",37.1657
"27123040402","tract",2019,"transportation_rnk",43.3931
"27123040502","tract",2019,"transportation_rnk",45.5541
"27123040503","tract",2019,"transportation_rnk",38.2574
"27123040504","tract",2019,"transportation_rnk",55.7817
"27123040601","tract",2019,"transportation_rnk",38.3125
"27123040603","tract",2019,"transportation_rnk",33.6704
"27123040604","tract",2019,"transportation_rnk",51.3047
"27123040703","tract",2019,"transportation_rnk",16.6413
"27123040704","tract",2019,"transportation_rnk",60.7975
"27123040705","tract",2019,"transportation_rnk",26.041
"27123040706","tract",2019,"transportation_rnk",42.0926
"27123040707","tract",2019,"transportation_rnk",43.6611
"27123040801","tract",2019,"transportation_rnk",31.6929
"27123040802","tract",2019,"transportation_rnk",NA
"27123040803","tract",2019,"transportation_rnk",58.2445
"27123040901","tract",2019,"transportation_rnk",18.6513
"27123040902","tract",2019,"transportation_rnk",54.6589
"27123041001","tract",2019,"transportation_rnk",14.1997
"27123041002","tract",2019,"transportation_rnk",68.4947
"27123041103","tract",2019,"transportation_rnk",73.3187
"27123041104","tract",2019,"transportation_rnk",52.3612
"27123041105","tract",2019,"transportation_rnk",49.1847
"27123041106","tract",2019,"transportation_rnk",47.5358
"27123041107","tract",2019,"transportation_rnk",48.4005
"27123041200","tract",2019,"transportation_rnk",59.8045
"27123041301","tract",2019,"transportation_rnk",67.4283
"27123041302","tract",2019,"transportation_rnk",51.0015
"27123041400","tract",2019,"transportation_rnk",59.9216
"27123041500","tract",2019,"transportation_rnk",42.8473
"27123041601","tract",2019,"transportation_rnk",60.5493
"27123041602","tract",2019,"transportation_rnk",74.9168
"27123041700","tract",2019,"transportation_rnk",47.4738
"27123041800","tract",2019,"transportation_rnk",61.9654
"27123041900","tract",2019,"transportation_rnk",64.9529
"27123042001","tract",2019,"transportation_rnk",92.6766
"27123042002","tract",2019,"transportation_rnk",77.6814
"27123042101","tract",2019,"transportation_rnk",66.9699
"27123042102","tract",2019,"transportation_rnk",32.3968
"27123042201","tract",2019,"transportation_rnk",58.7607
"27123042202","tract",2019,"transportation_rnk",59.6522
"27123042301","tract",2019,"transportation_rnk",52.9466
"27123042302","tract",2019,"transportation_rnk",64.9896
"27123042401","tract",2019,"transportation_rnk",55.6336
"27123042402","tract",2019,"transportation_rnk",56.2697
"27123042501","tract",2019,"transportation_rnk",62.0162
"27123042503","tract",2019,"transportation_rnk",17.6456
"27123042504","tract",2019,"transportation_rnk",25.3583
"27123042601","tract",2019,"transportation_rnk",54.9015
"27123042602","tract",2019,"transportation_rnk",75.536
"27123042700","tract",2019,"transportation_rnk",58.1415
"27123042800","tract",2019,"transportation_rnk",81.3487
"27123042900","tract",2019,"transportation_rnk",77.845
"27123043000","tract",2019,"transportation_rnk",80.6266
"27123980000","tract",2019,"transportation_rnk",NA
"27125010100","tract",2019,"transportation_rnk",30.2401
"27125010200","tract",2019,"transportation_rnk",30.9185
"27127750100","tract",2019,"transportation_rnk",16.819
"27127750200","tract",2019,"transportation_rnk",20.7416
"27127750300","tract",2019,"transportation_rnk",36.3815
"27127750400","tract",2019,"transportation_rnk",33.8397
"27127750500","tract",2019,"transportation_rnk",25.7208
"27127750600","tract",2019,"transportation_rnk",42.1618
"27129790100","tract",2019,"transportation_rnk",24.5642
"27129790200","tract",2019,"transportation_rnk",8.3517
"27129790300","tract",2019,"transportation_rnk",8.4081
"27129790400","tract",2019,"transportation_rnk",2.0269
"27129790500","tract",2019,"transportation_rnk",27.3979
"27129790600","tract",2019,"transportation_rnk",17.2393
"27131070100","tract",2019,"transportation_rnk",16.0108
"27131070200","tract",2019,"transportation_rnk",6.8396
"27131070300","tract",2019,"transportation_rnk",4.7139
"27131070400","tract",2019,"transportation_rnk",5.4996
"27131070501","tract",2019,"transportation_rnk",NA
"27131070503","tract",2019,"transportation_rnk",4.405
"27131070504","tract",2019,"transportation_rnk",38.9176
"27131070601","tract",2019,"transportation_rnk",65.0939
"27131070602","tract",2019,"transportation_rnk",NA
"27131070700","tract",2019,"transportation_rnk",41.496
"27131070800","tract",2019,"transportation_rnk",16.1659
"27131070901","tract",2019,"transportation_rnk",20.8813
"27131070902","tract",2019,"transportation_rnk",50.8252
"27133570100","tract",2019,"transportation_rnk",2.2611
"27133570200","tract",2019,"transportation_rnk",2.5192
"27133570300","tract",2019,"transportation_rnk",21.1479
"27135970100","tract",2019,"transportation_rnk",13.225
"27135970200","tract",2019,"transportation_rnk",8.717
"27135970300","tract",2019,"transportation_rnk",25.1805
"27135970400","tract",2019,"transportation_rnk",15.3535
"27135970500","tract",2019,"transportation_rnk",35.0838
"27137000100","tract",2019,"transportation_rnk",48.4654
"27137000200","tract",2019,"transportation_rnk",47.9674
"27137000300","tract",2019,"transportation_rnk",37.5776
"27137000400","tract",2019,"transportation_rnk",45.1549
"27137000500","tract",2019,"transportation_rnk",38.3745
"27137000600","tract",2019,"transportation_rnk",43.5159
"27137000700","tract",2019,"transportation_rnk",40.9459
"27137000900","tract",2019,"transportation_rnk",45.8122
"27137001000","tract",2019,"transportation_rnk",47.6769
"27137001100","tract",2019,"transportation_rnk",18.0814
"27137001200","tract",2019,"transportation_rnk",72.124
"27137001300","tract",2019,"transportation_rnk",72.9985
"27137001400","tract",2019,"transportation_rnk",81.6844
"27137001600","tract",2019,"transportation_rnk",86.885
"27137001700","tract",2019,"transportation_rnk",87.5409
"27137001800","tract",2019,"transportation_rnk",73.842
"27137001900","tract",2019,"transportation_rnk",95.4934
"27137002000","tract",2019,"transportation_rnk",71.4286
"27137002200","tract",2019,"transportation_rnk",42.0926
"27137002300","tract",2019,"transportation_rnk",26.3964
"27137002400","tract",2019,"transportation_rnk",48.0563
"27137002600","tract",2019,"transportation_rnk",42.7161
"27137002900","tract",2019,"transportation_rnk",51.426
"27137003000","tract",2019,"transportation_rnk",38.7779
"27137003300","tract",2019,"transportation_rnk",56.6238
"27137003400","tract",2019,"transportation_rnk",70.1944
"27137003600","tract",2019,"transportation_rnk",65.8697
"27137003700","tract",2019,"transportation_rnk",81.2994
"27137003800","tract",2019,"transportation_rnk",60.0006
"27137010100","tract",2019,"transportation_rnk",49.11
"27137010200","tract",2019,"transportation_rnk",2.5192
"27137010300","tract",2019,"transportation_rnk",2.7449
"27137010400","tract",2019,"transportation_rnk",4.4601
"27137010500","tract",2019,"transportation_rnk",6.2345
"27137010600","tract",2019,"transportation_rnk",4.7139
"27137011100","tract",2019,"transportation_rnk",2.8535
"27137011200","tract",2019,"transportation_rnk",50.4951
"27137011300","tract",2019,"transportation_rnk",21.3369
"27137011400","tract",2019,"transportation_rnk",8.6592
"27137012100","tract",2019,"transportation_rnk",9.6493
"27137012200","tract",2019,"transportation_rnk",72.6261
"27137012300","tract",2019,"transportation_rnk",78.5672
"27137012400","tract",2019,"transportation_rnk",58.5054
"27137012500","tract",2019,"transportation_rnk",62.0966
"27137012600","tract",2019,"transportation_rnk",51.6856
"27137012700","tract",2019,"transportation_rnk",11.964
"27137012800","tract",2019,"transportation_rnk",46.2071
"27137013000","tract",2019,"transportation_rnk",81.3346
"27137013100","tract",2019,"transportation_rnk",87.1361
"27137013200","tract",2019,"transportation_rnk",55.841
"27137013300","tract",2019,"transportation_rnk",71.8799
"27137013400","tract",2019,"transportation_rnk",1.8393
"27137013500","tract",2019,"transportation_rnk",13.9796
"27137013600","tract",2019,"transportation_rnk",10.4195
"27137013800","tract",2019,"transportation_rnk",45.4906
"27137013900","tract",2019,"transportation_rnk",9.6493
"27137014000","tract",2019,"transportation_rnk",21.9716
"27137014100","tract",2019,"transportation_rnk",55.4601
"27137015100","tract",2019,"transportation_rnk",8.0583
"27137015200","tract",2019,"transportation_rnk",5.013
"27137015300","tract",2019,"transportation_rnk",69.1605
"27137015400","tract",2019,"transportation_rnk",43.4496
"27137015500","tract",2019,"transportation_rnk",41.2435
"27137015600","tract",2019,"transportation_rnk",86.0458
"27137015700","tract",2019,"transportation_rnk",NA
"27137015800","tract",2019,"transportation_rnk",61.1812
"27137990100","tract",2019,"transportation_rnk",NA
"27139080100","tract",2019,"transportation_rnk",54.6589
"27139080201","tract",2019,"transportation_rnk",30.2401
"27139080202","tract",2019,"transportation_rnk",34.5718
"27139080203","tract",2019,"transportation_rnk",28.5616
"27139080204","tract",2019,"transportation_rnk",37.0106
"27139080205","tract",2019,"transportation_rnk",39.1616
"27139080301","tract",2019,"transportation_rnk",49.4979
"27139080302","tract",2019,"transportation_rnk",31.7564
"27139080400","tract",2019,"transportation_rnk",68.0052
"27139080500","tract",2019,"transportation_rnk",NA
"27139080600","tract",2019,"transportation_rnk",29.9425
"27139080700","tract",2019,"transportation_rnk",12.5409
"27139080800","tract",2019,"transportation_rnk",25.9549
"27139080903","tract",2019,"transportation_rnk",37.366
"27139080904","tract",2019,"transportation_rnk",59.1176
"27139080905","tract",2019,"transportation_rnk",21.8136
"27139080906","tract",2019,"transportation_rnk",34.9456
"27139081000","tract",2019,"transportation_rnk",30.02
"27139081100","tract",2019,"transportation_rnk",6.628
"27139081200","tract",2019,"transportation_rnk",14.1291
"27139081300","tract",2019,"transportation_rnk",11.3674
"27141030101","tract",2019,"transportation_rnk",14.6976
"27141030102","tract",2019,"transportation_rnk",17.1477
"27141030200","tract",2019,"transportation_rnk",20.4962
"27141030300","tract",2019,"transportation_rnk",8.4081
"27141030402","tract",2019,"transportation_rnk",14.8739
"27141030403","tract",2019,"transportation_rnk",1.2864
"27141030404","tract",2019,"transportation_rnk",14.4366
"27141030502","tract",2019,"transportation_rnk",51.1891
"27141030503","tract",2019,"transportation_rnk",36.4661
"27141030504","tract",2019,"transportation_rnk",19.2789
"27141031500","tract",2019,"transportation_rnk",71.5626
"27143170198","tract",2019,"transportation_rnk",9.229
"27143170200","tract",2019,"transportation_rnk",22.8179
"27143170300","tract",2019,"transportation_rnk",14.1997
"27143170400","tract",2019,"transportation_rnk",29.0186
"27145000301","tract",2019,"transportation_rnk",81.5899
"27145000302","tract",2019,"transportation_rnk",76.8548
"27145000401","tract",2019,"transportation_rnk",74.0648
"27145000402","tract",2019,"transportation_rnk",51.4839
"27145000500","tract",2019,"transportation_rnk",74.9633
"27145000601","tract",2019,"transportation_rnk",55.5941
"27145000602","tract",2019,"transportation_rnk",70.2677
"27145000701","tract",2019,"transportation_rnk",63.6228
"27145000801","tract",2019,"transportation_rnk",74.7292
"27145000901","tract",2019,"transportation_rnk",71.0082
"27145001001","tract",2019,"transportation_rnk",60.8977
"27145010101","tract",2019,"transportation_rnk",51.0776
"27145010102","tract",2019,"transportation_rnk",7.7212
"27145010200","tract",2019,"transportation_rnk",4.2485
"27145010401","tract",2019,"transportation_rnk",7.6563
"27145010402","tract",2019,"transportation_rnk",21.0647
"27145010403","tract",2019,"transportation_rnk",9.5027
"27145010500","tract",2019,"transportation_rnk",24.9013
"27145010600","tract",2019,"transportation_rnk",9.229
"27145010900","tract",2019,"transportation_rnk",38.4676
"27145011000","tract",2019,"transportation_rnk",18.4171
"27145011100","tract",2019,"transportation_rnk",19.2028
"27145011200","tract",2019,"transportation_rnk",22.9801
"27145011301","tract",2019,"transportation_rnk",68.7035
"27145011302","tract",2019,"transportation_rnk",8.3517
"27145011304","tract",2019,"transportation_rnk",64.1701
"27145011400","tract",2019,"transportation_rnk",9.9286
"27145011500","tract",2019,"transportation_rnk",11.2136
"27145011600","tract",2019,"transportation_rnk",NA
"27147960100","tract",2019,"transportation_rnk",2.6419
"27147960200","tract",2019,"transportation_rnk",3.9368
"27147960300","tract",2019,"transportation_rnk",4.7139
"27147960400","tract",2019,"transportation_rnk",22.2396
"27147960500","tract",2019,"transportation_rnk",4.1102
"27147960600","tract",2019,"transportation_rnk",52.2554
"27147960700","tract",2019,"transportation_rnk",9.8595
"27147960800","tract",2019,"transportation_rnk",16.5651
"27149480100","tract",2019,"transportation_rnk",42.0926
"27149480200","tract",2019,"transportation_rnk",55.7817
"27149480300","tract",2019,"transportation_rnk",28.8747
"27151960100","tract",2019,"transportation_rnk",35.3758
"27151960200","tract",2019,"transportation_rnk",30.9975
"27151960300","tract",2019,"transportation_rnk",5.1738
"27151960400","tract",2019,"transportation_rnk",54.2922
"27153790100","tract",2019,"transportation_rnk",21.4314
"27153790200","tract",2019,"transportation_rnk",46.5809
"27153790300","tract",2019,"transportation_rnk",50.4951
"27153790400","tract",2019,"transportation_rnk",29.6928
"27153790500","tract",2019,"transportation_rnk",24.1932
"27153790600","tract",2019,"transportation_rnk",35.5196
"27153790700","tract",2019,"transportation_rnk",30.1738
"27153790800","tract",2019,"transportation_rnk",32.6873
"27155460100","tract",2019,"transportation_rnk",23.5133
"27155460200","tract",2019,"transportation_rnk",45.7332
"27157490100","tract",2019,"transportation_rnk",48.6939
"27157490200","tract",2019,"transportation_rnk",34.2135
"27157490300","tract",2019,"transportation_rnk",42.5398
"27157490400","tract",2019,"transportation_rnk",22.7474
"27157490500","tract",2019,"transportation_rnk",24.9013
"27157490600","tract",2019,"transportation_rnk",62.2616
"27159480100","tract",2019,"transportation_rnk",23.7912
"27159480200","tract",2019,"transportation_rnk",20.3368
"27159480300","tract",2019,"transportation_rnk",49.4598
"27161790100","tract",2019,"transportation_rnk",8.1189
"27161790200","tract",2019,"transportation_rnk",28.8747
"27161790300","tract",2019,"transportation_rnk",2.1792
"27161790400","tract",2019,"transportation_rnk",13.1531
"27161790500","tract",2019,"transportation_rnk",27.4839
"27163070103","tract",2019,"transportation_rnk",49.6248
"27163070104","tract",2019,"transportation_rnk",37.0797
"27163070105","tract",2019,"transportation_rnk",16.4255
"27163070106","tract",2019,"transportation_rnk",13.304
"27163070203","tract",2019,"transportation_rnk",22.4794
"27163070204","tract",2019,"transportation_rnk",8.2924
"27163070205","tract",2019,"transportation_rnk",17.6456
"27163070206","tract",2019,"transportation_rnk",20.8813
"27163070301","tract",2019,"transportation_rnk",14.6976
"27163070303","tract",2019,"transportation_rnk",18.3508
"27163070304","tract",2019,"transportation_rnk",41.2435
"27163070403","tract",2019,"transportation_rnk",2.5192
"27163070404","tract",2019,"transportation_rnk",6.0116
"27163070405","tract",2019,"transportation_rnk",30.5998
"27163070406","tract",2019,"transportation_rnk",37.9641
"27163070501","tract",2019,"transportation_rnk",37.366
"27163070502","tract",2019,"transportation_rnk",69.6443
"27163070601","tract",2019,"transportation_rnk",56.5688
"27163070602","tract",2019,"transportation_rnk",56.2697
"27163070701","tract",2019,"transportation_rnk",9.1063
"27163070703","tract",2019,"transportation_rnk",52.5559
"27163070704","tract",2019,"transportation_rnk",37.0797
"27163070801","tract",2019,"transportation_rnk",NA
"27163070802","tract",2019,"transportation_rnk",NA
"27163070906","tract",2019,"transportation_rnk",43.75
"27163070907","tract",2019,"transportation_rnk",63.4817
"27163070909","tract",2019,"transportation_rnk",39.1616
"27163070910","tract",2019,"transportation_rnk",40.9459
"27163070911","tract",2019,"transportation_rnk",45.9645
"27163070912","tract",2019,"transportation_rnk",72.5584
"27163071001","tract",2019,"transportation_rnk",27.1482
"27163071003","tract",2019,"transportation_rnk",28.144
"27163071006","tract",2019,"transportation_rnk",11.8088
"27163071010","tract",2019,"transportation_rnk",42.5398
"27163071011","tract",2019,"transportation_rnk",38.3745
"27163071012","tract",2019,"transportation_rnk",50.5572
"27163071013","tract",2019,"transportation_rnk",60.5493
"27163071014","tract",2019,"transportation_rnk",36.0133
"27163071015","tract",2019,"transportation_rnk",57.0244
"27163071016","tract",2019,"transportation_rnk",38.6256
"27163071017","tract",2019,"transportation_rnk",31.2401
"27163071018","tract",2019,"transportation_rnk",41.2435
"27163071101","tract",2019,"transportation_rnk",10.4195
"27163071102","tract",2019,"transportation_rnk",5.896
"27163071206","tract",2019,"transportation_rnk",43.75
"27163071207","tract",2019,"transportation_rnk",23.5133
"27163071208","tract",2019,"transportation_rnk",35.2319
"27163071209","tract",2019,"transportation_rnk",37.9641
"27163071300","tract",2019,"transportation_rnk",9.7185
"27163071400","tract",2019,"transportation_rnk",52.4994
"27165950100","tract",2019,"transportation_rnk",48.4654
"27165950200","tract",2019,"transportation_rnk",68.3339
"27165950300","tract",2019,"transportation_rnk",16.6413
"27167950100","tract",2019,"transportation_rnk",18.0109
"27167950200","tract",2019,"transportation_rnk",9.8017
"27169670100","tract",2019,"transportation_rnk",19.8798
"27169670200","tract",2019,"transportation_rnk",51.8506
"27169670300","tract",2019,"transportation_rnk",81.4588
"27169670400","tract",2019,"transportation_rnk",54.3444
"27169670500","tract",2019,"transportation_rnk",87.1713
"27169670600","tract",2019,"transportation_rnk",69.8164
"27169670700","tract",2019,"transportation_rnk",65.9417
"27169670800","tract",2019,"transportation_rnk",22.3863
"27169670900","tract",2019,"transportation_rnk",21.3369
"27169671000","tract",2019,"transportation_rnk",54.178
"27171100100","tract",2019,"transportation_rnk",35.5196
"27171100202","tract",2019,"transportation_rnk",11.8088
"27171100203","tract",2019,"transportation_rnk",24.4654
"27171100204","tract",2019,"transportation_rnk",18.4171
"27171100300","tract",2019,"transportation_rnk",13.5466
"27171100400","tract",2019,"transportation_rnk",27.2484
"27171100500","tract",2019,"transportation_rnk",15.8542
"27171100701","tract",2019,"transportation_rnk",31.5349
"27171100702","tract",2019,"transportation_rnk",30.8452
"27171100703","tract",2019,"transportation_rnk",24.3766
"27171100801","tract",2019,"transportation_rnk",35.0217
"27171100802","tract",2019,"transportation_rnk",22.1381
"27171100900","tract",2019,"transportation_rnk",6.1668
"27171101000","tract",2019,"transportation_rnk",13.5466
"27171101100","tract",2019,"transportation_rnk",20.0688
"27171101200","tract",2019,"transportation_rnk",20.822
"27171101300","tract",2019,"transportation_rnk",21.9716
"27173970100","tract",2019,"transportation_rnk",59.4702
"27173970200","tract",2019,"transportation_rnk",37.5776
"27173970300","tract",2019,"transportation_rnk",12.8399
"27173970400","tract",2019,"transportation_rnk",11.0711
"27001770100","tract",2019,"transportation_state_rnk",33.3333
"27001770200","tract",2019,"transportation_state_rnk",30.4924
"27001770300","tract",2019,"transportation_state_rnk",51.7803
"27001770400","tract",2019,"transportation_state_rnk",38.5606
"27001790501","tract",2019,"transportation_state_rnk",42.5758
"27001790502","tract",2019,"transportation_state_rnk",31.7803
"27003050107","tract",2019,"transportation_state_rnk",10.5682
"27003050108","tract",2019,"transportation_state_rnk",27.197
"27003050109","tract",2019,"transportation_state_rnk",10.4545
"27003050110","tract",2019,"transportation_state_rnk",0.303
"27003050111","tract",2019,"transportation_state_rnk",3.447
"27003050114","tract",2019,"transportation_state_rnk",5.2652
"27003050115","tract",2019,"transportation_state_rnk",46.1364
"27003050116","tract",2019,"transportation_state_rnk",1.2879
"27003050208","tract",2019,"transportation_state_rnk",4.6591
"27003050210","tract",2019,"transportation_state_rnk",6.0985
"27003050215","tract",2019,"transportation_state_rnk",6.3258
"27003050216","tract",2019,"transportation_state_rnk",12.8788
"27003050217","tract",2019,"transportation_state_rnk",2.7273
"27003050218","tract",2019,"transportation_state_rnk",37.1212
"27003050219","tract",2019,"transportation_state_rnk",6.8561
"27003050220","tract",2019,"transportation_state_rnk",53.1061
"27003050221","tract",2019,"transportation_state_rnk",56.5909
"27003050222","tract",2019,"transportation_state_rnk",55.2273
"27003050223","tract",2019,"transportation_state_rnk",32.3106
"27003050224","tract",2019,"transportation_state_rnk",26.2121
"27003050225","tract",2019,"transportation_state_rnk",16.8561
"27003050226","tract",2019,"transportation_state_rnk",23.7879
"27003050227","tract",2019,"transportation_state_rnk",36.0985
"27003050228","tract",2019,"transportation_state_rnk",21.6667
"27003050229","tract",2019,"transportation_state_rnk",54.8106
"27003050230","tract",2019,"transportation_state_rnk",3.7121
"27003050232","tract",2019,"transportation_state_rnk",48.1818
"27003050233","tract",2019,"transportation_state_rnk",17.6136
"27003050234","tract",2019,"transportation_state_rnk",11.5909
"27003050235","tract",2019,"transportation_state_rnk",9.1288
"27003050236","tract",2019,"transportation_state_rnk",15.5303
"27003050237","tract",2019,"transportation_state_rnk",41.7803
"27003050401","tract",2019,"transportation_state_rnk",68.1818
"27003050402","tract",2019,"transportation_state_rnk",82.197
"27003050501","tract",2019,"transportation_state_rnk",85.1894
"27003050504","tract",2019,"transportation_state_rnk",50.7197
"27003050505","tract",2019,"transportation_state_rnk",64.3939
"27003050602","tract",2019,"transportation_state_rnk",54.3561
"27003050605","tract",2019,"transportation_state_rnk",59.7348
"27003050606","tract",2019,"transportation_state_rnk",71.6667
"27003050607","tract",2019,"transportation_state_rnk",71.0606
"27003050608","tract",2019,"transportation_state_rnk",66.3636
"27003050609","tract",2019,"transportation_state_rnk",37.3864
"27003050610","tract",2019,"transportation_state_rnk",70.2273
"27003050702","tract",2019,"transportation_state_rnk",39.3561
"27003050704","tract",2019,"transportation_state_rnk",55.4167
"27003050706","tract",2019,"transportation_state_rnk",60.1136
"27003050707","tract",2019,"transportation_state_rnk",38.7879
"27003050709","tract",2019,"transportation_state_rnk",34.1667
"27003050710","tract",2019,"transportation_state_rnk",71.6667
"27003050711","tract",2019,"transportation_state_rnk",43.4848
"27003050712","tract",2019,"transportation_state_rnk",77.7273
"27003050805","tract",2019,"transportation_state_rnk",43.4848
"27003050806","tract",2019,"transportation_state_rnk",61.0606
"27003050807","tract",2019,"transportation_state_rnk",72.7273
"27003050808","tract",2019,"transportation_state_rnk",59.3561
"27003050809","tract",2019,"transportation_state_rnk",45.7955
"27003050810","tract",2019,"transportation_state_rnk",70.0758
"27003050811","tract",2019,"transportation_state_rnk",47.0076
"27003050813","tract",2019,"transportation_state_rnk",52.197
"27003050816","tract",2019,"transportation_state_rnk",42.5
"27003050818","tract",2019,"transportation_state_rnk",58.9394
"27003050819","tract",2019,"transportation_state_rnk",59.5076
"27003050820","tract",2019,"transportation_state_rnk",42.2727
"27003050821","tract",2019,"transportation_state_rnk",66.5152
"27003050901","tract",2019,"transportation_state_rnk",80.1894
"27003050902","tract",2019,"transportation_state_rnk",46.25
"27003051001","tract",2019,"transportation_state_rnk",36.7424
"27003051002","tract",2019,"transportation_state_rnk",66.8561
"27003051101","tract",2019,"transportation_state_rnk",67.3485
"27003051102","tract",2019,"transportation_state_rnk",79.9242
"27003051103","tract",2019,"transportation_state_rnk",78.0682
"27003051201","tract",2019,"transportation_state_rnk",81.3636
"27003051202","tract",2019,"transportation_state_rnk",80.1894
"27003051203","tract",2019,"transportation_state_rnk",70.6818
"27003051206","tract",2019,"transportation_state_rnk",80.6818
"27003051302","tract",2019,"transportation_state_rnk",82.4242
"27003051304","tract",2019,"transportation_state_rnk",70.9848
"27003051305","tract",2019,"transportation_state_rnk",90.4545
"27003051400","tract",2019,"transportation_state_rnk",68.4848
"27003051501","tract",2019,"transportation_state_rnk",95.4545
"27003051502","tract",2019,"transportation_state_rnk",83.4848
"27003051600","tract",2019,"transportation_state_rnk",4.1667
"27005450100","tract",2019,"transportation_state_rnk",16.7045
"27005450200","tract",2019,"transportation_state_rnk",37.8409
"27005450300","tract",2019,"transportation_state_rnk",2.2727
"27005450400","tract",2019,"transportation_state_rnk",18.8636
"27005450500","tract",2019,"transportation_state_rnk",68.1061
"27005450600","tract",2019,"transportation_state_rnk",88.3333
"27005450700","tract",2019,"transportation_state_rnk",5.1515
"27005450800","tract",2019,"transportation_state_rnk",10.3788
"27005450900","tract",2019,"transportation_state_rnk",12.8788
"27005940000","tract",2019,"transportation_state_rnk",42.0833
"27007450100","tract",2019,"transportation_state_rnk",20.3409
"27007450200","tract",2019,"transportation_state_rnk",37.9924
"27007450300","tract",2019,"transportation_state_rnk",13.2955
"27007450400","tract",2019,"transportation_state_rnk",47.5
"27007450500","tract",2019,"transportation_state_rnk",54.2424
"27007450600","tract",2019,"transportation_state_rnk",75.8712
"27007450701","tract",2019,"transportation_state_rnk",66.0606
"27007450702","tract",2019,"transportation_state_rnk",73.4091
"27007940001","tract",2019,"transportation_state_rnk",84.8106
"27007940002","tract",2019,"transportation_state_rnk",52.9545
"27009020100","tract",2019,"transportation_state_rnk",21.9697
"27009020202","tract",2019,"transportation_state_rnk",24.2045
"27009020203","tract",2019,"transportation_state_rnk",12.6515
"27009020205","tract",2019,"transportation_state_rnk",0
"27009020206","tract",2019,"transportation_state_rnk",38.1818
"27009020300","tract",2019,"transportation_state_rnk",0.3788
"27009021101","tract",2019,"transportation_state_rnk",73.2576
"27009021102","tract",2019,"transportation_state_rnk",32.3106
"27009021200","tract",2019,"transportation_state_rnk",86.6667
"27011950100","tract",2019,"transportation_state_rnk",47.197
"27011950200","tract",2019,"transportation_state_rnk",32.0455
"27011950300","tract",2019,"transportation_state_rnk",20.3409
"27013170100","tract",2019,"transportation_state_rnk",1.2121
"27013170200","tract",2019,"transportation_state_rnk",2.9545
"27013170300","tract",2019,"transportation_state_rnk",65.8333
"27013170400","tract",2019,"transportation_state_rnk",79.7727
"27013170500","tract",2019,"transportation_state_rnk",78.4091
"27013170600","tract",2019,"transportation_state_rnk",92.4242
"27013170700","tract",2019,"transportation_state_rnk",93.1439
"27013170800","tract",2019,"transportation_state_rnk",55.8712
"27013170900","tract",2019,"transportation_state_rnk",1.8939
"27013171000","tract",2019,"transportation_state_rnk",10.0379
"27013171101","tract",2019,"transportation_state_rnk",NA
"27013171202","tract",2019,"transportation_state_rnk",88.4848
"27013171300","tract",2019,"transportation_state_rnk",0.9091
"27013171400","tract",2019,"transportation_state_rnk",24.5076
"27013171500","tract",2019,"transportation_state_rnk",33.3333
"27013171600","tract",2019,"transportation_state_rnk",67.1591
"27015960101","tract",2019,"transportation_state_rnk",80.4924
"27015960102","tract",2019,"transportation_state_rnk",25.6818
"27015960200","tract",2019,"transportation_state_rnk",67.4242
"27015960300","tract",2019,"transportation_state_rnk",64.3939
"27015960400","tract",2019,"transportation_state_rnk",2.197
"27015960500","tract",2019,"transportation_state_rnk",20.0379
"27015960600","tract",2019,"transportation_state_rnk",28.6364
"27015960700","tract",2019,"transportation_state_rnk",5.4924
"27017070100","tract",2019,"transportation_state_rnk",7.6136
"27017070200","tract",2019,"transportation_state_rnk",45.2652
"27017070300","tract",2019,"transportation_state_rnk",0.7197
"27017070400","tract",2019,"transportation_state_rnk",7.3864
"27017070500","tract",2019,"transportation_state_rnk",37.3864
"27017070600","tract",2019,"transportation_state_rnk",21.0227
"27017940000","tract",2019,"transportation_state_rnk",13.6364
"27019090100","tract",2019,"transportation_state_rnk",45.0758
"27019090200","tract",2019,"transportation_state_rnk",9.6212
"27019090301","tract",2019,"transportation_state_rnk",36.4394
"27019090302","tract",2019,"transportation_state_rnk",14.8864
"27019090401","tract",2019,"transportation_state_rnk",36.0985
"27019090402","tract",2019,"transportation_state_rnk",10.9848
"27019090501","tract",2019,"transportation_state_rnk",5.6061
"27019090502","tract",2019,"transportation_state_rnk",27.5
"27019090503","tract",2019,"transportation_state_rnk",29.9621
"27019090601","tract",2019,"transportation_state_rnk",29.3939
"27019090602","tract",2019,"transportation_state_rnk",40.4924
"27019090701","tract",2019,"transportation_state_rnk",40.303
"27019090702","tract",2019,"transportation_state_rnk",31.7803
"27019090800","tract",2019,"transportation_state_rnk",53.8636
"27019090900","tract",2019,"transportation_state_rnk",39.7727
"27019091000","tract",2019,"transportation_state_rnk",63.1818
"27019091100","tract",2019,"transportation_state_rnk",23.5227
"27019091201","tract",2019,"transportation_state_rnk",28.6364
"27019091202","tract",2019,"transportation_state_rnk",22.3106
"27021940001","tract",2019,"transportation_state_rnk",52.4242
"27021940002","tract",2019,"transportation_state_rnk",76.4394
"27021960100","tract",2019,"transportation_state_rnk",60
"27021960200","tract",2019,"transportation_state_rnk",52.5758
"27021960301","tract",2019,"transportation_state_rnk",69.4697
"27021960302","tract",2019,"transportation_state_rnk",49.9242
"27021960600","tract",2019,"transportation_state_rnk",43.4848
"27021960700","tract",2019,"transportation_state_rnk",35.4167
"27021960801","tract",2019,"transportation_state_rnk",11.7424
"27021960802","tract",2019,"transportation_state_rnk",16.553
"27023950300","tract",2019,"transportation_state_rnk",36.4394
"27023950400","tract",2019,"transportation_state_rnk",11.7424
"27023950500","tract",2019,"transportation_state_rnk",21.7803
"27023950600","tract",2019,"transportation_state_rnk",85.0379
"27025110100","tract",2019,"transportation_state_rnk",19.8106
"27025110200","tract",2019,"transportation_state_rnk",22.6894
"27025110301","tract",2019,"transportation_state_rnk",18.8636
"27025110302","tract",2019,"transportation_state_rnk",49.6591
"27025110401","tract",2019,"transportation_state_rnk",6.8561
"27025110402","tract",2019,"transportation_state_rnk",24.8864
"27025110501","tract",2019,"transportation_state_rnk",48.8636
"27025110502","tract",2019,"transportation_state_rnk",59.2424
"27025110600","tract",2019,"transportation_state_rnk",6.6288
"27025110700","tract",2019,"transportation_state_rnk",27.0455
"27027020100","tract",2019,"transportation_state_rnk",33.8636
"27027020202","tract",2019,"transportation_state_rnk",49.2803
"27027020300","tract",2019,"transportation_state_rnk",81.4394
"27027020400","tract",2019,"transportation_state_rnk",NA
"27027020500","tract",2019,"transportation_state_rnk",19.697
"27027020600","tract",2019,"transportation_state_rnk",68.0303
"27027030102","tract",2019,"transportation_state_rnk",26.8939
"27027030103","tract",2019,"transportation_state_rnk",43.1818
"27027030104","tract",2019,"transportation_state_rnk",6.0985
"27027030106","tract",2019,"transportation_state_rnk",4.7727
"27027030107","tract",2019,"transportation_state_rnk",30.8712
"27027030201","tract",2019,"transportation_state_rnk",21.5909
"27027030202","tract",2019,"transportation_state_rnk",29.8106
"27029000100","tract",2019,"transportation_state_rnk",30.7197
"27029000200","tract",2019,"transportation_state_rnk",39.9621
"27029000300","tract",2019,"transportation_state_rnk",48.5606
"27031480100","tract",2019,"transportation_state_rnk",50.4167
"27031480200","tract",2019,"transportation_state_rnk",84.8106
"27031990000","tract",2019,"transportation_state_rnk",NA
"27033270100","tract",2019,"transportation_state_rnk",26.2121
"27033270200","tract",2019,"transportation_state_rnk",8.7121
"27033270300","tract",2019,"transportation_state_rnk",16.3258
"27033270400","tract",2019,"transportation_state_rnk",37.7273
"27035950100","tract",2019,"transportation_state_rnk",19.8106
"27035950204","tract",2019,"transportation_state_rnk",36.6288
"27035950400","tract",2019,"transportation_state_rnk",10.2652
"27035950501","tract",2019,"transportation_state_rnk",7.197
"27035950502","tract",2019,"transportation_state_rnk",28.6364
"27035950700","tract",2019,"transportation_state_rnk",55.7576
"27035950800","tract",2019,"transportation_state_rnk",9.1288
"27035950900","tract",2019,"transportation_state_rnk",4.3182
"27035951000","tract",2019,"transportation_state_rnk",18.2576
"27035951100","tract",2019,"transportation_state_rnk",73.5227
"27035951200","tract",2019,"transportation_state_rnk",53.5606
"27035951301","tract",2019,"transportation_state_rnk",9.4318
"27035951302","tract",2019,"transportation_state_rnk",37.0076
"27035951400","tract",2019,"transportation_state_rnk",0.4545
"27035951600","tract",2019,"transportation_state_rnk",41.9318
"27035951700","tract",2019,"transportation_state_rnk",28.2197
"27037060101","tract",2019,"transportation_state_rnk",56.1364
"27037060102","tract",2019,"transportation_state_rnk",87.3485
"27037060103","tract",2019,"transportation_state_rnk",41.9318
"27037060104","tract",2019,"transportation_state_rnk",93.2955
"27037060105","tract",2019,"transportation_state_rnk",93.8636
"27037060201","tract",2019,"transportation_state_rnk",17.4242
"27037060202","tract",2019,"transportation_state_rnk",67.6515
"27037060301","tract",2019,"transportation_state_rnk",70.4545
"27037060302","tract",2019,"transportation_state_rnk",62.2727
"27037060401","tract",2019,"transportation_state_rnk",67.8409
"27037060402","tract",2019,"transportation_state_rnk",28.3712
"27037060502","tract",2019,"transportation_state_rnk",53.6742
"27037060503","tract",2019,"transportation_state_rnk",55.0758
"27037060505","tract",2019,"transportation_state_rnk",63.1061
"27037060506","tract",2019,"transportation_state_rnk",64.1667
"27037060507","tract",2019,"transportation_state_rnk",42.0833
"27037060508","tract",2019,"transportation_state_rnk",0.7197
"27037060509","tract",2019,"transportation_state_rnk",46.8182
"27037060603","tract",2019,"transportation_state_rnk",50.7197
"27037060604","tract",2019,"transportation_state_rnk",38.4091
"27037060605","tract",2019,"transportation_state_rnk",12.8788
"27037060606","tract",2019,"transportation_state_rnk",46.8939
"27037060709","tract",2019,"transportation_state_rnk",58.9394
"27037060710","tract",2019,"transportation_state_rnk",72.9924
"27037060711","tract",2019,"transportation_state_rnk",87.197
"27037060713","tract",2019,"transportation_state_rnk",76.5909
"27037060714","tract",2019,"transportation_state_rnk",66.8561
"27037060716","tract",2019,"transportation_state_rnk",46.0227
"27037060717","tract",2019,"transportation_state_rnk",51.5152
"27037060721","tract",2019,"transportation_state_rnk",77.0455
"27037060725","tract",2019,"transportation_state_rnk",74.697
"27037060726","tract",2019,"transportation_state_rnk",58.1439
"27037060727","tract",2019,"transportation_state_rnk",71.25
"27037060728","tract",2019,"transportation_state_rnk",53.2955
"27037060729","tract",2019,"transportation_state_rnk",65.5682
"27037060730","tract",2019,"transportation_state_rnk",48.75
"27037060731","tract",2019,"transportation_state_rnk",47.8788
"27037060732","tract",2019,"transportation_state_rnk",50.4167
"27037060733","tract",2019,"transportation_state_rnk",51.2121
"27037060734","tract",2019,"transportation_state_rnk",27.8788
"27037060735","tract",2019,"transportation_state_rnk",56.25
"27037060737","tract",2019,"transportation_state_rnk",76.25
"27037060738","tract",2019,"transportation_state_rnk",79.5833
"27037060739","tract",2019,"transportation_state_rnk",29.5455
"27037060741","tract",2019,"transportation_state_rnk",78.0682
"27037060742","tract",2019,"transportation_state_rnk",49.0152
"27037060743","tract",2019,"transportation_state_rnk",75.2273
"27037060744","tract",2019,"transportation_state_rnk",43.1061
"27037060745","tract",2019,"transportation_state_rnk",79.0909
"27037060746","tract",2019,"transportation_state_rnk",53.0303
"27037060747","tract",2019,"transportation_state_rnk",66.25
"27037060748","tract",2019,"transportation_state_rnk",83.9394
"27037060749","tract",2019,"transportation_state_rnk",80.3409
"27037060750","tract",2019,"transportation_state_rnk",82.5
"27037060805","tract",2019,"transportation_state_rnk",60.5682
"27037060806","tract",2019,"transportation_state_rnk",37.6136
"27037060811","tract",2019,"transportation_state_rnk",82.7652
"27037060812","tract",2019,"transportation_state_rnk",42.9167
"27037060813","tract",2019,"transportation_state_rnk",47.8788
"27037060814","tract",2019,"transportation_state_rnk",47.3485
"27037060815","tract",2019,"transportation_state_rnk",51.3636
"27037060816","tract",2019,"transportation_state_rnk",49.4697
"27037060817","tract",2019,"transportation_state_rnk",74.8485
"27037060818","tract",2019,"transportation_state_rnk",53.1818
"27037060819","tract",2019,"transportation_state_rnk",41.553
"27037060820","tract",2019,"transportation_state_rnk",41.1742
"27037060821","tract",2019,"transportation_state_rnk",65.5682
"27037060822","tract",2019,"transportation_state_rnk",28.9394
"27037060823","tract",2019,"transportation_state_rnk",36.8561
"27037060824","tract",2019,"transportation_state_rnk",65.947
"27037060825","tract",2019,"transportation_state_rnk",39.9621
"27037060826","tract",2019,"transportation_state_rnk",53.9394
"27037060828","tract",2019,"transportation_state_rnk",75.5303
"27037060829","tract",2019,"transportation_state_rnk",53.4848
"27037060902","tract",2019,"transportation_state_rnk",12.3864
"27037060904","tract",2019,"transportation_state_rnk",57.3864
"27037060905","tract",2019,"transportation_state_rnk",17.0833
"27037060906","tract",2019,"transportation_state_rnk",12.3864
"27037060907","tract",2019,"transportation_state_rnk",75
"27037061001","tract",2019,"transportation_state_rnk",2.0455
"27037061003","tract",2019,"transportation_state_rnk",24.2045
"27037061004","tract",2019,"transportation_state_rnk",17.8409
"27037061005","tract",2019,"transportation_state_rnk",42.7273
"27037061007","tract",2019,"transportation_state_rnk",44.1667
"27037061008","tract",2019,"transportation_state_rnk",61.2121
"27037061009","tract",2019,"transportation_state_rnk",56.5909
"27037061102","tract",2019,"transportation_state_rnk",39.053
"27037061105","tract",2019,"transportation_state_rnk",51.2121
"27037061106","tract",2019,"transportation_state_rnk",14.5833
"27037061107","tract",2019,"transportation_state_rnk",3.2576
"27037061108","tract",2019,"transportation_state_rnk",33.1061
"27037061401","tract",2019,"transportation_state_rnk",4.5076
"27037061402","tract",2019,"transportation_state_rnk",2.5758
"27037061501","tract",2019,"transportation_state_rnk",10.5682
"27037061502","tract",2019,"transportation_state_rnk",5.2652
"27039950100","tract",2019,"transportation_state_rnk",2.5758
"27039950200","tract",2019,"transportation_state_rnk",25.0379
"27039950300","tract",2019,"transportation_state_rnk",15.6439
"27039950400","tract",2019,"transportation_state_rnk",34.5076
"27039950500","tract",2019,"transportation_state_rnk",34.3561
"27041450100","tract",2019,"transportation_state_rnk",19.3939
"27041450200","tract",2019,"transportation_state_rnk",3.5985
"27041450500","tract",2019,"transportation_state_rnk",3.1439
"27041450600","tract",2019,"transportation_state_rnk",19.1667
"27041450701","tract",2019,"transportation_state_rnk",9.6212
"27041450702","tract",2019,"transportation_state_rnk",2.3485
"27041450800","tract",2019,"transportation_state_rnk",24.6212
"27041450900","tract",2019,"transportation_state_rnk",4.3939
"27041451000","tract",2019,"transportation_state_rnk",4.6591
"27043460100","tract",2019,"transportation_state_rnk",8.4091
"27043460200","tract",2019,"transportation_state_rnk",48.0682
"27043460300","tract",2019,"transportation_state_rnk",15.3788
"27043460400","tract",2019,"transportation_state_rnk",25.4545
"27043460500","tract",2019,"transportation_state_rnk",27.5
"27043460600","tract",2019,"transportation_state_rnk",15
"27045960100","tract",2019,"transportation_state_rnk",40.2273
"27045960200","tract",2019,"transportation_state_rnk",23.7879
"27045960300","tract",2019,"transportation_state_rnk",58.6364
"27045960400","tract",2019,"transportation_state_rnk",62.6515
"27045960500","tract",2019,"transportation_state_rnk",77.8788
"27045960600","tract",2019,"transportation_state_rnk",62.9545
"27047180100","tract",2019,"transportation_state_rnk",17.9545
"27047180200","tract",2019,"transportation_state_rnk",8.0682
"27047180300","tract",2019,"transportation_state_rnk",4.0152
"27047180400","tract",2019,"transportation_state_rnk",13.6364
"27047180500","tract",2019,"transportation_state_rnk",38.2955
"27047180600","tract",2019,"transportation_state_rnk",24.0152
"27047180700","tract",2019,"transportation_state_rnk",5.7197
"27047180800","tract",2019,"transportation_state_rnk",67.5379
"27047180900","tract",2019,"transportation_state_rnk",51.7803
"27047181000","tract",2019,"transportation_state_rnk",5.7197
"27049080101","tract",2019,"transportation_state_rnk",73.75
"27049080102","tract",2019,"transportation_state_rnk",29.5455
"27049080200","tract",2019,"transportation_state_rnk",14.4318
"27049080300","tract",2019,"transportation_state_rnk",47.1212
"27049080400","tract",2019,"transportation_state_rnk",10.9091
"27049080500","tract",2019,"transportation_state_rnk",4.8485
"27049080600","tract",2019,"transportation_state_rnk",27.3106
"27049080700","tract",2019,"transportation_state_rnk",33.1061
"27049080800","tract",2019,"transportation_state_rnk",17.4242
"27049080900","tract",2019,"transportation_state_rnk",33.6364
"27051070100","tract",2019,"transportation_state_rnk",37.8409
"27051070200","tract",2019,"transportation_state_rnk",11.0606
"27053000101","tract",2019,"transportation_state_rnk",87.6515
"27053000102","tract",2019,"transportation_state_rnk",92.5379
"27053000300","tract",2019,"transportation_state_rnk",83.2576
"27053000601","tract",2019,"transportation_state_rnk",83.1061
"27053000603","tract",2019,"transportation_state_rnk",74.9242
"27053001100","tract",2019,"transportation_state_rnk",86.0606
"27053001700","tract",2019,"transportation_state_rnk",78.7879
"27053002200","tract",2019,"transportation_state_rnk",69.5455
"27053002400","tract",2019,"transportation_state_rnk",83.0303
"27053002700","tract",2019,"transportation_state_rnk",93.4848
"27053003200","tract",2019,"transportation_state_rnk",73.5227
"27053003300","tract",2019,"transportation_state_rnk",96.2879
"27053003800","tract",2019,"transportation_state_rnk",99.0909
"27053005901","tract",2019,"transportation_state_rnk",98.6364
"27053005902","tract",2019,"transportation_state_rnk",99.0152
"27053006800","tract",2019,"transportation_state_rnk",97.9545
"27053007700","tract",2019,"transportation_state_rnk",91.6667
"27053007801","tract",2019,"transportation_state_rnk",98.2576
"27053008100","tract",2019,"transportation_state_rnk",96.8939
"27053008200","tract",2019,"transportation_state_rnk",98.0303
"27053008300","tract",2019,"transportation_state_rnk",91.1364
"27053008400","tract",2019,"transportation_state_rnk",92.5379
"27053008500","tract",2019,"transportation_state_rnk",96.5152
"27053009500","tract",2019,"transportation_state_rnk",86.1364
"27053009600","tract",2019,"transportation_state_rnk",88.1818
"27053010600","tract",2019,"transportation_state_rnk",72.6136
"27053010700","tract",2019,"transportation_state_rnk",79.4318
"27053011000","tract",2019,"transportation_state_rnk",88.1818
"27053011703","tract",2019,"transportation_state_rnk",58.5227
"27053011704","tract",2019,"transportation_state_rnk",68.5606
"27053011800","tract",2019,"transportation_state_rnk",70.8333
"27053011998","tract",2019,"transportation_state_rnk",94.5455
"27053012001","tract",2019,"transportation_state_rnk",69.9242
"27053012003","tract",2019,"transportation_state_rnk",74.053
"27053012101","tract",2019,"transportation_state_rnk",88.8636
"27053012102","tract",2019,"transportation_state_rnk",85.7576
"27053020101","tract",2019,"transportation_state_rnk",69.7727
"27053020102","tract",2019,"transportation_state_rnk",73.2576
"27053020200","tract",2019,"transportation_state_rnk",81.6667
"27053020301","tract",2019,"transportation_state_rnk",70.3788
"27053020302","tract",2019,"transportation_state_rnk",76.7424
"27053020303","tract",2019,"transportation_state_rnk",62.5379
"27053020304","tract",2019,"transportation_state_rnk",90.7576
"27053020400","tract",2019,"transportation_state_rnk",68.9015
"27053020500","tract",2019,"transportation_state_rnk",68.2955
"27053020600","tract",2019,"transportation_state_rnk",76.8561
"27053020700","tract",2019,"transportation_state_rnk",54.0152
"27053020801","tract",2019,"transportation_state_rnk",72.3485
"27053020804","tract",2019,"transportation_state_rnk",50.8333
"27053020902","tract",2019,"transportation_state_rnk",31.6288
"27053020903","tract",2019,"transportation_state_rnk",53.7879
"27053021001","tract",2019,"transportation_state_rnk",72.6136
"27053021002","tract",2019,"transportation_state_rnk",63.4091
"27053021100","tract",2019,"transportation_state_rnk",71.4394
"27053021200","tract",2019,"transportation_state_rnk",56.5909
"27053021300","tract",2019,"transportation_state_rnk",81.5909
"27053021400","tract",2019,"transportation_state_rnk",57.6136
"27053021501","tract",2019,"transportation_state_rnk",77.4242
"27053021502","tract",2019,"transportation_state_rnk",93.6364
"27053021503","tract",2019,"transportation_state_rnk",58.9394
"27053021504","tract",2019,"transportation_state_rnk",40.1136
"27053021505","tract",2019,"transportation_state_rnk",63.75
"27053021601","tract",2019,"transportation_state_rnk",69.0152
"27053021602","tract",2019,"transportation_state_rnk",69.6212
"27053021700","tract",2019,"transportation_state_rnk",62.1212
"27053021800","tract",2019,"transportation_state_rnk",30.3409
"27053021900","tract",2019,"transportation_state_rnk",25.0379
"27053022000","tract",2019,"transportation_state_rnk",75.0758
"27053022101","tract",2019,"transportation_state_rnk",82.3106
"27053022102","tract",2019,"transportation_state_rnk",75.9848
"27053022200","tract",2019,"transportation_state_rnk",64.7348
"27053022301","tract",2019,"transportation_state_rnk",74.5455
"27053022302","tract",2019,"transportation_state_rnk",82.7652
"27053022400","tract",2019,"transportation_state_rnk",81.0606
"27053022700","tract",2019,"transportation_state_rnk",76.6667
"27053022801","tract",2019,"transportation_state_rnk",66.25
"27053022802","tract",2019,"transportation_state_rnk",81.2121
"27053022901","tract",2019,"transportation_state_rnk",78.5985
"27053022902","tract",2019,"transportation_state_rnk",35.6061
"27053023000","tract",2019,"transportation_state_rnk",62.7652
"27053023100","tract",2019,"transportation_state_rnk",61.5909
"27053023200","tract",2019,"transportation_state_rnk",86.8182
"27053023300","tract",2019,"transportation_state_rnk",82.6515
"27053023400","tract",2019,"transportation_state_rnk",83.75
"27053023501","tract",2019,"transportation_state_rnk",67.2727
"27053023502","tract",2019,"transportation_state_rnk",61.7803
"27053023600","tract",2019,"transportation_state_rnk",39.3561
"27053023700","tract",2019,"transportation_state_rnk",38.6364
"27053023801","tract",2019,"transportation_state_rnk",34.8864
"27053023802","tract",2019,"transportation_state_rnk",62.7652
"27053023901","tract",2019,"transportation_state_rnk",52.803
"27053023902","tract",2019,"transportation_state_rnk",28.0303
"27053023903","tract",2019,"transportation_state_rnk",52.5758
"27053024003","tract",2019,"transportation_state_rnk",83.1818
"27053024004","tract",2019,"transportation_state_rnk",87.4242
"27053024005","tract",2019,"transportation_state_rnk",78.2576
"27053024006","tract",2019,"transportation_state_rnk",50.6061
"27053024100","tract",2019,"transportation_state_rnk",45.4545
"27053024200","tract",2019,"transportation_state_rnk",74.7727
"27053024300","tract",2019,"transportation_state_rnk",95.8333
"27053024400","tract",2019,"transportation_state_rnk",86.7424
"27053024500","tract",2019,"transportation_state_rnk",80.0379
"27053024600","tract",2019,"transportation_state_rnk",83.4091
"27053024700","tract",2019,"transportation_state_rnk",48.2955
"27053024801","tract",2019,"transportation_state_rnk",84.0152
"27053024802","tract",2019,"transportation_state_rnk",94.0909
"27053024901","tract",2019,"transportation_state_rnk",68.9015
"27053024902","tract",2019,"transportation_state_rnk",71.3636
"27053024903","tract",2019,"transportation_state_rnk",91.5152
"27053025100","tract",2019,"transportation_state_rnk",89.6212
"27053025201","tract",2019,"transportation_state_rnk",72.0833
"27053025205","tract",2019,"transportation_state_rnk",63.9015
"27053025301","tract",2019,"transportation_state_rnk",57.3864
"27053025302","tract",2019,"transportation_state_rnk",74.1667
"27053025401","tract",2019,"transportation_state_rnk",75.2273
"27053025403","tract",2019,"transportation_state_rnk",81.8182
"27053025601","tract",2019,"transportation_state_rnk",50.4167
"27053025603","tract",2019,"transportation_state_rnk",58.5227
"27053025605","tract",2019,"transportation_state_rnk",47.4242
"27053025701","tract",2019,"transportation_state_rnk",47.8788
"27053025702","tract",2019,"transportation_state_rnk",78.3333
"27053025801","tract",2019,"transportation_state_rnk",72.9924
"27053025802","tract",2019,"transportation_state_rnk",47.2727
"27053025803","tract",2019,"transportation_state_rnk",75.6061
"27053025805","tract",2019,"transportation_state_rnk",77.5
"27053025903","tract",2019,"transportation_state_rnk",29.697
"27053025905","tract",2019,"transportation_state_rnk",54.1288
"27053025906","tract",2019,"transportation_state_rnk",44.3939
"27053025907","tract",2019,"transportation_state_rnk",59.9242
"27053026005","tract",2019,"transportation_state_rnk",33.3333
"27053026006","tract",2019,"transportation_state_rnk",60.7576
"27053026007","tract",2019,"transportation_state_rnk",34.6591
"27053026013","tract",2019,"transportation_state_rnk",21.3636
"27053026014","tract",2019,"transportation_state_rnk",53.2955
"27053026015","tract",2019,"transportation_state_rnk",51.9697
"27053026016","tract",2019,"transportation_state_rnk",49.7727
"27053026018","tract",2019,"transportation_state_rnk",41.1742
"27053026019","tract",2019,"transportation_state_rnk",92.1591
"27053026020","tract",2019,"transportation_state_rnk",59.1667
"27053026021","tract",2019,"transportation_state_rnk",20.7955
"27053026022","tract",2019,"transportation_state_rnk",47.6515
"27053026101","tract",2019,"transportation_state_rnk",22.8788
"27053026103","tract",2019,"transportation_state_rnk",40.7955
"27053026104","tract",2019,"transportation_state_rnk",65.2652
"27053026201","tract",2019,"transportation_state_rnk",29.1667
"27053026202","tract",2019,"transportation_state_rnk",51.5152
"27053026205","tract",2019,"transportation_state_rnk",61.4773
"27053026206","tract",2019,"transportation_state_rnk",77.6515
"27053026207","tract",2019,"transportation_state_rnk",58.1439
"27053026208","tract",2019,"transportation_state_rnk",49.0152
"27053026301","tract",2019,"transportation_state_rnk",35.1515
"27053026302","tract",2019,"transportation_state_rnk",39.053
"27053026402","tract",2019,"transportation_state_rnk",76.3636
"27053026403","tract",2019,"transportation_state_rnk",89.697
"27053026404","tract",2019,"transportation_state_rnk",67.8409
"27053026505","tract",2019,"transportation_state_rnk",60.5682
"27053026507","tract",2019,"transportation_state_rnk",33.1061
"27053026508","tract",2019,"transportation_state_rnk",44.3182
"27053026509","tract",2019,"transportation_state_rnk",43.2576
"27053026510","tract",2019,"transportation_state_rnk",64.2424
"27053026511","tract",2019,"transportation_state_rnk",60.1136
"27053026512","tract",2019,"transportation_state_rnk",73.1061
"27053026514","tract",2019,"transportation_state_rnk",42.4242
"27053026605","tract",2019,"transportation_state_rnk",27.5
"27053026606","tract",2019,"transportation_state_rnk",51.6667
"27053026609","tract",2019,"transportation_state_rnk",11.4015
"27053026610","tract",2019,"transportation_state_rnk",55.5303
"27053026611","tract",2019,"transportation_state_rnk",72.3485
"27053026612","tract",2019,"transportation_state_rnk",58.2955
"27053026613","tract",2019,"transportation_state_rnk",35.6061
"27053026702","tract",2019,"transportation_state_rnk",41.553
"27053026706","tract",2019,"transportation_state_rnk",56.9697
"27053026707","tract",2019,"transportation_state_rnk",44.697
"27053026708","tract",2019,"transportation_state_rnk",71.8182
"27053026710","tract",2019,"transportation_state_rnk",61.7803
"27053026711","tract",2019,"transportation_state_rnk",38.9394
"27053026712","tract",2019,"transportation_state_rnk",26.553
"27053026713","tract",2019,"transportation_state_rnk",61.3636
"27053026714","tract",2019,"transportation_state_rnk",59.8485
"27053026715","tract",2019,"transportation_state_rnk",41.3636
"27053026716","tract",2019,"transportation_state_rnk",39.6591
"27053026807","tract",2019,"transportation_state_rnk",76.5152
"27053026809","tract",2019,"transportation_state_rnk",81.5152
"27053026810","tract",2019,"transportation_state_rnk",79.2803
"27053026811","tract",2019,"transportation_state_rnk",65.1515
"27053026812","tract",2019,"transportation_state_rnk",57.6136
"27053026814","tract",2019,"transportation_state_rnk",45.9091
"27053026815","tract",2019,"transportation_state_rnk",57.5
"27053026816","tract",2019,"transportation_state_rnk",81.8182
"27053026818","tract",2019,"transportation_state_rnk",33.5606
"27053026819","tract",2019,"transportation_state_rnk",97.197
"27053026820","tract",2019,"transportation_state_rnk",36.25
"27053026822","tract",2019,"transportation_state_rnk",54.5455
"27053026823","tract",2019,"transportation_state_rnk",43.4848
"27053026903","tract",2019,"transportation_state_rnk",66.6288
"27053026906","tract",2019,"transportation_state_rnk",44.8864
"27053026907","tract",2019,"transportation_state_rnk",21.2121
"27053026908","tract",2019,"transportation_state_rnk",64.6212
"27053026909","tract",2019,"transportation_state_rnk",33.9773
"27053026910","tract",2019,"transportation_state_rnk",8.9015
"27053027001","tract",2019,"transportation_state_rnk",7.197
"27053027002","tract",2019,"transportation_state_rnk",12.8788
"27053027101","tract",2019,"transportation_state_rnk",25.8333
"27053027102","tract",2019,"transportation_state_rnk",20.7955
"27053027201","tract",2019,"transportation_state_rnk",2.5758
"27053027202","tract",2019,"transportation_state_rnk",44.6212
"27053027203","tract",2019,"transportation_state_rnk",46.7424
"27053027300","tract",2019,"transportation_state_rnk",64.0152
"27053027400","tract",2019,"transportation_state_rnk",34.5076
"27053027501","tract",2019,"transportation_state_rnk",54.5455
"27053027503","tract",2019,"transportation_state_rnk",31.25
"27053027504","tract",2019,"transportation_state_rnk",56.0227
"27053027601","tract",2019,"transportation_state_rnk",77.1591
"27053027602","tract",2019,"transportation_state_rnk",62.3864
"27053027700","tract",2019,"transportation_state_rnk",17.0833
"27053100200","tract",2019,"transportation_state_rnk",84.6212
"27053100400","tract",2019,"transportation_state_rnk",97.3485
"27053100500","tract",2019,"transportation_state_rnk",88.4091
"27053100700","tract",2019,"transportation_state_rnk",74.5455
"27053100800","tract",2019,"transportation_state_rnk",95.9091
"27053100900","tract",2019,"transportation_state_rnk",98.1061
"27053101200","tract",2019,"transportation_state_rnk",75.7576
"27053101300","tract",2019,"transportation_state_rnk",96.7424
"27053101600","tract",2019,"transportation_state_rnk",99.1667
"27053101800","tract",2019,"transportation_state_rnk",90.1136
"27053101900","tract",2019,"transportation_state_rnk",91.3636
"27053102000","tract",2019,"transportation_state_rnk",89.1667
"27053102100","tract",2019,"transportation_state_rnk",96.6667
"27053102300","tract",2019,"transportation_state_rnk",89.5076
"27053102500","tract",2019,"transportation_state_rnk",93.2955
"27053102600","tract",2019,"transportation_state_rnk",94.0152
"27053102800","tract",2019,"transportation_state_rnk",92.1591
"27053102900","tract",2019,"transportation_state_rnk",89.5076
"27053103000","tract",2019,"transportation_state_rnk",84.1667
"27053103100","tract",2019,"transportation_state_rnk",95.6061
"27053103400","tract",2019,"transportation_state_rnk",95.3788
"27053103600","tract",2019,"transportation_state_rnk",90.1136
"27053103700","tract",2019,"transportation_state_rnk",96.0985
"27053103900","tract",2019,"transportation_state_rnk",99.697
"27053104000","tract",2019,"transportation_state_rnk",97.6515
"27053104100","tract",2019,"transportation_state_rnk",93.7121
"27053104400","tract",2019,"transportation_state_rnk",99.8485
"27053104800","tract",2019,"transportation_state_rnk",99.7727
"27053104900","tract",2019,"transportation_state_rnk",NA
"27053105100","tract",2019,"transportation_state_rnk",69.1667
"27053105201","tract",2019,"transportation_state_rnk",98.1818
"27053105204","tract",2019,"transportation_state_rnk",99.9242
"27053105400","tract",2019,"transportation_state_rnk",98.8636
"27053105500","tract",2019,"transportation_state_rnk",93.5606
"27053105600","tract",2019,"transportation_state_rnk",99.5455
"27053105700","tract",2019,"transportation_state_rnk",99.6212
"27053106000","tract",2019,"transportation_state_rnk",98.7879
"27053106200","tract",2019,"transportation_state_rnk",97.5
"27053106400","tract",2019,"transportation_state_rnk",95.303
"27053106500","tract",2019,"transportation_state_rnk",56.25
"27053106600","tract",2019,"transportation_state_rnk",91.5909
"27053106700","tract",2019,"transportation_state_rnk",97.8788
"27053106900","tract",2019,"transportation_state_rnk",98.9394
"27053107000","tract",2019,"transportation_state_rnk",97.803
"27053107400","tract",2019,"transportation_state_rnk",95.0758
"27053107500","tract",2019,"transportation_state_rnk",91.8182
"27053107600","tract",2019,"transportation_state_rnk",85.5303
"27053108000","tract",2019,"transportation_state_rnk",94.6212
"27053108600","tract",2019,"transportation_state_rnk",94.1667
"27053108700","tract",2019,"transportation_state_rnk",89.0909
"27053108800","tract",2019,"transportation_state_rnk",95.2273
"27053108900","tract",2019,"transportation_state_rnk",90.3788
"27053109000","tract",2019,"transportation_state_rnk",86.9697
"27053109100","tract",2019,"transportation_state_rnk",87.8788
"27053109200","tract",2019,"transportation_state_rnk",95.1515
"27053109300","tract",2019,"transportation_state_rnk",93.9394
"27053109400","tract",2019,"transportation_state_rnk",87.7273
"27053109700","tract",2019,"transportation_state_rnk",92.7273
"27053109800","tract",2019,"transportation_state_rnk",78.7121
"27053109900","tract",2019,"transportation_state_rnk",84.697
"27053110000","tract",2019,"transportation_state_rnk",72.803
"27053110100","tract",2019,"transportation_state_rnk",88.7879
"27053110200","tract",2019,"transportation_state_rnk",91.2121
"27053110400","tract",2019,"transportation_state_rnk",92.6515
"27053110500","tract",2019,"transportation_state_rnk",86.5909
"27053110800","tract",2019,"transportation_state_rnk",89.9242
"27053110900","tract",2019,"transportation_state_rnk",71.6667
"27053111100","tract",2019,"transportation_state_rnk",79.4318
"27053111200","tract",2019,"transportation_state_rnk",80.8333
"27053111300","tract",2019,"transportation_state_rnk",78.4848
"27053111400","tract",2019,"transportation_state_rnk",85.6439
"27053111500","tract",2019,"transportation_state_rnk",79.8485
"27053111600","tract",2019,"transportation_state_rnk",78.5985
"27053122500","tract",2019,"transportation_state_rnk",78.9394
"27053122600","tract",2019,"transportation_state_rnk",38.7879
"27053125500","tract",2019,"transportation_state_rnk",60.8712
"27053125600","tract",2019,"transportation_state_rnk",97.1212
"27053125700","tract",2019,"transportation_state_rnk",91.4394
"27053125800","tract",2019,"transportation_state_rnk",95.9848
"27053125900","tract",2019,"transportation_state_rnk",98.4091
"27053126000","tract",2019,"transportation_state_rnk",99.3939
"27053126100","tract",2019,"transportation_state_rnk",99.4697
"27053126200","tract",2019,"transportation_state_rnk",95.5303
"27053980000","tract",2019,"transportation_state_rnk",97.5758
"27055020100","tract",2019,"transportation_state_rnk",21.8939
"27055020200","tract",2019,"transportation_state_rnk",12.0076
"27055020300","tract",2019,"transportation_state_rnk",41.1742
"27055020500","tract",2019,"transportation_state_rnk",22.6894
"27055020900","tract",2019,"transportation_state_rnk",46.5152
"27057070100","tract",2019,"transportation_state_rnk",13.8258
"27057070200","tract",2019,"transportation_state_rnk",32.197
"27057070300","tract",2019,"transportation_state_rnk",34.1667
"27057070400","tract",2019,"transportation_state_rnk",33.75
"27057070500","tract",2019,"transportation_state_rnk",7.803
"27057070600","tract",2019,"transportation_state_rnk",89.3182
"27057070700","tract",2019,"transportation_state_rnk",15.3788
"27059130100","tract",2019,"transportation_state_rnk",15.9091
"27059130200","tract",2019,"transportation_state_rnk",39.8485
"27059130301","tract",2019,"transportation_state_rnk",31.25
"27059130302","tract",2019,"transportation_state_rnk",49.9242
"27059130400","tract",2019,"transportation_state_rnk",12.0076
"27059130501","tract",2019,"transportation_state_rnk",18.0682
"27059130502","tract",2019,"transportation_state_rnk",24.5076
"27059130600","tract",2019,"transportation_state_rnk",11.7424
"27061480100","tract",2019,"transportation_state_rnk",47.6515
"27061480300","tract",2019,"transportation_state_rnk",17.2348
"27061480400","tract",2019,"transportation_state_rnk",30.7197
"27061480500","tract",2019,"transportation_state_rnk",64.9242
"27061480600","tract",2019,"transportation_state_rnk",19.2803
"27061480700","tract",2019,"transportation_state_rnk",5.947
"27061480801","tract",2019,"transportation_state_rnk",0.1515
"27061480802","tract",2019,"transportation_state_rnk",54.9621
"27061480900","tract",2019,"transportation_state_rnk",37.9924
"27061481000","tract",2019,"transportation_state_rnk",20.6061
"27061940000","tract",2019,"transportation_state_rnk",54.3561
"27063480100","tract",2019,"transportation_state_rnk",15.7576
"27063480200","tract",2019,"transportation_state_rnk",23.4091
"27063480300","tract",2019,"transportation_state_rnk",16.4394
"27063480400","tract",2019,"transportation_state_rnk",39.3561
"27065480100","tract",2019,"transportation_state_rnk",30.8712
"27065480200","tract",2019,"transportation_state_rnk",37.3864
"27065480300","tract",2019,"transportation_state_rnk",87.803
"27065480400","tract",2019,"transportation_state_rnk",26.0227
"27067770900","tract",2019,"transportation_state_rnk",48.4091
"27067780100","tract",2019,"transportation_state_rnk",20.6061
"27067780200","tract",2019,"transportation_state_rnk",23.2197
"27067780300","tract",2019,"transportation_state_rnk",7.197
"27067780400","tract",2019,"transportation_state_rnk",9.6212
"27067780500","tract",2019,"transportation_state_rnk",55.8712
"27067780600","tract",2019,"transportation_state_rnk",2.4242
"27067780700","tract",2019,"transportation_state_rnk",30.6061
"27067780800","tract",2019,"transportation_state_rnk",62.5379
"27067781000","tract",2019,"transportation_state_rnk",24.7348
"27067781100","tract",2019,"transportation_state_rnk",12.5379
"27067781200","tract",2019,"transportation_state_rnk",11.1742
"27069090100","tract",2019,"transportation_state_rnk",64.0909
"27069090200","tract",2019,"transportation_state_rnk",34.8864
"27071790100","tract",2019,"transportation_state_rnk",19.053
"27071790200","tract",2019,"transportation_state_rnk",75.3788
"27071790300","tract",2019,"transportation_state_rnk",31.6288
"27071790500","tract",2019,"transportation_state_rnk",26.8182
"27073180100","tract",2019,"transportation_state_rnk",41.7803
"27073180200","tract",2019,"transportation_state_rnk",23.7879
"27073180300","tract",2019,"transportation_state_rnk",30.9848
"27075370100","tract",2019,"transportation_state_rnk",48.0682
"27075370300","tract",2019,"transportation_state_rnk",35.4167
"27075370400","tract",2019,"transportation_state_rnk",61.7803
"27075990100","tract",2019,"transportation_state_rnk",NA
"27077460300","tract",2019,"transportation_state_rnk",61.2121
"27077460400","tract",2019,"transportation_state_rnk",65.2652
"27079950100","tract",2019,"transportation_state_rnk",14.7727
"27079950200","tract",2019,"transportation_state_rnk",47.6515
"27079950300","tract",2019,"transportation_state_rnk",28.6364
"27079950400","tract",2019,"transportation_state_rnk",22.197
"27079950500","tract",2019,"transportation_state_rnk",21.3636
"27079950600","tract",2019,"transportation_state_rnk",0.5303
"27081201001","tract",2019,"transportation_state_rnk",50.9848
"27081201002","tract",2019,"transportation_state_rnk",42.7273
"27083360100","tract",2019,"transportation_state_rnk",36.4394
"27083360200","tract",2019,"transportation_state_rnk",4.9242
"27083360300","tract",2019,"transportation_state_rnk",56.0227
"27083360400","tract",2019,"transportation_state_rnk",58.2955
"27083360500","tract",2019,"transportation_state_rnk",69.7727
"27083360600","tract",2019,"transportation_state_rnk",14.1288
"27083360700","tract",2019,"transportation_state_rnk",32.9167
"27085950100","tract",2019,"transportation_state_rnk",21.1364
"27085950200","tract",2019,"transportation_state_rnk",1.7045
"27085950300","tract",2019,"transportation_state_rnk",25.4545
"27085950400","tract",2019,"transportation_state_rnk",25.2273
"27085950500","tract",2019,"transportation_state_rnk",13.9773
"27085950600","tract",2019,"transportation_state_rnk",6.2121
"27085950700","tract",2019,"transportation_state_rnk",32.6136
"27087940100","tract",2019,"transportation_state_rnk",48.2955
"27087940300","tract",2019,"transportation_state_rnk",47.0076
"27089080100","tract",2019,"transportation_state_rnk",27.6894
"27089080200","tract",2019,"transportation_state_rnk",18.5985
"27089080300","tract",2019,"transportation_state_rnk",16.8561
"27089080400","tract",2019,"transportation_state_rnk",21.7803
"27091790100","tract",2019,"transportation_state_rnk",27.6894
"27091790200","tract",2019,"transportation_state_rnk",9.3182
"27091790300","tract",2019,"transportation_state_rnk",8.0682
"27091790400","tract",2019,"transportation_state_rnk",21.0227
"27091790500","tract",2019,"transportation_state_rnk",66.1364
"27091790600","tract",2019,"transportation_state_rnk",74.3939
"27093560100","tract",2019,"transportation_state_rnk",13.447
"27093560200","tract",2019,"transportation_state_rnk",13.447
"27093560300","tract",2019,"transportation_state_rnk",55.303
"27093560400","tract",2019,"transportation_state_rnk",14.5833
"27093560500","tract",2019,"transportation_state_rnk",17.6136
"27093560600","tract",2019,"transportation_state_rnk",24.7348
"27095170400","tract",2019,"transportation_state_rnk",22.5758
"27095170500","tract",2019,"transportation_state_rnk",51.8939
"27095170600","tract",2019,"transportation_state_rnk",14.697
"27095170700","tract",2019,"transportation_state_rnk",74.053
"27095970100","tract",2019,"transportation_state_rnk",57.2727
"27095970200","tract",2019,"transportation_state_rnk",71.5152
"27095970300","tract",2019,"transportation_state_rnk",32.6136
"27097780100","tract",2019,"transportation_state_rnk",35.1515
"27097780200","tract",2019,"transportation_state_rnk",11.2879
"27097780300","tract",2019,"transportation_state_rnk",12.2348
"27097780400","tract",2019,"transportation_state_rnk",15.9091
"27097780500","tract",2019,"transportation_state_rnk",46.5152
"27097780600","tract",2019,"transportation_state_rnk",85.1894
"27097780700","tract",2019,"transportation_state_rnk",20.6061
"27097780800","tract",2019,"transportation_state_rnk",30.4924
"27099000100","tract",2019,"transportation_state_rnk",26.7045
"27099000200","tract",2019,"transportation_state_rnk",28.6364
"27099000300","tract",2019,"transportation_state_rnk",69.2424
"27099000410","tract",2019,"transportation_state_rnk",68.7879
"27099000600","tract",2019,"transportation_state_rnk",2.803
"27099000800","tract",2019,"transportation_state_rnk",38.4848
"27099000900","tract",2019,"transportation_state_rnk",26.2121
"27099001000","tract",2019,"transportation_state_rnk",15.3788
"27099001200","tract",2019,"transportation_state_rnk",18.7121
"27099001300","tract",2019,"transportation_state_rnk",45.6439
"27099001400","tract",2019,"transportation_state_rnk",29.1667
"27101900100","tract",2019,"transportation_state_rnk",6.8561
"27101900200","tract",2019,"transportation_state_rnk",37.3864
"27101900300","tract",2019,"transportation_state_rnk",22.4242
"27103480100","tract",2019,"transportation_state_rnk",1.5909
"27103480200","tract",2019,"transportation_state_rnk",6.3258
"27103480300","tract",2019,"transportation_state_rnk",38.7879
"27103480400","tract",2019,"transportation_state_rnk",NA
"27103480501","tract",2019,"transportation_state_rnk",43.4848
"27103480502","tract",2019,"transportation_state_rnk",12.5379
"27103480600","tract",2019,"transportation_state_rnk",85.4545
"27105105100","tract",2019,"transportation_state_rnk",14.4318
"27105105200","tract",2019,"transportation_state_rnk",14.1288
"27105105300","tract",2019,"transportation_state_rnk",16.2121
"27105105400","tract",2019,"transportation_state_rnk",80.9848
"27105105500","tract",2019,"transportation_state_rnk",88.1818
"27105105600","tract",2019,"transportation_state_rnk",65.0758
"27107960100","tract",2019,"transportation_state_rnk",31.8939
"27107960200","tract",2019,"transportation_state_rnk",67.5379
"27107960300","tract",2019,"transportation_state_rnk",18.5985
"27109000100","tract",2019,"transportation_state_rnk",99.2424
"27109000200","tract",2019,"transportation_state_rnk",84.0909
"27109000300","tract",2019,"transportation_state_rnk",74.5455
"27109000400","tract",2019,"transportation_state_rnk",97.2727
"27109000500","tract",2019,"transportation_state_rnk",98.5606
"27109000600","tract",2019,"transportation_state_rnk",81.1364
"27109000901","tract",2019,"transportation_state_rnk",49.9242
"27109000902","tract",2019,"transportation_state_rnk",57.9167
"27109000903","tract",2019,"transportation_state_rnk",30.1894
"27109001000","tract",2019,"transportation_state_rnk",73.6364
"27109001100","tract",2019,"transportation_state_rnk",76.0985
"27109001201","tract",2019,"transportation_state_rnk",62.0076
"27109001202","tract",2019,"transportation_state_rnk",30.0758
"27109001203","tract",2019,"transportation_state_rnk",25.8333
"27109001301","tract",2019,"transportation_state_rnk",78.1818
"27109001302","tract",2019,"transportation_state_rnk",53.6742
"27109001401","tract",2019,"transportation_state_rnk",79.5833
"27109001402","tract",2019,"transportation_state_rnk",35.1515
"27109001501","tract",2019,"transportation_state_rnk",65.947
"27109001502","tract",2019,"transportation_state_rnk",56.8939
"27109001503","tract",2019,"transportation_state_rnk",43.0303
"27109001601","tract",2019,"transportation_state_rnk",69.0909
"27109001602","tract",2019,"transportation_state_rnk",60.4545
"27109001603","tract",2019,"transportation_state_rnk",40.6061
"27109001701","tract",2019,"transportation_state_rnk",55.6061
"27109001702","tract",2019,"transportation_state_rnk",63.9015
"27109001703","tract",2019,"transportation_state_rnk",48.75
"27109001800","tract",2019,"transportation_state_rnk",19.5455
"27109001900","tract",2019,"transportation_state_rnk",13.1818
"27109002000","tract",2019,"transportation_state_rnk",7.803
"27109002100","tract",2019,"transportation_state_rnk",46.5152
"27109002200","tract",2019,"transportation_state_rnk",10.7576
"27109002300","tract",2019,"transportation_state_rnk",52.197
"27111960102","tract",2019,"transportation_state_rnk",7.0455
"27111960103","tract",2019,"transportation_state_rnk",39.6591
"27111960300","tract",2019,"transportation_state_rnk",85.8712
"27111960400","tract",2019,"transportation_state_rnk",32.5
"27111960500","tract",2019,"transportation_state_rnk",39.3561
"27111960600","tract",2019,"transportation_state_rnk",23.2197
"27111960700","tract",2019,"transportation_state_rnk",35.7955
"27111960800","tract",2019,"transportation_state_rnk",6.4394
"27111960900","tract",2019,"transportation_state_rnk",90.8333
"27111961000","tract",2019,"transportation_state_rnk",77.5758
"27111961100","tract",2019,"transportation_state_rnk",70.5682
"27111961200","tract",2019,"transportation_state_rnk",44.0152
"27111961300","tract",2019,"transportation_state_rnk",44.8864
"27111961400","tract",2019,"transportation_state_rnk",33.9773
"27111961500","tract",2019,"transportation_state_rnk",35.6061
"27111961600","tract",2019,"transportation_state_rnk",40.3788
"27111961700","tract",2019,"transportation_state_rnk",2.9545
"27113090100","tract",2019,"transportation_state_rnk",0.0758
"27113090200","tract",2019,"transportation_state_rnk",30.3409
"27113090300","tract",2019,"transportation_state_rnk",2.0455
"27113090400","tract",2019,"transportation_state_rnk",26.553
"27113090500","tract",2019,"transportation_state_rnk",49.0152
"27115950100","tract",2019,"transportation_state_rnk",16.553
"27115950200","tract",2019,"transportation_state_rnk",23.7879
"27115950300","tract",2019,"transportation_state_rnk",37.197
"27115950400","tract",2019,"transportation_state_rnk",57.9167
"27115950500","tract",2019,"transportation_state_rnk",42.197
"27115950600","tract",2019,"transportation_state_rnk",49.6591
"27115950700","tract",2019,"transportation_state_rnk",75.6818
"27115950800","tract",2019,"transportation_state_rnk",18.4091
"27117460100","tract",2019,"transportation_state_rnk",8.7879
"27117460200","tract",2019,"transportation_state_rnk",57.0455
"27117460300","tract",2019,"transportation_state_rnk",33.4848
"27117460400","tract",2019,"transportation_state_rnk",6.8561
"27117460500","tract",2019,"transportation_state_rnk",59.3561
"27119020100","tract",2019,"transportation_state_rnk",56.5909
"27119020200","tract",2019,"transportation_state_rnk",73.2576
"27119020300","tract",2019,"transportation_state_rnk",0.8333
"27119020400","tract",2019,"transportation_state_rnk",12.8788
"27119020500","tract",2019,"transportation_state_rnk",19.2803
"27119020600","tract",2019,"transportation_state_rnk",79.2803
"27119020700","tract",2019,"transportation_state_rnk",16.9697
"27119020800","tract",2019,"transportation_state_rnk",53.4091
"27119020900","tract",2019,"transportation_state_rnk",31.25
"27119021000","tract",2019,"transportation_state_rnk",37.6136
"27121970100","tract",2019,"transportation_state_rnk",8.5985
"27121970200","tract",2019,"transportation_state_rnk",15.9091
"27121970300","tract",2019,"transportation_state_rnk",7.6136
"27121970400","tract",2019,"transportation_state_rnk",22.8788
"27123030100","tract",2019,"transportation_state_rnk",94.4697
"27123030201","tract",2019,"transportation_state_rnk",84.3561
"27123030202","tract",2019,"transportation_state_rnk",87.2727
"27123030300","tract",2019,"transportation_state_rnk",68.7121
"27123030400","tract",2019,"transportation_state_rnk",91.2879
"27123030500","tract",2019,"transportation_state_rnk",94.9242
"27123030601","tract",2019,"transportation_state_rnk",83.5985
"27123030602","tract",2019,"transportation_state_rnk",72.0833
"27123030702","tract",2019,"transportation_state_rnk",63.4848
"27123030703","tract",2019,"transportation_state_rnk",84.3561
"27123030704","tract",2019,"transportation_state_rnk",87.5379
"27123030800","tract",2019,"transportation_state_rnk",86.5152
"27123030900","tract",2019,"transportation_state_rnk",86.25
"27123031000","tract",2019,"transportation_state_rnk",91.9697
"27123031100","tract",2019,"transportation_state_rnk",80.3409
"27123031200","tract",2019,"transportation_state_rnk",91.8939
"27123031300","tract",2019,"transportation_state_rnk",85.8712
"27123031400","tract",2019,"transportation_state_rnk",88.9394
"27123031500","tract",2019,"transportation_state_rnk",90.9091
"27123031600","tract",2019,"transportation_state_rnk",90.5303
"27123031701","tract",2019,"transportation_state_rnk",95.7576
"27123031702","tract",2019,"transportation_state_rnk",91.0606
"27123031801","tract",2019,"transportation_state_rnk",92.3485
"27123031802","tract",2019,"transportation_state_rnk",64.9242
"27123031900","tract",2019,"transportation_state_rnk",94.697
"27123032000","tract",2019,"transportation_state_rnk",95
"27123032100","tract",2019,"transportation_state_rnk",96.8182
"27123032200","tract",2019,"transportation_state_rnk",94.3939
"27123032300","tract",2019,"transportation_state_rnk",89.3939
"27123032400","tract",2019,"transportation_state_rnk",94.2424
"27123032500","tract",2019,"transportation_state_rnk",89.0152
"27123032600","tract",2019,"transportation_state_rnk",96.2121
"27123032700","tract",2019,"transportation_state_rnk",97.7273
"27123033000","tract",2019,"transportation_state_rnk",94.8485
"27123033100","tract",2019,"transportation_state_rnk",90.6818
"27123033200","tract",2019,"transportation_state_rnk",94.7727
"27123033300","tract",2019,"transportation_state_rnk",91.7424
"27123033400","tract",2019,"transportation_state_rnk",97.4242
"27123033500","tract",2019,"transportation_state_rnk",94.3182
"27123033600","tract",2019,"transportation_state_rnk",98.3333
"27123033700","tract",2019,"transportation_state_rnk",98.4848
"27123033800","tract",2019,"transportation_state_rnk",92.0455
"27123033900","tract",2019,"transportation_state_rnk",93.7879
"27123034000","tract",2019,"transportation_state_rnk",90.9848
"27123034201","tract",2019,"transportation_state_rnk",96.9697
"27123034202","tract",2019,"transportation_state_rnk",98.7121
"27123034400","tract",2019,"transportation_state_rnk",88.5606
"27123034500","tract",2019,"transportation_state_rnk",89.2424
"27123034601","tract",2019,"transportation_state_rnk",85.303
"27123034602","tract",2019,"transportation_state_rnk",76.25
"27123034701","tract",2019,"transportation_state_rnk",77.3106
"27123034702","tract",2019,"transportation_state_rnk",70.1515
"27123034900","tract",2019,"transportation_state_rnk",88.0303
"27123035000","tract",2019,"transportation_state_rnk",90.303
"27123035100","tract",2019,"transportation_state_rnk",NA
"27123035200","tract",2019,"transportation_state_rnk",85.9848
"27123035300","tract",2019,"transportation_state_rnk",63.5606
"27123035500","tract",2019,"transportation_state_rnk",88.6742
"27123035700","tract",2019,"transportation_state_rnk",77.3106
"27123035800","tract",2019,"transportation_state_rnk",80.9091
"27123035900","tract",2019,"transportation_state_rnk",97.0455
"27123036000","tract",2019,"transportation_state_rnk",90.2273
"27123036100","tract",2019,"transportation_state_rnk",72.5
"27123036300","tract",2019,"transportation_state_rnk",82.5758
"27123036400","tract",2019,"transportation_state_rnk",82.0833
"27123036500","tract",2019,"transportation_state_rnk",82.0833
"27123036600","tract",2019,"transportation_state_rnk",65.6818
"27123036700","tract",2019,"transportation_state_rnk",81.8182
"27123036800","tract",2019,"transportation_state_rnk",75.8712
"27123036900","tract",2019,"transportation_state_rnk",83.75
"27123037000","tract",2019,"transportation_state_rnk",58.9394
"27123037100","tract",2019,"transportation_state_rnk",89.8106
"27123037200","tract",2019,"transportation_state_rnk",84.4697
"27123037402","tract",2019,"transportation_state_rnk",78.9394
"27123037403","tract",2019,"transportation_state_rnk",63.75
"27123037500","tract",2019,"transportation_state_rnk",78.9394
"27123037601","tract",2019,"transportation_state_rnk",86.3636
"27123037602","tract",2019,"transportation_state_rnk",87.9545
"27123040100","tract",2019,"transportation_state_rnk",27.803
"27123040200","tract",2019,"transportation_state_rnk",74.3182
"27123040301","tract",2019,"transportation_state_rnk",32.0455
"27123040302","tract",2019,"transportation_state_rnk",64.3939
"27123040401","tract",2019,"transportation_state_rnk",43.9394
"27123040402","tract",2019,"transportation_state_rnk",52.0455
"27123040502","tract",2019,"transportation_state_rnk",54.697
"27123040503","tract",2019,"transportation_state_rnk",45.1515
"27123040504","tract",2019,"transportation_state_rnk",67.0076
"27123040601","tract",2019,"transportation_state_rnk",45.2652
"27123040603","tract",2019,"transportation_state_rnk",39.1667
"27123040604","tract",2019,"transportation_state_rnk",61.4773
"27123040703","tract",2019,"transportation_state_rnk",18.2576
"27123040704","tract",2019,"transportation_state_rnk",72.197
"27123040705","tract",2019,"transportation_state_rnk",29.9621
"27123040706","tract",2019,"transportation_state_rnk",50.1515
"27123040707","tract",2019,"transportation_state_rnk",52.5758
"27123040801","tract",2019,"transportation_state_rnk",36.8561
"27123040802","tract",2019,"transportation_state_rnk",NA
"27123040803","tract",2019,"transportation_state_rnk",69.3939
"27123040901","tract",2019,"transportation_state_rnk",20.9091
"27123040902","tract",2019,"transportation_state_rnk",65.4167
"27123041001","tract",2019,"transportation_state_rnk",15.1894
"27123041002","tract",2019,"transportation_state_rnk",80.6061
"27123041103","tract",2019,"transportation_state_rnk",85.6439
"27123041104","tract",2019,"transportation_state_rnk",63.0303
"27123041105","tract",2019,"transportation_state_rnk",58.9394
"27123041106","tract",2019,"transportation_state_rnk",56.5909
"27123041107","tract",2019,"transportation_state_rnk",57.7273
"27123041200","tract",2019,"transportation_state_rnk",70.9091
"27123041301","tract",2019,"transportation_state_rnk",79.697
"27123041302","tract",2019,"transportation_state_rnk",60.8712
"27123041400","tract",2019,"transportation_state_rnk",71.1364
"27123041500","tract",2019,"transportation_state_rnk",51.5152
"27123041601","tract",2019,"transportation_state_rnk",71.9318
"27123041602","tract",2019,"transportation_state_rnk",87.0455
"27123041700","tract",2019,"transportation_state_rnk",56.3636
"27123041800","tract",2019,"transportation_state_rnk",73.75
"27123041900","tract",2019,"transportation_state_rnk",76.8561
"27123042001","tract",2019,"transportation_state_rnk",99.3182
"27123042002","tract",2019,"transportation_state_rnk",89.8106
"27123042101","tract",2019,"transportation_state_rnk",79.1667
"27123042102","tract",2019,"transportation_state_rnk",38.1061
"27123042201","tract",2019,"transportation_state_rnk",70
"27123042202","tract",2019,"transportation_state_rnk",70.7576
"27123042301","tract",2019,"transportation_state_rnk",63.6364
"27123042302","tract",2019,"transportation_state_rnk",76.9697
"27123042401","tract",2019,"transportation_state_rnk",66.7424
"27123042402","tract",2019,"transportation_state_rnk",67.8409
"27123042501","tract",2019,"transportation_state_rnk",73.8636
"27123042503","tract",2019,"transportation_state_rnk",19.5455
"27123042504","tract",2019,"transportation_state_rnk",29.3182
"27123042601","tract",2019,"transportation_state_rnk",65.7576
"27123042602","tract",2019,"transportation_state_rnk",87.5379
"27123042700","tract",2019,"transportation_state_rnk",69.3182
"27123042800","tract",2019,"transportation_state_rnk",92.9545
"27123042900","tract",2019,"transportation_state_rnk",90
"27123043000","tract",2019,"transportation_state_rnk",92.2727
"27123980000","tract",2019,"transportation_state_rnk",NA
"27125010100","tract",2019,"transportation_state_rnk",34.8864
"27125010200","tract",2019,"transportation_state_rnk",35.9091
"27127750100","tract",2019,"transportation_state_rnk",18.4848
"27127750200","tract",2019,"transportation_state_rnk",22.8788
"27127750300","tract",2019,"transportation_state_rnk",42.7273
"27127750400","tract",2019,"transportation_state_rnk",39.5455
"27127750500","tract",2019,"transportation_state_rnk",29.5455
"27127750600","tract",2019,"transportation_state_rnk",50.4167
"27129790100","tract",2019,"transportation_state_rnk",28.3712
"27129790200","tract",2019,"transportation_state_rnk",8.0682
"27129790300","tract",2019,"transportation_state_rnk",8.2955
"27129790400","tract",2019,"transportation_state_rnk",0.9848
"27129790500","tract",2019,"transportation_state_rnk",31.4394
"27129790600","tract",2019,"transportation_state_rnk",19.053
"27131070100","tract",2019,"transportation_state_rnk",17.4242
"27131070200","tract",2019,"transportation_state_rnk",5.947
"27131070300","tract",2019,"transportation_state_rnk",3.8636
"27131070400","tract",2019,"transportation_state_rnk",4.5076
"27131070501","tract",2019,"transportation_state_rnk",NA
"27131070503","tract",2019,"transportation_state_rnk",3.447
"27131070504","tract",2019,"transportation_state_rnk",46.25
"27131070601","tract",2019,"transportation_state_rnk",77.1591
"27131070602","tract",2019,"transportation_state_rnk",NA
"27131070700","tract",2019,"transportation_state_rnk",49.5455
"27131070800","tract",2019,"transportation_state_rnk",17.7273
"27131070901","tract",2019,"transportation_state_rnk",23.2197
"27131070902","tract",2019,"transportation_state_rnk",60.6818
"27133570100","tract",2019,"transportation_state_rnk",1.1364
"27133570200","tract",2019,"transportation_state_rnk",1.4394
"27133570300","tract",2019,"transportation_state_rnk",23.7879
"27135970100","tract",2019,"transportation_state_rnk",13.8258
"27135970200","tract",2019,"transportation_state_rnk",8.5985
"27135970300","tract",2019,"transportation_state_rnk",29.1667
"27135970400","tract",2019,"transportation_state_rnk",16.7045
"27135970500","tract",2019,"transportation_state_rnk",40.9091
"27137000100","tract",2019,"transportation_state_rnk",57.9167
"27137000200","tract",2019,"transportation_state_rnk",57.1212
"27137000300","tract",2019,"transportation_state_rnk",44.5076
"27137000400","tract",2019,"transportation_state_rnk",54.1288
"27137000500","tract",2019,"transportation_state_rnk",45.4545
"27137000600","tract",2019,"transportation_state_rnk",52.3485
"27137000700","tract",2019,"transportation_state_rnk",48.5606
"27137000900","tract",2019,"transportation_state_rnk",54.9621
"27137001000","tract",2019,"transportation_state_rnk",56.8182
"27137001100","tract",2019,"transportation_state_rnk",20.0379
"27137001200","tract",2019,"transportation_state_rnk",84.5455
"27137001300","tract",2019,"transportation_state_rnk",85.3788
"27137001400","tract",2019,"transportation_state_rnk",93.4091
"27137001600","tract",2019,"transportation_state_rnk",96.0985
"27137001700","tract",2019,"transportation_state_rnk",96.5909
"27137001800","tract",2019,"transportation_state_rnk",86.25
"27137001900","tract",2019,"transportation_state_rnk",100
"27137002000","tract",2019,"transportation_state_rnk",83.5985
"27137002200","tract",2019,"transportation_state_rnk",50.1515
"27137002300","tract",2019,"transportation_state_rnk",30.1894
"27137002400","tract",2019,"transportation_state_rnk",57.197
"27137002600","tract",2019,"transportation_state_rnk",51.2121
"27137002900","tract",2019,"transportation_state_rnk",61.7803
"27137003000","tract",2019,"transportation_state_rnk",46.0227
"27137003300","tract",2019,"transportation_state_rnk",68.4091
"27137003400","tract",2019,"transportation_state_rnk",82.8788
"27137003600","tract",2019,"transportation_state_rnk",77.803
"27137003700","tract",2019,"transportation_state_rnk",92.803
"27137003800","tract",2019,"transportation_state_rnk",71.25
"27137010100","tract",2019,"transportation_state_rnk",58.7121
"27137010200","tract",2019,"transportation_state_rnk",1.4394
"27137010300","tract",2019,"transportation_state_rnk",1.8182
"27137010400","tract",2019,"transportation_state_rnk",3.5985
"27137010500","tract",2019,"transportation_state_rnk",5.4924
"27137010600","tract",2019,"transportation_state_rnk",3.8636
"27137011100","tract",2019,"transportation_state_rnk",2.0455
"27137011200","tract",2019,"transportation_state_rnk",60.2652
"27137011300","tract",2019,"transportation_state_rnk",24.2045
"27137011400","tract",2019,"transportation_state_rnk",8.4848
"27137012100","tract",2019,"transportation_state_rnk",9.8106
"27137012200","tract",2019,"transportation_state_rnk",85.0379
"27137012300","tract",2019,"transportation_state_rnk",90.6061
"27137012400","tract",2019,"transportation_state_rnk",69.7727
"27137012500","tract",2019,"transportation_state_rnk",73.9394
"27137012600","tract",2019,"transportation_state_rnk",62.197
"27137012700","tract",2019,"transportation_state_rnk",12.2348
"27137012800","tract",2019,"transportation_state_rnk",55.4167
"27137013000","tract",2019,"transportation_state_rnk",92.8788
"27137013100","tract",2019,"transportation_state_rnk",96.3636
"27137013200","tract",2019,"transportation_state_rnk",67.1591
"27137013300","tract",2019,"transportation_state_rnk",84.2424
"27137013400","tract",2019,"transportation_state_rnk",0.6061
"27137013500","tract",2019,"transportation_state_rnk",14.8864
"27137013600","tract",2019,"transportation_state_rnk",10.7576
"27137013800","tract",2019,"transportation_state_rnk",54.5455
"27137013900","tract",2019,"transportation_state_rnk",9.8106
"27137014000","tract",2019,"transportation_state_rnk",25.2273
"27137014100","tract",2019,"transportation_state_rnk",66.4394
"27137015100","tract",2019,"transportation_state_rnk",7.3864
"27137015200","tract",2019,"transportation_state_rnk",4.0909
"27137015300","tract",2019,"transportation_state_rnk",81.2879
"27137015400","tract",2019,"transportation_state_rnk",52.197
"27137015500","tract",2019,"transportation_state_rnk",49.2803
"27137015600","tract",2019,"transportation_state_rnk",95.6818
"27137015700","tract",2019,"transportation_state_rnk",NA
"27137015800","tract",2019,"transportation_state_rnk",72.8788
"27137990100","tract",2019,"transportation_state_rnk",NA
"27139080100","tract",2019,"transportation_state_rnk",65.4167
"27139080201","tract",2019,"transportation_state_rnk",34.8864
"27139080202","tract",2019,"transportation_state_rnk",40.4924
"27139080203","tract",2019,"transportation_state_rnk",32.4242
"27139080204","tract",2019,"transportation_state_rnk",43.7121
"27139080205","tract",2019,"transportation_state_rnk",46.5152
"27139080301","tract",2019,"transportation_state_rnk",59.6212
"27139080302","tract",2019,"transportation_state_rnk",37.0076
"27139080400","tract",2019,"transportation_state_rnk",80.0379
"27139080500","tract",2019,"transportation_state_rnk",NA
"27139080600","tract",2019,"transportation_state_rnk",34.1667
"27139080700","tract",2019,"transportation_state_rnk",13.1061
"27139080800","tract",2019,"transportation_state_rnk",29.8106
"27139080903","tract",2019,"transportation_state_rnk",44.1667
"27139080904","tract",2019,"transportation_state_rnk",70.303
"27139080905","tract",2019,"transportation_state_rnk",24.8864
"27139080906","tract",2019,"transportation_state_rnk",40.6818
"27139081000","tract",2019,"transportation_state_rnk",34.3561
"27139081100","tract",2019,"transportation_state_rnk",5.8333
"27139081200","tract",2019,"transportation_state_rnk",15.0758
"27139081300","tract",2019,"transportation_state_rnk",11.5152
"27141030101","tract",2019,"transportation_state_rnk",16.0985
"27141030102","tract",2019,"transportation_state_rnk",18.8636
"27141030200","tract",2019,"transportation_state_rnk",22.5
"27141030300","tract",2019,"transportation_state_rnk",8.2955
"27141030402","tract",2019,"transportation_state_rnk",16.3258
"27141030403","tract",2019,"transportation_state_rnk",0.2273
"27141030404","tract",2019,"transportation_state_rnk",15.6439
"27141030502","tract",2019,"transportation_state_rnk",61.2121
"27141030503","tract",2019,"transportation_state_rnk",42.9167
"27141030504","tract",2019,"transportation_state_rnk",21.5152
"27141031500","tract",2019,"transportation_state_rnk",83.8636
"27143170198","tract",2019,"transportation_state_rnk",9.1288
"27143170200","tract",2019,"transportation_state_rnk",26.4394
"27143170300","tract",2019,"transportation_state_rnk",15.1894
"27143170400","tract",2019,"transportation_state_rnk",32.9167
"27145000301","tract",2019,"transportation_state_rnk",93.1439
"27145000302","tract",2019,"transportation_state_rnk",88.6742
"27145000401","tract",2019,"transportation_state_rnk",86.4394
"27145000402","tract",2019,"transportation_state_rnk",62.0076
"27145000500","tract",2019,"transportation_state_rnk",87.1212
"27145000601","tract",2019,"transportation_state_rnk",66.6288
"27145000602","tract",2019,"transportation_state_rnk",82.9545
"27145000701","tract",2019,"transportation_state_rnk",75.4545
"27145000801","tract",2019,"transportation_state_rnk",86.8939
"27145000901","tract",2019,"transportation_state_rnk",83.3333
"27145001001","tract",2019,"transportation_state_rnk",72.3485
"27145010101","tract",2019,"transportation_state_rnk",60.9848
"27145010102","tract",2019,"transportation_state_rnk",6.6288
"27145010200","tract",2019,"transportation_state_rnk",3.3333
"27145010401","tract",2019,"transportation_state_rnk",6.5152
"27145010402","tract",2019,"transportation_state_rnk",23.5227
"27145010403","tract",2019,"transportation_state_rnk",9.4318
"27145010500","tract",2019,"transportation_state_rnk",28.9394
"27145010600","tract",2019,"transportation_state_rnk",9.1288
"27145010900","tract",2019,"transportation_state_rnk",45.6439
"27145011000","tract",2019,"transportation_state_rnk",20.3409
"27145011100","tract",2019,"transportation_state_rnk",21.3636
"27145011200","tract",2019,"transportation_state_rnk",26.7045
"27145011301","tract",2019,"transportation_state_rnk",80.7576
"27145011302","tract",2019,"transportation_state_rnk",8.0682
"27145011304","tract",2019,"transportation_state_rnk",76.0985
"27145011400","tract",2019,"transportation_state_rnk",10.2652
"27145011500","tract",2019,"transportation_state_rnk",11.4015
"27145011600","tract",2019,"transportation_state_rnk",NA
"27147960100","tract",2019,"transportation_state_rnk",1.7045
"27147960200","tract",2019,"transportation_state_rnk",2.9545
"27147960300","tract",2019,"transportation_state_rnk",3.8636
"27147960400","tract",2019,"transportation_state_rnk",25.6061
"27147960500","tract",2019,"transportation_state_rnk",3.1439
"27147960600","tract",2019,"transportation_state_rnk",62.8788
"27147960700","tract",2019,"transportation_state_rnk",10.1515
"27147960800","tract",2019,"transportation_state_rnk",18.0682
"27149480100","tract",2019,"transportation_state_rnk",50.1515
"27149480200","tract",2019,"transportation_state_rnk",67.0076
"27149480300","tract",2019,"transportation_state_rnk",32.7652
"27151960100","tract",2019,"transportation_state_rnk",41.1742
"27151960200","tract",2019,"transportation_state_rnk",35.9848
"27151960300","tract",2019,"transportation_state_rnk",4.2424
"27151960400","tract",2019,"transportation_state_rnk",64.7348
"27153790100","tract",2019,"transportation_state_rnk",24.3939
"27153790200","tract",2019,"transportation_state_rnk",55.6818
"27153790300","tract",2019,"transportation_state_rnk",60.2652
"27153790400","tract",2019,"transportation_state_rnk",33.75
"27153790500","tract",2019,"transportation_state_rnk",27.9545
"27153790600","tract",2019,"transportation_state_rnk",41.553
"27153790700","tract",2019,"transportation_state_rnk",34.6591
"27153790800","tract",2019,"transportation_state_rnk",38.2955
"27155460100","tract",2019,"transportation_state_rnk",27.0455
"27155460200","tract",2019,"transportation_state_rnk",54.8106
"27157490100","tract",2019,"transportation_state_rnk",58.4091
"27157490200","tract",2019,"transportation_state_rnk",40.1136
"27157490300","tract",2019,"transportation_state_rnk",50.9848
"27157490400","tract",2019,"transportation_state_rnk",26.3636
"27157490500","tract",2019,"transportation_state_rnk",28.9394
"27157490600","tract",2019,"transportation_state_rnk",74.2424
"27159480100","tract",2019,"transportation_state_rnk",27.3106
"27159480200","tract",2019,"transportation_state_rnk",22.3106
"27159480300","tract",2019,"transportation_state_rnk",59.5076
"27161790100","tract",2019,"transportation_state_rnk",7.5
"27161790200","tract",2019,"transportation_state_rnk",32.7652
"27161790300","tract",2019,"transportation_state_rnk",1.0606
"27161790400","tract",2019,"transportation_state_rnk",13.6364
"27161790500","tract",2019,"transportation_state_rnk",31.5152
"27163070103","tract",2019,"transportation_state_rnk",59.7348
"27163070104","tract",2019,"transportation_state_rnk",43.8258
"27163070105","tract",2019,"transportation_state_rnk",17.8409
"27163070106","tract",2019,"transportation_state_rnk",13.9773
"27163070203","tract",2019,"transportation_state_rnk",26.0227
"27163070204","tract",2019,"transportation_state_rnk",7.803
"27163070205","tract",2019,"transportation_state_rnk",19.5455
"27163070206","tract",2019,"transportation_state_rnk",23.2197
"27163070301","tract",2019,"transportation_state_rnk",16.0985
"27163070303","tract",2019,"transportation_state_rnk",20.1515
"27163070304","tract",2019,"transportation_state_rnk",49.2803
"27163070403","tract",2019,"transportation_state_rnk",1.4394
"27163070404","tract",2019,"transportation_state_rnk",5.0758
"27163070405","tract",2019,"transportation_state_rnk",35.303
"27163070406","tract",2019,"transportation_state_rnk",44.8864
"27163070501","tract",2019,"transportation_state_rnk",44.1667
"27163070502","tract",2019,"transportation_state_rnk",81.9697
"27163070601","tract",2019,"transportation_state_rnk",68.2955
"27163070602","tract",2019,"transportation_state_rnk",67.8409
"27163070701","tract",2019,"transportation_state_rnk",8.9015
"27163070703","tract",2019,"transportation_state_rnk",63.3333
"27163070704","tract",2019,"transportation_state_rnk",43.8258
"27163070801","tract",2019,"transportation_state_rnk",NA
"27163070802","tract",2019,"transportation_state_rnk",NA
"27163070906","tract",2019,"transportation_state_rnk",52.803
"27163070907","tract",2019,"transportation_state_rnk",75.2273
"27163070909","tract",2019,"transportation_state_rnk",46.5152
"27163070910","tract",2019,"transportation_state_rnk",48.5606
"27163070911","tract",2019,"transportation_state_rnk",55.1515
"27163070912","tract",2019,"transportation_state_rnk",84.9242
"27163071001","tract",2019,"transportation_state_rnk",31.0606
"27163071003","tract",2019,"transportation_state_rnk",32.0455
"27163071006","tract",2019,"transportation_state_rnk",12.0076
"27163071010","tract",2019,"transportation_state_rnk",50.9848
"27163071011","tract",2019,"transportation_state_rnk",45.4545
"27163071012","tract",2019,"transportation_state_rnk",60.3788
"27163071013","tract",2019,"transportation_state_rnk",71.9318
"27163071014","tract",2019,"transportation_state_rnk",42.3485
"27163071015","tract",2019,"transportation_state_rnk",68.6364
"27163071016","tract",2019,"transportation_state_rnk",45.7955
"27163071017","tract",2019,"transportation_state_rnk",36.25
"27163071018","tract",2019,"transportation_state_rnk",49.2803
"27163071101","tract",2019,"transportation_state_rnk",10.7576
"27163071102","tract",2019,"transportation_state_rnk",5
"27163071206","tract",2019,"transportation_state_rnk",52.803
"27163071207","tract",2019,"transportation_state_rnk",27.0455
"27163071208","tract",2019,"transportation_state_rnk",40.9848
"27163071209","tract",2019,"transportation_state_rnk",44.8864
"27163071300","tract",2019,"transportation_state_rnk",9.9242
"27163071400","tract",2019,"transportation_state_rnk",63.2576
"27165950100","tract",2019,"transportation_state_rnk",57.9167
"27165950200","tract",2019,"transportation_state_rnk",80.4924
"27165950300","tract",2019,"transportation_state_rnk",18.2576
"27167950100","tract",2019,"transportation_state_rnk",19.9242
"27167950200","tract",2019,"transportation_state_rnk",10.0379
"27169670100","tract",2019,"transportation_state_rnk",22.0455
"27169670200","tract",2019,"transportation_state_rnk",62.3864
"27169670300","tract",2019,"transportation_state_rnk",93.0303
"27169670400","tract",2019,"transportation_state_rnk",64.9242
"27169670500","tract",2019,"transportation_state_rnk",96.4394
"27169670600","tract",2019,"transportation_state_rnk",82.3106
"27169670700","tract",2019,"transportation_state_rnk",77.9545
"27169670800","tract",2019,"transportation_state_rnk",25.8333
"27169670900","tract",2019,"transportation_state_rnk",24.2045
"27169671000","tract",2019,"transportation_state_rnk",64.5455
"27171100100","tract",2019,"transportation_state_rnk",41.553
"27171100202","tract",2019,"transportation_state_rnk",12.0076
"27171100203","tract",2019,"transportation_state_rnk",28.2197
"27171100204","tract",2019,"transportation_state_rnk",20.3409
"27171100300","tract",2019,"transportation_state_rnk",14.2803
"27171100400","tract",2019,"transportation_state_rnk",31.25
"27171100500","tract",2019,"transportation_state_rnk",17.2348
"27171100701","tract",2019,"transportation_state_rnk",36.6288
"27171100702","tract",2019,"transportation_state_rnk",35.7955
"27171100703","tract",2019,"transportation_state_rnk",28.1061
"27171100801","tract",2019,"transportation_state_rnk",40.7955
"27171100802","tract",2019,"transportation_state_rnk",25.4545
"27171100900","tract",2019,"transportation_state_rnk",5.3788
"27171101000","tract",2019,"transportation_state_rnk",14.2803
"27171101100","tract",2019,"transportation_state_rnk",22.1212
"27171101200","tract",2019,"transportation_state_rnk",23.0303
"27171101300","tract",2019,"transportation_state_rnk",25.2273
"27173970100","tract",2019,"transportation_state_rnk",70.5682
"27173970200","tract",2019,"transportation_state_rnk",44.5076
"27173970300","tract",2019,"transportation_state_rnk",13.2955
"27173970400","tract",2019,"transportation_state_rnk",11.1742
