"geoid","geolevel","year","level","value"
"29001950100","tract",2019,"transportation_score",88.32
"29001950200","tract",2019,"transportation_score",91.76
"29001950300","tract",2019,"transportation_score",96.3
"29001950400","tract",2019,"transportation_score",90.22
"29001950500","tract",2019,"transportation_score",91.07
"29001950900","tract",2019,"transportation_score",91.32
"29001951000","tract",2019,"transportation_score",NA
"29003010100","tract",2019,"transportation_score",88.55
"29003010200","tract",2019,"transportation_score",88.5
"29003010300","tract",2019,"transportation_score",87.25
"29003010400","tract",2019,"transportation_score",89.2
"29005950100","tract",2019,"transportation_score",91.09
"29005950200","tract",2019,"transportation_score",89.99
"29007950100","tract",2019,"transportation_score",NA
"29007950200","tract",2019,"transportation_score",89.41
"29007950300","tract",2019,"transportation_score",92.18
"29007950400","tract",2019,"transportation_score",94.43
"29007950500","tract",2019,"transportation_score",98.75
"29007950600","tract",2019,"transportation_score",88.89
"29007950700","tract",2019,"transportation_score",88.09
"29009960100","tract",2019,"transportation_score",91.15
"29009960200","tract",2019,"transportation_score",88.74
"29009960300","tract",2019,"transportation_score",89.49
"29009960401","tract",2019,"transportation_score",92.15
"29009960402","tract",2019,"transportation_score",88.53
"29009960500","tract",2019,"transportation_score",91.84
"29009960600","tract",2019,"transportation_score",94.38
"29011960100","tract",2019,"transportation_score",88.8
"29011960200","tract",2019,"transportation_score",89.13
"29011960300","tract",2019,"transportation_score",96.57
"29013070100","tract",2019,"transportation_score",92.17
"29013070200","tract",2019,"transportation_score",91.92
"29013070300","tract",2019,"transportation_score",93.19
"29013070400","tract",2019,"transportation_score",91.79
"29015460100","tract",2019,"transportation_score",92.79
"29015460200","tract",2019,"transportation_score",92.61
"29015460300","tract",2019,"transportation_score",91.11
"29015460400","tract",2019,"transportation_score",91.71
"29015460700","tract",2019,"transportation_score",92.29
"29015460800","tract",2019,"transportation_score",96.36
"29017950100","tract",2019,"transportation_score",99.5
"29017950200","tract",2019,"transportation_score",91.84
"29017950300","tract",2019,"transportation_score",90.15
"29019000200","tract",2019,"transportation_score",109.24
"29019000300","tract",2019,"transportation_score",107.51
"29019000500","tract",2019,"transportation_score",123.1
"29019000600","tract",2019,"transportation_score",103.94
"29019000700","tract",2019,"transportation_score",103.75
"29019000900","tract",2019,"transportation_score",99.05
"29019001001","tract",2019,"transportation_score",98.04
"29019001002","tract",2019,"transportation_score",87.83
"29019001101","tract",2019,"transportation_score",100.12
"29019001103","tract",2019,"transportation_score",99.3
"29019001104","tract",2019,"transportation_score",100.58
"29019001201","tract",2019,"transportation_score",99.23
"29019001202","tract",2019,"transportation_score",99.61
"29019001300","tract",2019,"transportation_score",103.79
"29019001400","tract",2019,"transportation_score",87.45
"29019001502","tract",2019,"transportation_score",103.69
"29019001503","tract",2019,"transportation_score",97.98
"29019001504","tract",2019,"transportation_score",99.94
"29019001601","tract",2019,"transportation_score",89.51
"29019001602","tract",2019,"transportation_score",87.58
"29019001701","tract",2019,"transportation_score",89.87
"29019001702","tract",2019,"transportation_score",87.51
"29019001803","tract",2019,"transportation_score",88.86
"29019001805","tract",2019,"transportation_score",89.35
"29019001901","tract",2019,"transportation_score",88.05
"29019001902","tract",2019,"transportation_score",88.59
"29019002000","tract",2019,"transportation_score",90.7
"29019002100","tract",2019,"transportation_score",116.91
"29019002200","tract",2019,"transportation_score",NA
"29021000100","tract",2019,"transportation_score",88.11
"29021000200","tract",2019,"transportation_score",90.92
"29021000300","tract",2019,"transportation_score",89.91
"29021000400","tract",2019,"transportation_score",96.96
"29021000500","tract",2019,"transportation_score",96.55
"29021000600","tract",2019,"transportation_score",NA
"29021000701","tract",2019,"transportation_score",90.47
"29021000702","tract",2019,"transportation_score",97.23
"29021000900","tract",2019,"transportation_score",94.93
"29021001000","tract",2019,"transportation_score",105.78
"29021001100","tract",2019,"transportation_score",94.49
"29021001200","tract",2019,"transportation_score",103.45
"29021001500","tract",2019,"transportation_score",93.79
"29021001600","tract",2019,"transportation_score",92.78
"29021001700","tract",2019,"transportation_score",91.97
"29021001800","tract",2019,"transportation_score",92.75
"29021002100","tract",2019,"transportation_score",91.92
"29021002200","tract",2019,"transportation_score",86.24
"29021002300","tract",2019,"transportation_score",92.32
"29021002400","tract",2019,"transportation_score",93.35
"29021002500","tract",2019,"transportation_score",94.92
"29021002700","tract",2019,"transportation_score",87.78
"29021002800","tract",2019,"transportation_score",87.33
"29021002900","tract",2019,"transportation_score",86.97
"29021003000","tract",2019,"transportation_score",102.22
"29023950100","tract",2019,"transportation_score",89.93
"29023950201","tract",2019,"transportation_score",86.73
"29023950202","tract",2019,"transportation_score",87.81
"29023950300","tract",2019,"transportation_score",92.02
"29023950400","tract",2019,"transportation_score",94.12
"29023950500","tract",2019,"transportation_score",94.5
"29023950600","tract",2019,"transportation_score",92.09
"29023950700","tract",2019,"transportation_score",99.56
"29023950800","tract",2019,"transportation_score",96.13
"29023950900","tract",2019,"transportation_score",93.87
"29025950100","tract",2019,"transportation_score",92.06
"29025950200","tract",2019,"transportation_score",93.27
"29027070100","tract",2019,"transportation_score",86.25
"29027070200","tract",2019,"transportation_score",88.47
"29027070300","tract",2019,"transportation_score",NA
"29027070400","tract",2019,"transportation_score",92.48
"29027070500","tract",2019,"transportation_score",86.53
"29027070600","tract",2019,"transportation_score",87.86
"29027070700","tract",2019,"transportation_score",89.04
"29027070800","tract",2019,"transportation_score",88.86
"29029950100","tract",2019,"transportation_score",91.11
"29029950200","tract",2019,"transportation_score",88.23
"29029950300","tract",2019,"transportation_score",92.69
"29029950400","tract",2019,"transportation_score",89.06
"29029950500","tract",2019,"transportation_score",90.94
"29029950600","tract",2019,"transportation_score",86.97
"29029950700","tract",2019,"transportation_score",94.4
"29029950800","tract",2019,"transportation_score",90.42
"29029950900","tract",2019,"transportation_score",90.77
"29029951100","tract",2019,"transportation_score",94.48
"29029951200","tract",2019,"transportation_score",92.6
"29031880100","tract",2019,"transportation_score",89.05
"29031880200","tract",2019,"transportation_score",89.05
"29031880300","tract",2019,"transportation_score",89.75
"29031880400","tract",2019,"transportation_score",94.21
"29031880500","tract",2019,"transportation_score",92.53
"29031880600","tract",2019,"transportation_score",95.02
"29031880700","tract",2019,"transportation_score",93.78
"29031880800","tract",2019,"transportation_score",NA
"29031880900","tract",2019,"transportation_score",99.25
"29031881000","tract",2019,"transportation_score",98.77
"29031881100","tract",2019,"transportation_score",93.86
"29031881200","tract",2019,"transportation_score",93.47
"29031881300","tract",2019,"transportation_score",95.69
"29031881400","tract",2019,"transportation_score",106.6
"29031881500","tract",2019,"transportation_score",88.06
"29031881600","tract",2019,"transportation_score",96.56
"29033960100","tract",2019,"transportation_score",91.93
"29033960200","tract",2019,"transportation_score",90.91
"29033960300","tract",2019,"transportation_score",91.88
"29035960100","tract",2019,"transportation_score",94.98
"29035960200","tract",2019,"transportation_score",90.35
"29037060001","tract",2019,"transportation_score",94.26
"29037060003","tract",2019,"transportation_score",94.09
"29037060004","tract",2019,"transportation_score",93.43
"29037060100","tract",2019,"transportation_score",91
"29037060202","tract",2019,"transportation_score",90.67
"29037060301","tract",2019,"transportation_score",94.83
"29037060302","tract",2019,"transportation_score",88.98
"29037060305","tract",2019,"transportation_score",88.09
"29037060400","tract",2019,"transportation_score",86.87
"29037060500","tract",2019,"transportation_score",88.19
"29037060600","tract",2019,"transportation_score",90.43
"29037060700","tract",2019,"transportation_score",89.87
"29037060800","tract",2019,"transportation_score",88.32
"29037060904","tract",2019,"transportation_score",91.31
"29037061001","tract",2019,"transportation_score",88.11
"29037061002","tract",2019,"transportation_score",86.75
"29037061100","tract",2019,"transportation_score",90.84
"29037061200","tract",2019,"transportation_score",89.47
"29037061300","tract",2019,"transportation_score",95.99
"29037061400","tract",2019,"transportation_score",90.73
"29039870100","tract",2019,"transportation_score",92.14
"29039870200","tract",2019,"transportation_score",93.13
"29039870300","tract",2019,"transportation_score",92.39
"29041470100","tract",2019,"transportation_score",89.79
"29041470200","tract",2019,"transportation_score",91.33
"29041470300","tract",2019,"transportation_score",88.3
"29043020101","tract",2019,"transportation_score",88.21
"29043020102","tract",2019,"transportation_score",88.58
"29043020201","tract",2019,"transportation_score",88.78
"29043020202","tract",2019,"transportation_score",97.31
"29043020203","tract",2019,"transportation_score",97.17
"29043020204","tract",2019,"transportation_score",90.57
"29043020205","tract",2019,"transportation_score",89.85
"29043020302","tract",2019,"transportation_score",98.96
"29043020303","tract",2019,"transportation_score",89.03
"29043020304","tract",2019,"transportation_score",90.52
"29043020305","tract",2019,"transportation_score",88.15
"29043020306","tract",2019,"transportation_score",87.91
"29043020400","tract",2019,"transportation_score",87.65
"29043020500","tract",2019,"transportation_score",88.92
"29045950100","tract",2019,"transportation_score",90.6
"29045950200","tract",2019,"transportation_score",91.68
"29045950300","tract",2019,"transportation_score",97.23
"29047020201","tract",2019,"transportation_score",98.71
"29047020202","tract",2019,"transportation_score",95.06
"29047020300","tract",2019,"transportation_score",96.98
"29047020400","tract",2019,"transportation_score",97.89
"29047020500","tract",2019,"transportation_score",94.04
"29047020602","tract",2019,"transportation_score",96.51
"29047020603","tract",2019,"transportation_score",95.2
"29047020604","tract",2019,"transportation_score",96.49
"29047020801","tract",2019,"transportation_score",95.88
"29047020901","tract",2019,"transportation_score",97.36
"29047020902","tract",2019,"transportation_score",96.95
"29047021001","tract",2019,"transportation_score",100.78
"29047021003","tract",2019,"transportation_score",95.25
"29047021004","tract",2019,"transportation_score",97.22
"29047021101","tract",2019,"transportation_score",98.11
"29047021102","tract",2019,"transportation_score",101.78
"29047021103","tract",2019,"transportation_score",96.88
"29047021204","tract",2019,"transportation_score",95.12
"29047021205","tract",2019,"transportation_score",95.73
"29047021206","tract",2019,"transportation_score",94.22
"29047021207","tract",2019,"transportation_score",97.43
"29047021208","tract",2019,"transportation_score",96.12
"29047021303","tract",2019,"transportation_score",89.45
"29047021305","tract",2019,"transportation_score",94.55
"29047021306","tract",2019,"transportation_score",94.81
"29047021307","tract",2019,"transportation_score",89.01
"29047021309","tract",2019,"transportation_score",88.17
"29047021310","tract",2019,"transportation_score",89.56
"29047021401","tract",2019,"transportation_score",98.35
"29047021403","tract",2019,"transportation_score",96.94
"29047021404","tract",2019,"transportation_score",95.24
"29047021600","tract",2019,"transportation_score",94.19
"29047021701","tract",2019,"transportation_score",93.33
"29047021702","tract",2019,"transportation_score",94.22
"29047021803","tract",2019,"transportation_score",95.34
"29047021804","tract",2019,"transportation_score",86.17
"29047021805","tract",2019,"transportation_score",87.69
"29047021806","tract",2019,"transportation_score",92.05
"29047021900","tract",2019,"transportation_score",87.59
"29047022000","tract",2019,"transportation_score",90.33
"29047022100","tract",2019,"transportation_score",105.22
"29047022200","tract",2019,"transportation_score",95.38
"29047022301","tract",2019,"transportation_score",94.5
"29047022302","tract",2019,"transportation_score",94.23
"29049960100","tract",2019,"transportation_score",92.1
"29049960200","tract",2019,"transportation_score",89.47
"29049960300","tract",2019,"transportation_score",90.89
"29049960400","tract",2019,"transportation_score",90.35
"29051010300","tract",2019,"transportation_score",93.81
"29051010400","tract",2019,"transportation_score",92.1
"29051010500","tract",2019,"transportation_score",100.21
"29051010600","tract",2019,"transportation_score",99.02
"29051010701","tract",2019,"transportation_score",90.74
"29051010702","tract",2019,"transportation_score",93.79
"29051010800","tract",2019,"transportation_score",93.58
"29051010900","tract",2019,"transportation_score",93.18
"29051020198","tract",2019,"transportation_score",NA
"29051020200","tract",2019,"transportation_score",85.82
"29051020300","tract",2019,"transportation_score",87.42
"29051020400","tract",2019,"transportation_score",89.61
"29051020500","tract",2019,"transportation_score",88.18
"29051020600","tract",2019,"transportation_score",87.52
"29051020700","tract",2019,"transportation_score",104.66
"29053950100","tract",2019,"transportation_score",91.1
"29053950200","tract",2019,"transportation_score",NA
"29053950300","tract",2019,"transportation_score",90.67
"29053950400","tract",2019,"transportation_score",94.11
"29053950500","tract",2019,"transportation_score",89.67
"29055450101","tract",2019,"transportation_score",90.37
"29055450102","tract",2019,"transportation_score",90.41
"29055450200","tract",2019,"transportation_score",91.64
"29055450301","tract",2019,"transportation_score",91.48
"29055450302","tract",2019,"transportation_score",93.01
"29055450400","tract",2019,"transportation_score",88.74
"29057480100","tract",2019,"transportation_score",91.63
"29057480200","tract",2019,"transportation_score",89.92
"29059480100","tract",2019,"transportation_score",94.9
"29059480200","tract",2019,"transportation_score",90.37
"29059480300","tract",2019,"transportation_score",90.53
"29061470100","tract",2019,"transportation_score",95.83
"29061470200","tract",2019,"transportation_score",95.99
"29063080100","tract",2019,"transportation_score",NA
"29063080200","tract",2019,"transportation_score",87.33
"29065960100","tract",2019,"transportation_score",89.61
"29065960200","tract",2019,"transportation_score",89.81
"29065960300","tract",2019,"transportation_score",92.94
"29065960400","tract",2019,"transportation_score",88.58
"29067950100","tract",2019,"transportation_score",89.33
"29067950200","tract",2019,"transportation_score",92.81
"29067950500","tract",2019,"transportation_score",88.46
"29069360100","tract",2019,"transportation_score",95.05
"29069360200","tract",2019,"transportation_score",90.18
"29069360300","tract",2019,"transportation_score",90.88
"29069360400","tract",2019,"transportation_score",90.6
"29069360500","tract",2019,"transportation_score",96.36
"29069360600","tract",2019,"transportation_score",96.51
"29069360700","tract",2019,"transportation_score",90.22
"29069360800","tract",2019,"transportation_score",89.7
"29069360900","tract",2019,"transportation_score",91.54
"29069361000","tract",2019,"transportation_score",95.21
"29071800100","tract",2019,"transportation_score",87.26
"29071800201","tract",2019,"transportation_score",94.07
"29071800202","tract",2019,"transportation_score",88.55
"29071800300","tract",2019,"transportation_score",91.27
"29071800401","tract",2019,"transportation_score",88.28
"29071800402","tract",2019,"transportation_score",88.86
"29071800500","tract",2019,"transportation_score",88.94
"29071800601","tract",2019,"transportation_score",92.83
"29071800602","tract",2019,"transportation_score",90.22
"29071800701","tract",2019,"transportation_score",91.32
"29071800702","tract",2019,"transportation_score",89.32
"29071800800","tract",2019,"transportation_score",90.19
"29071800901","tract",2019,"transportation_score",89.71
"29071800902","tract",2019,"transportation_score",88.49
"29071801000","tract",2019,"transportation_score",89.43
"29071801101","tract",2019,"transportation_score",94.38
"29071801102","tract",2019,"transportation_score",90.19
"29073960100","tract",2019,"transportation_score",91.76
"29073960200","tract",2019,"transportation_score",90.53
"29073960300","tract",2019,"transportation_score",90.16
"29073960400","tract",2019,"transportation_score",92.4
"29073960500","tract",2019,"transportation_score",88.52
"29075960100","tract",2019,"transportation_score",92.15
"29075960200","tract",2019,"transportation_score",91.5
"29077000100","tract",2019,"transportation_score",106.02
"29077000200","tract",2019,"transportation_score",NA
"29077000300","tract",2019,"transportation_score",99.56
"29077000400","tract",2019,"transportation_score",97.33
"29077000501","tract",2019,"transportation_score",91.54
"29077000502","tract",2019,"transportation_score",107.52
"29077000600","tract",2019,"transportation_score",106.82
"29077000700","tract",2019,"transportation_score",NA
"29077000800","tract",2019,"transportation_score",96.22
"29077000900","tract",2019,"transportation_score",102.84
"29077001000","tract",2019,"transportation_score",98.78
"29077001100","tract",2019,"transportation_score",98.53
"29077001200","tract",2019,"transportation_score",100.02
"29077001301","tract",2019,"transportation_score",92.49
"29077001302","tract",2019,"transportation_score",99.49
"29077001400","tract",2019,"transportation_score",99.12
"29077001500","tract",2019,"transportation_score",95.8
"29077001700","tract",2019,"transportation_score",100.39
"29077001800","tract",2019,"transportation_score",100.41
"29077001900","tract",2019,"transportation_score",104.08
"29077002200","tract",2019,"transportation_score",100.8
"29077002300","tract",2019,"transportation_score",100.97
"29077002402","tract",2019,"transportation_score",100.4
"29077002502","tract",2019,"transportation_score",101.62
"29077002600","tract",2019,"transportation_score",96.77
"29077002700","tract",2019,"transportation_score",103.45
"29077002800","tract",2019,"transportation_score",90.27
"29077002900","tract",2019,"transportation_score",95.58
"29077003002","tract",2019,"transportation_score",97.71
"29077003100","tract",2019,"transportation_score",99.09
"29077003200","tract",2019,"transportation_score",92.56
"29077003300","tract",2019,"transportation_score",102.26
"29077003600","tract",2019,"transportation_score",99.07
"29077003700","tract",2019,"transportation_score",96.99
"29077003800","tract",2019,"transportation_score",90.54
"29077003900","tract",2019,"transportation_score",96.27
"29077004001","tract",2019,"transportation_score",97.85
"29077004002","tract",2019,"transportation_score",94.14
"29077004003","tract",2019,"transportation_score",95.9
"29077004101","tract",2019,"transportation_score",88.56
"29077004102","tract",2019,"transportation_score",92.85
"29077004103","tract",2019,"transportation_score",94.73
"29077004201","tract",2019,"transportation_score",96.31
"29077004202","tract",2019,"transportation_score",96.67
"29077004301","tract",2019,"transportation_score",89.17
"29077004302","tract",2019,"transportation_score",89.23
"29077004400","tract",2019,"transportation_score",101.47
"29077004500","tract",2019,"transportation_score",88.32
"29077004600","tract",2019,"transportation_score",87.46
"29077004700","tract",2019,"transportation_score",87.73
"29077004801","tract",2019,"transportation_score",89.01
"29077004802","tract",2019,"transportation_score",95.97
"29077004803","tract",2019,"transportation_score",98.12
"29077004900","tract",2019,"transportation_score",88.8
"29077005001","tract",2019,"transportation_score",91.78
"29077005002","tract",2019,"transportation_score",87.79
"29077005100","tract",2019,"transportation_score",88.07
"29077005200","tract",2019,"transportation_score",87.37
"29077005500","tract",2019,"transportation_score",103.76
"29077005600","tract",2019,"transportation_score",99.06
"29077005700","tract",2019,"transportation_score",97.26
"29077005800","tract",2019,"transportation_score",101.01
"29079960100","tract",2019,"transportation_score",92.27
"29079960200","tract",2019,"transportation_score",96.36
"29079960300","tract",2019,"transportation_score",89.96
"29079960400","tract",2019,"transportation_score",99.08
"29081950100","tract",2019,"transportation_score",90.72
"29081950200","tract",2019,"transportation_score",92.39
"29081950300","tract",2019,"transportation_score",94.27
"29083950100","tract",2019,"transportation_score",91.48
"29083950200","tract",2019,"transportation_score",88.05
"29083950300","tract",2019,"transportation_score",90.6
"29083950400","tract",2019,"transportation_score",91.32
"29083950500","tract",2019,"transportation_score",90.55
"29083950600","tract",2019,"transportation_score",97.14
"29085470100","tract",2019,"transportation_score",91.39
"29085470300","tract",2019,"transportation_score",91.24
"29085470500","tract",2019,"transportation_score",92.27
"29087960100","tract",2019,"transportation_score",89.29
"29087960200","tract",2019,"transportation_score",90.94
"29087960300","tract",2019,"transportation_score",91.26
"29089960100","tract",2019,"transportation_score",88.91
"29089960200","tract",2019,"transportation_score",90.72
"29089960300","tract",2019,"transportation_score",94.2
"29091090100","tract",2019,"transportation_score",86.96
"29091090200","tract",2019,"transportation_score",91.03
"29091090300","tract",2019,"transportation_score",91.54
"29091090400","tract",2019,"transportation_score",87.89
"29091090500","tract",2019,"transportation_score",87.52
"29091090600","tract",2019,"transportation_score",91.24
"29091090700","tract",2019,"transportation_score",98.96
"29091090800","tract",2019,"transportation_score",93.03
"29093950100","tract",2019,"transportation_score",90.98
"29093950200","tract",2019,"transportation_score",93.75
"29093950300","tract",2019,"transportation_score",89.73
"29093950400","tract",2019,"transportation_score",91
"29095000300","tract",2019,"transportation_score",100.5
"29095000600","tract",2019,"transportation_score",101.79
"29095000700","tract",2019,"transportation_score",106.22
"29095000800","tract",2019,"transportation_score",101.75
"29095000900","tract",2019,"transportation_score",102.31
"29095001000","tract",2019,"transportation_score",107.57
"29095001100","tract",2019,"transportation_score",101.16
"29095001800","tract",2019,"transportation_score",108.19
"29095001900","tract",2019,"transportation_score",105.45
"29095002000","tract",2019,"transportation_score",104.37
"29095002100","tract",2019,"transportation_score",106.43
"29095002200","tract",2019,"transportation_score",105.4
"29095002300","tract",2019,"transportation_score",102.9
"29095003400","tract",2019,"transportation_score",101.81
"29095003700","tract",2019,"transportation_score",104.99
"29095003800","tract",2019,"transportation_score",110.39
"29095004300","tract",2019,"transportation_score",95.97
"29095004400","tract",2019,"transportation_score",100.38
"29095004600","tract",2019,"transportation_score",99.38
"29095005100","tract",2019,"transportation_score",93.77
"29095005200","tract",2019,"transportation_score",114.01
"29095005300","tract",2019,"transportation_score",110.36
"29095005400","tract",2019,"transportation_score",109.68
"29095005500","tract",2019,"transportation_score",93.8
"29095005601","tract",2019,"transportation_score",110.13
"29095005602","tract",2019,"transportation_score",105.28
"29095005700","tract",2019,"transportation_score",100.71
"29095005801","tract",2019,"transportation_score",115.57
"29095006000","tract",2019,"transportation_score",103.6
"29095006100","tract",2019,"transportation_score",102.96
"29095006300","tract",2019,"transportation_score",112.54
"29095006500","tract",2019,"transportation_score",102.81
"29095006600","tract",2019,"transportation_score",97.4
"29095006700","tract",2019,"transportation_score",103.06
"29095006900","tract",2019,"transportation_score",103.01
"29095007100","tract",2019,"transportation_score",98.22
"29095007200","tract",2019,"transportation_score",89.08
"29095007300","tract",2019,"transportation_score",102.76
"29095007400","tract",2019,"transportation_score",97.85
"29095007500","tract",2019,"transportation_score",101.34
"29095007600","tract",2019,"transportation_score",100.96
"29095007700","tract",2019,"transportation_score",105.91
"29095007802","tract",2019,"transportation_score",102.38
"29095007900","tract",2019,"transportation_score",103.75
"29095008000","tract",2019,"transportation_score",105.11
"29095008100","tract",2019,"transportation_score",98.37
"29095008200","tract",2019,"transportation_score",97.1
"29095008300","tract",2019,"transportation_score",96.19
"29095008400","tract",2019,"transportation_score",92.31
"29095008500","tract",2019,"transportation_score",96.8
"29095008600","tract",2019,"transportation_score",94.69
"29095008700","tract",2019,"transportation_score",108.64
"29095008800","tract",2019,"transportation_score",105.24
"29095008900","tract",2019,"transportation_score",106.7
"29095009000","tract",2019,"transportation_score",98.49
"29095009100","tract",2019,"transportation_score",97.13
"29095009200","tract",2019,"transportation_score",98.65
"29095009300","tract",2019,"transportation_score",95.2
"29095009400","tract",2019,"transportation_score",99.58
"29095009500","tract",2019,"transportation_score",99.97
"29095009600","tract",2019,"transportation_score",100.98
"29095009700","tract",2019,"transportation_score",102.7
"29095009800","tract",2019,"transportation_score",91.93
"29095009900","tract",2019,"transportation_score",96.62
"29095010001","tract",2019,"transportation_score",95.68
"29095010002","tract",2019,"transportation_score",100.16
"29095010103","tract",2019,"transportation_score",98.79
"29095010105","tract",2019,"transportation_score",95.71
"29095010201","tract",2019,"transportation_score",96.49
"29095010203","tract",2019,"transportation_score",93.91
"29095010204","tract",2019,"transportation_score",97.38
"29095010500","tract",2019,"transportation_score",98.66
"29095010600","tract",2019,"transportation_score",94.09
"29095010702","tract",2019,"transportation_score",102.88
"29095011000","tract",2019,"transportation_score",98.88
"29095011100","tract",2019,"transportation_score",91.82
"29095011200","tract",2019,"transportation_score",98.56
"29095011300","tract",2019,"transportation_score",95.48
"29095011401","tract",2019,"transportation_score",90.65
"29095011405","tract",2019,"transportation_score",95.22
"29095011406","tract",2019,"transportation_score",95.47
"29095011500","tract",2019,"transportation_score",99.02
"29095011600","tract",2019,"transportation_score",98.65
"29095011700","tract",2019,"transportation_score",99.88
"29095011800","tract",2019,"transportation_score",94.71
"29095011900","tract",2019,"transportation_score",96
"29095012000","tract",2019,"transportation_score",90.4
"29095012100","tract",2019,"transportation_score",95.6
"29095012200","tract",2019,"transportation_score",95.03
"29095012300","tract",2019,"transportation_score",96.06
"29095012400","tract",2019,"transportation_score",95.83
"29095012501","tract",2019,"transportation_score",94.65
"29095012502","tract",2019,"transportation_score",97.23
"29095012600","tract",2019,"transportation_score",97.32
"29095012701","tract",2019,"transportation_score",93.65
"29095012802","tract",2019,"transportation_score",95.83
"29095012803","tract",2019,"transportation_score",88.23
"29095012804","tract",2019,"transportation_score",97.55
"29095012903","tract",2019,"transportation_score",96.93
"29095012904","tract",2019,"transportation_score",94.73
"29095012906","tract",2019,"transportation_score",97.31
"29095013003","tract",2019,"transportation_score",96.08
"29095013100","tract",2019,"transportation_score",100.83
"29095013203","tract",2019,"transportation_score",103.47
"29095013208","tract",2019,"transportation_score",99.24
"29095013210","tract",2019,"transportation_score",100.96
"29095013301","tract",2019,"transportation_score",98.45
"29095013307","tract",2019,"transportation_score",95.12
"29095013309","tract",2019,"transportation_score",98.8
"29095013313","tract",2019,"transportation_score",95.34
"29095013401","tract",2019,"transportation_score",101.32
"29095013405","tract",2019,"transportation_score",98.52
"29095013407","tract",2019,"transportation_score",97.75
"29095013408","tract",2019,"transportation_score",101.32
"29095013410","tract",2019,"transportation_score",91.48
"29095013416","tract",2019,"transportation_score",89.61
"29095013502","tract",2019,"transportation_score",88.05
"29095013504","tract",2019,"transportation_score",88.59
"29095013606","tract",2019,"transportation_score",86.92
"29095013608","tract",2019,"transportation_score",90.08
"29095013612","tract",2019,"transportation_score",89.14
"29095013703","tract",2019,"transportation_score",90.24
"29095013704","tract",2019,"transportation_score",88.42
"29095013801","tract",2019,"transportation_score",87.94
"29095013802","tract",2019,"transportation_score",89.04
"29095013901","tract",2019,"transportation_score",89.47
"29095013902","tract",2019,"transportation_score",89.2
"29095013904","tract",2019,"transportation_score",88.14
"29095013916","tract",2019,"transportation_score",87.74
"29095014002","tract",2019,"transportation_score",88.89
"29095014004","tract",2019,"transportation_score",92.14
"29095014005","tract",2019,"transportation_score",88.91
"29095014006","tract",2019,"transportation_score",94.44
"29095014007","tract",2019,"transportation_score",95.58
"29095014101","tract",2019,"transportation_score",96.71
"29095014105","tract",2019,"transportation_score",94.05
"29095014108","tract",2019,"transportation_score",98.1
"29095014111","tract",2019,"transportation_score",89.12
"29095014112","tract",2019,"transportation_score",89.03
"29095014114","tract",2019,"transportation_score",96.86
"29095014120","tract",2019,"transportation_score",87.68
"29095014203","tract",2019,"transportation_score",93.31
"29095014204","tract",2019,"transportation_score",93.83
"29095014300","tract",2019,"transportation_score",88.75
"29095014400","tract",2019,"transportation_score",91.47
"29095014501","tract",2019,"transportation_score",89.78
"29095014502","tract",2019,"transportation_score",89.44
"29095014601","tract",2019,"transportation_score",95.07
"29095014603","tract",2019,"transportation_score",94.55
"29095014604","tract",2019,"transportation_score",98.68
"29095014701","tract",2019,"transportation_score",88.33
"29095014702","tract",2019,"transportation_score",92.45
"29095014804","tract",2019,"transportation_score",87.87
"29095014806","tract",2019,"transportation_score",94.36
"29095014902","tract",2019,"transportation_score",90.02
"29095014903","tract",2019,"transportation_score",86.1
"29095014904","tract",2019,"transportation_score",93.9
"29095014905","tract",2019,"transportation_score",87.44
"29095015000","tract",2019,"transportation_score",90.33
"29095015100","tract",2019,"transportation_score",97.14
"29095015200","tract",2019,"transportation_score",95.98
"29095015300","tract",2019,"transportation_score",99.25
"29095015400","tract",2019,"transportation_score",117.61
"29095015500","tract",2019,"transportation_score",93.64
"29095015600","tract",2019,"transportation_score",90.46
"29095015700","tract",2019,"transportation_score",106.98
"29095015800","tract",2019,"transportation_score",103.29
"29095015900","tract",2019,"transportation_score",NA
"29095016000","tract",2019,"transportation_score",108.62
"29095016100","tract",2019,"transportation_score",97.55
"29095016200","tract",2019,"transportation_score",100.52
"29095016300","tract",2019,"transportation_score",94.87
"29095016400","tract",2019,"transportation_score",107.79
"29095016500","tract",2019,"transportation_score",103.12
"29095016600","tract",2019,"transportation_score",96.68
"29095016700","tract",2019,"transportation_score",103.09
"29095016800","tract",2019,"transportation_score",101.17
"29095016900","tract",2019,"transportation_score",107.41
"29095017000","tract",2019,"transportation_score",94.65
"29095017100","tract",2019,"transportation_score",101.27
"29095017200","tract",2019,"transportation_score",98.5
"29095017300","tract",2019,"transportation_score",95.39
"29095017400","tract",2019,"transportation_score",100.63
"29095017500","tract",2019,"transportation_score",93.59
"29095017600","tract",2019,"transportation_score",93.37
"29095017700","tract",2019,"transportation_score",93.16
"29095017800","tract",2019,"transportation_score",110.45
"29095017900","tract",2019,"transportation_score",91.46
"29095018000","tract",2019,"transportation_score",91.03
"29095018100","tract",2019,"transportation_score",89.64
"29095018200","tract",2019,"transportation_score",87.68
"29095018500","tract",2019,"transportation_score",88
"29095018600","tract",2019,"transportation_score",87.68
"29095019300","tract",2019,"transportation_score",94.29
"29095980101","tract",2019,"transportation_score",NA
"29095980802","tract",2019,"transportation_score",NA
"29095988300","tract",2019,"transportation_score",NA
"29095989100","tract",2019,"transportation_score",NA
"29095989200","tract",2019,"transportation_score",NA
"29097010100","tract",2019,"transportation_score",100.24
"29097010200","tract",2019,"transportation_score",92.37
"29097010300","tract",2019,"transportation_score",91.5
"29097010400","tract",2019,"transportation_score",93.66
"29097010500","tract",2019,"transportation_score",94.31
"29097010600","tract",2019,"transportation_score",94.9
"29097010700","tract",2019,"transportation_score",92.68
"29097010800","tract",2019,"transportation_score",99.32
"29097010900","tract",2019,"transportation_score",93.78
"29097011000","tract",2019,"transportation_score",100.78
"29097011100","tract",2019,"transportation_score",94.27
"29097011200","tract",2019,"transportation_score",92.88
"29097011300","tract",2019,"transportation_score",88.48
"29097011400","tract",2019,"transportation_score",93.41
"29097011500","tract",2019,"transportation_score",88.95
"29097011600","tract",2019,"transportation_score",99.43
"29097011700","tract",2019,"transportation_score",98.41
"29097011800","tract",2019,"transportation_score",95.31
"29097011900","tract",2019,"transportation_score",86.98
"29097012000","tract",2019,"transportation_score",88.37
"29097012100","tract",2019,"transportation_score",87.4
"29097012200","tract",2019,"transportation_score",87.93
"29099700107","tract",2019,"transportation_score",89.72
"29099700109","tract",2019,"transportation_score",92.97
"29099700110","tract",2019,"transportation_score",94.31
"29099700111","tract",2019,"transportation_score",94.4
"29099700113","tract",2019,"transportation_score",87.55
"29099700114","tract",2019,"transportation_score",89.16
"29099700115","tract",2019,"transportation_score",92.57
"29099700116","tract",2019,"transportation_score",88.7
"29099700117","tract",2019,"transportation_score",92.81
"29099700118","tract",2019,"transportation_score",96.48
"29099700119","tract",2019,"transportation_score",91.04
"29099700203","tract",2019,"transportation_score",93.71
"29099700206","tract",2019,"transportation_score",94.62
"29099700207","tract",2019,"transportation_score",92.65
"29099700208","tract",2019,"transportation_score",93.68
"29099700209","tract",2019,"transportation_score",88.78
"29099700210","tract",2019,"transportation_score",91.34
"29099700211","tract",2019,"transportation_score",89.84
"29099700302","tract",2019,"transportation_score",87.84
"29099700303","tract",2019,"transportation_score",93.06
"29099700304","tract",2019,"transportation_score",96.61
"29099700401","tract",2019,"transportation_score",89.36
"29099700402","tract",2019,"transportation_score",87.51
"29099700502","tract",2019,"transportation_score",88.17
"29099700503","tract",2019,"transportation_score",90.81
"29099700504","tract",2019,"transportation_score",88.62
"29099700601","tract",2019,"transportation_score",88.75
"29099700603","tract",2019,"transportation_score",92.13
"29099700604","tract",2019,"transportation_score",87.91
"29099700605","tract",2019,"transportation_score",91.81
"29099700700","tract",2019,"transportation_score",93.42
"29099700801","tract",2019,"transportation_score",93.3
"29099700802","tract",2019,"transportation_score",91.02
"29099700900","tract",2019,"transportation_score",93.58
"29099701000","tract",2019,"transportation_score",90.3
"29099701101","tract",2019,"transportation_score",86.59
"29099701102","tract",2019,"transportation_score",91.06
"29099701200","tract",2019,"transportation_score",89.96
"29099701300","tract",2019,"transportation_score",89.44
"29099701401","tract",2019,"transportation_score",89.92
"29099701403","tract",2019,"transportation_score",87.5
"29099701404","tract",2019,"transportation_score",87.8
"29101960100","tract",2019,"transportation_score",88.15
"29101960200","tract",2019,"transportation_score",90.79
"29101960300","tract",2019,"transportation_score",87.76
"29101960400","tract",2019,"transportation_score",NA
"29101960500","tract",2019,"transportation_score",89.27
"29101960600","tract",2019,"transportation_score",94.22
"29101960700","tract",2019,"transportation_score",88.53
"29101960900","tract",2019,"transportation_score",90.39
"29101980000","tract",2019,"transportation_score",91.84
"29103960100","tract",2019,"transportation_score",89.93
"29103960200","tract",2019,"transportation_score",91
"29105960100","tract",2019,"transportation_score",90.11
"29105960298","tract",2019,"transportation_score",89.24
"29105960300","tract",2019,"transportation_score",86.23
"29105960400","tract",2019,"transportation_score",91.3
"29105960500","tract",2019,"transportation_score",91.94
"29105960600","tract",2019,"transportation_score",93.61
"29107090100","tract",2019,"transportation_score",89.64
"29107090200","tract",2019,"transportation_score",92.97
"29107090300","tract",2019,"transportation_score",88.73
"29107090400","tract",2019,"transportation_score",90.72
"29107090500","tract",2019,"transportation_score",92.09
"29107090601","tract",2019,"transportation_score",90.23
"29107090602","tract",2019,"transportation_score",89.13
"29109470100","tract",2019,"transportation_score",89.09
"29109470200","tract",2019,"transportation_score",90.62
"29109470300","tract",2019,"transportation_score",91
"29109470400","tract",2019,"transportation_score",87.01
"29109470500","tract",2019,"transportation_score",89.55
"29109470601","tract",2019,"transportation_score",94.35
"29109470602","tract",2019,"transportation_score",94.26
"29111970100","tract",2019,"transportation_score",95.13
"29111970200","tract",2019,"transportation_score",92.6
"29111970300","tract",2019,"transportation_score",89.47
"29111970400","tract",2019,"transportation_score",94.11
"29113810100","tract",2019,"transportation_score",92.26
"29113810201","tract",2019,"transportation_score",91.42
"29113810202","tract",2019,"transportation_score",89.32
"29113810301","tract",2019,"transportation_score",90.59
"29113810303","tract",2019,"transportation_score",88.82
"29113810304","tract",2019,"transportation_score",88.74
"29113810400","tract",2019,"transportation_score",89.48
"29115490100","tract",2019,"transportation_score",89.06
"29115490200","tract",2019,"transportation_score",89.53
"29115490300","tract",2019,"transportation_score",91.12
"29115490400","tract",2019,"transportation_score",93.33
"29115490500","tract",2019,"transportation_score",87.97
"29117480100","tract",2019,"transportation_score",87.92
"29117480200","tract",2019,"transportation_score",88.28
"29117480300","tract",2019,"transportation_score",90.3
"29117480400","tract",2019,"transportation_score",92.49
"29117480500","tract",2019,"transportation_score",96.34
"29119070100","tract",2019,"transportation_score",91.31
"29119070200","tract",2019,"transportation_score",90.26
"29119070300","tract",2019,"transportation_score",93.6
"29119070400","tract",2019,"transportation_score",89.77
"29121960100","tract",2019,"transportation_score",89.92
"29121960200","tract",2019,"transportation_score",94.92
"29121960300","tract",2019,"transportation_score",88.87
"29121960400","tract",2019,"transportation_score",98.38
"29121960500","tract",2019,"transportation_score",97.96
"29123960100","tract",2019,"transportation_score",91.73
"29123960200","tract",2019,"transportation_score",91.72
"29123960300","tract",2019,"transportation_score",90.05
"29125880100","tract",2019,"transportation_score",93.72
"29125880298","tract",2019,"transportation_score",92.26
"29125880300","tract",2019,"transportation_score",92.75
"29127960100","tract",2019,"transportation_score",87.49
"29127960200","tract",2019,"transportation_score",88.94
"29127960300","tract",2019,"transportation_score",89.98
"29127960400","tract",2019,"transportation_score",93.46
"29127960500","tract",2019,"transportation_score",92.52
"29127960600","tract",2019,"transportation_score",86.92
"29127960800","tract",2019,"transportation_score",93.66
"29127960900","tract",2019,"transportation_score",89.05
"29129470100","tract",2019,"transportation_score",91.22
"29129470200","tract",2019,"transportation_score",95.09
"29131962500","tract",2019,"transportation_score",88.99
"29131962600","tract",2019,"transportation_score",87.14
"29131962700","tract",2019,"transportation_score",89.78
"29131962800","tract",2019,"transportation_score",90.67
"29131962900","tract",2019,"transportation_score",94
"29133950100","tract",2019,"transportation_score",NA
"29133950200","tract",2019,"transportation_score",94.88
"29133950300","tract",2019,"transportation_score",91.03
"29133950400","tract",2019,"transportation_score",101.19
"29135385100","tract",2019,"transportation_score",89.17
"29135385200","tract",2019,"transportation_score",89.52
"29135385300","tract",2019,"transportation_score",100.44
"29135385400","tract",2019,"transportation_score",91.25
"29137960100","tract",2019,"transportation_score",91.95
"29137960200","tract",2019,"transportation_score",93.18
"29137960300","tract",2019,"transportation_score",91.77
"29139970100","tract",2019,"transportation_score",91.68
"29139970200","tract",2019,"transportation_score",90.42
"29139970300","tract",2019,"transportation_score",91.63
"29139970400","tract",2019,"transportation_score",88.81
"29141470100","tract",2019,"transportation_score",96.93
"29141470200","tract",2019,"transportation_score",91.74
"29141470300","tract",2019,"transportation_score",95.16
"29141470400","tract",2019,"transportation_score",90.09
"29141470500","tract",2019,"transportation_score",95.29
"29143960100","tract",2019,"transportation_score",90.45
"29143960200","tract",2019,"transportation_score",91.07
"29143960300","tract",2019,"transportation_score",91.97
"29143960400","tract",2019,"transportation_score",91.38
"29143960500","tract",2019,"transportation_score",89.83
"29143960600","tract",2019,"transportation_score",92.77
"29145020100","tract",2019,"transportation_score",92.09
"29145020200","tract",2019,"transportation_score",89.96
"29145020300","tract",2019,"transportation_score",91.47
"29145020400","tract",2019,"transportation_score",89.05
"29145020501","tract",2019,"transportation_score",94.56
"29145020502","tract",2019,"transportation_score",93.54
"29145020601","tract",2019,"transportation_score",87.22
"29145020602","tract",2019,"transportation_score",87.2
"29145020700","tract",2019,"transportation_score",87.6
"29145020800","tract",2019,"transportation_score",90.6
"29145020900","tract",2019,"transportation_score",90.4
"29145021000","tract",2019,"transportation_score",90.96
"29147470100","tract",2019,"transportation_score",89.7
"29147470200","tract",2019,"transportation_score",87.86
"29147470300","tract",2019,"transportation_score",91.45
"29147470400","tract",2019,"transportation_score",92.21
"29147470500","tract",2019,"transportation_score",88.49
"29149480100","tract",2019,"transportation_score",87.77
"29149480200","tract",2019,"transportation_score",89.53
"29149480300","tract",2019,"transportation_score",92.88
"29151490100","tract",2019,"transportation_score",90.24
"29151490200","tract",2019,"transportation_score",88.55
"29151490300","tract",2019,"transportation_score",88.8
"29151490400","tract",2019,"transportation_score",91.61
"29153470100","tract",2019,"transportation_score",94.3
"29153470200","tract",2019,"transportation_score",93.5
"29155470100","tract",2019,"transportation_score",90.22
"29155470200","tract",2019,"transportation_score",91.38
"29155470300","tract",2019,"transportation_score",90.03
"29155470400","tract",2019,"transportation_score",95.43
"29155470500","tract",2019,"transportation_score",88.72
"29155470600","tract",2019,"transportation_score",90.87
"29157470100","tract",2019,"transportation_score",87.48
"29157470200","tract",2019,"transportation_score",89.09
"29157470300","tract",2019,"transportation_score",89.46
"29157470400","tract",2019,"transportation_score",91.34
"29157470500","tract",2019,"transportation_score",87.05
"29159480100","tract",2019,"transportation_score",88.25
"29159480200","tract",2019,"transportation_score",87.64
"29159480300","tract",2019,"transportation_score",89.81
"29159480400","tract",2019,"transportation_score",86.66
"29159480500","tract",2019,"transportation_score",90.45
"29159480600","tract",2019,"transportation_score",94.19
"29159480700","tract",2019,"transportation_score",92.36
"29159480800","tract",2019,"transportation_score",90.21
"29159480900","tract",2019,"transportation_score",93.52
"29159481000","tract",2019,"transportation_score",88.15
"29159481100","tract",2019,"transportation_score",91.37
"29161890100","tract",2019,"transportation_score",88.77
"29161890200","tract",2019,"transportation_score",87.8
"29161890300","tract",2019,"transportation_score",92.84
"29161890400","tract",2019,"transportation_score",NA
"29161890500","tract",2019,"transportation_score",88.05
"29161890600","tract",2019,"transportation_score",90.2
"29161890700","tract",2019,"transportation_score",88.88
"29161890800","tract",2019,"transportation_score",91.75
"29161890900","tract",2019,"transportation_score",91.61
"29161891000","tract",2019,"transportation_score",89.95
"29163460100","tract",2019,"transportation_score",91.26
"29163460200","tract",2019,"transportation_score",87.35
"29163460300","tract",2019,"transportation_score",NA
"29163460400","tract",2019,"transportation_score",90.4
"29163460500","tract",2019,"transportation_score",93.5
"29165030001","tract",2019,"transportation_score",96.95
"29165030002","tract",2019,"transportation_score",92.42
"29165030101","tract",2019,"transportation_score",88.84
"29165030102","tract",2019,"transportation_score",93.93
"29165030103","tract",2019,"transportation_score",94.54
"29165030201","tract",2019,"transportation_score",88.66
"29165030205","tract",2019,"transportation_score",96.99
"29165030207","tract",2019,"transportation_score",95.66
"29165030208","tract",2019,"transportation_score",87.04
"29165030209","tract",2019,"transportation_score",94.68
"29165030210","tract",2019,"transportation_score",97.34
"29165030211","tract",2019,"transportation_score",93.57
"29165030305","tract",2019,"transportation_score",96.76
"29165030306","tract",2019,"transportation_score",93.54
"29165030307","tract",2019,"transportation_score",NA
"29165030308","tract",2019,"transportation_score",90.78
"29165030401","tract",2019,"transportation_score",88.1
"29165030500","tract",2019,"transportation_score",91.97
"29165030600","tract",2019,"transportation_score",88.85
"29165030700","tract",2019,"transportation_score",88.22
"29167960100","tract",2019,"transportation_score",92.75
"29167960200","tract",2019,"transportation_score",92.28
"29167960300","tract",2019,"transportation_score",91.08
"29167960400","tract",2019,"transportation_score",91.76
"29169470101","tract",2019,"transportation_score",91.14
"29169470102","tract",2019,"transportation_score",90.54
"29169470286","tract",2019,"transportation_score",89
"29169470287","tract",2019,"transportation_score",88.98
"29169470389","tract",2019,"transportation_score",NA
"29169470390","tract",2019,"transportation_score",89.68
"29169470400","tract",2019,"transportation_score",90.02
"29169470500","tract",2019,"transportation_score",88.56
"29169470600","tract",2019,"transportation_score",95.92
"29171960100","tract",2019,"transportation_score",90.52
"29171960200","tract",2019,"transportation_score",93.12
"29173470100","tract",2019,"transportation_score",86.28
"29173470200","tract",2019,"transportation_score",89.54
"29173470300","tract",2019,"transportation_score",89.38
"29175490100","tract",2019,"transportation_score",88
"29175490200","tract",2019,"transportation_score",88.53
"29175490300","tract",2019,"transportation_score",90.59
"29175490400","tract",2019,"transportation_score",90.33
"29175490500","tract",2019,"transportation_score",91.91
"29175490600","tract",2019,"transportation_score",86.73
"29177080000","tract",2019,"transportation_score",87.51
"29177080100","tract",2019,"transportation_score",90.25
"29177080200","tract",2019,"transportation_score",93.09
"29177080300","tract",2019,"transportation_score",88.84
"29179380100","tract",2019,"transportation_score",92.41
"29179380200","tract",2019,"transportation_score",89.05
"29181870100","tract",2019,"transportation_score",92.82
"29181870200","tract",2019,"transportation_score",89.67
"29181870300","tract",2019,"transportation_score",92.56
"29181870400","tract",2019,"transportation_score",91.96
"29183310100","tract",2019,"transportation_score",88.59
"29183310201","tract",2019,"transportation_score",93.09
"29183310202","tract",2019,"transportation_score",92.56
"29183310301","tract",2019,"transportation_score",92.97
"29183310302","tract",2019,"transportation_score",93.2
"29183310400","tract",2019,"transportation_score",95.83
"29183310501","tract",2019,"transportation_score",NA
"29183310502","tract",2019,"transportation_score",94.43
"29183310601","tract",2019,"transportation_score",NA
"29183310602","tract",2019,"transportation_score",91.84
"29183310700","tract",2019,"transportation_score",94.87
"29183310801","tract",2019,"transportation_score",88.55
"29183310802","tract",2019,"transportation_score",94.35
"29183310901","tract",2019,"transportation_score",92.26
"29183310902","tract",2019,"transportation_score",92.54
"29183310903","tract",2019,"transportation_score",94.15
"29183311001","tract",2019,"transportation_score",93.69
"29183311003","tract",2019,"transportation_score",91.41
"29183311004","tract",2019,"transportation_score",93.1
"29183311103","tract",2019,"transportation_score",92.5
"29183311114","tract",2019,"transportation_score",91.73
"29183311122","tract",2019,"transportation_score",92.61
"29183311124","tract",2019,"transportation_score",87.97
"29183311132","tract",2019,"transportation_score",87.16
"29183311145","tract",2019,"transportation_score",91.36
"29183311146","tract",2019,"transportation_score",92.36
"29183311147","tract",2019,"transportation_score",91.43
"29183311148","tract",2019,"transportation_score",91.92
"29183311149","tract",2019,"transportation_score",93.14
"29183311150","tract",2019,"transportation_score",91.13
"29183311151","tract",2019,"transportation_score",90.79
"29183311152","tract",2019,"transportation_score",92.14
"29183311153","tract",2019,"transportation_score",88.18
"29183311154","tract",2019,"transportation_score",91.91
"29183311203","tract",2019,"transportation_score",92.61
"29183311211","tract",2019,"transportation_score",93.23
"29183311212","tract",2019,"transportation_score",91.8
"29183311221","tract",2019,"transportation_score",93.06
"29183311294","tract",2019,"transportation_score",91.64
"29183311296","tract",2019,"transportation_score",91.94
"29183311311","tract",2019,"transportation_score",93.02
"29183311312","tract",2019,"transportation_score",92.68
"29183311322","tract",2019,"transportation_score",91.37
"29183311331","tract",2019,"transportation_score",92.62
"29183311391","tract",2019,"transportation_score",92.69
"29183311422","tract",2019,"transportation_score",90.27
"29183311500","tract",2019,"transportation_score",91.67
"29183311601","tract",2019,"transportation_score",88.28
"29183311602","tract",2019,"transportation_score",93.55
"29183311712","tract",2019,"transportation_score",92.99
"29183311721","tract",2019,"transportation_score",92.03
"29183311722","tract",2019,"transportation_score",89.91
"29183311732","tract",2019,"transportation_score",92.06
"29183311733","tract",2019,"transportation_score",89.89
"29183311734","tract",2019,"transportation_score",89.42
"29183311735","tract",2019,"transportation_score",93.25
"29183311736","tract",2019,"transportation_score",89.86
"29183311801","tract",2019,"transportation_score",88.24
"29183311802","tract",2019,"transportation_score",92.46
"29183311903","tract",2019,"transportation_score",91.86
"29183311904","tract",2019,"transportation_score",89.45
"29183311907","tract",2019,"transportation_score",94.2
"29183311908","tract",2019,"transportation_score",89.5
"29183311909","tract",2019,"transportation_score",91.54
"29183312001","tract",2019,"transportation_score",87.11
"29183312094","tract",2019,"transportation_score",87.33
"29183312095","tract",2019,"transportation_score",92.43
"29183312096","tract",2019,"transportation_score",91.5
"29183312097","tract",2019,"transportation_score",86.24
"29183312192","tract",2019,"transportation_score",87.37
"29183312193","tract",2019,"transportation_score",88.73
"29183312194","tract",2019,"transportation_score",92.01
"29183312195","tract",2019,"transportation_score",93.68
"29183312204","tract",2019,"transportation_score",88.75
"29183312205","tract",2019,"transportation_score",90.05
"29183312206","tract",2019,"transportation_score",88.2
"29183312300","tract",2019,"transportation_score",87.07
"29183312400","tract",2019,"transportation_score",93.96
"29183980000","tract",2019,"transportation_score",NA
"29185480100","tract",2019,"transportation_score",90.97
"29185480200","tract",2019,"transportation_score",92.49
"29185480300","tract",2019,"transportation_score",93.56
"29186960100","tract",2019,"transportation_score",89.6
"29186960200","tract",2019,"transportation_score",92.25
"29186960300","tract",2019,"transportation_score",87.56
"29186960400","tract",2019,"transportation_score",89.8
"29187950101","tract",2019,"transportation_score",92.46
"29187950102","tract",2019,"transportation_score",89.37
"29187950300","tract",2019,"transportation_score",NA
"29187950400","tract",2019,"transportation_score",89.47
"29187950600","tract",2019,"transportation_score",89.18
"29187950700","tract",2019,"transportation_score",88.82
"29187950800","tract",2019,"transportation_score",90
"29187950901","tract",2019,"transportation_score",91.6
"29187950902","tract",2019,"transportation_score",NA
"29187951000","tract",2019,"transportation_score",89.69
"29187951100","tract",2019,"transportation_score",91.96
"29189210100","tract",2019,"transportation_score",94.83
"29189210200","tract",2019,"transportation_score",104.28
"29189210300","tract",2019,"transportation_score",106.11
"29189210400","tract",2019,"transportation_score",102.16
"29189210501","tract",2019,"transportation_score",102.01
"29189210502","tract",2019,"transportation_score",107.51
"29189210600","tract",2019,"transportation_score",101.66
"29189210702","tract",2019,"transportation_score",107.28
"29189210703","tract",2019,"transportation_score",100.96
"29189210704","tract",2019,"transportation_score",101
"29189210803","tract",2019,"transportation_score",94.06
"29189210804","tract",2019,"transportation_score",94.74
"29189210805","tract",2019,"transportation_score",99.79
"29189210806","tract",2019,"transportation_score",94.94
"29189210912","tract",2019,"transportation_score",91.59
"29189210921","tract",2019,"transportation_score",93.05
"29189210923","tract",2019,"transportation_score",93.24
"29189210924","tract",2019,"transportation_score",93.48
"29189210925","tract",2019,"transportation_score",91.79
"29189210926","tract",2019,"transportation_score",92.94
"29189210927","tract",2019,"transportation_score",91.54
"29189210928","tract",2019,"transportation_score",93.26
"29189211000","tract",2019,"transportation_score",97.21
"29189211101","tract",2019,"transportation_score",100.33
"29189211102","tract",2019,"transportation_score",97.55
"29189211201","tract",2019,"transportation_score",92.07
"29189211202","tract",2019,"transportation_score",95.09
"29189211301","tract",2019,"transportation_score",93.69
"29189211331","tract",2019,"transportation_score",92.24
"29189211332","tract",2019,"transportation_score",92.38
"29189211333","tract",2019,"transportation_score",93.21
"29189211334","tract",2019,"transportation_score",93.83
"29189211401","tract",2019,"transportation_score",94.61
"29189211402","tract",2019,"transportation_score",92.22
"29189211500","tract",2019,"transportation_score",103.45
"29189211600","tract",2019,"transportation_score",96.69
"29189211700","tract",2019,"transportation_score",93.43
"29189211801","tract",2019,"transportation_score",111.69
"29189211802","tract",2019,"transportation_score",102.58
"29189211900","tract",2019,"transportation_score",115.87
"29189212001","tract",2019,"transportation_score",100.47
"29189212002","tract",2019,"transportation_score",100.65
"29189212101","tract",2019,"transportation_score",99.7
"29189212102","tract",2019,"transportation_score",104.63
"29189212200","tract",2019,"transportation_score",106.84
"29189212300","tract",2019,"transportation_score",100.14
"29189212400","tract",2019,"transportation_score",95.07
"29189212500","tract",2019,"transportation_score",101.56
"29189212600","tract",2019,"transportation_score",98.09
"29189212700","tract",2019,"transportation_score",96.85
"29189213101","tract",2019,"transportation_score",96.05
"29189213102","tract",2019,"transportation_score",108.88
"29189213202","tract",2019,"transportation_score",94.26
"29189213203","tract",2019,"transportation_score",87.51
"29189213204","tract",2019,"transportation_score",92.29
"29189213300","tract",2019,"transportation_score",101.06
"29189213400","tract",2019,"transportation_score",99.92
"29189213500","tract",2019,"transportation_score",95.26
"29189213600","tract",2019,"transportation_score",114.09
"29189213700","tract",2019,"transportation_score",101.21
"29189213800","tract",2019,"transportation_score",104.34
"29189213900","tract",2019,"transportation_score",100.08
"29189214100","tract",2019,"transportation_score",103.79
"29189214200","tract",2019,"transportation_score",107.06
"29189214300","tract",2019,"transportation_score",100.7
"29189214400","tract",2019,"transportation_score",96.46
"29189214500","tract",2019,"transportation_score",98.85
"29189214601","tract",2019,"transportation_score",95.3
"29189214602","tract",2019,"transportation_score",100.34
"29189214700","tract",2019,"transportation_score",99
"29189214800","tract",2019,"transportation_score",96.03
"29189214900","tract",2019,"transportation_score",94.25
"29189215001","tract",2019,"transportation_score",92.85
"29189215003","tract",2019,"transportation_score",93.42
"29189215004","tract",2019,"transportation_score",93.21
"29189215005","tract",2019,"transportation_score",93.71
"29189215102","tract",2019,"transportation_score",91.34
"29189215103","tract",2019,"transportation_score",91.34
"29189215105","tract",2019,"transportation_score",92.21
"29189215141","tract",2019,"transportation_score",92.64
"29189215142","tract",2019,"transportation_score",89.69
"29189215143","tract",2019,"transportation_score",90.87
"29189215144","tract",2019,"transportation_score",92.99
"29189215201","tract",2019,"transportation_score",92.71
"29189215202","tract",2019,"transportation_score",91.71
"29189215231","tract",2019,"transportation_score",93.61
"29189215232","tract",2019,"transportation_score",92.96
"29189215301","tract",2019,"transportation_score",93.94
"29189215302","tract",2019,"transportation_score",86.36
"29189215400","tract",2019,"transportation_score",91.14
"29189215500","tract",2019,"transportation_score",94.1
"29189215600","tract",2019,"transportation_score",95.88
"29189215700","tract",2019,"transportation_score",99.41
"29189215800","tract",2019,"transportation_score",93.62
"29189215900","tract",2019,"transportation_score",100.84
"29189216000","tract",2019,"transportation_score",96.83
"29189216100","tract",2019,"transportation_score",115.01
"29189216200","tract",2019,"transportation_score",97.79
"29189216300","tract",2019,"transportation_score",NA
"29189216400","tract",2019,"transportation_score",98.22
"29189216500","tract",2019,"transportation_score",95.89
"29189216600","tract",2019,"transportation_score",89.77
"29189216700","tract",2019,"transportation_score",95.18
"29189216800","tract",2019,"transportation_score",95.87
"29189216900","tract",2019,"transportation_score",99.89
"29189217000","tract",2019,"transportation_score",101.2
"29189217200","tract",2019,"transportation_score",97.83
"29189217300","tract",2019,"transportation_score",94.26
"29189217400","tract",2019,"transportation_score",92.49
"29189217500","tract",2019,"transportation_score",90.33
"29189217600","tract",2019,"transportation_score",92.58
"29189217701","tract",2019,"transportation_score",92.66
"29189217702","tract",2019,"transportation_score",90.97
"29189217802","tract",2019,"transportation_score",91.63
"29189217806","tract",2019,"transportation_score",95.84
"29189217807","tract",2019,"transportation_score",92.82
"29189217841","tract",2019,"transportation_score",93.04
"29189217842","tract",2019,"transportation_score",93.55
"29189217851","tract",2019,"transportation_score",92.32
"29189217852","tract",2019,"transportation_score",92.33
"29189217921","tract",2019,"transportation_score",92.35
"29189217923","tract",2019,"transportation_score",92.38
"29189217931","tract",2019,"transportation_score",93.36
"29189217932","tract",2019,"transportation_score",92.97
"29189217941","tract",2019,"transportation_score",92.06
"29189217942","tract",2019,"transportation_score",89.03
"29189217943","tract",2019,"transportation_score",94.63
"29189217944","tract",2019,"transportation_score",91.97
"29189218003","tract",2019,"transportation_score",90.12
"29189218011","tract",2019,"transportation_score",88.08
"29189218012","tract",2019,"transportation_score",87.5
"29189218102","tract",2019,"transportation_score",92.16
"29189218103","tract",2019,"transportation_score",90.39
"29189218201","tract",2019,"transportation_score",93.51
"29189218300","tract",2019,"transportation_score",98.1
"29189218401","tract",2019,"transportation_score",92.61
"29189218402","tract",2019,"transportation_score",92.84
"29189218500","tract",2019,"transportation_score",92.95
"29189218600","tract",2019,"transportation_score",94.92
"29189218800","tract",2019,"transportation_score",93.01
"29189218900","tract",2019,"transportation_score",93.72
"29189219100","tract",2019,"transportation_score",94.5
"29189219200","tract",2019,"transportation_score",99.46
"29189219300","tract",2019,"transportation_score",94.6
"29189219400","tract",2019,"transportation_score",93.03
"29189219500","tract",2019,"transportation_score",95.86
"29189219600","tract",2019,"transportation_score",96.09
"29189219700","tract",2019,"transportation_score",97.71
"29189219800","tract",2019,"transportation_score",96.1
"29189219900","tract",2019,"transportation_score",94.15
"29189220001","tract",2019,"transportation_score",95.12
"29189220002","tract",2019,"transportation_score",93.26
"29189220100","tract",2019,"transportation_score",96.64
"29189220200","tract",2019,"transportation_score",97.77
"29189220300","tract",2019,"transportation_score",100.26
"29189220431","tract",2019,"transportation_score",96.95
"29189220432","tract",2019,"transportation_score",91.26
"29189220441","tract",2019,"transportation_score",95.11
"29189220442","tract",2019,"transportation_score",92.46
"29189220443","tract",2019,"transportation_score",96.62
"29189220444","tract",2019,"transportation_score",93.26
"29189220445","tract",2019,"transportation_score",92.23
"29189220446","tract",2019,"transportation_score",92.88
"29189220501","tract",2019,"transportation_score",94.9
"29189220502","tract",2019,"transportation_score",98.9
"29189220601","tract",2019,"transportation_score",92.68
"29189220602","tract",2019,"transportation_score",96.49
"29189220701","tract",2019,"transportation_score",93.75
"29189220702","tract",2019,"transportation_score",93.41
"29189220703","tract",2019,"transportation_score",92.28
"29189220801","tract",2019,"transportation_score",96.37
"29189220802","tract",2019,"transportation_score",93.48
"29189220803","tract",2019,"transportation_score",92
"29189221000","tract",2019,"transportation_score",93.1
"29189221100","tract",2019,"transportation_score",89.22
"29189221201","tract",2019,"transportation_score",90.23
"29189221202","tract",2019,"transportation_score",90.13
"29189221301","tract",2019,"transportation_score",92.26
"29189221302","tract",2019,"transportation_score",96.92
"29189221332","tract",2019,"transportation_score",89.61
"29189221335","tract",2019,"transportation_score",94.3
"29189221421","tract",2019,"transportation_score",92.57
"29189221422","tract",2019,"transportation_score",92.25
"29189221423","tract",2019,"transportation_score",91.41
"29189221424","tract",2019,"transportation_score",93.3
"29189221502","tract",2019,"transportation_score",89.3
"29189221503","tract",2019,"transportation_score",86.8
"29189221506","tract",2019,"transportation_score",88
"29189221621","tract",2019,"transportation_score",87.44
"29189221624","tract",2019,"transportation_score",93.74
"29189221625","tract",2019,"transportation_score",93.63
"29189221626","tract",2019,"transportation_score",86.66
"29189221627","tract",2019,"transportation_score",94.57
"29189221628","tract",2019,"transportation_score",88.67
"29189221629","tract",2019,"transportation_score",87.26
"29189221800","tract",2019,"transportation_score",100.82
"29189221900","tract",2019,"transportation_score",92.34
"29189222000","tract",2019,"transportation_score",94.44
"29189222100","tract",2019,"transportation_score",90.32
"29195090100","tract",2019,"transportation_score",96.9
"29195090200","tract",2019,"transportation_score",87.99
"29195090300","tract",2019,"transportation_score",86.85
"29195090400","tract",2019,"transportation_score",90.19
"29195090500","tract",2019,"transportation_score",92.12
"29195090600","tract",2019,"transportation_score",94.52
"29195090700","tract",2019,"transportation_score",92.2
"29195090800","tract",2019,"transportation_score",87.68
"29197470100","tract",2019,"transportation_score",88.87
"29197470200","tract",2019,"transportation_score",89.28
"29199480100","tract",2019,"transportation_score",89.28
"29199480200","tract",2019,"transportation_score",92.02
"29201780100","tract",2019,"transportation_score",90.95
"29201780200","tract",2019,"transportation_score",88.74
"29201780300","tract",2019,"transportation_score",92.19
"29201780400","tract",2019,"transportation_score",89.49
"29201780600","tract",2019,"transportation_score",95.21
"29201780700","tract",2019,"transportation_score",98.84
"29201781000","tract",2019,"transportation_score",89.12
"29201781100","tract",2019,"transportation_score",87.9
"29201781200","tract",2019,"transportation_score",100.57
"29201781300","tract",2019,"transportation_score",95.5
"29203470100","tract",2019,"transportation_score",91.35
"29203470200","tract",2019,"transportation_score",90.53
"29205450100","tract",2019,"transportation_score",95.03
"29205450200","tract",2019,"transportation_score",89.87
"29205450300","tract",2019,"transportation_score",91.07
"29207470100","tract",2019,"transportation_score",91.57
"29207470200","tract",2019,"transportation_score",91.85
"29207470300","tract",2019,"transportation_score",88.4
"29207470400","tract",2019,"transportation_score",88.27
"29207470500","tract",2019,"transportation_score",93.49
"29207470600","tract",2019,"transportation_score",90.11
"29207470700","tract",2019,"transportation_score",91.42
"29207470800","tract",2019,"transportation_score",86.82
"29209090100","tract",2019,"transportation_score",90.94
"29209090200","tract",2019,"transportation_score",91.64
"29209090400","tract",2019,"transportation_score",93.23
"29209090500","tract",2019,"transportation_score",93.39
"29209090601","tract",2019,"transportation_score",91.3
"29209090602","tract",2019,"transportation_score",91.79
"29211480100","tract",2019,"transportation_score",88.51
"29211480200","tract",2019,"transportation_score",89.13
"29211480300","tract",2019,"transportation_score",94.07
"29213480105","tract",2019,"transportation_score",92.28
"29213480106","tract",2019,"transportation_score",91.75
"29213480201","tract",2019,"transportation_score",92.68
"29213480202","tract",2019,"transportation_score",92.64
"29213480301","tract",2019,"transportation_score",91.38
"29213480302","tract",2019,"transportation_score",91.13
"29213480401","tract",2019,"transportation_score",99.32
"29213480402","tract",2019,"transportation_score",88.91
"29213480501","tract",2019,"transportation_score",92.22
"29213480502","tract",2019,"transportation_score",93.22
"29215480100","tract",2019,"transportation_score",92.18
"29215480200","tract",2019,"transportation_score",89.69
"29215480300","tract",2019,"transportation_score",92.59
"29215480400","tract",2019,"transportation_score",93.95
"29217950100","tract",2019,"transportation_score",91.31
"29217950200","tract",2019,"transportation_score",92.42
"29217950300","tract",2019,"transportation_score",98.63
"29217950400","tract",2019,"transportation_score",102.26
"29217950500","tract",2019,"transportation_score",86.66
"29217950600","tract",2019,"transportation_score",90.01
"29219820101","tract",2019,"transportation_score",89.26
"29219820102","tract",2019,"transportation_score",90.28
"29219820103","tract",2019,"transportation_score",88.98
"29219820201","tract",2019,"transportation_score",89.07
"29219820202","tract",2019,"transportation_score",88.51
"29221460100","tract",2019,"transportation_score",93.55
"29221460200","tract",2019,"transportation_score",91.9
"29221460300","tract",2019,"transportation_score",92.37
"29221460400","tract",2019,"transportation_score",88.62
"29221460500","tract",2019,"transportation_score",91.73
"29223690100","tract",2019,"transportation_score",92.31
"29223690200","tract",2019,"transportation_score",91.24
"29223690300","tract",2019,"transportation_score",95.33
"29223690400","tract",2019,"transportation_score",94.44
"29225470101","tract",2019,"transportation_score",91.26
"29225470102","tract",2019,"transportation_score",90.18
"29225470201","tract",2019,"transportation_score",91.58
"29225470202","tract",2019,"transportation_score",92.05
"29225470301","tract",2019,"transportation_score",89.08
"29225470302","tract",2019,"transportation_score",103.23
"29225470401","tract",2019,"transportation_score",94.26
"29225470402","tract",2019,"transportation_score",90.23
"29227960100","tract",2019,"transportation_score",93.65
"29229490100","tract",2019,"transportation_score",90.53
"29229490200","tract",2019,"transportation_score",100.97
"29229490300","tract",2019,"transportation_score",93.39
"29229490400","tract",2019,"transportation_score",89.69
"29510101100","tract",2019,"transportation_score",89.63
"29510101200","tract",2019,"transportation_score",95.44
"29510101300","tract",2019,"transportation_score",95.15
"29510101400","tract",2019,"transportation_score",98.99
"29510101500","tract",2019,"transportation_score",105.72
"29510101800","tract",2019,"transportation_score",110.87
"29510102100","tract",2019,"transportation_score",96.55
"29510102200","tract",2019,"transportation_score",95.02
"29510102300","tract",2019,"transportation_score",95.9
"29510102400","tract",2019,"transportation_score",99
"29510102500","tract",2019,"transportation_score",96.83
"29510103100","tract",2019,"transportation_score",95.78
"29510103400","tract",2019,"transportation_score",93.08
"29510103600","tract",2019,"transportation_score",95.46
"29510103700","tract",2019,"transportation_score",96.83
"29510103800","tract",2019,"transportation_score",96.66
"29510104200","tract",2019,"transportation_score",95.81
"29510104500","tract",2019,"transportation_score",99.68
"29510105198","tract",2019,"transportation_score",100.07
"29510105200","tract",2019,"transportation_score",103.7
"29510105300","tract",2019,"transportation_score",106.56
"29510105400","tract",2019,"transportation_score",105.13
"29510105500","tract",2019,"transportation_score",106.65
"29510106100","tract",2019,"transportation_score",112.53
"29510106200","tract",2019,"transportation_score",125.79
"29510106300","tract",2019,"transportation_score",101.64
"29510106400","tract",2019,"transportation_score",129.16
"29510106500","tract",2019,"transportation_score",123.59
"29510106600","tract",2019,"transportation_score",123.32
"29510106700","tract",2019,"transportation_score",112.65
"29510107200","tract",2019,"transportation_score",118.65
"29510107300","tract",2019,"transportation_score",108.92
"29510107400","tract",2019,"transportation_score",103.83
"29510107500","tract",2019,"transportation_score",116.36
"29510107600","tract",2019,"transportation_score",105.87
"29510108100","tract",2019,"transportation_score",104.61
"29510108200","tract",2019,"transportation_score",105.82
"29510108300","tract",2019,"transportation_score",111.13
"29510109600","tract",2019,"transportation_score",102.85
"29510109700","tract",2019,"transportation_score",119.22
"29510110100","tract",2019,"transportation_score",113.16
"29510110200","tract",2019,"transportation_score",122.59
"29510110300","tract",2019,"transportation_score",127.76
"29510110400","tract",2019,"transportation_score",117.82
"29510110500","tract",2019,"transportation_score",129.6
"29510111100","tract",2019,"transportation_score",108.23
"29510111200","tract",2019,"transportation_score",124.66
"29510111300","tract",2019,"transportation_score",120.07
"29510111400","tract",2019,"transportation_score",126.67
"29510111500","tract",2019,"transportation_score",112.64
"29510112100","tract",2019,"transportation_score",102.33
"29510112200","tract",2019,"transportation_score",105.85
"29510112300","tract",2019,"transportation_score",112.35
"29510112400","tract",2019,"transportation_score",113.77
"29510113500","tract",2019,"transportation_score",94
"29510114101","tract",2019,"transportation_score",108.7
"29510114102","tract",2019,"transportation_score",93.73
"29510114200","tract",2019,"transportation_score",99.17
"29510114300","tract",2019,"transportation_score",95.76
"29510115100","tract",2019,"transportation_score",103.56
"29510115200","tract",2019,"transportation_score",110.91
"29510115300","tract",2019,"transportation_score",98.65
"29510115400","tract",2019,"transportation_score",112.33
"29510115500","tract",2019,"transportation_score",106.2
"29510115600","tract",2019,"transportation_score",109.13
"29510115700","tract",2019,"transportation_score",105.58
"29510116100","tract",2019,"transportation_score",96.89
"29510116200","tract",2019,"transportation_score",97.97
"29510116301","tract",2019,"transportation_score",100.25
"29510116302","tract",2019,"transportation_score",112.69
"29510116400","tract",2019,"transportation_score",116.91
"29510116500","tract",2019,"transportation_score",99.68
"29510117100","tract",2019,"transportation_score",97.88
"29510117200","tract",2019,"transportation_score",95.79
"29510117400","tract",2019,"transportation_score",97.99
"29510118100","tract",2019,"transportation_score",102.81
"29510118400","tract",2019,"transportation_score",NA
"29510118600","tract",2019,"transportation_score",112.55
"29510119101","tract",2019,"transportation_score",110.77
"29510119102","tract",2019,"transportation_score",108.39
"29510119200","tract",2019,"transportation_score",107.96
"29510119300","tract",2019,"transportation_score",NA
"29510120200","tract",2019,"transportation_score",118.63
"29510121100","tract",2019,"transportation_score",124.56
"29510121200","tract",2019,"transportation_score",105.72
"29510123100","tract",2019,"transportation_score",102
"29510123200","tract",2019,"transportation_score",99.71
"29510123300","tract",2019,"transportation_score",96.97
"29510124100","tract",2019,"transportation_score",110.67
"29510124200","tract",2019,"transportation_score",117.02
"29510124300","tract",2019,"transportation_score",97.24
"29510124600","tract",2019,"transportation_score",124.51
"29510125500","tract",2019,"transportation_score",104.06
"29510125600","tract",2019,"transportation_score",107.94
"29510125700","tract",2019,"transportation_score",117.27
"29510126600","tract",2019,"transportation_score",112.55
"29510126700","tract",2019,"transportation_score",101.72
"29510126800","tract",2019,"transportation_score",91.11
"29510126900","tract",2019,"transportation_score",110.44
"29510127000","tract",2019,"transportation_score",125.92
"29510127100","tract",2019,"transportation_score",113.49
"29510127200","tract",2019,"transportation_score",96.97
"29510127300","tract",2019,"transportation_score",101.44
"29510127400","tract",2019,"transportation_score",94.97
"29510127500","tract",2019,"transportation_score",110.57
"29510127600","tract",2019,"transportation_score",96.36
"29001950100","tract",2019,"transportation_rnk",7.4137
"29001950200","tract",2019,"transportation_rnk",34.8666
"29001950300","tract",2019,"transportation_rnk",61.7524
"29001950400","tract",2019,"transportation_rnk",22.1381
"29001950500","tract",2019,"transportation_rnk",29.4389
"29001950900","tract",2019,"transportation_rnk",31.4489
"29001951000","tract",2019,"transportation_rnk",NA
"29003010100","tract",2019,"transportation_rnk",8.851
"29003010200","tract",2019,"transportation_rnk",8.5548
"29003010300","tract",2019,"transportation_rnk",2.5996
"29003010400","tract",2019,"transportation_rnk",13.5466
"29005950100","tract",2019,"transportation_rnk",29.6082
"29005950200","tract",2019,"transportation_rnk",20.1563
"29007950100","tract",2019,"transportation_rnk",NA
"29007950200","tract",2019,"transportation_rnk",15.2703
"29007950300","tract",2019,"transportation_rnk",37.9641
"29007950400","tract",2019,"transportation_rnk",52.4994
"29007950500","tract",2019,"transportation_rnk",70.2677
"29007950600","tract",2019,"transportation_rnk",11.2136
"29007950700","tract",2019,"transportation_rnk",6.061
"29009960100","tract",2019,"transportation_rnk",30.092
"29009960200","tract",2019,"transportation_rnk",10.119
"29009960300","tract",2019,"transportation_rnk",15.9445
"29009960401","tract",2019,"transportation_rnk",37.7412
"29009960402","tract",2019,"transportation_rnk",8.717
"29009960500","tract",2019,"transportation_rnk",35.4519
"29009960600","tract",2019,"transportation_rnk",52.2554
"29011960100","tract",2019,"transportation_rnk",10.5704
"29011960200","tract",2019,"transportation_rnk",12.9965
"29011960300","tract",2019,"transportation_rnk",62.8879
"29013070100","tract",2019,"transportation_rnk",37.8978
"29013070200","tract",2019,"transportation_rnk",36.0133
"29013070300","tract",2019,"transportation_rnk",44.9489
"29013070400","tract",2019,"transportation_rnk",35.0838
"29015460100","tract",2019,"transportation_rnk",42.2972
"29015460200","tract",2019,"transportation_rnk",41.0192
"29015460300","tract",2019,"transportation_rnk",29.7788
"29015460400","tract",2019,"transportation_rnk",34.4956
"29015460700","tract",2019,"transportation_rnk",38.7779
"29015460800","tract",2019,"transportation_rnk",62.0162
"29017950100","tract",2019,"transportation_rnk",72.2862
"29017950200","tract",2019,"transportation_rnk",35.4519
"29017950300","tract",2019,"transportation_rnk",21.5287
"29019000200","tract",2019,"transportation_rnk",87.1135
"29019000300","tract",2019,"transportation_rnk",85.5577
"29019000500","tract",2019,"transportation_rnk",93.0109
"29019000600","tract",2019,"transportation_rnk",81.1216
"29019000700","tract",2019,"transportation_rnk",80.8494
"29019000900","tract",2019,"transportation_rnk",71.0971
"29019001001","tract",2019,"transportation_rnk",68.1618
"29019001002","tract",2019,"transportation_rnk",4.7774
"29019001101","tract",2019,"transportation_rnk",73.842
"29019001103","tract",2019,"transportation_rnk",71.7925
"29019001104","tract",2019,"transportation_rnk",74.8815
"29019001201","tract",2019,"transportation_rnk",71.6148
"29019001202","tract",2019,"transportation_rnk",72.5584
"29019001300","tract",2019,"transportation_rnk",80.9115
"29019001400","tract",2019,"transportation_rnk",3.2301
"29019001502","tract",2019,"transportation_rnk",80.7394
"29019001503","tract",2019,"transportation_rnk",67.9629
"29019001504","tract",2019,"transportation_rnk",73.3835
"29019001601","tract",2019,"transportation_rnk",16.0884
"29019001602","tract",2019,"transportation_rnk",3.6391
"29019001701","tract",2019,"transportation_rnk",19.0998
"29019001702","tract",2019,"transportation_rnk",3.4346
"29019001803","tract",2019,"transportation_rnk",11.0147
"29019001805","tract",2019,"transportation_rnk",14.7738
"29019001901","tract",2019,"transportation_rnk",5.8466
"29019001902","tract",2019,"transportation_rnk",9.1063
"29019002000","tract",2019,"transportation_rnk",26.2977
"29019002100","tract",2019,"transportation_rnk",91.1321
"29019002200","tract",2019,"transportation_rnk",NA
"29021000100","tract",2019,"transportation_rnk",6.1668
"29021000200","tract",2019,"transportation_rnk",28.216
"29021000300","tract",2019,"transportation_rnk",19.4412
"29021000400","tract",2019,"transportation_rnk",64.4042
"29021000500","tract",2019,"transportation_rnk",62.8103
"29021000600","tract",2019,"transportation_rnk",NA
"29021000701","tract",2019,"transportation_rnk",24.2792
"29021000702","tract",2019,"transportation_rnk",65.3337
"29021000900","tract",2019,"transportation_rnk",55.233
"29021001000","tract",2019,"transportation_rnk",83.5957
"29021001100","tract",2019,"transportation_rnk",52.8422
"29021001200","tract",2019,"transportation_rnk",80.3755
"29021001500","tract",2019,"transportation_rnk",48.7729
"29021001600","tract",2019,"transportation_rnk",42.2351
"29021001700","tract",2019,"transportation_rnk",36.3815
"29021001800","tract",2019,"transportation_rnk",42.0052
"29021002100","tract",2019,"transportation_rnk",36.0133
"29021002200","tract",2019,"transportation_rnk",0.6432
"29021002300","tract",2019,"transportation_rnk",39.0107
"29021002400","tract",2019,"transportation_rnk",46.0238
"29021002500","tract",2019,"transportation_rnk",55.1865
"29021002700","tract",2019,"transportation_rnk",4.5179
"29021002800","tract",2019,"transportation_rnk",2.8182
"29021002900","tract",2019,"transportation_rnk",1.883
"29021003000","tract",2019,"transportation_rnk",78.223
"29023950100","tract",2019,"transportation_rnk",19.609
"29023950201","tract",2019,"transportation_rnk",1.3753
"29023950202","tract",2019,"transportation_rnk",4.6688
"29023950300","tract",2019,"transportation_rnk",36.7567
"29023950400","tract",2019,"transportation_rnk",50.7278
"29023950500","tract",2019,"transportation_rnk",52.8887
"29023950600","tract",2019,"transportation_rnk",37.2955
"29023950700","tract",2019,"transportation_rnk",72.454
"29023950800","tract",2019,"transportation_rnk",61.0387
"29023950900","tract",2019,"transportation_rnk",49.2905
"29025950100","tract",2019,"transportation_rnk",37.0797
"29025950200","tract",2019,"transportation_rnk",45.4906
"29027070100","tract",2019,"transportation_rnk",0.6573
"29027070200","tract",2019,"transportation_rnk",8.3517
"29027070300","tract",2019,"transportation_rnk",NA
"29027070400","tract",2019,"transportation_rnk",40.1687
"29027070500","tract",2019,"transportation_rnk",1.0156
"29027070600","tract",2019,"transportation_rnk",4.9072
"29027070700","tract",2019,"transportation_rnk",12.3152
"29027070800","tract",2019,"transportation_rnk",11.0147
"29029950100","tract",2019,"transportation_rnk",29.7788
"29029950200","tract",2019,"transportation_rnk",6.889
"29029950300","tract",2019,"transportation_rnk",41.5693
"29029950400","tract",2019,"transportation_rnk",12.4661
"29029950500","tract",2019,"transportation_rnk",28.3697
"29029950600","tract",2019,"transportation_rnk",1.883
"29029950700","tract",2019,"transportation_rnk",52.3612
"29029950800","tract",2019,"transportation_rnk",23.8772
"29029950900","tract",2019,"transportation_rnk",26.883
"29029951100","tract",2019,"transportation_rnk",52.7872
"29029951200","tract",2019,"transportation_rnk",40.9459
"29031880100","tract",2019,"transportation_rnk",12.4013
"29031880200","tract",2019,"transportation_rnk",12.4013
"29031880300","tract",2019,"transportation_rnk",18.0814
"29031880400","tract",2019,"transportation_rnk",51.2469
"29031880500","tract",2019,"transportation_rnk",40.4931
"29031880600","tract",2019,"transportation_rnk",55.6773
"29031880700","tract",2019,"transportation_rnk",48.6939
"29031880800","tract",2019,"transportation_rnk",NA
"29031880900","tract",2019,"transportation_rnk",71.6486
"29031881000","tract",2019,"transportation_rnk",70.3354
"29031881100","tract",2019,"transportation_rnk",49.2482
"29031881200","tract",2019,"transportation_rnk",46.777
"29031881300","tract",2019,"transportation_rnk",59.0245
"29031881400","tract",2019,"transportation_rnk",84.5647
"29031881500","tract",2019,"transportation_rnk",5.896
"29031881600","tract",2019,"transportation_rnk",62.847
"29033960100","tract",2019,"transportation_rnk",36.0838
"29033960200","tract",2019,"transportation_rnk",28.144
"29033960300","tract",2019,"transportation_rnk",35.7369
"29035960100","tract",2019,"transportation_rnk",55.4601
"29035960200","tract",2019,"transportation_rnk",23.2397
"29037060001","tract",2019,"transportation_rnk",51.5473
"29037060003","tract",2019,"transportation_rnk",50.5572
"29037060004","tract",2019,"transportation_rnk",46.5132
"29037060100","tract",2019,"transportation_rnk",28.8747
"29037060202","tract",2019,"transportation_rnk",26.041
"29037060301","tract",2019,"transportation_rnk",54.7097
"29037060302","tract",2019,"transportation_rnk",11.8907
"29037060305","tract",2019,"transportation_rnk",6.061
"29037060400","tract",2019,"transportation_rnk",1.6827
"29037060500","tract",2019,"transportation_rnk",6.628
"29037060600","tract",2019,"transportation_rnk",23.9647
"29037060700","tract",2019,"transportation_rnk",19.0998
"29037060800","tract",2019,"transportation_rnk",7.4137
"29037060904","tract",2019,"transportation_rnk",31.3911
"29037061001","tract",2019,"transportation_rnk",6.1668
"29037061002","tract",2019,"transportation_rnk",1.4162
"29037061100","tract",2019,"transportation_rnk",27.4839
"29037061200","tract",2019,"transportation_rnk",15.747
"29037061300","tract",2019,"transportation_rnk",60.3701
"29037061400","tract",2019,"transportation_rnk",26.5572
"29039870100","tract",2019,"transportation_rnk",37.6552
"29039870200","tract",2019,"transportation_rnk",44.5032
"29039870300","tract",2019,"transportation_rnk",39.5156
"29041470100","tract",2019,"transportation_rnk",18.4171
"29041470200","tract",2019,"transportation_rnk",31.5349
"29041470300","tract",2019,"transportation_rnk",7.3135
"29043020101","tract",2019,"transportation_rnk",6.7719
"29043020102","tract",2019,"transportation_rnk",9.0386
"29043020201","tract",2019,"transportation_rnk",10.4195
"29043020202","tract",2019,"transportation_rnk",65.6356
"29043020203","tract",2019,"transportation_rnk",65.1222
"29043020204","tract",2019,"transportation_rnk",25.1805
"29043020205","tract",2019,"transportation_rnk",18.9249
"29043020302","tract",2019,"transportation_rnk",70.8545
"29043020303","tract",2019,"transportation_rnk",12.2489
"29043020304","tract",2019,"transportation_rnk",24.7503
"29043020305","tract",2019,"transportation_rnk",6.3896
"29043020306","tract",2019,"transportation_rnk",5.1738
"29043020400","tract",2019,"transportation_rnk",3.9015
"29043020500","tract",2019,"transportation_rnk",11.4365
"29045950100","tract",2019,"transportation_rnk",25.4415
"29045950200","tract",2019,"transportation_rnk",34.2911
"29045950300","tract",2019,"transportation_rnk",65.3337
"29047020201","tract",2019,"transportation_rnk",70.176
"29047020202","tract",2019,"transportation_rnk",55.8945
"29047020300","tract",2019,"transportation_rnk",64.4747
"29047020400","tract",2019,"transportation_rnk",67.6738
"29047020500","tract",2019,"transportation_rnk",50.2511
"29047020602","tract",2019,"transportation_rnk",62.6114
"29047020603","tract",2019,"transportation_rnk",56.6238
"29047020604","tract",2019,"transportation_rnk",62.5465
"29047020801","tract",2019,"transportation_rnk",59.8778
"29047020901","tract",2019,"transportation_rnk",65.8316
"29047020902","tract",2019,"transportation_rnk",64.3661
"29047021001","tract",2019,"transportation_rnk",75.316
"29047021003","tract",2019,"transportation_rnk",56.8495
"29047021004","tract",2019,"transportation_rnk",65.2956
"29047021101","tract",2019,"transportation_rnk",68.372
"29047021102","tract",2019,"transportation_rnk",77.3654
"29047021103","tract",2019,"transportation_rnk",64.0995
"29047021204","tract",2019,"transportation_rnk",56.2063
"29047021205","tract",2019,"transportation_rnk",59.205
"29047021206","tract",2019,"transportation_rnk",51.3047
"29047021207","tract",2019,"transportation_rnk",66.0728
"29047021208","tract",2019,"transportation_rnk",60.9851
"29047021303","tract",2019,"transportation_rnk",15.5975
"29047021305","tract",2019,"transportation_rnk",53.1567
"29047021306","tract",2019,"transportation_rnk",54.618
"29047021307","tract",2019,"transportation_rnk",12.1163
"29047021309","tract",2019,"transportation_rnk",6.5109
"29047021310","tract",2019,"transportation_rnk",16.4988
"29047021401","tract",2019,"transportation_rnk",69.1238
"29047021403","tract",2019,"transportation_rnk",64.3238
"29047021404","tract",2019,"transportation_rnk",56.7916
"29047021600","tract",2019,"transportation_rnk",51.1355
"29047021701","tract",2019,"transportation_rnk",45.8813
"29047021702","tract",2019,"transportation_rnk",51.3047
"29047021803","tract",2019,"transportation_rnk",57.3107
"29047021804","tract",2019,"transportation_rnk",0.5854
"29047021805","tract",2019,"transportation_rnk",4.0609
"29047021806","tract",2019,"transportation_rnk",37.0106
"29047021900","tract",2019,"transportation_rnk",3.6702
"29047022000","tract",2019,"transportation_rnk",23.0817
"29047022100","tract",2019,"transportation_rnk",82.9215
"29047022200","tract",2019,"transportation_rnk",57.511
"29047022301","tract",2019,"transportation_rnk",52.8887
"29047022302","tract",2019,"transportation_rnk",51.371
"29049960100","tract",2019,"transportation_rnk",37.366
"29049960200","tract",2019,"transportation_rnk",15.747
"29049960300","tract",2019,"transportation_rnk",27.9705
"29049960400","tract",2019,"transportation_rnk",23.2397
"29051010300","tract",2019,"transportation_rnk",48.9153
"29051010400","tract",2019,"transportation_rnk",37.366
"29051010500","tract",2019,"transportation_rnk",74.0366
"29051010600","tract",2019,"transportation_rnk",71.0082
"29051010701","tract",2019,"transportation_rnk",26.6306
"29051010702","tract",2019,"transportation_rnk",48.7729
"29051010800","tract",2019,"transportation_rnk",47.4738
"29051010900","tract",2019,"transportation_rnk",44.8573
"29051020198","tract",2019,"transportation_rnk",NA
"29051020200","tract",2019,"transportation_rnk",0.3272
"29051020300","tract",2019,"transportation_rnk",3.137
"29051020400","tract",2019,"transportation_rnk",16.9079
"29051020500","tract",2019,"transportation_rnk",6.5674
"29051020600","tract",2019,"transportation_rnk",3.4727
"29051020700","tract",2019,"transportation_rnk",82.1936
"29053950100","tract",2019,"transportation_rnk",29.6928
"29053950200","tract",2019,"transportation_rnk",NA
"29053950300","tract",2019,"transportation_rnk",26.041
"29053950400","tract",2019,"transportation_rnk",50.6714
"29053950500","tract",2019,"transportation_rnk",17.3874
"29055450101","tract",2019,"transportation_rnk",23.4118
"29055450102","tract",2019,"transportation_rnk",23.7912
"29055450200","tract",2019,"transportation_rnk",34.0132
"29055450301","tract",2019,"transportation_rnk",32.6873
"29055450302","tract",2019,"transportation_rnk",43.75
"29055450400","tract",2019,"transportation_rnk",10.119
"29057480100","tract",2019,"transportation_rnk",33.9286
"29057480200","tract",2019,"transportation_rnk",19.5074
"29059480100","tract",2019,"transportation_rnk",55.0891
"29059480200","tract",2019,"transportation_rnk",23.4118
"29059480300","tract",2019,"transportation_rnk",24.8237
"29061470100","tract",2019,"transportation_rnk",59.6522
"29061470200","tract",2019,"transportation_rnk",60.3701
"29063080100","tract",2019,"transportation_rnk",NA
"29063080200","tract",2019,"transportation_rnk",2.8182
"29065960100","tract",2019,"transportation_rnk",16.9079
"29065960200","tract",2019,"transportation_rnk",18.5695
"29065960300","tract",2019,"transportation_rnk",43.2521
"29065960400","tract",2019,"transportation_rnk",9.0386
"29067950100","tract",2019,"transportation_rnk",14.6087
"29067950200","tract",2019,"transportation_rnk",42.4072
"29067950500","tract",2019,"transportation_rnk",8.2924
"29069360100","tract",2019,"transportation_rnk",55.841
"29069360200","tract",2019,"transportation_rnk",21.8136
"29069360300","tract",2019,"transportation_rnk",27.8577
"29069360400","tract",2019,"transportation_rnk",25.4415
"29069360500","tract",2019,"transportation_rnk",62.0162
"29069360600","tract",2019,"transportation_rnk",62.6114
"29069360700","tract",2019,"transportation_rnk",22.1381
"29069360800","tract",2019,"transportation_rnk",17.6456
"29069360900","tract",2019,"transportation_rnk",33.1584
"29069361000","tract",2019,"transportation_rnk",56.6746
"29071800100","tract",2019,"transportation_rnk",2.6151
"29071800201","tract",2019,"transportation_rnk",50.4288
"29071800202","tract",2019,"transportation_rnk",8.851
"29071800300","tract",2019,"transportation_rnk",31.0821
"29071800401","tract",2019,"transportation_rnk",7.1922
"29071800402","tract",2019,"transportation_rnk",11.0147
"29071800500","tract",2019,"transportation_rnk",11.5761
"29071800601","tract",2019,"transportation_rnk",42.5398
"29071800602","tract",2019,"transportation_rnk",22.1381
"29071800701","tract",2019,"transportation_rnk",31.4489
"29071800702","tract",2019,"transportation_rnk",14.5156
"29071800800","tract",2019,"transportation_rnk",21.8912
"29071800901","tract",2019,"transportation_rnk",17.7499
"29071800902","tract",2019,"transportation_rnk",8.4702
"29071801000","tract",2019,"transportation_rnk",15.4282
"29071801101","tract",2019,"transportation_rnk",52.2554
"29071801102","tract",2019,"transportation_rnk",21.8912
"29073960100","tract",2019,"transportation_rnk",34.8666
"29073960200","tract",2019,"transportation_rnk",24.8237
"29073960300","tract",2019,"transportation_rnk",21.6204
"29073960400","tract",2019,"transportation_rnk",39.5974
"29073960500","tract",2019,"transportation_rnk",8.6592
"29075960100","tract",2019,"transportation_rnk",37.7412
"29075960200","tract",2019,"transportation_rnk",32.8425
"29077000100","tract",2019,"transportation_rnk",83.8961
"29077000200","tract",2019,"transportation_rnk",NA
"29077000300","tract",2019,"transportation_rnk",72.454
"29077000400","tract",2019,"transportation_rnk",65.7075
"29077000501","tract",2019,"transportation_rnk",33.1584
"29077000502","tract",2019,"transportation_rnk",85.5746
"29077000600","tract",2019,"transportation_rnk",84.8271
"29077000700","tract",2019,"transportation_rnk",NA
"29077000800","tract",2019,"transportation_rnk",61.3956
"29077000900","tract",2019,"transportation_rnk",79.4008
"29077001000","tract",2019,"transportation_rnk",70.3735
"29077001100","tract",2019,"transportation_rnk",69.6443
"29077001200","tract",2019,"transportation_rnk",73.5683
"29077001301","tract",2019,"transportation_rnk",40.2308
"29077001302","tract",2019,"transportation_rnk",72.2664
"29077001400","tract",2019,"transportation_rnk",71.3044
"29077001500","tract",2019,"transportation_rnk",59.5196
"29077001700","tract",2019,"transportation_rnk",74.457
"29077001800","tract",2019,"transportation_rnk",74.4964
"29077001900","tract",2019,"transportation_rnk",81.3233
"29077002200","tract",2019,"transportation_rnk",75.3696
"29077002300","tract",2019,"transportation_rnk",75.7391
"29077002402","tract",2019,"transportation_rnk",74.4696
"29077002502","tract",2019,"transportation_rnk",77.0424
"29077002600","tract",2019,"transportation_rnk",63.6933
"29077002700","tract",2019,"transportation_rnk",80.3755
"29077002800","tract",2019,"transportation_rnk",22.5612
"29077002900","tract",2019,"transportation_rnk",58.5054
"29077003002","tract",2019,"transportation_rnk",67.0306
"29077003100","tract",2019,"transportation_rnk",71.1987
"29077003200","tract",2019,"transportation_rnk",40.6878
"29077003300","tract",2019,"transportation_rnk",78.3105
"29077003600","tract",2019,"transportation_rnk",71.1507
"29077003700","tract",2019,"transportation_rnk",64.5156
"29077003800","tract",2019,"transportation_rnk",24.9013
"29077003900","tract",2019,"transportation_rnk",61.6241
"29077004001","tract",2019,"transportation_rnk",67.5158
"29077004002","tract",2019,"transportation_rnk",50.8252
"29077004003","tract",2019,"transportation_rnk",59.9611
"29077004101","tract",2019,"transportation_rnk",8.9102
"29077004102","tract",2019,"transportation_rnk",42.6611
"29077004103","tract",2019,"transportation_rnk",54.178
"29077004201","tract",2019,"transportation_rnk",61.799
"29077004202","tract",2019,"transportation_rnk",63.3336
"29077004301","tract",2019,"transportation_rnk",13.304
"29077004302","tract",2019,"transportation_rnk",13.7892
"29077004400","tract",2019,"transportation_rnk",76.7462
"29077004500","tract",2019,"transportation_rnk",7.4137
"29077004600","tract",2019,"transportation_rnk",3.2668
"29077004700","tract",2019,"transportation_rnk",4.2485
"29077004801","tract",2019,"transportation_rnk",12.1163
"29077004802","tract",2019,"transportation_rnk",60.2728
"29077004803","tract",2019,"transportation_rnk",68.4072
"29077004900","tract",2019,"transportation_rnk",10.5704
"29077005001","tract",2019,"transportation_rnk",35.0217
"29077005002","tract",2019,"transportation_rnk",4.5715
"29077005100","tract",2019,"transportation_rnk",5.9637
"29077005200","tract",2019,"transportation_rnk",2.9564
"29077005500","tract",2019,"transportation_rnk",80.8621
"29077005600","tract",2019,"transportation_rnk",71.1253
"29077005700","tract",2019,"transportation_rnk",65.4466
"29077005800","tract",2019,"transportation_rnk",75.8378
"29079960100","tract",2019,"transportation_rnk",38.6256
"29079960200","tract",2019,"transportation_rnk",62.0162
"29079960300","tract",2019,"transportation_rnk",19.8798
"29079960400","tract",2019,"transportation_rnk",71.1719
"29081950100","tract",2019,"transportation_rnk",26.4683
"29081950200","tract",2019,"transportation_rnk",39.5156
"29081950300","tract",2019,"transportation_rnk",51.6277
"29083950100","tract",2019,"transportation_rnk",32.6873
"29083950200","tract",2019,"transportation_rnk",5.8466
"29083950300","tract",2019,"transportation_rnk",25.4415
"29083950400","tract",2019,"transportation_rnk",31.4489
"29083950500","tract",2019,"transportation_rnk",25.0127
"29083950600","tract",2019,"transportation_rnk",65.0135
"29085470100","tract",2019,"transportation_rnk",31.9792
"29085470300","tract",2019,"transportation_rnk",30.8452
"29085470500","tract",2019,"transportation_rnk",38.6256
"29087960100","tract",2019,"transportation_rnk",14.2702
"29087960200","tract",2019,"transportation_rnk",28.3697
"29087960300","tract",2019,"transportation_rnk",30.9975
"29089960100","tract",2019,"transportation_rnk",11.3674
"29089960200","tract",2019,"transportation_rnk",26.4683
"29089960300","tract",2019,"transportation_rnk",51.1891
"29091090100","tract",2019,"transportation_rnk",1.8619
"29091090200","tract",2019,"transportation_rnk",29.1032
"29091090300","tract",2019,"transportation_rnk",33.1584
"29091090400","tract",2019,"transportation_rnk",5.0595
"29091090500","tract",2019,"transportation_rnk",3.4727
"29091090600","tract",2019,"transportation_rnk",30.8452
"29091090700","tract",2019,"transportation_rnk",70.8545
"29091090800","tract",2019,"transportation_rnk",43.8854
"29093950100","tract",2019,"transportation_rnk",28.7322
"29093950200","tract",2019,"transportation_rnk",48.526
"29093950300","tract",2019,"transportation_rnk",17.9206
"29093950400","tract",2019,"transportation_rnk",28.8747
"29095000300","tract",2019,"transportation_rnk",74.7123
"29095000600","tract",2019,"transportation_rnk",77.3838
"29095000700","tract",2019,"transportation_rnk",84.143
"29095000800","tract",2019,"transportation_rnk",77.3161
"29095000900","tract",2019,"transportation_rnk",78.4276
"29095001000","tract",2019,"transportation_rnk",85.6113
"29095001100","tract",2019,"transportation_rnk",76.1044
"29095001800","tract",2019,"transportation_rnk",86.1967
"29095001900","tract",2019,"transportation_rnk",83.212
"29095002000","tract",2019,"transportation_rnk",81.7747
"29095002100","tract",2019,"transportation_rnk",84.3715
"29095002200","tract",2019,"transportation_rnk",83.1613
"29095002300","tract",2019,"transportation_rnk",79.4981
"29095003400","tract",2019,"transportation_rnk",77.4388
"29095003700","tract",2019,"transportation_rnk",82.6224
"29095003800","tract",2019,"transportation_rnk",87.9866
"29095004300","tract",2019,"transportation_rnk",60.2728
"29095004400","tract",2019,"transportation_rnk",74.4273
"29095004600","tract",2019,"transportation_rnk",71.9998
"29095005100","tract",2019,"transportation_rnk",48.6473
"29095005200","tract",2019,"transportation_rnk",89.991
"29095005300","tract",2019,"transportation_rnk",87.9584
"29095005400","tract",2019,"transportation_rnk",87.4591
"29095005500","tract",2019,"transportation_rnk",48.8462
"29095005601","tract",2019,"transportation_rnk",87.7736
"29095005602","tract",2019,"transportation_rnk",82.992
"29095005700","tract",2019,"transportation_rnk",75.1523
"29095005801","tract",2019,"transportation_rnk",90.6666
"29095006000","tract",2019,"transportation_rnk",80.611
"29095006100","tract",2019,"transportation_rnk",79.6166
"29095006300","tract",2019,"transportation_rnk",89.2589
"29095006500","tract",2019,"transportation_rnk",79.3529
"29095006600","tract",2019,"transportation_rnk",65.984
"29095006700","tract",2019,"transportation_rnk",79.7718
"29095006900","tract",2019,"transportation_rnk",79.6984
"29095007100","tract",2019,"transportation_rnk",68.7472
"29095007200","tract",2019,"transportation_rnk",12.6199
"29095007300","tract",2019,"transportation_rnk",79.2725
"29095007400","tract",2019,"transportation_rnk",67.5158
"29095007500","tract",2019,"transportation_rnk",76.4881
"29095007600","tract",2019,"transportation_rnk",75.7053
"29095007700","tract",2019,"transportation_rnk",83.7382
"29095007802","tract",2019,"transportation_rnk",78.5827
"29095007900","tract",2019,"transportation_rnk",80.8494
"29095008000","tract",2019,"transportation_rnk",82.755
"29095008100","tract",2019,"transportation_rnk",69.1802
"29095008200","tract",2019,"transportation_rnk",64.8993
"29095008300","tract",2019,"transportation_rnk",61.2602
"29095008400","tract",2019,"transportation_rnk",38.9176
"29095008500","tract",2019,"transportation_rnk",63.7991
"29095008600","tract",2019,"transportation_rnk",53.9762
"29095008700","tract",2019,"transportation_rnk",86.6142
"29095008800","tract",2019,"transportation_rnk",82.9342
"29095008900","tract",2019,"transportation_rnk",84.6776
"29095009000","tract",2019,"transportation_rnk",69.5328
"29095009100","tract",2019,"transportation_rnk",64.9896
"29095009200","tract",2019,"transportation_rnk",69.9969
"29095009300","tract",2019,"transportation_rnk",56.6238
"29095009400","tract",2019,"transportation_rnk",72.4992
"29095009500","tract",2019,"transportation_rnk",73.4456
"29095009600","tract",2019,"transportation_rnk",75.7673
"29095009700","tract",2019,"transportation_rnk",79.1765
"29095009800","tract",2019,"transportation_rnk",36.0838
"29095009900","tract",2019,"transportation_rnk",63.1051
"29095010001","tract",2019,"transportation_rnk",58.9765
"29095010002","tract",2019,"transportation_rnk",73.9252
"29095010103","tract",2019,"transportation_rnk",70.4031
"29095010105","tract",2019,"transportation_rnk",59.1176
"29095010201","tract",2019,"transportation_rnk",62.5465
"29095010203","tract",2019,"transportation_rnk",49.4979
"29095010204","tract",2019,"transportation_rnk",65.9036
"29095010500","tract",2019,"transportation_rnk",70.0392
"29095010600","tract",2019,"transportation_rnk",50.5572
"29095010702","tract",2019,"transportation_rnk",79.4601
"29095011000","tract",2019,"transportation_rnk",70.6584
"29095011100","tract",2019,"transportation_rnk",35.3081
"29095011200","tract",2019,"transportation_rnk",69.7374
"29095011300","tract",2019,"transportation_rnk",58.0047
"29095011401","tract",2019,"transportation_rnk",25.8844
"29095011405","tract",2019,"transportation_rnk",56.7141
"29095011406","tract",2019,"transportation_rnk",57.9525
"29095011500","tract",2019,"transportation_rnk",71.0082
"29095011600","tract",2019,"transportation_rnk",69.9969
"29095011700","tract",2019,"transportation_rnk",73.2213
"29095011800","tract",2019,"transportation_rnk",54.0595
"29095011900","tract",2019,"transportation_rnk",60.411
"29095012000","tract",2019,"transportation_rnk",23.691
"29095012100","tract",2019,"transportation_rnk",58.6027
"29095012200","tract",2019,"transportation_rnk",55.7323
"29095012300","tract",2019,"transportation_rnk",60.7002
"29095012400","tract",2019,"transportation_rnk",59.6522
"29095012501","tract",2019,"transportation_rnk",53.7534
"29095012502","tract",2019,"transportation_rnk",65.3337
"29095012600","tract",2019,"transportation_rnk",65.6666
"29095012701","tract",2019,"transportation_rnk",47.9026
"29095012802","tract",2019,"transportation_rnk",59.6522
"29095012803","tract",2019,"transportation_rnk",6.889
"29095012804","tract",2019,"transportation_rnk",66.496
"29095012903","tract",2019,"transportation_rnk",64.2773
"29095012904","tract",2019,"transportation_rnk",54.178
"29095012906","tract",2019,"transportation_rnk",65.6356
"29095013003","tract",2019,"transportation_rnk",60.7975
"29095013100","tract",2019,"transportation_rnk",75.4203
"29095013203","tract",2019,"transportation_rnk",80.4065
"29095013208","tract",2019,"transportation_rnk",71.6359
"29095013210","tract",2019,"transportation_rnk",75.7053
"29095013301","tract",2019,"transportation_rnk",69.4242
"29095013307","tract",2019,"transportation_rnk",56.2063
"29095013309","tract",2019,"transportation_rnk",70.4412
"29095013313","tract",2019,"transportation_rnk",57.3107
"29095013401","tract",2019,"transportation_rnk",76.4486
"29095013405","tract",2019,"transportation_rnk",69.6217
"29095013407","tract",2019,"transportation_rnk",67.1618
"29095013408","tract",2019,"transportation_rnk",76.4486
"29095013410","tract",2019,"transportation_rnk",32.6873
"29095013416","tract",2019,"transportation_rnk",16.9079
"29095013502","tract",2019,"transportation_rnk",5.8466
"29095013504","tract",2019,"transportation_rnk",9.1063
"29095013606","tract",2019,"transportation_rnk",1.7773
"29095013608","tract",2019,"transportation_rnk",20.8813
"29095013612","tract",2019,"transportation_rnk",13.0741
"29095013703","tract",2019,"transportation_rnk",22.313
"29095013704","tract",2019,"transportation_rnk",8.0583
"29095013801","tract",2019,"transportation_rnk",5.3191
"29095013802","tract",2019,"transportation_rnk",12.3152
"29095013901","tract",2019,"transportation_rnk",15.747
"29095013902","tract",2019,"transportation_rnk",13.5466
"29095013904","tract",2019,"transportation_rnk",6.336
"29095013916","tract",2019,"transportation_rnk",4.2993
"29095014002","tract",2019,"transportation_rnk",11.2136
"29095014004","tract",2019,"transportation_rnk",37.6552
"29095014005","tract",2019,"transportation_rnk",11.3674
"29095014006","tract",2019,"transportation_rnk",52.5559
"29095014007","tract",2019,"transportation_rnk",58.5054
"29095014101","tract",2019,"transportation_rnk",63.4817
"29095014105","tract",2019,"transportation_rnk",50.3061
"29095014108","tract",2019,"transportation_rnk",68.3339
"29095014111","tract",2019,"transportation_rnk",12.9189
"29095014112","tract",2019,"transportation_rnk",12.2489
"29095014114","tract",2019,"transportation_rnk",64.0276
"29095014120","tract",2019,"transportation_rnk",4.0172
"29095014203","tract",2019,"transportation_rnk",45.7332
"29095014204","tract",2019,"transportation_rnk",49.0423
"29095014300","tract",2019,"transportation_rnk",10.198
"29095014400","tract",2019,"transportation_rnk",32.614
"29095014501","tract",2019,"transportation_rnk",18.3508
"29095014502","tract",2019,"transportation_rnk",15.5143
"29095014601","tract",2019,"transportation_rnk",55.9411
"29095014603","tract",2019,"transportation_rnk",53.1567
"29095014604","tract",2019,"transportation_rnk",70.0914
"29095014701","tract",2019,"transportation_rnk",7.4715
"29095014702","tract",2019,"transportation_rnk",39.9402
"29095014804","tract",2019,"transportation_rnk",4.9523
"29095014806","tract",2019,"transportation_rnk",52.1355
"29095014902","tract",2019,"transportation_rnk",20.4116
"29095014903","tract",2019,"transportation_rnk",0.5205
"29095014904","tract",2019,"transportation_rnk",49.4598
"29095014905","tract",2019,"transportation_rnk",3.1934
"29095015000","tract",2019,"transportation_rnk",23.0817
"29095015100","tract",2019,"transportation_rnk",65.0135
"29095015200","tract",2019,"transportation_rnk",60.3193
"29095015300","tract",2019,"transportation_rnk",71.6486
"29095015400","tract",2019,"transportation_rnk",91.386
"29095015500","tract",2019,"transportation_rnk",47.8433
"29095015600","tract",2019,"transportation_rnk",24.1932
"29095015700","tract",2019,"transportation_rnk",85.0147
"29095015800","tract",2019,"transportation_rnk",80.1343
"29095015900","tract",2019,"transportation_rnk",NA
"29095016000","tract",2019,"transportation_rnk",86.593
"29095016100","tract",2019,"transportation_rnk",66.496
"29095016200","tract",2019,"transportation_rnk",74.7489
"29095016300","tract",2019,"transportation_rnk",54.9015
"29095016400","tract",2019,"transportation_rnk",85.8229
"29095016500","tract",2019,"transportation_rnk",79.8747
"29095016600","tract",2019,"transportation_rnk",63.3773
"29095016700","tract",2019,"transportation_rnk",79.8254
"29095016800","tract",2019,"transportation_rnk",76.12
"29095016900","tract",2019,"transportation_rnk",85.4463
"29095017000","tract",2019,"transportation_rnk",53.7534
"29095017100","tract",2019,"transportation_rnk",76.3287
"29095017200","tract",2019,"transportation_rnk",69.5681
"29095017300","tract",2019,"transportation_rnk",57.5519
"29095017400","tract",2019,"transportation_rnk",74.9859
"29095017500","tract",2019,"transportation_rnk",47.5358
"29095017600","tract",2019,"transportation_rnk",46.1563
"29095017700","tract",2019,"transportation_rnk",44.695
"29095017800","tract",2019,"transportation_rnk",88.0332
"29095017900","tract",2019,"transportation_rnk",32.542
"29095018000","tract",2019,"transportation_rnk",29.1032
"29095018100","tract",2019,"transportation_rnk",17.1477
"29095018200","tract",2019,"transportation_rnk",4.0172
"29095018500","tract",2019,"transportation_rnk",5.5899
"29095018600","tract",2019,"transportation_rnk",4.0172
"29095019300","tract",2019,"transportation_rnk",51.7575
"29095980101","tract",2019,"transportation_rnk",NA
"29095980802","tract",2019,"transportation_rnk",NA
"29095988300","tract",2019,"transportation_rnk",NA
"29095989100","tract",2019,"transportation_rnk",NA
"29095989200","tract",2019,"transportation_rnk",NA
"29097010100","tract",2019,"transportation_rnk",74.1142
"29097010200","tract",2019,"transportation_rnk",39.3619
"29097010300","tract",2019,"transportation_rnk",32.8425
"29097010400","tract",2019,"transportation_rnk",47.9674
"29097010500","tract",2019,"transportation_rnk",51.8506
"29097010600","tract",2019,"transportation_rnk",55.0891
"29097010700","tract",2019,"transportation_rnk",41.496
"29097010800","tract",2019,"transportation_rnk",71.8292
"29097010900","tract",2019,"transportation_rnk",48.6939
"29097011000","tract",2019,"transportation_rnk",75.316
"29097011100","tract",2019,"transportation_rnk",51.6277
"29097011200","tract",2019,"transportation_rnk",42.8473
"29097011300","tract",2019,"transportation_rnk",8.4081
"29097011400","tract",2019,"transportation_rnk",46.3665
"29097011500","tract",2019,"transportation_rnk",11.6523
"29097011600","tract",2019,"transportation_rnk",72.124
"29097011700","tract",2019,"transportation_rnk",69.3156
"29097011800","tract",2019,"transportation_rnk",57.1259
"29097011900","tract",2019,"transportation_rnk",1.9113
"29097012000","tract",2019,"transportation_rnk",7.7212
"29097012100","tract",2019,"transportation_rnk",3.0651
"29097012200","tract",2019,"transportation_rnk",5.2782
"29099700107","tract",2019,"transportation_rnk",17.836
"29099700109","tract",2019,"transportation_rnk",43.4496
"29099700110","tract",2019,"transportation_rnk",51.8506
"29099700111","tract",2019,"transportation_rnk",52.3612
"29099700113","tract",2019,"transportation_rnk",3.5489
"29099700114","tract",2019,"transportation_rnk",13.225
"29099700115","tract",2019,"transportation_rnk",40.7569
"29099700116","tract",2019,"transportation_rnk",9.8595
"29099700117","tract",2019,"transportation_rnk",42.4072
"29099700118","tract",2019,"transportation_rnk",62.4972
"29099700119","tract",2019,"transportation_rnk",29.2118
"29099700203","tract",2019,"transportation_rnk",48.2933
"29099700206","tract",2019,"transportation_rnk",53.5968
"29099700207","tract",2019,"transportation_rnk",41.3253
"29099700208","tract",2019,"transportation_rnk",48.1113
"29099700209","tract",2019,"transportation_rnk",10.4195
"29099700210","tract",2019,"transportation_rnk",31.6097
"29099700211","tract",2019,"transportation_rnk",18.8332
"29099700302","tract",2019,"transportation_rnk",4.8296
"29099700303","tract",2019,"transportation_rnk",44.0575
"29099700304","tract",2019,"transportation_rnk",63.0586
"29099700401","tract",2019,"transportation_rnk",14.8739
"29099700402","tract",2019,"transportation_rnk",3.4346
"29099700502","tract",2019,"transportation_rnk",6.5109
"29099700503","tract",2019,"transportation_rnk",27.2484
"29099700504","tract",2019,"transportation_rnk",9.3066
"29099700601","tract",2019,"transportation_rnk",10.198
"29099700603","tract",2019,"transportation_rnk",37.5776
"29099700604","tract",2019,"transportation_rnk",5.1738
"29099700605","tract",2019,"transportation_rnk",35.2319
"29099700700","tract",2019,"transportation_rnk",46.4455
"29099700801","tract",2019,"transportation_rnk",45.6796
"29099700802","tract",2019,"transportation_rnk",29.0186
"29099700900","tract",2019,"transportation_rnk",47.4738
"29099701000","tract",2019,"transportation_rnk",22.8179
"29099701101","tract",2019,"transportation_rnk",1.0946
"29099701102","tract",2019,"transportation_rnk",29.3514
"29099701200","tract",2019,"transportation_rnk",19.8798
"29099701300","tract",2019,"transportation_rnk",15.5143
"29099701401","tract",2019,"transportation_rnk",19.5074
"29099701403","tract",2019,"transportation_rnk",3.3979
"29099701404","tract",2019,"transportation_rnk",4.6279
"29101960100","tract",2019,"transportation_rnk",6.3896
"29101960200","tract",2019,"transportation_rnk",27.0523
"29101960300","tract",2019,"transportation_rnk",4.405
"29101960400","tract",2019,"transportation_rnk",NA
"29101960500","tract",2019,"transportation_rnk",14.1291
"29101960600","tract",2019,"transportation_rnk",51.3047
"29101960700","tract",2019,"transportation_rnk",8.717
"29101960900","tract",2019,"transportation_rnk",23.6149
"29101980000","tract",2019,"transportation_rnk",35.4519
"29103960100","tract",2019,"transportation_rnk",19.609
"29103960200","tract",2019,"transportation_rnk",28.8747
"29105960100","tract",2019,"transportation_rnk",21.1479
"29105960298","tract",2019,"transportation_rnk",13.8879
"29105960300","tract",2019,"transportation_rnk",0.6347
"29105960400","tract",2019,"transportation_rnk",31.3219
"29105960500","tract",2019,"transportation_rnk",36.1586
"29105960600","tract",2019,"transportation_rnk",47.6769
"29107090100","tract",2019,"transportation_rnk",17.1477
"29107090200","tract",2019,"transportation_rnk",43.4496
"29107090300","tract",2019,"transportation_rnk",10.0372
"29107090400","tract",2019,"transportation_rnk",26.4683
"29107090500","tract",2019,"transportation_rnk",37.2955
"29107090601","tract",2019,"transportation_rnk",22.2396
"29107090602","tract",2019,"transportation_rnk",12.9965
"29109470100","tract",2019,"transportation_rnk",12.6932
"29109470200","tract",2019,"transportation_rnk",25.6305
"29109470300","tract",2019,"transportation_rnk",28.8747
"29109470400","tract",2019,"transportation_rnk",1.986
"29109470500","tract",2019,"transportation_rnk",16.4255
"29109470601","tract",2019,"transportation_rnk",52.0805
"29109470602","tract",2019,"transportation_rnk",51.5473
"29111970100","tract",2019,"transportation_rnk",56.2697
"29111970200","tract",2019,"transportation_rnk",40.9459
"29111970300","tract",2019,"transportation_rnk",15.747
"29111970400","tract",2019,"transportation_rnk",50.6714
"29113810100","tract",2019,"transportation_rnk",38.5353
"29113810201","tract",2019,"transportation_rnk",32.243
"29113810202","tract",2019,"transportation_rnk",14.5156
"29113810301","tract",2019,"transportation_rnk",25.3583
"29113810303","tract",2019,"transportation_rnk",10.7213
"29113810304","tract",2019,"transportation_rnk",10.119
"29113810400","tract",2019,"transportation_rnk",15.8542
"29115490100","tract",2019,"transportation_rnk",12.4661
"29115490200","tract",2019,"transportation_rnk",16.2618
"29115490300","tract",2019,"transportation_rnk",29.8494
"29115490400","tract",2019,"transportation_rnk",45.8813
"29115490500","tract",2019,"transportation_rnk",5.4601
"29117480100","tract",2019,"transportation_rnk",5.2246
"29117480200","tract",2019,"transportation_rnk",7.1922
"29117480300","tract",2019,"transportation_rnk",22.8179
"29117480400","tract",2019,"transportation_rnk",40.2308
"29117480500","tract",2019,"transportation_rnk",61.916
"29119070100","tract",2019,"transportation_rnk",31.3911
"29119070200","tract",2019,"transportation_rnk",22.4794
"29119070300","tract",2019,"transportation_rnk",47.6106
"29119070400","tract",2019,"transportation_rnk",18.2676
"29121960100","tract",2019,"transportation_rnk",19.5074
"29121960200","tract",2019,"transportation_rnk",55.1865
"29121960300","tract",2019,"transportation_rnk",11.0711
"29121960400","tract",2019,"transportation_rnk",69.2183
"29121960500","tract",2019,"transportation_rnk",67.9009
"29123960100","tract",2019,"transportation_rnk",34.6578
"29123960200","tract",2019,"transportation_rnk",34.5718
"29123960300","tract",2019,"transportation_rnk",20.6486
"29125880100","tract",2019,"transportation_rnk",48.3469
"29125880298","tract",2019,"transportation_rnk",38.5353
"29125880300","tract",2019,"transportation_rnk",42.0052
"29127960100","tract",2019,"transportation_rnk",3.3641
"29127960200","tract",2019,"transportation_rnk",11.5761
"29127960300","tract",2019,"transportation_rnk",20.0688
"29127960400","tract",2019,"transportation_rnk",46.7191
"29127960500","tract",2019,"transportation_rnk",40.4325
"29127960600","tract",2019,"transportation_rnk",1.7773
"29127960800","tract",2019,"transportation_rnk",47.9674
"29127960900","tract",2019,"transportation_rnk",12.4013
"29129470100","tract",2019,"transportation_rnk",30.6618
"29129470200","tract",2019,"transportation_rnk",56.037
"29131962500","tract",2019,"transportation_rnk",11.964
"29131962600","tract",2019,"transportation_rnk",2.3217
"29131962700","tract",2019,"transportation_rnk",18.3508
"29131962800","tract",2019,"transportation_rnk",26.041
"29131962900","tract",2019,"transportation_rnk",50.031
"29133950100","tract",2019,"transportation_rnk",NA
"29133950200","tract",2019,"transportation_rnk",54.965
"29133950300","tract",2019,"transportation_rnk",29.1032
"29133950400","tract",2019,"transportation_rnk",76.1707
"29135385100","tract",2019,"transportation_rnk",13.304
"29135385200","tract",2019,"transportation_rnk",16.1659
"29135385300","tract",2019,"transportation_rnk",74.5768
"29135385400","tract",2019,"transportation_rnk",30.9185
"29137960100","tract",2019,"transportation_rnk",36.2362
"29137960200","tract",2019,"transportation_rnk",44.8573
"29137960300","tract",2019,"transportation_rnk",34.9456
"29139970100","tract",2019,"transportation_rnk",34.2911
"29139970200","tract",2019,"transportation_rnk",23.8772
"29139970300","tract",2019,"transportation_rnk",33.9286
"29139970400","tract",2019,"transportation_rnk",10.6395
"29141470100","tract",2019,"transportation_rnk",64.2773
"29141470200","tract",2019,"transportation_rnk",34.7213
"29141470300","tract",2019,"transportation_rnk",56.4277
"29141470400","tract",2019,"transportation_rnk",20.9702
"29141470500","tract",2019,"transportation_rnk",57.0244
"29143960100","tract",2019,"transportation_rnk",24.1128
"29143960200","tract",2019,"transportation_rnk",29.4389
"29143960300","tract",2019,"transportation_rnk",36.3815
"29143960400","tract",2019,"transportation_rnk",31.9115
"29143960500","tract",2019,"transportation_rnk",18.7444
"29143960600","tract",2019,"transportation_rnk",42.1618
"29145020100","tract",2019,"transportation_rnk",37.2955
"29145020200","tract",2019,"transportation_rnk",19.8798
"29145020300","tract",2019,"transportation_rnk",32.614
"29145020400","tract",2019,"transportation_rnk",12.4013
"29145020501","tract",2019,"transportation_rnk",53.2216
"29145020502","tract",2019,"transportation_rnk",47.2171
"29145020601","tract",2019,"transportation_rnk",2.5192
"29145020602","tract",2019,"transportation_rnk",2.4684
"29145020700","tract",2019,"transportation_rnk",3.7195
"29145020800","tract",2019,"transportation_rnk",25.4415
"29145020900","tract",2019,"transportation_rnk",23.691
"29145021000","tract",2019,"transportation_rnk",28.5616
"29147470100","tract",2019,"transportation_rnk",17.6456
"29147470200","tract",2019,"transportation_rnk",4.9072
"29147470300","tract",2019,"transportation_rnk",32.4659
"29147470400","tract",2019,"transportation_rnk",38.1883
"29147470500","tract",2019,"transportation_rnk",8.4702
"29149480100","tract",2019,"transportation_rnk",4.4601
"29149480200","tract",2019,"transportation_rnk",16.2618
"29149480300","tract",2019,"transportation_rnk",42.8473
"29151490100","tract",2019,"transportation_rnk",22.313
"29151490200","tract",2019,"transportation_rnk",8.851
"29151490300","tract",2019,"transportation_rnk",10.5704
"29151490400","tract",2019,"transportation_rnk",33.7508
"29153470100","tract",2019,"transportation_rnk",51.8012
"29153470200","tract",2019,"transportation_rnk",46.9829
"29155470100","tract",2019,"transportation_rnk",22.1381
"29155470200","tract",2019,"transportation_rnk",31.9115
"29155470300","tract",2019,"transportation_rnk",20.4962
"29155470400","tract",2019,"transportation_rnk",57.7564
"29155470500","tract",2019,"transportation_rnk",9.9766
"29155470600","tract",2019,"transportation_rnk",27.7773
"29157470100","tract",2019,"transportation_rnk",3.3429
"29157470200","tract",2019,"transportation_rnk",12.6932
"29157470300","tract",2019,"transportation_rnk",15.6708
"29157470400","tract",2019,"transportation_rnk",31.6097
"29157470500","tract",2019,"transportation_rnk",2.0862
"29159480100","tract",2019,"transportation_rnk",7.0286
"29159480200","tract",2019,"transportation_rnk",3.8564
"29159480300","tract",2019,"transportation_rnk",18.5695
"29159480400","tract",2019,"transportation_rnk",1.2215
"29159480500","tract",2019,"transportation_rnk",24.1128
"29159480600","tract",2019,"transportation_rnk",51.1355
"29159480700","tract",2019,"transportation_rnk",39.3026
"29159480800","tract",2019,"transportation_rnk",22.0591
"29159480900","tract",2019,"transportation_rnk",47.1099
"29159481000","tract",2019,"transportation_rnk",6.3896
"29159481100","tract",2019,"transportation_rnk",31.8227
"29161890100","tract",2019,"transportation_rnk",10.356
"29161890200","tract",2019,"transportation_rnk",4.6279
"29161890300","tract",2019,"transportation_rnk",42.6061
"29161890400","tract",2019,"transportation_rnk",NA
"29161890500","tract",2019,"transportation_rnk",5.8466
"29161890600","tract",2019,"transportation_rnk",21.9716
"29161890700","tract",2019,"transportation_rnk",11.1558
"29161890800","tract",2019,"transportation_rnk",34.7946
"29161890900","tract",2019,"transportation_rnk",33.7508
"29161891000","tract",2019,"transportation_rnk",19.7867
"29163460100","tract",2019,"transportation_rnk",30.9975
"29163460200","tract",2019,"transportation_rnk",2.8986
"29163460300","tract",2019,"transportation_rnk",NA
"29163460400","tract",2019,"transportation_rnk",23.691
"29163460500","tract",2019,"transportation_rnk",46.9829
"29165030001","tract",2019,"transportation_rnk",64.3661
"29165030002","tract",2019,"transportation_rnk",39.7371
"29165030101","tract",2019,"transportation_rnk",10.8582
"29165030102","tract",2019,"transportation_rnk",49.6248
"29165030103","tract",2019,"transportation_rnk",53.1116
"29165030201","tract",2019,"transportation_rnk",9.5732
"29165030205","tract",2019,"transportation_rnk",64.5156
"29165030207","tract",2019,"transportation_rnk",58.8975
"29165030208","tract",2019,"transportation_rnk",2.0579
"29165030209","tract",2019,"transportation_rnk",53.9226
"29165030210","tract",2019,"transportation_rnk",65.7569
"29165030211","tract",2019,"transportation_rnk",47.4145
"29165030305","tract",2019,"transportation_rnk",63.6538
"29165030306","tract",2019,"transportation_rnk",47.2171
"29165030307","tract",2019,"transportation_rnk",NA
"29165030308","tract",2019,"transportation_rnk",26.9592
"29165030401","tract",2019,"transportation_rnk",6.1132
"29165030500","tract",2019,"transportation_rnk",36.3815
"29165030600","tract",2019,"transportation_rnk",10.9301
"29165030700","tract",2019,"transportation_rnk",6.8396
"29167960100","tract",2019,"transportation_rnk",42.0052
"29167960200","tract",2019,"transportation_rnk",38.6975
"29167960300","tract",2019,"transportation_rnk",29.5278
"29167960400","tract",2019,"transportation_rnk",34.8666
"29169470101","tract",2019,"transportation_rnk",30.02
"29169470102","tract",2019,"transportation_rnk",24.9013
"29169470286","tract",2019,"transportation_rnk",12.0529
"29169470287","tract",2019,"transportation_rnk",11.8907
"29169470389","tract",2019,"transportation_rnk",NA
"29169470390","tract",2019,"transportation_rnk",17.4495
"29169470400","tract",2019,"transportation_rnk",20.4116
"29169470500","tract",2019,"transportation_rnk",8.9102
"29169470600","tract",2019,"transportation_rnk",60.0499
"29171960100","tract",2019,"transportation_rnk",24.7503
"29171960200","tract",2019,"transportation_rnk",44.4355
"29173470100","tract",2019,"transportation_rnk",0.6897
"29173470200","tract",2019,"transportation_rnk",16.3394
"29173470300","tract",2019,"transportation_rnk",15.0474
"29175490100","tract",2019,"transportation_rnk",5.5899
"29175490200","tract",2019,"transportation_rnk",8.717
"29175490300","tract",2019,"transportation_rnk",25.3583
"29175490400","tract",2019,"transportation_rnk",23.0817
"29175490500","tract",2019,"transportation_rnk",35.9371
"29175490600","tract",2019,"transportation_rnk",1.3753
"29177080000","tract",2019,"transportation_rnk",3.4346
"29177080100","tract",2019,"transportation_rnk",22.3863
"29177080200","tract",2019,"transportation_rnk",44.2324
"29177080300","tract",2019,"transportation_rnk",10.8582
"29179380100","tract",2019,"transportation_rnk",39.6637
"29179380200","tract",2019,"transportation_rnk",12.4013
"29181870100","tract",2019,"transportation_rnk",42.4749
"29181870200","tract",2019,"transportation_rnk",17.3874
"29181870300","tract",2019,"transportation_rnk",40.6878
"29181870400","tract",2019,"transportation_rnk",36.2954
"29183310100","tract",2019,"transportation_rnk",9.1063
"29183310201","tract",2019,"transportation_rnk",44.2324
"29183310202","tract",2019,"transportation_rnk",40.6878
"29183310301","tract",2019,"transportation_rnk",43.4496
"29183310302","tract",2019,"transportation_rnk",45.0251
"29183310400","tract",2019,"transportation_rnk",59.6522
"29183310501","tract",2019,"transportation_rnk",NA
"29183310502","tract",2019,"transportation_rnk",52.4994
"29183310601","tract",2019,"transportation_rnk",NA
"29183310602","tract",2019,"transportation_rnk",35.4519
"29183310700","tract",2019,"transportation_rnk",54.9015
"29183310801","tract",2019,"transportation_rnk",8.851
"29183310802","tract",2019,"transportation_rnk",52.0805
"29183310901","tract",2019,"transportation_rnk",38.5353
"29183310902","tract",2019,"transportation_rnk",40.5665
"29183310903","tract",2019,"transportation_rnk",50.8858
"29183311001","tract",2019,"transportation_rnk",48.1833
"29183311003","tract",2019,"transportation_rnk",32.1598
"29183311004","tract",2019,"transportation_rnk",44.3029
"29183311103","tract",2019,"transportation_rnk",40.2985
"29183311114","tract",2019,"transportation_rnk",34.6578
"29183311122","tract",2019,"transportation_rnk",41.0192
"29183311124","tract",2019,"transportation_rnk",5.4601
"29183311132","tract",2019,"transportation_rnk",2.357
"29183311145","tract",2019,"transportation_rnk",31.7564
"29183311146","tract",2019,"transportation_rnk",39.3026
"29183311147","tract",2019,"transportation_rnk",32.3121
"29183311148","tract",2019,"transportation_rnk",36.0133
"29183311149","tract",2019,"transportation_rnk",44.5554
"29183311150","tract",2019,"transportation_rnk",29.9425
"29183311151","tract",2019,"transportation_rnk",27.0523
"29183311152","tract",2019,"transportation_rnk",37.6552
"29183311153","tract",2019,"transportation_rnk",6.5674
"29183311154","tract",2019,"transportation_rnk",35.9371
"29183311203","tract",2019,"transportation_rnk",41.0192
"29183311211","tract",2019,"transportation_rnk",45.2127
"29183311212","tract",2019,"transportation_rnk",35.1628
"29183311221","tract",2019,"transportation_rnk",44.0575
"29183311294","tract",2019,"transportation_rnk",34.0132
"29183311296","tract",2019,"transportation_rnk",36.1586
"29183311311","tract",2019,"transportation_rnk",43.8163
"29183311312","tract",2019,"transportation_rnk",41.496
"29183311322","tract",2019,"transportation_rnk",31.8227
"29183311331","tract",2019,"transportation_rnk",41.101
"29183311391","tract",2019,"transportation_rnk",41.5693
"29183311422","tract",2019,"transportation_rnk",22.5612
"29183311500","tract",2019,"transportation_rnk",34.2135
"29183311601","tract",2019,"transportation_rnk",7.1922
"29183311602","tract",2019,"transportation_rnk",47.265
"29183311712","tract",2019,"transportation_rnk",43.5793
"29183311721","tract",2019,"transportation_rnk",36.83
"29183311722","tract",2019,"transportation_rnk",19.4412
"29183311732","tract",2019,"transportation_rnk",37.0797
"29183311733","tract",2019,"transportation_rnk",19.2789
"29183311734","tract",2019,"transportation_rnk",15.3535
"29183311735","tract",2019,"transportation_rnk",45.3665
"29183311736","tract",2019,"transportation_rnk",19.018
"29183311801","tract",2019,"transportation_rnk",6.9595
"29183311802","tract",2019,"transportation_rnk",40.0164
"29183311903","tract",2019,"transportation_rnk",35.5916
"29183311904","tract",2019,"transportation_rnk",15.5975
"29183311907","tract",2019,"transportation_rnk",51.1891
"29183311908","tract",2019,"transportation_rnk",16.0108
"29183311909","tract",2019,"transportation_rnk",33.1584
"29183312001","tract",2019,"transportation_rnk",2.2371
"29183312094","tract",2019,"transportation_rnk",2.8182
"29183312095","tract",2019,"transportation_rnk",39.8048
"29183312096","tract",2019,"transportation_rnk",32.8425
"29183312097","tract",2019,"transportation_rnk",0.6432
"29183312192","tract",2019,"transportation_rnk",2.9564
"29183312193","tract",2019,"transportation_rnk",10.0372
"29183312194","tract",2019,"transportation_rnk",36.6875
"29183312195","tract",2019,"transportation_rnk",48.1113
"29183312204","tract",2019,"transportation_rnk",10.198
"29183312205","tract",2019,"transportation_rnk",20.6486
"29183312206","tract",2019,"transportation_rnk",6.7183
"29183312300","tract",2019,"transportation_rnk",2.1383
"29183312400","tract",2019,"transportation_rnk",49.7898
"29183980000","tract",2019,"transportation_rnk",NA
"29185480100","tract",2019,"transportation_rnk",28.6476
"29185480200","tract",2019,"transportation_rnk",40.2308
"29185480300","tract",2019,"transportation_rnk",47.3454
"29186960100","tract",2019,"transportation_rnk",16.819
"29186960200","tract",2019,"transportation_rnk",38.4676
"29186960300","tract",2019,"transportation_rnk",3.5742
"29186960400","tract",2019,"transportation_rnk",18.4891
"29187950101","tract",2019,"transportation_rnk",40.0164
"29187950102","tract",2019,"transportation_rnk",14.9656
"29187950300","tract",2019,"transportation_rnk",NA
"29187950400","tract",2019,"transportation_rnk",15.747
"29187950600","tract",2019,"transportation_rnk",13.4056
"29187950700","tract",2019,"transportation_rnk",10.7213
"29187950800","tract",2019,"transportation_rnk",20.2564
"29187950901","tract",2019,"transportation_rnk",33.6704
"29187950902","tract",2019,"transportation_rnk",NA
"29187951000","tract",2019,"transportation_rnk",17.544
"29187951100","tract",2019,"transportation_rnk",36.2954
"29189210100","tract",2019,"transportation_rnk",54.7097
"29189210200","tract",2019,"transportation_rnk",81.6224
"29189210300","tract",2019,"transportation_rnk",84.0047
"29189210400","tract",2019,"transportation_rnk",78.0989
"29189210501","tract",2019,"transportation_rnk",77.8182
"29189210502","tract",2019,"transportation_rnk",85.5577
"29189210600","tract",2019,"transportation_rnk",77.1327
"29189210702","tract",2019,"transportation_rnk",85.325
"29189210703","tract",2019,"transportation_rnk",75.7053
"29189210704","tract",2019,"transportation_rnk",75.8068
"29189210803","tract",2019,"transportation_rnk",50.3766
"29189210804","tract",2019,"transportation_rnk",54.2358
"29189210805","tract",2019,"transportation_rnk",72.9674
"29189210806","tract",2019,"transportation_rnk",55.281
"29189210912","tract",2019,"transportation_rnk",33.583
"29189210921","tract",2019,"transportation_rnk",43.9898
"29189210923","tract",2019,"transportation_rnk",45.2804
"29189210924","tract",2019,"transportation_rnk",46.8475
"29189210925","tract",2019,"transportation_rnk",35.0838
"29189210926","tract",2019,"transportation_rnk",43.2521
"29189210927","tract",2019,"transportation_rnk",33.1584
"29189210928","tract",2019,"transportation_rnk",45.4285
"29189211000","tract",2019,"transportation_rnk",65.2477
"29189211101","tract",2019,"transportation_rnk",74.3131
"29189211102","tract",2019,"transportation_rnk",66.496
"29189211201","tract",2019,"transportation_rnk",37.1657
"29189211202","tract",2019,"transportation_rnk",56.037
"29189211301","tract",2019,"transportation_rnk",48.1833
"29189211331","tract",2019,"transportation_rnk",38.3745
"29189211332","tract",2019,"transportation_rnk",39.4225
"29189211333","tract",2019,"transportation_rnk",45.0801
"29189211334","tract",2019,"transportation_rnk",49.0423
"29189211401","tract",2019,"transportation_rnk",53.5277
"29189211402","tract",2019,"transportation_rnk",38.2574
"29189211500","tract",2019,"transportation_rnk",80.3755
"29189211600","tract",2019,"transportation_rnk",63.4154
"29189211700","tract",2019,"transportation_rnk",46.5132
"29189211801","tract",2019,"transportation_rnk",88.7949
"29189211802","tract",2019,"transportation_rnk",78.9523
"29189211900","tract",2019,"transportation_rnk",90.7682
"29189212001","tract",2019,"transportation_rnk",74.6333
"29189212002","tract",2019,"transportation_rnk",75.0437
"29189212101","tract",2019,"transportation_rnk",72.7728
"29189212102","tract",2019,"transportation_rnk",82.1471
"29189212200","tract",2019,"transportation_rnk",84.8595
"29189212300","tract",2019,"transportation_rnk",73.8829
"29189212400","tract",2019,"transportation_rnk",55.9411
"29189212500","tract",2019,"transportation_rnk",76.9296
"29189212600","tract",2019,"transportation_rnk",68.3043
"29189212700","tract",2019,"transportation_rnk",63.9839
"29189213101","tract",2019,"transportation_rnk",60.6494
"29189213102","tract",2019,"transportation_rnk",86.8103
"29189213202","tract",2019,"transportation_rnk",51.5473
"29189213203","tract",2019,"transportation_rnk",3.4346
"29189213204","tract",2019,"transportation_rnk",38.7779
"29189213300","tract",2019,"transportation_rnk",75.9338
"29189213400","tract",2019,"transportation_rnk",73.3187
"29189213500","tract",2019,"transportation_rnk",56.8932
"29189213600","tract",2019,"transportation_rnk",90.022
"29189213700","tract",2019,"transportation_rnk",76.2116
"29189213800","tract",2019,"transportation_rnk",81.7296
"29189213900","tract",2019,"transportation_rnk",73.7545
"29189214100","tract",2019,"transportation_rnk",80.9115
"29189214200","tract",2019,"transportation_rnk",85.1021
"29189214300","tract",2019,"transportation_rnk",75.1326
"29189214400","tract",2019,"transportation_rnk",62.4182
"29189214500","tract",2019,"transportation_rnk",70.5809
"29189214601","tract",2019,"transportation_rnk",57.0681
"29189214602","tract",2019,"transportation_rnk",74.3399
"29189214700","tract",2019,"transportation_rnk",70.9631
"29189214800","tract",2019,"transportation_rnk",60.5493
"29189214900","tract",2019,"transportation_rnk",51.4839
"29189215001","tract",2019,"transportation_rnk",42.6611
"29189215003","tract",2019,"transportation_rnk",46.4455
"29189215004","tract",2019,"transportation_rnk",45.0801
"29189215005","tract",2019,"transportation_rnk",48.2933
"29189215102","tract",2019,"transportation_rnk",31.6097
"29189215103","tract",2019,"transportation_rnk",31.6097
"29189215105","tract",2019,"transportation_rnk",38.1883
"29189215141","tract",2019,"transportation_rnk",41.2435
"29189215142","tract",2019,"transportation_rnk",17.544
"29189215143","tract",2019,"transportation_rnk",27.7773
"29189215144","tract",2019,"transportation_rnk",43.5793
"29189215201","tract",2019,"transportation_rnk",41.7217
"29189215202","tract",2019,"transportation_rnk",34.4956
"29189215231","tract",2019,"transportation_rnk",47.6769
"29189215232","tract",2019,"transportation_rnk",43.3931
"29189215301","tract",2019,"transportation_rnk",49.677
"29189215302","tract",2019,"transportation_rnk",0.7857
"29189215400","tract",2019,"transportation_rnk",30.02
"29189215500","tract",2019,"transportation_rnk",50.6206
"29189215600","tract",2019,"transportation_rnk",59.8778
"29189215700","tract",2019,"transportation_rnk",72.0718
"29189215800","tract",2019,"transportation_rnk",47.7248
"29189215900","tract",2019,"transportation_rnk",75.4415
"29189216000","tract",2019,"transportation_rnk",63.9105
"29189216100","tract",2019,"transportation_rnk",90.4311
"29189216200","tract",2019,"transportation_rnk",67.2915
"29189216300","tract",2019,"transportation_rnk",NA
"29189216400","tract",2019,"transportation_rnk",68.7472
"29189216500","tract",2019,"transportation_rnk",59.9216
"29189216600","tract",2019,"transportation_rnk",18.2676
"29189216700","tract",2019,"transportation_rnk",56.5138
"29189216800","tract",2019,"transportation_rnk",59.8468
"29189216900","tract",2019,"transportation_rnk",73.2481
"29189217000","tract",2019,"transportation_rnk",76.1947
"29189217200","tract",2019,"transportation_rnk",67.4283
"29189217300","tract",2019,"transportation_rnk",51.5473
"29189217400","tract",2019,"transportation_rnk",40.2308
"29189217500","tract",2019,"transportation_rnk",23.0817
"29189217600","tract",2019,"transportation_rnk",40.8161
"29189217701","tract",2019,"transportation_rnk",41.3747
"29189217702","tract",2019,"transportation_rnk",28.6476
"29189217802","tract",2019,"transportation_rnk",33.9286
"29189217806","tract",2019,"transportation_rnk",59.7015
"29189217807","tract",2019,"transportation_rnk",42.4749
"29189217841","tract",2019,"transportation_rnk",43.9376
"29189217842","tract",2019,"transportation_rnk",47.265
"29189217851","tract",2019,"transportation_rnk",39.0107
"29189217852","tract",2019,"transportation_rnk",39.0868
"29189217921","tract",2019,"transportation_rnk",39.2392
"29189217923","tract",2019,"transportation_rnk",39.4225
"29189217931","tract",2019,"transportation_rnk",46.0872
"29189217932","tract",2019,"transportation_rnk",43.4496
"29189217941","tract",2019,"transportation_rnk",37.0797
"29189217942","tract",2019,"transportation_rnk",12.2489
"29189217943","tract",2019,"transportation_rnk",53.6405
"29189217944","tract",2019,"transportation_rnk",36.3815
"29189218003","tract",2019,"transportation_rnk",21.2607
"29189218011","tract",2019,"transportation_rnk",6.0116
"29189218012","tract",2019,"transportation_rnk",3.3979
"29189218102","tract",2019,"transportation_rnk",37.8131
"29189218103","tract",2019,"transportation_rnk",23.6149
"29189218201","tract",2019,"transportation_rnk",47.045
"29189218300","tract",2019,"transportation_rnk",68.3339
"29189218401","tract",2019,"transportation_rnk",41.0192
"29189218402","tract",2019,"transportation_rnk",42.6061
"29189218500","tract",2019,"transportation_rnk",43.324
"29189218600","tract",2019,"transportation_rnk",55.1865
"29189218800","tract",2019,"transportation_rnk",43.75
"29189218900","tract",2019,"transportation_rnk",48.3469
"29189219100","tract",2019,"transportation_rnk",52.8887
"29189219200","tract",2019,"transportation_rnk",72.1874
"29189219300","tract",2019,"transportation_rnk",53.4783
"29189219400","tract",2019,"transportation_rnk",43.8854
"29189219500","tract",2019,"transportation_rnk",59.8045
"29189219600","tract",2019,"transportation_rnk",60.8624
"29189219700","tract",2019,"transportation_rnk",67.0306
"29189219800","tract",2019,"transportation_rnk",60.8977
"29189219900","tract",2019,"transportation_rnk",50.8858
"29189220001","tract",2019,"transportation_rnk",56.2063
"29189220002","tract",2019,"transportation_rnk",45.4285
"29189220100","tract",2019,"transportation_rnk",63.1897
"29189220200","tract",2019,"transportation_rnk",67.2281
"29189220300","tract",2019,"transportation_rnk",74.1748
"29189220431","tract",2019,"transportation_rnk",64.3661
"29189220432","tract",2019,"transportation_rnk",30.9975
"29189220441","tract",2019,"transportation_rnk",56.147
"29189220442","tract",2019,"transportation_rnk",40.0164
"29189220443","tract",2019,"transportation_rnk",63.1051
"29189220444","tract",2019,"transportation_rnk",45.4285
"29189220445","tract",2019,"transportation_rnk",38.3125
"29189220446","tract",2019,"transportation_rnk",42.8473
"29189220501","tract",2019,"transportation_rnk",55.0891
"29189220502","tract",2019,"transportation_rnk",70.6965
"29189220601","tract",2019,"transportation_rnk",41.496
"29189220602","tract",2019,"transportation_rnk",62.5465
"29189220701","tract",2019,"transportation_rnk",48.526
"29189220702","tract",2019,"transportation_rnk",46.3665
"29189220703","tract",2019,"transportation_rnk",38.6975
"29189220801","tract",2019,"transportation_rnk",62.0515
"29189220802","tract",2019,"transportation_rnk",46.8475
"29189220803","tract",2019,"transportation_rnk",36.6128
"29189221000","tract",2019,"transportation_rnk",44.3029
"29189221100","tract",2019,"transportation_rnk",13.73
"29189221201","tract",2019,"transportation_rnk",22.2396
"29189221202","tract",2019,"transportation_rnk",21.3369
"29189221301","tract",2019,"transportation_rnk",38.5353
"29189221302","tract",2019,"transportation_rnk",64.2406
"29189221332","tract",2019,"transportation_rnk",16.9079
"29189221335","tract",2019,"transportation_rnk",51.8012
"29189221421","tract",2019,"transportation_rnk",40.7569
"29189221422","tract",2019,"transportation_rnk",38.4676
"29189221423","tract",2019,"transportation_rnk",32.1598
"29189221424","tract",2019,"transportation_rnk",45.6796
"29189221502","tract",2019,"transportation_rnk",14.345
"29189221503","tract",2019,"transportation_rnk",1.5389
"29189221506","tract",2019,"transportation_rnk",5.5899
"29189221621","tract",2019,"transportation_rnk",3.1934
"29189221624","tract",2019,"transportation_rnk",48.4654
"29189221625","tract",2019,"transportation_rnk",47.7728
"29189221626","tract",2019,"transportation_rnk",1.2215
"29189221627","tract",2019,"transportation_rnk",53.2766
"29189221628","tract",2019,"transportation_rnk",9.6493
"29189221629","tract",2019,"transportation_rnk",2.6151
"29189221800","tract",2019,"transportation_rnk",75.4006
"29189221900","tract",2019,"transportation_rnk",39.1616
"29189222000","tract",2019,"transportation_rnk",52.5559
"29189222100","tract",2019,"transportation_rnk",22.9801
"29195090100","tract",2019,"transportation_rnk",64.1701
"29195090200","tract",2019,"transportation_rnk",5.5518
"29195090300","tract",2019,"transportation_rnk",1.6461
"29195090400","tract",2019,"transportation_rnk",21.8912
"29195090500","tract",2019,"transportation_rnk",37.5028
"29195090600","tract",2019,"transportation_rnk",52.9903
"29195090700","tract",2019,"transportation_rnk",38.122
"29195090800","tract",2019,"transportation_rnk",4.0172
"29197470100","tract",2019,"transportation_rnk",11.0711
"29197470200","tract",2019,"transportation_rnk",14.1997
"29199480100","tract",2019,"transportation_rnk",14.1997
"29199480200","tract",2019,"transportation_rnk",36.7567
"29201780100","tract",2019,"transportation_rnk",28.4741
"29201780200","tract",2019,"transportation_rnk",10.119
"29201780300","tract",2019,"transportation_rnk",38.0459
"29201780400","tract",2019,"transportation_rnk",15.9445
"29201780600","tract",2019,"transportation_rnk",56.6746
"29201780700","tract",2019,"transportation_rnk",70.5399
"29201781000","tract",2019,"transportation_rnk",12.9189
"29201781100","tract",2019,"transportation_rnk",5.1244
"29201781200","tract",2019,"transportation_rnk",74.8561
"29201781300","tract",2019,"transportation_rnk",58.095
"29203470100","tract",2019,"transportation_rnk",31.6929
"29203470200","tract",2019,"transportation_rnk",24.8237
"29205450100","tract",2019,"transportation_rnk",55.7323
"29205450200","tract",2019,"transportation_rnk",19.0998
"29205450300","tract",2019,"transportation_rnk",29.4389
"29207470100","tract",2019,"transportation_rnk",33.4292
"29207470200","tract",2019,"transportation_rnk",35.5196
"29207470300","tract",2019,"transportation_rnk",7.9059
"29207470400","tract",2019,"transportation_rnk",7.1443
"29207470500","tract",2019,"transportation_rnk",46.9223
"29207470600","tract",2019,"transportation_rnk",21.1479
"29207470700","tract",2019,"transportation_rnk",32.243
"29207470800","tract",2019,"transportation_rnk",1.5812
"29209090100","tract",2019,"transportation_rnk",28.3697
"29209090200","tract",2019,"transportation_rnk",34.0132
"29209090400","tract",2019,"transportation_rnk",45.2127
"29209090500","tract",2019,"transportation_rnk",46.2579
"29209090601","tract",2019,"transportation_rnk",31.3219
"29209090602","tract",2019,"transportation_rnk",35.0838
"29211480100","tract",2019,"transportation_rnk",8.6112
"29211480200","tract",2019,"transportation_rnk",12.9965
"29211480300","tract",2019,"transportation_rnk",50.4288
"29213480105","tract",2019,"transportation_rnk",38.6975
"29213480106","tract",2019,"transportation_rnk",34.7946
"29213480201","tract",2019,"transportation_rnk",41.496
"29213480202","tract",2019,"transportation_rnk",41.2435
"29213480301","tract",2019,"transportation_rnk",31.9115
"29213480302","tract",2019,"transportation_rnk",29.9425
"29213480401","tract",2019,"transportation_rnk",71.8292
"29213480402","tract",2019,"transportation_rnk",11.3674
"29213480501","tract",2019,"transportation_rnk",38.2574
"29213480502","tract",2019,"transportation_rnk",45.1549
"29215480100","tract",2019,"transportation_rnk",37.9641
"29215480200","tract",2019,"transportation_rnk",17.544
"29215480300","tract",2019,"transportation_rnk",40.874
"29215480400","tract",2019,"transportation_rnk",49.7235
"29217950100","tract",2019,"transportation_rnk",31.3911
"29217950200","tract",2019,"transportation_rnk",39.7371
"29217950300","tract",2019,"transportation_rnk",69.9306
"29217950400","tract",2019,"transportation_rnk",78.3105
"29217950500","tract",2019,"transportation_rnk",1.2215
"29217950600","tract",2019,"transportation_rnk",20.3368
"29219820101","tract",2019,"transportation_rnk",14.0516
"29219820102","tract",2019,"transportation_rnk",22.6614
"29219820103","tract",2019,"transportation_rnk",11.8907
"29219820201","tract",2019,"transportation_rnk",12.5409
"29219820202","tract",2019,"transportation_rnk",8.6112
"29221460100","tract",2019,"transportation_rnk",47.265
"29221460200","tract",2019,"transportation_rnk",35.8765
"29221460300","tract",2019,"transportation_rnk",39.3619
"29221460400","tract",2019,"transportation_rnk",9.3066
"29221460500","tract",2019,"transportation_rnk",34.6578
"29223690100","tract",2019,"transportation_rnk",38.9176
"29223690200","tract",2019,"transportation_rnk",30.8452
"29223690300","tract",2019,"transportation_rnk",57.2486
"29223690400","tract",2019,"transportation_rnk",52.5559
"29225470101","tract",2019,"transportation_rnk",30.9975
"29225470102","tract",2019,"transportation_rnk",21.8136
"29225470201","tract",2019,"transportation_rnk",33.5153
"29225470202","tract",2019,"transportation_rnk",37.0106
"29225470301","tract",2019,"transportation_rnk",12.6199
"29225470302","tract",2019,"transportation_rnk",80.0426
"29225470401","tract",2019,"transportation_rnk",51.5473
"29225470402","tract",2019,"transportation_rnk",22.2396
"29227960100","tract",2019,"transportation_rnk",47.9026
"29229490100","tract",2019,"transportation_rnk",24.8237
"29229490200","tract",2019,"transportation_rnk",75.7391
"29229490300","tract",2019,"transportation_rnk",46.2579
"29229490400","tract",2019,"transportation_rnk",17.544
"29510101100","tract",2019,"transportation_rnk",17.063
"29510101200","tract",2019,"transportation_rnk",57.8058
"29510101300","tract",2019,"transportation_rnk",56.3727
"29510101400","tract",2019,"transportation_rnk",70.9335
"29510101500","tract",2019,"transportation_rnk",83.5082
"29510101800","tract",2019,"transportation_rnk",88.311
"29510102100","tract",2019,"transportation_rnk",62.8103
"29510102200","tract",2019,"transportation_rnk",55.6773
"29510102300","tract",2019,"transportation_rnk",59.9611
"29510102400","tract",2019,"transportation_rnk",70.9631
"29510102500","tract",2019,"transportation_rnk",63.9105
"29510103100","tract",2019,"transportation_rnk",59.4279
"29510103400","tract",2019,"transportation_rnk",44.1901
"29510103600","tract",2019,"transportation_rnk",57.9158
"29510103700","tract",2019,"transportation_rnk",63.9105
"29510103800","tract",2019,"transportation_rnk",63.3012
"29510104200","tract",2019,"transportation_rnk",59.5577
"29510104500","tract",2019,"transportation_rnk",72.7277
"29510105198","tract",2019,"transportation_rnk",73.7221
"29510105200","tract",2019,"transportation_rnk",80.7535
"29510105300","tract",2019,"transportation_rnk",84.5083
"29510105400","tract",2019,"transportation_rnk",82.8072
"29510105500","tract",2019,"transportation_rnk",84.6183
"29510106100","tract",2019,"transportation_rnk",89.2505
"29510106200","tract",2019,"transportation_rnk",93.647
"29510106300","tract",2019,"transportation_rnk",77.089
"29510106400","tract",2019,"transportation_rnk",94.2747
"29510106500","tract",2019,"transportation_rnk",93.1392
"29510106600","tract",2019,"transportation_rnk",93.0772
"29510106700","tract",2019,"transportation_rnk",89.328
"29510107200","tract",2019,"transportation_rnk",91.7316
"29510107300","tract",2019,"transportation_rnk",86.8568
"29510107400","tract",2019,"transportation_rnk",80.9679
"29510107500","tract",2019,"transportation_rnk",90.9685
"29510107600","tract",2019,"transportation_rnk",83.6916
"29510108100","tract",2019,"transportation_rnk",82.1189
"29510108200","tract",2019,"transportation_rnk",83.6394
"29510108300","tract",2019,"transportation_rnk",88.4789
"29510109600","tract",2019,"transportation_rnk",79.4191
"29510109700","tract",2019,"transportation_rnk",91.8909
"29510110100","tract",2019,"transportation_rnk",89.5876
"29510110200","tract",2019,"transportation_rnk",92.8642
"29510110300","tract",2019,"transportation_rnk",94.0448
"29510110400","tract",2019,"transportation_rnk",91.4565
"29510110500","tract",2019,"transportation_rnk",94.3523
"29510111100","tract",2019,"transportation_rnk",86.2334
"29510111200","tract",2019,"transportation_rnk",93.3804
"29510111300","tract",2019,"transportation_rnk",92.1674
"29510111400","tract",2019,"transportation_rnk",93.8219
"29510111500","tract",2019,"transportation_rnk",89.3196
"29510112100","tract",2019,"transportation_rnk",78.4783
"29510112200","tract",2019,"transportation_rnk",83.6676
"29510112300","tract",2019,"transportation_rnk",89.1503
"29510112400","tract",2019,"transportation_rnk",89.8838
"29510113500","tract",2019,"transportation_rnk",50.031
"29510114101","tract",2019,"transportation_rnk",86.6565
"29510114102","tract",2019,"transportation_rnk",48.4005
"29510114200","tract",2019,"transportation_rnk",71.461
"29510114300","tract",2019,"transportation_rnk",59.3376
"29510115100","tract",2019,"transportation_rnk",80.5405
"29510115200","tract",2019,"transportation_rnk",88.3421
"29510115300","tract",2019,"transportation_rnk",69.9969
"29510115400","tract",2019,"transportation_rnk",89.1433
"29510115500","tract",2019,"transportation_rnk",84.1105
"29510115600","tract",2019,"transportation_rnk",87.0176
"29510115700","tract",2019,"transportation_rnk",83.3587
"29510116100","tract",2019,"transportation_rnk",64.1277
"29510116200","tract",2019,"transportation_rnk",67.9404
"29510116301","tract",2019,"transportation_rnk",74.1438
"29510116302","tract",2019,"transportation_rnk",89.3407
"29510116400","tract",2019,"transportation_rnk",91.1321
"29510116500","tract",2019,"transportation_rnk",72.7277
"29510117100","tract",2019,"transportation_rnk",67.623
"29510117200","tract",2019,"transportation_rnk",59.4702
"29510117400","tract",2019,"transportation_rnk",68.0052
"29510118100","tract",2019,"transportation_rnk",79.3529
"29510118400","tract",2019,"transportation_rnk",NA
"29510118600","tract",2019,"transportation_rnk",89.2674
"29510119101","tract",2019,"transportation_rnk",88.2448
"29510119102","tract",2019,"transportation_rnk",86.3843
"29510119200","tract",2019,"transportation_rnk",85.9668
"29510119300","tract",2019,"transportation_rnk",NA
"29510120200","tract",2019,"transportation_rnk",91.7245
"29510121100","tract",2019,"transportation_rnk",93.3551
"29510121200","tract",2019,"transportation_rnk",83.5082
"29510123100","tract",2019,"transportation_rnk",77.7956
"29510123200","tract",2019,"transportation_rnk",72.7954
"29510123300","tract",2019,"transportation_rnk",64.4409
"29510124100","tract",2019,"transportation_rnk",88.1742
"29510124200","tract",2019,"transportation_rnk",91.1758
"29510124300","tract",2019,"transportation_rnk",65.3718
"29510124600","tract",2019,"transportation_rnk",93.3424
"29510125500","tract",2019,"transportation_rnk",81.2796
"29510125600","tract",2019,"transportation_rnk",85.9513
"29510125700","tract",2019,"transportation_rnk",91.2774
"29510126600","tract",2019,"transportation_rnk",89.2674
"29510126700","tract",2019,"transportation_rnk",77.2526
"29510126800","tract",2019,"transportation_rnk",29.7788
"29510126900","tract",2019,"transportation_rnk",88.0261
"29510127000","tract",2019,"transportation_rnk",93.671
"29510127100","tract",2019,"transportation_rnk",89.7526
"29510127200","tract",2019,"transportation_rnk",64.4409
"29510127300","tract",2019,"transportation_rnk",76.6813
"29510127400","tract",2019,"transportation_rnk",55.4122
"29510127500","tract",2019,"transportation_rnk",88.1023
"29510127600","tract",2019,"transportation_rnk",62.0162
"29001950100","tract",2019,"transportation_state_rnk",9.8457
"29001950200","tract",2019,"transportation_state_rnk",39.6032
"29001950300","tract",2019,"transportation_state_rnk",72.4467
"29001950400","tract",2019,"transportation_state_rnk",26.047
"29001950500","tract",2019,"transportation_state_rnk",32.9904
"29001950900","tract",2019,"transportation_state_rnk",35.1947
"29001951000","tract",2019,"transportation_state_rnk",NA
"29003010100","tract",2019,"transportation_state_rnk",11.2785
"29003010200","tract",2019,"transportation_state_rnk",10.6539
"29003010300","tract",2019,"transportation_state_rnk",2.6451
"29003010400","tract",2019,"transportation_state_rnk",17.5974
"29005950100","tract",2019,"transportation_state_rnk",33.2109
"29005950200","tract",2019,"transportation_state_rnk",24.2469
"29007950100","tract",2019,"transportation_state_rnk",NA
"29007950200","tract",2019,"transportation_state_rnk",18.8832
"29007950300","tract",2019,"transportation_state_rnk",43.975
"29007950400","tract",2019,"transportation_state_rnk",63.1521
"29007950500","tract",2019,"transportation_state_rnk",80.8964
"29007950600","tract",2019,"transportation_state_rnk",14.4379
"29007950700","tract",2019,"transportation_state_rnk",7.8986
"29009960100","tract",2019,"transportation_state_rnk",33.9456
"29009960200","tract",2019,"transportation_state_rnk",12.6745
"29009960300","tract",2019,"transportation_state_rnk",19.9486
"29009960401","tract",2019,"transportation_state_rnk",43.6811
"29009960402","tract",2019,"transportation_state_rnk",11.0213
"29009960500","tract",2019,"transportation_state_rnk",40.4482
"29009960600","tract",2019,"transportation_state_rnk",62.8582
"29011960100","tract",2019,"transportation_state_rnk",13.3725
"29011960200","tract",2019,"transportation_state_rnk",17.0463
"29011960300","tract",2019,"transportation_state_rnk",73.7693
"29013070100","tract",2019,"transportation_state_rnk",43.8648
"29013070200","tract",2019,"transportation_state_rnk",41.1462
"29013070300","tract",2019,"transportation_state_rnk",53.4166
"29013070400","tract",2019,"transportation_state_rnk",39.9706
"29015460100","tract",2019,"transportation_state_rnk",50.2572
"29015460200","tract",2019,"transportation_state_rnk",48.8244
"29015460300","tract",2019,"transportation_state_rnk",33.4313
"29015460400","tract",2019,"transportation_state_rnk",38.9052
"29015460700","tract",2019,"transportation_state_rnk",45.518
"29015460800","tract",2019,"transportation_state_rnk",72.7774
"29017950100","tract",2019,"transportation_state_rnk",83.468
"29017950200","tract",2019,"transportation_state_rnk",40.4482
"29017950300","tract",2019,"transportation_state_rnk",25.2755
"29019000200","tract",2019,"transportation_state_rnk",96.0323
"29019000300","tract",2019,"transportation_state_rnk",94.8935
"29019000500","tract",2019,"transportation_state_rnk",99.1918
"29019000600","tract",2019,"transportation_state_rnk",91.9177
"29019000700","tract",2019,"transportation_state_rnk",91.5136
"29019000900","tract",2019,"transportation_state_rnk",82.072
"29019001001","tract",2019,"transportation_state_rnk",79.0595
"29019001002","tract",2019,"transportation_state_rnk",6.025
"29019001101","tract",2019,"transportation_state_rnk",84.7906
"29019001103","tract",2019,"transportation_state_rnk",82.8802
"29019001104","tract",2019,"transportation_state_rnk",86.1132
"29019001201","tract",2019,"transportation_state_rnk",82.5863
"29019001202","tract",2019,"transportation_state_rnk",83.7619
"29019001300","tract",2019,"transportation_state_rnk",91.734
"29019001400","tract",2019,"transportation_state_rnk",3.6003
"29019001502","tract",2019,"transportation_state_rnk",91.3299
"29019001503","tract",2019,"transportation_state_rnk",78.9126
"29019001504","tract",2019,"transportation_state_rnk",84.4232
"29019001601","tract",2019,"transportation_state_rnk",20.1323
"29019001602","tract",2019,"transportation_state_rnk",4.6289
"29019001701","tract",2019,"transportation_state_rnk",23.1447
"29019001702","tract",2019,"transportation_state_rnk",4.1514
"29019001803","tract",2019,"transportation_state_rnk",14.0338
"29019001805","tract",2019,"transportation_state_rnk",18.5893
"29019001901","tract",2019,"transportation_state_rnk",7.4578
"29019001902","tract",2019,"transportation_state_rnk",11.8295
"29019002000","tract",2019,"transportation_state_rnk",30.2719
"29019002100","tract",2019,"transportation_state_rnk",98.4203
"29019002200","tract",2019,"transportation_state_rnk",NA
"29021000100","tract",2019,"transportation_state_rnk",8.119
"29021000200","tract",2019,"transportation_state_rnk",31.5209
"29021000300","tract",2019,"transportation_state_rnk",23.4019
"29021000400","tract",2019,"transportation_state_rnk",75.8266
"29021000500","tract",2019,"transportation_state_rnk",73.5856
"29021000600","tract",2019,"transportation_state_rnk",NA
"29021000701","tract",2019,"transportation_state_rnk",28.6554
"29021000702","tract",2019,"transportation_state_rnk",76.8553
"29021000900","tract",2019,"transportation_state_rnk",66.0544
"29021001000","tract",2019,"transportation_state_rnk",93.3872
"29021001100","tract",2019,"transportation_state_rnk",63.5562
"29021001200","tract",2019,"transportation_state_rnk",90.9625
"29021001500","tract",2019,"transportation_state_rnk",58.817
"29021001600","tract",2019,"transportation_state_rnk",50.1837
"29021001700","tract",2019,"transportation_state_rnk",41.9177
"29021001800","tract",2019,"transportation_state_rnk",49.9633
"29021002100","tract",2019,"transportation_state_rnk",41.1462
"29021002200","tract",2019,"transportation_state_rnk",0.3306
"29021002300","tract",2019,"transportation_state_rnk",45.8119
"29021002400","tract",2019,"transportation_state_rnk",54.7392
"29021002500","tract",2019,"transportation_state_rnk",65.9074
"29021002700","tract",2019,"transportation_state_rnk",5.6576
"29021002800","tract",2019,"transportation_state_rnk",2.939
"29021002900","tract",2019,"transportation_state_rnk",1.8001
"29021003000","tract",2019,"transportation_state_rnk",89.2726
"29023950100","tract",2019,"transportation_state_rnk",23.7693
"29023950201","tract",2019,"transportation_state_rnk",1.0654
"29023950202","tract",2019,"transportation_state_rnk",5.9515
"29023950300","tract",2019,"transportation_state_rnk",42.2851
"29023950400","tract",2019,"transportation_state_rnk",60.6907
"29023950500","tract",2019,"transportation_state_rnk",63.7032
"29023950600","tract",2019,"transportation_state_rnk",42.9831
"29023950700","tract",2019,"transportation_state_rnk",83.5783
"29023950800","tract",2019,"transportation_state_rnk",72.1528
"29023950900","tract",2019,"transportation_state_rnk",59.2946
"29025950100","tract",2019,"transportation_state_rnk",42.6892
"29025950200","tract",2019,"transportation_state_rnk",54.2983
"29027070100","tract",2019,"transportation_state_rnk",0.4409
"29027070200","tract",2019,"transportation_state_rnk",10.36
"29027070300","tract",2019,"transportation_state_rnk",NA
"29027070400","tract",2019,"transportation_state_rnk",47.3916
"29027070500","tract",2019,"transportation_state_rnk",0.6613
"29027070600","tract",2019,"transportation_state_rnk",6.2087
"29027070700","tract",2019,"transportation_state_rnk",15.8339
"29027070800","tract",2019,"transportation_state_rnk",14.0338
"29029950100","tract",2019,"transportation_state_rnk",33.4313
"29029950200","tract",2019,"transportation_state_rnk",9.1477
"29029950300","tract",2019,"transportation_state_rnk",49.7061
"29029950400","tract",2019,"transportation_state_rnk",16.3483
"29029950500","tract",2019,"transportation_state_rnk",31.6679
"29029950600","tract",2019,"transportation_state_rnk",1.8001
"29029950700","tract",2019,"transportation_state_rnk",63.0051
"29029950800","tract",2019,"transportation_state_rnk",28.2513
"29029950900","tract",2019,"transportation_state_rnk",30.7127
"29029951100","tract",2019,"transportation_state_rnk",63.4827
"29029951200","tract",2019,"transportation_state_rnk",48.604
"29031880100","tract",2019,"transportation_state_rnk",16.0911
"29031880200","tract",2019,"transportation_state_rnk",16.0911
"29031880300","tract",2019,"transportation_state_rnk",22.1161
"29031880400","tract",2019,"transportation_state_rnk",61.2785
"29031880500","tract",2019,"transportation_state_rnk",47.906
"29031880600","tract",2019,"transportation_state_rnk",66.385
"29031880700","tract",2019,"transportation_state_rnk",58.6701
"29031880800","tract",2019,"transportation_state_rnk",NA
"29031880900","tract",2019,"transportation_state_rnk",82.77
"29031881000","tract",2019,"transportation_state_rnk",80.9699
"29031881100","tract",2019,"transportation_state_rnk",59.2212
"29031881200","tract",2019,"transportation_state_rnk",55.6209
"29031881300","tract",2019,"transportation_state_rnk",69.6547
"29031881400","tract",2019,"transportation_state_rnk",94.1954
"29031881500","tract",2019,"transportation_state_rnk",7.6414
"29031881600","tract",2019,"transportation_state_rnk",73.6958
"29033960100","tract",2019,"transportation_state_rnk",41.3299
"29033960200","tract",2019,"transportation_state_rnk",31.4475
"29033960300","tract",2019,"transportation_state_rnk",40.7788
"29035960100","tract",2019,"transportation_state_rnk",66.2748
"29035960200","tract",2019,"transportation_state_rnk",27.5165
"29037060001","tract",2019,"transportation_state_rnk",61.8663
"29037060003","tract",2019,"transportation_state_rnk",60.36
"29037060004","tract",2019,"transportation_state_rnk",55.4372
"29037060100","tract",2019,"transportation_state_rnk",32.2924
"29037060202","tract",2019,"transportation_state_rnk",30.1249
"29037060301","tract",2019,"transportation_state_rnk",65.2829
"29037060302","tract",2019,"transportation_state_rnk",15.1359
"29037060305","tract",2019,"transportation_state_rnk",7.8986
"29037060400","tract",2019,"transportation_state_rnk",1.4695
"29037060500","tract",2019,"transportation_state_rnk",8.817
"29037060600","tract",2019,"transportation_state_rnk",28.3615
"29037060700","tract",2019,"transportation_state_rnk",23.1447
"29037060800","tract",2019,"transportation_state_rnk",9.8457
"29037060904","tract",2019,"transportation_state_rnk",34.9743
"29037061001","tract",2019,"transportation_state_rnk",8.119
"29037061002","tract",2019,"transportation_state_rnk",1.1756
"29037061100","tract",2019,"transportation_state_rnk",31.0801
"29037061200","tract",2019,"transportation_state_rnk",19.6179
"29037061300","tract",2019,"transportation_state_rnk",71.4548
"29037061400","tract",2019,"transportation_state_rnk",30.5658
"29039870100","tract",2019,"transportation_state_rnk",43.4974
"29039870200","tract",2019,"transportation_state_rnk",53.0492
"29039870300","tract",2019,"transportation_state_rnk",46.6201
"29041470100","tract",2019,"transportation_state_rnk",22.4835
"29041470200","tract",2019,"transportation_state_rnk",35.3417
"29041470300","tract",2019,"transportation_state_rnk",9.6988
"29043020101","tract",2019,"transportation_state_rnk",8.964
"29043020102","tract",2019,"transportation_state_rnk",11.6458
"29043020201","tract",2019,"transportation_state_rnk",13.1888
"29043020202","tract",2019,"transportation_state_rnk",77.1859
"29043020203","tract",2019,"transportation_state_rnk",76.5614
"29043020204","tract",2019,"transportation_state_rnk",29.3902
"29043020205","tract",2019,"transportation_state_rnk",22.9243
"29043020302","tract",2019,"transportation_state_rnk",81.5944
"29043020303","tract",2019,"transportation_state_rnk",15.6503
"29043020304","tract",2019,"transportation_state_rnk",28.7656
"29043020305","tract",2019,"transportation_state_rnk",8.3762
"29043020306","tract",2019,"transportation_state_rnk",6.576
"29043020400","tract",2019,"transportation_state_rnk",4.9229
"29043020500","tract",2019,"transportation_state_rnk",14.7686
"29045950100","tract",2019,"transportation_state_rnk",29.7208
"29045950200","tract",2019,"transportation_state_rnk",38.7583
"29045950300","tract",2019,"transportation_state_rnk",76.8553
"29047020201","tract",2019,"transportation_state_rnk",80.8229
"29047020202","tract",2019,"transportation_state_rnk",66.7157
"29047020300","tract",2019,"transportation_state_rnk",76.047
"29047020400","tract",2019,"transportation_state_rnk",78.6921
"29047020500","tract",2019,"transportation_state_rnk",59.9559
"29047020602","tract",2019,"transportation_state_rnk",73.4386
"29047020603","tract",2019,"transportation_state_rnk",67.7076
"29047020604","tract",2019,"transportation_state_rnk",73.255
"29047020801","tract",2019,"transportation_state_rnk",70.7935
"29047020901","tract",2019,"transportation_state_rnk",77.5165
"29047020902","tract",2019,"transportation_state_rnk",75.6796
"29047021001","tract",2019,"transportation_state_rnk",86.5173
"29047021003","tract",2019,"transportation_state_rnk",68.1117
"29047021004","tract",2019,"transportation_state_rnk",76.7083
"29047021101","tract",2019,"transportation_state_rnk",79.3534
"29047021102","tract",2019,"transportation_state_rnk",88.8317
"29047021103","tract",2019,"transportation_state_rnk",75.0918
"29047021204","tract",2019,"transportation_state_rnk",67.23
"29047021205","tract",2019,"transportation_state_rnk",69.8016
"29047021206","tract",2019,"transportation_state_rnk",61.4254
"29047021207","tract",2019,"transportation_state_rnk",77.737
"29047021208","tract",2019,"transportation_state_rnk",72.0794
"29047021303","tract",2019,"transportation_state_rnk",19.2873
"29047021305","tract",2019,"transportation_state_rnk",64.0338
"29047021306","tract",2019,"transportation_state_rnk",65.1727
"29047021307","tract",2019,"transportation_state_rnk",15.4666
"29047021309","tract",2019,"transportation_state_rnk",8.5599
"29047021310","tract",2019,"transportation_state_rnk",20.5731
"29047021401","tract",2019,"transportation_state_rnk",79.6473
"29047021403","tract",2019,"transportation_state_rnk",75.5327
"29047021404","tract",2019,"transportation_state_rnk",68.0382
"29047021600","tract",2019,"transportation_state_rnk",61.0213
"29047021701","tract",2019,"transportation_state_rnk",54.6289
"29047021702","tract",2019,"transportation_state_rnk",61.4254
"29047021803","tract",2019,"transportation_state_rnk",68.5893
"29047021804","tract",2019,"transportation_state_rnk",0.147
"29047021805","tract",2019,"transportation_state_rnk",5.2902
"29047021806","tract",2019,"transportation_state_rnk",42.5055
"29047021900","tract",2019,"transportation_state_rnk",4.7024
"29047022000","tract",2019,"transportation_state_rnk",27.2961
"29047022100","tract",2019,"transportation_state_rnk",92.7994
"29047022200","tract",2019,"transportation_state_rnk",68.6995
"29047022301","tract",2019,"transportation_state_rnk",63.7032
"29047022302","tract",2019,"transportation_state_rnk",61.5724
"29049960100","tract",2019,"transportation_state_rnk",43.1668
"29049960200","tract",2019,"transportation_state_rnk",19.6179
"29049960300","tract",2019,"transportation_state_rnk",31.374
"29049960400","tract",2019,"transportation_state_rnk",27.5165
"29051010300","tract",2019,"transportation_state_rnk",59.0007
"29051010400","tract",2019,"transportation_state_rnk",43.1668
"29051010500","tract",2019,"transportation_state_rnk",85.011
"29051010600","tract",2019,"transportation_state_rnk",81.9618
"29051010701","tract",2019,"transportation_state_rnk",30.6392
"29051010702","tract",2019,"transportation_state_rnk",58.817
"29051010800","tract",2019,"transportation_state_rnk",56.7597
"29051010900","tract",2019,"transportation_state_rnk",53.3064
"29051020198","tract",2019,"transportation_state_rnk",NA
"29051020200","tract",2019,"transportation_state_rnk",0
"29051020300","tract",2019,"transportation_state_rnk",3.3799
"29051020400","tract",2019,"transportation_state_rnk",20.8303
"29051020500","tract",2019,"transportation_state_rnk",8.7068
"29051020600","tract",2019,"transportation_state_rnk",4.3718
"29051020700","tract",2019,"transportation_state_rnk",92.5055
"29053950100","tract",2019,"transportation_state_rnk",33.2843
"29053950200","tract",2019,"transportation_state_rnk",NA
"29053950300","tract",2019,"transportation_state_rnk",30.1249
"29053950400","tract",2019,"transportation_state_rnk",60.5805
"29053950500","tract",2019,"transportation_state_rnk",21.2711
"29055450101","tract",2019,"transportation_state_rnk",27.6635
"29055450102","tract",2019,"transportation_state_rnk",28.1411
"29055450200","tract",2019,"transportation_state_rnk",38.5011
"29055450301","tract",2019,"transportation_state_rnk",37.0316
"29055450302","tract",2019,"transportation_state_rnk",51.9838
"29055450400","tract",2019,"transportation_state_rnk",12.6745
"29057480100","tract",2019,"transportation_state_rnk",38.2807
"29057480200","tract",2019,"transportation_state_rnk",23.5856
"29059480100","tract",2019,"transportation_state_rnk",65.687
"29059480200","tract",2019,"transportation_state_rnk",27.6635
"29059480300","tract",2019,"transportation_state_rnk",28.986
"29061470100","tract",2019,"transportation_state_rnk",70.3527
"29061470200","tract",2019,"transportation_state_rnk",71.4548
"29063080100","tract",2019,"transportation_state_rnk",NA
"29063080200","tract",2019,"transportation_state_rnk",2.939
"29065960100","tract",2019,"transportation_state_rnk",20.8303
"29065960200","tract",2019,"transportation_state_rnk",22.6672
"29065960300","tract",2019,"transportation_state_rnk",51.2491
"29065960400","tract",2019,"transportation_state_rnk",11.6458
"29067950100","tract",2019,"transportation_state_rnk",18.5158
"29067950200","tract",2019,"transportation_state_rnk",50.3674
"29067950500","tract",2019,"transportation_state_rnk",10.2866
"29069360100","tract",2019,"transportation_state_rnk",66.6422
"29069360200","tract",2019,"transportation_state_rnk",25.4592
"29069360300","tract",2019,"transportation_state_rnk",31.3005
"29069360400","tract",2019,"transportation_state_rnk",29.7208
"29069360500","tract",2019,"transportation_state_rnk",72.7774
"29069360600","tract",2019,"transportation_state_rnk",73.4386
"29069360700","tract",2019,"transportation_state_rnk",26.047
"29069360800","tract",2019,"transportation_state_rnk",21.7855
"29069360900","tract",2019,"transportation_state_rnk",37.5459
"29069361000","tract",2019,"transportation_state_rnk",67.8545
"29071800100","tract",2019,"transportation_state_rnk",2.7553
"29071800201","tract",2019,"transportation_state_rnk",60.2131
"29071800202","tract",2019,"transportation_state_rnk",11.2785
"29071800300","tract",2019,"transportation_state_rnk",34.6804
"29071800401","tract",2019,"transportation_state_rnk",9.5518
"29071800402","tract",2019,"transportation_state_rnk",14.0338
"29071800500","tract",2019,"transportation_state_rnk",14.8788
"29071800601","tract",2019,"transportation_state_rnk",50.6245
"29071800602","tract",2019,"transportation_state_rnk",26.047
"29071800701","tract",2019,"transportation_state_rnk",35.1947
"29071800702","tract",2019,"transportation_state_rnk",18.4056
"29071800800","tract",2019,"transportation_state_rnk",25.6429
"29071800901","tract",2019,"transportation_state_rnk",21.8957
"29071800902","tract",2019,"transportation_state_rnk",10.5437
"29071801000","tract",2019,"transportation_state_rnk",19.0301
"29071801101","tract",2019,"transportation_state_rnk",62.8582
"29071801102","tract",2019,"transportation_state_rnk",25.6429
"29073960100","tract",2019,"transportation_state_rnk",39.6032
"29073960200","tract",2019,"transportation_state_rnk",28.986
"29073960300","tract",2019,"transportation_state_rnk",25.349
"29073960400","tract",2019,"transportation_state_rnk",46.7303
"29073960500","tract",2019,"transportation_state_rnk",10.8744
"29075960100","tract",2019,"transportation_state_rnk",43.6811
"29075960200","tract",2019,"transportation_state_rnk",37.252
"29077000100","tract",2019,"transportation_state_rnk",93.7546
"29077000200","tract",2019,"transportation_state_rnk",NA
"29077000300","tract",2019,"transportation_state_rnk",83.5783
"29077000400","tract",2019,"transportation_state_rnk",77.3696
"29077000501","tract",2019,"transportation_state_rnk",37.5459
"29077000502","tract",2019,"transportation_state_rnk",95.0037
"29077000600","tract",2019,"transportation_state_rnk",94.4159
"29077000700","tract",2019,"transportation_state_rnk",NA
"29077000800","tract",2019,"transportation_state_rnk",72.2998
"29077000900","tract",2019,"transportation_state_rnk",90.0808
"29077001000","tract",2019,"transportation_state_rnk",81.0434
"29077001100","tract",2019,"transportation_state_rnk",80.2351
"29077001200","tract",2019,"transportation_state_rnk",84.5702
"29077001301","tract",2019,"transportation_state_rnk",47.5753
"29077001302","tract",2019,"transportation_state_rnk",83.3946
"29077001400","tract",2019,"transportation_state_rnk",82.4394
"29077001500","tract",2019,"transportation_state_rnk",70.0955
"29077001700","tract",2019,"transportation_state_rnk",85.5253
"29077001800","tract",2019,"transportation_state_rnk",85.6723
"29077001900","tract",2019,"transportation_state_rnk",92.0647
"29077002200","tract",2019,"transportation_state_rnk",86.6275
"29077002300","tract",2019,"transportation_state_rnk",87.1785
"29077002402","tract",2019,"transportation_state_rnk",85.5988
"29077002502","tract",2019,"transportation_state_rnk",88.4644
"29077002600","tract",2019,"transportation_state_rnk",74.5775
"29077002700","tract",2019,"transportation_state_rnk",90.9625
"29077002800","tract",2019,"transportation_state_rnk",26.7818
"29077002900","tract",2019,"transportation_state_rnk",69.324
"29077003002","tract",2019,"transportation_state_rnk",78.0676
"29077003100","tract",2019,"transportation_state_rnk",82.3659
"29077003200","tract",2019,"transportation_state_rnk",48.1264
"29077003300","tract",2019,"transportation_state_rnk",89.3828
"29077003600","tract",2019,"transportation_state_rnk",82.219
"29077003700","tract",2019,"transportation_state_rnk",76.1572
"29077003800","tract",2019,"transportation_state_rnk",29.2065
"29077003900","tract",2019,"transportation_state_rnk",72.3733
"29077004001","tract",2019,"transportation_state_rnk",78.5084
"29077004002","tract",2019,"transportation_state_rnk",60.7641
"29077004003","tract",2019,"transportation_state_rnk",71.014
"29077004101","tract",2019,"transportation_state_rnk",11.4989
"29077004102","tract",2019,"transportation_state_rnk",50.8817
"29077004103","tract",2019,"transportation_state_rnk",64.989
"29077004201","tract",2019,"transportation_state_rnk",72.5202
"29077004202","tract",2019,"transportation_state_rnk",74.2101
"29077004301","tract",2019,"transportation_state_rnk",17.3769
"29077004302","tract",2019,"transportation_state_rnk",17.781
"29077004400","tract",2019,"transportation_state_rnk",88.3174
"29077004500","tract",2019,"transportation_state_rnk",9.8457
"29077004600","tract",2019,"transportation_state_rnk",3.6738
"29077004700","tract",2019,"transportation_state_rnk",5.3637
"29077004801","tract",2019,"transportation_state_rnk",15.4666
"29077004802","tract",2019,"transportation_state_rnk",71.2344
"29077004803","tract",2019,"transportation_state_rnk",79.4269
"29077004900","tract",2019,"transportation_state_rnk",13.3725
"29077005001","tract",2019,"transportation_state_rnk",39.8237
"29077005002","tract",2019,"transportation_state_rnk",5.7311
"29077005100","tract",2019,"transportation_state_rnk",7.7149
"29077005200","tract",2019,"transportation_state_rnk",3.1962
"29077005500","tract",2019,"transportation_state_rnk",91.6238
"29077005600","tract",2019,"transportation_state_rnk",82.1455
"29077005700","tract",2019,"transportation_state_rnk",77.0757
"29077005800","tract",2019,"transportation_state_rnk",87.4357
"29079960100","tract",2019,"transportation_state_rnk",45.1506
"29079960200","tract",2019,"transportation_state_rnk",72.7774
"29079960300","tract",2019,"transportation_state_rnk",24.0265
"29079960400","tract",2019,"transportation_state_rnk",82.2924
"29081950100","tract",2019,"transportation_state_rnk",30.4188
"29081950200","tract",2019,"transportation_state_rnk",46.6201
"29081950300","tract",2019,"transportation_state_rnk",62.1234
"29083950100","tract",2019,"transportation_state_rnk",37.0316
"29083950200","tract",2019,"transportation_state_rnk",7.4578
"29083950300","tract",2019,"transportation_state_rnk",29.7208
"29083950400","tract",2019,"transportation_state_rnk",35.1947
"29083950500","tract",2019,"transportation_state_rnk",29.3167
"29083950600","tract",2019,"transportation_state_rnk",76.4511
"29085470100","tract",2019,"transportation_state_rnk",36.2234
"29085470300","tract",2019,"transportation_state_rnk",34.1661
"29085470500","tract",2019,"transportation_state_rnk",45.1506
"29087960100","tract",2019,"transportation_state_rnk",18.2219
"29087960200","tract",2019,"transportation_state_rnk",31.6679
"29087960300","tract",2019,"transportation_state_rnk",34.4967
"29089960100","tract",2019,"transportation_state_rnk",14.6216
"29089960200","tract",2019,"transportation_state_rnk",30.4188
"29089960300","tract",2019,"transportation_state_rnk",61.1683
"29091090100","tract",2019,"transportation_state_rnk",1.6899
"29091090200","tract",2019,"transportation_state_rnk",32.6231
"29091090300","tract",2019,"transportation_state_rnk",37.5459
"29091090400","tract",2019,"transportation_state_rnk",6.3924
"29091090500","tract",2019,"transportation_state_rnk",4.3718
"29091090600","tract",2019,"transportation_state_rnk",34.1661
"29091090700","tract",2019,"transportation_state_rnk",81.5944
"29091090800","tract",2019,"transportation_state_rnk",52.2043
"29093950100","tract",2019,"transportation_state_rnk",32.1087
"29093950200","tract",2019,"transportation_state_rnk",58.4497
"29093950300","tract",2019,"transportation_state_rnk",22.0426
"29093950400","tract",2019,"transportation_state_rnk",32.2924
"29095000300","tract",2019,"transportation_state_rnk",85.8927
"29095000600","tract",2019,"transportation_state_rnk",88.9052
"29095000700","tract",2019,"transportation_state_rnk",93.975
"29095000800","tract",2019,"transportation_state_rnk",88.7583
"29095000900","tract",2019,"transportation_state_rnk",89.493
"29095001000","tract",2019,"transportation_state_rnk",95.0771
"29095001100","tract",2019,"transportation_state_rnk",87.5827
"29095001800","tract",2019,"transportation_state_rnk",95.3711
"29095001900","tract",2019,"transportation_state_rnk",93.0933
"29095002000","tract",2019,"transportation_state_rnk",92.2851
"29095002100","tract",2019,"transportation_state_rnk",94.0485
"29095002200","tract",2019,"transportation_state_rnk",93.0198
"29095002300","tract",2019,"transportation_state_rnk",90.3012
"29095003400","tract",2019,"transportation_state_rnk",88.9787
"29095003700","tract",2019,"transportation_state_rnk",92.579
"29095003800","tract",2019,"transportation_state_rnk",96.3262
"29095004300","tract",2019,"transportation_state_rnk",71.2344
"29095004400","tract",2019,"transportation_state_rnk",85.4519
"29095004600","tract",2019,"transportation_state_rnk",83.1007
"29095005100","tract",2019,"transportation_state_rnk",58.5599
"29095005200","tract",2019,"transportation_state_rnk",97.9427
"29095005300","tract",2019,"transportation_state_rnk",96.2528
"29095005400","tract",2019,"transportation_state_rnk",96.1058
"29095005500","tract",2019,"transportation_state_rnk",58.9273
"29095005601","tract",2019,"transportation_state_rnk",96.1793
"29095005602","tract",2019,"transportation_state_rnk",92.9464
"29095005700","tract",2019,"transportation_state_rnk",86.4071
"29095005801","tract",2019,"transportation_state_rnk",98.1631
"29095006000","tract",2019,"transportation_state_rnk",91.2564
"29095006100","tract",2019,"transportation_state_rnk",90.3747
"29095006300","tract",2019,"transportation_state_rnk",97.2814
"29095006500","tract",2019,"transportation_state_rnk",89.9706
"29095006600","tract",2019,"transportation_state_rnk",77.6635
"29095006700","tract",2019,"transportation_state_rnk",90.5217
"29095006900","tract",2019,"transportation_state_rnk",90.4482
"29095007100","tract",2019,"transportation_state_rnk",79.5371
"29095007200","tract",2019,"transportation_state_rnk",16.5687
"29095007300","tract",2019,"transportation_state_rnk",89.8604
"29095007400","tract",2019,"transportation_state_rnk",78.5084
"29095007500","tract",2019,"transportation_state_rnk",88.1705
"29095007600","tract",2019,"transportation_state_rnk",86.9949
"29095007700","tract",2019,"transportation_state_rnk",93.6811
"29095007802","tract",2019,"transportation_state_rnk",89.64
"29095007900","tract",2019,"transportation_state_rnk",91.5136
"29095008000","tract",2019,"transportation_state_rnk",92.6525
"29095008100","tract",2019,"transportation_state_rnk",79.7208
"29095008200","tract",2019,"transportation_state_rnk",76.2675
"29095008300","tract",2019,"transportation_state_rnk",72.2263
"29095008400","tract",2019,"transportation_state_rnk",45.665
"29095008500","tract",2019,"transportation_state_rnk",74.651
"29095008600","tract",2019,"transportation_state_rnk",64.8053
"29095008700","tract",2019,"transportation_state_rnk",95.665
"29095008800","tract",2019,"transportation_state_rnk",92.8729
"29095008900","tract",2019,"transportation_state_rnk",94.3424
"29095009000","tract",2019,"transportation_state_rnk",80.0147
"29095009100","tract",2019,"transportation_state_rnk",76.3409
"29095009200","tract",2019,"transportation_state_rnk",80.529
"29095009300","tract",2019,"transportation_state_rnk",67.7076
"29095009400","tract",2019,"transportation_state_rnk",83.6885
"29095009500","tract",2019,"transportation_state_rnk",84.4967
"29095009600","tract",2019,"transportation_state_rnk",87.2888
"29095009700","tract",2019,"transportation_state_rnk",89.7869
"29095009800","tract",2019,"transportation_state_rnk",41.3299
"29095009900","tract",2019,"transportation_state_rnk",73.953
"29095010001","tract",2019,"transportation_state_rnk",69.5812
"29095010002","tract",2019,"transportation_state_rnk",84.9375
"29095010103","tract",2019,"transportation_state_rnk",81.1168
"29095010105","tract",2019,"transportation_state_rnk",69.7281
"29095010201","tract",2019,"transportation_state_rnk",73.255
"29095010203","tract",2019,"transportation_state_rnk",59.4416
"29095010204","tract",2019,"transportation_state_rnk",77.59
"29095010500","tract",2019,"transportation_state_rnk",80.676
"29095010600","tract",2019,"transportation_state_rnk",60.36
"29095010702","tract",2019,"transportation_state_rnk",90.2278
"29095011000","tract",2019,"transportation_state_rnk",81.4107
"29095011100","tract",2019,"transportation_state_rnk",40.2645
"29095011200","tract",2019,"transportation_state_rnk",80.3086
"29095011300","tract",2019,"transportation_state_rnk",69.1403
"29095011401","tract",2019,"transportation_state_rnk",29.978
"29095011405","tract",2019,"transportation_state_rnk",67.9647
"29095011406","tract",2019,"transportation_state_rnk",69.0669
"29095011500","tract",2019,"transportation_state_rnk",81.9618
"29095011600","tract",2019,"transportation_state_rnk",80.529
"29095011700","tract",2019,"transportation_state_rnk",84.2028
"29095011800","tract",2019,"transportation_state_rnk",64.8788
"29095011900","tract",2019,"transportation_state_rnk",71.565
"29095012000","tract",2019,"transportation_state_rnk",27.9941
"29095012100","tract",2019,"transportation_state_rnk",69.4342
"29095012200","tract",2019,"transportation_state_rnk",66.532
"29095012300","tract",2019,"transportation_state_rnk",71.7855
"29095012400","tract",2019,"transportation_state_rnk",70.3527
"29095012501","tract",2019,"transportation_state_rnk",64.6216
"29095012502","tract",2019,"transportation_state_rnk",76.8553
"29095012600","tract",2019,"transportation_state_rnk",77.2961
"29095012701","tract",2019,"transportation_state_rnk",57.421
"29095012802","tract",2019,"transportation_state_rnk",70.3527
"29095012803","tract",2019,"transportation_state_rnk",9.1477
"29095012804","tract",2019,"transportation_state_rnk",77.8839
"29095012903","tract",2019,"transportation_state_rnk",75.4225
"29095012904","tract",2019,"transportation_state_rnk",64.989
"29095012906","tract",2019,"transportation_state_rnk",77.1859
"29095013003","tract",2019,"transportation_state_rnk",71.8589
"29095013100","tract",2019,"transportation_state_rnk",86.7744
"29095013203","tract",2019,"transportation_state_rnk",91.1095
"29095013208","tract",2019,"transportation_state_rnk",82.6598
"29095013210","tract",2019,"transportation_state_rnk",86.9949
"29095013301","tract",2019,"transportation_state_rnk",79.9412
"29095013307","tract",2019,"transportation_state_rnk",67.23
"29095013309","tract",2019,"transportation_state_rnk",81.1903
"29095013313","tract",2019,"transportation_state_rnk",68.5893
"29095013401","tract",2019,"transportation_state_rnk",88.0602
"29095013405","tract",2019,"transportation_state_rnk",80.1616
"29095013407","tract",2019,"transportation_state_rnk",78.1778
"29095013408","tract",2019,"transportation_state_rnk",88.0602
"29095013410","tract",2019,"transportation_state_rnk",37.0316
"29095013416","tract",2019,"transportation_state_rnk",20.8303
"29095013502","tract",2019,"transportation_state_rnk",7.4578
"29095013504","tract",2019,"transportation_state_rnk",11.8295
"29095013606","tract",2019,"transportation_state_rnk",1.5797
"29095013608","tract",2019,"transportation_state_rnk",24.8347
"29095013612","tract",2019,"transportation_state_rnk",17.1932
"29095013703","tract",2019,"transportation_state_rnk",26.4879
"29095013704","tract",2019,"transportation_state_rnk",10.2131
"29095013801","tract",2019,"transportation_state_rnk",6.8332
"29095013802","tract",2019,"transportation_state_rnk",15.8339
"29095013901","tract",2019,"transportation_state_rnk",19.6179
"29095013902","tract",2019,"transportation_state_rnk",17.5974
"29095013904","tract",2019,"transportation_state_rnk",8.2292
"29095013916","tract",2019,"transportation_state_rnk",5.4372
"29095014002","tract",2019,"transportation_state_rnk",14.4379
"29095014004","tract",2019,"transportation_state_rnk",43.4974
"29095014005","tract",2019,"transportation_state_rnk",14.6216
"29095014006","tract",2019,"transportation_state_rnk",63.3358
"29095014007","tract",2019,"transportation_state_rnk",69.324
"29095014101","tract",2019,"transportation_state_rnk",74.4306
"29095014105","tract",2019,"transportation_state_rnk",60.0294
"29095014108","tract",2019,"transportation_state_rnk",79.2432
"29095014111","tract",2019,"transportation_state_rnk",16.8626
"29095014112","tract",2019,"transportation_state_rnk",15.6503
"29095014114","tract",2019,"transportation_state_rnk",75.0184
"29095014120","tract",2019,"transportation_state_rnk",5.1065
"29095014203","tract",2019,"transportation_state_rnk",54.5187
"29095014204","tract",2019,"transportation_state_rnk",59.1109
"29095014300","tract",2019,"transportation_state_rnk",12.9317
"29095014400","tract",2019,"transportation_state_rnk",36.8479
"29095014501","tract",2019,"transportation_state_rnk",22.3733
"29095014502","tract",2019,"transportation_state_rnk",19.1403
"29095014601","tract",2019,"transportation_state_rnk",66.8259
"29095014603","tract",2019,"transportation_state_rnk",64.0338
"29095014604","tract",2019,"transportation_state_rnk",80.7494
"29095014701","tract",2019,"transportation_state_rnk",9.9927
"29095014702","tract",2019,"transportation_state_rnk",47.0977
"29095014804","tract",2019,"transportation_state_rnk",6.3189
"29095014806","tract",2019,"transportation_state_rnk",62.748
"29095014902","tract",2019,"transportation_state_rnk",24.504
"29095014903","tract",2019,"transportation_state_rnk",0.0735
"29095014904","tract",2019,"transportation_state_rnk",59.3681
"29095014905","tract",2019,"transportation_state_rnk",3.4901
"29095015000","tract",2019,"transportation_state_rnk",27.2961
"29095015100","tract",2019,"transportation_state_rnk",76.4511
"29095015200","tract",2019,"transportation_state_rnk",71.3446
"29095015300","tract",2019,"transportation_state_rnk",82.77
"29095015400","tract",2019,"transportation_state_rnk",98.6774
"29095015500","tract",2019,"transportation_state_rnk",57.3108
"29095015600","tract",2019,"transportation_state_rnk",28.5819
"29095015700","tract",2019,"transportation_state_rnk",94.5628
"29095015800","tract",2019,"transportation_state_rnk",90.8156
"29095015900","tract",2019,"transportation_state_rnk",NA
"29095016000","tract",2019,"transportation_state_rnk",95.5915
"29095016100","tract",2019,"transportation_state_rnk",77.8839
"29095016200","tract",2019,"transportation_state_rnk",85.9662
"29095016300","tract",2019,"transportation_state_rnk",65.4298
"29095016400","tract",2019,"transportation_state_rnk",95.1506
"29095016500","tract",2019,"transportation_state_rnk",90.6686
"29095016600","tract",2019,"transportation_state_rnk",74.2836
"29095016700","tract",2019,"transportation_state_rnk",90.5952
"29095016800","tract",2019,"transportation_state_rnk",87.6561
"29095016900","tract",2019,"transportation_state_rnk",94.7832
"29095017000","tract",2019,"transportation_state_rnk",64.6216
"29095017100","tract",2019,"transportation_state_rnk",87.95
"29095017200","tract",2019,"transportation_state_rnk",80.0882
"29095017300","tract",2019,"transportation_state_rnk",68.773
"29095017400","tract",2019,"transportation_state_rnk",86.1866
"29095017500","tract",2019,"transportation_state_rnk",56.8699
"29095017600","tract",2019,"transportation_state_rnk",54.8861
"29095017700","tract",2019,"transportation_state_rnk",53.1962
"29095017800","tract",2019,"transportation_state_rnk",96.4732
"29095017900","tract",2019,"transportation_state_rnk",36.7377
"29095018000","tract",2019,"transportation_state_rnk",32.6231
"29095018100","tract",2019,"transportation_state_rnk",21.1242
"29095018200","tract",2019,"transportation_state_rnk",5.1065
"29095018500","tract",2019,"transportation_state_rnk",7.2006
"29095018600","tract",2019,"transportation_state_rnk",5.1065
"29095019300","tract",2019,"transportation_state_rnk",62.2337
"29095980101","tract",2019,"transportation_state_rnk",NA
"29095980802","tract",2019,"transportation_state_rnk",NA
"29095988300","tract",2019,"transportation_state_rnk",NA
"29095989100","tract",2019,"transportation_state_rnk",NA
"29095989200","tract",2019,"transportation_state_rnk",NA
"29097010100","tract",2019,"transportation_state_rnk",85.0845
"29097010200","tract",2019,"transportation_state_rnk",46.3262
"29097010300","tract",2019,"transportation_state_rnk",37.252
"29097010400","tract",2019,"transportation_state_rnk",57.568
"29097010500","tract",2019,"transportation_state_rnk",62.4908
"29097010600","tract",2019,"transportation_state_rnk",65.687
"29097010700","tract",2019,"transportation_state_rnk",49.4857
"29097010800","tract",2019,"transportation_state_rnk",82.9904
"29097010900","tract",2019,"transportation_state_rnk",58.6701
"29097011000","tract",2019,"transportation_state_rnk",86.5173
"29097011100","tract",2019,"transportation_state_rnk",62.1234
"29097011200","tract",2019,"transportation_state_rnk",51.0654
"29097011300","tract",2019,"transportation_state_rnk",10.4335
"29097011400","tract",2019,"transportation_state_rnk",55.1433
"29097011500","tract",2019,"transportation_state_rnk",14.989
"29097011600","tract",2019,"transportation_state_rnk",83.2476
"29097011700","tract",2019,"transportation_state_rnk",79.8677
"29097011800","tract",2019,"transportation_state_rnk",68.4056
"29097011900","tract",2019,"transportation_state_rnk",1.9104
"29097012000","tract",2019,"transportation_state_rnk",10.0661
"29097012100","tract",2019,"transportation_state_rnk",3.3064
"29097012200","tract",2019,"transportation_state_rnk",6.7597
"29099700107","tract",2019,"transportation_state_rnk",21.9691
"29099700109","tract",2019,"transportation_state_rnk",51.6165
"29099700110","tract",2019,"transportation_state_rnk",62.4908
"29099700111","tract",2019,"transportation_state_rnk",63.0051
"29099700113","tract",2019,"transportation_state_rnk",4.482
"29099700114","tract",2019,"transportation_state_rnk",17.2667
"29099700115","tract",2019,"transportation_state_rnk",48.3101
"29099700116","tract",2019,"transportation_state_rnk",12.2704
"29099700117","tract",2019,"transportation_state_rnk",50.3674
"29099700118","tract",2019,"transportation_state_rnk",73.108
"29099700119","tract",2019,"transportation_state_rnk",32.77
"29099700203","tract",2019,"transportation_state_rnk",58.0088
"29099700206","tract",2019,"transportation_state_rnk",64.4379
"29099700207","tract",2019,"transportation_state_rnk",49.2285
"29099700208","tract",2019,"transportation_state_rnk",57.7149
"29099700209","tract",2019,"transportation_state_rnk",13.1888
"29099700210","tract",2019,"transportation_state_rnk",35.5253
"29099700211","tract",2019,"transportation_state_rnk",22.8508
"29099700302","tract",2019,"transportation_state_rnk",6.0985
"29099700303","tract",2019,"transportation_state_rnk",52.4982
"29099700304","tract",2019,"transportation_state_rnk",73.8428
"29099700401","tract",2019,"transportation_state_rnk",18.6627
"29099700402","tract",2019,"transportation_state_rnk",4.1514
"29099700502","tract",2019,"transportation_state_rnk",8.5599
"29099700503","tract",2019,"transportation_state_rnk",31.0066
"29099700504","tract",2019,"transportation_state_rnk",12.0132
"29099700601","tract",2019,"transportation_state_rnk",12.9317
"29099700603","tract",2019,"transportation_state_rnk",43.3505
"29099700604","tract",2019,"transportation_state_rnk",6.576
"29099700605","tract",2019,"transportation_state_rnk",40.191
"29099700700","tract",2019,"transportation_state_rnk",55.2902
"29099700801","tract",2019,"transportation_state_rnk",54.4085
"29099700802","tract",2019,"transportation_state_rnk",32.4761
"29099700900","tract",2019,"transportation_state_rnk",56.7597
"29099701000","tract",2019,"transportation_state_rnk",27.0022
"29099701101","tract",2019,"transportation_state_rnk",0.7348
"29099701102","tract",2019,"transportation_state_rnk",32.8435
"29099701200","tract",2019,"transportation_state_rnk",24.0265
"29099701300","tract",2019,"transportation_state_rnk",19.1403
"29099701401","tract",2019,"transportation_state_rnk",23.5856
"29099701403","tract",2019,"transportation_state_rnk",3.9309
"29099701404","tract",2019,"transportation_state_rnk",5.8413
"29101960100","tract",2019,"transportation_state_rnk",8.3762
"29101960200","tract",2019,"transportation_state_rnk",30.8964
"29101960300","tract",2019,"transportation_state_rnk",5.5107
"29101960400","tract",2019,"transportation_state_rnk",NA
"29101960500","tract",2019,"transportation_state_rnk",18.0015
"29101960600","tract",2019,"transportation_state_rnk",61.4254
"29101960700","tract",2019,"transportation_state_rnk",11.0213
"29101960900","tract",2019,"transportation_state_rnk",27.8104
"29101980000","tract",2019,"transportation_state_rnk",40.4482
"29103960100","tract",2019,"transportation_state_rnk",23.7693
"29103960200","tract",2019,"transportation_state_rnk",32.2924
"29105960100","tract",2019,"transportation_state_rnk",25.0184
"29105960298","tract",2019,"transportation_state_rnk",17.8545
"29105960300","tract",2019,"transportation_state_rnk",0.2204
"29105960400","tract",2019,"transportation_state_rnk",34.7906
"29105960500","tract",2019,"transportation_state_rnk",41.4769
"29105960600","tract",2019,"transportation_state_rnk",57.0536
"29107090100","tract",2019,"transportation_state_rnk",21.1242
"29107090200","tract",2019,"transportation_state_rnk",51.6165
"29107090300","tract",2019,"transportation_state_rnk",12.4541
"29107090400","tract",2019,"transportation_state_rnk",30.4188
"29107090500","tract",2019,"transportation_state_rnk",42.9831
"29107090601","tract",2019,"transportation_state_rnk",26.3042
"29107090602","tract",2019,"transportation_state_rnk",17.0463
"29109470100","tract",2019,"transportation_state_rnk",16.7157
"29109470200","tract",2019,"transportation_state_rnk",29.9045
"29109470300","tract",2019,"transportation_state_rnk",32.2924
"29109470400","tract",2019,"transportation_state_rnk",1.9838
"29109470500","tract",2019,"transportation_state_rnk",20.4996
"29109470601","tract",2019,"transportation_state_rnk",62.6378
"29109470602","tract",2019,"transportation_state_rnk",61.8663
"29111970100","tract",2019,"transportation_state_rnk",67.3769
"29111970200","tract",2019,"transportation_state_rnk",48.604
"29111970300","tract",2019,"transportation_state_rnk",19.6179
"29111970400","tract",2019,"transportation_state_rnk",60.5805
"29113810100","tract",2019,"transportation_state_rnk",44.9302
"29113810201","tract",2019,"transportation_state_rnk",36.4805
"29113810202","tract",2019,"transportation_state_rnk",18.4056
"29113810301","tract",2019,"transportation_state_rnk",29.5004
"29113810303","tract",2019,"transportation_state_rnk",13.6297
"29113810304","tract",2019,"transportation_state_rnk",12.6745
"29113810400","tract",2019,"transportation_state_rnk",19.8384
"29115490100","tract",2019,"transportation_state_rnk",16.3483
"29115490200","tract",2019,"transportation_state_rnk",20.3159
"29115490300","tract",2019,"transportation_state_rnk",33.5783
"29115490400","tract",2019,"transportation_state_rnk",54.6289
"29115490500","tract",2019,"transportation_state_rnk",6.9434
"29117480100","tract",2019,"transportation_state_rnk",6.6863
"29117480200","tract",2019,"transportation_state_rnk",9.5518
"29117480300","tract",2019,"transportation_state_rnk",27.0022
"29117480400","tract",2019,"transportation_state_rnk",47.5753
"29117480500","tract",2019,"transportation_state_rnk",72.5937
"29119070100","tract",2019,"transportation_state_rnk",34.9743
"29119070200","tract",2019,"transportation_state_rnk",26.6716
"29119070300","tract",2019,"transportation_state_rnk",56.9434
"29119070400","tract",2019,"transportation_state_rnk",22.2263
"29121960100","tract",2019,"transportation_state_rnk",23.5856
"29121960200","tract",2019,"transportation_state_rnk",65.9074
"29121960300","tract",2019,"transportation_state_rnk",14.2175
"29121960400","tract",2019,"transportation_state_rnk",79.7943
"29121960500","tract",2019,"transportation_state_rnk",78.7656
"29123960100","tract",2019,"transportation_state_rnk",39.1624
"29123960200","tract",2019,"transportation_state_rnk",39.0154
"29123960300","tract",2019,"transportation_state_rnk",24.7245
"29125880100","tract",2019,"transportation_state_rnk",58.1558
"29125880298","tract",2019,"transportation_state_rnk",44.9302
"29125880300","tract",2019,"transportation_state_rnk",49.9633
"29127960100","tract",2019,"transportation_state_rnk",3.8207
"29127960200","tract",2019,"transportation_state_rnk",14.8788
"29127960300","tract",2019,"transportation_state_rnk",24.1734
"29127960400","tract",2019,"transportation_state_rnk",55.5474
"29127960500","tract",2019,"transportation_state_rnk",47.8325
"29127960600","tract",2019,"transportation_state_rnk",1.5797
"29127960800","tract",2019,"transportation_state_rnk",57.568
"29127960900","tract",2019,"transportation_state_rnk",16.0911
"29129470100","tract",2019,"transportation_state_rnk",34.0191
"29129470200","tract",2019,"transportation_state_rnk",66.9728
"29131962500","tract",2019,"transportation_state_rnk",15.2829
"29131962600","tract",2019,"transportation_state_rnk",2.3512
"29131962700","tract",2019,"transportation_state_rnk",22.3733
"29131962800","tract",2019,"transportation_state_rnk",30.1249
"29131962900","tract",2019,"transportation_state_rnk",59.8457
"29133950100","tract",2019,"transportation_state_rnk",NA
"29133950200","tract",2019,"transportation_state_rnk",65.54
"29133950300","tract",2019,"transportation_state_rnk",32.6231
"29133950400","tract",2019,"transportation_state_rnk",87.7296
"29135385100","tract",2019,"transportation_state_rnk",17.3769
"29135385200","tract",2019,"transportation_state_rnk",20.2057
"29135385300","tract",2019,"transportation_state_rnk",85.7458
"29135385400","tract",2019,"transportation_state_rnk",34.313
"29137960100","tract",2019,"transportation_state_rnk",41.5871
"29137960200","tract",2019,"transportation_state_rnk",53.3064
"29137960300","tract",2019,"transportation_state_rnk",39.7502
"29139970100","tract",2019,"transportation_state_rnk",38.7583
"29139970200","tract",2019,"transportation_state_rnk",28.2513
"29139970300","tract",2019,"transportation_state_rnk",38.2807
"29139970400","tract",2019,"transportation_state_rnk",13.5195
"29141470100","tract",2019,"transportation_state_rnk",75.4225
"29141470200","tract",2019,"transportation_state_rnk",39.3093
"29141470300","tract",2019,"transportation_state_rnk",67.5239
"29141470400","tract",2019,"transportation_state_rnk",24.9082
"29141470500","tract",2019,"transportation_state_rnk",68.2586
"29143960100","tract",2019,"transportation_state_rnk",28.4717
"29143960200","tract",2019,"transportation_state_rnk",32.9904
"29143960300","tract",2019,"transportation_state_rnk",41.9177
"29143960400","tract",2019,"transportation_state_rnk",36.0764
"29143960500","tract",2019,"transportation_state_rnk",22.7774
"29143960600","tract",2019,"transportation_state_rnk",50.1102
"29145020100","tract",2019,"transportation_state_rnk",42.9831
"29145020200","tract",2019,"transportation_state_rnk",24.0265
"29145020300","tract",2019,"transportation_state_rnk",36.8479
"29145020400","tract",2019,"transportation_state_rnk",16.0911
"29145020501","tract",2019,"transportation_state_rnk",64.144
"29145020502","tract",2019,"transportation_state_rnk",56.2454
"29145020601","tract",2019,"transportation_state_rnk",2.5716
"29145020602","tract",2019,"transportation_state_rnk",2.4982
"29145020700","tract",2019,"transportation_state_rnk",4.7759
"29145020800","tract",2019,"transportation_state_rnk",29.7208
"29145020900","tract",2019,"transportation_state_rnk",27.9941
"29145021000","tract",2019,"transportation_state_rnk",31.8883
"29147470100","tract",2019,"transportation_state_rnk",21.7855
"29147470200","tract",2019,"transportation_state_rnk",6.2087
"29147470300","tract",2019,"transportation_state_rnk",36.6642
"29147470400","tract",2019,"transportation_state_rnk",44.2689
"29147470500","tract",2019,"transportation_state_rnk",10.5437
"29149480100","tract",2019,"transportation_state_rnk",5.5841
"29149480200","tract",2019,"transportation_state_rnk",20.3159
"29149480300","tract",2019,"transportation_state_rnk",51.0654
"29151490100","tract",2019,"transportation_state_rnk",26.4879
"29151490200","tract",2019,"transportation_state_rnk",11.2785
"29151490300","tract",2019,"transportation_state_rnk",13.3725
"29151490400","tract",2019,"transportation_state_rnk",38.097
"29153470100","tract",2019,"transportation_state_rnk",62.3439
"29153470200","tract",2019,"transportation_state_rnk",55.9515
"29155470100","tract",2019,"transportation_state_rnk",26.047
"29155470200","tract",2019,"transportation_state_rnk",36.0764
"29155470300","tract",2019,"transportation_state_rnk",24.6143
"29155470400","tract",2019,"transportation_state_rnk",68.8464
"29155470500","tract",2019,"transportation_state_rnk",12.3439
"29155470600","tract",2019,"transportation_state_rnk",31.1903
"29157470100","tract",2019,"transportation_state_rnk",3.7472
"29157470200","tract",2019,"transportation_state_rnk",16.7157
"29157470300","tract",2019,"transportation_state_rnk",19.3975
"29157470400","tract",2019,"transportation_state_rnk",35.5253
"29157470500","tract",2019,"transportation_state_rnk",2.1308
"29159480100","tract",2019,"transportation_state_rnk",9.3314
"29159480200","tract",2019,"transportation_state_rnk",4.8494
"29159480300","tract",2019,"transportation_state_rnk",22.6672
"29159480400","tract",2019,"transportation_state_rnk",0.8817
"29159480500","tract",2019,"transportation_state_rnk",28.4717
"29159480600","tract",2019,"transportation_state_rnk",61.0213
"29159480700","tract",2019,"transportation_state_rnk",46.1793
"29159480800","tract",2019,"transportation_state_rnk",25.8633
"29159480900","tract",2019,"transportation_state_rnk",56.1352
"29159481000","tract",2019,"transportation_state_rnk",8.3762
"29159481100","tract",2019,"transportation_state_rnk",35.8927
"29161890100","tract",2019,"transportation_state_rnk",13.0786
"29161890200","tract",2019,"transportation_state_rnk",5.8413
"29161890300","tract",2019,"transportation_state_rnk",50.7348
"29161890400","tract",2019,"transportation_state_rnk",NA
"29161890500","tract",2019,"transportation_state_rnk",7.4578
"29161890600","tract",2019,"transportation_state_rnk",25.7899
"29161890700","tract",2019,"transportation_state_rnk",14.3277
"29161890800","tract",2019,"transportation_state_rnk",39.4195
"29161890900","tract",2019,"transportation_state_rnk",38.097
"29161891000","tract",2019,"transportation_state_rnk",23.8795
"29163460100","tract",2019,"transportation_state_rnk",34.4967
"29163460200","tract",2019,"transportation_state_rnk",3.086
"29163460300","tract",2019,"transportation_state_rnk",NA
"29163460400","tract",2019,"transportation_state_rnk",27.9941
"29163460500","tract",2019,"transportation_state_rnk",55.9515
"29165030001","tract",2019,"transportation_state_rnk",75.6796
"29165030002","tract",2019,"transportation_state_rnk",46.914
"29165030101","tract",2019,"transportation_state_rnk",13.7766
"29165030102","tract",2019,"transportation_state_rnk",59.5151
"29165030103","tract",2019,"transportation_state_rnk",63.9236
"29165030201","tract",2019,"transportation_state_rnk",12.1234
"29165030205","tract",2019,"transportation_state_rnk",76.1572
"29165030207","tract",2019,"transportation_state_rnk",69.5077
"29165030208","tract",2019,"transportation_state_rnk",2.0573
"29165030209","tract",2019,"transportation_state_rnk",64.7318
"29165030210","tract",2019,"transportation_state_rnk",77.4431
"29165030211","tract",2019,"transportation_state_rnk",56.6495
"29165030305","tract",2019,"transportation_state_rnk",74.504
"29165030306","tract",2019,"transportation_state_rnk",56.2454
"29165030307","tract",2019,"transportation_state_rnk",NA
"29165030308","tract",2019,"transportation_state_rnk",30.7862
"29165030401","tract",2019,"transportation_state_rnk",8.0088
"29165030500","tract",2019,"transportation_state_rnk",41.9177
"29165030600","tract",2019,"transportation_state_rnk",13.8868
"29165030700","tract",2019,"transportation_state_rnk",9.0375
"29167960100","tract",2019,"transportation_state_rnk",49.9633
"29167960200","tract",2019,"transportation_state_rnk",45.3343
"29167960300","tract",2019,"transportation_state_rnk",33.1374
"29167960400","tract",2019,"transportation_state_rnk",39.6032
"29169470101","tract",2019,"transportation_state_rnk",33.8354
"29169470102","tract",2019,"transportation_state_rnk",29.2065
"29169470286","tract",2019,"transportation_state_rnk",15.3564
"29169470287","tract",2019,"transportation_state_rnk",15.1359
"29169470389","tract",2019,"transportation_state_rnk",NA
"29169470390","tract",2019,"transportation_state_rnk",21.3813
"29169470400","tract",2019,"transportation_state_rnk",24.504
"29169470500","tract",2019,"transportation_state_rnk",11.4989
"29169470600","tract",2019,"transportation_state_rnk",71.1242
"29171960100","tract",2019,"transportation_state_rnk",28.7656
"29171960200","tract",2019,"transportation_state_rnk",52.9758
"29173470100","tract",2019,"transportation_state_rnk",0.5143
"29173470200","tract",2019,"transportation_state_rnk",20.4262
"29173470300","tract",2019,"transportation_state_rnk",18.8097
"29175490100","tract",2019,"transportation_state_rnk",7.2006
"29175490200","tract",2019,"transportation_state_rnk",11.0213
"29175490300","tract",2019,"transportation_state_rnk",29.5004
"29175490400","tract",2019,"transportation_state_rnk",27.2961
"29175490500","tract",2019,"transportation_state_rnk",40.9625
"29175490600","tract",2019,"transportation_state_rnk",1.0654
"29177080000","tract",2019,"transportation_state_rnk",4.1514
"29177080100","tract",2019,"transportation_state_rnk",26.5981
"29177080200","tract",2019,"transportation_state_rnk",52.7186
"29177080300","tract",2019,"transportation_state_rnk",13.7766
"29179380100","tract",2019,"transportation_state_rnk",46.8038
"29179380200","tract",2019,"transportation_state_rnk",16.0911
"29181870100","tract",2019,"transportation_state_rnk",50.5143
"29181870200","tract",2019,"transportation_state_rnk",21.2711
"29181870300","tract",2019,"transportation_state_rnk",48.1264
"29181870400","tract",2019,"transportation_state_rnk",41.6973
"29183310100","tract",2019,"transportation_state_rnk",11.8295
"29183310201","tract",2019,"transportation_state_rnk",52.7186
"29183310202","tract",2019,"transportation_state_rnk",48.1264
"29183310301","tract",2019,"transportation_state_rnk",51.6165
"29183310302","tract",2019,"transportation_state_rnk",53.4901
"29183310400","tract",2019,"transportation_state_rnk",70.3527
"29183310501","tract",2019,"transportation_state_rnk",NA
"29183310502","tract",2019,"transportation_state_rnk",63.1521
"29183310601","tract",2019,"transportation_state_rnk",NA
"29183310602","tract",2019,"transportation_state_rnk",40.4482
"29183310700","tract",2019,"transportation_state_rnk",65.4298
"29183310801","tract",2019,"transportation_state_rnk",11.2785
"29183310802","tract",2019,"transportation_state_rnk",62.6378
"29183310901","tract",2019,"transportation_state_rnk",44.9302
"29183310902","tract",2019,"transportation_state_rnk",47.9794
"29183310903","tract",2019,"transportation_state_rnk",60.8744
"29183311001","tract",2019,"transportation_state_rnk",57.8619
"29183311003","tract",2019,"transportation_state_rnk",36.3336
"29183311004","tract",2019,"transportation_state_rnk",52.8655
"29183311103","tract",2019,"transportation_state_rnk",47.759
"29183311114","tract",2019,"transportation_state_rnk",39.1624
"29183311122","tract",2019,"transportation_state_rnk",48.8244
"29183311124","tract",2019,"transportation_state_rnk",6.9434
"29183311132","tract",2019,"transportation_state_rnk",2.4247
"29183311145","tract",2019,"transportation_state_rnk",35.7825
"29183311146","tract",2019,"transportation_state_rnk",46.1793
"29183311147","tract",2019,"transportation_state_rnk",36.5907
"29183311148","tract",2019,"transportation_state_rnk",41.1462
"29183311149","tract",2019,"transportation_state_rnk",53.1227
"29183311150","tract",2019,"transportation_state_rnk",33.6885
"29183311151","tract",2019,"transportation_state_rnk",30.8964
"29183311152","tract",2019,"transportation_state_rnk",43.4974
"29183311153","tract",2019,"transportation_state_rnk",8.7068
"29183311154","tract",2019,"transportation_state_rnk",40.9625
"29183311203","tract",2019,"transportation_state_rnk",48.8244
"29183311211","tract",2019,"transportation_state_rnk",53.8207
"29183311212","tract",2019,"transportation_state_rnk",40.1176
"29183311221","tract",2019,"transportation_state_rnk",52.4982
"29183311294","tract",2019,"transportation_state_rnk",38.5011
"29183311296","tract",2019,"transportation_state_rnk",41.4769
"29183311311","tract",2019,"transportation_state_rnk",52.094
"29183311312","tract",2019,"transportation_state_rnk",49.4857
"29183311322","tract",2019,"transportation_state_rnk",35.8927
"29183311331","tract",2019,"transportation_state_rnk",49.0081
"29183311391","tract",2019,"transportation_state_rnk",49.7061
"29183311422","tract",2019,"transportation_state_rnk",26.7818
"29183311500","tract",2019,"transportation_state_rnk",38.6481
"29183311601","tract",2019,"transportation_state_rnk",9.5518
"29183311602","tract",2019,"transportation_state_rnk",56.4291
"29183311712","tract",2019,"transportation_state_rnk",51.8369
"29183311721","tract",2019,"transportation_state_rnk",42.3953
"29183311722","tract",2019,"transportation_state_rnk",23.4019
"29183311732","tract",2019,"transportation_state_rnk",42.6892
"29183311733","tract",2019,"transportation_state_rnk",23.2917
"29183311734","tract",2019,"transportation_state_rnk",18.9566
"29183311735","tract",2019,"transportation_state_rnk",54.0044
"29183311736","tract",2019,"transportation_state_rnk",22.9978
"29183311801","tract",2019,"transportation_state_rnk",9.2579
"29183311802","tract",2019,"transportation_state_rnk",47.2447
"29183311903","tract",2019,"transportation_state_rnk",40.7054
"29183311904","tract",2019,"transportation_state_rnk",19.2873
"29183311907","tract",2019,"transportation_state_rnk",61.1683
"29183311908","tract",2019,"transportation_state_rnk",20.0588
"29183311909","tract",2019,"transportation_state_rnk",37.5459
"29183312001","tract",2019,"transportation_state_rnk",2.2777
"29183312094","tract",2019,"transportation_state_rnk",2.939
"29183312095","tract",2019,"transportation_state_rnk",47.0242
"29183312096","tract",2019,"transportation_state_rnk",37.252
"29183312097","tract",2019,"transportation_state_rnk",0.3306
"29183312192","tract",2019,"transportation_state_rnk",3.1962
"29183312193","tract",2019,"transportation_state_rnk",12.4541
"29183312194","tract",2019,"transportation_state_rnk",42.1749
"29183312195","tract",2019,"transportation_state_rnk",57.7149
"29183312204","tract",2019,"transportation_state_rnk",12.9317
"29183312205","tract",2019,"transportation_state_rnk",24.7245
"29183312206","tract",2019,"transportation_state_rnk",8.8905
"29183312300","tract",2019,"transportation_state_rnk",2.2043
"29183312400","tract",2019,"transportation_state_rnk",59.7355
"29183980000","tract",2019,"transportation_state_rnk",NA
"29185480100","tract",2019,"transportation_state_rnk",31.9985
"29185480200","tract",2019,"transportation_state_rnk",47.5753
"29185480300","tract",2019,"transportation_state_rnk",56.576
"29186960100","tract",2019,"transportation_state_rnk",20.6466
"29186960200","tract",2019,"transportation_state_rnk",44.7098
"29186960300","tract",2019,"transportation_state_rnk",4.5555
"29186960400","tract",2019,"transportation_state_rnk",22.5569
"29187950101","tract",2019,"transportation_state_rnk",47.2447
"29187950102","tract",2019,"transportation_state_rnk",18.7362
"29187950300","tract",2019,"transportation_state_rnk",NA
"29187950400","tract",2019,"transportation_state_rnk",19.6179
"29187950600","tract",2019,"transportation_state_rnk",17.4871
"29187950700","tract",2019,"transportation_state_rnk",13.6297
"29187950800","tract",2019,"transportation_state_rnk",24.3204
"29187950901","tract",2019,"transportation_state_rnk",37.9868
"29187950902","tract",2019,"transportation_state_rnk",NA
"29187951000","tract",2019,"transportation_state_rnk",21.565
"29187951100","tract",2019,"transportation_state_rnk",41.6973
"29189210100","tract",2019,"transportation_state_rnk",65.2829
"29189210200","tract",2019,"transportation_state_rnk",92.1381
"29189210300","tract",2019,"transportation_state_rnk",93.8281
"29189210400","tract",2019,"transportation_state_rnk",89.1991
"29189210501","tract",2019,"transportation_state_rnk",89.1256
"29189210502","tract",2019,"transportation_state_rnk",94.8935
"29189210600","tract",2019,"transportation_state_rnk",88.6113
"29189210702","tract",2019,"transportation_state_rnk",94.7098
"29189210703","tract",2019,"transportation_state_rnk",86.9949
"29189210704","tract",2019,"transportation_state_rnk",87.3622
"29189210803","tract",2019,"transportation_state_rnk",60.1029
"29189210804","tract",2019,"transportation_state_rnk",65.0992
"29189210805","tract",2019,"transportation_state_rnk",84.1293
"29189210806","tract",2019,"transportation_state_rnk",66.1278
"29189210912","tract",2019,"transportation_state_rnk",37.9133
"29189210921","tract",2019,"transportation_state_rnk",52.388
"29189210923","tract",2019,"transportation_state_rnk",53.9309
"29189210924","tract",2019,"transportation_state_rnk",55.7311
"29189210925","tract",2019,"transportation_state_rnk",39.9706
"29189210926","tract",2019,"transportation_state_rnk",51.2491
"29189210927","tract",2019,"transportation_state_rnk",37.5459
"29189210928","tract",2019,"transportation_state_rnk",54.1514
"29189211000","tract",2019,"transportation_state_rnk",76.6348
"29189211101","tract",2019,"transportation_state_rnk",85.3049
"29189211102","tract",2019,"transportation_state_rnk",77.8839
"29189211201","tract",2019,"transportation_state_rnk",42.8361
"29189211202","tract",2019,"transportation_state_rnk",66.9728
"29189211301","tract",2019,"transportation_state_rnk",57.8619
"29189211331","tract",2019,"transportation_state_rnk",44.5996
"29189211332","tract",2019,"transportation_state_rnk",46.4732
"29189211333","tract",2019,"transportation_state_rnk",53.6003
"29189211334","tract",2019,"transportation_state_rnk",59.1109
"29189211401","tract",2019,"transportation_state_rnk",64.3644
"29189211402","tract",2019,"transportation_state_rnk",44.4159
"29189211500","tract",2019,"transportation_state_rnk",90.9625
"29189211600","tract",2019,"transportation_state_rnk",74.3571
"29189211700","tract",2019,"transportation_state_rnk",55.4372
"29189211801","tract",2019,"transportation_state_rnk",96.9875
"29189211802","tract",2019,"transportation_state_rnk",89.7134
"29189211900","tract",2019,"transportation_state_rnk",98.2366
"29189212001","tract",2019,"transportation_state_rnk",85.8193
"29189212002","tract",2019,"transportation_state_rnk",86.2601
"29189212101","tract",2019,"transportation_state_rnk",83.9824
"29189212102","tract",2019,"transportation_state_rnk",92.432
"29189212200","tract",2019,"transportation_state_rnk",94.4893
"29189212300","tract",2019,"transportation_state_rnk",84.8641
"29189212400","tract",2019,"transportation_state_rnk",66.8259
"29189212500","tract",2019,"transportation_state_rnk",88.3909
"29189212600","tract",2019,"transportation_state_rnk",79.133
"29189212700","tract",2019,"transportation_state_rnk",74.9449
"29189213101","tract",2019,"transportation_state_rnk",71.712
"29189213102","tract",2019,"transportation_state_rnk",95.8119
"29189213202","tract",2019,"transportation_state_rnk",61.8663
"29189213203","tract",2019,"transportation_state_rnk",4.1514
"29189213204","tract",2019,"transportation_state_rnk",45.518
"29189213300","tract",2019,"transportation_state_rnk",87.5092
"29189213400","tract",2019,"transportation_state_rnk",84.3497
"29189213500","tract",2019,"transportation_state_rnk",68.1852
"29189213600","tract",2019,"transportation_state_rnk",98.0162
"29189213700","tract",2019,"transportation_state_rnk",87.8766
"29189213800","tract",2019,"transportation_state_rnk",92.2116
"29189213900","tract",2019,"transportation_state_rnk",84.7171
"29189214100","tract",2019,"transportation_state_rnk",91.734
"29189214200","tract",2019,"transportation_state_rnk",94.6363
"29189214300","tract",2019,"transportation_state_rnk",86.3336
"29189214400","tract",2019,"transportation_state_rnk",73.0345
"29189214500","tract",2019,"transportation_state_rnk",81.3373
"29189214601","tract",2019,"transportation_state_rnk",68.3321
"29189214602","tract",2019,"transportation_state_rnk",85.3784
"29189214700","tract",2019,"transportation_state_rnk",81.8148
"29189214800","tract",2019,"transportation_state_rnk",71.6385
"29189214900","tract",2019,"transportation_state_rnk",61.6458
"29189215001","tract",2019,"transportation_state_rnk",50.8817
"29189215003","tract",2019,"transportation_state_rnk",55.2902
"29189215004","tract",2019,"transportation_state_rnk",53.6003
"29189215005","tract",2019,"transportation_state_rnk",58.0088
"29189215102","tract",2019,"transportation_state_rnk",35.5253
"29189215103","tract",2019,"transportation_state_rnk",35.5253
"29189215105","tract",2019,"transportation_state_rnk",44.2689
"29189215141","tract",2019,"transportation_state_rnk",49.1183
"29189215142","tract",2019,"transportation_state_rnk",21.565
"29189215143","tract",2019,"transportation_state_rnk",31.1903
"29189215144","tract",2019,"transportation_state_rnk",51.8369
"29189215201","tract",2019,"transportation_state_rnk",49.8163
"29189215202","tract",2019,"transportation_state_rnk",38.9052
"29189215231","tract",2019,"transportation_state_rnk",57.0536
"29189215232","tract",2019,"transportation_state_rnk",51.4328
"29189215301","tract",2019,"transportation_state_rnk",59.5885
"29189215302","tract",2019,"transportation_state_rnk",0.5878
"29189215400","tract",2019,"transportation_state_rnk",33.8354
"29189215500","tract",2019,"transportation_state_rnk",60.4702
"29189215600","tract",2019,"transportation_state_rnk",70.7935
"29189215700","tract",2019,"transportation_state_rnk",83.1741
"29189215800","tract",2019,"transportation_state_rnk",57.1639
"29189215900","tract",2019,"transportation_state_rnk",86.8479
"29189216000","tract",2019,"transportation_state_rnk",74.7979
"29189216100","tract",2019,"transportation_state_rnk",98.0896
"29189216200","tract",2019,"transportation_state_rnk",78.3248
"29189216300","tract",2019,"transportation_state_rnk",NA
"29189216400","tract",2019,"transportation_state_rnk",79.5371
"29189216500","tract",2019,"transportation_state_rnk",70.9037
"29189216600","tract",2019,"transportation_state_rnk",22.2263
"29189216700","tract",2019,"transportation_state_rnk",67.5974
"29189216800","tract",2019,"transportation_state_rnk",70.6833
"29189216900","tract",2019,"transportation_state_rnk",84.2763
"29189217000","tract",2019,"transportation_state_rnk",87.8031
"29189217200","tract",2019,"transportation_state_rnk",78.3982
"29189217300","tract",2019,"transportation_state_rnk",61.8663
"29189217400","tract",2019,"transportation_state_rnk",47.5753
"29189217500","tract",2019,"transportation_state_rnk",27.2961
"29189217600","tract",2019,"transportation_state_rnk",48.4203
"29189217701","tract",2019,"transportation_state_rnk",49.302
"29189217702","tract",2019,"transportation_state_rnk",31.9985
"29189217802","tract",2019,"transportation_state_rnk",38.2807
"29189217806","tract",2019,"transportation_state_rnk",70.5364
"29189217807","tract",2019,"transportation_state_rnk",50.5143
"29189217841","tract",2019,"transportation_state_rnk",52.3145
"29189217842","tract",2019,"transportation_state_rnk",56.4291
"29189217851","tract",2019,"transportation_state_rnk",45.8119
"29189217852","tract",2019,"transportation_state_rnk",45.9221
"29189217921","tract",2019,"transportation_state_rnk",46.0691
"29189217923","tract",2019,"transportation_state_rnk",46.4732
"29189217931","tract",2019,"transportation_state_rnk",54.8126
"29189217932","tract",2019,"transportation_state_rnk",51.6165
"29189217941","tract",2019,"transportation_state_rnk",42.6892
"29189217942","tract",2019,"transportation_state_rnk",15.6503
"29189217943","tract",2019,"transportation_state_rnk",64.5114
"29189217944","tract",2019,"transportation_state_rnk",41.9177
"29189218003","tract",2019,"transportation_state_rnk",25.1286
"29189218011","tract",2019,"transportation_state_rnk",7.7884
"29189218012","tract",2019,"transportation_state_rnk",3.9309
"29189218102","tract",2019,"transportation_state_rnk",43.7913
"29189218103","tract",2019,"transportation_state_rnk",27.8104
"29189218201","tract",2019,"transportation_state_rnk",56.0617
"29189218300","tract",2019,"transportation_state_rnk",79.2432
"29189218401","tract",2019,"transportation_state_rnk",48.8244
"29189218402","tract",2019,"transportation_state_rnk",50.7348
"29189218500","tract",2019,"transportation_state_rnk",51.3593
"29189218600","tract",2019,"transportation_state_rnk",65.9074
"29189218800","tract",2019,"transportation_state_rnk",51.9838
"29189218900","tract",2019,"transportation_state_rnk",58.1558
"29189219100","tract",2019,"transportation_state_rnk",63.7032
"29189219200","tract",2019,"transportation_state_rnk",83.3211
"29189219300","tract",2019,"transportation_state_rnk",64.291
"29189219400","tract",2019,"transportation_state_rnk",52.2043
"29189219500","tract",2019,"transportation_state_rnk",70.6098
"29189219600","tract",2019,"transportation_state_rnk",71.9324
"29189219700","tract",2019,"transportation_state_rnk",78.0676
"29189219800","tract",2019,"transportation_state_rnk",72.0059
"29189219900","tract",2019,"transportation_state_rnk",60.8744
"29189220001","tract",2019,"transportation_state_rnk",67.23
"29189220002","tract",2019,"transportation_state_rnk",54.1514
"29189220100","tract",2019,"transportation_state_rnk",74.0632
"29189220200","tract",2019,"transportation_state_rnk",78.2513
"29189220300","tract",2019,"transportation_state_rnk",85.2314
"29189220431","tract",2019,"transportation_state_rnk",75.6796
"29189220432","tract",2019,"transportation_state_rnk",34.4967
"29189220441","tract",2019,"transportation_state_rnk",67.083
"29189220442","tract",2019,"transportation_state_rnk",47.2447
"29189220443","tract",2019,"transportation_state_rnk",73.953
"29189220444","tract",2019,"transportation_state_rnk",54.1514
"29189220445","tract",2019,"transportation_state_rnk",44.5261
"29189220446","tract",2019,"transportation_state_rnk",51.0654
"29189220501","tract",2019,"transportation_state_rnk",65.687
"29189220502","tract",2019,"transportation_state_rnk",81.4842
"29189220601","tract",2019,"transportation_state_rnk",49.4857
"29189220602","tract",2019,"transportation_state_rnk",73.255
"29189220701","tract",2019,"transportation_state_rnk",58.4497
"29189220702","tract",2019,"transportation_state_rnk",55.1433
"29189220703","tract",2019,"transportation_state_rnk",45.3343
"29189220801","tract",2019,"transportation_state_rnk",72.9611
"29189220802","tract",2019,"transportation_state_rnk",55.7311
"29189220803","tract",2019,"transportation_state_rnk",42.1014
"29189221000","tract",2019,"transportation_state_rnk",52.8655
"29189221100","tract",2019,"transportation_state_rnk",17.7076
"29189221201","tract",2019,"transportation_state_rnk",26.3042
"29189221202","tract",2019,"transportation_state_rnk",25.2021
"29189221301","tract",2019,"transportation_state_rnk",44.9302
"29189221302","tract",2019,"transportation_state_rnk",75.3123
"29189221332","tract",2019,"transportation_state_rnk",20.8303
"29189221335","tract",2019,"transportation_state_rnk",62.3439
"29189221421","tract",2019,"transportation_state_rnk",48.3101
"29189221422","tract",2019,"transportation_state_rnk",44.7098
"29189221423","tract",2019,"transportation_state_rnk",36.3336
"29189221424","tract",2019,"transportation_state_rnk",54.4085
"29189221502","tract",2019,"transportation_state_rnk",18.2954
"29189221503","tract",2019,"transportation_state_rnk",1.2491
"29189221506","tract",2019,"transportation_state_rnk",7.2006
"29189221621","tract",2019,"transportation_state_rnk",3.4901
"29189221624","tract",2019,"transportation_state_rnk",58.3395
"29189221625","tract",2019,"transportation_state_rnk",57.2373
"29189221626","tract",2019,"transportation_state_rnk",0.8817
"29189221627","tract",2019,"transportation_state_rnk",64.2175
"29189221628","tract",2019,"transportation_state_rnk",12.1969
"29189221629","tract",2019,"transportation_state_rnk",2.7553
"29189221800","tract",2019,"transportation_state_rnk",86.701
"29189221900","tract",2019,"transportation_state_rnk",45.9956
"29189222000","tract",2019,"transportation_state_rnk",63.3358
"29189222100","tract",2019,"transportation_state_rnk",27.1124
"29195090100","tract",2019,"transportation_state_rnk",75.2388
"29195090200","tract",2019,"transportation_state_rnk",7.0536
"29195090300","tract",2019,"transportation_state_rnk",1.396
"29195090400","tract",2019,"transportation_state_rnk",25.6429
"29195090500","tract",2019,"transportation_state_rnk",43.277
"29195090600","tract",2019,"transportation_state_rnk",63.8501
"29195090700","tract",2019,"transportation_state_rnk",44.1587
"29195090800","tract",2019,"transportation_state_rnk",5.1065
"29197470100","tract",2019,"transportation_state_rnk",14.2175
"29197470200","tract",2019,"transportation_state_rnk",18.1117
"29199480100","tract",2019,"transportation_state_rnk",18.1117
"29199480200","tract",2019,"transportation_state_rnk",42.2851
"29201780100","tract",2019,"transportation_state_rnk",31.8148
"29201780200","tract",2019,"transportation_state_rnk",12.6745
"29201780300","tract",2019,"transportation_state_rnk",44.0852
"29201780400","tract",2019,"transportation_state_rnk",19.9486
"29201780600","tract",2019,"transportation_state_rnk",67.8545
"29201780700","tract",2019,"transportation_state_rnk",81.2638
"29201781000","tract",2019,"transportation_state_rnk",16.8626
"29201781100","tract",2019,"transportation_state_rnk",6.4658
"29201781200","tract",2019,"transportation_state_rnk",86.0397
"29201781300","tract",2019,"transportation_state_rnk",69.2138
"29203470100","tract",2019,"transportation_state_rnk",35.709
"29203470200","tract",2019,"transportation_state_rnk",28.986
"29205450100","tract",2019,"transportation_state_rnk",66.532
"29205450200","tract",2019,"transportation_state_rnk",23.1447
"29205450300","tract",2019,"transportation_state_rnk",32.9904
"29207470100","tract",2019,"transportation_state_rnk",37.7663
"29207470200","tract",2019,"transportation_state_rnk",40.6319
"29207470300","tract",2019,"transportation_state_rnk",10.1396
"29207470400","tract",2019,"transportation_state_rnk",9.4048
"29207470500","tract",2019,"transportation_state_rnk",55.8413
"29207470600","tract",2019,"transportation_state_rnk",25.0184
"29207470700","tract",2019,"transportation_state_rnk",36.4805
"29207470800","tract",2019,"transportation_state_rnk",1.3226
"29209090100","tract",2019,"transportation_state_rnk",31.6679
"29209090200","tract",2019,"transportation_state_rnk",38.5011
"29209090400","tract",2019,"transportation_state_rnk",53.8207
"29209090500","tract",2019,"transportation_state_rnk",54.9963
"29209090601","tract",2019,"transportation_state_rnk",34.7906
"29209090602","tract",2019,"transportation_state_rnk",39.9706
"29211480100","tract",2019,"transportation_state_rnk",10.7641
"29211480200","tract",2019,"transportation_state_rnk",17.0463
"29211480300","tract",2019,"transportation_state_rnk",60.2131
"29213480105","tract",2019,"transportation_state_rnk",45.3343
"29213480106","tract",2019,"transportation_state_rnk",39.4195
"29213480201","tract",2019,"transportation_state_rnk",49.4857
"29213480202","tract",2019,"transportation_state_rnk",49.1183
"29213480301","tract",2019,"transportation_state_rnk",36.0764
"29213480302","tract",2019,"transportation_state_rnk",33.6885
"29213480401","tract",2019,"transportation_state_rnk",82.9904
"29213480402","tract",2019,"transportation_state_rnk",14.6216
"29213480501","tract",2019,"transportation_state_rnk",44.4159
"29213480502","tract",2019,"transportation_state_rnk",53.7105
"29215480100","tract",2019,"transportation_state_rnk",43.975
"29215480200","tract",2019,"transportation_state_rnk",21.565
"29215480300","tract",2019,"transportation_state_rnk",48.4938
"29215480400","tract",2019,"transportation_state_rnk",59.662
"29217950100","tract",2019,"transportation_state_rnk",34.9743
"29217950200","tract",2019,"transportation_state_rnk",46.914
"29217950300","tract",2019,"transportation_state_rnk",80.3821
"29217950400","tract",2019,"transportation_state_rnk",89.3828
"29217950500","tract",2019,"transportation_state_rnk",0.8817
"29217950600","tract",2019,"transportation_state_rnk",24.3938
"29219820101","tract",2019,"transportation_state_rnk",17.928
"29219820102","tract",2019,"transportation_state_rnk",26.892
"29219820103","tract",2019,"transportation_state_rnk",15.1359
"29219820201","tract",2019,"transportation_state_rnk",16.4585
"29219820202","tract",2019,"transportation_state_rnk",10.7641
"29221460100","tract",2019,"transportation_state_rnk",56.4291
"29221460200","tract",2019,"transportation_state_rnk",40.8523
"29221460300","tract",2019,"transportation_state_rnk",46.3262
"29221460400","tract",2019,"transportation_state_rnk",12.0132
"29221460500","tract",2019,"transportation_state_rnk",39.1624
"29223690100","tract",2019,"transportation_state_rnk",45.665
"29223690200","tract",2019,"transportation_state_rnk",34.1661
"29223690300","tract",2019,"transportation_state_rnk",68.4791
"29223690400","tract",2019,"transportation_state_rnk",63.3358
"29225470101","tract",2019,"transportation_state_rnk",34.4967
"29225470102","tract",2019,"transportation_state_rnk",25.4592
"29225470201","tract",2019,"transportation_state_rnk",37.8398
"29225470202","tract",2019,"transportation_state_rnk",42.5055
"29225470301","tract",2019,"transportation_state_rnk",16.5687
"29225470302","tract",2019,"transportation_state_rnk",90.7421
"29225470401","tract",2019,"transportation_state_rnk",61.8663
"29225470402","tract",2019,"transportation_state_rnk",26.3042
"29227960100","tract",2019,"transportation_state_rnk",57.421
"29229490100","tract",2019,"transportation_state_rnk",28.986
"29229490200","tract",2019,"transportation_state_rnk",87.1785
"29229490300","tract",2019,"transportation_state_rnk",54.9963
"29229490400","tract",2019,"transportation_state_rnk",21.565
"29510101100","tract",2019,"transportation_state_rnk",21.014
"29510101200","tract",2019,"transportation_state_rnk",68.9199
"29510101300","tract",2019,"transportation_state_rnk",67.4504
"29510101400","tract",2019,"transportation_state_rnk",81.7046
"29510101500","tract",2019,"transportation_state_rnk",93.277
"29510101800","tract",2019,"transportation_state_rnk",96.7671
"29510102100","tract",2019,"transportation_state_rnk",73.5856
"29510102200","tract",2019,"transportation_state_rnk",66.385
"29510102300","tract",2019,"transportation_state_rnk",71.014
"29510102400","tract",2019,"transportation_state_rnk",81.8148
"29510102500","tract",2019,"transportation_state_rnk",74.7979
"29510103100","tract",2019,"transportation_state_rnk",69.9486
"29510103400","tract",2019,"transportation_state_rnk",52.6084
"29510103600","tract",2019,"transportation_state_rnk",68.9934
"29510103700","tract",2019,"transportation_state_rnk",74.7979
"29510103800","tract",2019,"transportation_state_rnk",74.1367
"29510104200","tract",2019,"transportation_state_rnk",70.169
"29510104500","tract",2019,"transportation_state_rnk",83.8722
"29510105198","tract",2019,"transportation_state_rnk",84.6436
"29510105200","tract",2019,"transportation_state_rnk",91.4034
"29510105300","tract",2019,"transportation_state_rnk",94.122
"29510105400","tract",2019,"transportation_state_rnk",92.7259
"29510105500","tract",2019,"transportation_state_rnk",94.2689
"29510106100","tract",2019,"transportation_state_rnk",97.2079
"29510106200","tract",2019,"transportation_state_rnk",99.6326
"29510106300","tract",2019,"transportation_state_rnk",88.5378
"29510106400","tract",2019,"transportation_state_rnk",99.9265
"29510106500","tract",2019,"transportation_state_rnk",99.3387
"29510106600","tract",2019,"transportation_state_rnk",99.2652
"29510106700","tract",2019,"transportation_state_rnk",97.5753
"29510107200","tract",2019,"transportation_state_rnk",98.8979
"29510107300","tract",2019,"transportation_state_rnk",95.8854
"29510107400","tract",2019,"transportation_state_rnk",91.8442
"29510107500","tract",2019,"transportation_state_rnk",98.3101
"29510107600","tract",2019,"transportation_state_rnk",93.6076
"29510108100","tract",2019,"transportation_state_rnk",92.3586
"29510108200","tract",2019,"transportation_state_rnk",93.4607
"29510108300","tract",2019,"transportation_state_rnk",96.914
"29510109600","tract",2019,"transportation_state_rnk",90.1543
"29510109700","tract",2019,"transportation_state_rnk",98.9713
"29510110100","tract",2019,"transportation_state_rnk",97.7223
"29510110200","tract",2019,"transportation_state_rnk",99.1183
"29510110300","tract",2019,"transportation_state_rnk",99.853
"29510110400","tract",2019,"transportation_state_rnk",98.7509
"29510110500","tract",2019,"transportation_state_rnk",100
"29510111100","tract",2019,"transportation_state_rnk",95.4445
"29510111200","tract",2019,"transportation_state_rnk",99.5591
"29510111300","tract",2019,"transportation_state_rnk",99.0448
"29510111400","tract",2019,"transportation_state_rnk",99.7796
"29510111500","tract",2019,"transportation_state_rnk",97.5018
"29510112100","tract",2019,"transportation_state_rnk",89.5665
"29510112200","tract",2019,"transportation_state_rnk",93.5342
"29510112300","tract",2019,"transportation_state_rnk",97.1345
"29510112400","tract",2019,"transportation_state_rnk",97.8692
"29510113500","tract",2019,"transportation_state_rnk",59.8457
"29510114101","tract",2019,"transportation_state_rnk",95.7384
"29510114102","tract",2019,"transportation_state_rnk",58.266
"29510114200","tract",2019,"transportation_state_rnk",82.5129
"29510114300","tract",2019,"transportation_state_rnk",69.8751
"29510115100","tract",2019,"transportation_state_rnk",91.183
"29510115200","tract",2019,"transportation_state_rnk",96.8406
"29510115300","tract",2019,"transportation_state_rnk",80.529
"29510115400","tract",2019,"transportation_state_rnk",97.061
"29510115500","tract",2019,"transportation_state_rnk",93.9015
"29510115600","tract",2019,"transportation_state_rnk",95.9589
"29510115700","tract",2019,"transportation_state_rnk",93.1668
"29510116100","tract",2019,"transportation_state_rnk",75.1653
"29510116200","tract",2019,"transportation_state_rnk",78.8391
"29510116301","tract",2019,"transportation_state_rnk",85.158
"29510116302","tract",2019,"transportation_state_rnk",97.6488
"29510116400","tract",2019,"transportation_state_rnk",98.4203
"29510116500","tract",2019,"transportation_state_rnk",83.8722
"29510117100","tract",2019,"transportation_state_rnk",78.6187
"29510117200","tract",2019,"transportation_state_rnk",70.022
"29510117400","tract",2019,"transportation_state_rnk",78.986
"29510118100","tract",2019,"transportation_state_rnk",89.9706
"29510118400","tract",2019,"transportation_state_rnk",NA
"29510118600","tract",2019,"transportation_state_rnk",97.3916
"29510119101","tract",2019,"transportation_state_rnk",96.6936
"29510119102","tract",2019,"transportation_state_rnk",95.518
"29510119200","tract",2019,"transportation_state_rnk",95.2976
"29510119300","tract",2019,"transportation_state_rnk",NA
"29510120200","tract",2019,"transportation_state_rnk",98.8244
"29510121100","tract",2019,"transportation_state_rnk",99.4857
"29510121200","tract",2019,"transportation_state_rnk",93.277
"29510123100","tract",2019,"transportation_state_rnk",89.0522
"29510123200","tract",2019,"transportation_state_rnk",84.0558
"29510123300","tract",2019,"transportation_state_rnk",75.9368
"29510124100","tract",2019,"transportation_state_rnk",96.6201
"29510124200","tract",2019,"transportation_state_rnk",98.5305
"29510124300","tract",2019,"transportation_state_rnk",77.0022
"29510124600","tract",2019,"transportation_state_rnk",99.4122
"29510125500","tract",2019,"transportation_state_rnk",91.9912
"29510125600","tract",2019,"transportation_state_rnk",95.2241
"29510125700","tract",2019,"transportation_state_rnk",98.604
"29510126600","tract",2019,"transportation_state_rnk",97.3916
"29510126700","tract",2019,"transportation_state_rnk",88.6848
"29510126800","tract",2019,"transportation_state_rnk",33.4313
"29510126900","tract",2019,"transportation_state_rnk",96.3997
"29510127000","tract",2019,"transportation_state_rnk",99.7061
"29510127100","tract",2019,"transportation_state_rnk",97.7957
"29510127200","tract",2019,"transportation_state_rnk",75.9368
"29510127300","tract",2019,"transportation_state_rnk",88.2439
"29510127400","tract",2019,"transportation_state_rnk",66.2013
"29510127500","tract",2019,"transportation_state_rnk",96.5467
"29510127600","tract",2019,"transportation_state_rnk",72.7774
